system,base,k,held_out,map_o,map_d,scale_o,scale_d,o0,d0,o1,d1,o2,o3,o4,d2,d3,d4
mspi_linear,mspi,2,1998,linear,linear,1.2681,1.40715,1.02853,1.00599,,,,,,,,
mspi_linear,mspi,2,1999,linear,linear,1.2681,1.40715,1.0338,1.00422,,,,,,,,
mspi_linear,mspi,2,2000,linear,linear,1.2681,1.40715,1.03449,1.00729,,,,,,,,
mspi_linear,mspi,2,2001,linear,linear,1.2681,1.40715,1.02866,1.00587,,,,,,,,
mspi_linear,mspi,2,2002,linear,linear,1.2681,1.40715,1.0302,1.01058,,,,,,,,
mspi_linear,mspi,2,2003,linear,linear,1.2681,1.40715,1.03229,1.01135,,,,,,,,
mspi_linear,mspi,2,2004,linear,linear,1.2681,1.40715,1.03079,0.99845,,,,,,,,
mspi_linear,mspi,2,2005,linear,linear,1.2681,1.40715,1.02858,1.00462,,,,,,,,
mspi_linear,mspi,2,2006,linear,linear,1.2681,1.40715,1.02918,0.99845,,,,,,,,
mspi_linear,mspi,2,2007,linear,linear,1.2681,1.40715,1.03612,1.00077,,,,,,,,
mspi_linear,mspi,2,2008,linear,linear,1.2681,1.40715,1.02282,1.00063,,,,,,,,
mspi_linear,mspi,2,2009,linear,linear,1.2681,1.40715,1.04105,1.00195,,,,,,,,
mspi_linear,mspi,2,2010,linear,linear,1.2681,1.40715,1.03341,1.00539,,,,,,,,
mspi_linear,mspi,2,2011,linear,linear,1.2681,1.40715,1.03472,1.00144,,,,,,,,
mspi_linear,mspi,2,2012,linear,linear,1.2681,1.40715,1.03452,1.00433,,,,,,,,
mspi_linear,mspi,2,2013,linear,linear,1.2681,1.40715,1.03039,1.00478,,,,,,,,
mspi_linear,mspi,2,2014,linear,linear,1.2681,1.40715,1.03919,1.014,,,,,,,,
mspi_linear,mspi,2,2015,linear,linear,1.2681,1.40715,1.02458,1.01409,,,,,,,,
mspi_linear,mspi,2,2016,linear,linear,1.2681,1.40715,1.03888,1.00575,,,,,,,,
mspi_linear,mspi,2,2017,linear,linear,1.2681,1.40715,1.02744,1.00816,,,,,,,,
mspi_linear,mspi,2,2018,linear,linear,1.2681,1.40715,1.03384,1.0065,,,,,,,,
mspi_linear,mspi,2,2019,linear,linear,1.2681,1.40715,1.03524,1.00206,,,,,,,,
mspi_linear,mspi,2,2020,linear,linear,1.2681,1.40715,1.03445,0.99571,,,,,,,,
mspi_linear,mspi,2,2021,linear,linear,1.2681,1.40715,1.0191,1.00659,,,,,,,,
mspi_linear,mspi,2,2022,linear,linear,1.2681,1.40715,1.03559,0.99717,,,,,,,,
mspi_linear,mspi,2,2023,linear,linear,1.2681,1.40715,1.03401,1.00368,,,,,,,,
mspi_linear,mspi,2,2024,linear,linear,1.2681,1.40715,1.02638,0.99957,,,,,,,,
mspi_linear,mspi,2,2025,linear,linear,1.2681,1.40715,1.02615,1.0066,,,,,,,,
mspi_linear,mspi,2,-1,linear,linear,1.2681,1.40715,1.03158,1.00449,,,,,,,,
mspi_poly2,mspi,2,1998,poly2,poly2,1.2681,1.40715,0.9987,0.99287,0.03409,-0.02469,,,,,,
mspi_poly2,mspi,2,1999,poly2,poly2,1.2681,1.40715,0.99541,0.99154,0.04307,-0.02438,,,,,,
mspi_poly2,mspi,2,2000,poly2,poly2,1.2681,1.40715,0.9991,0.99216,0.03989,-0.02927,,,,,,
mspi_poly2,mspi,2,2001,poly2,poly2,1.2681,1.40715,0.99733,0.99459,0.03499,-0.02158,,,,,,
mspi_poly2,mspi,2,2002,poly2,poly2,1.2681,1.40715,0.99646,0.99706,0.03854,-0.02611,,,,,,
mspi_poly2,mspi,2,2003,poly2,poly2,1.2681,1.40715,0.99941,0.99783,0.03689,-0.02603,,,,,,
mspi_poly2,mspi,2,2004,poly2,poly2,1.2681,1.40715,0.99795,0.98861,0.0376,-0.01868,,,,,,
mspi_poly2,mspi,2,2005,poly2,poly2,1.2681,1.40715,0.99986,0.99456,0.03241,-0.01953,,,,,,
mspi_poly2,mspi,2,2006,poly2,poly2,1.2681,1.40715,0.99778,0.9873,0.03568,-0.0223,,,,,,
mspi_poly2,mspi,2,2007,poly2,poly2,1.2681,1.40715,1.00661,0.99051,0.03329,-0.01932,,,,,,
mspi_poly2,mspi,2,2008,poly2,poly2,1.2681,1.40715,0.97936,0.98918,0.04885,-0.02227,,,,,,
mspi_poly2,mspi,2,2009,poly2,poly2,1.2681,1.40715,1.00429,0.98903,0.04127,-0.02409,,,,,,
mspi_poly2,mspi,2,2010,poly2,poly2,1.2681,1.40715,0.99873,0.99198,0.03899,-0.02623,,,,,,
mspi_poly2,mspi,2,2011,poly2,poly2,1.2681,1.40715,0.99343,0.99079,0.0463,-0.02011,,,,,,
mspi_poly2,mspi,2,2012,poly2,poly2,1.2681,1.40715,0.99617,0.9921,0.04287,-0.02354,,,,,,
mspi_poly2,mspi,2,2013,poly2,poly2,1.2681,1.40715,0.99953,0.99529,0.03458,-0.01816,,,,,,
mspi_poly2,mspi,2,2014,poly2,poly2,1.2681,1.40715,1.00191,1.00227,0.04242,-0.02261,,,,,,
mspi_poly2,mspi,2,2015,poly2,poly2,1.2681,1.40715,0.98442,1.00073,0.04564,-0.0255,,,,,,
mspi_poly2,mspi,2,2016,poly2,poly2,1.2681,1.40715,1.0112,0.99269,0.03193,-0.02499,,,,,,
mspi_poly2,mspi,2,2017,poly2,poly2,1.2681,1.40715,0.99195,0.99639,0.0411,-0.02222,,,,,,
mspi_poly2,mspi,2,2018,poly2,poly2,1.2681,1.40715,0.99889,0.9953,0.0394,-0.02129,,,,,,
mspi_poly2,mspi,2,2019,poly2,poly2,1.2681,1.40715,1.00322,0.98736,0.03621,-0.02806,,,,,,
mspi_poly2,mspi,2,2020,poly2,poly2,1.2681,1.40715,1.00064,0.98099,0.03828,-0.02806,,,,,,
mspi_poly2,mspi,2,2021,poly2,poly2,1.2681,1.40715,0.98494,0.99475,0.03812,-0.02252,,,,,,
mspi_poly2,mspi,2,2022,poly2,poly2,1.2681,1.40715,0.99779,0.98378,0.04261,-0.02545,,,,,,
mspi_poly2,mspi,2,2023,poly2,poly2,1.2681,1.40715,0.99932,0.99232,0.03858,-0.02136,,,,,,
mspi_poly2,mspi,2,2024,poly2,poly2,1.2681,1.40715,0.98887,0.98578,0.04253,-0.02607,,,,,,
mspi_poly2,mspi,2,2025,poly2,poly2,1.2681,1.40715,0.992,0.99315,0.0387,-0.02564,,,,,,
mspi_poly2,mspi,2,-1,poly2,poly2,1.2681,1.40715,0.99697,0.99216,0.0391,-0.02357,,,,,,
mspi_hinge,mspi,2,1998,hinge,hinge,1.2681,1.40715,1.08779,0.88542,0.935,1.09861,,,,,,
mspi_hinge,mspi,2,1999,hinge,hinge,1.2681,1.40715,1.12212,0.88517,0.89185,1.09629,,,,,,
mspi_hinge,mspi,2,2000,hinge,hinge,1.2681,1.40715,1.11111,0.87343,0.91192,1.11079,,,,,,
mspi_hinge,mspi,2,2001,hinge,hinge,1.2681,1.40715,1.09294,0.89472,0.92575,1.09168,,,,,,
mspi_hinge,mspi,2,2002,hinge,hinge,1.2681,1.40715,1.10476,0.8782,0.91207,1.11314,,,,,,
mspi_hinge,mspi,2,2003,hinge,hinge,1.2681,1.40715,1.10496,0.88914,0.91594,1.10584,,,,,,
mspi_hinge,mspi,2,2004,hinge,hinge,1.2681,1.40715,1.10265,0.89647,0.91671,1.07693,,,,,,
mspi_hinge,mspi,2,2005,hinge,hinge,1.2681,1.40715,1.0867,0.90519,0.93597,1.08163,,,,,,
mspi_hinge,mspi,2,2006,hinge,hinge,1.2681,1.40715,1.09846,0.89134,0.91879,1.08194,,,,,,
mspi_hinge,mspi,2,2007,hinge,hinge,1.2681,1.40715,1.09514,0.90373,0.94192,1.07539,,,,,,
mspi_hinge,mspi,2,2008,hinge,hinge,1.2681,1.40715,1.12715,0.88894,0.85508,1.08732,,,,,,
mspi_hinge,mspi,2,2009,hinge,hinge,1.2681,1.40715,1.13117,0.88131,0.89619,1.09441,,,,,,
mspi_hinge,mspi,2,2010,hinge,hinge,1.2681,1.40715,1.11189,0.87753,0.90782,1.10489,,,,,,
mspi_hinge,mspi,2,2011,hinge,hinge,1.2681,1.40715,1.13176,0.89417,0.87859,1.08413,,,,,,
mspi_hinge,mspi,2,2012,hinge,hinge,1.2681,1.40715,1.12247,0.88798,0.89286,1.09444,,,,,,
mspi_hinge,mspi,2,2013,hinge,hinge,1.2681,1.40715,1.09623,0.90878,0.92487,1.07904,,,,,,
mspi_hinge,mspi,2,2014,hinge,hinge,1.2681,1.40715,1.12489,0.90283,0.90232,1.10018,,,,,,
mspi_hinge,mspi,2,2015,hinge,hinge,1.2681,1.40715,1.11957,0.88882,0.87276,1.11089,,,,,,
mspi_hinge,mspi,2,2016,hinge,hinge,1.2681,1.40715,1.10609,0.88287,0.93236,1.10062,,,,,,
mspi_hinge,mspi,2,2017,hinge,hinge,1.2681,1.40715,1.10503,0.89397,0.90456,1.096,,,,,,
mspi_hinge,mspi,2,2018,hinge,hinge,1.2681,1.40715,1.11458,0.89842,0.90415,1.0899,,,,,,
mspi_hinge,mspi,2,2019,hinge,hinge,1.2681,1.40715,1.10037,0.86649,0.93178,1.10677,,,,,,
mspi_hinge,mspi,2,2020,hinge,hinge,1.2681,1.40715,1.11272,0.8656,0.90954,1.09619,,,,,,
mspi_hinge,mspi,2,2021,hinge,hinge,1.2681,1.40715,1.09262,0.89453,0.90081,1.09303,,,,,,
mspi_hinge,mspi,2,2022,hinge,hinge,1.2681,1.40715,1.12293,0.87568,0.89556,1.09094,,,,,,
mspi_hinge,mspi,2,2023,hinge,hinge,1.2681,1.40715,1.10975,0.89685,0.91179,1.08589,,,,,,
mspi_hinge,mspi,2,2024,hinge,hinge,1.2681,1.40715,1.11355,0.87932,0.88704,1.09229,,,,,,
mspi_hinge,mspi,2,2025,hinge,hinge,1.2681,1.40715,1.10499,0.88434,0.90021,1.10091,,,,,,
mspi_hinge,mspi,2,-1,hinge,hinge,1.2681,1.40715,1.10909,0.88826,0.90764,1.09426,,,,,,
mspi_linear+unseen,mspi,2,1998,linear+unseen,linear+unseen,1.2681,1.40715,0.99201,0.98793,-3.94478,2.8478,,,,,,
mspi_linear+unseen,mspi,2,1999,linear+unseen,linear+unseen,1.2681,1.40715,0.9972,0.98529,-3.87483,2.94276,,,,,,
mspi_linear+unseen,mspi,2,2000,linear+unseen,linear+unseen,1.2681,1.40715,0.99832,0.98897,-3.88449,2.94209,,,,,,
mspi_linear+unseen,mspi,2,2001,linear+unseen,linear+unseen,1.2681,1.40715,0.99303,0.98915,-3.98355,2.80998,,,,,,
mspi_linear+unseen,mspi,2,2002,linear+unseen,linear+unseen,1.2681,1.40715,0.99406,0.99169,-3.80669,2.91432,,,,,,
mspi_linear+unseen,mspi,2,2003,linear+unseen,linear+unseen,1.2681,1.40715,0.99998,0.99101,-3.76595,3.30144,,,,,,
mspi_linear+unseen,mspi,2,2004,linear+unseen,linear+unseen,1.2681,1.40715,0.99226,0.98015,-4.07473,3.00434,,,,,,
mspi_linear+unseen,mspi,2,2005,linear+unseen,linear+unseen,1.2681,1.40715,0.99326,0.9856,-3.80501,2.97272,,,,,,
mspi_linear+unseen,mspi,2,2006,linear+unseen,linear+unseen,1.2681,1.40715,0.99363,0.97896,-3.81924,2.9836,,,,,,
mspi_linear+unseen,mspi,2,2007,linear+unseen,linear+unseen,1.2681,1.40715,0.9985,0.9833,-4.15784,2.95435,,,,,,
mspi_linear+unseen,mspi,2,2008,linear+unseen,linear+unseen,1.2681,1.40715,0.98693,0.98235,-3.97729,2.98786,,,,,,
mspi_linear+unseen,mspi,2,2009,linear+unseen,linear+unseen,1.2681,1.40715,1.00531,0.98384,-3.7599,2.89583,,,,,,
mspi_linear+unseen,mspi,2,2010,linear+unseen,linear+unseen,1.2681,1.40715,0.99449,0.98832,-4.08369,2.87629,,,,,,
mspi_linear+unseen,mspi,2,2011,linear+unseen,linear+unseen,1.2681,1.40715,0.99658,0.98274,-3.9467,2.88093,,,,,,
mspi_linear+unseen,mspi,2,2012,linear+unseen,linear+unseen,1.2681,1.40715,0.99829,0.98521,-3.8764,2.9805,,,,,,
mspi_linear+unseen,mspi,2,2013,linear+unseen,linear+unseen,1.2681,1.40715,0.99272,0.98632,-4.00247,2.95229,,,,,,
mspi_linear+unseen,mspi,2,2014,linear+unseen,linear+unseen,1.2681,1.40715,1.00235,0.99545,-3.8635,2.91634,,,,,,
mspi_linear+unseen,mspi,2,2015,linear+unseen,linear+unseen,1.2681,1.40715,0.98823,0.99427,-3.91904,3.00767,,,,,,
mspi_linear+unseen,mspi,2,2016,linear+unseen,linear+unseen,1.2681,1.40715,1.00154,0.98772,-3.93186,2.80016,,,,,,
mspi_linear+unseen,mspi,2,2017,linear+unseen,linear+unseen,1.2681,1.40715,0.99154,0.9894,-3.88437,2.91818,,,,,,
mspi_linear+unseen,mspi,2,2018,linear+unseen,linear+unseen,1.2681,1.40715,0.9998,0.98678,-3.87708,3.0753,,,,,,
mspi_linear+unseen,mspi,2,2019,linear+unseen,linear+unseen,1.2681,1.40715,0.99829,0.98445,-3.98823,2.81878,,,,,,
mspi_linear+unseen,mspi,2,2020,linear+unseen,linear+unseen,1.2681,1.40715,0.99867,0.9774,-3.85727,2.91806,,,,,,
mspi_linear+unseen,mspi,2,2021,linear+unseen,linear+unseen,1.2681,1.40715,0.98365,0.98841,-3.87016,2.85021,,,,,,
mspi_linear+unseen,mspi,2,2022,linear+unseen,linear+unseen,1.2681,1.40715,0.99627,0.9809,-4.17183,2.63296,,,,,,
mspi_linear+unseen,mspi,2,2023,linear+unseen,linear+unseen,1.2681,1.40715,0.99635,0.98435,-3.9711,2.942,,,,,,
mspi_linear+unseen,mspi,2,2024,linear+unseen,linear+unseen,1.2681,1.40715,0.99231,0.98255,-3.70694,2.81757,,,,,,
mspi_linear+unseen,mspi,2,2025,linear+unseen,linear+unseen,1.2681,1.40715,0.99123,0.98915,-3.75772,2.75329,,,,,,
mspi_linear+unseen,mspi,2,-1,linear+unseen,linear+unseen,1.2681,1.40715,0.99524,0.98612,-3.91226,2.9171,,,,,,
mspi_linear+bins,mspi,2,1998,linear+bins,linear+bins,1.2681,1.40715,0.9213,0.93629,-3.95961,2.44233,-1.00148,-0.95416,-0.35924,2.17935,1.04678,0.32473
mspi_linear+bins,mspi,2,1999,linear+bins,linear+bins,1.2681,1.40715,0.92496,0.93341,-3.90065,2.562,-1.03283,-0.91284,-0.36702,2.0541,1.07865,0.30869
mspi_linear+bins,mspi,2,2000,linear+bins,linear+bins,1.2681,1.40715,0.9228,0.93563,-3.90464,2.54833,-1.08011,-0.8831,-0.39576,2.10086,1.03652,0.33151
mspi_linear+bins,mspi,2,2001,linear+bins,linear+bins,1.2681,1.40715,0.92551,0.93649,-4.00561,2.37547,-0.9149,-0.88784,-0.34919,2.15393,1.06757,0.29539
mspi_linear+bins,mspi,2,2002,linear+bins,linear+bins,1.2681,1.40715,0.92137,0.93827,-3.83461,2.514,-0.94391,-0.92186,-0.38372,2.11708,1.08215,0.30789
mspi_linear+bins,mspi,2,2003,linear+bins,linear+bins,1.2681,1.40715,0.93588,0.93746,-3.77985,2.87145,-1.02245,-0.81612,-0.32193,2.03906,1.0357,0.35426
mspi_linear+bins,mspi,2,2004,linear+bins,linear+bins,1.2681,1.40715,0.9207,0.92928,-4.0965,2.59511,-0.97442,-0.91527,-0.36331,2.17438,1.04574,0.28667
mspi_linear+bins,mspi,2,2005,linear+bins,linear+bins,1.2681,1.40715,0.92333,0.93349,-3.83233,2.60514,-0.98877,-0.87956,-0.36614,1.9844,1.05944,0.28936
mspi_linear+bins,mspi,2,2006,linear+bins,linear+bins,1.2681,1.40715,0.9213,0.92758,-3.83782,2.58795,-1.01065,-0.91596,-0.37809,2.07659,1.07442,0.31591
mspi_linear+bins,mspi,2,2007,linear+bins,linear+bins,1.2681,1.40715,0.9314,0.93217,-4.16416,2.51957,-0.96222,-0.89701,-0.33163,2.08869,1.04456,0.30096
mspi_linear+bins,mspi,2,2008,linear+bins,linear+bins,1.2681,1.40715,0.91515,0.93104,-3.99356,2.58706,-1.02362,-0.90848,-0.36304,2.12035,1.03008,0.29035
mspi_linear+bins,mspi,2,2009,linear+bins,linear+bins,1.2681,1.40715,0.93563,0.92982,-3.79574,2.46203,-0.91411,-0.86839,-0.38161,2.23463,1.06835,0.30622
mspi_linear+bins,mspi,2,2010,linear+bins,linear+bins,1.2681,1.40715,0.92315,0.93676,-4.10018,2.47643,-1.06093,-0.92951,-0.3447,2.11741,1.05911,0.28959
mspi_linear+bins,mspi,2,2011,linear+bins,linear+bins,1.2681,1.40715,0.92431,0.93441,-3.96104,2.48519,-0.97292,-0.90166,-0.38503,2.02383,1.08214,0.26635
mspi_linear+bins,mspi,2,2012,linear+bins,linear+bins,1.2681,1.40715,0.93162,0.93351,-3.90485,2.57899,-1.00582,-0.82414,-0.3515,2.11891,1.03263,0.32596
mspi_linear+bins,mspi,2,2013,linear+bins,linear+bins,1.2681,1.40715,0.91719,0.93578,-4.00889,2.52076,-1.04438,-0.9285,-0.40192,2.11133,1.16121,0.26629
mspi_linear+bins,mspi,2,2014,linear+bins,linear+bins,1.2681,1.40715,0.93026,0.94612,-3.8852,2.53657,-0.95276,-0.89845,-0.3722,1.95502,1.05719,0.28579
mspi_linear+bins,mspi,2,2015,linear+bins,linear+bins,1.2681,1.40715,0.92081,0.94389,-3.94196,2.62569,-0.95279,-0.90912,-0.3326,2.05594,1.04163,0.30245
mspi_linear+bins,mspi,2,2016,linear+bins,linear+bins,1.2681,1.40715,0.92987,0.93822,-3.94441,2.41584,-0.91832,-0.98114,-0.34718,2.06328,1.03566,0.28745
mspi_linear+bins,mspi,2,2017,linear+bins,linear+bins,1.2681,1.40715,0.92031,0.93563,-3.91362,2.52134,-1.03057,-0.91412,-0.35707,2.12728,1.09808,0.32766
mspi_linear+bins,mspi,2,2018,linear+bins,linear+bins,1.2681,1.40715,0.92747,0.93481,-3.91578,2.71011,-1.22324,-0.91844,-0.34541,2.24493,1.12896,0.28686
mspi_linear+bins,mspi,2,2019,linear+bins,linear+bins,1.2681,1.40715,0.92594,0.93266,-3.99871,2.42713,-0.93199,-1.00641,-0.3594,2.09086,1.07996,0.313
mspi_linear+bins,mspi,2,2020,linear+bins,linear+bins,1.2681,1.40715,0.92265,0.92721,-3.88819,2.54224,-1.05722,-0.96068,-0.39641,2.05407,1.14352,0.29227
mspi_linear+bins,mspi,2,2021,linear+bins,linear+bins,1.2681,1.40715,0.9134,0.93803,-3.87345,2.46071,-0.98759,-0.93252,-0.3596,2.02873,1.08437,0.29634
mspi_linear+bins,mspi,2,2022,linear+bins,linear+bins,1.2681,1.40715,0.92807,0.93337,-4.17345,2.29831,-0.98303,-0.97625,-0.29855,1.89285,1.04111,0.28648
mspi_linear+bins,mspi,2,2023,linear+bins,linear+bins,1.2681,1.40715,0.92705,0.93417,-3.99688,2.55408,-1.00732,-0.89083,-0.36128,2.13045,1.05495,0.30512
mspi_linear+bins,mspi,2,2024,linear+bins,linear+bins,1.2681,1.40715,0.92961,0.93105,-3.74063,2.39981,-0.93359,-0.82909,-0.33251,2.08863,1.10076,0.30932
mspi_linear+bins,mspi,2,2025,linear+bins,linear+bins,1.2681,1.40715,0.92357,0.93842,-3.77957,2.41568,-1.0219,-0.92677,-0.33425,2.16884,1.01668,0.3016
mspi_linear+bins,mspi,2,-1,linear+bins,linear+bins,1.2681,1.40715,0.9248,0.93482,-3.93244,2.52216,-0.99793,-0.91028,-0.35871,2.09288,1.06736,0.30198
mspi_linear+log,mspi,2,1998,linear+log,linear+log,1.2681,1.40715,0.85673,0.92199,0.74342,-0.63112,,,,,,
mspi_linear+log,mspi,2,1999,linear+log,linear+log,1.2681,1.40715,0.85992,0.91989,0.74945,-0.63207,,,,,,
mspi_linear+log,mspi,2,2000,linear+log,linear+log,1.2681,1.40715,0.85992,0.92172,0.74666,-0.63472,,,,,,
mspi_linear+log,mspi,2,2001,linear+log,linear+log,1.2681,1.40715,0.85882,0.92278,0.73789,-0.62131,,,,,,
mspi_linear+log,mspi,2,2002,linear+log,linear+log,1.2681,1.40715,0.86028,0.92301,0.7352,-0.65034,,,,,,
mspi_linear+log,mspi,2,2003,linear+log,linear+log,1.2681,1.40715,0.87222,0.92352,0.69792,-0.65007,,,,,,
mspi_linear+log,mspi,2,2004,linear+log,linear+log,1.2681,1.40715,0.85242,0.91234,0.76822,-0.6397,,,,,,
mspi_linear+log,mspi,2,2005,linear+log,linear+log,1.2681,1.40715,0.86287,0.91855,0.72546,-0.625,,,,,,
mspi_linear+log,mspi,2,2006,linear+log,linear+log,1.2681,1.40715,0.8582,0.91229,0.74669,-0.64919,,,,,,
mspi_linear+log,mspi,2,2007,linear+log,linear+log,1.2681,1.40715,0.86409,0.91781,0.74472,-0.6226,,,,,,
mspi_linear+log,mspi,2,2008,linear+log,linear+log,1.2681,1.40715,0.852,0.9158,0.74134,-0.62891,,,,,,
mspi_linear+log,mspi,2,2009,linear+log,linear+log,1.2681,1.40715,0.8703,0.91609,0.73582,-0.63717,,,,,,
mspi_linear+log,mspi,2,2010,linear+log,linear+log,1.2681,1.40715,0.85476,0.92194,0.76964,-0.62679,,,,,,
mspi_linear+log,mspi,2,2011,linear+log,linear+log,1.2681,1.40715,0.85948,0.92065,0.75273,-0.61501,,,,,,
mspi_linear+log,mspi,2,2012,linear+log,linear+log,1.2681,1.40715,0.86528,0.92099,0.7319,-0.63229,,,,,,
mspi_linear+log,mspi,2,2013,linear+log,linear+log,1.2681,1.40715,0.84782,0.92099,0.77856,-0.62907,,,,,,
mspi_linear+log,mspi,2,2014,linear+log,linear+log,1.2681,1.40715,0.86407,0.93263,0.74799,-0.60853,,,,,,
mspi_linear+log,mspi,2,2015,linear+log,linear+log,1.2681,1.40715,0.85397,0.9314,0.73935,-0.61615,,,,,,
mspi_linear+log,mspi,2,2016,linear+log,linear+log,1.2681,1.40715,0.864,0.92589,0.75043,-0.60637,,,,,,
mspi_linear+log,mspi,2,2017,linear+log,linear+log,1.2681,1.40715,0.85089,0.92126,0.76202,-0.64898,,,,,,
mspi_linear+log,mspi,2,2018,linear+log,linear+log,1.2681,1.40715,0.86017,0.91953,0.76083,-0.65862,,,,,,
mspi_linear+log,mspi,2,2019,linear+log,linear+log,1.2681,1.40715,0.85781,0.92108,0.76663,-0.62091,,,,,,
mspi_linear+log,mspi,2,2020,linear+log,linear+log,1.2681,1.40715,0.85839,0.91327,0.76604,-0.63124,,,,,,
mspi_linear+log,mspi,2,2021,linear+log,linear+log,1.2681,1.40715,0.84806,0.92445,0.74644,-0.61615,,,,,,
mspi_linear+log,mspi,2,2022,linear+log,linear+log,1.2681,1.40715,0.86338,0.92195,0.74085,-0.57707,,,,,,
mspi_linear+log,mspi,2,2023,linear+log,linear+log,1.2681,1.40715,0.86089,0.92151,0.7557,-0.62901,,,,,,
mspi_linear+log,mspi,2,2024,linear+log,linear+log,1.2681,1.40715,0.86394,0.91775,0.71494,-0.62756,,,,,,
mspi_linear+log,mspi,2,2025,linear+log,linear+log,1.2681,1.40715,0.85685,0.92475,0.7447,-0.6245,,,,,,
mspi_linear+log,mspi,2,-1,linear+log,linear+log,1.2681,1.40715,0.85918,0.92092,0.74654,-0.62825,,,,,,
mspi_linear+log2,mspi,2,1998,linear+log2,linear+log2,1.2681,1.40715,0.89537,0.93921,1.97295,-2.7593,-0.42069,,,0.70194,,
mspi_linear+log2,mspi,2,1999,linear+log2,linear+log2,1.2681,1.40715,0.89425,0.93619,1.89149,-2.74354,-0.3896,,,0.69653,,
mspi_linear+log2,mspi,2,2000,linear+log2,linear+log2,1.2681,1.40715,0.89725,0.9382,1.94239,-2.72249,-0.40827,,,0.68759,,
mspi_linear+log2,mspi,2,2001,linear+log2,linear+log2,1.2681,1.40715,0.89113,0.93993,1.8304,-2.77121,-0.37194,,,0.70935,,
mspi_linear+log2,mspi,2,2002,linear+log2,linear+log2,1.2681,1.40715,0.8953,0.93749,1.88832,-2.65051,-0.39503,,,0.66104,,
mspi_linear+log2,mspi,2,2003,linear+log2,linear+log2,1.2681,1.40715,0.90719,0.94073,1.83046,-2.80065,-0.38591,,,0.70839,,
mspi_linear+log2,mspi,2,2004,linear+log2,linear+log2,1.2681,1.40715,0.88591,0.9319,1.91772,-2.79678,-0.39211,,,0.71349,,
mspi_linear+log2,mspi,2,2005,linear+log2,linear+log2,1.2681,1.40715,0.89858,0.93661,1.90198,-2.72397,-0.40271,,,0.69471,,
mspi_linear+log2,mspi,2,2006,linear+log2,linear+log2,1.2681,1.40715,0.89491,0.92875,1.93407,-2.67371,-0.40752,,,0.67007,,
mspi_linear+log2,mspi,2,2007,linear+log2,linear+log2,1.2681,1.40715,0.89963,0.93535,1.92262,-2.70928,-0.40196,,,0.6885,,
mspi_linear+log2,mspi,2,2008,linear+log2,linear+log2,1.2681,1.40715,0.88916,0.93207,1.97201,-2.72406,-0.42022,,,0.69105,,
mspi_linear+log2,mspi,2,2009,linear+log2,linear+log2,1.2681,1.40715,0.90014,0.93333,1.74153,-2.80408,-0.34278,,,0.71631,,
mspi_linear+log2,mspi,2,2010,linear+log2,linear+log2,1.2681,1.40715,0.88971,0.9394,1.94993,-2.75911,-0.40327,,,0.70505,,
mspi_linear+log2,mspi,2,2011,linear+log2,linear+log2,1.2681,1.40715,0.89422,0.93622,1.88454,-2.70927,-0.38681,,,0.69144,,
mspi_linear+log2,mspi,2,2012,linear+log2,linear+log2,1.2681,1.40715,0.89932,0.93706,1.84931,-2.77261,-0.38175,,,0.7065,,
mspi_linear+log2,mspi,2,2013,linear+log2,linear+log2,1.2681,1.40715,0.88418,0.93922,1.95191,-2.82202,-0.40089,,,0.72382,,
mspi_linear+log2,mspi,2,2014,linear+log2,linear+log2,1.2681,1.40715,0.89766,0.94916,1.83264,-2.68163,-0.37077,,,0.68486,,
mspi_linear+log2,mspi,2,2015,linear+log2,linear+log2,1.2681,1.40715,0.88742,0.94872,1.89408,-2.80477,-0.39327,,,0.72258,,
mspi_linear+log2,mspi,2,2016,linear+log2,linear+log2,1.2681,1.40715,0.90066,0.94152,1.93143,-2.67457,-0.40504,,,0.68411,,
mspi_linear+log2,mspi,2,2017,linear+log2,linear+log2,1.2681,1.40715,0.88433,0.93726,1.86682,-2.7132,-0.377,,,0.68095,,
mspi_linear+log2,mspi,2,2018,linear+log2,linear+log2,1.2681,1.40715,0.89769,0.93564,2.03869,-2.90258,-0.43435,,,0.73777,,
mspi_linear+log2,mspi,2,2019,linear+log2,linear+log2,1.2681,1.40715,0.89462,0.93694,1.92909,-2.72396,-0.39857,,,0.69444,,
mspi_linear+log2,mspi,2,2020,linear+log2,linear+log2,1.2681,1.40715,0.89223,0.92975,1.91609,-2.76583,-0.39141,,,0.70303,,
mspi_linear+log2,mspi,2,2021,linear+log2,linear+log2,1.2681,1.40715,0.88068,0.94077,1.82012,-2.68521,-0.36602,,,0.6818,,
mspi_linear+log2,mspi,2,2022,linear+log2,linear+log2,1.2681,1.40715,0.90416,0.93587,2.10438,-2.52223,-0.46448,,,0.63762,,
mspi_linear+log2,mspi,2,2023,linear+log2,linear+log2,1.2681,1.40715,0.89462,0.93747,1.88707,-2.77404,-0.38593,,,0.70775,,
mspi_linear+log2,mspi,2,2024,linear+log2,linear+log2,1.2681,1.40715,0.89452,0.93416,1.72846,-2.68285,-0.34652,,,0.67995,,
mspi_linear+log2,mspi,2,2025,linear+log2,linear+log2,1.2681,1.40715,0.89005,0.93826,1.86612,-2.64698,-0.38149,,,0.66427,,
mspi_linear+log2,mspi,2,-1,linear+log2,linear+log2,1.2681,1.40715,0.89408,0.93738,1.89938,-2.733,-0.39363,,,0.6945,,
mspi_linear+sat,mspi,2,1998,linear+sat,linear+sat,1.2681,1.40715,0.88512,0.92215,2.77872,-2.67461,,,,,,
mspi_linear+sat,mspi,2,1999,linear+sat,linear+sat,1.2681,1.40715,0.88992,0.91996,2.77301,-2.67678,,,,,,
mspi_linear+sat,mspi,2,2000,linear+sat,linear+sat,1.2681,1.40715,0.88957,0.92222,2.78111,-2.68487,,,,,,
mspi_linear+sat,mspi,2,2001,linear+sat,linear+sat,1.2681,1.40715,0.88833,0.92245,2.73191,-2.64876,,,,,,
mspi_linear+sat,mspi,2,2002,linear+sat,linear+sat,1.2681,1.40715,0.88912,0.92369,2.71431,-2.70891,,,,,,
mspi_linear+sat,mspi,2,2003,linear+sat,linear+sat,1.2681,1.40715,0.89941,0.92396,2.61741,-2.76033,,,,,,
mspi_linear+sat,mspi,2,2004,linear+sat,linear+sat,1.2681,1.40715,0.88268,0.91329,2.83761,-2.70643,,,,,,
mspi_linear+sat,mspi,2,2005,linear+sat,linear+sat,1.2681,1.40715,0.89084,0.91882,2.69362,-2.64257,,,,,,
mspi_linear+sat,mspi,2,2006,linear+sat,linear+sat,1.2681,1.40715,0.8875,0.91397,2.7564,-2.70091,,,,,,
mspi_linear+sat,mspi,2,2007,linear+sat,linear+sat,1.2681,1.40715,0.89227,0.9184,2.78536,-2.64633,,,,,,
mspi_linear+sat,mspi,2,2008,linear+sat,linear+sat,1.2681,1.40715,0.88009,0.91593,2.7716,-2.66766,,,,,,
mspi_linear+sat,mspi,2,2009,linear+sat,linear+sat,1.2681,1.40715,0.90173,0.91595,2.68355,-2.69578,,,,,,
mspi_linear+sat,mspi,2,2010,linear+sat,linear+sat,1.2681,1.40715,0.8843,0.92232,2.85258,-2.65215,,,,,,
mspi_linear+sat,mspi,2,2011,linear+sat,linear+sat,1.2681,1.40715,0.89011,0.92015,2.77258,-2.61048,,,,,,
mspi_linear+sat,mspi,2,2012,linear+sat,linear+sat,1.2681,1.40715,0.8943,0.92067,2.7108,-2.68214,,,,,,
mspi_linear+sat,mspi,2,2013,linear+sat,linear+sat,1.2681,1.40715,0.88017,0.92085,2.86699,-2.68284,,,,,,
mspi_linear+sat,mspi,2,2014,linear+sat,linear+sat,1.2681,1.40715,0.89582,0.93242,2.74062,-2.58499,,,,,,
mspi_linear+sat,mspi,2,2015,linear+sat,linear+sat,1.2681,1.40715,0.88178,0.9304,2.75908,-2.64254,,,,,,
mspi_linear+sat,mspi,2,2016,linear+sat,linear+sat,1.2681,1.40715,0.89382,0.92525,2.77136,-2.57328,,,,,,
mspi_linear+sat,mspi,2,2017,linear+sat,linear+sat,1.2681,1.40715,0.88253,0.92207,2.80163,-2.7238,,,,,,
mspi_linear+sat,mspi,2,2018,linear+sat,linear+sat,1.2681,1.40715,0.88779,0.91863,2.87688,-2.8251,,,,,,
mspi_linear+sat,mspi,2,2019,linear+sat,linear+sat,1.2681,1.40715,0.88956,0.92086,2.81801,-2.62958,,,,,,
mspi_linear+sat,mspi,2,2020,linear+sat,linear+sat,1.2681,1.40715,0.88925,0.9131,2.82727,-2.68546,,,,,,
mspi_linear+sat,mspi,2,2021,linear+sat,linear+sat,1.2681,1.40715,0.87935,0.92461,2.74301,-2.61311,,,,,,
mspi_linear+sat,mspi,2,2022,linear+sat,linear+sat,1.2681,1.40715,0.88795,0.92172,2.83467,-2.46929,,,,,,
mspi_linear+sat,mspi,2,2023,linear+sat,linear+sat,1.2681,1.40715,0.89076,0.92091,2.79392,-2.67492,,,,,,
mspi_linear+sat,mspi,2,2024,linear+sat,linear+sat,1.2681,1.40715,0.89343,0.91869,2.61814,-2.63409,,,,,,
mspi_linear+sat,mspi,2,2025,linear+sat,linear+sat,1.2681,1.40715,0.88657,0.9243,2.76022,-2.64808,,,,,,
mspi_linear+sat,mspi,2,-1,linear+sat,linear+sat,1.2681,1.40715,0.88871,0.92098,2.76679,-2.66239,,,,,,
mspi_linear+sat500,mspi,2,1998,linear+sat500,linear+sat500,1.2681,1.40715,0.90652,0.93186,3.10008,-3.0559,,,,,,
mspi_linear+sat500,mspi,2,1999,linear+sat500,linear+sat500,1.2681,1.40715,0.91214,0.92968,3.08058,-3.06837,,,,,,
mspi_linear+sat500,mspi,2,2000,linear+sat500,linear+sat500,1.2681,1.40715,0.91174,0.93205,3.10354,-3.08249,,,,,,
mspi_linear+sat500,mspi,2,2001,linear+sat500,linear+sat500,1.2681,1.40715,0.90971,0.93212,3.04625,-3.03968,,,,,,
mspi_linear+sat500,mspi,2,2002,linear+sat500,linear+sat500,1.2681,1.40715,0.91078,0.93354,3.0127,-3.09508,,,,,,
mspi_linear+sat500,mspi,2,2003,linear+sat500,linear+sat500,1.2681,1.40715,0.91963,0.93386,2.93548,-3.19012,,,,,,
mspi_linear+sat500,mspi,2,2004,linear+sat500,linear+sat500,1.2681,1.40715,0.90503,0.92327,3.16217,-3.11142,,,,,,
mspi_linear+sat500,mspi,2,2005,linear+sat500,linear+sat500,1.2681,1.40715,0.91196,0.92885,2.99444,-3.02741,,,,,,
mspi_linear+sat500,mspi,2,2006,linear+sat500,linear+sat500,1.2681,1.40715,0.90925,0.92412,3.05984,-3.08482,,,,,,
mspi_linear+sat500,mspi,2,2007,linear+sat500,linear+sat500,1.2681,1.40715,0.91329,0.92807,3.12711,-3.04966,,,,,,
mspi_linear+sat500,mspi,2,2008,linear+sat500,linear+sat500,1.2681,1.40715,0.90181,0.92578,3.09207,-3.0668,,,,,,
mspi_linear+sat500,mspi,2,2009,linear+sat500,linear+sat500,1.2681,1.40715,0.92351,0.92575,2.97222,-3.09105,,,,,,
mspi_linear+sat500,mspi,2,2010,linear+sat500,linear+sat500,1.2681,1.40715,0.90621,0.93219,3.18561,-3.04235,,,,,,
mspi_linear+sat500,mspi,2,2011,linear+sat500,linear+sat500,1.2681,1.40715,0.91213,0.92942,3.07989,-2.99121,,,,,,
mspi_linear+sat500,mspi,2,2012,linear+sat500,linear+sat500,1.2681,1.40715,0.9154,0.93004,3.02063,-3.08076,,,,,,
mspi_linear+sat500,mspi,2,2013,linear+sat500,linear+sat500,1.2681,1.40715,0.90357,0.93065,3.17706,-3.0761,,,,,,
mspi_linear+sat500,mspi,2,2014,linear+sat500,linear+sat500,1.2681,1.40715,0.91828,0.94183,3.03777,-2.96807,,,,,,
mspi_linear+sat500,mspi,2,2015,linear+sat500,linear+sat500,1.2681,1.40715,0.90309,0.93976,3.08026,-3.0421,,,,,,
mspi_linear+sat500,mspi,2,2016,linear+sat500,linear+sat500,1.2681,1.40715,0.91591,0.93428,3.07917,-2.95197,,,,,,
mspi_linear+sat500,mspi,2,2017,linear+sat500,linear+sat500,1.2681,1.40715,0.90522,0.93234,3.10944,-3.10978,,,,,,
mspi_linear+sat500,mspi,2,2018,linear+sat500,linear+sat500,1.2681,1.40715,0.9099,0.92844,3.22428,-3.26184,,,,,,
mspi_linear+sat500,mspi,2,2019,linear+sat500,linear+sat500,1.2681,1.40715,0.91201,0.93036,3.12746,-3.00548,,,,,,
mspi_linear+sat500,mspi,2,2020,linear+sat500,linear+sat500,1.2681,1.40715,0.91217,0.92263,3.12643,-3.07493,,,,,,
mspi_linear+sat500,mspi,2,2021,linear+sat500,linear+sat500,1.2681,1.40715,0.90145,0.93434,3.04141,-2.99047,,,,,,
mspi_linear+sat500,mspi,2,2022,linear+sat500,linear+sat500,1.2681,1.40715,0.90887,0.93055,3.19246,-2.835,,,,,,
mspi_linear+sat500,mspi,2,2023,linear+sat500,linear+sat500,1.2681,1.40715,0.91223,0.93004,3.11319,-3.07302,,,,,,
mspi_linear+sat500,mspi,2,2024,linear+sat500,linear+sat500,1.2681,1.40715,0.91404,0.92855,2.90476,-3.00676,,,,,,
mspi_linear+sat500,mspi,2,2025,linear+sat500,linear+sat500,1.2681,1.40715,0.90863,0.93383,3.05619,-3.02581,,,,,,
mspi_linear+sat500,mspi,2,-1,linear+sat500,linear+sat500,1.2681,1.40715,0.91052,0.93064,3.07983,-3.05348,,,,,,
mspi_linear+sat2000,mspi,2,1998,linear+sat2000,linear+sat2000,1.2681,1.40715,0.86889,0.91798,2.55208,-2.35464,,,,,,
mspi_linear+sat2000,mspi,2,1999,linear+sat2000,linear+sat2000,1.2681,1.40715,0.87283,0.9158,2.55771,-2.35292,,,,,,
mspi_linear+sat2000,mspi,2,2000,linear+sat2000,linear+sat2000,1.2681,1.40715,0.87256,0.91787,2.55728,-2.36018,,,,,,
mspi_linear+sat2000,mspi,2,2001,linear+sat2000,linear+sat2000,1.2681,1.40715,0.87177,0.91841,2.51552,-2.32367,,,,,,
mspi_linear+sat2000,mspi,2,2002,linear+sat2000,linear+sat2000,1.2681,1.40715,0.87237,0.91934,2.50846,-2.39358,,,,,,
mspi_linear+sat2000,mspi,2,2003,linear+sat2000,linear+sat2000,1.2681,1.40715,0.88399,0.91958,2.39604,-2.41828,,,,,,
mspi_linear+sat2000,mspi,2,2004,linear+sat2000,linear+sat2000,1.2681,1.40715,0.86544,0.90884,2.61599,-2.37605,,,,,,
mspi_linear+sat2000,mspi,2,2005,linear+sat2000,linear+sat2000,1.2681,1.40715,0.87456,0.91446,2.48436,-2.32563,,,,,,
mspi_linear+sat2000,mspi,2,2006,linear+sat2000,linear+sat2000,1.2681,1.40715,0.87078,0.90917,2.5454,-2.38837,,,,,,
mspi_linear+sat2000,mspi,2,2007,linear+sat2000,linear+sat2000,1.2681,1.40715,0.87641,0.91413,2.5488,-2.31782,,,,,,
mspi_linear+sat2000,mspi,2,2008,linear+sat2000,linear+sat2000,1.2681,1.40715,0.86365,0.91169,2.54605,-2.34075,,,,,,
mspi_linear+sat2000,mspi,2,2009,linear+sat2000,linear+sat2000,1.2681,1.40715,0.88444,0.91188,2.48816,-2.36927,,,,,,
mspi_linear+sat2000,mspi,2,2010,linear+sat2000,linear+sat2000,1.2681,1.40715,0.86771,0.91802,2.62274,-2.33113,,,,,,
mspi_linear+sat2000,mspi,2,2011,linear+sat2000,linear+sat2000,1.2681,1.40715,0.8729,0.91631,2.56208,-2.29418,,,,,,
mspi_linear+sat2000,mspi,2,2012,linear+sat2000,linear+sat2000,1.2681,1.40715,0.87802,0.91674,2.49616,-2.35531,,,,,,
mspi_linear+sat2000,mspi,2,2013,linear+sat2000,linear+sat2000,1.2681,1.40715,0.86194,0.9167,2.65125,-2.35391,,,,,,
mspi_linear+sat2000,mspi,2,2014,linear+sat2000,linear+sat2000,1.2681,1.40715,0.87802,0.92843,2.53844,-2.26954,,,,,,
mspi_linear+sat2000,mspi,2,2015,linear+sat2000,linear+sat2000,1.2681,1.40715,0.86579,0.92666,2.53262,-2.31146,,,,,,
mspi_linear+sat2000,mspi,2,2016,linear+sat2000,linear+sat2000,1.2681,1.40715,0.87676,0.92158,2.55904,-2.26012,,,,,,
mspi_linear+sat2000,mspi,2,2017,linear+sat2000,linear+sat2000,1.2681,1.40715,0.86482,0.91747,2.58915,-2.40348,,,,,,
mspi_linear+sat2000,mspi,2,2018,linear+sat2000,linear+sat2000,1.2681,1.40715,0.87159,0.9148,2.62635,-2.46527,,,,,,
mspi_linear+sat2000,mspi,2,2019,linear+sat2000,linear+sat2000,1.2681,1.40715,0.8718,0.91683,2.60741,-2.31534,,,,,,
mspi_linear+sat2000,mspi,2,2020,linear+sat2000,linear+sat2000,1.2681,1.40715,0.87151,0.90909,2.61612,-2.35883,,,,,,
mspi_linear+sat2000,mspi,2,2021,linear+sat2000,linear+sat2000,1.2681,1.40715,0.86197,0.92036,2.53728,-2.29895,,,,,,
mspi_linear+sat2000,mspi,2,2022,linear+sat2000,linear+sat2000,1.2681,1.40715,0.87299,0.91806,2.5765,-2.16228,,,,,,
mspi_linear+sat2000,mspi,2,2023,linear+sat2000,linear+sat2000,1.2681,1.40715,0.87413,0.91718,2.57443,-2.34678,,,,,,
mspi_linear+sat2000,mspi,2,2024,linear+sat2000,linear+sat2000,1.2681,1.40715,0.87721,0.91414,2.42278,-2.32593,,,,,,
mspi_linear+sat2000,mspi,2,2025,linear+sat2000,linear+sat2000,1.2681,1.40715,0.86968,0.92046,2.54648,-2.32751,,,,,,
mspi_linear+sat2000,mspi,2,-1,linear+sat2000,linear+sat2000,1.2681,1.40715,0.87194,0.91685,2.54915,-2.3394,,,,,,
mspi_poly2+sat,mspi,2,1998,poly2+sat,poly2+sat,1.2681,1.40715,0.77643,0.92304,0.09713,0.00067,3.14181,,,-2.67469,,
mspi_poly2+sat,mspi,2,1999,poly2+sat,poly2+sat,1.2681,1.40715,0.77381,0.92013,0.10336,-0.00079,3.14422,,,-2.67252,,
mspi_poly2+sat,mspi,2,2000,poly2+sat,poly2+sat,1.2681,1.40715,0.77878,0.92005,0.09888,-0.00566,3.13195,,,-2.67426,,
mspi_poly2+sat,mspi,2,2001,poly2+sat,poly2+sat,1.2681,1.40715,0.7813,0.92433,0.09458,0.00305,3.07884,,,-2.64903,,
mspi_poly2+sat,mspi,2,2002,poly2+sat,poly2+sat,1.2681,1.40715,0.78205,0.92393,0.09648,-0.00033,3.05887,,,-2.7053,,
mspi_poly2+sat,mspi,2,2003,poly2+sat,poly2+sat,1.2681,1.40715,0.79401,0.92308,0.09336,-0.00245,2.96224,,,-2.7555,,
mspi_poly2+sat,mspi,2,2004,poly2+sat,poly2+sat,1.2681,1.40715,0.77427,0.91656,0.09848,0.00586,3.18679,,,-2.71158,,
mspi_poly2+sat,mspi,2,2005,poly2+sat,poly2+sat,1.2681,1.40715,0.7898,0.92114,0.0902,0.00412,3.02131,,,-2.64592,,
mspi_poly2+sat,mspi,2,2006,poly2+sat,poly2+sat,1.2681,1.40715,0.78323,0.91591,0.09388,0.00313,3.09084,,,-2.70161,,
mspi_poly2+sat,mspi,2,2007,poly2+sat,poly2+sat,1.2681,1.40715,0.78714,0.92089,0.09359,0.00452,3.13002,,,-2.64996,,
mspi_poly2+sat,mspi,2,2008,poly2+sat,poly2+sat,1.2681,1.40715,0.75862,0.91711,0.10879,0.00139,3.16143,,,-2.66608,,
mspi_poly2+sat,mspi,2,2009,poly2+sat,poly2+sat,1.2681,1.40715,0.78972,0.91675,0.0995,0.0006,3.04315,,,-2.6941,,
mspi_poly2+sat,mspi,2,2010,poly2+sat,poly2+sat,1.2681,1.40715,0.76532,0.92175,0.10485,-0.00245,3.24712,,,-2.64766,,
mspi_poly2+sat,mspi,2,2011,poly2+sat,poly2+sat,1.2681,1.40715,0.76942,0.92229,0.10783,0.00332,3.15677,,,-2.61192,,
mspi_poly2+sat,mspi,2,2012,poly2+sat,poly2+sat,1.2681,1.40715,0.78104,0.9214,0.1007,0.0005,3.07207,,,-2.67727,,
mspi_poly2+sat,mspi,2,2013,poly2+sat,poly2+sat,1.2681,1.40715,0.77155,0.92374,0.09655,0.00504,3.21477,,,-2.6868,,
mspi_poly2+sat,mspi,2,2014,poly2+sat,poly2+sat,1.2681,1.40715,0.78418,0.93315,0.10085,0.00035,3.09764,,,-2.58147,,
mspi_poly2+sat,mspi,2,2015,poly2+sat,poly2+sat,1.2681,1.40715,0.76509,0.92997,0.10521,-0.00208,3.13493,,,-2.63729,,
mspi_poly2+sat,mspi,2,2016,poly2+sat,poly2+sat,1.2681,1.40715,0.78981,0.92517,0.09408,-0.00123,3.11089,,,-2.57079,,
mspi_poly2+sat,mspi,2,2017,poly2+sat,poly2+sat,1.2681,1.40715,0.77244,0.92358,0.10094,0.00218,3.15822,,,-2.72603,,
mspi_poly2+sat,mspi,2,2018,poly2+sat,poly2+sat,1.2681,1.40715,0.77676,0.9203,0.09933,0.00236,3.23729,,,-2.82444,,
mspi_poly2+sat,mspi,2,2019,poly2+sat,poly2+sat,1.2681,1.40715,0.78296,0.91918,0.09542,-0.00467,3.15694,,,-2.61882,,
mspi_poly2+sat,mspi,2,2020,poly2+sat,poly2+sat,1.2681,1.40715,0.78049,0.91193,0.09744,-0.00364,3.17824,,,-2.6762,,
mspi_poly2+sat,mspi,2,2021,poly2+sat,poly2+sat,1.2681,1.40715,0.7712,0.92515,0.09617,-7e-05,3.09029,,,-2.6084,,
mspi_poly2+sat,mspi,2,2022,poly2+sat,poly2+sat,1.2681,1.40715,0.77258,0.92056,0.10306,-0.00358,3.2127,,,-2.46052,,
mspi_poly2+sat,mspi,2,2023,poly2+sat,poly2+sat,1.2681,1.40715,0.78069,0.92262,0.09767,0.00257,3.14475,,,-2.67399,,
mspi_poly2+sat,mspi,2,2024,poly2+sat,poly2+sat,1.2681,1.40715,0.78289,0.91831,0.09911,-0.00188,2.97989,,,-2.62845,,
mspi_poly2+sat,mspi,2,2025,poly2+sat,poly2+sat,1.2681,1.40715,0.7788,0.92312,0.09711,-0.00352,3.11014,,,-2.6382,,
mspi_poly2+sat,mspi,2,-1,poly2+sat,poly2+sat,1.2681,1.40715,0.77837,0.9216,0.09873,0.00026,3.12327,,,-2.65966,,
mspi_hinge+sat,mspi,2,1998,hinge+sat,hinge+sat,1.2681,1.40715,1.08797,0.92518,0.50629,0.92073,3.09324,,,-2.67607,,
mspi_hinge+sat,mspi,2,1999,hinge+sat,hinge+sat,1.2681,1.40715,1.11274,0.91717,0.47245,0.92324,3.10426,,,-2.67336,,
mspi_hinge+sat,mspi,2,2000,hinge+sat,hinge+sat,1.2681,1.40715,1.09788,0.90403,0.49991,0.93767,3.08629,,,-2.6743,,
mspi_hinge+sat,mspi,2,2001,hinge+sat,hinge+sat,1.2681,1.40715,1.08786,0.93161,0.51287,0.91593,3.03741,,,-2.65046,,
mspi_hinge+sat,mspi,2,2002,hinge+sat,hinge+sat,1.2681,1.40715,1.09437,0.91509,0.50797,0.93135,3.01674,,,-2.70284,,
mspi_hinge+sat,mspi,2,2003,hinge+sat,hinge+sat,1.2681,1.40715,1.09971,0.91787,0.52355,0.92932,2.92536,,,-2.75727,,
mspi_hinge+sat,mspi,2,2004,hinge+sat,hinge+sat,1.2681,1.40715,1.09261,0.93062,0.49497,0.90041,3.14279,,,-2.71226,,
mspi_hinge+sat,mspi,2,2005,hinge+sat,hinge+sat,1.2681,1.40715,1.08096,0.93498,0.53528,0.90661,2.98072,,,-2.64914,,
mspi_hinge+sat,mspi,2,2006,hinge+sat,hinge+sat,1.2681,1.40715,1.08881,0.92743,0.51309,0.90406,3.05295,,,-2.70469,,
mspi_hinge+sat,mspi,2,2007,hinge+sat,hinge+sat,1.2681,1.40715,1.08785,0.93864,0.52571,0.90291,3.08417,,,-2.65443,,
mspi_hinge+sat,mspi,2,2008,hinge+sat,hinge+sat,1.2681,1.40715,1.11786,0.9196,0.43661,0.91402,3.12407,,,-2.66715,,
mspi_hinge+sat,mspi,2,2009,hinge+sat,hinge+sat,1.2681,1.40715,1.12143,0.91775,0.48972,0.91549,3.01099,,,-2.69493,,
mspi_hinge+sat,mspi,2,2010,hinge+sat,hinge+sat,1.2681,1.40715,1.11078,0.91016,0.45704,0.9332,3.208,,,-2.64635,,
mspi_hinge+sat,mspi,2,2011,hinge+sat,hinge+sat,1.2681,1.40715,1.12395,0.9273,0.45308,0.91547,3.1177,,,-2.61187,,
mspi_hinge+sat,mspi,2,2012,hinge+sat,hinge+sat,1.2681,1.40715,1.11081,0.92148,0.48854,0.92095,3.03191,,,-2.67785,,
mspi_hinge+sat,mspi,2,2013,hinge+sat,hinge+sat,1.2681,1.40715,1.08608,0.93889,0.49453,0.90731,3.17282,,,-2.68928,,
mspi_hinge+sat,mspi,2,2014,hinge+sat,hinge+sat,1.2681,1.40715,1.11261,0.93426,0.4931,0.93197,3.05865,,,-2.58308,,
mspi_hinge+sat,mspi,2,2015,hinge+sat,hinge+sat,1.2681,1.40715,1.10908,0.92032,0.45932,0.93952,3.09343,,,-2.63625,,
mspi_hinge+sat,mspi,2,2016,hinge+sat,hinge+sat,1.2681,1.40715,1.10007,0.91916,0.51,0.93108,3.07882,,,-2.56983,,
mspi_hinge+sat,mspi,2,2017,hinge+sat,hinge+sat,1.2681,1.40715,1.09564,0.92717,0.48896,0.91882,3.11478,,,-2.72613,,
mspi_hinge+sat,mspi,2,2018,hinge+sat,hinge+sat,1.2681,1.40715,1.10168,0.92814,0.48759,0.91203,3.19688,,,-2.82636,,
mspi_hinge+sat,mspi,2,2019,hinge+sat,hinge+sat,1.2681,1.40715,1.08842,0.90034,0.51859,0.93821,3.10954,,,-2.6169,,
mspi_hinge+sat,mspi,2,2020,hinge+sat,hinge+sat,1.2681,1.40715,1.10117,0.90269,0.49434,0.92244,3.14293,,,-2.67755,,
mspi_hinge+sat,mspi,2,2021,hinge+sat,hinge+sat,1.2681,1.40715,1.08293,0.92314,0.49781,0.92683,3.04719,,,-2.60884,,
mspi_hinge+sat,mspi,2,2022,hinge+sat,hinge+sat,1.2681,1.40715,1.1106,0.90721,0.47167,0.93435,3.17323,,,-2.45966,,
mspi_hinge+sat,mspi,2,2023,hinge+sat,hinge+sat,1.2681,1.40715,1.10005,0.93132,0.49759,0.91348,3.10717,,,-2.67662,,
mspi_hinge+sat,mspi,2,2024,hinge+sat,hinge+sat,1.2681,1.40715,1.1069,0.9163,0.49513,0.92159,2.94186,,,-2.63097,,
mspi_hinge+sat,mspi,2,2025,hinge+sat,hinge+sat,1.2681,1.40715,1.09594,0.91204,0.49742,0.93507,3.07106,,,-2.6387,,
mspi_hinge+sat,mspi,2,-1,hinge+sat,hinge+sat,1.2681,1.40715,1.10025,0.92143,0.49368,0.92155,3.08296,,,-2.66054,,
mspi_linear,mspi,3,1998,linear,linear,1.35449,1.51139,0.98028,0.98578,,,,,,,,
mspi_linear,mspi,3,1999,linear,linear,1.35449,1.51139,0.98467,0.98403,,,,,,,,
mspi_linear,mspi,3,2000,linear,linear,1.35449,1.51139,0.98512,0.98014,,,,,,,,
mspi_linear,mspi,3,2001,linear,linear,1.35449,1.51139,0.97972,0.98477,,,,,,,,
mspi_linear,mspi,3,2002,linear,linear,1.35449,1.51139,0.98236,0.98952,,,,,,,,
mspi_linear,mspi,3,2003,linear,linear,1.35449,1.51139,0.98375,0.98925,,,,,,,,
mspi_linear,mspi,3,2004,linear,linear,1.35449,1.51139,0.98159,0.97567,,,,,,,,
mspi_linear,mspi,3,2005,linear,linear,1.35449,1.51139,0.97976,0.9815,,,,,,,,
mspi_linear,mspi,3,2006,linear,linear,1.35449,1.51139,0.98188,0.97639,,,,,,,,
mspi_linear,mspi,3,2007,linear,linear,1.35449,1.51139,0.98449,0.98256,,,,,,,,
mspi_linear,mspi,3,2008,linear,linear,1.35449,1.51139,0.9752,0.97843,,,,,,,,
mspi_linear,mspi,3,2009,linear,linear,1.35449,1.51139,0.9907,0.98129,,,,,,,,
mspi_linear,mspi,3,2010,linear,linear,1.35449,1.51139,0.98629,0.98512,,,,,,,,
mspi_linear,mspi,3,2011,linear,linear,1.35449,1.51139,0.9876,0.97951,,,,,,,,
mspi_linear,mspi,3,2012,linear,linear,1.35449,1.51139,0.98431,0.98198,,,,,,,,
mspi_linear,mspi,3,2013,linear,linear,1.35449,1.51139,0.98187,0.98552,,,,,,,,
mspi_linear,mspi,3,2014,linear,linear,1.35449,1.51139,0.98738,0.99272,,,,,,,,
mspi_linear,mspi,3,2015,linear,linear,1.35449,1.51139,0.97445,0.98981,,,,,,,,
mspi_linear,mspi,3,2016,linear,linear,1.35449,1.51139,0.99014,0.98255,,,,,,,,
mspi_linear,mspi,3,2017,linear,linear,1.35449,1.51139,0.97865,0.98489,,,,,,,,
mspi_linear,mspi,3,2018,linear,linear,1.35449,1.51139,0.98629,0.98307,,,,,,,,
mspi_linear,mspi,3,2019,linear,linear,1.35449,1.51139,0.9907,0.98111,,,,,,,,
mspi_linear,mspi,3,2020,linear,linear,1.35449,1.51139,0.9855,0.97505,,,,,,,,
mspi_linear,mspi,3,2021,linear,linear,1.35449,1.51139,0.97004,0.98603,,,,,,,,
mspi_linear,mspi,3,2022,linear,linear,1.35449,1.51139,0.98485,0.97322,,,,,,,,
mspi_linear,mspi,3,2023,linear,linear,1.35449,1.51139,0.98679,0.98476,,,,,,,,
mspi_linear,mspi,3,2024,linear,linear,1.35449,1.51139,0.97639,0.97669,,,,,,,,
mspi_linear,mspi,3,2025,linear,linear,1.35449,1.51139,0.97629,0.98535,,,,,,,,
mspi_linear,mspi,3,-1,linear,linear,1.35449,1.51139,0.98275,0.98273,,,,,,,,
mspi_poly2,mspi,3,1998,poly2,poly2,1.35449,1.51139,0.95899,0.96089,0.02148,-0.04345,,,,,,
mspi_poly2,mspi,3,1999,poly2,poly2,1.35449,1.51139,0.95552,0.95968,0.02895,-0.04341,,,,,,
mspi_poly2,mspi,3,2000,poly2,poly2,1.35449,1.51139,0.958,0.95395,0.02714,-0.04714,,,,,,
mspi_poly2,mspi,3,2001,poly2,poly2,1.35449,1.51139,0.95977,0.95966,0.02004,-0.04465,,,,,,
mspi_poly2,mspi,3,2002,poly2,poly2,1.35449,1.51139,0.9599,0.96395,0.02267,-0.04557,,,,,,
mspi_poly2,mspi,3,2003,poly2,poly2,1.35449,1.51139,0.95996,0.96327,0.02383,-0.04732,,,,,,
mspi_poly2,mspi,3,2004,poly2,poly2,1.35449,1.51139,0.95942,0.95202,0.02245,-0.04233,,,,,,
mspi_poly2,mspi,3,2005,poly2,poly2,1.35449,1.51139,0.9604,0.95652,0.01976,-0.0443,,,,,,
mspi_poly2,mspi,3,2006,poly2,poly2,1.35449,1.51139,0.96033,0.95247,0.02185,-0.04418,,,,,,
mspi_poly2,mspi,3,2007,poly2,poly2,1.35449,1.51139,0.96393,0.95815,0.02094,-0.04301,,,,,,
mspi_poly2,mspi,3,2008,poly2,poly2,1.35449,1.51139,0.93927,0.95542,0.03575,-0.04106,,,,,,
mspi_poly2,mspi,3,2009,poly2,poly2,1.35449,1.51139,0.96388,0.95633,0.02689,-0.04396,,,,,,
mspi_poly2,mspi,3,2010,poly2,poly2,1.35449,1.51139,0.963,0.95719,0.02354,-0.05039,,,,,,
mspi_poly2,mspi,3,2011,poly2,poly2,1.35449,1.51139,0.95369,0.95674,0.0336,-0.03982,,,,,,
mspi_poly2,mspi,3,2012,poly2,poly2,1.35449,1.51139,0.95563,0.95708,0.02843,-0.04409,,,,,,
mspi_poly2,mspi,3,2013,poly2,poly2,1.35449,1.51139,0.96019,0.96348,0.02166,-0.03894,,,,,,
mspi_poly2,mspi,3,2014,poly2,poly2,1.35449,1.51139,0.96222,0.9678,0.02535,-0.0448,,,,,,
mspi_poly2,mspi,3,2015,poly2,poly2,1.35449,1.51139,0.94351,0.96534,0.03074,-0.04306,,,,,,
mspi_poly2,mspi,3,2016,poly2,poly2,1.35449,1.51139,0.97374,0.95737,0.017,-0.0441,,,,,,
mspi_poly2,mspi,3,2017,poly2,poly2,1.35449,1.51139,0.95046,0.95958,0.02887,-0.04429,,,,,,
mspi_poly2,mspi,3,2018,poly2,poly2,1.35449,1.51139,0.95751,0.95881,0.029,-0.04241,,,,,,
mspi_poly2,mspi,3,2019,poly2,poly2,1.35449,1.51139,0.96989,0.9535,0.02122,-0.04788,,,,,,
mspi_poly2,mspi,3,2020,poly2,poly2,1.35449,1.51139,0.96056,0.94661,0.0252,-0.04996,,,,,,
mspi_poly2,mspi,3,2021,poly2,poly2,1.35449,1.51139,0.94793,0.96093,0.02212,-0.04429,,,,,,
mspi_poly2,mspi,3,2022,poly2,poly2,1.35449,1.51139,0.95652,0.94586,0.02829,-0.04788,,,,,,
mspi_poly2,mspi,3,2023,poly2,poly2,1.35449,1.51139,0.96246,0.96068,0.02404,-0.04155,,,,,,
mspi_poly2,mspi,3,2024,poly2,poly2,1.35449,1.51139,0.94714,0.94982,0.02933,-0.04712,,,,,,
mspi_poly2,mspi,3,2025,poly2,poly2,1.35449,1.51139,0.95239,0.95858,0.0242,-0.04766,,,,,,
mspi_poly2,mspi,3,-1,poly2,poly2,1.35449,1.51139,0.95771,0.95754,0.02515,-0.04459,,,,,,
mspi_hinge,mspi,3,1998,hinge,hinge,1.35449,1.51139,1.01384,0.77291,0.92563,1.1453,,,,,,
mspi_hinge,mspi,3,1999,hinge,hinge,1.35449,1.51139,1.04153,0.77554,0.88843,1.14123,,,,,,
mspi_hinge,mspi,3,2000,hinge,hinge,1.35449,1.51139,1.03508,0.76217,0.90144,1.1452,,,,,,
mspi_hinge,mspi,3,2001,hinge,hinge,1.35449,1.51139,1.01008,0.7654,0.93063,1.15007,,,,,,
mspi_hinge,mspi,3,2002,hinge,hinge,1.35449,1.51139,1.02174,0.76904,0.91765,1.15594,,,,,,
mspi_hinge,mspi,3,2003,hinge,hinge,1.35449,1.51139,1.02901,0.77125,0.90821,1.15479,,,,,,
mspi_hinge,mspi,3,2004,hinge,hinge,1.35449,1.51139,1.01748,0.77076,0.92268,1.13038,,,,,,
mspi_hinge,mspi,3,2005,hinge,hinge,1.35449,1.51139,1.01121,0.76944,0.929,1.14115,,,,,,
mspi_hinge,mspi,3,2006,hinge,hinge,1.35449,1.51139,1.02337,0.76574,0.91324,1.13665,,,,,,
mspi_hinge,mspi,3,2007,hinge,hinge,1.35449,1.51139,1.01676,0.77722,0.93214,1.13667,,,,,,
mspi_hinge,mspi,3,2008,hinge,hinge,1.35449,1.51139,1.05084,0.77705,0.84643,1.13037,,,,,,
mspi_hinge,mspi,3,2009,hinge,hinge,1.35449,1.51139,1.04879,0.76849,0.8927,1.14126,,,,,,
mspi_hinge,mspi,3,2010,hinge,hinge,1.35449,1.51139,1.03037,0.74928,0.91347,1.16417,,,,,,
mspi_hinge,mspi,3,2011,hinge,hinge,1.35449,1.51139,1.05484,0.7796,0.87317,1.12975,,,,,,
mspi_hinge,mspi,3,2012,hinge,hinge,1.35449,1.51139,1.03807,0.77012,0.89331,1.14176,,,,,,
mspi_hinge,mspi,3,2013,hinge,hinge,1.35449,1.51139,1.01926,0.79329,0.91994,1.13035,,,,,,
mspi_hinge,mspi,3,2014,hinge,hinge,1.35449,1.51139,1.0343,0.77996,0.90917,1.15409,,,,,,
mspi_hinge,mspi,3,2015,hinge,hinge,1.35449,1.51139,1.0345,0.78187,0.87252,1.14634,,,,,,
mspi_hinge,mspi,3,2016,hinge,hinge,1.35449,1.51139,1.02091,0.77015,0.94046,1.14189,,,,,,
mspi_hinge,mspi,3,2017,hinge,hinge,1.35449,1.51139,1.031,0.76746,0.89168,1.14806,,,,,,
mspi_hinge,mspi,3,2018,hinge,hinge,1.35449,1.51139,1.04337,0.77737,0.89018,1.13748,,,,,,
mspi_hinge,mspi,3,2019,hinge,hinge,1.35449,1.51139,1.0249,0.75351,0.93533,1.15147,,,,,,
mspi_hinge,mspi,3,2020,hinge,hinge,1.35449,1.51139,1.03396,0.74452,0.90482,1.14843,,,,,,
mspi_hinge,mspi,3,2021,hinge,hinge,1.35449,1.51139,1.00638,0.77176,0.91012,1.14741,,,,,,
mspi_hinge,mspi,3,2022,hinge,hinge,1.35449,1.51139,1.04028,0.74504,0.89155,1.1447,,,,,,
mspi_hinge,mspi,3,2023,hinge,hinge,1.35449,1.51139,1.03007,0.78234,0.9138,1.1362,,,,,,
mspi_hinge,mspi,3,2024,hinge,hinge,1.35449,1.51139,1.03309,0.75586,0.88119,1.14285,,,,,,
mspi_hinge,mspi,3,2025,hinge,hinge,1.35449,1.51139,1.02201,0.76076,0.90063,1.15496,,,,,,
mspi_hinge,mspi,3,-1,hinge,hinge,1.35449,1.51139,1.02917,0.76885,0.90532,1.14386,,,,,,
mspi_linear+unseen,mspi,3,1998,linear+unseen,linear+unseen,1.35449,1.51139,0.95211,0.96857,-3.96503,3.16591,,,,,,
mspi_linear+unseen,mspi,3,1999,linear+unseen,linear+unseen,1.35449,1.51139,0.9568,0.96626,-3.86093,3.21989,,,,,,
mspi_linear+unseen,mspi,3,2000,linear+unseen,linear+unseen,1.35449,1.51139,0.95675,0.96219,-3.85463,3.25334,,,,,,
mspi_linear+unseen,mspi,3,2001,linear+unseen,linear+unseen,1.35449,1.51139,0.9528,0.96906,-3.99024,3.09807,,,,,,
mspi_linear+unseen,mspi,3,2002,linear+unseen,linear+unseen,1.35449,1.51139,0.95508,0.97198,-3.7774,3.15052,,,,,,
mspi_linear+unseen,mspi,3,2003,linear+unseen,linear+unseen,1.35449,1.51139,0.96084,0.9699,-3.72969,3.73555,,,,,,
mspi_linear+unseen,mspi,3,2004,linear+unseen,linear+unseen,1.35449,1.51139,0.9514,0.95804,-4.11643,3.36307,,,,,,
mspi_linear+unseen,mspi,3,2005,linear+unseen,linear+unseen,1.35449,1.51139,0.95252,0.96397,-3.82349,3.21962,,,,,,
mspi_linear+unseen,mspi,3,2006,linear+unseen,linear+unseen,1.35449,1.51139,0.95513,0.9581,-3.78989,3.29535,,,,,,
mspi_linear+unseen,mspi,3,2007,linear+unseen,linear+unseen,1.35449,1.51139,0.95592,0.96595,-4.14772,3.2896,,,,,,
mspi_linear+unseen,mspi,3,2008,linear+unseen,linear+unseen,1.35449,1.51139,0.94669,0.96135,-4.13173,3.27472,,,,,,
mspi_linear+unseen,mspi,3,2009,linear+unseen,linear+unseen,1.35449,1.51139,0.96352,0.96429,-3.76104,3.20878,,,,,,
mspi_linear+unseen,mspi,3,2010,linear+unseen,linear+unseen,1.35449,1.51139,0.95613,0.96916,-4.12939,3.19604,,,,,,
mspi_linear+unseen,mspi,3,2011,linear+unseen,linear+unseen,1.35449,1.51139,0.95886,0.96198,-3.92105,3.17501,,,,,,
mspi_linear+unseen,mspi,3,2012,linear+unseen,linear+unseen,1.35449,1.51139,0.95673,0.96444,-3.8574,3.22578,,,,,,
mspi_linear+unseen,mspi,3,2013,linear+unseen,linear+unseen,1.35449,1.51139,0.95288,0.96837,-4.01659,3.28087,,,,,,
mspi_linear+unseen,mspi,3,2014,linear+unseen,linear+unseen,1.35449,1.51139,0.95926,0.97522,-3.85934,3.18242,,,,,,
mspi_linear+unseen,mspi,3,2015,linear+unseen,linear+unseen,1.35449,1.51139,0.94618,0.9716,-3.98267,3.31593,,,,,,
mspi_linear+unseen,mspi,3,2016,linear+unseen,linear+unseen,1.35449,1.51139,0.96178,0.96528,-3.88588,3.15486,,,,,,
mspi_linear+unseen,mspi,3,2017,linear+unseen,linear+unseen,1.35449,1.51139,0.95045,0.96694,-3.9459,3.23053,,,,,,
mspi_linear+unseen,mspi,3,2018,linear+unseen,linear+unseen,1.35449,1.51139,0.95989,0.96551,-3.85906,3.32915,,,,,,
mspi_linear+unseen,mspi,3,2019,linear+unseen,linear+unseen,1.35449,1.51139,0.96219,0.96467,-4.01336,3.10643,,,,,,
mspi_linear+unseen,mspi,3,2020,linear+unseen,linear+unseen,1.35449,1.51139,0.95849,0.95797,-3.82165,3.18942,,,,,,
mspi_linear+unseen,mspi,3,2021,linear+unseen,linear+unseen,1.35449,1.51139,0.9423,0.96908,-3.8699,3.08922,,,,,,
mspi_linear+unseen,mspi,3,2022,linear+unseen,linear+unseen,1.35449,1.51139,0.95513,0.95795,-4.14165,2.89864,,,,,,
mspi_linear+unseen,mspi,3,2023,linear+unseen,linear+unseen,1.35449,1.51139,0.95823,0.96735,-3.9061,3.17084,,,,,,
mspi_linear+unseen,mspi,3,2024,linear+unseen,linear+unseen,1.35449,1.51139,0.95059,0.96068,-3.66705,3.09705,,,,,,
mspi_linear+unseen,mspi,3,2025,linear+unseen,linear+unseen,1.35449,1.51139,0.94978,0.96905,-3.76017,3.02482,,,,,,
mspi_linear+unseen,mspi,3,-1,linear+unseen,linear+unseen,1.35449,1.51139,0.95494,0.96552,-3.91292,3.21067,,,,,,
mspi_linear+bins,mspi,3,1998,linear+bins,linear+bins,1.35449,1.51139,0.90047,0.89837,-3.92085,2.45056,-1.62593,-0.76274,-0.36023,2.60793,1.35424,0.77446
mspi_linear+bins,mspi,3,1999,linear+bins,linear+bins,1.35449,1.51139,0.90865,0.89307,-3.85435,2.52579,-1.60715,-0.68433,-0.33584,2.44794,1.49954,0.77356
mspi_linear+bins,mspi,3,2000,linear+bins,linear+bins,1.35449,1.51139,0.91124,0.88891,-3.83501,2.54205,-1.6521,-0.72292,-0.28453,2.48884,1.45544,0.79114
mspi_linear+bins,mspi,3,2001,linear+bins,linear+bins,1.35449,1.51139,0.90722,0.89471,-3.96345,2.31479,-1.55298,-0.71389,-0.30301,2.50877,1.51668,0.77738
mspi_linear+bins,mspi,3,2002,linear+bins,linear+bins,1.35449,1.51139,0.90546,0.89653,-3.75141,2.42914,-1.53259,-0.7897,-0.32595,2.49821,1.49088,0.78993
mspi_linear+bins,mspi,3,2003,linear+bins,linear+bins,1.35449,1.51139,0.92274,0.89479,-3.7218,2.96888,-1.64989,-0.54786,-0.24803,2.44306,1.47562,0.79838
mspi_linear+bins,mspi,3,2004,linear+bins,linear+bins,1.35449,1.51139,0.90192,0.8871,-4.1089,2.64582,-1.60842,-0.65897,-0.35876,2.55515,1.44092,0.74376
mspi_linear+bins,mspi,3,2005,linear+bins,linear+bins,1.35449,1.51139,0.90555,0.89099,-3.80663,2.53858,-1.58547,-0.67194,-0.33711,2.37456,1.4879,0.74333
mspi_linear+bins,mspi,3,2006,linear+bins,linear+bins,1.35449,1.51139,0.9044,0.88708,-3.7542,2.57816,-1.65776,-0.7255,-0.34583,2.49261,1.48541,0.75314
mspi_linear+bins,mspi,3,2007,linear+bins,linear+bins,1.35449,1.51139,0.91227,0.89401,-4.1103,2.50645,-1.5946,-0.692,-0.28276,2.47519,1.47772,0.74077
mspi_linear+bins,mspi,3,2008,linear+bins,linear+bins,1.35449,1.51139,0.90063,0.88823,-4.13247,2.54043,-1.45848,-0.68093,-0.33402,2.47701,1.46087,0.76084
mspi_linear+bins,mspi,3,2009,linear+bins,linear+bins,1.35449,1.51139,0.91441,0.88924,-3.7499,2.45611,-1.51164,-0.68585,-0.36204,2.57956,1.46255,0.78481
mspi_linear+bins,mspi,3,2010,linear+bins,linear+bins,1.35449,1.51139,0.9052,0.897,-4.12705,2.46376,-1.61058,-0.68057,-0.36646,2.47884,1.51514,0.76032
mspi_linear+bins,mspi,3,2011,linear+bins,linear+bins,1.35449,1.51139,0.90907,0.8921,-3.89492,2.46337,-1.5834,-0.70421,-0.35703,2.46407,1.47778,0.74723
mspi_linear+bins,mspi,3,2012,linear+bins,linear+bins,1.35449,1.51139,0.91081,0.89054,-3.84567,2.50901,-1.52408,-0.71835,-0.31456,2.52981,1.45604,0.79387
mspi_linear+bins,mspi,3,2013,linear+bins,linear+bins,1.35449,1.51139,0.90381,0.89763,-3.97868,2.55413,-1.65101,-0.70625,-0.32959,2.52198,1.48294,0.72505
mspi_linear+bins,mspi,3,2014,linear+bins,linear+bins,1.35449,1.51139,0.9126,0.9047,-3.83922,2.50751,-1.56476,-0.66355,-0.32664,2.32259,1.42065,0.75984
mspi_linear+bins,mspi,3,2015,linear+bins,linear+bins,1.35449,1.51139,0.90144,0.89821,-3.99211,2.63012,-1.54105,-0.66745,-0.3135,2.46938,1.43714,0.77718
mspi_linear+bins,mspi,3,2016,linear+bins,linear+bins,1.35449,1.51139,0.91274,0.89503,-3.86645,2.45171,-1.52521,-0.74118,-0.3332,2.45522,1.50232,0.72585
mspi_linear+bins,mspi,3,2017,linear+bins,linear+bins,1.35449,1.51139,0.90324,0.89072,-3.93596,2.4985,-1.63311,-0.71591,-0.32116,2.51449,1.55344,0.82032
mspi_linear+bins,mspi,3,2018,linear+bins,linear+bins,1.35449,1.51139,0.9118,0.8895,-3.85955,2.62583,-1.89677,-0.69106,-0.31343,2.65567,1.57917,0.80215
mspi_linear+bins,mspi,3,2019,linear+bins,linear+bins,1.35449,1.51139,0.91562,0.89215,-4.0025,2.39339,-1.52303,-0.73295,-0.31663,2.51486,1.53131,0.75977
mspi_linear+bins,mspi,3,2020,linear+bins,linear+bins,1.35449,1.51139,0.90614,0.88694,-3.81717,2.51015,-1.63149,-0.70596,-0.38721,2.47936,1.5656,0.74167
mspi_linear+bins,mspi,3,2021,linear+bins,linear+bins,1.35449,1.51139,0.89977,0.89793,-3.83357,2.38279,-1.58047,-0.79519,-0.23332,2.44191,1.47612,0.74785
mspi_linear+bins,mspi,3,2022,linear+bins,linear+bins,1.35449,1.51139,0.90617,0.88837,-4.13572,2.31827,-1.6328,-0.7815,-0.31121,2.23258,1.4268,0.77696
mspi_linear+bins,mspi,3,2023,linear+bins,linear+bins,1.35449,1.51139,0.91154,0.89819,-3.89142,2.45396,-1.58213,-0.66203,-0.33776,2.42011,1.58481,0.72652
mspi_linear+bins,mspi,3,2024,linear+bins,linear+bins,1.35449,1.51139,0.90973,0.88734,-3.67499,2.36022,-1.45915,-0.66576,-0.28932,2.48575,1.5851,0.76856
mspi_linear+bins,mspi,3,2025,linear+bins,linear+bins,1.35449,1.51139,0.90622,0.89668,-3.77917,2.37132,-1.5853,-0.59994,-0.32319,2.59643,1.48014,0.77214
mspi_linear+bins,mspi,3,-1,linear+bins,linear+bins,1.35449,1.51139,0.90787,0.89307,-3.89838,2.49858,-1.5909,-0.69898,-0.32345,2.48366,1.48835,0.76565
mspi_linear+log,mspi,3,1998,linear+log,linear+log,1.35449,1.51139,0.80023,0.88242,0.6721,-0.61532,,,,,,
mspi_linear+log,mspi,3,1999,linear+log,linear+log,1.35449,1.51139,0.81104,0.87831,0.6525,-0.62647,,,,,,
mspi_linear+log,mspi,3,2000,linear+log,linear+log,1.35449,1.51139,0.81211,0.8751,0.64532,-0.62395,,,,,,
mspi_linear+log,mspi,3,2001,linear+log,linear+log,1.35449,1.51139,0.8055,0.88171,0.65455,-0.61375,,,,,,
mspi_linear+log,mspi,3,2002,linear+log,linear+log,1.35449,1.51139,0.80891,0.88189,0.65177,-0.63471,,,,,,
mspi_linear+log,mspi,3,2003,linear+log,linear+log,1.35449,1.51139,0.8243,0.87953,0.6062,-0.64465,,,,,,
mspi_linear+log,mspi,3,2004,linear+log,linear+log,1.35449,1.51139,0.80054,0.86905,0.67687,-0.63006,,,,,,
mspi_linear+log,mspi,3,2005,linear+log,linear+log,1.35449,1.51139,0.81001,0.87356,0.64588,-0.62449,,,,,,
mspi_linear+log,mspi,3,2006,linear+log,linear+log,1.35449,1.51139,0.80721,0.87037,0.66277,-0.63422,,,,,,
mspi_linear+log,mspi,3,2007,linear+log,linear+log,1.35449,1.51139,0.80845,0.87941,0.6608,-0.61472,,,,,,
mspi_linear+log,mspi,3,2008,linear+log,linear+log,1.35449,1.51139,0.80164,0.87307,0.65277,-0.61894,,,,,,
mspi_linear+log,mspi,3,2009,linear+log,linear+log,1.35449,1.51139,0.8179,0.87554,0.64709,-0.62469,,,,,,
mspi_linear+log,mspi,3,2010,linear+log,linear+log,1.35449,1.51139,0.80381,0.88144,0.68204,-0.62388,,,,,,
mspi_linear+log,mspi,3,2011,linear+log,linear+log,1.35449,1.51139,0.81058,0.87782,0.66296,-0.61488,,,,,,
mspi_linear+log,mspi,3,2012,linear+log,linear+log,1.35449,1.51139,0.8135,0.87799,0.64427,-0.6271,,,,,,
mspi_linear+log,mspi,3,2013,linear+log,linear+log,1.35449,1.51139,0.79858,0.88241,0.68136,-0.61702,,,,,,
mspi_linear+log,mspi,3,2014,linear+log,linear+log,1.35449,1.51139,0.81205,0.89132,0.65318,-0.59843,,,,,,
mspi_linear+log,mspi,3,2015,linear+log,linear+log,1.35449,1.51139,0.80455,0.88531,0.64183,-0.61785,,,,,,
mspi_linear+log,mspi,3,2016,linear+log,linear+log,1.35449,1.51139,0.81546,0.88239,0.65571,-0.60779,,,,,,
mspi_linear+log,mspi,3,2017,linear+log,linear+log,1.35449,1.51139,0.79974,0.87676,0.67108,-0.64264,,,,,,
mspi_linear+log,mspi,3,2018,linear+log,linear+log,1.35449,1.51139,0.81279,0.87378,0.66249,-0.65699,,,,,,
mspi_linear+log,mspi,3,2019,linear+log,linear+log,1.35449,1.51139,0.81568,0.87913,0.6572,-0.61767,,,,,,
mspi_linear+log,mspi,3,2020,linear+log,linear+log,1.35449,1.51139,0.80747,0.87243,0.67224,-0.62186,,,,,,
mspi_linear+log,mspi,3,2021,linear+log,linear+log,1.35449,1.51139,0.80197,0.88395,0.63833,-0.60863,,,,,,
mspi_linear+log,mspi,3,2022,linear+log,linear+log,1.35449,1.51139,0.81131,0.87696,0.65468,-0.58386,,,,,,
mspi_linear+log,mspi,3,2023,linear+log,linear+log,1.35449,1.51139,0.81202,0.88296,0.66187,-0.61983,,,,,,
mspi_linear+log,mspi,3,2024,linear+log,linear+log,1.35449,1.51139,0.81202,0.87275,0.628,-0.6293,,,,,,
mspi_linear+log,mspi,3,2025,linear+log,linear+log,1.35449,1.51139,0.80984,0.8823,0.63677,-0.62041,,,,,,
mspi_linear+log,mspi,3,-1,linear+log,linear+log,1.35449,1.51139,0.80888,0.87856,0.65481,-0.6219,,,,,,
mspi_linear+log2,mspi,3,1998,linear+log2,linear+log2,1.35449,1.51139,0.83302,0.90258,1.61802,-2.68325,-0.27449,,,0.58204,,
mspi_linear+log2,mspi,3,1999,linear+log2,linear+log2,1.35449,1.51139,0.84064,0.89811,1.55414,-2.66668,-0.26076,,,0.5741,,
mspi_linear+log2,mspi,3,2000,linear+log2,linear+log2,1.35449,1.51139,0.84569,0.89453,1.62006,-2.65716,-0.28296,,,0.57187,,
mspi_linear+log2,mspi,3,2001,linear+log2,linear+log2,1.35449,1.51139,0.83348,0.90154,1.51286,-2.67975,-0.24732,,,0.58034,,
mspi_linear+log2,mspi,3,2002,linear+log2,linear+log2,1.35449,1.51139,0.83868,0.89916,1.55422,-2.5777,-0.26191,,,0.54733,,
mspi_linear+log2,mspi,3,2003,linear+log2,linear+log2,1.35449,1.51139,0.85287,0.90008,1.46564,-2.78812,-0.24762,,,0.60195,,
mspi_linear+log2,mspi,3,2004,linear+log2,linear+log2,1.35449,1.51139,0.83083,0.89177,1.6043,-2.71993,-0.26862,,,0.58958,,
mspi_linear+log2,mspi,3,2005,linear+log2,linear+log2,1.35449,1.51139,0.84216,0.89428,1.58504,-2.61148,-0.27299,,,0.56055,,
mspi_linear+log2,mspi,3,2006,linear+log2,linear+log2,1.35449,1.51139,0.83786,0.89088,1.5863,-2.68686,-0.26811,,,0.57913,,
mspi_linear+log2,mspi,3,2007,linear+log2,linear+log2,1.35449,1.51139,0.83828,0.89987,1.54793,-2.66847,-0.25667,,,0.57776,,
mspi_linear+log2,mspi,3,2008,linear+log2,linear+log2,1.35449,1.51139,0.83109,0.89277,1.56174,-2.68836,-0.26235,,,0.58189,,
mspi_linear+log2,mspi,3,2009,linear+log2,linear+log2,1.35449,1.51139,0.84575,0.89577,1.49732,-2.70863,-0.24583,,,0.58716,,
mspi_linear+log2,mspi,3,2010,linear+log2,linear+log2,1.35449,1.51139,0.83351,0.90237,1.59742,-2.69965,-0.26517,,,0.58548,,
mspi_linear+log2,mspi,3,2011,linear+log2,linear+log2,1.35449,1.51139,0.83981,0.89664,1.54443,-2.66516,-0.25521,,,0.5775,,
mspi_linear+log2,mspi,3,2012,linear+log2,linear+log2,1.35449,1.51139,0.84308,0.89687,1.52875,-2.70611,-0.25617,,,0.5851,,
mspi_linear+log2,mspi,3,2013,linear+log2,linear+log2,1.35449,1.51139,0.82812,0.90311,1.57123,-2.717,-0.25745,,,0.59135,,
mspi_linear+log2,mspi,3,2014,linear+log2,linear+log2,1.35449,1.51139,0.84122,0.91065,1.52328,-2.601,-0.25157,,,0.56318,,
mspi_linear+log2,mspi,3,2015,linear+log2,linear+log2,1.35449,1.51139,0.83515,0.90508,1.59967,-2.71999,-0.27658,,,0.59101,,
mspi_linear+log2,mspi,3,2016,linear+log2,linear+log2,1.35449,1.51139,0.84705,0.90086,1.59426,-2.65286,-0.27293,,,0.57699,,
mspi_linear+log2,mspi,3,2017,linear+log2,linear+log2,1.35449,1.51139,0.82898,0.89627,1.57098,-2.72261,-0.25978,,,0.58458,,
mspi_linear+log2,mspi,3,2018,linear+log2,linear+log2,1.35449,1.51139,0.84605,0.89311,1.68211,-2.7788,-0.29468,,,0.59572,,
mspi_linear+log2,mspi,3,2019,linear+log2,linear+log2,1.35449,1.51139,0.84852,0.89856,1.60321,-2.67683,-0.27467,,,0.57913,,
mspi_linear+log2,mspi,3,2020,linear+log2,linear+log2,1.35449,1.51139,0.83505,0.89139,1.52931,-2.70245,-0.24716,,,0.58462,,
mspi_linear+log2,mspi,3,2021,linear+log2,linear+log2,1.35449,1.51139,0.83383,0.90283,1.58603,-2.6069,-0.27471,,,0.56153,,
mspi_linear+log2,mspi,3,2022,linear+log2,linear+log2,1.35449,1.51139,0.84691,0.89328,1.73776,-2.45757,-0.3132,,,0.52359,,
mspi_linear+log2,mspi,3,2023,linear+log2,linear+log2,1.35449,1.51139,0.84092,0.90267,1.52877,-2.65591,-0.25088,,,0.57294,,
mspi_linear+log2,mspi,3,2024,linear+log2,linear+log2,1.35449,1.51139,0.83666,0.8921,1.37856,-2.62016,-0.21668,,,0.56067,,
mspi_linear+log2,mspi,3,2025,linear+log2,linear+log2,1.35449,1.51139,0.83776,0.89994,1.50037,-2.63933,-0.24908,,,0.5659,,
mspi_linear+log2,mspi,3,-1,linear+log2,linear+log2,1.35449,1.51139,0.83901,0.89811,1.56337,-2.67006,-0.26295,,,0.57621,,
mspi_linear+sat,mspi,3,1998,linear+sat,linear+sat,1.35449,1.51139,0.84257,0.88794,2.95204,-3.1248,,,,,,
mspi_linear+sat,mspi,3,1999,linear+sat,linear+sat,1.35449,1.51139,0.85145,0.88494,2.86985,-3.16178,,,,,,
mspi_linear+sat,mspi,3,2000,linear+sat,linear+sat,1.35449,1.51139,0.85109,0.88149,2.86513,-3.14989,,,,,,
mspi_linear+sat,mspi,3,2001,linear+sat,linear+sat,1.35449,1.51139,0.8469,0.88747,2.87766,-3.12699,,,,,,
mspi_linear+sat,mspi,3,2002,linear+sat,linear+sat,1.35449,1.51139,0.84918,0.88854,2.84947,-3.16141,,,,,,
mspi_linear+sat,mspi,3,2003,linear+sat,linear+sat,1.35449,1.51139,0.86182,0.88554,2.70243,-3.29334,,,,,,
mspi_linear+sat,mspi,3,2004,linear+sat,linear+sat,1.35449,1.51139,0.8425,0.87616,2.96884,-3.18799,,,,,,
mspi_linear+sat,mspi,3,2005,linear+sat,linear+sat,1.35449,1.51139,0.84968,0.88098,2.83964,-3.1285,,,,,,
mspi_linear+sat,mspi,3,2006,linear+sat,linear+sat,1.35449,1.51139,0.848,0.87754,2.90115,-3.1816,,,,,,
mspi_linear+sat,mspi,3,2007,linear+sat,linear+sat,1.35449,1.51139,0.84954,0.88558,2.91874,-3.13331,,,,,,
mspi_linear+sat,mspi,3,2008,linear+sat,linear+sat,1.35449,1.51139,0.84171,0.8791,2.88591,-3.14714,,,,,,
mspi_linear+sat,mspi,3,2009,linear+sat,linear+sat,1.35449,1.51139,0.85939,0.88147,2.81812,-3.16114,,,,,,
mspi_linear+sat,mspi,3,2010,linear+sat,linear+sat,1.35449,1.51139,0.84604,0.88821,2.98314,-3.14869,,,,,,
mspi_linear+sat,mspi,3,2011,linear+sat,linear+sat,1.35449,1.51139,0.85243,0.8833,2.89463,-3.11339,,,,,,
mspi_linear+sat,mspi,3,2012,linear+sat,linear+sat,1.35449,1.51139,0.85347,0.88381,2.82979,-3.1715,,,,,,
mspi_linear+sat,mspi,3,2013,linear+sat,linear+sat,1.35449,1.51139,0.84206,0.88805,2.97224,-3.14009,,,,,,
mspi_linear+sat,mspi,3,2014,linear+sat,linear+sat,1.35449,1.51139,0.85405,0.89686,2.8537,-3.0425,,,,,,
mspi_linear+sat,mspi,3,2015,linear+sat,linear+sat,1.35449,1.51139,0.8414,0.89066,2.87336,-3.15425,,,,,,
mspi_linear+sat,mspi,3,2016,linear+sat,linear+sat,1.35449,1.51139,0.8556,0.88709,2.876,-3.08088,,,,,,
mspi_linear+sat,mspi,3,2017,linear+sat,linear+sat,1.35449,1.51139,0.84166,0.88348,2.95075,-3.24064,,,,,,
mspi_linear+sat,mspi,3,2018,linear+sat,linear+sat,1.35449,1.51139,0.85067,0.88034,2.97792,-3.32875,,,,,,
mspi_linear+sat,mspi,3,2019,linear+sat,linear+sat,1.35449,1.51139,0.85644,0.88495,2.89858,-3.13058,,,,,,
mspi_linear+sat,mspi,3,2020,linear+sat,linear+sat,1.35449,1.51139,0.85071,0.87779,2.92436,-3.1613,,,,,,
mspi_linear+sat,mspi,3,2021,linear+sat,linear+sat,1.35449,1.51139,0.83977,0.89021,2.83854,-3.07783,,,,,,
mspi_linear+sat,mspi,3,2022,linear+sat,linear+sat,1.35449,1.51139,0.84682,0.88304,2.97855,-2.96558,,,,,,
mspi_linear+sat,mspi,3,2023,linear+sat,linear+sat,1.35449,1.51139,0.85411,0.88926,2.88616,-3.13221,,,,,,
mspi_linear+sat,mspi,3,2024,linear+sat,linear+sat,1.35449,1.51139,0.85303,0.88029,2.71913,-3.14817,,,,,,
mspi_linear+sat,mspi,3,2025,linear+sat,linear+sat,1.35449,1.51139,0.84866,0.8879,2.81326,-3.14861,,,,,,
mspi_linear+sat,mspi,3,-1,linear+sat,linear+sat,1.35449,1.51139,0.84931,0.88471,2.88287,-3.14784,,,,,,
mspi_linear+sat500,mspi,3,1998,linear+sat500,linear+sat500,1.35449,1.51139,0.86646,0.90266,3.37939,-3.61823,,,,,,
mspi_linear+sat500,mspi,3,1999,linear+sat500,linear+sat500,1.35449,1.51139,0.87464,0.90024,3.28459,-3.65803,,,,,,
mspi_linear+sat500,mspi,3,2000,linear+sat500,linear+sat500,1.35449,1.51139,0.87412,0.89669,3.28555,-3.64271,,,,,,
mspi_linear+sat500,mspi,3,2001,linear+sat500,linear+sat500,1.35449,1.51139,0.87009,0.90249,3.30326,-3.6257,,,,,,
mspi_linear+sat500,mspi,3,2002,linear+sat500,linear+sat500,1.35449,1.51139,0.87255,0.90375,3.25058,-3.64727,,,,,,
mspi_linear+sat500,mspi,3,2003,linear+sat500,linear+sat500,1.35449,1.51139,0.88288,0.90085,3.13026,-3.8606,,,,,,
mspi_linear+sat500,mspi,3,2004,linear+sat500,linear+sat500,1.35449,1.51139,0.86647,0.89151,3.40396,-3.70587,,,,,,
mspi_linear+sat500,mspi,3,2005,linear+sat500,linear+sat500,1.35449,1.51139,0.8724,0.89671,3.24557,-3.61062,,,,,,
mspi_linear+sat500,mspi,3,2006,linear+sat500,linear+sat500,1.35449,1.51139,0.87142,0.89292,3.31168,-3.67752,,,,,,
mspi_linear+sat500,mspi,3,2007,linear+sat500,linear+sat500,1.35449,1.51139,0.87223,0.90061,3.37331,-3.65004,,,,,,
mspi_linear+sat500,mspi,3,2008,linear+sat500,linear+sat500,1.35449,1.51139,0.86442,0.89443,3.32584,-3.65678,,,,,,
mspi_linear+sat500,mspi,3,2009,linear+sat500,linear+sat500,1.35449,1.51139,0.88264,0.89661,3.21432,-3.66456,,,,,,
mspi_linear+sat500,mspi,3,2010,linear+sat500,linear+sat500,1.35449,1.51139,0.86992,0.90353,3.42101,-3.64482,,,,,,
mspi_linear+sat500,mspi,3,2011,linear+sat500,linear+sat500,1.35449,1.51139,0.87593,0.89803,3.30856,-3.60274,,,,,,
mspi_linear+sat500,mspi,3,2012,linear+sat500,linear+sat500,1.35449,1.51139,0.87603,0.89879,3.24047,-3.67259,,,,,,
mspi_linear+sat500,mspi,3,2013,linear+sat500,linear+sat500,1.35449,1.51139,0.86633,0.90302,3.39723,-3.64226,,,,,,
mspi_linear+sat500,mspi,3,2014,linear+sat500,linear+sat500,1.35449,1.51139,0.87753,0.91157,3.25863,-3.52529,,,,,,
mspi_linear+sat500,mspi,3,2015,linear+sat500,linear+sat500,1.35449,1.51139,0.86351,0.90588,3.31555,-3.66032,,,,,,
mspi_linear+sat500,mspi,3,2016,linear+sat500,linear+sat500,1.35449,1.51139,0.87876,0.90139,3.2899,-3.56996,,,,,,
mspi_linear+sat500,mspi,3,2017,linear+sat500,linear+sat500,1.35449,1.51139,0.8656,0.8994,3.37866,-3.73698,,,,,,
mspi_linear+sat500,mspi,3,2018,linear+sat500,linear+sat500,1.35449,1.51139,0.8737,0.89632,3.43406,-3.85839,,,,,,
mspi_linear+sat500,mspi,3,2019,linear+sat500,linear+sat500,1.35449,1.51139,0.87937,0.89991,3.32788,-3.61445,,,,,,
mspi_linear+sat500,mspi,3,2020,linear+sat500,linear+sat500,1.35449,1.51139,0.87488,0.89276,3.32736,-3.65485,,,,,,
mspi_linear+sat500,mspi,3,2021,linear+sat500,linear+sat500,1.35449,1.51139,0.86221,0.90535,3.25323,-3.54901,,,,,,
mspi_linear+sat500,mspi,3,2022,linear+sat500,linear+sat500,1.35449,1.51139,0.86931,0.89741,3.4495,-3.42484,,,,,,
mspi_linear+sat500,mspi,3,2023,linear+sat500,linear+sat500,1.35449,1.51139,0.87717,0.90407,3.29808,-3.61578,,,,,,
mspi_linear+sat500,mspi,3,2024,linear+sat500,linear+sat500,1.35449,1.51139,0.87495,0.89589,3.10181,-3.62126,,,,,,
mspi_linear+sat500,mspi,3,2025,linear+sat500,linear+sat500,1.35449,1.51139,0.87067,0.90303,3.22338,-3.63035,,,,,,
mspi_linear+sat500,mspi,3,-1,linear+sat500,linear+sat500,1.35449,1.51139,0.87236,0.89985,3.30458,-3.64413,,,,,,
mspi_linear+sat2000,mspi,3,1998,linear+sat2000,linear+sat2000,1.35449,1.51139,0.82247,0.87946,2.60355,-2.66166,,,,,,
mspi_linear+sat2000,mspi,3,1999,linear+sat2000,linear+sat2000,1.35449,1.51139,0.83208,0.87583,2.52985,-2.69794,,,,,,
mspi_linear+sat2000,mspi,3,2000,linear+sat2000,linear+sat2000,1.35449,1.51139,0.83214,0.87244,2.51821,-2.69011,,,,,,
mspi_linear+sat2000,mspi,3,2001,linear+sat2000,linear+sat2000,1.35449,1.51139,0.82738,0.87866,2.53342,-2.66134,,,,,,
mspi_linear+sat2000,mspi,3,2002,linear+sat2000,linear+sat2000,1.35449,1.51139,0.82961,0.87952,2.52045,-2.70839,,,,,,
mspi_linear+sat2000,mspi,3,2003,linear+sat2000,linear+sat2000,1.35449,1.51139,0.84424,0.87653,2.36146,-2.78901,,,,,,
mspi_linear+sat2000,mspi,3,2004,linear+sat2000,linear+sat2000,1.35449,1.51139,0.8223,0.86696,2.61837,-2.71311,,,,,,
mspi_linear+sat2000,mspi,3,2005,linear+sat2000,linear+sat2000,1.35449,1.51139,0.83054,0.87142,2.507,-2.67869,,,,,,
mspi_linear+sat2000,mspi,3,2006,linear+sat2000,linear+sat2000,1.35449,1.51139,0.82845,0.86818,2.56336,-2.72075,,,,,,
mspi_linear+sat2000,mspi,3,2007,linear+sat2000,linear+sat2000,1.35449,1.51139,0.83058,0.87667,2.55612,-2.65965,,,,,,
mspi_linear+sat2000,mspi,3,2008,linear+sat2000,linear+sat2000,1.35449,1.51139,0.82259,0.87002,2.5348,-2.67736,,,,,,
mspi_linear+sat2000,mspi,3,2009,linear+sat2000,linear+sat2000,1.35449,1.51139,0.83962,0.87263,2.49564,-2.69436,,,,,,
mspi_linear+sat2000,mspi,3,2010,linear+sat2000,linear+sat2000,1.35449,1.51139,0.82594,0.87904,2.6321,-2.68655,,,,,,
mspi_linear+sat2000,mspi,3,2011,linear+sat2000,linear+sat2000,1.35449,1.51139,0.83258,0.87469,2.55841,-2.655,,,,,,
mspi_linear+sat2000,mspi,3,2012,linear+sat2000,linear+sat2000,1.35449,1.51139,0.83452,0.87494,2.49504,-2.70631,,,,,,
mspi_linear+sat2000,mspi,3,2013,linear+sat2000,linear+sat2000,1.35449,1.51139,0.82163,0.87934,2.62637,-2.67224,,,,,,
mspi_linear+sat2000,mspi,3,2014,linear+sat2000,linear+sat2000,1.35449,1.51139,0.83404,0.88822,2.52455,-2.59252,,,,,,
mspi_linear+sat2000,mspi,3,2015,linear+sat2000,linear+sat2000,1.35449,1.51139,0.82345,0.88181,2.51294,-2.6825,,,,,,
mspi_linear+sat2000,mspi,3,2016,linear+sat2000,linear+sat2000,1.35449,1.51139,0.83623,0.87893,2.53946,-2.62495,,,,,,
mspi_linear+sat2000,mspi,3,2017,linear+sat2000,linear+sat2000,1.35449,1.51139,0.82165,0.87395,2.60005,-2.77094,,,,,,
mspi_linear+sat2000,mspi,3,2018,linear+sat2000,linear+sat2000,1.35449,1.51139,0.83219,0.871,2.60039,-2.83383,,,,,,
mspi_linear+sat2000,mspi,3,2019,linear+sat2000,linear+sat2000,1.35449,1.51139,0.8371,0.87615,2.5517,-2.67277,,,,,,
mspi_linear+sat2000,mspi,3,2020,linear+sat2000,linear+sat2000,1.35449,1.51139,0.83011,0.86911,2.59299,-2.69474,,,,,,
mspi_linear+sat2000,mspi,3,2021,linear+sat2000,linear+sat2000,1.35449,1.51139,0.82147,0.88117,2.49307,-2.63037,,,,,,
mspi_linear+sat2000,mspi,3,2022,linear+sat2000,linear+sat2000,1.35449,1.51139,0.82912,0.87452,2.58982,-2.52771,,,,,,
mspi_linear+sat2000,mspi,3,2023,linear+sat2000,linear+sat2000,1.35449,1.51139,0.83438,0.8804,2.55289,-2.67568,,,,,,
mspi_linear+sat2000,mspi,3,2024,linear+sat2000,linear+sat2000,1.35449,1.51139,0.8342,0.8707,2.40828,-2.70022,,,,,,
mspi_linear+sat2000,mspi,3,2025,linear+sat2000,linear+sat2000,1.35449,1.51139,0.83027,0.87915,2.47522,-2.68627,,,,,,
mspi_linear+sat2000,mspi,3,-1,linear+sat2000,linear+sat2000,1.35449,1.51139,0.83002,0.87576,2.53931,-2.68438,,,,,,
mspi_poly2+sat,mspi,3,1998,poly2+sat,poly2+sat,1.35449,1.51139,0.75176,0.8811,0.0722,-0.01442,3.22801,,,-3.09398,,
mspi_poly2+sat,mspi,3,1999,poly2+sat,poly2+sat,1.35449,1.51139,0.75573,0.87766,0.07627,-0.01561,3.15639,,,-3.12843,,
mspi_poly2+sat,mspi,3,2000,poly2+sat,poly2+sat,1.35449,1.51139,0.75748,0.87263,0.07474,-0.01879,3.14366,,,-3.11173,,
mspi_poly2+sat,mspi,3,2001,poly2+sat,poly2+sat,1.35449,1.51139,0.76131,0.87953,0.06769,-0.01662,3.13595,,,-3.092,,
mspi_poly2+sat,mspi,3,2002,poly2+sat,poly2+sat,1.35449,1.51139,0.76253,0.88071,0.06918,-0.01648,3.10949,,,-3.12575,,
mspi_poly2+sat,mspi,3,2003,poly2+sat,poly2+sat,1.35449,1.51139,0.77745,0.87636,0.06712,-0.01939,2.95962,,,-3.25608,,
mspi_poly2+sat,mspi,3,2004,poly2+sat,poly2+sat,1.35449,1.51139,0.7545,0.86986,0.07088,-0.01364,3.23147,,,-3.15806,,
mspi_poly2+sat,mspi,3,2005,poly2+sat,poly2+sat,1.35449,1.51139,0.76705,0.87227,0.06634,-0.01811,3.08874,,,-3.09263,,
mspi_poly2+sat,mspi,3,2006,poly2+sat,poly2+sat,1.35449,1.51139,0.76274,0.8706,0.06856,-0.01539,3.1557,,,-3.14855,,
mspi_poly2+sat,mspi,3,2007,poly2+sat,poly2+sat,1.35449,1.51139,0.76295,0.87871,0.06933,-0.01434,3.18549,,,-3.10243,,
mspi_poly2+sat,mspi,3,2008,poly2+sat,poly2+sat,1.35449,1.51139,0.73826,0.87262,0.08333,-0.01411,3.19694,,,-3.11605,,
mspi_poly2+sat,mspi,3,2009,poly2+sat,poly2+sat,1.35449,1.51139,0.76737,0.87457,0.07355,-0.01464,3.09496,,,-3.12902,,
mspi_poly2+sat,mspi,3,2010,poly2+sat,poly2+sat,1.35449,1.51139,0.74934,0.87748,0.07634,-0.0226,3.28245,,,-3.1051,,
mspi_poly2+sat,mspi,3,2011,poly2+sat,poly2+sat,1.35449,1.51139,0.74873,0.87763,0.08306,-0.01219,3.20417,,,-3.08532,,
mspi_poly2+sat,mspi,3,2012,poly2+sat,poly2+sat,1.35449,1.51139,0.75992,0.87596,0.07459,-0.01654,3.10727,,,-3.13452,,
mspi_poly2+sat,mspi,3,2013,poly2+sat,poly2+sat,1.35449,1.51139,0.7527,0.88248,0.07092,-0.012,3.24036,,,-3.11374,,
mspi_poly2+sat,mspi,3,2014,poly2+sat,poly2+sat,1.35449,1.51139,0.76425,0.88841,0.07219,-0.01808,3.12183,,,-3.00421,,
mspi_poly2+sat,mspi,3,2015,poly2+sat,poly2+sat,1.35449,1.51139,0.745,0.88318,0.0772,-0.01579,3.16194,,,-3.12067,,
mspi_poly2+sat,mspi,3,2016,poly2+sat,poly2+sat,1.35449,1.51139,0.77402,0.87954,0.06561,-0.01564,3.12328,,,-3.04864,,
mspi_poly2+sat,mspi,3,2017,poly2+sat,poly2+sat,1.35449,1.51139,0.74918,0.87597,0.07606,-0.01569,3.22565,,,-3.20815,,
mspi_poly2+sat,mspi,3,2018,poly2+sat,poly2+sat,1.35449,1.51139,0.75582,0.87318,0.0766,-0.01504,3.26571,,,-3.29591,,
mspi_poly2+sat,mspi,3,2019,poly2+sat,poly2+sat,1.35449,1.51139,0.77263,0.8752,0.06739,-0.01982,3.14424,,,-3.08781,,
mspi_poly2+sat,mspi,3,2020,poly2+sat,poly2+sat,1.35449,1.51139,0.76012,0.8672,0.07263,-0.02182,3.19857,,,-3.1155,,
mspi_poly2+sat,mspi,3,2021,poly2+sat,poly2+sat,1.35449,1.51139,0.75399,0.88135,0.06818,-0.01839,3.09654,,,-3.03962,,
mspi_poly2+sat,mspi,3,2022,poly2+sat,poly2+sat,1.35449,1.51139,0.75033,0.87234,0.07703,-0.02206,3.2746,,,-2.91811,,
mspi_poly2+sat,mspi,3,2023,poly2+sat,poly2+sat,1.35449,1.51139,0.7641,0.88247,0.07136,-0.0139,3.15452,,,-3.10122,,
mspi_poly2+sat,mspi,3,2024,poly2+sat,poly2+sat,1.35449,1.51139,0.76121,0.87101,0.07361,-0.01924,2.99873,,,-3.10741,,
mspi_poly2+sat,mspi,3,2025,poly2+sat,poly2+sat,1.35449,1.51139,0.7614,0.87807,0.06996,-0.02064,3.08201,,,-3.10373,,
mspi_poly2+sat,mspi,3,-1,poly2+sat,poly2+sat,1.35449,1.51139,0.75863,0.87671,0.07256,-0.01682,3.15604,,,-3.11221,,
mspi_hinge+sat,mspi,3,1998,hinge+sat,hinge+sat,1.35449,1.51139,0.99073,0.81267,0.54343,0.94792,3.19251,,,-3.0775,,
mspi_hinge+sat,mspi,3,1999,hinge+sat,hinge+sat,1.35449,1.51139,1.0128,0.80991,0.5259,0.94512,3.12739,,,-3.11408,,
mspi_hinge+sat,mspi,3,2000,hinge+sat,hinge+sat,1.35449,1.51139,1.00655,0.79933,0.53799,0.9474,3.11111,,,-3.09856,,
mspi_hinge+sat,mspi,3,2001,hinge+sat,hinge+sat,1.35449,1.51139,0.98584,0.80351,0.5651,0.9544,3.10529,,,-3.07404,,
mspi_hinge+sat,mspi,3,2002,hinge+sat,hinge+sat,1.35449,1.51139,0.99209,0.80569,0.56213,0.95476,3.07603,,,-3.10832,,
mspi_hinge+sat,mspi,3,2003,hinge+sat,hinge+sat,1.35449,1.51139,1.0042,0.80155,0.57486,0.95278,2.93527,,,-3.24341,,
mspi_hinge+sat,mspi,3,2004,hinge+sat,hinge+sat,1.35449,1.51139,0.98708,0.80809,0.55332,0.93087,3.19464,,,-3.14391,,
mspi_hinge+sat,mspi,3,2005,hinge+sat,hinge+sat,1.35449,1.51139,0.98665,0.79618,0.57486,0.94851,3.05828,,,-3.07763,,
mspi_hinge+sat,mspi,3,2006,hinge+sat,hinge+sat,1.35449,1.51139,0.99519,0.80228,0.55291,0.9383,3.13406,,,-3.13364,,
mspi_hinge+sat,mspi,3,2007,hinge+sat,hinge+sat,1.35449,1.51139,0.99092,0.81661,0.5649,0.9405,3.15072,,,-3.08902,,
mspi_hinge+sat,mspi,3,2008,hinge+sat,hinge+sat,1.35449,1.51139,1.02238,0.80768,0.48014,0.93659,3.17222,,,-3.10166,,
mspi_hinge+sat,mspi,3,2009,hinge+sat,hinge+sat,1.35449,1.51139,1.02109,0.80988,0.53375,0.93883,3.0757,,,-3.11409,,
mspi_hinge+sat,mspi,3,2010,hinge+sat,hinge+sat,1.35449,1.51139,1.00888,0.78526,0.51481,0.97076,3.25836,,,-3.08734,,
mspi_hinge+sat,mspi,3,2011,hinge+sat,hinge+sat,1.35449,1.51139,1.02793,0.81527,0.49953,0.9378,3.17299,,,-3.06961,,
mspi_hinge+sat,mspi,3,2012,hinge+sat,hinge+sat,1.35449,1.51139,1.00911,0.80396,0.5394,0.94769,3.07606,,,-3.11936,,
mspi_hinge+sat,mspi,3,2013,hinge+sat,hinge+sat,1.35449,1.51139,0.99014,0.82569,0.54322,0.9381,3.20902,,,-3.10059,,
mspi_hinge+sat,mspi,3,2014,hinge+sat,hinge+sat,1.35449,1.51139,1.00578,0.81215,0.54989,0.96505,3.09323,,,-2.9886,,
mspi_hinge+sat,mspi,3,2015,hinge+sat,hinge+sat,1.35449,1.51139,1.00398,0.8138,0.51421,0.95221,3.13172,,,-3.1057,,
mspi_hinge+sat,mspi,3,2016,hinge+sat,hinge+sat,1.35449,1.51139,0.99497,0.81157,0.5753,0.94723,3.09939,,,-3.03331,,
mspi_hinge+sat,mspi,3,2017,hinge+sat,hinge+sat,1.35449,1.51139,0.99974,0.8032,0.5282,0.9474,3.19437,,,-3.19085,,
mspi_hinge+sat,mspi,3,2018,hinge+sat,hinge+sat,1.35449,1.51139,1.01175,0.80719,0.52777,0.93875,3.23373,,,-3.28167,,
mspi_hinge+sat,mspi,3,2019,hinge+sat,hinge+sat,1.35449,1.51139,0.99429,0.79238,0.58008,0.95826,3.11087,,,-3.07073,,
mspi_hinge+sat,mspi,3,2020,hinge+sat,hinge+sat,1.35449,1.51139,1.00507,0.78205,0.54107,0.95408,3.1714,,,-3.09979,,
mspi_hinge+sat,mspi,3,2021,hinge+sat,hinge+sat,1.35449,1.51139,0.97886,0.80183,0.5589,0.96064,3.06204,,,-3.02253,,
mspi_hinge+sat,mspi,3,2022,hinge+sat,hinge+sat,1.35449,1.51139,1.01039,0.77891,0.51741,0.966,3.2457,,,-2.89769,,
mspi_hinge+sat,mspi,3,2023,hinge+sat,hinge+sat,1.35449,1.51139,1.00332,0.81999,0.55149,0.94424,3.12645,,,-3.08742,,
mspi_hinge+sat,mspi,3,2024,hinge+sat,hinge+sat,1.35449,1.51139,1.00769,0.79331,0.54234,0.94971,2.9696,,,-3.09231,,
mspi_hinge+sat,mspi,3,2025,hinge+sat,hinge+sat,1.35449,1.51139,0.99637,0.7935,0.55222,0.96346,3.05468,,,-3.08666,,
mspi_hinge+sat,mspi,3,-1,hinge+sat,hinge+sat,1.35449,1.51139,1.00155,0.80405,0.54304,0.94918,3.12657,,,-3.09671,,
mspi_linear,mspi,4,1998,linear,linear,1.40766,1.56479,0.95518,0.98491,,,,,,,,
mspi_linear,mspi,4,1999,linear,linear,1.40766,1.56479,0.95867,0.98383,,,,,,,,
mspi_linear,mspi,4,2000,linear,linear,1.40766,1.56479,0.95962,0.97931,,,,,,,,
mspi_linear,mspi,4,2001,linear,linear,1.40766,1.56479,0.95567,0.98279,,,,,,,,
mspi_linear,mspi,4,2002,linear,linear,1.40766,1.56479,0.95528,0.98961,,,,,,,,
mspi_linear,mspi,4,2003,linear,linear,1.40766,1.56479,0.95307,0.99033,,,,,,,,
mspi_linear,mspi,4,2004,linear,linear,1.40766,1.56479,0.95371,0.97663,,,,,,,,
mspi_linear,mspi,4,2005,linear,linear,1.40766,1.56479,0.95387,0.97908,,,,,,,,
mspi_linear,mspi,4,2006,linear,linear,1.40766,1.56479,0.95488,0.97542,,,,,,,,
mspi_linear,mspi,4,2007,linear,linear,1.40766,1.56479,0.95879,0.98004,,,,,,,,
mspi_linear,mspi,4,2008,linear,linear,1.40766,1.56479,0.94973,0.9766,,,,,,,,
mspi_linear,mspi,4,2009,linear,linear,1.40766,1.56479,0.96423,0.98097,,,,,,,,
mspi_linear,mspi,4,2010,linear,linear,1.40766,1.56479,0.95763,0.98534,,,,,,,,
mspi_linear,mspi,4,2011,linear,linear,1.40766,1.56479,0.95863,0.97667,,,,,,,,
mspi_linear,mspi,4,2012,linear,linear,1.40766,1.56479,0.95645,0.98109,,,,,,,,
mspi_linear,mspi,4,2013,linear,linear,1.40766,1.56479,0.95404,0.9811,,,,,,,,
mspi_linear,mspi,4,2014,linear,linear,1.40766,1.56479,0.96198,0.98798,,,,,,,,
mspi_linear,mspi,4,2015,linear,linear,1.40766,1.56479,0.94956,0.98713,,,,,,,,
mspi_linear,mspi,4,2016,linear,linear,1.40766,1.56479,0.96277,0.979,,,,,,,,
mspi_linear,mspi,4,2017,linear,linear,1.40766,1.56479,0.95129,0.98461,,,,,,,,
mspi_linear,mspi,4,2018,linear,linear,1.40766,1.56479,0.9573,0.98163,,,,,,,,
mspi_linear,mspi,4,2019,linear,linear,1.40766,1.56479,0.96596,0.98159,,,,,,,,
mspi_linear,mspi,4,2020,linear,linear,1.40766,1.56479,0.95857,0.97722,,,,,,,,
mspi_linear,mspi,4,2021,linear,linear,1.40766,1.56479,0.94297,0.98574,,,,,,,,
mspi_linear,mspi,4,2022,linear,linear,1.40766,1.56479,0.96065,0.97289,,,,,,,,
mspi_linear,mspi,4,2023,linear,linear,1.40766,1.56479,0.96124,0.98335,,,,,,,,
mspi_linear,mspi,4,2024,linear,linear,1.40766,1.56479,0.94919,0.97715,,,,,,,,
mspi_linear,mspi,4,2025,linear,linear,1.40766,1.56479,0.94974,0.98601,,,,,,,,
mspi_linear,mspi,4,-1,linear,linear,1.40766,1.56479,0.95609,0.9817,,,,,,,,
mspi_poly2,mspi,4,1998,poly2,poly2,1.40766,1.56479,0.92916,0.95742,0.02517,-0.04437,,,,,,
mspi_poly2,mspi,4,1999,poly2,poly2,1.40766,1.56479,0.92618,0.95711,0.03118,-0.04405,,,,,,
mspi_poly2,mspi,4,2000,poly2,poly2,1.40766,1.56479,0.93016,0.95141,0.02826,-0.04628,,,,,,
mspi_poly2,mspi,4,2001,poly2,poly2,1.40766,1.56479,0.93412,0.9542,0.02103,-0.04666,,,,,,
mspi_poly2,mspi,4,2002,poly2,poly2,1.40766,1.56479,0.93,0.9618,0.0246,-0.04542,,,,,,
mspi_poly2,mspi,4,2003,poly2,poly2,1.40766,1.56479,0.92249,0.96054,0.02957,-0.04979,,,,,,
mspi_poly2,mspi,4,2004,poly2,poly2,1.40766,1.56479,0.92797,0.95048,0.02523,-0.04284,,,,,,
mspi_poly2,mspi,4,2005,poly2,poly2,1.40766,1.56479,0.93026,0.95101,0.02323,-0.0462,,,,,,
mspi_poly2,mspi,4,2006,poly2,poly2,1.40766,1.56479,0.93042,0.95002,0.02387,-0.04265,,,,,,
mspi_poly2,mspi,4,2007,poly2,poly2,1.40766,1.56479,0.93586,0.95383,0.02229,-0.04204,,,,,,
mspi_poly2,mspi,4,2008,poly2,poly2,1.40766,1.56479,0.91221,0.94979,0.03607,-0.04381,,,,,,
mspi_poly2,mspi,4,2009,poly2,poly2,1.40766,1.56479,0.93622,0.95462,0.02712,-0.04278,,,,,,
mspi_poly2,mspi,4,2010,poly2,poly2,1.40766,1.56479,0.93131,0.9566,0.02548,-0.04705,,,,,,
mspi_poly2,mspi,4,2011,poly2,poly2,1.40766,1.56479,0.92189,0.95204,0.03515,-0.03981,,,,,,
mspi_poly2,mspi,4,2012,poly2,poly2,1.40766,1.56479,0.92422,0.95357,0.03088,-0.04488,,,,,,
mspi_poly2,mspi,4,2013,poly2,poly2,1.40766,1.56479,0.92763,0.95426,0.02553,-0.04377,,,,,,
mspi_poly2,mspi,4,2014,poly2,poly2,1.40766,1.56479,0.92915,0.96022,0.03198,-0.04548,,,,,,
mspi_poly2,mspi,4,2015,poly2,poly2,1.40766,1.56479,0.91699,0.95944,0.03159,-0.04489,,,,,,
mspi_poly2,mspi,4,2016,poly2,poly2,1.40766,1.56479,0.9444,0.95187,0.01826,-0.04364,,,,,,
mspi_poly2,mspi,4,2017,poly2,poly2,1.40766,1.56479,0.92007,0.95691,0.03074,-0.04447,,,,,,
mspi_poly2,mspi,4,2018,poly2,poly2,1.40766,1.56479,0.9261,0.95456,0.03033,-0.04356,,,,,,
mspi_poly2,mspi,4,2019,poly2,poly2,1.40766,1.56479,0.94176,0.95198,0.02367,-0.04737,,,,,,
mspi_poly2,mspi,4,2020,poly2,poly2,1.40766,1.56479,0.93009,0.94797,0.02755,-0.04695,,,,,,
mspi_poly2,mspi,4,2021,poly2,poly2,1.40766,1.56479,0.91803,0.95791,0.0241,-0.04509,,,,,,
mspi_poly2,mspi,4,2022,poly2,poly2,1.40766,1.56479,0.92769,0.94233,0.03175,-0.04928,,,,,,
mspi_poly2,mspi,4,2023,poly2,poly2,1.40766,1.56479,0.93217,0.95613,0.02778,-0.04362,,,,,,
mspi_poly2,mspi,4,2024,poly2,poly2,1.40766,1.56479,0.91466,0.94827,0.03338,-0.04666,,,,,,
mspi_poly2,mspi,4,2025,poly2,poly2,1.40766,1.56479,0.92285,0.95765,0.02622,-0.0461,,,,,,
mspi_poly2,mspi,4,-1,poly2,poly2,1.40766,1.56479,0.92763,0.95405,0.02758,-0.04498,,,,,,
mspi_hinge,mspi,4,1998,hinge,hinge,1.40766,1.56479,0.99851,0.77214,0.88281,1.14004,,,,,,
mspi_hinge,mspi,4,1999,hinge,hinge,1.40766,1.56479,1.02139,0.77418,0.85166,1.13785,,,,,,
mspi_hinge,mspi,4,2000,hinge,hinge,1.40766,1.56479,1.01313,0.76593,0.86879,1.1367,,,,,,
mspi_hinge,mspi,4,2001,hinge,hinge,1.40766,1.56479,0.9891,0.75829,0.90124,1.14742,,,,,,
mspi_hinge,mspi,4,2002,hinge,hinge,1.40766,1.56479,0.99922,0.77577,0.8821,1.14635,,,,,,
mspi_hinge,mspi,4,2003,hinge,hinge,1.40766,1.56479,1.01349,0.76732,0.85062,1.15453,,,,,,
mspi_hinge,mspi,4,2004,hinge,hinge,1.40766,1.56479,1.00046,0.77107,0.87564,1.12735,,,,,,
mspi_hinge,mspi,4,2005,hinge,hinge,1.40766,1.56479,0.99338,0.75846,0.88895,1.14114,,,,,,
mspi_hinge,mspi,4,2006,hinge,hinge,1.40766,1.56479,0.9993,0.77179,0.88071,1.1259,,,,,,
mspi_hinge,mspi,4,2007,hinge,hinge,1.40766,1.56479,0.99275,0.78039,0.90272,1.1255,,,,,,
mspi_hinge,mspi,4,2008,hinge,hinge,1.40766,1.56479,1.02505,0.76819,0.82073,1.12949,,,,,,
mspi_hinge,mspi,4,2009,hinge,hinge,1.40766,1.56479,1.02195,0.77471,0.86629,1.13185,,,,,,
mspi_hinge,mspi,4,2010,hinge,hinge,1.40766,1.56479,1.00825,0.76319,0.87244,1.14864,,,,,,
mspi_hinge,mspi,4,2011,hinge,hinge,1.40766,1.56479,1.03023,0.77783,0.83593,1.12225,,,,,,
mspi_hinge,mspi,4,2012,hinge,hinge,1.40766,1.56479,1.01768,0.76775,0.85193,1.13775,,,,,,
mspi_hinge,mspi,4,2013,hinge,hinge,1.40766,1.56479,1.00129,0.77351,0.87472,1.13336,,,,,,
mspi_hinge,mspi,4,2014,hinge,hinge,1.40766,1.56479,1.02368,0.77381,0.85773,1.14554,,,,,,
mspi_hinge,mspi,4,2015,hinge,hinge,1.40766,1.56479,1.01107,0.77276,0.84527,1.1441,,,,,,
mspi_hinge,mspi,4,2016,hinge,hinge,1.40766,1.56479,0.9966,0.77032,0.90728,1.13109,,,,,,
mspi_hinge,mspi,4,2017,hinge,hinge,1.40766,1.56479,1.00932,0.76967,0.85378,1.14134,,,,,,
mspi_hinge,mspi,4,2018,hinge,hinge,1.40766,1.56479,1.02008,0.77492,0.8508,1.13257,,,,,,
mspi_hinge,mspi,4,2019,hinge,hinge,1.40766,1.56479,1.00658,0.75805,0.89877,1.1442,,,,,,
mspi_hinge,mspi,4,2020,hinge,hinge,1.40766,1.56479,1.01218,0.75929,0.86803,1.13626,,,,,,
mspi_hinge,mspi,4,2021,hinge,hinge,1.40766,1.56479,0.98531,0.76959,0.87226,1.14401,,,,,,
mspi_hinge,mspi,4,2022,hinge,hinge,1.40766,1.56479,1.02511,0.73975,0.85101,1.14342,,,,,,
mspi_hinge,mspi,4,2023,hinge,hinge,1.40766,1.56479,1.01427,0.77475,0.87084,1.13561,,,,,,
mspi_hinge,mspi,4,2024,hinge,hinge,1.40766,1.56479,1.01695,0.76027,0.83393,1.13586,,,,,,
mspi_hinge,mspi,4,2025,hinge,hinge,1.40766,1.56479,0.9994,0.7698,0.86673,1.14443,,,,,,
mspi_hinge,mspi,4,-1,hinge,hinge,1.40766,1.56479,1.0088,0.76832,0.8672,1.13801,,,,,,
mspi_linear+unseen,mspi,4,1998,linear+unseen,linear+unseen,1.40766,1.56479,0.93336,0.96935,-4.20543,3.77957,,,,,,
mspi_linear+unseen,mspi,4,1999,linear+unseen,linear+unseen,1.40766,1.56479,0.93668,0.96807,-4.20542,3.88571,,,,,,
mspi_linear+unseen,mspi,4,2000,linear+unseen,linear+unseen,1.40766,1.56479,0.93728,0.96353,-4.15326,3.89462,,,,,,
mspi_linear+unseen,mspi,4,2001,linear+unseen,linear+unseen,1.40766,1.56479,0.93434,0.9689,-4.3738,3.74256,,,,,,
mspi_linear+unseen,mspi,4,2002,linear+unseen,linear+unseen,1.40766,1.56479,0.9339,0.97412,-4.07861,3.78588,,,,,,
mspi_linear+unseen,mspi,4,2003,linear+unseen,linear+unseen,1.40766,1.56479,0.93275,0.97483,-4.35359,4.25559,,,,,,
mspi_linear+unseen,mspi,4,2004,linear+unseen,linear+unseen,1.40766,1.56479,0.93046,0.96099,-4.34243,3.85984,,,,,,
mspi_linear+unseen,mspi,4,2005,linear+unseen,linear+unseen,1.40766,1.56479,0.93183,0.964,-4.20156,3.81026,,,,,,
mspi_linear+unseen,mspi,4,2006,linear+unseen,linear+unseen,1.40766,1.56479,0.93381,0.95933,-4.13026,3.9614,,,,,,
mspi_linear+unseen,mspi,4,2007,linear+unseen,linear+unseen,1.40766,1.56479,0.93526,0.96562,-4.47397,3.84686,,,,,,
mspi_linear+unseen,mspi,4,2008,linear+unseen,linear+unseen,1.40766,1.56479,0.92697,0.962,-4.47177,3.99498,,,,,,
mspi_linear+unseen,mspi,4,2009,linear+unseen,linear+unseen,1.40766,1.56479,0.943,0.96616,-4.06285,3.83811,,,,,,
mspi_linear+unseen,mspi,4,2010,linear+unseen,linear+unseen,1.40766,1.56479,0.93418,0.97032,-4.34703,3.80063,,,,,,
mspi_linear+unseen,mspi,4,2011,linear+unseen,linear+unseen,1.40766,1.56479,0.93583,0.9613,-4.29787,3.81486,,,,,,
mspi_linear+unseen,mspi,4,2012,linear+unseen,linear+unseen,1.40766,1.56479,0.93479,0.96568,-4.18597,3.89276,,,,,,
mspi_linear+unseen,mspi,4,2013,linear+unseen,linear+unseen,1.40766,1.56479,0.93113,0.96636,-4.37119,3.82915,,,,,,
mspi_linear+unseen,mspi,4,2014,linear+unseen,linear+unseen,1.40766,1.56479,0.93991,0.97262,-4.16916,3.82468,,,,,,
mspi_linear+unseen,mspi,4,2015,linear+unseen,linear+unseen,1.40766,1.56479,0.92766,0.97134,-4.17631,3.8442,,,,,,
mspi_linear+unseen,mspi,4,2016,linear+unseen,linear+unseen,1.40766,1.56479,0.9406,0.96366,-4.20181,3.8303,,,,,,
mspi_linear+unseen,mspi,4,2017,linear+unseen,linear+unseen,1.40766,1.56479,0.92916,0.96843,-4.33391,3.88485,,,,,,
mspi_linear+unseen,mspi,4,2018,linear+unseen,linear+unseen,1.40766,1.56479,0.93646,0.96589,-4.24523,4.11215,,,,,,
mspi_linear+unseen,mspi,4,2019,linear+unseen,linear+unseen,1.40766,1.56479,0.94386,0.96667,-4.33496,3.81556,,,,,,
mspi_linear+unseen,mspi,4,2020,linear+unseen,linear+unseen,1.40766,1.56479,0.93733,0.96179,-4.13468,3.85495,,,,,,
mspi_linear+unseen,mspi,4,2021,linear+unseen,linear+unseen,1.40766,1.56479,0.92076,0.97103,-4.25233,3.68066,,,,,,
mspi_linear+unseen,mspi,4,2022,linear+unseen,linear+unseen,1.40766,1.56479,0.93624,0.95864,-4.60715,3.65056,,,,,,
mspi_linear+unseen,mspi,4,2023,linear+unseen,linear+unseen,1.40766,1.56479,0.93897,0.96832,-4.22191,3.78968,,,,,,
mspi_linear+unseen,mspi,4,2024,linear+unseen,linear+unseen,1.40766,1.56479,0.92901,0.96309,-4.01187,3.74569,,,,,,
mspi_linear+unseen,mspi,4,2025,linear+unseen,linear+unseen,1.40766,1.56479,0.92872,0.97163,-4.10682,3.64995,,,,,,
mspi_linear+unseen,mspi,4,-1,linear+unseen,linear+unseen,1.40766,1.56479,0.93408,0.96655,-4.25048,3.8445,,,,,,
mspi_linear+bins,mspi,4,1998,linear+bins,linear+bins,1.40766,1.56479,0.86507,0.90686,-4.10643,3.08717,-1.81413,-0.87837,-0.83982,2.90336,1.65149,0.81392
mspi_linear+bins,mspi,4,1999,linear+bins,linear+bins,1.40766,1.56479,0.8717,0.90365,-4.16652,3.19966,-1.78357,-0.75599,-0.81207,2.94714,1.71055,0.82309
mspi_linear+bins,mspi,4,2000,linear+bins,linear+bins,1.40766,1.56479,0.87563,0.89888,-4.10553,3.17799,-1.85177,-0.80808,-0.74115,2.98383,1.69527,0.84336
mspi_linear+bins,mspi,4,2001,linear+bins,linear+bins,1.40766,1.56479,0.87131,0.90189,-4.28751,2.91514,-1.80009,-0.75997,-0.78591,3.04481,1.77309,0.84455
mspi_linear+bins,mspi,4,2002,linear+bins,linear+bins,1.40766,1.56479,0.86762,0.90694,-4.01519,3.05769,-1.74552,-0.78756,-0.82113,3.07376,1.62451,0.84511
mspi_linear+bins,mspi,4,2003,linear+bins,linear+bins,1.40766,1.56479,0.87777,0.90802,-4.33875,3.51524,-1.74366,-0.62557,-0.69879,3.00274,1.80304,0.81338
mspi_linear+bins,mspi,4,2004,linear+bins,linear+bins,1.40766,1.56479,0.86521,0.89606,-4.29231,3.14538,-1.77041,-0.779,-0.80826,3.04021,1.71723,0.81229
mspi_linear+bins,mspi,4,2005,linear+bins,linear+bins,1.40766,1.56479,0.86892,0.89767,-4.15985,3.10648,-1.73441,-0.71903,-0.80876,2.94549,1.70012,0.83007
mspi_linear+bins,mspi,4,2006,linear+bins,linear+bins,1.40766,1.56479,0.86808,0.89487,-4.05121,3.23111,-1.85237,-0.85616,-0.7793,2.97522,1.76038,0.82458
mspi_linear+bins,mspi,4,2007,linear+bins,linear+bins,1.40766,1.56479,0.87456,0.90236,-4.38712,3.04426,-1.75622,-0.85069,-0.73458,3.07164,1.70678,0.79308
mspi_linear+bins,mspi,4,2008,linear+bins,linear+bins,1.40766,1.56479,0.86383,0.89684,-4.43174,3.23538,-1.7123,-0.67524,-0.82107,2.94397,1.73533,0.81295
mspi_linear+bins,mspi,4,2009,linear+bins,linear+bins,1.40766,1.56479,0.87884,0.90062,-4.01102,3.08302,-1.65538,-0.79922,-0.799,3.09849,1.7036,0.79239
mspi_linear+bins,mspi,4,2010,linear+bins,linear+bins,1.40766,1.56479,0.8673,0.90585,-4.27538,3.06432,-1.83419,-0.81194,-0.81681,2.96687,1.75544,0.82123
mspi_linear+bins,mspi,4,2011,linear+bins,linear+bins,1.40766,1.56479,0.87075,0.89808,-4.22717,3.09742,-1.78362,-0.81736,-0.78777,3.00843,1.65357,0.8203
mspi_linear+bins,mspi,4,2012,linear+bins,linear+bins,1.40766,1.56479,0.87398,0.90228,-4.13258,3.17501,-1.69579,-0.75621,-0.76498,3.00971,1.68485,0.81029
mspi_linear+bins,mspi,4,2013,linear+bins,linear+bins,1.40766,1.56479,0.86511,0.90175,-4.29331,3.08376,-1.82404,-0.80199,-0.81457,3.02851,1.80723,0.77162
mspi_linear+bins,mspi,4,2014,linear+bins,linear+bins,1.40766,1.56479,0.87775,0.91004,-4.11235,3.12618,-1.76766,-0.71496,-0.78915,2.80603,1.70615,0.81687
mspi_linear+bins,mspi,4,2015,linear+bins,linear+bins,1.40766,1.56479,0.8631,0.90786,-4.11805,3.14035,-1.81435,-0.79553,-0.78259,2.99099,1.69962,0.7772
mspi_linear+bins,mspi,4,2016,linear+bins,linear+bins,1.40766,1.56479,0.87421,0.90142,-4.14386,3.12813,-1.72921,-0.79665,-0.83181,2.94704,1.77,0.75995
mspi_linear+bins,mspi,4,2017,linear+bins,linear+bins,1.40766,1.56479,0.86454,0.90272,-4.27031,3.12827,-1.81283,-0.76945,-0.80549,3.07563,1.73192,0.84663
mspi_linear+bins,mspi,4,2018,linear+bins,linear+bins,1.40766,1.56479,0.87027,0.90046,-4.19633,3.42525,-2.17943,-0.73333,-0.8073,3.21626,1.69772,0.84814
mspi_linear+bins,mspi,4,2019,linear+bins,linear+bins,1.40766,1.56479,0.87765,0.90313,-4.28865,3.12526,-1.77605,-0.69348,-0.86237,2.9874,1.72813,0.80507
mspi_linear+bins,mspi,4,2020,linear+bins,linear+bins,1.40766,1.56479,0.87016,0.8973,-4.07372,3.15152,-1.85911,-0.80861,-0.83532,3.02552,1.72419,0.81346
mspi_linear+bins,mspi,4,2021,linear+bins,linear+bins,1.40766,1.56479,0.8581,0.90727,-4.18764,2.99242,-1.72366,-0.80701,-0.78864,2.96,1.67579,0.82733
mspi_linear+bins,mspi,4,2022,linear+bins,linear+bins,1.40766,1.56479,0.87043,0.89801,-4.5387,3.04615,-1.75968,-0.90636,-0.78138,2.67828,1.61949,0.8306
mspi_linear+bins,mspi,4,2023,linear+bins,linear+bins,1.40766,1.56479,0.87787,0.90557,-4.17067,3.07721,-1.82098,-0.76733,-0.75428,2.95045,1.80935,0.7904
mspi_linear+bins,mspi,4,2024,linear+bins,linear+bins,1.40766,1.56479,0.86953,0.90092,-3.97232,3.03989,-1.62829,-0.83129,-0.73628,2.98638,1.78132,0.75967
mspi_linear+bins,mspi,4,2025,linear+bins,linear+bins,1.40766,1.56479,0.86977,0.90635,-4.09646,3.00532,-1.83822,-0.57455,-0.79343,3.10659,1.78419,0.84528
mspi_linear+bins,mspi,4,-1,linear+bins,linear+bins,1.40766,1.56479,0.87032,0.90227,-4.19332,3.12805,-1.78744,-0.77442,-0.79311,2.99289,1.72132,0.81388
mspi_linear+log,mspi,4,1998,linear+log,linear+log,1.40766,1.56479,0.76278,0.88279,0.75197,-0.63584,,,,,,
mspi_linear+log,mspi,4,1999,linear+log,linear+log,1.40766,1.56479,0.77539,0.87911,0.72174,-0.65001,,,,,,
mspi_linear+log,mspi,4,2000,linear+log,linear+log,1.40766,1.56479,0.77954,0.87557,0.70609,-0.64223,,,,,,
mspi_linear+log,mspi,4,2001,linear+log,linear+log,1.40766,1.56479,0.77379,0.88071,0.7191,-0.63928,,,,,,
mspi_linear+log,mspi,4,2002,linear+log,linear+log,1.40766,1.56479,0.77133,0.88389,0.72324,-0.65361,,,,,,
mspi_linear+log,mspi,4,2003,linear+log,linear+log,1.40766,1.56479,0.77917,0.88137,0.68996,-0.66556,,,,,,
mspi_linear+log,mspi,4,2004,linear+log,linear+log,1.40766,1.56479,0.7659,0.87088,0.7377,-0.6516,,,,,,
mspi_linear+log,mspi,4,2005,linear+log,linear+log,1.40766,1.56479,0.77371,0.87283,0.71748,-0.64543,,,,,,
mspi_linear+log,mspi,4,2006,linear+log,linear+log,1.40766,1.56479,0.77223,0.86962,0.72775,-0.66183,,,,,,
mspi_linear+log,mspi,4,2007,linear+log,linear+log,1.40766,1.56479,0.77495,0.87797,0.72613,-0.63738,,,,,,
mspi_linear+log,mspi,4,2008,linear+log,linear+log,1.40766,1.56479,0.76966,0.87202,0.71244,-0.64484,,,,,,
mspi_linear+log,mspi,4,2009,linear+log,linear+log,1.40766,1.56479,0.7828,0.87633,0.71352,-0.64593,,,,,,
mspi_linear+log,mspi,4,2010,linear+log,linear+log,1.40766,1.56479,0.76714,0.88285,0.74897,-0.64626,,,,,,
mspi_linear+log,mspi,4,2011,linear+log,linear+log,1.40766,1.56479,0.77103,0.87589,0.73512,-0.63892,,,,,,
mspi_linear+log,mspi,4,2012,linear+log,linear+log,1.40766,1.56479,0.77781,0.87858,0.70728,-0.64662,,,,,,
mspi_linear+log,mspi,4,2013,linear+log,linear+log,1.40766,1.56479,0.76049,0.8785,0.75525,-0.64264,,,,,,
mspi_linear+log,mspi,4,2014,linear+log,linear+log,1.40766,1.56479,0.77829,0.88686,0.71972,-0.63101,,,,,,
mspi_linear+log,mspi,4,2015,linear+log,linear+log,1.40766,1.56479,0.76993,0.88431,0.71067,-0.63489,,,,,,
mspi_linear+log,mspi,4,2016,linear+log,linear+log,1.40766,1.56479,0.77855,0.87907,0.72579,-0.63508,,,,,,
mspi_linear+log,mspi,4,2017,linear+log,linear+log,1.40766,1.56479,0.76289,0.87798,0.74275,-0.66298,,,,,,
mspi_linear+log,mspi,4,2018,linear+log,linear+log,1.40766,1.56479,0.7726,0.87554,0.73636,-0.66727,,,,,,
mspi_linear+log,mspi,4,2019,linear+log,linear+log,1.40766,1.56479,0.77972,0.88058,0.73578,-0.64442,,,,,,
mspi_linear+log,mspi,4,2020,linear+log,linear+log,1.40766,1.56479,0.77117,0.87492,0.7426,-0.64254,,,,,,
mspi_linear+log,mspi,4,2021,linear+log,linear+log,1.40766,1.56479,0.76183,0.88449,0.72213,-0.63568,,,,,,
mspi_linear+log,mspi,4,2022,linear+log,linear+log,1.40766,1.56479,0.77714,0.8779,0.72498,-0.60313,,,,,,
mspi_linear+log,mspi,4,2023,linear+log,linear+log,1.40766,1.56479,0.77868,0.88222,0.72797,-0.64505,,,,,,
mspi_linear+log,mspi,4,2024,linear+log,linear+log,1.40766,1.56479,0.77399,0.87551,0.69917,-0.64367,,,,,,
mspi_linear+log,mspi,4,2025,linear+log,linear+log,1.40766,1.56479,0.77354,0.88419,0.71016,-0.65052,,,,,,
mspi_linear+log,mspi,4,-1,linear+log,linear+log,1.40766,1.56479,0.7727,0.87866,0.72476,-0.64443,,,,,,
mspi_linear+log2,mspi,4,1998,linear+log2,linear+log2,1.40766,1.56479,0.78565,0.89938,1.47144,-2.53042,-0.18788,,,0.48238,,
mspi_linear+log2,mspi,4,1999,linear+log2,linear+log2,1.40766,1.56479,0.79754,0.89582,1.45971,-2.58716,-0.19189,,,0.49252,,
mspi_linear+log2,mspi,4,2000,linear+log2,linear+log2,1.40766,1.56479,0.80444,0.89275,1.50829,-2.61684,-0.20922,,,0.50208,,
mspi_linear+log2,mspi,4,2001,linear+log2,linear+log2,1.40766,1.56479,0.79341,0.89689,1.39852,-2.64127,-0.17569,,,0.50842,,
mspi_linear+log2,mspi,4,2002,linear+log2,linear+log2,1.40766,1.56479,0.79212,0.89881,1.4145,-2.52684,-0.18015,,,0.47713,,
mspi_linear+log2,mspi,4,2003,linear+log2,linear+log2,1.40766,1.56479,0.80081,0.9007,1.40258,-2.73002,-0.18468,,,0.52475,,
mspi_linear+log2,mspi,4,2004,linear+log2,linear+log2,1.40766,1.56479,0.78635,0.88942,1.44309,-2.63513,-0.18332,,,0.50572,,
mspi_linear+log2,mspi,4,2005,linear+log2,linear+log2,1.40766,1.56479,0.79515,0.89085,1.4312,-2.59057,-0.1858,,,0.49597,,
mspi_linear+log2,mspi,4,2006,linear+log2,linear+log2,1.40766,1.56479,0.79489,0.88673,1.48088,-2.62357,-0.19651,,,0.50008,,
mspi_linear+log2,mspi,4,2007,linear+log2,linear+log2,1.40766,1.56479,0.79665,0.89507,1.45308,-2.59586,-0.18889,,,0.49804,,
mspi_linear+log2,mspi,4,2008,linear+log2,linear+log2,1.40766,1.56479,0.79149,0.88941,1.46017,-2.64433,-0.19402,,,0.50848,,
mspi_linear+log2,mspi,4,2009,linear+log2,linear+log2,1.40766,1.56479,0.80109,0.89384,1.34868,-2.65967,-0.16458,,,0.51325,,
mspi_linear+log2,mspi,4,2010,linear+log2,linear+log2,1.40766,1.56479,0.78849,0.90012,1.47384,-2.61191,-0.18885,,,0.50128,,
mspi_linear+log2,mspi,4,2011,linear+log2,linear+log2,1.40766,1.56479,0.79228,0.89198,1.44145,-2.60861,-0.18383,,,0.50171,,
mspi_linear+log2,mspi,4,2012,linear+log2,linear+log2,1.40766,1.56479,0.79829,0.89489,1.39404,-2.63478,-0.17838,,,0.50574,,
mspi_linear+log2,mspi,4,2013,linear+log2,linear+log2,1.40766,1.56479,0.77984,0.89598,1.41158,-2.65206,-0.17025,,,0.51185,,
mspi_linear+log2,mspi,4,2014,linear+log2,linear+log2,1.40766,1.56479,0.79844,0.90289,1.38996,-2.52972,-0.17399,,,0.48288,,
mspi_linear+log2,mspi,4,2015,linear+log2,linear+log2,1.40766,1.56479,0.79125,0.9016,1.4561,-2.655,-0.19366,,,0.51448,,
mspi_linear+log2,mspi,4,2016,linear+log2,linear+log2,1.40766,1.56479,0.80146,0.89526,1.47682,-2.58762,-0.19613,,,0.49787,,
mspi_linear+log2,mspi,4,2017,linear+log2,linear+log2,1.40766,1.56479,0.78234,0.89472,1.41231,-2.6301,-0.17361,,,0.50057,,
mspi_linear+log2,mspi,4,2018,linear+log2,linear+log2,1.40766,1.56479,0.79834,0.89256,1.59865,-2.74654,-0.22396,,,0.52705,,
mspi_linear+log2,mspi,4,2019,linear+log2,linear+log2,1.40766,1.56479,0.80262,0.89628,1.47565,-2.62402,-0.19272,,,0.50301,,
mspi_linear+log2,mspi,4,2020,linear+log2,linear+log2,1.40766,1.56479,0.79083,0.89135,1.41853,-2.64793,-0.17512,,,0.50983,,
mspi_linear+log2,mspi,4,2021,linear+log2,linear+log2,1.40766,1.56479,0.78346,0.90102,1.44122,-2.57208,-0.18718,,,0.49238,,
mspi_linear+log2,mspi,4,2022,linear+log2,linear+log2,1.40766,1.56479,0.8043,0.89183,1.63036,-2.40888,-0.23572,,,0.45623,,
mspi_linear+log2,mspi,4,2023,linear+log2,linear+log2,1.40766,1.56479,0.79988,0.8991,1.43268,-2.61822,-0.18342,,,0.5025,,
mspi_linear+log2,mspi,4,2024,linear+log2,linear+log2,1.40766,1.56479,0.79203,0.89271,1.30415,-2.60091,-0.15685,,,0.49849,,
mspi_linear+log2,mspi,4,2025,linear+log2,linear+log2,1.40766,1.56479,0.79345,0.89861,1.38854,-2.5823,-0.17585,,,0.48887,,
mspi_linear+log2,mspi,4,-1,linear+log2,linear+log2,1.40766,1.56479,0.79416,0.89537,1.44307,-2.61048,-0.18676,,,0.50014,,
mspi_linear+sat,mspi,4,1998,linear+sat,linear+sat,1.40766,1.56479,0.82401,0.89087,3.48816,-3.61694,,,,,,
mspi_linear+sat,mspi,4,1999,linear+sat,linear+sat,1.40766,1.56479,0.83213,0.88784,3.39441,-3.71089,,,,,,
mspi_linear+sat,mspi,4,2000,linear+sat,linear+sat,1.40766,1.56479,0.83372,0.88355,3.36326,-3.68798,,,,,,
mspi_linear+sat,mspi,4,2001,linear+sat,linear+sat,1.40766,1.56479,0.83001,0.88754,3.39186,-3.69388,,,,,,
mspi_linear+sat,mspi,4,2002,linear+sat,linear+sat,1.40766,1.56479,0.82908,0.89207,3.35786,-3.69462,,,,,,
mspi_linear+sat,mspi,4,2003,linear+sat,linear+sat,1.40766,1.56479,0.83322,0.89046,3.28806,-3.84264,,,,,,
mspi_linear+sat,mspi,4,2004,linear+sat,linear+sat,1.40766,1.56479,0.82396,0.87961,3.44922,-3.72009,,,,,,
mspi_linear+sat,mspi,4,2005,linear+sat,linear+sat,1.40766,1.56479,0.82976,0.8817,3.3622,-3.67589,,,,,,
mspi_linear+sat,mspi,4,2006,linear+sat,linear+sat,1.40766,1.56479,0.82837,0.87878,3.41898,-3.75465,,,,,,
mspi_linear+sat,mspi,4,2007,linear+sat,linear+sat,1.40766,1.56479,0.83076,0.88592,3.44168,-3.67442,,,,,,
mspi_linear+sat,mspi,4,2008,linear+sat,linear+sat,1.40766,1.56479,0.82416,0.88007,3.38272,-3.71789,,,,,,
mspi_linear+sat,mspi,4,2009,linear+sat,linear+sat,1.40766,1.56479,0.84053,0.88397,3.30854,-3.70688,,,,,,
mspi_linear+sat,mspi,4,2010,linear+sat,linear+sat,1.40766,1.56479,0.82556,0.89107,3.4964,-3.68079,,,,,,
mspi_linear+sat,mspi,4,2011,linear+sat,linear+sat,1.40766,1.56479,0.82933,0.88323,3.43505,-3.66269,,,,,,
mspi_linear+sat,mspi,4,2012,linear+sat,linear+sat,1.40766,1.56479,0.83354,0.88615,3.31393,-3.70612,,,,,,
mspi_linear+sat,mspi,4,2013,linear+sat,linear+sat,1.40766,1.56479,0.82183,0.88604,3.4986,-3.69211,,,,,,
mspi_linear+sat,mspi,4,2014,linear+sat,linear+sat,1.40766,1.56479,0.83644,0.89473,3.35329,-3.6082,,,,,,
mspi_linear+sat,mspi,4,2015,linear+sat,linear+sat,1.40766,1.56479,0.82344,0.89125,3.36999,-3.6651,,,,,,
mspi_linear+sat,mspi,4,2016,linear+sat,linear+sat,1.40766,1.56479,0.83535,0.88611,3.39652,-3.63784,,,,,,
mspi_linear+sat,mspi,4,2017,linear+sat,linear+sat,1.40766,1.56479,0.82217,0.88656,3.46665,-3.776,,,,,,
mspi_linear+sat,mspi,4,2018,linear+sat,linear+sat,1.40766,1.56479,0.82668,0.88292,3.56396,-3.87932,,,,,,
mspi_linear+sat,mspi,4,2019,linear+sat,linear+sat,1.40766,1.56479,0.83802,0.88781,3.45076,-3.69503,,,,,,
mspi_linear+sat,mspi,4,2020,linear+sat,linear+sat,1.40766,1.56479,0.83073,0.88183,3.44976,-3.70077,,,,,,
mspi_linear+sat,mspi,4,2021,linear+sat,linear+sat,1.40766,1.56479,0.81792,0.89263,3.38983,-3.63022,,,,,,
mspi_linear+sat,mspi,4,2022,linear+sat,linear+sat,1.40766,1.56479,0.82881,0.88536,3.53191,-3.48075,,,,,,
mspi_linear+sat,mspi,4,2023,linear+sat,linear+sat,1.40766,1.56479,0.83554,0.89019,3.40535,-3.68469,,,,,,
mspi_linear+sat,mspi,4,2024,linear+sat,linear+sat,1.40766,1.56479,0.83053,0.88406,3.24424,-3.67296,,,,,,
mspi_linear+sat,mspi,4,2025,linear+sat,linear+sat,1.40766,1.56479,0.82848,0.8915,3.3469,-3.73672,,,,,,
mspi_linear+sat,mspi,4,-1,linear+sat,linear+sat,1.40766,1.56479,0.82944,0.88656,3.40548,-3.69296,,,,,,
mspi_linear+sat500,mspi,4,1998,linear+sat500,linear+sat500,1.40766,1.56479,0.85132,0.90561,3.91245,-4.2046,,,,,,
mspi_linear+sat500,mspi,4,1999,linear+sat500,linear+sat500,1.40766,1.56479,0.85833,0.90326,3.82335,-4.32571,,,,,,
mspi_linear+sat500,mspi,4,2000,linear+sat500,linear+sat500,1.40766,1.56479,0.85938,0.89882,3.80112,-4.30107,,,,,,
mspi_linear+sat500,mspi,4,2001,linear+sat500,linear+sat500,1.40766,1.56479,0.85546,0.90244,3.84733,-4.32209,,,,,,
mspi_linear+sat500,mspi,4,2002,linear+sat500,linear+sat500,1.40766,1.56479,0.8554,0.90712,3.76724,-4.30311,,,,,,
mspi_linear+sat500,mspi,4,2003,linear+sat500,linear+sat500,1.40766,1.56479,0.85735,0.90659,3.75383,-4.51097,,,,,,
mspi_linear+sat500,mspi,4,2004,linear+sat500,linear+sat500,1.40766,1.56479,0.85052,0.89513,3.88789,-4.33719,,,,,,
mspi_linear+sat500,mspi,4,2005,linear+sat500,linear+sat500,1.40766,1.56479,0.85536,0.89746,3.78535,-4.27555,,,,,,
mspi_linear+sat500,mspi,4,2006,linear+sat500,linear+sat500,1.40766,1.56479,0.85449,0.89438,3.8477,-4.37035,,,,,,
mspi_linear+sat500,mspi,4,2007,linear+sat500,linear+sat500,1.40766,1.56479,0.85604,0.90092,3.91336,-4.30865,,,,,,
mspi_linear+sat500,mspi,4,2008,linear+sat500,linear+sat500,1.40766,1.56479,0.84928,0.89546,3.84389,-4.3587,,,,,,
mspi_linear+sat500,mspi,4,2009,linear+sat500,linear+sat500,1.40766,1.56479,0.86631,0.89925,3.72069,-4.33493,,,,,,
mspi_linear+sat500,mspi,4,2010,linear+sat500,linear+sat500,1.40766,1.56479,0.85239,0.90609,3.93721,-4.28428,,,,,,
mspi_linear+sat500,mspi,4,2011,linear+sat500,linear+sat500,1.40766,1.56479,0.85588,0.89805,3.87209,-4.27446,,,,,,
mspi_linear+sat500,mspi,4,2012,linear+sat500,linear+sat500,1.40766,1.56479,0.85875,0.90107,3.73462,-4.32427,,,,,,
mspi_linear+sat500,mspi,4,2013,linear+sat500,linear+sat500,1.40766,1.56479,0.84895,0.90125,3.93787,-4.30559,,,,,,
mspi_linear+sat500,mspi,4,2014,linear+sat500,linear+sat500,1.40766,1.56479,0.86249,0.90953,3.77388,-4.20899,,,,,,
mspi_linear+sat500,mspi,4,2015,linear+sat500,linear+sat500,1.40766,1.56479,0.84879,0.90635,3.81407,-4.28358,,,,,,
mspi_linear+sat500,mspi,4,2016,linear+sat500,linear+sat500,1.40766,1.56479,0.86147,0.90062,3.8236,-4.24627,,,,,,
mspi_linear+sat500,mspi,4,2017,linear+sat500,linear+sat500,1.40766,1.56479,0.84864,0.90214,3.91871,-4.39899,,,,,,
mspi_linear+sat500,mspi,4,2018,linear+sat500,linear+sat500,1.40766,1.56479,0.85293,0.89836,4.0597,-4.5593,,,,,,
mspi_linear+sat500,mspi,4,2019,linear+sat500,linear+sat500,1.40766,1.56479,0.86405,0.90284,3.89922,-4.29815,,,,,,
mspi_linear+sat500,mspi,4,2020,linear+sat500,linear+sat500,1.40766,1.56479,0.85764,0.89686,3.8667,-4.31468,,,,,,
mspi_linear+sat500,mspi,4,2021,linear+sat500,linear+sat500,1.40766,1.56479,0.84378,0.90781,3.81115,-4.21292,,,,,,
mspi_linear+sat500,mspi,4,2022,linear+sat500,linear+sat500,1.40766,1.56479,0.85461,0.89966,4.02336,-4.05519,,,,,,
mspi_linear+sat500,mspi,4,2023,linear+sat500,linear+sat500,1.40766,1.56479,0.861,0.90514,3.83922,-4.2829,,,,,,
mspi_linear+sat500,mspi,4,2024,linear+sat500,linear+sat500,1.40766,1.56479,0.85537,0.89923,3.64894,-4.27531,,,,,,
mspi_linear+sat500,mspi,4,2025,linear+sat500,linear+sat500,1.40766,1.56479,0.85335,0.90663,3.7708,-4.33453,,,,,,
mspi_linear+sat500,mspi,4,-1,linear+sat500,linear+sat500,1.40766,1.56479,0.85534,0.90171,3.84354,-4.30732,,,,,,
mspi_linear+sat2000,mspi,4,1998,linear+sat2000,linear+sat2000,1.40766,1.56479,0.79771,0.88172,3.11216,-3.0418,,,,,,
mspi_linear+sat2000,mspi,4,1999,linear+sat2000,linear+sat2000,1.40766,1.56479,0.80721,0.87811,3.01401,-3.11383,,,,,,
mspi_linear+sat2000,mspi,4,2000,linear+sat2000,linear+sat2000,1.40766,1.56479,0.80967,0.87408,2.97229,-3.09133,,,,,,
mspi_linear+sat2000,mspi,4,2001,linear+sat2000,linear+sat2000,1.40766,1.56479,0.80586,0.87849,2.99846,-3.08846,,,,,,
mspi_linear+sat2000,mspi,4,2002,linear+sat2000,linear+sat2000,1.40766,1.56479,0.80385,0.88274,2.99549,-3.10618,,,,,,
mspi_linear+sat2000,mspi,4,2003,linear+sat2000,linear+sat2000,1.40766,1.56479,0.8102,0.88027,2.89096,-3.20829,,,,,,
mspi_linear+sat2000,mspi,4,2004,linear+sat2000,linear+sat2000,1.40766,1.56479,0.79862,0.86991,3.06431,-3.12019,,,,,,
mspi_linear+sat2000,mspi,4,2005,linear+sat2000,linear+sat2000,1.40766,1.56479,0.80535,0.87179,2.98732,-3.08886,,,,,,
mspi_linear+sat2000,mspi,4,2006,linear+sat2000,linear+sat2000,1.40766,1.56479,0.8038,0.8688,3.03486,-3.15697,,,,,,
mspi_linear+sat2000,mspi,4,2007,linear+sat2000,linear+sat2000,1.40766,1.56479,0.80687,0.87653,3.03391,-3.06849,,,,,,
mspi_linear+sat2000,mspi,4,2008,linear+sat2000,linear+sat2000,1.40766,1.56479,0.8003,0.87048,2.98661,-3.10631,,,,,,
mspi_linear+sat2000,mspi,4,2009,linear+sat2000,linear+sat2000,1.40766,1.56479,0.81567,0.87462,2.94867,-3.10219,,,,,,
mspi_linear+sat2000,mspi,4,2010,linear+sat2000,linear+sat2000,1.40766,1.56479,0.80011,0.88172,3.10894,-3.09201,,,,,,
mspi_linear+sat2000,mspi,4,2011,linear+sat2000,linear+sat2000,1.40766,1.56479,0.80407,0.8741,3.05145,-3.06845,,,,,,
mspi_linear+sat2000,mspi,4,2012,linear+sat2000,linear+sat2000,1.40766,1.56479,0.80947,0.87688,2.94356,-3.10788,,,,,,
mspi_linear+sat2000,mspi,4,2013,linear+sat2000,linear+sat2000,1.40766,1.56479,0.79577,0.8767,3.11559,-3.09389,,,,,,
mspi_linear+sat2000,mspi,4,2014,linear+sat2000,linear+sat2000,1.40766,1.56479,0.81132,0.88547,2.98513,-3.02727,,,,,,
mspi_linear+sat2000,mspi,4,2015,linear+sat2000,linear+sat2000,1.40766,1.56479,0.79971,0.88201,2.97994,-3.0665,,,,,,
mspi_linear+sat2000,mspi,4,2016,linear+sat2000,linear+sat2000,1.40766,1.56479,0.81043,0.87726,3.02165,-3.04802,,,,,,
mspi_linear+sat2000,mspi,4,2017,linear+sat2000,linear+sat2000,1.40766,1.56479,0.79681,0.87675,3.0765,-3.17199,,,,,,
mspi_linear+sat2000,mspi,4,2018,linear+sat2000,linear+sat2000,1.40766,1.56479,0.80269,0.87361,3.12399,-3.22865,,,,,,
mspi_linear+sat2000,mspi,4,2019,linear+sat2000,linear+sat2000,1.40766,1.56479,0.81289,0.87857,3.0642,-3.10309,,,,,,
mspi_linear+sat2000,mspi,4,2020,linear+sat2000,linear+sat2000,1.40766,1.56479,0.80489,0.87267,3.0788,-3.10108,,,,,,
mspi_linear+sat2000,mspi,4,2021,linear+sat2000,linear+sat2000,1.40766,1.56479,0.79346,0.88307,3.01268,-3.05432,,,,,,
mspi_linear+sat2000,mspi,4,2022,linear+sat2000,linear+sat2000,1.40766,1.56479,0.80537,0.87651,3.09332,-2.91273,,,,,,
mspi_linear+sat2000,mspi,4,2023,linear+sat2000,linear+sat2000,1.40766,1.56479,0.81123,0.88082,3.02456,-3.09705,,,,,,
mspi_linear+sat2000,mspi,4,2024,linear+sat2000,linear+sat2000,1.40766,1.56479,0.80666,0.87445,2.88776,-3.08598,,,,,,
mspi_linear+sat2000,mspi,4,2025,linear+sat2000,linear+sat2000,1.40766,1.56479,0.80483,0.88238,2.96745,-3.13501,,,,,,
mspi_linear+sat2000,mspi,4,-1,linear+sat2000,linear+sat2000,1.40766,1.56479,0.80481,0.87716,3.02052,-3.0959,,,,,,
mspi_poly2+sat,mspi,4,1998,poly2+sat,poly2+sat,1.40766,1.56479,0.72332,0.87853,0.0781,-0.02216,3.85323,,,-3.58075,,
mspi_poly2+sat,mspi,4,1999,poly2+sat,poly2+sat,1.40766,1.56479,0.72824,0.87523,0.08076,-0.02315,3.76878,,,-3.67326,,
mspi_poly2+sat,mspi,4,2000,poly2+sat,poly2+sat,1.40766,1.56479,0.73236,0.86973,0.07833,-0.02532,3.72942,,,-3.64766,,
mspi_poly2+sat,mspi,4,2001,poly2+sat,poly2+sat,1.40766,1.56479,0.73684,0.87311,0.07193,-0.02581,3.73608,,,-3.65224,,
mspi_poly2+sat,mspi,4,2002,poly2+sat,poly2+sat,1.40766,1.56479,0.73342,0.87913,0.07429,-0.02321,3.70837,,,-3.65641,,
mspi_poly2+sat,mspi,4,2003,poly2+sat,poly2+sat,1.40766,1.56479,0.73358,0.87464,0.07767,-0.02892,3.65363,,,-3.79932,,
mspi_poly2+sat,mspi,4,2004,poly2+sat,poly2+sat,1.40766,1.56479,0.72769,0.86803,0.07585,-0.02101,3.79753,,,-3.68576,,
mspi_poly2+sat,mspi,4,2005,poly2+sat,poly2+sat,1.40766,1.56479,0.73715,0.86723,0.07264,-0.02618,3.70023,,,-3.63461,,
mspi_poly2+sat,mspi,4,2006,poly2+sat,poly2+sat,1.40766,1.56479,0.73464,0.86724,0.07346,-0.02147,3.75862,,,-3.7197,,
mspi_poly2+sat,mspi,4,2007,poly2+sat,poly2+sat,1.40766,1.56479,0.73615,0.87438,0.07346,-0.02037,3.79037,,,-3.64044,,
mspi_poly2+sat,mspi,4,2008,poly2+sat,poly2+sat,1.40766,1.56479,0.71433,0.86693,0.08587,-0.02377,3.78283,,,-3.68056,,
mspi_poly2+sat,mspi,4,2009,poly2+sat,poly2+sat,1.40766,1.56479,0.74224,0.87239,0.07648,-0.02086,3.66709,,,-3.6727,,
mspi_poly2+sat,mspi,4,2010,poly2+sat,poly2+sat,1.40766,1.56479,0.72194,0.87645,0.07983,-0.02624,3.8786,,,-3.63984,,
mspi_poly2+sat,mspi,4,2011,poly2+sat,poly2+sat,1.40766,1.56479,0.71786,0.87257,0.087,-0.01909,3.83498,,,-3.63239,,
mspi_poly2+sat,mspi,4,2012,poly2+sat,poly2+sat,1.40766,1.56479,0.73194,0.87268,0.07905,-0.02427,3.67861,,,-3.66522,,
mspi_poly2+sat,mspi,4,2013,poly2+sat,poly2+sat,1.40766,1.56479,0.72137,0.87324,0.078,-0.02307,3.86263,,,-3.65529,,
mspi_poly2+sat,mspi,4,2014,poly2+sat,poly2+sat,1.40766,1.56479,0.73327,0.88101,0.08135,-0.02495,3.72598,,,-3.56595,,
mspi_poly2+sat,mspi,4,2015,poly2+sat,poly2+sat,1.40766,1.56479,0.7205,0.87764,0.0809,-0.02444,3.74159,,,-3.62597,,
mspi_poly2+sat,mspi,4,2016,poly2+sat,poly2+sat,1.40766,1.56479,0.74705,0.87408,0.0692,-0.02145,3.71602,,,-3.60213,,
mspi_poly2+sat,mspi,4,2017,poly2+sat,poly2+sat,1.40766,1.56479,0.72092,0.87362,0.08081,-0.02298,3.83161,,,-3.74036,,
mspi_poly2+sat,mspi,4,2018,poly2+sat,poly2+sat,1.40766,1.56479,0.72204,0.86977,0.08202,-0.02342,3.95289,,,-3.84222,,
mspi_poly2+sat,mspi,4,2019,poly2+sat,poly2+sat,1.40766,1.56479,0.74499,0.87287,0.07295,-0.02638,3.78026,,,-3.64874,,
mspi_poly2+sat,mspi,4,2020,poly2+sat,poly2+sat,1.40766,1.56479,0.73049,0.86698,0.07808,-0.02626,3.81651,,,-3.65785,,
mspi_poly2+sat,mspi,4,2021,poly2+sat,poly2+sat,1.40766,1.56479,0.72407,0.87855,0.07295,-0.02514,3.72791,,,-3.58771,,
mspi_poly2+sat,mspi,4,2022,poly2+sat,poly2+sat,1.40766,1.56479,0.7234,0.86893,0.08227,-0.0293,3.91657,,,-3.42975,,
mspi_poly2+sat,mspi,4,2023,poly2+sat,poly2+sat,1.40766,1.56479,0.73575,0.87716,0.07746,-0.02293,3.76143,,,-3.6466,,
mspi_poly2+sat,mspi,4,2024,poly2+sat,poly2+sat,1.40766,1.56479,0.72756,0.8695,0.08078,-0.02601,3.61975,,,-3.6303,,
mspi_poly2+sat,mspi,4,2025,poly2+sat,poly2+sat,1.40766,1.56479,0.73294,0.87738,0.07466,-0.02537,3.70738,,,-3.69085,,
mspi_poly2+sat,mspi,4,-1,poly2+sat,poly2+sat,1.40766,1.56479,0.72985,0.87317,0.07772,-0.02406,3.76759,,,-3.65363,,
mspi_hinge+sat,mspi,4,1998,hinge+sat,hinge+sat,1.40766,1.56479,0.99024,0.78942,0.48812,0.96837,3.81253,,,-3.56389,,
mspi_hinge+sat,mspi,4,1999,hinge+sat,hinge+sat,1.40766,1.56479,1.00795,0.78537,0.47693,0.9667,3.73552,,,-3.6575,,
mspi_hinge+sat,mspi,4,2000,hinge+sat,hinge+sat,1.40766,1.56479,1.0021,0.77842,0.492,0.96461,3.69448,,,-3.6333,,
mspi_hinge+sat,mspi,4,2001,hinge+sat,hinge+sat,1.40766,1.56479,0.98314,0.77166,0.5192,0.97614,3.70196,,,-3.63294,,
mspi_hinge+sat,mspi,4,2002,hinge+sat,hinge+sat,1.40766,1.56479,0.98757,0.78938,0.50965,0.97062,3.66932,,,-3.64095,,
mspi_hinge+sat,mspi,4,2003,hinge+sat,hinge+sat,1.40766,1.56479,1.00499,0.77476,0.48731,0.9791,3.62858,,,-3.78647,,
mspi_hinge+sat,mspi,4,2004,hinge+sat,hinge+sat,1.40766,1.56479,0.98811,0.78574,0.49562,0.95167,3.76347,,,-3.67057,,
mspi_hinge+sat,mspi,4,2005,hinge+sat,hinge+sat,1.40766,1.56479,0.98455,0.7647,0.51916,0.97136,3.6638,,,-3.61624,,
mspi_hinge+sat,mspi,4,2006,hinge+sat,hinge+sat,1.40766,1.56479,0.98868,0.78296,0.50639,0.95279,3.73027,,,-3.70502,,
mspi_hinge+sat,mspi,4,2007,hinge+sat,hinge+sat,1.40766,1.56479,0.98378,0.79686,0.52055,0.95378,3.74814,,,-3.62661,,
mspi_hinge+sat,mspi,4,2008,hinge+sat,hinge+sat,1.40766,1.56479,1.01297,0.77573,0.44371,0.96014,3.75337,,,-3.66548,,
mspi_hinge+sat,mspi,4,2009,hinge+sat,hinge+sat,1.40766,1.56479,1.01183,0.79078,0.49425,0.95542,3.64502,,,-3.6577,,
mspi_hinge+sat,mspi,4,2010,hinge+sat,hinge+sat,1.40766,1.56479,1.00208,0.77551,0.46616,0.97964,3.85472,,,-3.62278,,
mspi_hinge+sat,mspi,4,2011,hinge+sat,hinge+sat,1.40766,1.56479,1.01889,0.79015,0.44747,0.95454,3.80127,,,-3.61579,,
mspi_hinge+sat,mspi,4,2012,hinge+sat,hinge+sat,1.40766,1.56479,1.00477,0.77811,0.48783,0.96905,3.64484,,,-3.64842,,
mspi_hinge+sat,mspi,4,2013,hinge+sat,hinge+sat,1.40766,1.56479,0.99122,0.78501,0.48001,0.96353,3.82937,,,-3.64021,,
mspi_hinge+sat,mspi,4,2014,hinge+sat,hinge+sat,1.40766,1.56479,1.01173,0.78591,0.48535,0.97851,3.69083,,,-3.54984,,
mspi_hinge+sat,mspi,4,2015,hinge+sat,hinge+sat,1.40766,1.56479,0.99845,0.78227,0.47192,0.97475,3.70828,,,-3.60903,,
mspi_hinge+sat,mspi,4,2016,hinge+sat,hinge+sat,1.40766,1.56479,0.98714,0.79107,0.52883,0.95868,3.69198,,,-3.58658,,
mspi_hinge+sat,mspi,4,2017,hinge+sat,hinge+sat,1.40766,1.56479,0.99622,0.78217,0.47567,0.96618,3.7971,,,-3.72301,,
mspi_hinge+sat,mspi,4,2018,hinge+sat,hinge+sat,1.40766,1.56479,1.00743,0.78037,0.46295,0.96125,3.9231,,,-3.82726,,
mspi_hinge+sat,mspi,4,2019,hinge+sat,hinge+sat,1.40766,1.56479,0.99306,0.77272,0.52636,0.9753,3.74399,,,-3.63167,,
mspi_hinge+sat,mspi,4,2020,hinge+sat,hinge+sat,1.40766,1.56479,1.00149,0.77063,0.48663,0.96665,3.78642,,,-3.64251,,
mspi_hinge+sat,mspi,4,2021,hinge+sat,hinge+sat,1.40766,1.56479,0.97321,0.77973,0.50447,0.97896,3.69122,,,-3.56951,,
mspi_hinge+sat,mspi,4,2022,hinge+sat,hinge+sat,1.40766,1.56479,1.00887,0.75482,0.46628,0.98523,3.88341,,,-3.40806,,
mspi_hinge+sat,mspi,4,2023,hinge+sat,hinge+sat,1.40766,1.56479,1.00339,0.78844,0.49543,0.9677,3.73154,,,-3.63085,,
mspi_hinge+sat,mspi,4,2024,hinge+sat,hinge+sat,1.40766,1.56479,1.00645,0.77342,0.47711,0.96874,3.58839,,,-3.61453,,
mspi_hinge+sat,mspi,4,2025,hinge+sat,hinge+sat,1.40766,1.56479,0.99016,0.78137,0.50362,0.97589,3.6746,,,-3.67435,,
mspi_hinge+sat,mspi,4,-1,hinge+sat,hinge+sat,1.40766,1.56479,0.99789,0.78062,0.48992,0.96768,3.73505,,,-3.63744,,
def3_p0_linear,def3_p0,2,1998,linear,linear,1.92031,1.07079,0.78299,1.05087,,,,,,,,
def3_p0_linear,def3_p0,2,1999,linear,linear,1.92031,1.07079,0.78556,1.04878,,,,,,,,
def3_p0_linear,def3_p0,2,2000,linear,linear,1.92031,1.07079,0.78591,1.05148,,,,,,,,
def3_p0_linear,def3_p0,2,2001,linear,linear,1.92031,1.07079,0.78283,1.04979,,,,,,,,
def3_p0_linear,def3_p0,2,2002,linear,linear,1.92031,1.07079,0.78387,1.05723,,,,,,,,
def3_p0_linear,def3_p0,2,2003,linear,linear,1.92031,1.07079,0.78236,1.05799,,,,,,,,
def3_p0_linear,def3_p0,2,2004,linear,linear,1.92031,1.07079,0.77993,1.04102,,,,,,,,
def3_p0_linear,def3_p0,2,2005,linear,linear,1.92031,1.07079,0.7803,1.05025,,,,,,,,
def3_p0_linear,def3_p0,2,2006,linear,linear,1.92031,1.07079,0.78254,1.04281,,,,,,,,
def3_p0_linear,def3_p0,2,2007,linear,linear,1.92031,1.07079,0.78854,1.04495,,,,,,,,
def3_p0_linear,def3_p0,2,2008,linear,linear,1.92031,1.07079,0.77607,1.04443,,,,,,,,
def3_p0_linear,def3_p0,2,2009,linear,linear,1.92031,1.07079,0.78652,1.04594,,,,,,,,
def3_p0_linear,def3_p0,2,2010,linear,linear,1.92031,1.07079,0.78515,1.0504,,,,,,,,
def3_p0_linear,def3_p0,2,2011,linear,linear,1.92031,1.07079,0.78735,1.04529,,,,,,,,
def3_p0_linear,def3_p0,2,2012,linear,linear,1.92031,1.07079,0.78414,1.04797,,,,,,,,
def3_p0_linear,def3_p0,2,2013,linear,linear,1.92031,1.07079,0.78321,1.04821,,,,,,,,
def3_p0_linear,def3_p0,2,2014,linear,linear,1.92031,1.07079,0.78898,1.05702,,,,,,,,
def3_p0_linear,def3_p0,2,2015,linear,linear,1.92031,1.07079,0.77964,1.05733,,,,,,,,
def3_p0_linear,def3_p0,2,2016,linear,linear,1.92031,1.07079,0.788,1.0507,,,,,,,,
def3_p0_linear,def3_p0,2,2017,linear,linear,1.92031,1.07079,0.7839,1.05222,,,,,,,,
def3_p0_linear,def3_p0,2,2018,linear,linear,1.92031,1.07079,0.78765,1.04996,,,,,,,,
def3_p0_linear,def3_p0,2,2019,linear,linear,1.92031,1.07079,0.78895,1.04406,,,,,,,,
def3_p0_linear,def3_p0,2,2020,linear,linear,1.92031,1.07079,0.78896,1.04021,,,,,,,,
def3_p0_linear,def3_p0,2,2021,linear,linear,1.92031,1.07079,0.77852,1.05121,,,,,,,,
def3_p0_linear,def3_p0,2,2022,linear,linear,1.92031,1.07079,0.79244,1.04186,,,,,,,,
def3_p0_linear,def3_p0,2,2023,linear,linear,1.92031,1.07079,0.7898,1.05063,,,,,,,,
def3_p0_linear,def3_p0,2,2024,linear,linear,1.92031,1.07079,0.78102,1.0431,,,,,,,,
def3_p0_linear,def3_p0,2,2025,linear,linear,1.92031,1.07079,0.77899,1.05404,,,,,,,,
def3_p0_linear,def3_p0,2,-1,linear,linear,1.92031,1.07079,0.78443,1.0489,,,,,,,,
def3_p0_poly2,def3_p0,2,1998,poly2,poly2,1.92031,1.07079,0.76408,1.03748,0.0257,-0.0212,,,,,,
def3_p0_poly2,def3_p0,2,1999,poly2,poly2,1.92031,1.07079,0.76304,1.03702,0.03013,-0.01897,,,,,,
def3_p0_poly2,def3_p0,2,2000,poly2,poly2,1.92031,1.07079,0.76331,1.03402,0.03031,-0.02854,,,,,,
def3_p0_poly2,def3_p0,2,2001,poly2,poly2,1.92031,1.07079,0.76216,1.03887,0.02741,-0.01771,,,,,,
def3_p0_poly2,def3_p0,2,2002,poly2,poly2,1.92031,1.07079,0.76299,1.04454,0.02813,-0.02082,,,,,,
def3_p0_poly2,def3_p0,2,2003,poly2,poly2,1.92031,1.07079,0.75872,1.04404,0.03175,-0.02277,,,,,,
def3_p0_poly2,def3_p0,2,2004,poly2,poly2,1.92031,1.07079,0.75881,1.03172,0.02849,-0.01514,,,,,,
def3_p0_poly2,def3_p0,2,2005,poly2,poly2,1.92031,1.07079,0.75963,1.04022,0.0276,-0.01627,,,,,,
def3_p0_poly2,def3_p0,2,2006,poly2,poly2,1.92031,1.07079,0.7613,1.03053,0.0287,-0.02079,,,,,,
def3_p0_poly2,def3_p0,2,2007,poly2,poly2,1.92031,1.07079,0.76796,1.03501,0.02767,-0.0158,,,,,,
def3_p0_poly2,def3_p0,2,2008,poly2,poly2,1.92031,1.07079,0.74971,1.03213,0.03548,-0.02029,,,,,,
def3_p0_poly2,def3_p0,2,2009,poly2,poly2,1.92031,1.07079,0.76477,1.03145,0.02898,-0.02319,,,,,,
def3_p0_poly2,def3_p0,2,2010,poly2,poly2,1.92031,1.07079,0.76384,1.0349,0.02839,-0.02577,,,,,,
def3_p0_poly2,def3_p0,2,2011,poly2,poly2,1.92031,1.07079,0.76366,1.03345,0.03215,-0.01895,,,,,,
def3_p0_poly2,def3_p0,2,2012,poly2,poly2,1.92031,1.07079,0.76103,1.03576,0.03082,-0.01996,,,,,,
def3_p0_poly2,def3_p0,2,2013,poly2,poly2,1.92031,1.07079,0.76412,1.03768,0.02576,-0.01731,,,,,,
def3_p0_poly2,def3_p0,2,2014,poly2,poly2,1.92031,1.07079,0.76583,1.04562,0.03144,-0.01873,,,,,,
def3_p0_poly2,def3_p0,2,2015,poly2,poly2,1.92031,1.07079,0.75685,1.04273,0.0314,-0.02402,,,,,,
def3_p0_poly2,def3_p0,2,2016,poly2,poly2,1.92031,1.07079,0.76875,1.03723,0.02713,-0.022,,,,,,
def3_p0_poly2,def3_p0,2,2017,poly2,poly2,1.92031,1.07079,0.76284,1.04007,0.03056,-0.01985,,,,,,
def3_p0_poly2,def3_p0,2,2018,poly2,poly2,1.92031,1.07079,0.76799,1.03863,0.02694,-0.01841,,,,,,
def3_p0_poly2,def3_p0,2,2019,poly2,poly2,1.92031,1.07079,0.76925,1.02684,0.0278,-0.02826,,,,,,
def3_p0_poly2,def3_p0,2,2020,poly2,poly2,1.92031,1.07079,0.76755,1.0252,0.02878,-0.02478,,,,,,
def3_p0_poly2,def3_p0,2,2021,poly2,poly2,1.92031,1.07079,0.758,1.03729,0.02758,-0.02277,,,,,,
def3_p0_poly2,def3_p0,2,2022,poly2,poly2,1.92031,1.07079,0.76947,1.02799,0.03126,-0.02253,,,,,,
def3_p0_poly2,def3_p0,2,2023,poly2,poly2,1.92031,1.07079,0.76814,1.03932,0.02918,-0.01821,,,,,,
def3_p0_poly2,def3_p0,2,2024,poly2,poly2,1.92031,1.07079,0.75676,1.0282,0.03376,-0.02446,,,,,,
def3_p0_poly2,def3_p0,2,2025,poly2,poly2,1.92031,1.07079,0.75656,1.0397,0.03079,-0.02353,,,,,,
def3_p0_poly2,def3_p0,2,-1,poly2,poly2,1.92031,1.07079,0.76275,1.03596,0.02943,-0.02111,,,,,,
def3_p0_hinge,def3_p0,2,1998,hinge,hinge,1.92031,1.07079,0.86667,0.93139,0.66493,1.1349,,,,,,
def3_p0_hinge,def3_p0,2,1999,hinge,hinge,1.92031,1.07079,0.88602,0.9405,0.64253,1.12529,,,,,,
def3_p0_hinge,def3_p0,2,2000,hinge,hinge,1.92031,1.07079,0.8874,0.90256,0.64184,1.15708,,,,,,
def3_p0_hinge,def3_p0,2,2001,hinge,hinge,1.92031,1.07079,0.87288,0.9448,0.6545,1.12403,,,,,,
def3_p0_hinge,def3_p0,2,2002,hinge,hinge,1.92031,1.07079,0.87747,0.93856,0.65138,1.14155,,,,,,
def3_p0_hinge,def3_p0,2,2003,hinge,hinge,1.92031,1.07079,0.88897,0.93715,0.6311,1.14349,,,,,,
def3_p0_hinge,def3_p0,2,2004,hinge,hinge,1.92031,1.07079,0.87387,0.94514,0.64675,1.10897,,,,,,
def3_p0_hinge,def3_p0,2,2005,hinge,hinge,1.92031,1.07079,0.87049,0.95604,0.65193,1.11693,,,,,,
def3_p0_hinge,def3_p0,2,2006,hinge,hinge,1.92031,1.07079,0.87861,0.9265,0.64635,1.12619,,,,,,
def3_p0_hinge,def3_p0,2,2007,hinge,hinge,1.92031,1.07079,0.87773,0.95507,0.66187,1.1082,,,,,,
def3_p0_hinge,def3_p0,2,2008,hinge,hinge,1.92031,1.07079,0.89524,0.926,0.60691,1.12862,,,,,,
def3_p0_hinge,def3_p0,2,2009,hinge,hinge,1.92031,1.07079,0.8849,0.91636,0.64631,1.13717,,,,,,
def3_p0_hinge,def3_p0,2,2010,hinge,hinge,1.92031,1.07079,0.88019,0.91361,0.6497,1.148,,,,,,
def3_p0_hinge,def3_p0,2,2011,hinge,hinge,1.92031,1.07079,0.89167,0.93382,0.63977,1.12391,,,,,,
def3_p0_hinge,def3_p0,2,2012,hinge,hinge,1.92031,1.07079,0.88747,0.93388,0.63694,1.12885,,,,,,
def3_p0_hinge,def3_p0,2,2013,hinge,hinge,1.92031,1.07079,0.86846,0.9487,0.6622,1.11902,,,,,,
def3_p0_hinge,def3_p0,2,2014,hinge,hinge,1.92031,1.07079,0.89298,0.95251,0.64185,1.13151,,,,,,
def3_p0_hinge,def3_p0,2,2015,hinge,hinge,1.92031,1.07079,0.88441,0.92812,0.63199,1.14934,,,,,,
def3_p0_hinge,def3_p0,2,2016,hinge,hinge,1.92031,1.07079,0.88078,0.93042,0.65814,1.13596,,,,,,
def3_p0_hinge,def3_p0,2,2017,hinge,hinge,1.92031,1.07079,0.88234,0.93704,0.64718,1.1338,,,,,,
def3_p0_hinge,def3_p0,2,2018,hinge,hinge,1.92031,1.07079,0.8776,0.94458,0.66017,1.1246,,,,,,
def3_p0_hinge,def3_p0,2,2019,hinge,hinge,1.92031,1.07079,0.8782,0.89422,0.664,1.15053,,,,,,
def3_p0_hinge,def3_p0,2,2020,hinge,hinge,1.92031,1.07079,0.88361,0.9127,0.65421,1.13105,,,,,,
def3_p0_hinge,def3_p0,2,2021,hinge,hinge,1.92031,1.07079,0.87027,0.93113,0.64778,1.13641,,,,,,
def3_p0_hinge,def3_p0,2,2022,hinge,hinge,1.92031,1.07079,0.89302,0.92062,0.64994,1.12776,,,,,,
def3_p0_hinge,def3_p0,2,2023,hinge,hinge,1.92031,1.07079,0.88567,0.94347,0.65341,1.12641,,,,,,
def3_p0_hinge,def3_p0,2,2024,hinge,hinge,1.92031,1.07079,0.89261,0.91788,0.62404,1.13216,,,,,,
def3_p0_hinge,def3_p0,2,2025,hinge,hinge,1.92031,1.07079,0.88285,0.92831,0.63216,1.14316,,,,,,
def3_p0_hinge,def3_p0,2,-1,hinge,hinge,1.92031,1.07079,0.88187,0.9318,0.64641,1.13194,,,,,,
def3_p0_linear+unseen,def3_p0,2,1998,linear+unseen,linear+unseen,1.92031,1.07079,0.7579,1.02906,-3.94815,2.75322,,,,,,
def3_p0_linear+unseen,def3_p0,2,1999,linear+unseen,linear+unseen,1.92031,1.07079,0.76055,1.026,-3.90869,2.83514,,,,,,
def3_p0_linear+unseen,def3_p0,2,2000,linear+unseen,linear+unseen,1.92031,1.07079,0.76115,1.0294,-3.89335,2.84025,,,,,,
def3_p0_linear+unseen,def3_p0,2,2001,linear+unseen,linear+unseen,1.92031,1.07079,0.75853,1.02961,-4.01513,2.73432,,,,,,
def3_p0_linear+unseen,def3_p0,2,2002,linear+unseen,linear+unseen,1.92031,1.07079,0.75914,1.03465,-3.84196,2.82272,,,,,,
def3_p0_linear+unseen,def3_p0,2,2003,linear+unseen,linear+unseen,1.92031,1.07079,0.76024,1.03378,-3.81411,3.25458,,,,,,
def3_p0_linear+unseen,def3_p0,2,2004,linear+unseen,linear+unseen,1.92031,1.07079,0.75346,1.01904,-4.07759,2.90155,,,,,,
def3_p0_linear+unseen,def3_p0,2,2005,linear+unseen,linear+unseen,1.92031,1.07079,0.75613,1.02735,-3.84604,2.88553,,,,,,
def3_p0_linear+unseen,def3_p0,2,2006,linear+unseen,linear+unseen,1.92031,1.07079,0.75814,1.0194,-3.86273,2.89009,,,,,,
def3_p0_linear+unseen,def3_p0,2,2007,linear+unseen,linear+unseen,1.92031,1.07079,0.76253,1.02392,-4.10495,2.85136,,,,,,
def3_p0_linear+unseen,def3_p0,2,2008,linear+unseen,linear+unseen,1.92031,1.07079,0.75154,1.02233,-4.01614,2.8889,,,,,,
def3_p0_linear+unseen,def3_p0,2,2009,linear+unseen,linear+unseen,1.92031,1.07079,0.76196,1.02412,-3.81617,2.80695,,,,,,
def3_p0_linear+unseen,def3_p0,2,2010,linear+unseen,linear+unseen,1.92031,1.07079,0.75861,1.02961,-4.09298,2.77754,,,,,,
def3_p0_linear+unseen,def3_p0,2,2011,linear+unseen,linear+unseen,1.92031,1.07079,0.7613,1.02272,-3.9687,2.7952,,,,,,
def3_p0_linear+unseen,def3_p0,2,2012,linear+unseen,linear+unseen,1.92031,1.07079,0.75928,1.02503,-3.94029,2.8675,,,,,,
def3_p0_linear+unseen,def3_p0,2,2013,linear+unseen,linear+unseen,1.92031,1.07079,0.75743,1.02579,-3.98238,2.84483,,,,,,
def3_p0_linear+unseen,def3_p0,2,2014,linear+unseen,linear+unseen,1.92031,1.07079,0.76379,1.03466,-3.88963,2.81662,,,,,,
def3_p0_linear+unseen,def3_p0,2,2015,linear+unseen,linear+unseen,1.92031,1.07079,0.7548,1.03371,-3.92262,2.94287,,,,,,
def3_p0_linear+unseen,def3_p0,2,2016,linear+unseen,linear+unseen,1.92031,1.07079,0.76255,1.02897,-3.9633,2.70464,,,,,,
def3_p0_linear+unseen,def3_p0,2,2017,linear+unseen,linear+unseen,1.92031,1.07079,0.75931,1.02959,-3.86744,2.80293,,,,,,
def3_p0_linear+unseen,def3_p0,2,2018,linear+unseen,linear+unseen,1.92031,1.07079,0.76443,1.0262,-3.93637,2.96415,,,,,,
def3_p0_linear+unseen,def3_p0,2,2019,linear+unseen,linear+unseen,1.92031,1.07079,0.76362,1.02283,-4.00532,2.73494,,,,,,
def3_p0_linear+unseen,def3_p0,2,2020,linear+unseen,linear+unseen,1.92031,1.07079,0.76436,1.01814,-3.90263,2.81688,,,,,,
def3_p0_linear+unseen,def3_p0,2,2021,linear+unseen,linear+unseen,1.92031,1.07079,0.75402,1.02939,-3.89292,2.7663,,,,,,
def3_p0_linear+unseen,def3_p0,2,2022,linear+unseen,linear+unseen,1.92031,1.07079,0.76529,1.02241,-4.19872,2.52299,,,,,,
def3_p0_linear+unseen,def3_p0,2,2023,linear+unseen,linear+unseen,1.92031,1.07079,0.76398,1.02729,-4.00975,2.85135,,,,,,
def3_p0_linear+unseen,def3_p0,2,2024,linear+unseen,linear+unseen,1.92031,1.07079,0.75765,1.02264,-3.81058,2.72621,,,,,,
def3_p0_linear+unseen,def3_p0,2,2025,linear+unseen,linear+unseen,1.92031,1.07079,0.75494,1.03299,-3.81024,2.64277,,,,,,
def3_p0_linear+unseen,def3_p0,2,-1,linear+unseen,linear+unseen,1.92031,1.07079,0.75952,1.02679,-3.93997,2.82221,,,,,,
def3_p0_linear+bins,def3_p0,2,1998,linear+bins,linear+bins,1.92031,1.07079,0.72496,0.97064,-4.07731,2.23238,-0.25829,-0.66592,-0.37311,2.46322,1.18115,0.32908
def3_p0_linear+bins,def3_p0,2,1999,linear+bins,linear+bins,1.92031,1.07079,0.72885,0.96661,-4.04356,2.34126,-0.25424,-0.61173,-0.35296,2.29688,1.22036,0.31458
def3_p0_linear+bins,def3_p0,2,2000,linear+bins,linear+bins,1.92031,1.07079,0.72808,0.96862,-4.02723,2.32455,-0.30751,-0.57996,-0.36664,2.35469,1.20039,0.33062
def3_p0_linear+bins,def3_p0,2,2001,linear+bins,linear+bins,1.92031,1.07079,0.73054,0.96931,-4.16469,2.17728,-0.15857,-0.55917,-0.34215,2.41298,1.2098,0.30317
def3_p0_linear+bins,def3_p0,2,2002,linear+bins,linear+bins,1.92031,1.07079,0.72705,0.97383,-3.97612,2.30941,-0.19039,-0.61662,-0.37269,2.35574,1.23232,0.31018
def3_p0_linear+bins,def3_p0,2,2003,linear+bins,linear+bins,1.92031,1.07079,0.73333,0.97217,-3.9618,2.69976,-0.20824,-0.51535,-0.32896,2.27012,1.18317,0.36087
def3_p0_linear+bins,def3_p0,2,2004,linear+bins,linear+bins,1.92031,1.07079,0.72026,0.96141,-4.20684,2.37838,-0.23619,-0.63444,-0.36911,2.41985,1.19074,0.29167
def3_p0_linear+bins,def3_p0,2,2005,linear+bins,linear+bins,1.92031,1.07079,0.72525,0.96686,-3.9839,2.39956,-0.23893,-0.59673,-0.35087,2.22338,1.22222,0.30017
def3_p0_linear+bins,def3_p0,2,2006,linear+bins,linear+bins,1.92031,1.07079,0.72547,0.96093,-3.99141,2.37823,-0.26982,-0.61991,-0.36424,2.31483,1.23457,0.31964
def3_p0_linear+bins,def3_p0,2,2007,linear+bins,linear+bins,1.92031,1.07079,0.73369,0.96546,-4.24221,2.2932,-0.19664,-0.58591,-0.33191,2.32838,1.1924,0.30828
def3_p0_linear+bins,def3_p0,2,2008,linear+bins,linear+bins,1.92031,1.07079,0.71965,0.96351,-4.15622,2.36135,-0.23955,-0.60812,-0.35708,2.36264,1.18924,0.29705
def3_p0_linear+bins,def3_p0,2,2009,linear+bins,linear+bins,1.92031,1.07079,0.73016,0.96303,-3.95635,2.25719,-0.19204,-0.6091,-0.37632,2.49718,1.21911,0.31046
def3_p0_linear+bins,def3_p0,2,2010,linear+bins,linear+bins,1.92031,1.07079,0.72643,0.97118,-4.22086,2.25687,-0.32322,-0.63721,-0.33879,2.37774,1.21143,0.28951
def3_p0_linear+bins,def3_p0,2,2011,linear+bins,linear+bins,1.92031,1.07079,0.7304,0.96774,-4.09777,2.2761,-0.18693,-0.59722,-0.36441,2.29349,1.22672,0.27554
def3_p0_linear+bins,def3_p0,2,2012,linear+bins,linear+bins,1.92031,1.07079,0.7301,0.96628,-4.07686,2.35236,-0.25618,-0.54346,-0.34955,2.37591,1.17821,0.33372
def3_p0_linear+bins,def3_p0,2,2013,linear+bins,linear+bins,1.92031,1.07079,0.72425,0.96837,-4.11347,2.28626,-0.26116,-0.61561,-0.37715,2.36822,1.31937,0.27604
def3_p0_linear+bins,def3_p0,2,2014,linear+bins,linear+bins,1.92031,1.07079,0.73231,0.97835,-4.02764,2.31806,-0.185,-0.57895,-0.36364,2.21033,1.20434,0.28971
def3_p0_linear+bins,def3_p0,2,2015,linear+bins,linear+bins,1.92031,1.07079,0.72675,0.97611,-4.06173,2.44091,-0.17086,-0.59887,-0.32153,2.31819,1.17654,0.31281
def3_p0_linear+bins,def3_p0,2,2016,linear+bins,linear+bins,1.92031,1.07079,0.73117,0.97245,-4.08893,2.20006,-0.13976,-0.69091,-0.33701,2.32375,1.18876,0.29251
def3_p0_linear+bins,def3_p0,2,2017,linear+bins,linear+bins,1.92031,1.07079,0.72911,0.96808,-4.01372,2.28772,-0.2445,-0.60697,-0.33384,2.37852,1.24578,0.33613
def3_p0_linear+bins,def3_p0,2,2018,linear+bins,linear+bins,1.92031,1.07079,0.73141,0.96717,-4.07775,2.48796,-0.42568,-0.63166,-0.34184,2.49291,1.27483,0.29276
def3_p0_linear+bins,def3_p0,2,2019,linear+bins,linear+bins,1.92031,1.07079,0.73184,0.96414,-4.13515,2.22058,-0.15647,-0.68455,-0.34904,2.3625,1.2305,0.32325
def3_p0_linear+bins,def3_p0,2,2020,linear+bins,linear+bins,1.92031,1.07079,0.72715,0.96164,-4.03001,2.33231,-0.32525,-0.69994,-0.39134,2.29546,1.28744,0.29335
def3_p0_linear+bins,def3_p0,2,2021,linear+bins,linear+bins,1.92031,1.07079,0.72156,0.97212,-4.0099,2.25615,-0.23895,-0.64445,-0.35475,2.30196,1.24286,0.30466
def3_p0_linear+bins,def3_p0,2,2022,linear+bins,linear+bins,1.92031,1.07079,0.73478,0.96748,-4.2934,2.08212,-0.25267,-0.67798,-0.28895,2.15913,1.19668,0.29821
def3_p0_linear+bins,def3_p0,2,2023,linear+bins,linear+bins,1.92031,1.07079,0.73352,0.97005,-4.14327,2.34133,-0.22773,-0.60871,-0.35167,2.39509,1.21995,0.31402
def3_p0_linear+bins,def3_p0,2,2024,linear+bins,linear+bins,1.92031,1.07079,0.73128,0.96433,-3.95965,2.18886,-0.15868,-0.53572,-0.33842,2.35646,1.24773,0.31947
def3_p0_linear+bins,def3_p0,2,2025,linear+bins,linear+bins,1.92031,1.07079,0.72493,0.97472,-3.9307,2.19763,-0.22543,-0.62614,-0.33204,2.4298,1.17546,0.31047
def3_p0_linear+bins,def3_p0,2,-1,linear+bins,linear+bins,1.92031,1.07079,0.72837,0.96831,-4.07295,2.30916,-0.23276,-0.61354,-0.35079,2.34796,1.21786,0.30851
def3_p0_linear+log,def3_p0,2,1998,linear+log,linear+log,1.92031,1.07079,0.67878,0.94919,0.65362,-0.68114,,,,,,
def3_p0_linear+log,def3_p0,2,1999,linear+log,linear+log,1.92031,1.07079,0.68194,0.9469,0.6481,-0.67775,,,,,,
def3_p0_linear+log,def3_p0,2,2000,linear+log,linear+log,1.92031,1.07079,0.68257,0.94797,0.64152,-0.68436,,,,,,
def3_p0_linear+log,def3_p0,2,2001,linear+log,linear+log,1.92031,1.07079,0.68168,0.94878,0.6383,-0.67126,,,,,,
def3_p0_linear+log,def3_p0,2,2002,linear+log,linear+log,1.92031,1.07079,0.6821,0.95197,0.64025,-0.69731,,,,,,
def3_p0_linear+log,def3_p0,2,2003,linear+log,linear+log,1.92031,1.07079,0.68658,0.95204,0.60851,-0.70094,,,,,,
def3_p0_linear+log,def3_p0,2,2004,linear+log,linear+log,1.92031,1.07079,0.67115,0.93737,0.67897,-0.68871,,,,,,
def3_p0_linear+log,def3_p0,2,2005,linear+log,linear+log,1.92031,1.07079,0.68087,0.94554,0.6319,-0.67695,,,,,,
def3_p0_linear+log,def3_p0,2,2006,linear+log,linear+log,1.92031,1.07079,0.67934,0.93894,0.65189,-0.69721,,,,,,
def3_p0_linear+log,def3_p0,2,2007,linear+log,linear+log,1.92031,1.07079,0.68526,0.94455,0.64509,-0.67082,,,,,,
def3_p0_linear+log,def3_p0,2,2008,linear+log,linear+log,1.92031,1.07079,0.67322,0.94156,0.64758,-0.67875,,,,,,
def3_p0_linear+log,def3_p0,2,2009,linear+log,linear+log,1.92031,1.07079,0.6814,0.94238,0.65554,-0.68561,,,,,,
def3_p0_linear+log,def3_p0,2,2010,linear+log,linear+log,1.92031,1.07079,0.67776,0.94953,0.67034,-0.67297,,,,,,
def3_p0_linear+log,def3_p0,2,2011,linear+log,linear+log,1.92031,1.07079,0.68291,0.94737,0.64874,-0.66505,,,,,,
def3_p0_linear+log,def3_p0,2,2012,linear+log,linear+log,1.92031,1.07079,0.68146,0.94756,0.64362,-0.67933,,,,,,
def3_p0_linear+log,def3_p0,2,2013,linear+log,linear+log,1.92031,1.07079,0.67406,0.9466,0.67253,-0.68019,,,,,,
def3_p0_linear+log,def3_p0,2,2014,linear+log,linear+log,1.92031,1.07079,0.68394,0.95843,0.64975,-0.65562,,,,,,
def3_p0_linear+log,def3_p0,2,2015,linear+log,linear+log,1.92031,1.07079,0.6785,0.95702,0.63625,-0.66756,,,,,,
def3_p0_linear+log,def3_p0,2,2016,linear+log,linear+log,1.92031,1.07079,0.68304,0.95356,0.65482,-0.65661,,,,,,
def3_p0_linear+log,def3_p0,2,2017,linear+log,linear+log,1.92031,1.07079,0.67983,0.94711,0.65058,-0.6969,,,,,,
def3_p0_linear+log,def3_p0,2,2018,linear+log,linear+log,1.92031,1.07079,0.68304,0.94503,0.6667,-0.70706,,,,,,
def3_p0_linear+log,def3_p0,2,2019,linear+log,linear+log,1.92031,1.07079,0.6825,0.94594,0.66253,-0.67291,,,,,,
def3_p0_linear+log,def3_p0,2,2020,linear+log,linear+log,1.92031,1.07079,0.68042,0.94102,0.68088,-0.67791,,,,,,
def3_p0_linear+log,def3_p0,2,2021,linear+log,linear+log,1.92031,1.07079,0.67365,0.95144,0.65684,-0.67016,,,,,,
def3_p0_linear+log,def3_p0,2,2022,linear+log,linear+log,1.92031,1.07079,0.68806,0.95011,0.64646,-0.62838,,,,,,
def3_p0_linear+log,def3_p0,2,2023,linear+log,linear+log,1.92031,1.07079,0.68512,0.95083,0.65973,-0.68084,,,,,,
def3_p0_linear+log,def3_p0,2,2024,linear+log,linear+log,1.92031,1.07079,0.68212,0.94435,0.62924,-0.67979,,,,,,
def3_p0_linear+log,def3_p0,2,2025,linear+log,linear+log,1.92031,1.07079,0.67552,0.95467,0.65431,-0.67513,,,,,,
def3_p0_linear+log,def3_p0,2,-1,linear+log,linear+log,1.92031,1.07079,0.68059,0.94777,0.65091,-0.67776,,,,,,
def3_p0_linear+log2,def3_p0,2,1998,linear+log2,linear+log2,1.92031,1.07079,0.68685,0.97411,1.25471,-2.93457,-0.19885,,,0.74618,,
def3_p0_linear+log2,def3_p0,2,1999,linear+log2,linear+log2,1.92031,1.07079,0.68794,0.97069,1.16529,-2.91088,-0.16986,,,0.73959,,
def3_p0_linear+log2,def3_p0,2,2000,linear+log2,linear+log2,1.92031,1.07079,0.68971,0.97211,1.19914,-2.89538,-0.1837,,,0.73117,,
def3_p0_linear+log2,def3_p0,2,2001,linear+log2,linear+log2,1.92031,1.07079,0.6867,0.97408,1.09327,-2.95097,-0.14843,,,0.75529,,
def3_p0_linear+log2,def3_p0,2,2002,linear+log2,linear+log2,1.92031,1.07079,0.68806,0.97352,1.14609,-2.81817,-0.1669,,,0.70378,,
def3_p0_linear+log2,def3_p0,2,2003,linear+log2,linear+log2,1.92031,1.07079,0.69132,0.97746,1.03811,-2.97946,-0.13951,,,0.75385,,
def3_p0_linear+log2,def3_p0,2,2004,linear+log2,linear+log2,1.92031,1.07079,0.67656,0.96431,1.1827,-2.93823,-0.16528,,,0.74689,,
def3_p0_linear+log2,def3_p0,2,2005,linear+log2,linear+log2,1.92031,1.07079,0.6878,0.9716,1.18806,-2.89359,-0.18387,,,0.73665,,
def3_p0_linear+log2,def3_p0,2,2006,linear+log2,linear+log2,1.92031,1.07079,0.68633,0.96319,1.20323,-2.8492,-0.18282,,,0.71516,,
def3_p0_linear+log2,def3_p0,2,2007,linear+log2,linear+log2,1.92031,1.07079,0.69047,0.97005,1.11333,-2.87643,-0.15316,,,0.73096,,
def3_p0_linear+log2,def3_p0,2,2008,linear+log2,linear+log2,1.92031,1.07079,0.67978,0.96582,1.20761,-2.90033,-0.18431,,,0.73595,,
def3_p0_linear+log2,def3_p0,2,2009,linear+log2,linear+log2,1.92031,1.07079,0.68563,0.9681,1.04433,-2.9992,-0.12649,,,0.76783,,
def3_p0_linear+log2,def3_p0,2,2010,linear+log2,linear+log2,1.92031,1.07079,0.68475,0.97548,1.2432,-2.95494,-0.18923,,,0.75757,,
def3_p0_linear+log2,def3_p0,2,2011,linear+log2,linear+log2,1.92031,1.07079,0.68912,0.97063,1.14961,-2.89261,-0.16479,,,0.73841,,
def3_p0_linear+log2,def3_p0,2,2012,linear+log2,linear+log2,1.92031,1.07079,0.6874,0.97141,1.13425,-2.9543,-0.16129,,,0.75383,,
def3_p0_linear+log2,def3_p0,2,2013,linear+log2,linear+log2,1.92031,1.07079,0.68033,0.97262,1.19879,-2.98598,-0.17301,,,0.76396,,
def3_p0_linear+log2,def3_p0,2,2014,linear+log2,linear+log2,1.92031,1.07079,0.68903,0.98302,1.08548,-2.86383,-0.14263,,,0.73258,,
def3_p0_linear+log2,def3_p0,2,2015,linear+log2,linear+log2,1.92031,1.07079,0.68382,0.98238,1.13798,-2.98232,-0.16423,,,0.76732,,
def3_p0_linear+log2,def3_p0,2,2016,linear+log2,linear+log2,1.92031,1.07079,0.68958,0.97675,1.18659,-2.85348,-0.17582,,,0.72962,,
def3_p0_linear+log2,def3_p0,2,2017,linear+log2,linear+log2,1.92031,1.07079,0.68507,0.97047,1.1205,-2.87358,-0.15388,,,0.72102,,
def3_p0_linear+log2,def3_p0,2,2018,linear+log2,linear+log2,1.92031,1.07079,0.69043,0.9688,1.29054,-3.07527,-0.20485,,,0.78181,,
def3_p0_linear+log2,def3_p0,2,2019,linear+log2,linear+log2,1.92031,1.07079,0.68913,0.96964,1.17995,-2.90985,-0.17101,,,0.74151,,
def3_p0_linear+log2,def3_p0,2,2020,linear+log2,linear+log2,1.92031,1.07079,0.68661,0.96473,1.21587,-2.92312,-0.17549,,,0.74227,,
def3_p0_linear+log2,def3_p0,2,2021,linear+log2,linear+log2,1.92031,1.07079,0.67889,0.97564,1.09777,-2.87426,-0.14439,,,0.72918,,
def3_p0_linear+log2,def3_p0,2,2022,linear+log2,linear+log2,1.92031,1.07079,0.69735,0.97092,1.36592,-2.70223,-0.23824,,,0.68255,,
def3_p0_linear+log2,def3_p0,2,2023,linear+log2,linear+log2,1.92031,1.07079,0.6912,0.9747,1.16826,-2.96443,-0.16713,,,0.7564,,
def3_p0_linear+log2,def3_p0,2,2024,linear+log2,linear+log2,1.92031,1.07079,0.68671,0.96807,1.02418,-2.85768,-0.12936,,,0.72319,,
def3_p0_linear+log2,def3_p0,2,2025,linear+log2,linear+log2,1.92031,1.07079,0.68071,0.97496,1.11069,-2.82262,-0.1494,,,0.70803,,
def3_p0_linear+log2,def3_p0,2,-1,linear+log2,linear+log2,1.92031,1.07079,0.68667,0.97196,1.16188,-2.90855,-0.16799,,,0.73905,,
def3_p0_linear+sat,def3_p0,2,1998,linear+sat,linear+sat,1.92031,1.07079,0.69689,0.95194,2.36661,-2.84694,,,,,,
def3_p0_linear+sat,def3_p0,2,1999,linear+sat,linear+sat,1.92031,1.07079,0.70053,0.94944,2.32609,-2.83209,,,,,,
def3_p0_linear+sat,def3_p0,2,2000,linear+sat,linear+sat,1.92031,1.07079,0.70071,0.95124,2.32141,-2.85466,,,,,,
def3_p0_linear+sat,def3_p0,2,2001,linear+sat,linear+sat,1.92031,1.07079,0.70025,0.95113,2.28569,-2.82146,,,,,,
def3_p0_linear+sat,def3_p0,2,2002,linear+sat,linear+sat,1.92031,1.07079,0.70036,0.95525,2.28456,-2.86866,,,,,,
def3_p0_linear+sat,def3_p0,2,2003,linear+sat,linear+sat,1.92031,1.07079,0.70472,0.95538,2.18294,-2.93436,,,,,,
def3_p0_linear+sat,def3_p0,2,2004,linear+sat,linear+sat,1.92031,1.07079,0.69055,0.94124,2.4225,-2.86699,,,,,,
def3_p0_linear+sat,def3_p0,2,2005,linear+sat,linear+sat,1.92031,1.07079,0.69854,0.94874,2.27181,-2.81668,,,,,,
def3_p0_linear+sat,def3_p0,2,2006,linear+sat,linear+sat,1.92031,1.07079,0.69781,0.94346,2.3321,-2.86486,,,,,,
def3_p0_linear+sat,def3_p0,2,2007,linear+sat,linear+sat,1.92031,1.07079,0.70346,0.94795,2.31843,-2.80724,,,,,,
def3_p0_linear+sat,def3_p0,2,2008,linear+sat,linear+sat,1.92031,1.07079,0.69106,0.94447,2.33832,-2.83692,,,,,,
def3_p0_linear+sat,def3_p0,2,2009,linear+sat,linear+sat,1.92031,1.07079,0.70236,0.94484,2.30302,-2.86582,,,,,,
def3_p0_linear+sat,def3_p0,2,2010,linear+sat,linear+sat,1.92031,1.07079,0.69601,0.95244,2.41789,-2.81536,,,,,,
def3_p0_linear+sat,def3_p0,2,2011,linear+sat,linear+sat,1.92031,1.07079,0.70195,0.9494,2.31712,-2.78373,,,,,,
def3_p0_linear+sat,def3_p0,2,2012,linear+sat,linear+sat,1.92031,1.07079,0.70017,0.94969,2.3036,-2.84554,,,,,,
def3_p0_linear+sat,def3_p0,2,2013,linear+sat,linear+sat,1.92031,1.07079,0.694,0.94921,2.40099,-2.85386,,,,,,
def3_p0_linear+sat,def3_p0,2,2014,linear+sat,linear+sat,1.92031,1.07079,0.70415,0.96071,2.29796,-2.7474,,,,,,
def3_p0_linear+sat,def3_p0,2,2015,linear+sat,linear+sat,1.92031,1.07079,0.69587,0.95869,2.29561,-2.81798,,,,,,
def3_p0_linear+sat,def3_p0,2,2016,linear+sat,linear+sat,1.92031,1.07079,0.70186,0.9554,2.33806,-2.74489,,,,,,
def3_p0_linear+sat,def3_p0,2,2017,linear+sat,linear+sat,1.92031,1.07079,0.69913,0.95066,2.31965,-2.88413,,,,,,
def3_p0_linear+sat,def3_p0,2,2018,linear+sat,linear+sat,1.92031,1.07079,0.70037,0.94656,2.44508,-2.99053,,,,,,
def3_p0_linear+sat,def3_p0,2,2019,linear+sat,linear+sat,1.92031,1.07079,0.70224,0.94845,2.35949,-2.80955,,,,,,
def3_p0_linear+sat,def3_p0,2,2020,linear+sat,linear+sat,1.92031,1.07079,0.70035,0.94333,2.43208,-2.84339,,,,,,
def3_p0_linear+sat,def3_p0,2,2021,linear+sat,linear+sat,1.92031,1.07079,0.69398,0.95446,2.32898,-2.79974,,,,,,
def3_p0_linear+sat,def3_p0,2,2022,linear+sat,linear+sat,1.92031,1.07079,0.70333,0.95234,2.40388,-2.6471,,,,,,
def3_p0_linear+sat,def3_p0,2,2023,linear+sat,linear+sat,1.92031,1.07079,0.70397,0.95284,2.36531,-2.85535,,,,,,
def3_p0_linear+sat,def3_p0,2,2024,linear+sat,linear+sat,1.92031,1.07079,0.70152,0.94811,2.21836,-2.81235,,,,,,
def3_p0_linear+sat,def3_p0,2,2025,linear+sat,linear+sat,1.92031,1.07079,0.69506,0.95662,2.33021,-2.82193,,,,,,
def3_p0_linear+sat,def3_p0,2,-1,linear+sat,linear+sat,1.92031,1.07079,0.69932,0.9505,2.33303,-2.83177,,,,,,
def3_p0_linear+sat500,def3_p0,2,1998,linear+sat500,linear+sat500,1.92031,1.07079,0.70917,0.9639,2.63147,-3.23386,,,,,,
def3_p0_linear+sat500,def3_p0,2,1999,linear+sat500,linear+sat500,1.92031,1.07079,0.71302,0.96138,2.57924,-3.22583,,,,,,
def3_p0_linear+sat500,def3_p0,2,2000,linear+sat500,linear+sat500,1.92031,1.07079,0.71298,0.96338,2.58926,-3.25635,,,,,,
def3_p0_linear+sat500,def3_p0,2,2001,linear+sat500,linear+sat500,1.92031,1.07079,0.71221,0.96316,2.54506,-3.21955,,,,,,
def3_p0_linear+sat500,def3_p0,2,2002,linear+sat500,linear+sat500,1.92031,1.07079,0.71258,0.96734,2.53035,-3.25779,,,,,,
def3_p0_linear+sat500,def3_p0,2,2003,linear+sat500,linear+sat500,1.92031,1.07079,0.71617,0.9677,2.436,-3.37102,,,,,,
def3_p0_linear+sat500,def3_p0,2,2004,linear+sat500,linear+sat500,1.92031,1.07079,0.70351,0.95352,2.68633,-3.27309,,,,,,
def3_p0_linear+sat500,def3_p0,2,2005,linear+sat500,linear+sat500,1.92031,1.07079,0.71053,0.96123,2.51864,-3.20364,,,,,,
def3_p0_linear+sat500,def3_p0,2,2006,linear+sat500,linear+sat500,1.92031,1.07079,0.71021,0.95591,2.58371,-3.25186,,,,,,
def3_p0_linear+sat500,def3_p0,2,2007,linear+sat500,linear+sat500,1.92031,1.07079,0.71533,0.95992,2.58979,-3.21244,,,,,,
def3_p0_linear+sat500,def3_p0,2,2008,linear+sat500,linear+sat500,1.92031,1.07079,0.70341,0.9567,2.59999,-3.2393,,,,,,
def3_p0_linear+sat500,def3_p0,2,2009,linear+sat500,linear+sat500,1.92031,1.07079,0.71526,0.95693,2.53637,-3.26584,,,,,,
def3_p0_linear+sat500,def3_p0,2,2010,linear+sat500,linear+sat500,1.92031,1.07079,0.70844,0.96459,2.69494,-3.21104,,,,,,
def3_p0_linear+sat500,def3_p0,2,2011,linear+sat500,linear+sat500,1.92031,1.07079,0.7143,0.96087,2.57083,-3.17024,,,,,,
def3_p0_linear+sat500,def3_p0,2,2012,linear+sat500,linear+sat500,1.92031,1.07079,0.71224,0.96124,2.56057,-3.24848,,,,,,
def3_p0_linear+sat500,def3_p0,2,2013,linear+sat500,linear+sat500,1.92031,1.07079,0.7073,0.9613,2.65112,-3.24888,,,,,,
def3_p0_linear+sat500,def3_p0,2,2014,linear+sat500,linear+sat500,1.92031,1.07079,0.71692,0.97236,2.53978,-3.13412,,,,,,
def3_p0_linear+sat500,def3_p0,2,2015,linear+sat500,linear+sat500,1.92031,1.07079,0.70775,0.97036,2.55579,-3.22335,,,,,,
def3_p0_linear+sat500,def3_p0,2,2016,linear+sat500,linear+sat500,1.92031,1.07079,0.71442,0.96666,2.58869,-3.12702,,,,,,
def3_p0_linear+sat500,def3_p0,2,2017,linear+sat500,linear+sat500,1.92031,1.07079,0.71171,0.96326,2.56971,-3.27133,,,,,,
def3_p0_linear+sat500,def3_p0,2,2018,linear+sat500,linear+sat500,1.92031,1.07079,0.71291,0.95865,2.73499,-3.43047,,,,,,
def3_p0_linear+sat500,def3_p0,2,2019,linear+sat500,linear+sat500,1.92031,1.07079,0.71494,0.9602,2.61316,-3.19257,,,,,,
def3_p0_linear+sat500,def3_p0,2,2020,linear+sat500,linear+sat500,1.92031,1.07079,0.71392,0.95501,2.67689,-3.23558,,,,,,
def3_p0_linear+sat500,def3_p0,2,2021,linear+sat500,linear+sat500,1.92031,1.07079,0.70693,0.96655,2.57113,-3.18261,,,,,,
def3_p0_linear+sat500,def3_p0,2,2022,linear+sat500,linear+sat500,1.92031,1.07079,0.7151,0.96335,2.7048,-3.01676,,,,,,
def3_p0_linear+sat500,def3_p0,2,2023,linear+sat500,linear+sat500,1.92031,1.07079,0.71619,0.96423,2.63081,-3.25895,,,,,,
def3_p0_linear+sat500,def3_p0,2,2024,linear+sat500,linear+sat500,1.92031,1.07079,0.71343,0.96025,2.45275,-3.18984,,,,,,
def3_p0_linear+sat500,def3_p0,2,2025,linear+sat500,linear+sat500,1.92031,1.07079,0.70791,0.96843,2.56576,-3.20195,,,,,,
def3_p0_linear+sat500,def3_p0,2,-1,linear+sat500,linear+sat500,1.92031,1.07079,0.71174,0.96244,2.5893,-3.22684,,,,,,
def3_p0_linear+sat2000,def3_p0,2,1998,linear+sat2000,linear+sat2000,1.92031,1.07079,0.68722,0.94602,2.19338,-2.52096,,,,,,
def3_p0_linear+sat2000,def3_p0,2,1999,linear+sat2000,linear+sat2000,1.92031,1.07079,0.6906,0.94356,2.16314,-2.50453,,,,,,
def3_p0_linear+sat2000,def3_p0,2,2000,linear+sat2000,linear+sat2000,1.92031,1.07079,0.69099,0.94505,2.14942,-2.5248,,,,,,
def3_p0_linear+sat2000,def3_p0,2,2001,linear+sat2000,linear+sat2000,1.92031,1.07079,0.69058,0.94525,2.12317,-2.48978,,,,,,
def3_p0_linear+sat2000,def3_p0,2,2002,linear+sat2000,linear+sat2000,1.92031,1.07079,0.6905,0.94915,2.13101,-2.54897,,,,,,
def3_p0_linear+sat2000,def3_p0,2,2003,linear+sat2000,linear+sat2000,1.92031,1.07079,0.69539,0.94906,2.02477,-2.58645,,,,,,
def3_p0_linear+sat2000,def3_p0,2,2004,linear+sat2000,linear+sat2000,1.92031,1.07079,0.68017,0.93493,2.25727,-2.53433,,,,,,
def3_p0_linear+sat2000,def3_p0,2,2005,linear+sat2000,linear+sat2000,1.92031,1.07079,0.68893,0.94242,2.11439,-2.49639,,,,,,
def3_p0_linear+sat2000,def3_p0,2,2006,linear+sat2000,linear+sat2000,1.92031,1.07079,0.68794,0.93678,2.17179,-2.54783,,,,,,
def3_p0_linear+sat2000,def3_p0,2,2007,linear+sat2000,linear+sat2000,1.92031,1.07079,0.69404,0.94183,2.14671,-2.4758,,,,,,
def3_p0_linear+sat2000,def3_p0,2,2008,linear+sat2000,linear+sat2000,1.92031,1.07079,0.68134,0.93835,2.16923,-2.50578,,,,,,
def3_p0_linear+sat2000,def3_p0,2,2009,linear+sat2000,linear+sat2000,1.92031,1.07079,0.69158,0.93898,2.16045,-2.53297,,,,,,
def3_p0_linear+sat2000,def3_p0,2,2010,linear+sat2000,linear+sat2000,1.92031,1.07079,0.68633,0.94637,2.23958,-2.48767,,,,,,
def3_p0_linear+sat2000,def3_p0,2,2011,linear+sat2000,linear+sat2000,1.92031,1.07079,0.69192,0.94383,2.15852,-2.46119,,,,,,
def3_p0_linear+sat2000,def3_p0,2,2012,linear+sat2000,linear+sat2000,1.92031,1.07079,0.69042,0.94405,2.14139,-2.51321,,,,,,
def3_p0_linear+sat2000,def3_p0,2,2013,linear+sat2000,linear+sat2000,1.92031,1.07079,0.68336,0.94323,2.24046,-2.5218,,,,,,
def3_p0_linear+sat2000,def3_p0,2,2014,linear+sat2000,linear+sat2000,1.92031,1.07079,0.69358,0.95499,2.14979,-2.42698,,,,,,
def3_p0_linear+sat2000,def3_p0,2,2015,linear+sat2000,linear+sat2000,1.92031,1.07079,0.6866,0.95313,2.12685,-2.48149,,,,,,
def3_p0_linear+sat2000,def3_p0,2,2016,linear+sat2000,linear+sat2000,1.92031,1.07079,0.69179,0.95001,2.18015,-2.42699,,,,,,
def3_p0_linear+sat2000,def3_p0,2,2017,linear+sat2000,linear+sat2000,1.92031,1.07079,0.68899,0.94422,2.16141,-2.56096,,,,,,
def3_p0_linear+sat2000,def3_p0,2,2018,linear+sat2000,linear+sat2000,1.92031,1.07079,0.6909,0.94101,2.25013,-2.62619,,,,,,
def3_p0_linear+sat2000,def3_p0,2,2019,linear+sat2000,linear+sat2000,1.92031,1.07079,0.69183,0.94261,2.20248,-2.48848,,,,,,
def3_p0_linear+sat2000,def3_p0,2,2020,linear+sat2000,linear+sat2000,1.92031,1.07079,0.68951,0.93764,2.27326,-2.51282,,,,,,
def3_p0_linear+sat2000,def3_p0,2,2021,linear+sat2000,linear+sat2000,1.92031,1.07079,0.68338,0.94831,2.17754,-2.47928,,,,,,
def3_p0_linear+sat2000,def3_p0,2,2022,linear+sat2000,linear+sat2000,1.92031,1.07079,0.6947,0.947,2.20021,-2.33408,,,,,,
def3_p0_linear+sat2000,def3_p0,2,2023,linear+sat2000,linear+sat2000,1.92031,1.07079,0.69415,0.94733,2.19754,-2.5206,,,,,,
def3_p0_linear+sat2000,def3_p0,2,2024,linear+sat2000,linear+sat2000,1.92031,1.07079,0.69163,0.9417,2.07572,-2.49885,,,,,,
def3_p0_linear+sat2000,def3_p0,2,2025,linear+sat2000,linear+sat2000,1.92031,1.07079,0.68474,0.95106,2.17653,-2.49663,,,,,,
def3_p0_linear+sat2000,def3_p0,2,-1,linear+sat2000,linear+sat2000,1.92031,1.07079,0.68939,0.94456,2.16987,-2.5038,,,,,,
def3_p0_poly2+sat,def3_p0,2,1998,poly2+sat,poly2+sat,1.92031,1.07079,0.63914,0.95962,0.05357,0.01192,2.76485,,,-2.86132,,
def3_p0_poly2+sat,def3_p0,2,1999,poly2+sat,poly2+sat,1.92031,1.07079,0.63828,0.95681,0.05744,0.01177,2.74804,,,-2.8457,,
def3_p0_poly2+sat,def3_p0,2,2000,poly2+sat,poly2+sat,1.92031,1.07079,0.63787,0.95313,0.05762,0.0025,2.74869,,,-2.85847,,
def3_p0_poly2+sat,def3_p0,2,2001,poly2+sat,poly2+sat,1.92031,1.07079,0.64081,0.95968,0.05437,0.01421,2.69154,,,-2.83797,,
def3_p0_poly2+sat,def3_p0,2,2002,poly2+sat,poly2+sat,1.92031,1.07079,0.64105,0.96304,0.05487,0.013,2.68692,,,-2.88558,,
def3_p0_poly2+sat,def3_p0,2,2003,poly2+sat,poly2+sat,1.92031,1.07079,0.64268,0.96063,0.05717,0.00853,2.61102,,,-2.94559,,
def3_p0_poly2+sat,def3_p0,2,2004,poly2+sat,poly2+sat,1.92031,1.07079,0.62904,0.95135,0.05703,0.01692,2.84373,,,-2.88692,,
def3_p0_poly2+sat,def3_p0,2,2005,poly2+sat,poly2+sat,1.92031,1.07079,0.6398,0.95754,0.05416,0.01444,2.67223,,,-2.83305,,
def3_p0_poly2+sat,def3_p0,2,2006,poly2+sat,poly2+sat,1.92031,1.07079,0.63784,0.95111,0.05582,0.01297,2.73841,,,-2.87942,,
def3_p0_poly2+sat,def3_p0,2,2007,poly2+sat,poly2+sat,1.92031,1.07079,0.64162,0.95734,0.05632,0.01548,2.75462,,,-2.82653,,
def3_p0_poly2+sat,def3_p0,2,2008,poly2+sat,poly2+sat,1.92031,1.07079,0.62323,0.95139,0.06314,0.01108,2.79911,,,-2.84957,,
def3_p0_poly2+sat,def3_p0,2,2009,poly2+sat,poly2+sat,1.92031,1.07079,0.64053,0.95079,0.05667,0.00927,2.72044,,,-2.87731,,
def3_p0_poly2+sat,def3_p0,2,2010,poly2+sat,poly2+sat,1.92031,1.07079,0.63235,0.95618,0.05794,0.00556,2.85433,,,-2.82361,,
def3_p0_poly2+sat,def3_p0,2,2011,poly2+sat,poly2+sat,1.92031,1.07079,0.6376,0.95705,0.05995,0.01234,2.75556,,,-2.79945,,
def3_p0_poly2+sat,def3_p0,2,2012,poly2+sat,poly2+sat,1.92031,1.07079,0.63762,0.95694,0.05779,0.01164,2.72503,,,-2.85817,,
def3_p0_poly2+sat,def3_p0,2,2013,poly2+sat,poly2+sat,1.92031,1.07079,0.63492,0.95748,0.05441,0.0136,2.80656,,,-2.86979,,
def3_p0_poly2+sat,def3_p0,2,2014,poly2+sat,poly2+sat,1.92031,1.07079,0.64142,0.96773,0.05851,0.01127,2.72544,,,-2.75975,,
def3_p0_poly2+sat,def3_p0,2,2015,poly2+sat,poly2+sat,1.92031,1.07079,0.63336,0.96303,0.05867,0.0066,2.72923,,,-2.82698,,
def3_p0_poly2+sat,def3_p0,2,2016,poly2+sat,poly2+sat,1.92031,1.07079,0.64385,0.96129,0.05543,0.0094,2.7437,,,-2.75864,,
def3_p0_poly2+sat,def3_p0,2,2017,poly2+sat,poly2+sat,1.92031,1.07079,0.63976,0.95785,0.05818,0.0116,2.73858,,,-2.90123,,
def3_p0_poly2+sat,def3_p0,2,2018,poly2+sat,poly2+sat,1.92031,1.07079,0.64273,0.95407,0.05446,0.01222,2.84042,,,-3.00357,,
def3_p0_poly2+sat,def3_p0,2,2019,poly2+sat,poly2+sat,1.92031,1.07079,0.64529,0.95058,0.055,0.00272,2.74564,,,-2.81197,,
def3_p0_poly2+sat,def3_p0,2,2020,poly2+sat,poly2+sat,1.92031,1.07079,0.64017,0.94768,0.05658,0.00655,2.82879,,,-2.8498,,
def3_p0_poly2+sat,def3_p0,2,2021,poly2+sat,poly2+sat,1.92031,1.07079,0.63526,0.95943,0.05463,0.0075,2.72631,,,-2.80697,,
def3_p0_poly2+sat,def3_p0,2,2022,poly2+sat,poly2+sat,1.92031,1.07079,0.63961,0.95707,0.05968,0.00712,2.84135,,,-2.65426,,
def3_p0_poly2+sat,def3_p0,2,2023,poly2+sat,poly2+sat,1.92031,1.07079,0.64257,0.96138,0.05729,0.01397,2.78306,,,-2.87304,,
def3_p0_poly2+sat,def3_p0,2,2024,poly2+sat,poly2+sat,1.92031,1.07079,0.63892,0.95279,0.06004,0.00702,2.64749,,,-2.8206,,
def3_p0_poly2+sat,def3_p0,2,2025,poly2+sat,poly2+sat,1.92031,1.07079,0.63298,0.95973,0.0585,0.00444,2.76386,,,-2.82663,,
def3_p0_poly2+sat,def3_p0,2,-1,poly2+sat,poly2+sat,1.92031,1.07079,0.63822,0.95687,0.05696,0.0102,2.75109,,,-2.84398,,
def3_p0_hinge+sat,def3_p0,2,1998,hinge+sat,hinge+sat,1.92031,1.07079,0.84969,0.99867,0.43535,0.91961,2.77186,,,-2.86637,,
def3_p0_hinge+sat,def3_p0,2,1999,hinge+sat,hinge+sat,1.92031,1.07079,0.8667,0.99873,0.41467,0.91501,2.7628,,,-2.85213,,
def3_p0_hinge+sat,def3_p0,2,2000,hinge+sat,hinge+sat,1.92031,1.07079,0.86732,0.96106,0.41371,0.94532,2.76218,,,-2.86041,,
def3_p0_hinge+sat,def3_p0,2,2001,hinge+sat,hinge+sat,1.92031,1.07079,0.8563,1.00888,0.43082,0.91018,2.70438,,,-2.84489,,
def3_p0_hinge+sat,def3_p0,2,2002,hinge+sat,hinge+sat,1.92031,1.07079,0.85883,1.00587,0.42905,0.91937,2.69744,,,-2.89089,,
def3_p0_hinge+sat,def3_p0,2,2003,hinge+sat,hinge+sat,1.92031,1.07079,0.87171,0.99392,0.41788,0.92832,2.6304,,,-2.95176,,
def3_p0_hinge+sat,def3_p0,2,2004,hinge+sat,hinge+sat,1.92031,1.07079,0.85422,1.00651,0.41022,0.89494,2.85231,,,-2.89255,,
def3_p0_hinge+sat,def3_p0,2,2005,hinge+sat,hinge+sat,1.92031,1.07079,0.85373,1.01145,0.43147,0.90435,2.68393,,,-2.84139,,
def3_p0_hinge+sat,def3_p0,2,2006,hinge+sat,hinge+sat,1.92031,1.07079,0.8602,0.99356,0.41989,0.90787,2.75393,,,-2.88428,,
def3_p0_hinge+sat,def3_p0,2,2007,hinge+sat,hinge+sat,1.92031,1.07079,0.86257,1.01843,0.42735,0.89785,2.76378,,,-2.83662,,
def3_p0_hinge+sat,def3_p0,2,2008,hinge+sat,hinge+sat,1.92031,1.07079,0.87594,0.985,0.37488,0.91652,2.82044,,,-2.8535,,
def3_p0_hinge+sat,def3_p0,2,2009,hinge+sat,hinge+sat,1.92031,1.07079,0.86739,0.98177,0.41743,0.91947,2.73852,,,-2.88206,,
def3_p0_hinge+sat,def3_p0,2,2010,hinge+sat,hinge+sat,1.92031,1.07079,0.86349,0.97392,0.40516,0.93826,2.87493,,,-2.82692,,
def3_p0_hinge+sat,def3_p0,2,2011,hinge+sat,hinge+sat,1.92031,1.07079,0.87283,0.99761,0.40959,0.91563,2.7639,,,-2.80491,,
def3_p0_hinge+sat,def3_p0,2,2012,hinge+sat,hinge+sat,1.92031,1.07079,0.86799,0.99555,0.41185,0.91772,2.74145,,,-2.86245,,
def3_p0_hinge+sat,def3_p0,2,2013,hinge+sat,hinge+sat,1.92031,1.07079,0.84943,1.00736,0.42609,0.90799,2.81514,,,-2.87703,,
def3_p0_hinge+sat,def3_p0,2,2014,hinge+sat,hinge+sat,1.92031,1.07079,0.87313,1.00931,0.41532,0.92661,2.73973,,,-2.76657,,
def3_p0_hinge+sat,def3_p0,2,2015,hinge+sat,hinge+sat,1.92031,1.07079,0.86576,0.98522,0.40599,0.94071,2.74342,,,-2.83036,,
def3_p0_hinge+sat,def3_p0,2,2016,hinge+sat,hinge+sat,1.92031,1.07079,0.86424,0.99537,0.42704,0.92757,2.76041,,,-2.76391,,
def3_p0_hinge+sat,def3_p0,2,2017,hinge+sat,hinge+sat,1.92031,1.07079,0.86504,0.99559,0.42075,0.91919,2.74763,,,-2.90573,,
def3_p0_hinge+sat,def3_p0,2,2018,hinge+sat,hinge+sat,1.92031,1.07079,0.85765,1.00062,0.43222,0.90845,2.85049,,,-3.01013,,
def3_p0_hinge+sat,def3_p0,2,2019,hinge+sat,hinge+sat,1.92031,1.07079,0.85906,0.95692,0.43724,0.94362,2.75636,,,-2.81384,,
def3_p0_hinge+sat,def3_p0,2,2020,hinge+sat,hinge+sat,1.92031,1.07079,0.86306,0.97529,0.42253,0.92136,2.84275,,,-2.85593,,
def3_p0_hinge+sat,def3_p0,2,2021,hinge+sat,hinge+sat,1.92031,1.07079,0.85187,0.98892,0.42261,0.93094,2.74253,,,-2.81258,,
def3_p0_hinge+sat,def3_p0,2,2022,hinge+sat,hinge+sat,1.92031,1.07079,0.87252,0.98154,0.4137,0.9326,2.85041,,,-2.65861,,
def3_p0_hinge+sat,def3_p0,2,2023,hinge+sat,hinge+sat,1.92031,1.07079,0.86822,1.00909,0.42236,0.91315,2.7958,,,-2.87935,,
def3_p0_hinge+sat,def3_p0,2,2024,hinge+sat,hinge+sat,1.92031,1.07079,0.87543,0.98307,0.40755,0.92414,2.66314,,,-2.82681,,
def3_p0_hinge+sat,def3_p0,2,2025,hinge+sat,hinge+sat,1.92031,1.07079,0.86578,0.97688,0.40364,0.94335,2.78504,,,-2.83015,,
def3_p0_hinge+sat,def3_p0,2,-1,hinge+sat,hinge+sat,1.92031,1.07079,0.86357,0.99272,0.41807,0.92106,2.76471,,,-2.84936,,
def3_p0_linear,def3_p0,3,1998,linear,linear,1.92731,1.20463,0.77699,1.02305,,,,,,,,
def3_p0_linear,def3_p0,3,1999,linear,linear,1.92731,1.20463,0.78157,1.02224,,,,,,,,
def3_p0_linear,def3_p0,3,2000,linear,linear,1.92731,1.20463,0.78194,1.01718,,,,,,,,
def3_p0_linear,def3_p0,3,2001,linear,linear,1.92731,1.20463,0.77899,1.02075,,,,,,,,
def3_p0_linear,def3_p0,3,2002,linear,linear,1.92731,1.20463,0.78089,1.02844,,,,,,,,
def3_p0_linear,def3_p0,3,2003,linear,linear,1.92731,1.20463,0.77793,1.02831,,,,,,,,
def3_p0_linear,def3_p0,3,2004,linear,linear,1.92731,1.20463,0.77693,1.01269,,,,,,,,
def3_p0_linear,def3_p0,3,2005,linear,linear,1.92731,1.20463,0.77742,1.01964,,,,,,,,
def3_p0_linear,def3_p0,3,2006,linear,linear,1.92731,1.20463,0.77946,1.01361,,,,,,,,
def3_p0_linear,def3_p0,3,2007,linear,linear,1.92731,1.20463,0.78252,1.02,,,,,,,,
def3_p0_linear,def3_p0,3,2008,linear,linear,1.92731,1.20463,0.77302,1.01504,,,,,,,,
def3_p0_linear,def3_p0,3,2009,linear,linear,1.92731,1.20463,0.78244,1.01887,,,,,,,,
def3_p0_linear,def3_p0,3,2010,linear,linear,1.92731,1.20463,0.78355,1.02323,,,,,,,,
def3_p0_linear,def3_p0,3,2011,linear,linear,1.92731,1.20463,0.78583,1.01624,,,,,,,,
def3_p0_linear,def3_p0,3,2012,linear,linear,1.92731,1.20463,0.78161,1.0187,,,,,,,,
def3_p0_linear,def3_p0,3,2013,linear,linear,1.92731,1.20463,0.77879,1.02308,,,,,,,,
def3_p0_linear,def3_p0,3,2014,linear,linear,1.92731,1.20463,0.78405,1.02863,,,,,,,,
def3_p0_linear,def3_p0,3,2015,linear,linear,1.92731,1.20463,0.77436,1.02697,,,,,,,,
def3_p0_linear,def3_p0,3,2016,linear,linear,1.92731,1.20463,0.78366,1.02048,,,,,,,,
def3_p0_linear,def3_p0,3,2017,linear,linear,1.92731,1.20463,0.77727,1.0215,,,,,,,,
def3_p0_linear,def3_p0,3,2018,linear,linear,1.92731,1.20463,0.78229,1.02007,,,,,,,,
def3_p0_linear,def3_p0,3,2019,linear,linear,1.92731,1.20463,0.78828,1.01702,,,,,,,,
def3_p0_linear,def3_p0,3,2020,linear,linear,1.92731,1.20463,0.78498,1.01323,,,,,,,,
def3_p0_linear,def3_p0,3,2021,linear,linear,1.92731,1.20463,0.77314,1.02464,,,,,,,,
def3_p0_linear,def3_p0,3,2022,linear,linear,1.92731,1.20463,0.78823,1.01036,,,,,,,,
def3_p0_linear,def3_p0,3,2023,linear,linear,1.92731,1.20463,0.78691,1.02415,,,,,,,,
def3_p0_linear,def3_p0,3,2024,linear,linear,1.92731,1.20463,0.77643,1.01366,,,,,,,,
def3_p0_linear,def3_p0,3,2025,linear,linear,1.92731,1.20463,0.77721,1.02455,,,,,,,,
def3_p0_linear,def3_p0,3,-1,linear,linear,1.92731,1.20463,0.78059,1.02021,,,,,,,,
def3_p0_poly2,def3_p0,3,1998,poly2,poly2,1.92731,1.20463,0.76879,0.98343,0.01088,-0.05772,,,,,,
def3_p0_poly2,def3_p0,3,1999,poly2,poly2,1.92731,1.20463,0.76941,0.98582,0.01534,-0.05405,,,,,,
def3_p0_poly2,def3_p0,3,2000,poly2,poly2,1.92731,1.20463,0.76982,0.97475,0.0155,-0.06409,,,,,,
def3_p0_poly2,def3_p0,3,2001,poly2,poly2,1.92731,1.20463,0.7692,0.98219,0.01251,-0.05746,,,,,,
def3_p0_poly2,def3_p0,3,2002,poly2,poly2,1.92731,1.20463,0.77162,0.99,0.01199,-0.05759,,,,,,
def3_p0_poly2,def3_p0,3,2003,poly2,poly2,1.92731,1.20463,0.7648,0.98868,0.01659,-0.06063,,,,,,
def3_p0_poly2,def3_p0,3,2004,poly2,poly2,1.92731,1.20463,0.76625,0.97515,0.01365,-0.05704,,,,,,
def3_p0_poly2,def3_p0,3,2005,poly2,poly2,1.92731,1.20463,0.76721,0.97984,0.0132,-0.05888,,,,,,
def3_p0_poly2,def3_p0,3,2006,poly2,poly2,1.92731,1.20463,0.76931,0.97642,0.01317,-0.05734,,,,,,
def3_p0_poly2,def3_p0,3,2007,poly2,poly2,1.92731,1.20463,0.77249,0.98149,0.01308,-0.05683,,,,,,
def3_p0_poly2,def3_p0,3,2008,poly2,poly2,1.92731,1.20463,0.75594,0.97714,0.02132,-0.05671,,,,,,
def3_p0_poly2,def3_p0,3,2009,poly2,poly2,1.92731,1.20463,0.77136,0.97955,0.0142,-0.05828,,,,,,
def3_p0_poly2,def3_p0,3,2010,poly2,poly2,1.92731,1.20463,0.77422,0.97954,0.01221,-0.06582,,,,,,
def3_p0_poly2,def3_p0,3,2011,poly2,poly2,1.92731,1.20463,0.77127,0.97865,0.01847,-0.05508,,,,,,
def3_p0_poly2,def3_p0,3,2012,poly2,poly2,1.92731,1.20463,0.76965,0.97977,0.01507,-0.05782,,,,,,
def3_p0_poly2,def3_p0,3,2013,poly2,poly2,1.92731,1.20463,0.77052,0.98689,0.01082,-0.05382,,,,,,
def3_p0_poly2,def3_p0,3,2014,poly2,poly2,1.92731,1.20463,0.77282,0.99056,0.01444,-0.05738,,,,,,
def3_p0_poly2,def3_p0,3,2015,poly2,poly2,1.92731,1.20463,0.76204,0.98952,0.01579,-0.0559,,,,,,
def3_p0_poly2,def3_p0,3,2016,poly2,poly2,1.92731,1.20463,0.77585,0.98203,0.01064,-0.05696,,,,,,
def3_p0_poly2,def3_p0,3,2017,poly2,poly2,1.92731,1.20463,0.76645,0.98213,0.01477,-0.05848,,,,,,
def3_p0_poly2,def3_p0,3,2018,poly2,poly2,1.92731,1.20463,0.77245,0.98222,0.01309,-0.05618,,,,,,
def3_p0_poly2,def3_p0,3,2019,poly2,poly2,1.92731,1.20463,0.77699,0.97326,0.01524,-0.06499,,,,,,
def3_p0_poly2,def3_p0,3,2020,poly2,poly2,1.92731,1.20463,0.77391,0.97072,0.01431,-0.06383,,,,,,
def3_p0_poly2,def3_p0,3,2021,poly2,poly2,1.92731,1.20463,0.76402,0.98364,0.01201,-0.06143,,,,,,
def3_p0_poly2,def3_p0,3,2022,poly2,poly2,1.92731,1.20463,0.77395,0.96762,0.01829,-0.06341,,,,,,
def3_p0_poly2,def3_p0,3,2023,poly2,poly2,1.92731,1.20463,0.77658,0.98629,0.01322,-0.05537,,,,,,
def3_p0_poly2,def3_p0,3,2024,poly2,poly2,1.92731,1.20463,0.76077,0.97263,0.02011,-0.06126,,,,,,
def3_p0_poly2,def3_p0,3,2025,poly2,poly2,1.92731,1.20463,0.76457,0.98349,0.01642,-0.06202,,,,,,
def3_p0_poly2,def3_p0,3,-1,poly2,poly2,1.92731,1.20463,0.76936,0.98081,0.0145,-0.0588,,,,,,
def3_p0_hinge,def3_p0,3,1998,hinge,hinge,1.92731,1.20463,0.82006,0.71383,0.71581,1.23418,,,,,,
def3_p0_hinge,def3_p0,3,1999,hinge,hinge,1.92731,1.20463,0.84219,0.73521,0.693,1.21929,,,,,,
def3_p0_hinge,def3_p0,3,2000,hinge,hinge,1.92731,1.20463,0.84278,0.6933,0.69367,1.24126,,,,,,
def3_p0_hinge,def3_p0,3,2001,hinge,hinge,1.92731,1.20463,0.82874,0.71658,0.70697,1.22978,,,,,,
def3_p0_hinge,def3_p0,3,2002,hinge,hinge,1.92731,1.20463,0.83159,0.7289,0.70766,1.23474,,,,,,
def3_p0_hinge,def3_p0,3,2003,hinge,hinge,1.92731,1.20463,0.84356,0.72357,0.68221,1.2397,,,,,,
def3_p0_hinge,def3_p0,3,2004,hinge,hinge,1.92731,1.20463,0.83148,0.71516,0.69772,1.21851,,,,,,
def3_p0_hinge,def3_p0,3,2005,hinge,hinge,1.92731,1.20463,0.8304,0.7153,0.7009,1.22832,,,,,,
def3_p0_hinge,def3_p0,3,2006,hinge,hinge,1.92731,1.20463,0.83525,0.71502,0.6988,1.22119,,,,,,
def3_p0_hinge,def3_p0,3,2007,hinge,hinge,1.92731,1.20463,0.83425,0.72359,0.70812,1.223,,,,,,
def3_p0_hinge,def3_p0,3,2008,hinge,hinge,1.92731,1.20463,0.85416,0.71045,0.65406,1.22436,,,,,,
def3_p0_hinge,def3_p0,3,2009,hinge,hinge,1.92731,1.20463,0.84236,0.711,0.69536,1.23005,,,,,,
def3_p0_hinge,def3_p0,3,2010,hinge,hinge,1.92731,1.20463,0.83553,0.69238,0.70851,1.25173,,,,,,
def3_p0_hinge,def3_p0,3,2011,hinge,hinge,1.92731,1.20463,0.85293,0.71842,0.68824,1.21987,,,,,,
def3_p0_hinge,def3_p0,3,2012,hinge,hinge,1.92731,1.20463,0.84243,0.71499,0.69263,1.22722,,,,,,
def3_p0_hinge,def3_p0,3,2013,hinge,hinge,1.92731,1.20463,0.82409,0.73957,0.71369,1.21794,,,,,,
def3_p0_hinge,def3_p0,3,2014,hinge,hinge,1.92731,1.20463,0.84122,0.73268,0.70127,1.23341,,,,,,
def3_p0_hinge,def3_p0,3,2015,hinge,hinge,1.92731,1.20463,0.83701,0.7338,0.68327,1.22913,,,,,,
def3_p0_hinge,def3_p0,3,2016,hinge,hinge,1.92731,1.20463,0.83324,0.72012,0.71287,1.2266,,,,,,
def3_p0_hinge,def3_p0,3,2017,hinge,hinge,1.92731,1.20463,0.83431,0.71118,0.69635,1.23446,,,,,,
def3_p0_hinge,def3_p0,3,2018,hinge,hinge,1.92731,1.20463,0.83721,0.7225,0.70336,1.22443,,,,,,
def3_p0_hinge,def3_p0,3,2019,hinge,hinge,1.92731,1.20463,0.84587,0.68235,0.70624,1.24703,,,,,,
def3_p0_hinge,def3_p0,3,2020,hinge,hinge,1.92731,1.20463,0.8423,0.69479,0.70171,1.23315,,,,,,
def3_p0_hinge,def3_p0,3,2021,hinge,hinge,1.92731,1.20463,0.82405,0.71135,0.69968,1.24064,,,,,,
def3_p0_hinge,def3_p0,3,2022,hinge,hinge,1.92731,1.20463,0.8547,0.68512,0.69163,1.23405,,,,,,
def3_p0_hinge,def3_p0,3,2023,hinge,hinge,1.92731,1.20463,0.8413,0.72894,0.70764,1.226,,,,,,
def3_p0_hinge,def3_p0,3,2024,hinge,hinge,1.92731,1.20463,0.85041,0.7012,0.66887,1.22911,,,,,,
def3_p0_hinge,def3_p0,3,2025,hinge,hinge,1.92731,1.20463,0.84185,0.70493,0.68357,1.24536,,,,,,
def3_p0_hinge,def3_p0,3,-1,hinge,hinge,1.92731,1.20463,0.83839,0.71414,0.69691,1.23085,,,,,,
def3_p0_linear+unseen,def3_p0,3,1998,linear+unseen,linear+unseen,1.92731,1.20463,0.75641,1.00296,-3.89073,2.9974,,,,,,
def3_p0_linear+unseen,def3_p0,3,1999,linear+unseen,linear+unseen,1.92731,1.20463,0.76114,1.00149,-3.82187,3.02612,,,,,,
def3_p0_linear+unseen,def3_p0,3,2000,linear+unseen,linear+unseen,1.92731,1.20463,0.76119,0.9962,-3.79474,3.07731,,,,,,
def3_p0_linear+unseen,def3_p0,3,2001,linear+unseen,linear+unseen,1.92731,1.20463,0.75937,1.00229,-3.94675,2.94482,,,,,,
def3_p0_linear+unseen,def3_p0,3,2002,linear+unseen,linear+unseen,1.92731,1.20463,0.76086,1.00811,-3.74069,2.97344,,,,,,
def3_p0_linear+unseen,def3_p0,3,2003,linear+unseen,linear+unseen,1.92731,1.20463,0.76113,1.00584,-3.70663,3.61106,,,,,,
def3_p0_linear+unseen,def3_p0,3,2004,linear+unseen,linear+unseen,1.92731,1.20463,0.75478,0.99194,-4.04374,3.18614,,,,,,
def3_p0_linear+unseen,def3_p0,3,2005,linear+unseen,linear+unseen,1.92731,1.20463,0.7574,0.99911,-3.78955,3.0446,,,,,,
def3_p0_linear+unseen,def3_p0,3,2006,linear+unseen,linear+unseen,1.92731,1.20463,0.75978,0.99225,-3.76219,3.11578,,,,,,
def3_p0_linear+unseen,def3_p0,3,2007,linear+unseen,linear+unseen,1.92731,1.20463,0.76148,1.00052,-4.01898,3.10521,,,,,,
def3_p0_linear+unseen,def3_p0,3,2008,linear+unseen,linear+unseen,1.92731,1.20463,0.75208,0.99497,-4.09222,3.08738,,,,,,
def3_p0_linear+unseen,def3_p0,3,2009,linear+unseen,linear+unseen,1.92731,1.20463,0.76244,0.9989,-3.73899,3.03136,,,,,,
def3_p0_linear+unseen,def3_p0,3,2010,linear+unseen,linear+unseen,1.92731,1.20463,0.76149,1.00427,-4.0421,3.00684,,,,,,
def3_p0_linear+unseen,def3_p0,3,2011,linear+unseen,linear+unseen,1.92731,1.20463,0.76479,0.99568,-3.87544,3.01603,,,,,,
def3_p0_linear+unseen,def3_p0,3,2012,linear+unseen,linear+unseen,1.92731,1.20463,0.7613,0.99825,-3.83629,3.02698,,,,,,
def3_p0_linear+unseen,def3_p0,3,2013,linear+unseen,linear+unseen,1.92731,1.20463,0.75752,1.00282,-3.93336,3.08066,,,,,,
def3_p0_linear+unseen,def3_p0,3,2014,linear+unseen,linear+unseen,1.92731,1.20463,0.76342,1.00815,-3.80057,2.99696,,,,,,
def3_p0_linear+unseen,def3_p0,3,2015,linear+unseen,linear+unseen,1.92731,1.20463,0.75363,1.00586,-3.90218,3.14863,,,,,,
def3_p0_linear+unseen,def3_p0,3,2016,linear+unseen,linear+unseen,1.92731,1.20463,0.76292,1.00025,-3.85671,2.97214,,,,,,
def3_p0_linear+unseen,def3_p0,3,2017,linear+unseen,linear+unseen,1.92731,1.20463,0.75667,1.00049,-3.87195,3.03453,,,,,,
def3_p0_linear+unseen,def3_p0,3,2018,linear+unseen,linear+unseen,1.92731,1.20463,0.76294,0.99952,-3.81708,3.13733,,,,,,
def3_p0_linear+unseen,def3_p0,3,2019,linear+unseen,linear+unseen,1.92731,1.20463,0.76736,0.99776,-3.95272,2.93618,,,,,,
def3_p0_linear+unseen,def3_p0,3,2020,linear+unseen,linear+unseen,1.92731,1.20463,0.76509,0.99322,-3.80703,3.00585,,,,,,
def3_p0_linear+unseen,def3_p0,3,2021,linear+unseen,linear+unseen,1.92731,1.20463,0.75263,1.00489,-3.82021,2.90471,,,,,,
def3_p0_linear+unseen,def3_p0,3,2022,linear+unseen,linear+unseen,1.92731,1.20463,0.76625,0.99261,-4.11419,2.70168,,,,,,
def3_p0_linear+unseen,def3_p0,3,2023,linear+unseen,linear+unseen,1.92731,1.20463,0.76585,1.00374,-3.84892,2.98291,,,,,,
def3_p0_linear+unseen,def3_p0,3,2024,linear+unseen,linear+unseen,1.92731,1.20463,0.75739,0.99495,-3.70351,2.91966,,,,,,
def3_p0_linear+unseen,def3_p0,3,2025,linear+unseen,linear+unseen,1.92731,1.20463,0.75754,1.00556,-3.73926,2.82097,,,,,,
def3_p0_linear+unseen,def3_p0,3,-1,linear+unseen,linear+unseen,1.92731,1.20463,0.76017,1.00008,-3.86592,3.03023,,,,,,
def3_p0_linear+bins,def3_p0,3,1998,linear+bins,linear+bins,1.92731,1.20463,0.72981,0.92467,-3.99642,2.15883,-0.85052,-0.43815,-0.41604,2.86137,1.56363,0.77943
def3_p0_linear+bins,def3_p0,3,1999,linear+bins,linear+bins,1.92731,1.20463,0.73661,0.91956,-3.95529,2.2168,-0.83127,-0.39184,-0.38639,2.67727,1.69534,0.78974
def3_p0_linear+bins,def3_p0,3,2000,linear+bins,linear+bins,1.92731,1.20463,0.73864,0.91441,-3.92714,2.23762,-0.84833,-0.43043,-0.33578,2.72922,1.67039,0.80733
def3_p0_linear+bins,def3_p0,3,2001,linear+bins,linear+bins,1.92731,1.20463,0.73729,0.91897,-4.08136,2.0295,-0.78225,-0.39942,-0.35267,2.75954,1.71172,0.79969
def3_p0_linear+bins,def3_p0,3,2002,linear+bins,linear+bins,1.92731,1.20463,0.73485,0.92374,-3.85252,2.13742,-0.78217,-0.4936,-0.38238,2.71657,1.69313,0.80541
def3_p0_linear+bins,def3_p0,3,2003,linear+bins,linear+bins,1.92731,1.20463,0.74316,0.92163,-3.86018,2.71355,-0.85405,-0.24724,-0.31542,2.66075,1.68092,0.81705
def3_p0_linear+bins,def3_p0,3,2004,linear+bins,linear+bins,1.92731,1.20463,0.72787,0.91288,-4.17,2.34999,-0.8384,-0.38664,-0.42534,2.77989,1.64335,0.75692
def3_p0_linear+bins,def3_p0,3,2005,linear+bins,linear+bins,1.92731,1.20463,0.73356,0.91671,-3.91726,2.24137,-0.83003,-0.38312,-0.38547,2.59129,1.69632,0.77138
def3_p0_linear+bins,def3_p0,3,2006,linear+bins,linear+bins,1.92731,1.20463,0.73305,0.91305,-3.86661,2.27933,-0.91129,-0.43844,-0.38915,2.72029,1.6968,0.76548
def3_p0_linear+bins,def3_p0,3,2007,linear+bins,linear+bins,1.92731,1.20463,0.73951,0.92001,-4.13984,2.19239,-0.82493,-0.4028,-0.33915,2.70569,1.67988,0.75836
def3_p0_linear+bins,def3_p0,3,2008,linear+bins,linear+bins,1.92731,1.20463,0.72898,0.91306,-4.24238,2.22493,-0.70491,-0.39065,-0.38707,2.70515,1.67302,0.77985
def3_p0_linear+bins,def3_p0,3,2009,linear+bins,linear+bins,1.92731,1.20463,0.73634,0.91531,-3.86397,2.15693,-0.77626,-0.41515,-0.42035,2.81707,1.67448,0.80078
def3_p0_linear+bins,def3_p0,3,2010,linear+bins,linear+bins,1.92731,1.20463,0.73474,0.92389,-4.18324,2.15,-0.84588,-0.4101,-0.41775,2.71615,1.72239,0.7735
def3_p0_linear+bins,def3_p0,3,2011,linear+bins,linear+bins,1.92731,1.20463,0.73996,0.91756,-3.99409,2.17703,-0.80954,-0.40765,-0.39524,2.70623,1.67849,0.77334
def3_p0_linear+bins,def3_p0,3,2012,linear+bins,linear+bins,1.92731,1.20463,0.73778,0.91588,-3.95932,2.1957,-0.77295,-0.4395,-0.36731,2.76342,1.65579,0.81156
def3_p0_linear+bins,def3_p0,3,2013,linear+bins,linear+bins,1.92731,1.20463,0.73239,0.92347,-4.04528,2.22795,-0.88032,-0.41597,-0.3793,2.74798,1.69677,0.7482
def3_p0_linear+bins,def3_p0,3,2014,linear+bins,linear+bins,1.92731,1.20463,0.74029,0.92924,-3.926,2.20009,-0.80217,-0.34794,-0.37703,2.56174,1.62731,0.77511
def3_p0_linear+bins,def3_p0,3,2015,linear+bins,linear+bins,1.92731,1.20463,0.73181,0.92368,-4.04988,2.33982,-0.75992,-0.36995,-0.36769,2.70682,1.62557,0.80484
def3_p0_linear+bins,def3_p0,3,2016,linear+bins,linear+bins,1.92731,1.20463,0.73802,0.92164,-3.9781,2.14508,-0.73909,-0.46753,-0.38046,2.68908,1.71182,0.74676
def3_p0_linear+bins,def3_p0,3,2017,linear+bins,linear+bins,1.92731,1.20463,0.7341,0.91541,-4.02058,2.17997,-0.83745,-0.3964,-0.35559,2.74829,1.74922,0.83947
def3_p0_linear+bins,def3_p0,3,2018,linear+bins,linear+bins,1.92731,1.20463,0.73782,0.91477,-3.95157,2.3221,-1.09208,-0.40924,-0.3663,2.87512,1.78058,0.81595
def3_p0_linear+bins,def3_p0,3,2019,linear+bins,linear+bins,1.92731,1.20463,0.74548,0.917,-4.09703,2.09424,-0.71228,-0.40849,-0.35777,2.74616,1.73889,0.78106
def3_p0_linear+bins,def3_p0,3,2020,linear+bins,linear+bins,1.92731,1.20463,0.73513,0.91443,-3.92733,2.2148,-0.86945,-0.47892,-0.45149,2.71282,1.76639,0.75392
def3_p0_linear+bins,def3_p0,3,2021,linear+bins,linear+bins,1.92731,1.20463,0.73031,0.92533,-3.92595,2.07594,-0.81681,-0.51768,-0.29792,2.69448,1.6837,0.77315
def3_p0_linear+bins,def3_p0,3,2022,linear+bins,linear+bins,1.92731,1.20463,0.73965,0.91426,-4.21748,2.01736,-0.92175,-0.48424,-0.36701,2.47703,1.64141,0.79881
def3_p0_linear+bins,def3_p0,3,2023,linear+bins,linear+bins,1.92731,1.20463,0.74204,0.92683,-3.97459,2.1388,-0.82644,-0.38684,-0.37935,2.65368,1.81671,0.74322
def3_p0_linear+bins,def3_p0,3,2024,linear+bins,linear+bins,1.92731,1.20463,0.73684,0.91357,-3.8508,2.06087,-0.71087,-0.37167,-0.36286,2.73462,1.78968,0.79124
def3_p0_linear+bins,def3_p0,3,2025,linear+bins,linear+bins,1.92731,1.20463,0.73567,0.92464,-3.87897,2.06243,-0.82288,-0.31555,-0.37053,2.82635,1.68398,0.79819
def3_p0_linear+bins,def3_p0,3,-1,linear+bins,linear+bins,1.92731,1.20463,0.73613,0.91913,-3.99371,2.19668,-0.82261,-0.4088,-0.37612,2.71765,1.69428,0.7843
def3_p0_linear+log,def3_p0,3,1998,linear+log,linear+log,1.92731,1.20463,0.65983,0.90188,0.60795,-0.64987,,,,,,
def3_p0_linear+log,def3_p0,3,1999,linear+log,linear+log,1.92731,1.20463,0.66757,0.89848,0.59515,-0.65998,,,,,,
def3_p0_linear+log,def3_p0,3,2000,linear+log,linear+log,1.92731,1.20463,0.66943,0.8941,0.58398,-0.66061,,,,,,
def3_p0_linear+log,def3_p0,3,2001,linear+log,linear+log,1.92731,1.20463,0.66533,0.89934,0.59429,-0.65078,,,,,,
def3_p0_linear+log,def3_p0,3,2002,linear+log,linear+log,1.92731,1.20463,0.66613,0.90296,0.59884,-0.66831,,,,,,
def3_p0_linear+log,def3_p0,3,2003,linear+log,linear+log,1.92731,1.20463,0.67285,0.9,0.55767,-0.68322,,,,,,
def3_p0_linear+log,def3_p0,3,2004,linear+log,linear+log,1.92731,1.20463,0.65636,0.88809,0.62476,-0.66471,,,,,,
def3_p0_linear+log,def3_p0,3,2005,linear+log,linear+log,1.92731,1.20463,0.6651,0.89266,0.5919,-0.66268,,,,,,
def3_p0_linear+log,def3_p0,3,2006,linear+log,linear+log,1.92731,1.20463,0.66417,0.88952,0.60541,-0.66855,,,,,,
def3_p0_linear+log,def3_p0,3,2007,linear+log,linear+log,1.92731,1.20463,0.66686,0.89892,0.60099,-0.64948,,,,,,
def3_p0_linear+log,def3_p0,3,2008,linear+log,linear+log,1.92731,1.20463,0.6578,0.89124,0.60124,-0.65576,,,,,,
def3_p0_linear+log,def3_p0,3,2009,linear+log,linear+log,1.92731,1.20463,0.66581,0.89502,0.60449,-0.66042,,,,,,
def3_p0_linear+log,def3_p0,3,2010,linear+log,linear+log,1.92731,1.20463,0.66343,0.90193,0.62167,-0.65649,,,,,,
def3_p0_linear+log,def3_p0,3,2011,linear+log,linear+log,1.92731,1.20463,0.66965,0.89681,0.60202,-0.65188,,,,,,
def3_p0_linear+log,def3_p0,3,2012,linear+log,linear+log,1.92731,1.20463,0.66818,0.89732,0.59228,-0.66039,,,,,,
def3_p0_linear+log,def3_p0,3,2013,linear+log,linear+log,1.92731,1.20463,0.6585,0.90203,0.61814,-0.65314,,,,,,
def3_p0_linear+log,def3_p0,3,2014,linear+log,linear+log,1.92731,1.20463,0.66848,0.90964,0.59594,-0.63335,,,,,,
def3_p0_linear+log,def3_p0,3,2015,linear+log,linear+log,1.92731,1.20463,0.66369,0.90455,0.58155,-0.65487,,,,,,
def3_p0_linear+log,def3_p0,3,2016,linear+log,linear+log,1.92731,1.20463,0.66863,0.90275,0.60039,-0.64415,,,,,,
def3_p0_linear+log,def3_p0,3,2017,linear+log,linear+log,1.92731,1.20463,0.66144,0.89483,0.60343,-0.67718,,,,,,
def3_p0_linear+log,def3_p0,3,2018,linear+log,linear+log,1.92731,1.20463,0.66798,0.89254,0.60742,-0.69073,,,,,,
def3_p0_linear+log,def3_p0,3,2019,linear+log,linear+log,1.92731,1.20463,0.67414,0.89745,0.59229,-0.65448,,,,,,
def3_p0_linear+log,def3_p0,3,2020,linear+log,linear+log,1.92731,1.20463,0.66525,0.8934,0.62359,-0.65563,,,,,,
def3_p0_linear+log,def3_p0,3,2021,linear+log,linear+log,1.92731,1.20463,0.66047,0.90471,0.58966,-0.64667,,,,,,
def3_p0_linear+log,def3_p0,3,2022,linear+log,linear+log,1.92731,1.20463,0.67234,0.89721,0.60087,-0.62053,,,,,,
def3_p0_linear+log,def3_p0,3,2023,linear+log,linear+log,1.92731,1.20463,0.67074,0.90457,0.60671,-0.65555,,,,,,
def3_p0_linear+log,def3_p0,3,2024,linear+log,linear+log,1.92731,1.20463,0.66585,0.89216,0.5835,-0.66637,,,,,,
def3_p0_linear+log,def3_p0,3,2025,linear+log,linear+log,1.92731,1.20463,0.6655,0.90381,0.5867,-0.65617,,,,,,
def3_p0_linear+log,def3_p0,3,-1,linear+log,linear+log,1.92731,1.20463,0.66575,0.89814,0.59907,-0.65754,,,,,,
def3_p0_linear+log2,def3_p0,3,1998,linear+log2,linear+log2,1.92731,1.20463,0.66406,0.93123,0.94593,-2.8635,-0.09243,,,0.62588,,
def3_p0_linear+log2,def3_p0,3,1999,linear+log2,linear+log2,1.92731,1.20463,0.67001,0.92699,0.87373,-2.83482,-0.07488,,,0.61478,,
def3_p0_linear+log2,def3_p0,3,2000,linear+log2,linear+log2,1.92731,1.20463,0.6735,0.92264,0.93117,-2.83557,-0.09503,,,0.61459,,
def3_p0_linear+log2,def3_p0,3,2001,linear+log2,linear+log2,1.92731,1.20463,0.66741,0.92869,0.84536,-2.86902,-0.06665,,,0.62603,,
def3_p0_linear+log2,def3_p0,3,2002,linear+log2,linear+log2,1.92731,1.20463,0.6689,0.92834,0.88129,-2.74465,-0.07661,,,0.58755,,
def3_p0_linear+log2,def3_p0,3,2003,linear+log2,linear+log2,1.92731,1.20463,0.67346,0.9302,0.74117,-2.97301,-0.04668,,,0.64617,,
def3_p0_linear+log2,def3_p0,3,2004,linear+log2,linear+log2,1.92731,1.20463,0.65897,0.92007,0.9164,-2.88196,-0.07871,,,0.62836,,
def3_p0_linear+log2,def3_p0,3,2005,linear+log2,linear+log2,1.92731,1.20463,0.66906,0.92249,0.91584,-2.78256,-0.0887,,,0.60089,,
def3_p0_linear+log2,def3_p0,3,2006,linear+log2,linear+log2,1.92731,1.20463,0.66736,0.91936,0.91625,-2.86266,-0.08466,,,0.62186,,
def3_p0_linear+log2,def3_p0,3,2007,linear+log2,linear+log2,1.92731,1.20463,0.66885,0.92898,0.84521,-2.84803,-0.06494,,,0.62148,,
def3_p0_linear+log2,def3_p0,3,2008,linear+log2,linear+log2,1.92731,1.20463,0.66002,0.92018,0.87525,-2.86388,-0.07322,,,0.62387,,
def3_p0_linear+log2,def3_p0,3,2009,linear+log2,linear+log2,1.92731,1.20463,0.66705,0.92478,0.81545,-2.89525,-0.05529,,,0.63263,,
def3_p0_linear+log2,def3_p0,3,2010,linear+log2,linear+log2,1.92731,1.20463,0.66663,0.93251,0.93416,-2.88844,-0.08495,,,0.63238,,
def3_p0_linear+log2,def3_p0,3,2011,linear+log2,linear+log2,1.92731,1.20463,0.67251,0.92444,0.87856,-2.8458,-0.0746,,,0.62069,,
def3_p0_linear+log2,def3_p0,3,2012,linear+log2,linear+log2,1.92731,1.20463,0.67079,0.92506,0.86191,-2.88409,-0.07253,,,0.62857,,
def3_p0_linear+log2,def3_p0,3,2013,linear+log2,linear+log2,1.92731,1.20463,0.66132,0.9313,0.91094,-2.8751,-0.07905,,,0.62835,,
def3_p0_linear+log2,def3_p0,3,2014,linear+log2,linear+log2,1.92731,1.20463,0.67049,0.93789,0.83641,-2.77533,-0.06394,,,0.60526,,
def3_p0_linear+log2,def3_p0,3,2015,linear+log2,linear+log2,1.92731,1.20463,0.66662,0.93338,0.90085,-2.89329,-0.08629,,,0.63228,,
def3_p0_linear+log2,def3_p0,3,2016,linear+log2,linear+log2,1.92731,1.20463,0.67189,0.92996,0.91291,-2.82878,-0.08526,,,0.61913,,
def3_p0_linear+log2,def3_p0,3,2017,linear+log2,linear+log2,1.92731,1.20463,0.66363,0.92283,0.88011,-2.87668,-0.07409,,,0.62098,,
def3_p0_linear+log2,def3_p0,3,2018,linear+log2,linear+log2,1.92731,1.20463,0.67214,0.92079,0.97803,-2.9502,-0.10123,,,0.63735,,
def3_p0_linear+log2,def3_p0,3,2019,linear+log2,linear+log2,1.92731,1.20463,0.67746,0.92558,0.89004,-2.84661,-0.08089,,,0.61928,,
def3_p0_linear+log2,def3_p0,3,2020,linear+log2,linear+log2,1.92731,1.20463,0.6678,0.92088,0.90287,-2.8716,-0.07495,,,0.6253,,
def3_p0_linear+log2,def3_p0,3,2021,linear+log2,linear+log2,1.92731,1.20463,0.66405,0.93254,0.90336,-2.79325,-0.08561,,,0.60598,,
def3_p0_linear+log2,def3_p0,3,2022,linear+log2,linear+log2,1.92731,1.20463,0.67897,0.92119,1.08004,-2.63108,-0.13324,,,0.56432,,
def3_p0_linear+log2,def3_p0,3,2023,linear+log2,linear+log2,1.92731,1.20463,0.67328,0.93346,0.86791,-2.83959,-0.07024,,,0.61732,,
def3_p0_linear+log2,def3_p0,3,2024,linear+log2,linear+log2,1.92731,1.20463,0.66627,0.92029,0.733,-2.80031,-0.03787,,,0.60364,,
def3_p0_linear+log2,def3_p0,3,2025,linear+log2,linear+log2,1.92731,1.20463,0.66735,0.92966,0.82207,-2.80829,-0.06277,,,0.60581,,
def3_p0_linear+log2,def3_p0,3,-1,linear+log2,linear+log2,1.92731,1.20463,0.66855,0.92663,0.88525,-2.84522,-0.07724,,,0.61827,,
def3_p0_linear+sat,def3_p0,3,1998,linear+sat,linear+sat,1.92731,1.20463,0.68923,0.91069,2.55676,-3.27046,,,,,,
def3_p0_linear+sat,def3_p0,3,1999,linear+sat,linear+sat,1.92731,1.20463,0.69646,0.90849,2.49076,-3.29756,,,,,,
def3_p0_linear+sat,def3_p0,3,2000,linear+sat,linear+sat,1.92731,1.20463,0.69698,0.90411,2.47001,-3.30029,,,,,,
def3_p0_linear+sat,def3_p0,3,2001,linear+sat,linear+sat,1.92731,1.20463,0.69459,0.90864,2.49155,-3.28378,,,,,,
def3_p0_linear+sat,def3_p0,3,2002,linear+sat,linear+sat,1.92731,1.20463,0.69511,0.91292,2.49185,-3.29821,,,,,,
def3_p0_linear+sat,def3_p0,3,2003,linear+sat,linear+sat,1.92731,1.20463,0.70114,0.90975,2.33308,-3.45351,,,,,,
def3_p0_linear+sat,def3_p0,3,2004,linear+sat,linear+sat,1.92731,1.20463,0.68655,0.89886,2.60718,-3.32631,,,,,,
def3_p0_linear+sat,def3_p0,3,2005,linear+sat,linear+sat,1.92731,1.20463,0.69367,0.90395,2.47664,-3.2804,,,,,,
def3_p0_linear+sat,def3_p0,3,2006,linear+sat,linear+sat,1.92731,1.20463,0.69316,0.90031,2.53028,-3.32261,,,,,,
def3_p0_linear+sat,def3_p0,3,2007,linear+sat,linear+sat,1.92731,1.20463,0.69629,0.90864,2.52023,-3.27606,,,,,,
def3_p0_linear+sat,def3_p0,3,2008,linear+sat,linear+sat,1.92731,1.20463,0.68683,0.90092,2.5247,-3.29688,,,,,,
def3_p0_linear+sat,def3_p0,3,2009,linear+sat,linear+sat,1.92731,1.20463,0.69693,0.9044,2.48839,-3.30967,,,,,,
def3_p0_linear+sat,def3_p0,3,2010,linear+sat,linear+sat,1.92731,1.20463,0.69321,0.91206,2.60069,-3.28636,,,,,,
def3_p0_linear+sat,def3_p0,3,2011,linear+sat,linear+sat,1.92731,1.20463,0.69934,0.90566,2.50822,-3.26688,,,,,,
def3_p0_linear+sat,def3_p0,3,2012,linear+sat,linear+sat,1.92731,1.20463,0.69719,0.90637,2.47286,-3.30952,,,,,,
def3_p0_linear+sat,def3_p0,3,2013,linear+sat,linear+sat,1.92731,1.20463,0.68891,0.9111,2.57884,-3.28349,,,,,,
def3_p0_linear+sat,def3_p0,3,2014,linear+sat,linear+sat,1.92731,1.20463,0.69873,0.91847,2.47157,-3.18556,,,,,,
def3_p0_linear+sat,def3_p0,3,2015,linear+sat,linear+sat,1.92731,1.20463,0.69004,0.91344,2.4729,-3.30375,,,,,,
def3_p0_linear+sat,def3_p0,3,2016,linear+sat,linear+sat,1.92731,1.20463,0.69738,0.9107,2.50602,-3.22872,,,,,,
def3_p0_linear+sat,def3_p0,3,2017,linear+sat,linear+sat,1.92731,1.20463,0.69053,0.90511,2.53276,-3.37638,,,,,,
def3_p0_linear+sat,def3_p0,3,2018,linear+sat,linear+sat,1.92731,1.20463,0.69513,0.90254,2.60011,-3.46523,,,,,,
def3_p0_linear+sat,def3_p0,3,2019,linear+sat,linear+sat,1.92731,1.20463,0.70306,0.90673,2.48174,-3.27983,,,,,,
def3_p0_linear+sat,def3_p0,3,2020,linear+sat,linear+sat,1.92731,1.20463,0.69652,0.90194,2.59034,-3.30063,,,,,,
def3_p0_linear+sat,def3_p0,3,2021,linear+sat,linear+sat,1.92731,1.20463,0.68834,0.91451,2.48647,-3.23486,,,,,,
def3_p0_linear+sat,def3_p0,3,2022,linear+sat,linear+sat,1.92731,1.20463,0.69777,0.90649,2.61924,-3.11802,,,,,,
def3_p0_linear+sat,def3_p0,3,2023,linear+sat,linear+sat,1.92731,1.20463,0.70097,0.91438,2.52072,-3.28088,,,,,,
def3_p0_linear+sat,def3_p0,3,2024,linear+sat,linear+sat,1.92731,1.20463,0.69639,0.90337,2.38985,-3.30165,,,,,,
def3_p0_linear+sat,def3_p0,3,2025,linear+sat,linear+sat,1.92731,1.20463,0.69426,0.91276,2.45125,-3.29357,,,,,,
def3_p0_linear+sat,def3_p0,3,-1,linear+sat,linear+sat,1.92731,1.20463,0.6948,0.90776,2.50942,-3.29384,,,,,,
def3_p0_linear+sat500,def3_p0,3,1998,linear+sat500,linear+sat500,1.92731,1.20463,0.70416,0.92799,2.90078,-3.76631,,,,,,
def3_p0_linear+sat500,def3_p0,3,1999,linear+sat500,linear+sat500,1.92731,1.20463,0.71111,0.92641,2.82082,-3.79113,,,,,,
def3_p0_linear+sat500,def3_p0,3,2000,linear+sat500,linear+sat500,1.92731,1.20463,0.71132,0.92195,2.80465,-3.79267,,,,,,
def3_p0_linear+sat500,def3_p0,3,2001,linear+sat500,linear+sat500,1.92731,1.20463,0.70913,0.92639,2.83264,-3.78704,,,,,,
def3_p0_linear+sat500,def3_p0,3,2002,linear+sat500,linear+sat500,1.92731,1.20463,0.71003,0.93069,2.81328,-3.78196,,,,,,
def3_p0_linear+sat500,def3_p0,3,2003,linear+sat500,linear+sat500,1.92731,1.20463,0.71447,0.92785,2.66836,-4.02579,,,,,,
def3_p0_linear+sat500,def3_p0,3,2004,linear+sat500,linear+sat500,1.92731,1.20463,0.70198,0.91683,2.95471,-3.84236,,,,,,
def3_p0_linear+sat500,def3_p0,3,2005,linear+sat500,linear+sat500,1.92731,1.20463,0.70815,0.92251,2.80047,-3.75956,,,,,,
def3_p0_linear+sat500,def3_p0,3,2006,linear+sat500,linear+sat500,1.92731,1.20463,0.70803,0.91836,2.8613,-3.81781,,,,,,
def3_p0_linear+sat500,def3_p0,3,2007,linear+sat500,linear+sat500,1.92731,1.20463,0.7106,0.92636,2.87811,-3.79165,,,,,,
def3_p0_linear+sat500,def3_p0,3,2008,linear+sat500,linear+sat500,1.92731,1.20463,0.70132,0.91899,2.87731,-3.8054,,,,,,
def3_p0_linear+sat500,def3_p0,3,2009,linear+sat500,linear+sat500,1.92731,1.20463,0.71222,0.92218,2.80033,-3.81239,,,,,,
def3_p0_linear+sat500,def3_p0,3,2010,linear+sat500,linear+sat500,1.92731,1.20463,0.70836,0.93,2.95171,-3.78156,,,,,,
def3_p0_linear+sat500,def3_p0,3,2011,linear+sat500,linear+sat500,1.92731,1.20463,0.71418,0.92299,2.8396,-3.75756,,,,,,
def3_p0_linear+sat500,def3_p0,3,2012,linear+sat500,linear+sat500,1.92731,1.20463,0.71162,0.9239,2.80136,-3.80881,,,,,,
def3_p0_linear+sat500,def3_p0,3,2013,linear+sat500,linear+sat500,1.92731,1.20463,0.70428,0.92867,2.91681,-3.78159,,,,,,
def3_p0_linear+sat500,def3_p0,3,2014,linear+sat500,linear+sat500,1.92731,1.20463,0.71363,0.93575,2.79178,-3.66667,,,,,,
def3_p0_linear+sat500,def3_p0,3,2015,linear+sat500,linear+sat500,1.92731,1.20463,0.70379,0.93134,2.82329,-3.80863,,,,,,
def3_p0_linear+sat500,def3_p0,3,2016,linear+sat500,linear+sat500,1.92731,1.20463,0.71205,0.92756,2.83625,-3.71564,,,,,,
def3_p0_linear+sat500,def3_p0,3,2017,linear+sat500,linear+sat500,1.92731,1.20463,0.70534,0.9237,2.87413,-3.86838,,,,,,
def3_p0_linear+sat500,def3_p0,3,2018,linear+sat500,linear+sat500,1.92731,1.20463,0.70967,0.9212,2.96735,-3.99172,,,,,,
def3_p0_linear+sat500,def3_p0,3,2019,linear+sat500,linear+sat500,1.92731,1.20463,0.7173,0.92427,2.8216,-3.76371,,,,,,
def3_p0_linear+sat500,def3_p0,3,2020,linear+sat500,linear+sat500,1.92731,1.20463,0.71235,0.91943,2.91307,-3.79241,,,,,,
def3_p0_linear+sat500,def3_p0,3,2021,linear+sat500,linear+sat500,1.92731,1.20463,0.70286,0.93233,2.81568,-3.70512,,,,,,
def3_p0_linear+sat500,def3_p0,3,2022,linear+sat500,linear+sat500,1.92731,1.20463,0.71207,0.92338,3.00931,-3.57587,,,,,,
def3_p0_linear+sat500,def3_p0,3,2023,linear+sat500,linear+sat500,1.92731,1.20463,0.71571,0.9318,2.85049,-3.76279,,,,,,
def3_p0_linear+sat500,def3_p0,3,2024,linear+sat500,linear+sat500,1.92731,1.20463,0.71063,0.92164,2.69422,-3.7755,,,,,,
def3_p0_linear+sat500,def3_p0,3,2025,linear+sat500,linear+sat500,1.92731,1.20463,0.70847,0.93051,2.77392,-3.77152,,,,,,
def3_p0_linear+sat500,def3_p0,3,-1,linear+sat500,linear+sat500,1.92731,1.20463,0.70946,0.92553,2.84592,-3.78912,,,,,,
def3_p0_linear+sat2000,def3_p0,3,1998,linear+sat2000,linear+sat2000,1.92731,1.20463,0.6761,0.90007,2.28625,-2.79845,,,,,,
def3_p0_linear+sat2000,def3_p0,3,1999,linear+sat2000,linear+sat2000,1.92731,1.20463,0.68355,0.89717,2.23118,-2.82858,,,,,,
def3_p0_linear+sat2000,def3_p0,3,2000,linear+sat2000,linear+sat2000,1.92731,1.20463,0.68456,0.89278,2.20421,-2.83344,,,,,,
def3_p0_linear+sat2000,def3_p0,3,2001,linear+sat2000,linear+sat2000,1.92731,1.20463,0.6817,0.89753,2.22697,-2.80821,,,,,,
def3_p0_linear+sat2000,def3_p0,3,2002,linear+sat2000,linear+sat2000,1.92731,1.20463,0.68196,0.90175,2.23958,-2.83956,,,,,,
def3_p0_linear+sat2000,def3_p0,3,2003,linear+sat2000,linear+sat2000,1.92731,1.20463,0.68908,0.89837,2.08021,-2.93945,,,,,,
def3_p0_linear+sat2000,def3_p0,3,2004,linear+sat2000,linear+sat2000,1.92731,1.20463,0.6729,0.8874,2.33804,-2.84615,,,,,,
def3_p0_linear+sat2000,def3_p0,3,2005,linear+sat2000,linear+sat2000,1.92731,1.20463,0.68081,0.89197,2.22197,-2.82565,,,,,,
def3_p0_linear+sat2000,def3_p0,3,2006,linear+sat2000,linear+sat2000,1.92731,1.20463,0.68015,0.88865,2.26852,-2.85519,,,,,,
def3_p0_linear+sat2000,def3_p0,3,2007,linear+sat2000,linear+sat2000,1.92731,1.20463,0.68365,0.89742,2.24518,-2.79602,,,,,,
def3_p0_linear+sat2000,def3_p0,3,2008,linear+sat2000,linear+sat2000,1.92731,1.20463,0.67393,0.88948,2.25504,-2.82069,,,,,,
def3_p0_linear+sat2000,def3_p0,3,2009,linear+sat2000,linear+sat2000,1.92731,1.20463,0.68312,0.89333,2.24562,-2.83557,,,,,,
def3_p0_linear+sat2000,def3_p0,3,2010,linear+sat2000,linear+sat2000,1.92731,1.20463,0.67985,0.90069,2.32892,-2.81717,,,,,,
def3_p0_linear+sat2000,def3_p0,3,2011,linear+sat2000,linear+sat2000,1.92731,1.20463,0.68615,0.89485,2.25034,-2.80038,,,,,,
def3_p0_linear+sat2000,def3_p0,3,2012,linear+sat2000,linear+sat2000,1.92731,1.20463,0.68438,0.89534,2.21641,-2.83816,,,,,,
def3_p0_linear+sat2000,def3_p0,3,2013,linear+sat2000,linear+sat2000,1.92731,1.20463,0.6754,0.90018,2.31288,-2.81128,,,,,,
def3_p0_linear+sat2000,def3_p0,3,2014,linear+sat2000,linear+sat2000,1.92731,1.20463,0.68529,0.90764,2.22342,-2.72947,,,,,,
def3_p0_linear+sat2000,def3_p0,3,2015,linear+sat2000,linear+sat2000,1.92731,1.20463,0.67822,0.90229,2.19831,-2.82599,,,,,,
def3_p0_linear+sat2000,def3_p0,3,2016,linear+sat2000,linear+sat2000,1.92731,1.20463,0.68444,0.90039,2.24849,-2.76686,,,,,,
def3_p0_linear+sat2000,def3_p0,3,2017,linear+sat2000,linear+sat2000,1.92731,1.20463,0.67756,0.89329,2.26429,-2.903,,,,,,
def3_p0_linear+sat2000,def3_p0,3,2018,linear+sat2000,linear+sat2000,1.92731,1.20463,0.68287,0.89094,2.30584,-2.9654,,,,,,
def3_p0_linear+sat2000,def3_p0,3,2019,linear+sat2000,linear+sat2000,1.92731,1.20463,0.69032,0.89574,2.22035,-2.81529,,,,,,
def3_p0_linear+sat2000,def3_p0,3,2020,linear+sat2000,linear+sat2000,1.92731,1.20463,0.6824,0.89113,2.33391,-2.82797,,,,,,
def3_p0_linear+sat2000,def3_p0,3,2021,linear+sat2000,linear+sat2000,1.92731,1.20463,0.67583,0.90319,2.22205,-2.78008,,,,,,
def3_p0_linear+sat2000,def3_p0,3,2022,linear+sat2000,linear+sat2000,1.92731,1.20463,0.68599,0.89587,2.3073,-2.67247,,,,,,
def3_p0_linear+sat2000,def3_p0,3,2023,linear+sat2000,linear+sat2000,1.92731,1.20463,0.68767,0.90328,2.26502,-2.81719,,,,,,
def3_p0_linear+sat2000,def3_p0,3,2024,linear+sat2000,linear+sat2000,1.92731,1.20463,0.68333,0.89147,2.15583,-2.84585,,,,,,
def3_p0_linear+sat2000,def3_p0,3,2025,linear+sat2000,linear+sat2000,1.92731,1.20463,0.68163,0.9018,2.19677,-2.82614,,,,,,
def3_p0_linear+sat2000,def3_p0,3,-1,linear+sat2000,linear+sat2000,1.92731,1.20463,0.68187,0.89657,2.24626,-2.82382,,,,,,
def3_p0_poly2+sat,def3_p0,3,1998,poly2+sat,poly2+sat,1.92731,1.20463,0.64633,0.89876,0.03703,-0.01982,2.82365,,,-3.23811,,
def3_p0_poly2+sat,def3_p0,3,1999,poly2+sat,poly2+sat,1.92731,1.20463,0.64964,0.8986,0.04027,-0.01696,2.77812,,,-3.26856,,
def3_p0_poly2+sat,def3_p0,3,2000,poly2+sat,poly2+sat,1.92731,1.20463,0.64943,0.88905,0.04077,-0.02565,2.76326,,,-3.25884,,
def3_p0_poly2+sat,def3_p0,3,2001,poly2+sat,poly2+sat,1.92731,1.20463,0.65084,0.89641,0.03736,-0.02067,2.76007,,,-3.24916,,
def3_p0_poly2+sat,def3_p0,3,2002,poly2+sat,poly2+sat,1.92731,1.20463,0.65193,0.9021,0.037,-0.01857,2.75383,,,-3.26627,,
def3_p0_poly2+sat,def3_p0,3,2003,poly2+sat,poly2+sat,1.92731,1.20463,0.65537,0.89632,0.03942,-0.02315,2.62041,,,-3.41781,,
def3_p0_poly2+sat,def3_p0,3,2004,poly2+sat,poly2+sat,1.92731,1.20463,0.63999,0.88812,0.04004,-0.01871,2.89377,,,-3.29477,,
def3_p0_poly2+sat,def3_p0,3,2005,poly2+sat,poly2+sat,1.92731,1.20463,0.64976,0.88975,0.03797,-0.02376,2.74684,,,-3.24222,,
def3_p0_poly2+sat,def3_p0,3,2006,poly2+sat,poly2+sat,1.92731,1.20463,0.64871,0.88954,0.03853,-0.01901,2.80451,,,-3.29068,,
def3_p0_poly2+sat,def3_p0,3,2007,poly2+sat,poly2+sat,1.92731,1.20463,0.6503,0.89794,0.03947,-0.01802,2.81416,,,-3.24603,,
def3_p0_poly2+sat,def3_p0,3,2008,poly2+sat,poly2+sat,1.92731,1.20463,0.6323,0.8893,0.04738,-0.02005,2.86242,,,-3.26334,,
def3_p0_poly2+sat,def3_p0,3,2009,poly2+sat,poly2+sat,1.92731,1.20463,0.65067,0.89315,0.03972,-0.01915,2.77375,,,-3.27645,,
def3_p0_poly2+sat,def3_p0,3,2010,poly2+sat,poly2+sat,1.92731,1.20463,0.6461,0.89554,0.0399,-0.02798,2.89366,,,-3.24146,,
def3_p0_poly2+sat,def3_p0,3,2011,poly2+sat,poly2+sat,1.92731,1.20463,0.64829,0.89525,0.04446,-0.01751,2.82237,,,-3.23685,,
def3_p0_poly2+sat,def3_p0,3,2012,poly2+sat,poly2+sat,1.92731,1.20463,0.6507,0.89416,0.03997,-0.0207,2.75533,,,-3.2742,,
def3_p0_poly2+sat,def3_p0,3,2013,poly2+sat,poly2+sat,1.92731,1.20463,0.64533,0.90075,0.03724,-0.01759,2.84893,,,-3.25478,,
def3_p0_poly2+sat,def3_p0,3,2014,poly2+sat,poly2+sat,1.92731,1.20463,0.65295,0.90582,0.03966,-0.02179,2.75452,,,-3.14903,,
def3_p0_poly2+sat,def3_p0,3,2015,poly2+sat,poly2+sat,1.92731,1.20463,0.64332,0.90178,0.04061,-0.01988,2.76574,,,-3.27122,,
def3_p0_poly2+sat,def3_p0,3,2016,poly2+sat,poly2+sat,1.92731,1.20463,0.65606,0.89952,0.03643,-0.01888,2.7653,,,-3.19739,,
def3_p0_poly2+sat,def3_p0,3,2017,poly2+sat,poly2+sat,1.92731,1.20463,0.64621,0.89288,0.04029,-0.02062,2.81273,,,-3.34445,,
def3_p0_poly2+sat,def3_p0,3,2018,poly2+sat,poly2+sat,1.92731,1.20463,0.65167,0.89087,0.03837,-0.01963,2.87228,,,-3.43271,,
def3_p0_poly2+sat,def3_p0,3,2019,poly2+sat,poly2+sat,1.92731,1.20463,0.65811,0.89013,0.0403,-0.02778,2.75925,,,-3.23324,,
def3_p0_poly2+sat,def3_p0,3,2020,poly2+sat,poly2+sat,1.92731,1.20463,0.65081,0.88594,0.04006,-0.02713,2.86459,,,-3.25486,,
def3_p0_poly2+sat,def3_p0,3,2021,poly2+sat,poly2+sat,1.92731,1.20463,0.64572,0.89892,0.03703,-0.02627,2.7494,,,-3.19203,,
def3_p0_poly2+sat,def3_p0,3,2022,poly2+sat,poly2+sat,1.92731,1.20463,0.64707,0.88977,0.04461,-0.02819,2.93148,,,-3.06799,,
def3_p0_poly2+sat,def3_p0,3,2023,poly2+sat,poly2+sat,1.92731,1.20463,0.65574,0.90382,0.03923,-0.01749,2.79776,,,-3.25169,,
def3_p0_poly2+sat,def3_p0,3,2024,poly2+sat,poly2+sat,1.92731,1.20463,0.64696,0.88909,0.04394,-0.0243,2.69363,,,-3.26058,,
def3_p0_poly2+sat,def3_p0,3,2025,poly2+sat,poly2+sat,1.92731,1.20463,0.64704,0.89747,0.04147,-0.02608,2.74776,,,-3.2491,,
def3_p0_poly2+sat,def3_p0,3,-1,poly2+sat,poly2+sat,1.92731,1.20463,0.64883,0.89502,0.03993,-0.02162,2.79385,,,-3.25789,,
def3_p0_hinge+sat,def3_p0,3,1998,hinge+sat,hinge+sat,1.92731,1.20463,0.798,0.79157,0.49368,0.99695,2.84337,,,-3.21033,,
def3_p0_hinge+sat,def3_p0,3,1999,hinge+sat,hinge+sat,1.92731,1.20463,0.8173,0.80913,0.47847,0.98116,2.80501,,,-3.24521,,
def3_p0_hinge+sat,def3_p0,3,2000,hinge+sat,hinge+sat,1.92731,1.20463,0.81872,0.77495,0.47718,0.99869,2.78975,,,-3.23358,,
def3_p0_hinge+sat,def3_p0,3,2001,hinge+sat,hinge+sat,1.92731,1.20463,0.80569,0.79296,0.49336,0.99289,2.78444,,,-3.22286,,
def3_p0_hinge+sat,def3_p0,3,2002,hinge+sat,hinge+sat,1.92731,1.20463,0.80712,0.80807,0.49327,0.98973,2.7801,,,-3.24196,,
def3_p0_hinge+sat,def3_p0,3,2003,hinge+sat,hinge+sat,1.92731,1.20463,0.8217,0.79364,0.48429,0.9949,2.65455,,,-3.39639,,
def3_p0_hinge+sat,def3_p0,3,2004,hinge+sat,hinge+sat,1.92731,1.20463,0.8056,0.79312,0.47195,0.97658,2.91684,,,-3.27047,,
def3_p0_hinge+sat,def3_p0,3,2005,hinge+sat,hinge+sat,1.92731,1.20463,0.80782,0.77966,0.48847,0.99428,2.77358,,,-3.21762,,
def3_p0_hinge+sat,def3_p0,3,2006,hinge+sat,hinge+sat,1.92731,1.20463,0.81166,0.79137,0.48052,0.98065,2.838,,,-3.26565,,
def3_p0_hinge+sat,def3_p0,3,2007,hinge+sat,hinge+sat,1.92731,1.20463,0.81346,0.80673,0.48436,0.98281,2.8414,,,-3.22291,,
def3_p0_hinge+sat,def3_p0,3,2008,hinge+sat,hinge+sat,1.92731,1.20463,0.8304,0.782,0.42964,0.98787,2.89783,,,-3.23565,,
def3_p0_hinge+sat,def3_p0,3,2009,hinge+sat,hinge+sat,1.92731,1.20463,0.81899,0.79462,0.47663,0.98461,2.80787,,,-3.2505,,
def3_p0_hinge+sat,def3_p0,3,2010,hinge+sat,hinge+sat,1.92731,1.20463,0.81397,0.77143,0.47264,1.01472,2.93041,,,-3.21503,,
def3_p0_hinge+sat,def3_p0,3,2011,hinge+sat,hinge+sat,1.92731,1.20463,0.82857,0.79757,0.46766,0.98417,2.8413,,,-3.2104,,
def3_p0_hinge+sat,def3_p0,3,2012,hinge+sat,hinge+sat,1.92731,1.20463,0.818,0.78986,0.47908,0.99128,2.78505,,,-3.24777,,
def3_p0_hinge+sat,def3_p0,3,2013,hinge+sat,hinge+sat,1.92731,1.20463,0.79959,0.81177,0.48858,0.98359,2.87166,,,-3.23284,,
def3_p0_hinge+sat,def3_p0,3,2014,hinge+sat,hinge+sat,1.92731,1.20463,0.81768,0.8021,0.4851,1.00396,2.78225,,,-3.12478,,
def3_p0_hinge+sat,def3_p0,3,2015,hinge+sat,hinge+sat,1.92731,1.20463,0.81264,0.80269,0.46994,0.99454,2.79531,,,-3.24669,,
def3_p0_hinge+sat,def3_p0,3,2016,hinge+sat,hinge+sat,1.92731,1.20463,0.81118,0.80366,0.49456,0.98874,2.80089,,,-3.1726,,
def3_p0_hinge+sat,def3_p0,3,2017,hinge+sat,hinge+sat,1.92731,1.20463,0.81043,0.78601,0.47981,0.99165,2.8365,,,-3.3174,,
def3_p0_hinge+sat,def3_p0,3,2018,hinge+sat,hinge+sat,1.92731,1.20463,0.81162,0.79213,0.48764,0.98291,2.89828,,,-3.40737,,
def3_p0_hinge+sat,def3_p0,3,2019,hinge+sat,hinge+sat,1.92731,1.20463,0.82218,0.76113,0.49206,1.01248,2.78147,,,-3.20359,,
def3_p0_hinge+sat,def3_p0,3,2020,hinge+sat,hinge+sat,1.92731,1.20463,0.81691,0.76886,0.48091,0.99921,2.89406,,,-3.2303,,
def3_p0_hinge+sat,def3_p0,3,2021,hinge+sat,hinge+sat,1.92731,1.20463,0.80107,0.78096,0.48554,1.01187,2.78026,,,-3.16609,,
def3_p0_hinge+sat,def3_p0,3,2022,hinge+sat,hinge+sat,1.92731,1.20463,0.82799,0.75948,0.4651,1.01367,2.95309,,,-3.03747,,
def3_p0_hinge+sat,def3_p0,3,2023,hinge+sat,hinge+sat,1.92731,1.20463,0.8192,0.81109,0.48785,0.98925,2.8279,,,-3.22705,,
def3_p0_hinge+sat,def3_p0,3,2024,hinge+sat,hinge+sat,1.92731,1.20463,0.82652,0.77817,0.46535,0.99496,2.71816,,,-3.23505,,
def3_p0_hinge+sat,def3_p0,3,2025,hinge+sat,hinge+sat,1.92731,1.20463,0.81914,0.77567,0.47063,1.01297,2.7797,,,-3.22057,,
def3_p0_hinge+sat,def3_p0,3,-1,hinge+sat,hinge+sat,1.92731,1.20463,0.81474,0.78967,0.47944,0.99395,2.82173,,,-3.23235,,
def3_p0_linear,def3_p0,4,1998,linear,linear,1.94066,1.28803,0.78612,1.02385,,,,,,,,
def3_p0_linear,def3_p0,4,1999,linear,linear,1.94066,1.28803,0.79014,1.02207,,,,,,,,
def3_p0_linear,def3_p0,4,2000,linear,linear,1.94066,1.28803,0.79171,1.01677,,,,,,,,
def3_p0_linear,def3_p0,4,2001,linear,linear,1.94066,1.28803,0.78936,1.01968,,,,,,,,
def3_p0_linear,def3_p0,4,2002,linear,linear,1.94066,1.28803,0.78778,1.02859,,,,,,,,
def3_p0_linear,def3_p0,4,2003,linear,linear,1.94066,1.28803,0.7837,1.02918,,,,,,,,
def3_p0_linear,def3_p0,4,2004,linear,linear,1.94066,1.28803,0.78686,1.01396,,,,,,,,
def3_p0_linear,def3_p0,4,2005,linear,linear,1.94066,1.28803,0.78479,1.01718,,,,,,,,
def3_p0_linear,def3_p0,4,2006,linear,linear,1.94066,1.28803,0.78757,1.0134,,,,,,,,
def3_p0_linear,def3_p0,4,2007,linear,linear,1.94066,1.28803,0.79097,1.01699,,,,,,,,
def3_p0_linear,def3_p0,4,2008,linear,linear,1.94066,1.28803,0.78202,1.01301,,,,,,,,
def3_p0_linear,def3_p0,4,2009,linear,linear,1.94066,1.28803,0.79058,1.01829,,,,,,,,
def3_p0_linear,def3_p0,4,2010,linear,linear,1.94066,1.28803,0.78936,1.02331,,,,,,,,
def3_p0_linear,def3_p0,4,2011,linear,linear,1.94066,1.28803,0.79174,1.01371,,,,,,,,
def3_p0_linear,def3_p0,4,2012,linear,linear,1.94066,1.28803,0.78842,1.01877,,,,,,,,
def3_p0_linear,def3_p0,4,2013,linear,linear,1.94066,1.28803,0.78684,1.0202,,,,,,,,
def3_p0_linear,def3_p0,4,2014,linear,linear,1.94066,1.28803,0.79244,1.02486,,,,,,,,
def3_p0_linear,def3_p0,4,2015,linear,linear,1.94066,1.28803,0.78369,1.02431,,,,,,,,
def3_p0_linear,def3_p0,4,2016,linear,linear,1.94066,1.28803,0.79094,1.01698,,,,,,,,
def3_p0_linear,def3_p0,4,2017,linear,linear,1.94066,1.28803,0.78402,1.02189,,,,,,,,
def3_p0_linear,def3_p0,4,2018,linear,linear,1.94066,1.28803,0.78992,1.01903,,,,,,,,
def3_p0_linear,def3_p0,4,2019,linear,linear,1.94066,1.28803,0.79901,1.01826,,,,,,,,
def3_p0_linear,def3_p0,4,2020,linear,linear,1.94066,1.28803,0.79434,1.0157,,,,,,,,
def3_p0_linear,def3_p0,4,2021,linear,linear,1.94066,1.28803,0.78046,1.02536,,,,,,,,
def3_p0_linear,def3_p0,4,2022,linear,linear,1.94066,1.28803,0.79551,1.01052,,,,,,,,
def3_p0_linear,def3_p0,4,2023,linear,linear,1.94066,1.28803,0.79459,1.02232,,,,,,,,
def3_p0_linear,def3_p0,4,2024,linear,linear,1.94066,1.28803,0.78491,1.01417,,,,,,,,
def3_p0_linear,def3_p0,4,2025,linear,linear,1.94066,1.28803,0.78565,1.02605,,,,,,,,
def3_p0_linear,def3_p0,4,-1,linear,linear,1.94066,1.28803,0.78869,1.01957,,,,,,,,
def3_p0_poly2,def3_p0,4,1998,poly2,poly2,1.94066,1.28803,0.77307,0.98183,0.01649,-0.05519,,,,,,
def3_p0_poly2,def3_p0,4,1999,poly2,poly2,1.94066,1.28803,0.7742,0.98332,0.01973,-0.05193,,,,,,
def3_p0_poly2,def3_p0,4,2000,poly2,poly2,1.94066,1.28803,0.77561,0.97327,0.01996,-0.0592,,,,,,
def3_p0_poly2,def3_p0,4,2001,poly2,poly2,1.94066,1.28803,0.77751,0.97646,0.01496,-0.05787,,,,,,
def3_p0_poly2,def3_p0,4,2002,poly2,poly2,1.94066,1.28803,0.77365,0.98737,0.01769,-0.05551,,,,,,
def3_p0_poly2,def3_p0,4,2003,poly2,poly2,1.94066,1.28803,0.76581,0.98412,0.02218,-0.06183,,,,,,
def3_p0_poly2,def3_p0,4,2004,poly2,poly2,1.94066,1.28803,0.77212,0.97395,0.01849,-0.05413,,,,,,
def3_p0_poly2,def3_p0,4,2005,poly2,poly2,1.94066,1.28803,0.77102,0.97439,0.01737,-0.05733,,,,,,
def3_p0_poly2,def3_p0,4,2006,poly2,poly2,1.94066,1.28803,0.7738,0.97397,0.01738,-0.05413,,,,,,
def3_p0_poly2,def3_p0,4,2007,poly2,poly2,1.94066,1.28803,0.7768,0.97695,0.01769,-0.05277,,,,,,
def3_p0_poly2,def3_p0,4,2008,poly2,poly2,1.94066,1.28803,0.76218,0.96993,0.02451,-0.05784,,,,,,
def3_p0_poly2,def3_p0,4,2009,poly2,poly2,1.94066,1.28803,0.77541,0.97855,0.0189,-0.05286,,,,,,
def3_p0_poly2,def3_p0,4,2010,poly2,poly2,1.94066,1.28803,0.77619,0.97974,0.01655,-0.05854,,,,,,
def3_p0_poly2,def3_p0,4,2011,poly2,poly2,1.94066,1.28803,0.77376,0.97487,0.02239,-0.05158,,,,,,
def3_p0_poly2,def3_p0,4,2012,poly2,poly2,1.94066,1.28803,0.77213,0.97668,0.02021,-0.05626,,,,,,
def3_p0_poly2,def3_p0,4,2013,poly2,poly2,1.94066,1.28803,0.77407,0.9792,0.01618,-0.0548,,,,,,
def3_p0_poly2,def3_p0,4,2014,poly2,poly2,1.94066,1.28803,0.77588,0.9832,0.02093,-0.05612,,,,,,
def3_p0_poly2,def3_p0,4,2015,poly2,poly2,1.94066,1.28803,0.76819,0.98258,0.01973,-0.05584,,,,,,
def3_p0_poly2,def3_p0,4,2016,poly2,poly2,1.94066,1.28803,0.7801,0.97682,0.01424,-0.05314,,,,,,
def3_p0_poly2,def3_p0,4,2017,poly2,poly2,1.94066,1.28803,0.76997,0.98011,0.01855,-0.05551,,,,,,
def3_p0_poly2,def3_p0,4,2018,poly2,poly2,1.94066,1.28803,0.77727,0.97702,0.01642,-0.05601,,,,,,
def3_p0_poly2,def3_p0,4,2019,poly2,poly2,1.94066,1.28803,0.78587,0.97329,0.01723,-0.06003,,,,,,
def3_p0_poly2,def3_p0,4,2020,poly2,poly2,1.94066,1.28803,0.78092,0.97319,0.0167,-0.05676,,,,,,
def3_p0_poly2,def3_p0,4,2021,poly2,poly2,1.94066,1.28803,0.76799,0.98152,0.01592,-0.05878,,,,,,
def3_p0_poly2,def3_p0,4,2022,poly2,poly2,1.94066,1.28803,0.77771,0.96472,0.0221,-0.06119,,,,,,
def3_p0_poly2,def3_p0,4,2023,poly2,poly2,1.94066,1.28803,0.7801,0.98006,0.01813,-0.05613,,,,,,
def3_p0_poly2,def3_p0,4,2024,poly2,poly2,1.94066,1.28803,0.76481,0.97066,0.02558,-0.05825,,,,,,
def3_p0_poly2,def3_p0,4,2025,poly2,poly2,1.94066,1.28803,0.76934,0.98404,0.02057,-0.05642,,,,,,
def3_p0_poly2,def3_p0,4,-1,poly2,poly2,1.94066,1.28803,0.77376,0.97755,0.01881,-0.05628,,,,,,
def3_p0_hinge,def3_p0,4,1998,hinge,hinge,1.94066,1.28803,0.84064,0.72867,0.70786,1.21712,,,,,,
def3_p0_hinge,def3_p0,4,1999,hinge,hinge,1.94066,1.28803,0.85889,0.74857,0.68972,1.20253,,,,,,
def3_p0_hinge,def3_p0,4,2000,hinge,hinge,1.94066,1.28803,0.86216,0.72005,0.689,1.21413,,,,,,
def3_p0_hinge,def3_p0,4,2001,hinge,hinge,1.94066,1.28803,0.84053,0.7195,0.71579,1.21782,,,,,,
def3_p0_hinge,def3_p0,4,2002,hinge,hinge,1.94066,1.28803,0.85019,0.74797,0.69729,1.21403,,,,,,
def3_p0_hinge,def3_p0,4,2003,hinge,hinge,1.94066,1.28803,0.86142,0.73076,0.67023,1.22733,,,,,,
def3_p0_hinge,def3_p0,4,2004,hinge,hinge,1.94066,1.28803,0.85149,0.73282,0.69301,1.20011,,,,,,
def3_p0_hinge,def3_p0,4,2005,hinge,hinge,1.94066,1.28803,0.8447,0.72055,0.69828,1.21292,,,,,,
def3_p0_hinge,def3_p0,4,2006,hinge,hinge,1.94066,1.28803,0.8485,0.73019,0.69953,1.20215,,,,,,
def3_p0_hinge,def3_p0,4,2007,hinge,hinge,1.94066,1.28803,0.84966,0.74449,0.7058,1.19569,,,,,,
def3_p0_hinge,def3_p0,4,2008,hinge,hinge,1.94066,1.28803,0.8661,0.71337,0.65898,1.21083,,,,,,
def3_p0_hinge,def3_p0,4,2009,hinge,hinge,1.94066,1.28803,0.8595,0.73795,0.69013,1.20275,,,,,,
def3_p0_hinge,def3_p0,4,2010,hinge,hinge,1.94066,1.28803,0.84872,0.72506,0.70321,1.22052,,,,,,
def3_p0_hinge,def3_p0,4,2011,hinge,hinge,1.94066,1.28803,0.86596,0.73557,0.68383,1.1968,,,,,,
def3_p0_hinge,def3_p0,4,2012,hinge,hinge,1.94066,1.28803,0.85918,0.7271,0.68517,1.21134,,,,,,
def3_p0_hinge,def3_p0,4,2013,hinge,hinge,1.94066,1.28803,0.84324,0.73907,0.70554,1.20575,,,,,,
def3_p0_hinge,def3_p0,4,2014,hinge,hinge,1.94066,1.28803,0.86296,0.73811,0.69034,1.21497,,,,,,
def3_p0_hinge,def3_p0,4,2015,hinge,hinge,1.94066,1.28803,0.85231,0.73384,0.68449,1.21633,,,,,,
def3_p0_hinge,def3_p0,4,2016,hinge,hinge,1.94066,1.28803,0.84567,0.73962,0.71262,1.199,,,,,,
def3_p0_hinge,def3_p0,4,2017,hinge,hinge,1.94066,1.28803,0.84818,0.72966,0.69254,1.21412,,,,,,
def3_p0_hinge,def3_p0,4,2018,hinge,hinge,1.94066,1.28803,0.84932,0.73002,0.70467,1.20948,,,,,,
def3_p0_hinge,def3_p0,4,2019,hinge,hinge,1.94066,1.28803,0.85525,0.71119,0.71862,1.22067,,,,,,
def3_p0_hinge,def3_p0,4,2020,hinge,hinge,1.94066,1.28803,0.85393,0.72814,0.70738,1.20556,,,,,,
def3_p0_hinge,def3_p0,4,2021,hinge,hinge,1.94066,1.28803,0.83769,0.72364,0.69788,1.22485,,,,,,
def3_p0_hinge,def3_p0,4,2022,hinge,hinge,1.94066,1.28803,0.87016,0.69604,0.68648,1.21828,,,,,,
def3_p0_hinge,def3_p0,4,2023,hinge,hinge,1.94066,1.28803,0.85768,0.73117,0.70263,1.21421,,,,,,
def3_p0_hinge,def3_p0,4,2024,hinge,hinge,1.94066,1.28803,0.86871,0.71808,0.66351,1.20981,,,,,,
def3_p0_hinge,def3_p0,4,2025,hinge,hinge,1.94066,1.28803,0.85682,0.73687,0.6823,1.21723,,,,,,
def3_p0_hinge,def3_p0,4,-1,hinge,hinge,1.94066,1.28803,0.85393,0.72921,0.69413,1.21128,,,,,,
def3_p0_linear+unseen,def3_p0,4,1998,linear+unseen,linear+unseen,1.94066,1.28803,0.76935,1.00566,-4.23338,3.58742,,,,,,
def3_p0_linear+unseen,def3_p0,4,1999,linear+unseen,linear+unseen,1.94066,1.28803,0.77318,1.00362,-4.24276,3.67945,,,,,,
def3_p0_linear+unseen,def3_p0,4,2000,linear+unseen,linear+unseen,1.94066,1.28803,0.77452,0.9983,-4.16259,3.70997,,,,,,
def3_p0_linear+unseen,def3_p0,4,2001,linear+unseen,linear+unseen,1.94066,1.28803,0.77299,1.00338,-4.40937,3.572,,,,,,
def3_p0_linear+unseen,def3_p0,4,2002,linear+unseen,linear+unseen,1.94066,1.28803,0.77126,1.01057,-4.12917,3.60058,,,,,,
def3_p0_linear+unseen,def3_p0,4,2003,linear+unseen,linear+unseen,1.94066,1.28803,0.76804,1.01097,-4.38809,4.09374,,,,,,
def3_p0_linear+unseen,def3_p0,4,2004,linear+unseen,linear+unseen,1.94066,1.28803,0.7689,0.99561,-4.35919,3.66812,,,,,,
def3_p0_linear+unseen,def3_p0,4,2005,linear+unseen,linear+unseen,1.94066,1.28803,0.76775,0.99949,-4.23847,3.62897,,,,,,
def3_p0_linear+unseen,def3_p0,4,2006,linear+unseen,linear+unseen,1.94066,1.28803,0.77129,0.99456,-4.18289,3.76988,,,,,,
def3_p0_linear+unseen,def3_p0,4,2007,linear+unseen,linear+unseen,1.94066,1.28803,0.77282,0.99997,-4.43066,3.64968,,,,,,
def3_p0_linear+unseen,def3_p0,4,2008,linear+unseen,linear+unseen,1.94066,1.28803,0.76448,0.99576,-4.52245,3.80261,,,,,,
def3_p0_linear+unseen,def3_p0,4,2009,linear+unseen,linear+unseen,1.94066,1.28803,0.77419,1.00083,-4.11918,3.65138,,,,,,
def3_p0_linear+unseen,def3_p0,4,2010,linear+unseen,linear+unseen,1.94066,1.28803,0.77128,1.00566,-4.33973,3.5988,,,,,,
def3_p0_linear+unseen,def3_p0,4,2011,linear+unseen,linear+unseen,1.94066,1.28803,0.77424,0.99567,-4.33547,3.65274,,,,,,
def3_p0_linear+unseen,def3_p0,4,2012,linear+unseen,linear+unseen,1.94066,1.28803,0.77167,1.00071,-4.22016,3.68627,,,,,,
def3_p0_linear+unseen,def3_p0,4,2013,linear+unseen,linear+unseen,1.94066,1.28803,0.76921,1.00285,-4.35913,3.63536,,,,,,
def3_p0_linear+unseen,def3_p0,4,2014,linear+unseen,linear+unseen,1.94066,1.28803,0.77542,1.00682,-4.19151,3.62633,,,,,,
def3_p0_linear+unseen,def3_p0,4,2015,linear+unseen,linear+unseen,1.94066,1.28803,0.76685,1.00598,-4.2196,3.67524,,,,,,
def3_p0_linear+unseen,def3_p0,4,2016,linear+unseen,linear+unseen,1.94066,1.28803,0.77392,0.99895,-4.24491,3.6387,,,,,,
def3_p0_linear+unseen,def3_p0,4,2017,linear+unseen,linear+unseen,1.94066,1.28803,0.767,1.00297,-4.31754,3.68157,,,,,,
def3_p0_linear+unseen,def3_p0,4,2018,linear+unseen,linear+unseen,1.94066,1.28803,0.77395,1.00047,-4.2925,3.92955,,,,,,
def3_p0_linear+unseen,def3_p0,4,2019,linear+unseen,linear+unseen,1.94066,1.28803,0.78187,1.00075,-4.34841,3.60997,,,,,,
def3_p0_linear+unseen,def3_p0,4,2020,linear+unseen,linear+unseen,1.94066,1.28803,0.77791,0.99761,-4.17974,3.66918,,,,,,
def3_p0_linear+unseen,def3_p0,4,2021,linear+unseen,linear+unseen,1.94066,1.28803,0.76321,1.00815,-4.28223,3.48747,,,,,,
def3_p0_linear+unseen,def3_p0,4,2022,linear+unseen,linear+unseen,1.94066,1.28803,0.77656,0.99385,-4.63073,3.44106,,,,,,
def3_p0_linear+unseen,def3_p0,4,2023,linear+unseen,linear+unseen,1.94066,1.28803,0.77736,1.00463,-4.25122,3.59347,,,,,,
def3_p0_linear+unseen,def3_p0,4,2024,linear+unseen,linear+unseen,1.94066,1.28803,0.76932,0.99765,-4.12155,3.56827,,,,,,
def3_p0_linear+unseen,def3_p0,4,2025,linear+unseen,linear+unseen,1.94066,1.28803,0.76927,1.0092,-4.19079,3.4344,,,,,,
def3_p0_linear+unseen,def3_p0,4,-1,linear+unseen,linear+unseen,1.94066,1.28803,0.7717,1.00179,-4.28232,3.65396,,,,,,
def3_p0_linear+bins,def3_p0,4,1998,linear+bins,linear+bins,1.94066,1.28803,0.72914,0.93687,-4.29009,2.78245,-0.90081,-0.46388,-0.8529,3.16146,1.80816,0.82468
def3_p0_linear+bins,def3_p0,4,1999,linear+bins,linear+bins,1.94066,1.28803,0.7351,0.93267,-4.34457,2.88998,-0.86523,-0.37325,-0.82708,3.18331,1.84457,0.84336
def3_p0_linear+bins,def3_p0,4,2000,linear+bins,linear+bins,1.94066,1.28803,0.73929,0.92727,-4.27292,2.87644,-0.89615,-0.43124,-0.74647,3.22991,1.84297,0.87037
def3_p0_linear+bins,def3_p0,4,2001,linear+bins,linear+bins,1.94066,1.28803,0.73752,0.92946,-4.49569,2.62587,-0.86676,-0.33979,-0.79768,3.29731,1.91182,0.86525
def3_p0_linear+bins,def3_p0,4,2002,linear+bins,linear+bins,1.94066,1.28803,0.73234,0.93662,-4.21176,2.76676,-0.81991,-0.41519,-0.83538,3.30925,1.76125,0.86654
def3_p0_linear+bins,def3_p0,4,2003,linear+bins,linear+bins,1.94066,1.28803,0.73699,0.93764,-4.51867,3.23949,-0.83689,-0.26233,-0.7272,3.2484,1.95956,0.83651
def3_p0_linear+bins,def3_p0,4,2004,linear+bins,linear+bins,1.94066,1.28803,0.7298,0.92441,-4.44931,2.84666,-0.86907,-0.40519,-0.83411,3.27322,1.86478,0.83575
def3_p0_linear+bins,def3_p0,4,2005,linear+bins,linear+bins,1.94066,1.28803,0.73045,0.92607,-4.33889,2.81825,-0.8547,-0.34178,-0.83355,3.16809,1.85122,0.85932
def3_p0_linear+bins,def3_p0,4,2006,linear+bins,linear+bins,1.94066,1.28803,0.73203,0.92387,-4.25082,2.93109,-0.96448,-0.4685,-0.79349,3.21194,1.91714,0.84281
def3_p0_linear+bins,def3_p0,4,2007,linear+bins,linear+bins,1.94066,1.28803,0.73745,0.93043,-4.51055,2.72358,-0.8314,-0.46904,-0.76016,3.30539,1.85806,0.81782
def3_p0_linear+bins,def3_p0,4,2008,linear+bins,linear+bins,1.94066,1.28803,0.72783,0.92407,-4.6343,2.92607,-0.81012,-0.30878,-0.83299,3.18889,1.88341,0.83629
def3_p0_linear+bins,def3_p0,4,2009,linear+bins,linear+bins,1.94066,1.28803,0.73566,0.92901,-4.20988,2.78469,-0.78134,-0.42625,-0.83889,3.33724,1.86523,0.81289
def3_p0_linear+bins,def3_p0,4,2010,linear+bins,linear+bins,1.94066,1.28803,0.73116,0.93492,-4.41112,2.75577,-0.93058,-0.44335,-0.84661,3.20842,1.89887,0.84103
def3_p0_linear+bins,def3_p0,4,2011,linear+bins,linear+bins,1.94066,1.28803,0.73645,0.9263,-4.41362,2.82105,-0.87585,-0.42958,-0.79242,3.25848,1.79603,0.84621
def3_p0_linear+bins,def3_p0,4,2012,linear+bins,linear+bins,1.94066,1.28803,0.73638,0.93124,-4.30704,2.86498,-0.81548,-0.38178,-0.78434,3.25682,1.82826,0.82663
def3_p0_linear+bins,def3_p0,4,2013,linear+bins,linear+bins,1.94066,1.28803,0.73041,0.93182,-4.43525,2.77865,-0.92621,-0.40686,-0.83272,3.26502,1.94842,0.79688
def3_p0_linear+bins,def3_p0,4,2014,linear+bins,linear+bins,1.94066,1.28803,0.73885,0.93824,-4.27927,2.81998,-0.85646,-0.34727,-0.81473,3.06007,1.85686,0.82807
def3_p0_linear+bins,def3_p0,4,2015,linear+bins,linear+bins,1.94066,1.28803,0.72899,0.93614,-4.30616,2.85896,-0.88025,-0.43341,-0.79809,3.23067,1.83958,0.80258
def3_p0_linear+bins,def3_p0,4,2016,linear+bins,linear+bins,1.94066,1.28803,0.73528,0.93053,-4.33401,2.82624,-0.80749,-0.41732,-0.8426,3.19046,1.91376,0.78232
def3_p0_linear+bins,def3_p0,4,2017,linear+bins,linear+bins,1.94066,1.28803,0.72967,0.93089,-4.41431,2.8138,-0.87902,-0.39489,-0.80668,3.30274,1.88215,0.86576
def3_p0_linear+bins,def3_p0,4,2018,linear+bins,linear+bins,1.94066,1.28803,0.73417,0.92884,-4.38224,3.13561,-1.2532,-0.34297,-0.82673,3.45858,1.84506,0.86766
def3_p0_linear+bins,def3_p0,4,2019,linear+bins,linear+bins,1.94066,1.28803,0.74349,0.93108,-4.44989,2.80958,-0.82715,-0.30547,-0.86884,3.23928,1.86625,0.83032
def3_p0_linear+bins,def3_p0,4,2020,linear+bins,linear+bins,1.94066,1.28803,0.73613,0.92711,-4.25494,2.85942,-0.95407,-0.4804,-0.86528,3.26975,1.87341,0.83192
def3_p0_linear+bins,def3_p0,4,2021,linear+bins,linear+bins,1.94066,1.28803,0.72606,0.93804,-4.35828,2.69321,-0.8222,-0.43806,-0.80296,3.21554,1.82265,0.85928
def3_p0_linear+bins,def3_p0,4,2022,linear+bins,linear+bins,1.94066,1.28803,0.73572,0.92659,-4.68533,2.73978,-0.89098,-0.53071,-0.80834,2.92633,1.77282,0.8564
def3_p0_linear+bins,def3_p0,4,2023,linear+bins,linear+bins,1.94066,1.28803,0.74158,0.93581,-4.34471,2.76941,-0.92218,-0.40051,-0.77174,3.19331,1.97943,0.80882
def3_p0_linear+bins,def3_p0,4,2024,linear+bins,linear+bins,1.94066,1.28803,0.73492,0.92966,-4.22265,2.75154,-0.74071,-0.41887,-0.7717,3.24242,1.92435,0.78419
def3_p0_linear+bins,def3_p0,4,2025,linear+bins,linear+bins,1.94066,1.28803,0.73523,0.93746,-4.29834,2.70021,-0.9278,-0.18776,-0.80324,3.34194,1.928,0.87701
def3_p0_linear+bins,def3_p0,4,-1,linear+bins,linear+bins,1.94066,1.28803,0.73421,0.93117,-4.37088,2.8282,-0.87798,-0.39523,-0.81149,3.23575,1.86892,0.83615
def3_p0_linear+log,def3_p0,4,1998,linear+log,linear+log,1.94066,1.28803,0.6505,0.90713,0.68736,-0.65301,,,,,,
def3_p0_linear+log,def3_p0,4,1999,linear+log,linear+log,1.94066,1.28803,0.66072,0.90246,0.66148,-0.66666,,,,,,
def3_p0_linear+log,def3_p0,4,2000,linear+log,linear+log,1.94066,1.28803,0.66622,0.89817,0.63929,-0.66202,,,,,,
def3_p0_linear+log,def3_p0,4,2001,linear+log,linear+log,1.94066,1.28803,0.66173,0.9025,0.65571,-0.65855,,,,,,
def3_p0_linear+log,def3_p0,4,2002,linear+log,linear+log,1.94066,1.28803,0.65705,0.90818,0.66665,-0.67064,,,,,,
def3_p0_linear+log,def3_p0,4,2003,linear+log,linear+log,1.94066,1.28803,0.65986,0.90473,0.63971,-0.68752,,,,,,
def3_p0_linear+log,def3_p0,4,2004,linear+log,linear+log,1.94066,1.28803,0.65311,0.89313,0.68005,-0.67051,,,,,,
def3_p0_linear+log,def3_p0,4,2005,linear+log,linear+log,1.94066,1.28803,0.65593,0.89541,0.66384,-0.66688,,,,,,
def3_p0_linear+log,def3_p0,4,2006,linear+log,linear+log,1.94066,1.28803,0.65785,0.89256,0.6693,-0.68037,,,,,,
def3_p0_linear+log,def3_p0,4,2007,linear+log,linear+log,1.94066,1.28803,0.66077,0.90013,0.66563,-0.65638,,,,,,
def3_p0_linear+log,def3_p0,4,2008,linear+log,linear+log,1.94066,1.28803,0.65395,0.89318,0.65848,-0.66549,,,,,,
def3_p0_linear+log,def3_p0,4,2009,linear+log,linear+log,1.94066,1.28803,0.65977,0.89863,0.66716,-0.66577,,,,,,
def3_p0_linear+log,def3_p0,4,2010,linear+log,linear+log,1.94066,1.28803,0.65445,0.90642,0.68712,-0.66258,,,,,,
def3_p0_linear+log,def3_p0,4,2011,linear+log,linear+log,1.94066,1.28803,0.65932,0.89842,0.67122,-0.6585,,,,,,
def3_p0_linear+log,def3_p0,4,2012,linear+log,linear+log,1.94066,1.28803,0.6613,0.90186,0.65172,-0.66362,,,,,,
def3_p0_linear+log,def3_p0,4,2013,linear+log,linear+log,1.94066,1.28803,0.65037,0.90295,0.68897,-0.66102,,,,,,
def3_p0_linear+log,def3_p0,4,2014,linear+log,linear+log,1.94066,1.28803,0.66146,0.90931,0.66538,-0.64845,,,,,,
def3_p0_linear+log,def3_p0,4,2015,linear+log,linear+log,1.94066,1.28803,0.65699,0.90669,0.65172,-0.65589,,,,,,
def3_p0_linear+log,def3_p0,4,2016,linear+log,linear+log,1.94066,1.28803,0.66077,0.90252,0.66712,-0.65325,,,,,,
def3_p0_linear+log,def3_p0,4,2017,linear+log,linear+log,1.94066,1.28803,0.65129,0.90006,0.67937,-0.68049,,,,,,
def3_p0_linear+log,def3_p0,4,2018,linear+log,linear+log,1.94066,1.28803,0.65896,0.89793,0.67849,-0.68736,,,,,,
def3_p0_linear+log,def3_p0,4,2019,linear+log,linear+log,1.94066,1.28803,0.66694,0.90287,0.67214,-0.66389,,,,,,
def3_p0_linear+log,def3_p0,4,2020,linear+log,linear+log,1.94066,1.28803,0.65965,0.89903,0.68799,-0.66117,,,,,,
def3_p0_linear+log,def3_p0,4,2021,linear+log,linear+log,1.94066,1.28803,0.64996,0.90953,0.66949,-0.65708,,,,,,
def3_p0_linear+log,def3_p0,4,2022,linear+log,linear+log,1.94066,1.28803,0.6631,0.90198,0.67443,-0.62143,,,,,,
def3_p0_linear+log,def3_p0,4,2023,linear+log,linear+log,1.94066,1.28803,0.66408,0.90649,0.67253,-0.66544,,,,,,
def3_p0_linear+log,def3_p0,4,2024,linear+log,linear+log,1.94066,1.28803,0.65953,0.89805,0.64567,-0.66403,,,,,,
def3_p0_linear+log,def3_p0,4,2025,linear+log,linear+log,1.94066,1.28803,0.65833,0.90978,0.6583,-0.66957,,,,,,
def3_p0_linear+log,def3_p0,4,-1,linear+log,linear+log,1.94066,1.28803,0.65835,0.90179,0.66702,-0.66347,,,,,,
def3_p0_linear+log2,def3_p0,4,1998,linear+log2,linear+log2,1.94066,1.28803,0.65046,0.93186,0.80726,-2.70154,-0.0266,,,0.52402,,
def3_p0_linear+log2,def3_p0,4,1999,linear+log2,linear+log2,1.94066,1.28803,0.66013,0.92714,0.77947,-2.7474,-0.02565,,,0.53153,,
def3_p0_linear+log2,def3_p0,4,2000,linear+log2,linear+log2,1.94066,1.28803,0.66699,0.92374,0.8229,-2.78567,-0.0429,,,0.54253,,
def3_p0_linear+log2,def3_p0,4,2001,linear+log2,linear+log2,1.94066,1.28803,0.65994,0.92721,0.70782,-2.81921,-0.00817,,,0.55134,,
def3_p0_linear+log2,def3_p0,4,2002,linear+log2,linear+log2,1.94066,1.28803,0.65591,0.93081,0.73838,-2.69321,-0.0139,,,0.5176,,
def3_p0_linear+log2,def3_p0,4,2003,linear+log2,linear+log2,1.94066,1.28803,0.65815,0.93309,0.70096,-2.90409,-0.01029,,,0.56616,,
def3_p0_linear+log2,def3_p0,4,2004,linear+log2,linear+log2,1.94066,1.28803,0.65189,0.92004,0.77241,-2.79307,-0.01893,,,0.54365,,
def3_p0_linear+log2,def3_p0,4,2005,linear+log2,linear+log2,1.94066,1.28803,0.65534,0.92166,0.76654,-2.75016,-0.02184,,,0.53371,,
def3_p0_linear+log2,def3_p0,4,2006,linear+log2,linear+log2,1.94066,1.28803,0.65764,0.91802,0.80922,-2.79147,-0.03158,,,0.54065,,
def3_p0_linear+log2,def3_p0,4,2007,linear+log2,linear+log2,1.94066,1.28803,0.6597,0.9257,0.75377,-2.76499,-0.01785,,,0.53882,,
def3_p0_linear+log2,def3_p0,4,2008,linear+log2,linear+log2,1.94066,1.28803,0.6532,0.91903,0.77369,-2.81195,-0.02464,,,0.5485,,
def3_p0_linear+log2,def3_p0,4,2009,linear+log2,linear+log2,1.94066,1.28803,0.65695,0.92477,0.67023,-2.83516,0.00459,,,0.5555,,
def3_p0_linear+log2,def3_p0,4,2010,linear+log2,linear+log2,1.94066,1.28803,0.6542,0.93179,0.81514,-2.7776,-0.02856,,,0.54177,,
def3_p0_linear+log2,def3_p0,4,2011,linear+log2,linear+log2,1.94066,1.28803,0.65881,0.9227,0.7769,-2.78533,-0.02258,,,0.54419,,
def3_p0_linear+log2,def3_p0,4,2012,linear+log2,linear+log2,1.94066,1.28803,0.65998,0.92628,0.72686,-2.80421,-0.01445,,,0.54696,,
def3_p0_linear+log2,def3_p0,4,2013,linear+log2,linear+log2,1.94066,1.28803,0.64869,0.92841,0.75426,-2.80923,-0.01176,,,0.54958,,
def3_p0_linear+log2,def3_p0,4,2014,linear+log2,linear+log2,1.94066,1.28803,0.65969,0.93339,0.70728,-2.69649,-0.00587,,,0.5234,,
def3_p0_linear+log2,def3_p0,4,2015,linear+log2,linear+log2,1.94066,1.28803,0.65646,0.93237,0.77824,-2.82444,-0.02784,,,0.55484,,
def3_p0_linear+log2,def3_p0,4,2016,linear+log2,linear+log2,1.94066,1.28803,0.6603,0.92688,0.78985,-2.75683,-0.02706,,,0.53891,,
def3_p0_linear+log2,def3_p0,4,2017,linear+log2,linear+log2,1.94066,1.28803,0.64924,0.9249,0.7308,-2.78885,-0.00812,,,0.53904,,
def3_p0_linear+log2,def3_p0,4,2018,linear+log2,linear+log2,1.94066,1.28803,0.66042,0.92333,0.90818,-2.91834,-0.05451,,,0.56813,,
def3_p0_linear+log2,def3_p0,4,2019,linear+log2,linear+log2,1.94066,1.28803,0.66628,0.92626,0.77615,-2.78314,-0.02221,,,0.54089,,
def3_p0_linear+log2,def3_p0,4,2020,linear+log2,linear+log2,1.94066,1.28803,0.65887,0.92352,0.79125,-2.81721,-0.02172,,,0.55052,,
def3_p0_linear+log2,def3_p0,4,2021,linear+log2,linear+log2,1.94066,1.28803,0.64923,0.93419,0.76217,-2.7461,-0.01951,,,0.5336,,
def3_p0_linear+log2,def3_p0,4,2022,linear+log2,linear+log2,1.94066,1.28803,0.66586,0.92277,0.95677,-2.56834,-0.0691,,,0.49415,,
def3_p0_linear+log2,def3_p0,4,2023,linear+log2,linear+log2,1.94066,1.28803,0.66329,0.9315,0.76923,-2.7878,-0.02031,,,0.54292,,
def3_p0_linear+log2,def3_p0,4,2024,linear+log2,linear+log2,1.94066,1.28803,0.65698,0.92359,0.65164,-2.77639,0.00358,,,0.54042,,
def3_p0_linear+log2,def3_p0,4,2025,linear+log2,linear+log2,1.94066,1.28803,0.65691,0.93144,0.71475,-2.74216,-0.01026,,,0.52668,,
def3_p0_linear+log2,def3_p0,4,-1,linear+log2,linear+log2,1.94066,1.28803,0.65754,0.92665,0.76785,-2.7779,-0.02126,,,0.54037,,
def3_p0_linear+sat,def3_p0,4,1998,linear+sat,linear+sat,1.94066,1.28803,0.69616,0.91778,3.02249,-3.71125,,,,,,
def3_p0_linear+sat,def3_p0,4,1999,linear+sat,linear+sat,1.94066,1.28803,0.70368,0.91392,2.93373,-3.79573,,,,,,
def3_p0_linear+sat,def3_p0,4,2000,linear+sat,linear+sat,1.94066,1.28803,0.70673,0.90904,2.875,-3.78901,,,,,,
def3_p0_linear+sat,def3_p0,4,2001,linear+sat,linear+sat,1.94066,1.28803,0.70417,0.91205,2.91435,-3.79811,,,,,,
def3_p0_linear+sat,def3_p0,4,2002,linear+sat,linear+sat,1.94066,1.28803,0.70114,0.91898,2.91506,-3.78436,,,,,,
def3_p0_linear+sat,def3_p0,4,2003,linear+sat,linear+sat,1.94066,1.28803,0.70188,0.91707,2.85214,-3.95388,,,,,,
def3_p0_linear+sat,def3_p0,4,2004,linear+sat,linear+sat,1.94066,1.28803,0.69712,0.90484,3.00391,-3.81351,,,,,,
def3_p0_linear+sat,def3_p0,4,2005,linear+sat,linear+sat,1.94066,1.28803,0.69894,0.90734,2.93304,-3.77896,,,,,,
def3_p0_linear+sat,def3_p0,4,2006,linear+sat,linear+sat,1.94066,1.28803,0.70036,0.90469,2.97326,-3.85042,,,,,,
def3_p0_linear+sat,def3_p0,4,2007,linear+sat,linear+sat,1.94066,1.28803,0.70336,0.91089,2.96555,-3.77039,,,,,,
def3_p0_linear+sat,def3_p0,4,2008,linear+sat,linear+sat,1.94066,1.28803,0.69572,0.90423,2.94276,-3.82137,,,,,,
def3_p0_linear+sat,def3_p0,4,2009,linear+sat,linear+sat,1.94066,1.28803,0.70501,0.90909,2.89898,-3.80926,,,,,,
def3_p0_linear+sat,def3_p0,4,2010,linear+sat,linear+sat,1.94066,1.28803,0.69833,0.91725,3.03893,-3.76701,,,,,,
def3_p0_linear+sat,def3_p0,4,2011,linear+sat,linear+sat,1.94066,1.28803,0.70314,0.90844,2.97019,-3.76743,,,,,,
def3_p0_linear+sat,def3_p0,4,2012,linear+sat,linear+sat,1.94066,1.28803,0.70404,0.91201,2.87354,-3.79692,,,,,,
def3_p0_linear+sat,def3_p0,4,2013,linear+sat,linear+sat,1.94066,1.28803,0.69609,0.91313,3.02325,-3.78475,,,,,,
def3_p0_linear+sat,def3_p0,4,2014,linear+sat,linear+sat,1.94066,1.28803,0.70617,0.91976,2.91144,-3.69961,,,,,,
def3_p0_linear+sat,def3_p0,4,2015,linear+sat,linear+sat,1.94066,1.28803,0.69765,0.91643,2.91199,-3.77137,,,,,,
def3_p0_linear+sat,def3_p0,4,2016,linear+sat,linear+sat,1.94066,1.28803,0.70377,0.91218,2.94294,-3.73169,,,,,,
def3_p0_linear+sat,def3_p0,4,2017,linear+sat,linear+sat,1.94066,1.28803,0.6958,0.91147,2.99132,-3.86311,,,,,,
def3_p0_linear+sat,def3_p0,4,2018,linear+sat,linear+sat,1.94066,1.28803,0.69975,0.90813,3.11188,-3.98288,,,,,,
def3_p0_linear+sat,def3_p0,4,2019,linear+sat,linear+sat,1.94066,1.28803,0.71117,0.91281,2.96622,-3.79222,,,,,,
def3_p0_linear+sat,def3_p0,4,2020,linear+sat,linear+sat,1.94066,1.28803,0.7051,0.90852,3.0273,-3.79941,,,,,,
def3_p0_linear+sat,def3_p0,4,2021,linear+sat,linear+sat,1.94066,1.28803,0.69331,0.92054,2.95622,-3.73891,,,,,,
def3_p0_linear+sat,def3_p0,4,2022,linear+sat,linear+sat,1.94066,1.28803,0.70278,0.91179,3.1119,-3.57374,,,,,,
def3_p0_linear+sat,def3_p0,4,2023,linear+sat,linear+sat,1.94066,1.28803,0.70752,0.91728,2.96932,-3.78836,,,,,,
def3_p0_linear+sat,def3_p0,4,2024,linear+sat,linear+sat,1.94066,1.28803,0.70324,0.90954,2.81499,-3.77948,,,,,,
def3_p0_linear+sat,def3_p0,4,2025,linear+sat,linear+sat,1.94066,1.28803,0.70115,0.91973,2.91102,-3.83226,,,,,,
def3_p0_linear+sat,def3_p0,4,-1,linear+sat,linear+sat,1.94066,1.28803,0.70155,0.91246,2.95544,-3.7908,,,,,,
def3_p0_linear+sat500,def3_p0,4,1998,linear+sat500,linear+sat500,1.94066,1.28803,0.71504,0.93452,3.35216,-4.30323,,,,,,
def3_p0_linear+sat500,def3_p0,4,1999,linear+sat500,linear+sat500,1.94066,1.28803,0.72176,0.93142,3.26456,-4.41052,,,,,,
def3_p0_linear+sat500,def3_p0,4,2000,linear+sat500,linear+sat500,1.94066,1.28803,0.72415,0.9264,3.2126,-4.40495,,,,,,
def3_p0_linear+sat500,def3_p0,4,2001,linear+sat500,linear+sat500,1.94066,1.28803,0.72157,0.92909,3.26961,-4.43451,,,,,,
def3_p0_linear+sat500,def3_p0,4,2002,linear+sat500,linear+sat500,1.94066,1.28803,0.71952,0.93604,3.22746,-4.39524,,,,,,
def3_p0_linear+sat500,def3_p0,4,2003,linear+sat500,linear+sat500,1.94066,1.28803,0.71857,0.93546,3.2136,-4.62724,,,,,,
def3_p0_linear+sat500,def3_p0,4,2004,linear+sat500,linear+sat500,1.94066,1.28803,0.71564,0.92247,3.34425,-4.43106,,,,,,
def3_p0_linear+sat500,def3_p0,4,2005,linear+sat500,linear+sat500,1.94066,1.28803,0.71684,0.92532,3.26193,-4.3789,,,,,,
def3_p0_linear+sat500,def3_p0,4,2006,linear+sat500,linear+sat500,1.94066,1.28803,0.71851,0.92242,3.30764,-4.4683,,,,,,
def3_p0_linear+sat500,def3_p0,4,2007,linear+sat500,linear+sat500,1.94066,1.28803,0.72089,0.92795,3.32448,-4.40531,,,,,,
def3_p0_linear+sat500,def3_p0,4,2008,linear+sat500,linear+sat500,1.94066,1.28803,0.71315,0.9218,3.30277,-4.46486,,,,,,
def3_p0_linear+sat500,def3_p0,4,2009,linear+sat500,linear+sat500,1.94066,1.28803,0.72328,0.92648,3.21281,-4.43922,,,,,,
def3_p0_linear+sat500,def3_p0,4,2010,linear+sat500,linear+sat500,1.94066,1.28803,0.71695,0.93428,3.38008,-4.37093,,,,,,
def3_p0_linear+sat500,def3_p0,4,2011,linear+sat500,linear+sat500,1.94066,1.28803,0.72145,0.92528,3.31316,-4.38512,,,,,,
def3_p0_linear+sat500,def3_p0,4,2012,linear+sat500,linear+sat500,1.94066,1.28803,0.72156,0.92895,3.19799,-4.41707,,,,,,
def3_p0_linear+sat500,def3_p0,4,2013,linear+sat500,linear+sat500,1.94066,1.28803,0.71484,0.9304,3.36202,-4.39936,,,,,,
def3_p0_linear+sat500,def3_p0,4,2014,linear+sat500,linear+sat500,1.94066,1.28803,0.72436,0.93658,3.23331,-4.30205,,,,,,
def3_p0_linear+sat500,def3_p0,4,2015,linear+sat500,linear+sat500,1.94066,1.28803,0.71512,0.93364,3.25492,-4.39323,,,,,,
def3_p0_linear+sat500,def3_p0,4,2016,linear+sat500,linear+sat500,1.94066,1.28803,0.7218,0.92872,3.27373,-4.34171,,,,,,
def3_p0_linear+sat500,def3_p0,4,2017,linear+sat500,linear+sat500,1.94066,1.28803,0.71401,0.92914,3.33926,-4.48473,,,,,,
def3_p0_linear+sat500,def3_p0,4,2018,linear+sat500,linear+sat500,1.94066,1.28803,0.71792,0.92567,3.50721,-4.6672,,,,,,
def3_p0_linear+sat500,def3_p0,4,2019,linear+sat500,linear+sat500,1.94066,1.28803,0.72914,0.92986,3.31087,-4.39719,,,,,,
def3_p0_linear+sat500,def3_p0,4,2020,linear+sat500,linear+sat500,1.94066,1.28803,0.72416,0.92557,3.34932,-4.41625,,,,,,
def3_p0_linear+sat500,def3_p0,4,2021,linear+sat500,linear+sat500,1.94066,1.28803,0.71157,0.9378,3.27933,-4.32379,,,,,,
def3_p0_linear+sat500,def3_p0,4,2022,linear+sat500,linear+sat500,1.94066,1.28803,0.72089,0.92802,3.50652,-4.14613,,,,,,
def3_p0_linear+sat500,def3_p0,4,2023,linear+sat500,linear+sat500,1.94066,1.28803,0.72528,0.93429,3.30808,-4.38702,,,,,,
def3_p0_linear+sat500,def3_p0,4,2024,linear+sat500,linear+sat500,1.94066,1.28803,0.7206,0.92678,3.12795,-4.387,,,,,,
def3_p0_linear+sat500,def3_p0,4,2025,linear+sat500,linear+sat500,1.94066,1.28803,0.71861,0.9369,3.23902,-4.42867,,,,,,
def3_p0_linear+sat500,def3_p0,4,-1,linear+sat500,linear+sat500,1.94066,1.28803,0.71955,0.92968,3.29489,-4.40729,,,,,,
def3_p0_linear+sat2000,def3_p0,4,1998,linear+sat2000,linear+sat2000,1.94066,1.28803,0.67727,0.90696,2.74297,-3.12545,,,,,,
def3_p0_linear+sat2000,def3_p0,4,1999,linear+sat2000,linear+sat2000,1.94066,1.28803,0.68568,0.90244,2.65361,-3.19189,,,,,,
def3_p0_linear+sat2000,def3_p0,4,2000,linear+sat2000,linear+sat2000,1.94066,1.28803,0.68966,0.89779,2.58606,-3.18317,,,,,,
def3_p0_linear+sat2000,def3_p0,4,2001,linear+sat2000,linear+sat2000,1.94066,1.28803,0.68685,0.90122,2.62338,-3.18043,,,,,,
def3_p0_linear+sat2000,def3_p0,4,2002,linear+sat2000,linear+sat2000,1.94066,1.28803,0.68271,0.90797,2.65144,-3.18733,,,,,,
def3_p0_linear+sat2000,def3_p0,4,2003,linear+sat2000,linear+sat2000,1.94066,1.28803,0.68504,0.9049,2.55978,-3.30888,,,,,,
def3_p0_linear+sat2000,def3_p0,4,2004,linear+sat2000,linear+sat2000,1.94066,1.28803,0.67871,0.89332,2.7178,-3.20626,,,,,,
def3_p0_linear+sat2000,def3_p0,4,2005,linear+sat2000,linear+sat2000,1.94066,1.28803,0.68108,0.89555,2.65475,-3.18471,,,,,,
def3_p0_linear+sat2000,def3_p0,4,2006,linear+sat2000,linear+sat2000,1.94066,1.28803,0.68258,0.89287,2.68563,-3.24388,,,,,,
def3_p0_linear+sat2000,def3_p0,4,2007,linear+sat2000,linear+sat2000,1.94066,1.28803,0.68599,0.89972,2.66724,-3.15688,,,,,,
def3_p0_linear+sat2000,def3_p0,4,2008,linear+sat2000,linear+sat2000,1.94066,1.28803,0.67833,0.89277,2.64803,-3.20081,,,,,,
def3_p0_linear+sat2000,def3_p0,4,2009,linear+sat2000,linear+sat2000,1.94066,1.28803,0.68648,0.89796,2.63859,-3.19543,,,,,,
def3_p0_linear+sat2000,def3_p0,4,2010,linear+sat2000,linear+sat2000,1.94066,1.28803,0.67995,0.90621,2.75029,-3.17051,,,,,,
def3_p0_linear+sat2000,def3_p0,4,2011,linear+sat2000,linear+sat2000,1.94066,1.28803,0.68497,0.89758,2.68307,-3.16171,,,,,,
def3_p0_linear+sat2000,def3_p0,4,2012,linear+sat2000,linear+sat2000,1.94066,1.28803,0.68648,0.90105,2.60178,-3.18988,,,,,,
def3_p0_linear+sat2000,def3_p0,4,2013,linear+sat2000,linear+sat2000,1.94066,1.28803,0.67737,0.90207,2.74006,-3.17891,,,,,,
def3_p0_linear+sat2000,def3_p0,4,2014,linear+sat2000,linear+sat2000,1.94066,1.28803,0.68777,0.90882,2.64415,-3.11018,,,,,,
def3_p0_linear+sat2000,def3_p0,4,2015,linear+sat2000,linear+sat2000,1.94066,1.28803,0.68053,0.90539,2.62351,-3.1632,,,,,,
def3_p0_linear+sat2000,def3_p0,4,2016,linear+sat2000,linear+sat2000,1.94066,1.28803,0.68577,0.90161,2.66708,-3.13361,,,,,,
def3_p0_linear+sat2000,def3_p0,4,2017,linear+sat2000,linear+sat2000,1.94066,1.28803,0.67757,0.89989,2.70461,-3.25289,,,,,,
def3_p0_linear+sat2000,def3_p0,4,2018,linear+sat2000,linear+sat2000,1.94066,1.28803,0.68248,0.89704,2.77292,-3.32212,,,,,,
def3_p0_linear+sat2000,def3_p0,4,2019,linear+sat2000,linear+sat2000,1.94066,1.28803,0.69297,0.90186,2.68543,-3.19205,,,,,,
def3_p0_linear+sat2000,def3_p0,4,2020,linear+sat2000,linear+sat2000,1.94066,1.28803,0.68606,0.89766,2.75184,-3.19018,,,,,,
def3_p0_linear+sat2000,def3_p0,4,2021,linear+sat2000,linear+sat2000,1.94066,1.28803,0.67526,0.90918,2.67925,-3.15356,,,,,,
def3_p0_linear+sat2000,def3_p0,4,2022,linear+sat2000,linear+sat2000,1.94066,1.28803,0.68565,0.90137,2.77118,-2.99877,,,,,,
def3_p0_linear+sat2000,def3_p0,4,2023,linear+sat2000,linear+sat2000,1.94066,1.28803,0.68978,0.90614,2.68561,-3.1921,,,,,,
def3_p0_linear+sat2000,def3_p0,4,2024,linear+sat2000,linear+sat2000,1.94066,1.28803,0.68568,0.89813,2.55521,-3.18173,,,,,,
def3_p0_linear+sat2000,def3_p0,4,2025,linear+sat2000,linear+sat2000,1.94066,1.28803,0.68367,0.90891,2.63278,-3.22366,,,,,,
def3_p0_linear+sat2000,def3_p0,4,-1,linear+sat2000,linear+sat2000,1.94066,1.28803,0.68365,0.9013,2.67051,-3.18495,,,,,,
def3_p0_poly2+sat,def3_p0,4,1998,poly2+sat,poly2+sat,1.94066,1.28803,0.64078,0.89785,0.04737,-0.0285,3.43673,,,-3.67693,,
def3_p0_poly2+sat,def3_p0,4,1999,poly2+sat,poly2+sat,1.94066,1.28803,0.64574,0.89609,0.04928,-0.02607,3.36504,,,-3.76514,,
def3_p0_poly2+sat,def3_p0,4,2000,poly2+sat,poly2+sat,1.94066,1.28803,0.64786,0.88687,0.04965,-0.03266,3.31673,,,-3.74996,,
def3_p0_poly2+sat,def3_p0,4,2001,poly2+sat,poly2+sat,1.94066,1.28803,0.6515,0.88987,0.04445,-0.03204,3.31046,,,-3.75889,,
def3_p0_poly2+sat,def3_p0,4,2002,poly2+sat,poly2+sat,1.94066,1.28803,0.64521,0.90031,0.04744,-0.02742,3.33404,,,-3.74982,,
def3_p0_poly2+sat,def3_p0,4,2003,poly2+sat,poly2+sat,1.94066,1.28803,0.64227,0.89332,0.05085,-0.03516,3.30154,,,-3.91377,,
def3_p0_poly2+sat,def3_p0,4,2004,poly2+sat,poly2+sat,1.94066,1.28803,0.63952,0.88677,0.04922,-0.02663,3.43423,,,-3.78121,,
def3_p0_poly2+sat,def3_p0,4,2005,poly2+sat,poly2+sat,1.94066,1.28803,0.6444,0.88493,0.04674,-0.03254,3.33959,,,-3.73957,,
def3_p0_poly2+sat,def3_p0,4,2006,poly2+sat,poly2+sat,1.94066,1.28803,0.64492,0.88655,0.04748,-0.02715,3.38881,,,-3.81681,,
def3_p0_poly2+sat,def3_p0,4,2007,poly2+sat,poly2+sat,1.94066,1.28803,0.64584,0.89303,0.04863,-0.02558,3.40413,,,-3.73966,,
def3_p0_poly2+sat,def3_p0,4,2008,poly2+sat,poly2+sat,1.94066,1.28803,0.63148,0.88211,0.05492,-0.03229,3.42514,,,-3.78338,,
def3_p0_poly2+sat,def3_p0,4,2009,poly2+sat,poly2+sat,1.94066,1.28803,0.64749,0.89166,0.04886,-0.02537,3.32948,,,-3.77806,,
def3_p0_poly2+sat,def3_p0,4,2010,poly2+sat,poly2+sat,1.94066,1.28803,0.64073,0.89503,0.0485,-0.03225,3.46986,,,-3.72793,,
def3_p0_poly2+sat,def3_p0,4,2011,poly2+sat,poly2+sat,1.94066,1.28803,0.6414,0.89101,0.05309,-0.02515,3.42909,,,-3.73842,,
def3_p0_poly2+sat,def3_p0,4,2012,poly2+sat,poly2+sat,1.94066,1.28803,0.64631,0.8914,0.04934,-0.03,3.30159,,,-3.75928,,
def3_p0_poly2+sat,def3_p0,4,2013,poly2+sat,poly2+sat,1.94066,1.28803,0.64034,0.89307,0.04746,-0.02906,3.44223,,,-3.75057,,
def3_p0_poly2+sat,def3_p0,4,2014,poly2+sat,poly2+sat,1.94066,1.28803,0.64732,0.8991,0.05089,-0.03037,3.35222,,,-3.6609,,
def3_p0_poly2+sat,def3_p0,4,2015,poly2+sat,poly2+sat,1.94066,1.28803,0.64072,0.89563,0.04929,-0.03026,3.34225,,,-3.73489,,
def3_p0_poly2+sat,def3_p0,4,2016,poly2+sat,poly2+sat,1.94066,1.28803,0.65269,0.8946,0.0446,-0.02536,3.33041,,,-3.70015,,
def3_p0_poly2+sat,def3_p0,4,2017,poly2+sat,poly2+sat,1.94066,1.28803,0.64106,0.89142,0.04881,-0.02891,3.40925,,,-3.83099,,
def3_p0_poly2+sat,def3_p0,4,2018,poly2+sat,poly2+sat,1.94066,1.28803,0.64572,0.88695,0.04704,-0.03052,3.52372,,,-3.94633,,
def3_p0_poly2+sat,def3_p0,4,2019,poly2+sat,poly2+sat,1.94066,1.28803,0.65711,0.88922,0.04771,-0.03402,3.36708,,,-3.74866,,
def3_p0_poly2+sat,def3_p0,4,2020,poly2+sat,poly2+sat,1.94066,1.28803,0.65005,0.88684,0.04701,-0.03134,3.42744,,,-3.76048,,
def3_p0_poly2+sat,def3_p0,4,2021,poly2+sat,poly2+sat,1.94066,1.28803,0.64022,0.89767,0.04569,-0.03319,3.35198,,,-3.69577,,
def3_p0_poly2+sat,def3_p0,4,2022,poly2+sat,poly2+sat,1.94066,1.28803,0.6419,0.88702,0.05269,-0.03603,3.55831,,,-3.52438,,
def3_p0_poly2+sat,def3_p0,4,2023,poly2+sat,poly2+sat,1.94066,1.28803,0.65117,0.8967,0.04854,-0.02956,3.38289,,,-3.75242,,
def3_p0_poly2+sat,def3_p0,4,2024,poly2+sat,poly2+sat,1.94066,1.28803,0.64155,0.88744,0.05447,-0.03225,3.27686,,,-3.73993,,
def3_p0_poly2+sat,def3_p0,4,2025,poly2+sat,poly2+sat,1.94066,1.28803,0.64327,0.89875,0.05007,-0.03056,3.35228,,,-3.79144,,
def3_p0_poly2+sat,def3_p0,4,-1,poly2+sat,poly2+sat,1.94066,1.28803,0.64459,0.89182,0.04893,-0.03001,3.38193,,,-3.75401,,
def3_p0_hinge+sat,def3_p0,4,1998,hinge+sat,hinge+sat,1.94066,1.28803,0.82896,0.76989,0.45758,1.01926,3.44811,,,-3.65128,,
def3_p0_hinge+sat,def3_p0,4,1999,hinge+sat,hinge+sat,1.94066,1.28803,0.84499,0.78512,0.4485,1.0031,3.38653,,,-3.7441,,
def3_p0_hinge+sat,def3_p0,4,2000,hinge+sat,hinge+sat,1.94066,1.28803,0.84975,0.76071,0.4473,1.01227,3.34306,,,-3.72871,,
def3_p0_hinge+sat,def3_p0,4,2001,hinge+sat,hinge+sat,1.94066,1.28803,0.82993,0.75865,0.47595,1.01783,3.32866,,,-3.73418,,
def3_p0_hinge+sat,def3_p0,4,2002,hinge+sat,hinge+sat,1.94066,1.28803,0.83719,0.78996,0.45562,1.00848,3.35384,,,-3.73082,,
def3_p0_hinge+sat,def3_p0,4,2003,hinge+sat,hinge+sat,1.94066,1.28803,0.84994,0.76604,0.43522,1.02177,3.33366,,,-3.89622,,
def3_p0_hinge+sat,def3_p0,4,2004,hinge+sat,hinge+sat,1.94066,1.28803,0.8381,0.77554,0.44306,0.99463,3.45523,,,-3.76028,,
def3_p0_hinge+sat,def3_p0,4,2005,hinge+sat,hinge+sat,1.94066,1.28803,0.8327,0.75047,0.45849,1.01565,3.36006,,,-3.71511,,
def3_p0_hinge+sat,def3_p0,4,2006,hinge+sat,hinge+sat,1.94066,1.28803,0.83696,0.76987,0.45466,0.99882,3.41256,,,-3.79456,,
def3_p0_hinge+sat,def3_p0,4,2007,hinge+sat,hinge+sat,1.94066,1.28803,0.83927,0.78923,0.45637,0.99463,3.41972,,,-3.72052,,
def3_p0_hinge+sat,def3_p0,4,2008,hinge+sat,hinge+sat,1.94066,1.28803,0.85366,0.74839,0.411,1.012,3.4534,,,-3.75942,,
def3_p0_hinge+sat,def3_p0,4,2009,hinge+sat,hinge+sat,1.94066,1.28803,0.84812,0.78262,0.44625,0.99661,3.36128,,,-3.75675,,
def3_p0_hinge+sat,def3_p0,4,2010,hinge+sat,hinge+sat,1.94066,1.28803,0.83793,0.76493,0.44381,1.02254,3.50015,,,-3.70546,,
def3_p0_hinge+sat,def3_p0,4,2011,hinge+sat,hinge+sat,1.94066,1.28803,0.85224,0.77675,0.43562,0.99921,3.4421,,,-3.7152,,
def3_p0_hinge+sat,def3_p0,4,2012,hinge+sat,hinge+sat,1.94066,1.28803,0.84617,0.76535,0.44808,1.01349,3.32571,,,-3.73525,,
def3_p0_hinge+sat,def3_p0,4,2013,hinge+sat,hinge+sat,1.94066,1.28803,0.83125,0.77586,0.45219,1.00799,3.46102,,,-3.72996,,
def3_p0_hinge+sat,def3_p0,4,2014,hinge+sat,hinge+sat,1.94066,1.28803,0.85071,0.77635,0.44724,1.01949,3.37167,,,-3.63903,,
def3_p0_hinge+sat,def3_p0,4,2015,hinge+sat,hinge+sat,1.94066,1.28803,0.83934,0.76876,0.44384,1.01869,3.36516,,,-3.71111,,
def3_p0_hinge+sat,def3_p0,4,2016,hinge+sat,hinge+sat,1.94066,1.28803,0.83543,0.78902,0.46869,0.99706,3.36261,,,-3.68025,,
def3_p0_hinge+sat,def3_p0,4,2017,hinge+sat,hinge+sat,1.94066,1.28803,0.83574,0.76815,0.44882,1.01016,3.42885,,,-3.80723,,
def3_p0_hinge+sat,def3_p0,4,2018,hinge+sat,hinge+sat,1.94066,1.28803,0.83531,0.76283,0.45765,1.00824,3.54363,,,-3.92321,,
def3_p0_hinge+sat,def3_p0,4,2019,hinge+sat,hinge+sat,1.94066,1.28803,0.8439,0.7514,0.47443,1.02394,3.37796,,,-3.72372,,
def3_p0_hinge+sat,def3_p0,4,2020,hinge+sat,hinge+sat,1.94066,1.28803,0.84074,0.76333,0.45995,1.0088,3.45594,,,-3.7395,,
def3_p0_hinge+sat,def3_p0,4,2021,hinge+sat,hinge+sat,1.94066,1.28803,0.82518,0.76225,0.45606,1.03002,3.37692,,,-3.67089,,
def3_p0_hinge+sat,def3_p0,4,2022,hinge+sat,hinge+sat,1.94066,1.28803,0.85271,0.7371,0.43416,1.0327,3.57791,,,-3.49548,,
def3_p0_hinge+sat,def3_p0,4,2023,hinge+sat,hinge+sat,1.94066,1.28803,0.84602,0.77469,0.45805,1.01556,3.40527,,,-3.72951,,
def3_p0_hinge+sat,def3_p0,4,2024,hinge+sat,hinge+sat,1.94066,1.28803,0.85643,0.75863,0.43146,1.01408,3.29147,,,-3.7169,,
def3_p0_hinge+sat,def3_p0,4,2025,hinge+sat,hinge+sat,1.94066,1.28803,0.84456,0.77384,0.44371,1.0207,3.37859,,,-3.76857,,
def3_p0_hinge+sat,def3_p0,4,-1,hinge+sat,hinge+sat,1.94066,1.28803,0.84157,0.76842,0.44973,1.01205,3.40407,,,-3.73143,,
