season,side,team,raw,adjusted,selective,adj_tov,adj_oreb,adj_chance,adj_fga_rate,adj_ft,adj_ftr,adj_fg3,adj_rim,adj_mid,adj_rim_share,adj_mid_share,adj_thr_share,first_actual,truth,w
1997,off,1610612737,105.90753496088287,106.04633299362294,106.28100806195367,105.93259444098625,105.88674354130217,105.73055783636,105.87780782715033,105.82621416954802,105.9608335239229,105.82666826704026,106.14638209616578,106.14698927211347,105.92205774719417,105.88645487720001,105.88385860228338,104.75666758317294,108.27642720568151,3661
1997,off,1610612738,100.53574966002628,100.94637853982788,101.26100375785988,100.6144698960425,100.73474496566928,100.37887062037578,100.32293484330941,100.5074395363133,100.6877070377323,101.26414094842112,102.53655275030172,98.12929020028173,100.60643368378206,100.56419897021668,100.54570743641547,100.2997002997003,105.32603285216526,4018
1997,off,1610612739,106.1089075785812,104.45604313713471,104.71801897849276,106.2348614567795,106.2015535730751,106.15363711068017,105.74927312500978,106.21759981944656,106.37119315809174,104.43624816797467,105.96534855393425,105.94619565945987,106.13713090101484,106.12755347847174,106.10404971349128,105.5156564205688,101.69293636894338,3426
1997,off,1610612741,112.62147359094664,109.95649461390366,110.338895272626,111.67519711196239,112.11081761284143,112.66411596413893,112.14036280343016,112.60604875825958,112.95998546955421,112.5761798215546,112.79570672433897,111.32895592514447,112.64529116211631,112.63515261829573,112.62215974949736,111.95304162219851,113.65333333333334,3750
1997,off,1610612742,101.34125298445383,102.97457513748436,103.11932561087835,101.69009457866056,101.43747111311886,101.22282901735022,101.33005364127641,101.6062010205598,101.3878212105358,101.91402023253984,101.02521229186513,102.0991756167843,101.33288451190545,101.33635802888817,101.34113749024931,101.05960264900662,98.39061647572287,3666
1997,off,1610612743,102.66516103789328,102.66516896657211,102.77611525321575,102.87707053605938,102.71008432594424,102.61126899054145,102.58080430525312,102.55789590654383,102.79965708967813,102.08801511466365,103.49824625240626,102.2371407707141,102.67485010382475,102.67784812170864,102.65366522225531,102.25856697819314,104.33316035288013,3854
1997,off,1610612744,106.40418770935987,106.07338746101422,105.7768860342869,106.65733024803355,106.43988085432531,106.5478973872291,106.49550353076673,106.10419203332371,106.31458297341446,106.16629053127288,105.99993132263181,106.52096642691569,106.448968578707,106.42529804624913,106.40364245486926,105.6,105.53079947575361,3815
1997,off,1610612745,107.28821005820984,107.34476818290234,107.1381646672558,107.94053064992018,107.32765596008527,107.42340984528448,107.39800296797254,107.26742614842703,107.15502258691181,107.3278839279394,106.85578864378417,106.99813922200903,107.2929558355007,107.2580036260195,107.2781353463959,107.36484721859493,108.35515976951284,3818
1997,off,1610612746,100.74896184142017,102.26280954311555,102.50360651340328,101.08910466283187,100.65765832183837,100.51087473036552,100.71123650951503,100.74883886937259,100.74143019308757,100.98375950437331,100.90444198656508,101.86874604015539,100.75604358902757,100.76909731518484,100.76238334869355,101.0540184453228,106.4039408866995,3857
1997,off,1610612747,105.22806461582647,105.76920261102124,105.55273663886862,105.14415210620243,105.21802158873804,105.1620724083098,105.58544413432381,105.82503489933268,104.97922605951447,104.72233876883364,105.24015982405133,105.80017379488288,105.18822615133222,105.19004905232161,105.22816963191187,105.08739890425254,108.75912408759125,3836
1997,off,1610612748,102.83542029586994,103.97763631805779,104.00437047629843,103.30669283598368,102.91410895908761,102.68518996555531,102.97187517575261,103.05374269564061,102.77415048649807,102.96732744672252,102.73916262808274,103.25875240146846,102.86152851355828,102.81741354949949,102.81644627050063,102.6308652020613,108.31973898858075,3678
1997,off,1610612749,106.17544586725485,106.03892999854394,105.56763707662921,106.26892437064424,106.14768689442133,106.43818645943198,106.32748104913212,106.16229235465943,106.05562598038817,106.7269648792572,105.90710669259384,105.35207622952471,106.19084206143874,106.20084550797694,106.18004608022925,105.76716738197425,104.22270037654653,3718
1997,off,1610612750,102.9776812144925,103.64752316247042,103.37183449977586,103.09796749661065,102.94602611813737,102.95263314066781,103.19244069412095,102.88646953774165,102.83867060088689,103.2531185773084,103.0980540294262,103.11679990286612,103.01344988881728,103.00918275322984,102.99254174755536,102.76155071694104,105.67037625861155,3774
1997,off,1610612751,100.48594791373544,102.85174354298407,103.65053420478131,100.58742094210564,100.01059113568212,99.8707683103615,100.31091289268268,100.54527143465921,100.6083171087232,101.84588882916185,101.14260943874413,101.83946063421355,100.48006408530797,100.48802344286936,100.48897971460839,99.39024390243902,106.22384937238493,3824
1997,off,1610612752,102.3534205137979,103.04598228713178,102.99914907228955,103.4705770748623,102.35885996082759,102.35120055666847,102.39417193307088,102.26963047567988,102.32349352320128,102.10266129290375,102.40370126357566,102.19573656573009,102.35105574198458,102.35862923542612,102.35923473211103,101.57232704402516,104.42784742598026,3749
1997,off,1610612753,100.35267440184744,102.39642425714669,102.91971270890176,100.78302143805324,100.13821033342403,99.98420361023982,100.19349234220176,100.39488985205467,100.51126716072005,101.32166711234302,100.59021441617026,101.29201843785921,100.37273505044472,100.35448804405544,100.34782045928675,100.0,107.8536847767617,3718
1997,off,1610612754,103.26504338169526,103.78839963299903,103.21147352420338,103.58730580244118,103.37935362425296,103.29126925663643,103.77701789795762,103.36233881423891,102.90386667544536,102.58770481722578,103.288020350407,103.69643481718123,103.27039863785991,103.28473048092926,103.28328782568713,102.9317697228145,106.07853684776762,3718
1997,off,1610612755,100.37290937094018,103.43157929887349,103.44659879738303,101.04983743547174,99.96732640155277,100.11044682613007,100.66043737261286,100.45189381874654,100.18994269026415,102.0853153668145,100.99682563214512,100.93884102329483,100.34512447051581,100.35246554585261,100.3724377116212,99.80024968789014,105.50275137568785,3998
1997,off,1610612756,103.62846687869771,104.58065631364828,104.49022028760307,103.45957884307163,104.02395191348157,103.63671006052894,103.65346259758176,103.52763072030648,103.60434886710621,104.56508685910124,102.88604744105524,104.19351857001908,103.6578140349435,103.65418337570166,103.63034568753247,103.62707535121328,112.7029116207163,3881
1997,off,1610612757,106.75222538163987,107.34919235874267,106.9321372613663,107.29534655497235,106.28236923171988,106.82996039678187,107.11748932428742,106.84770666817397,106.50676200009457,107.14149568064462,106.55973548166703,106.81547518598761,106.74503247956979,106.73808592084565,106.7486170842037,106.23349181193872,107.34522560335782,3812
1997,off,1610612758,101.66007336176294,101.9071184610969,102.06010781641032,101.79669814604583,101.47213089909145,101.49580079465129,101.54096068046097,101.7364597249565,101.76180976579934,101.39643770086266,101.68521823116001,102.17186283814507,101.71110997950166,101.70949217816178,101.69858480786488,101.53561027270321,106.32214060860441,3812
1997,off,1610612759,100.2244155067909,102.97236231582961,103.21012917038681,100.55089216660292,100.35012068603272,100.00550881436264,100.2754658545087,100.4024656818858,100.22526431425659,101.84851570757101,100.48731920308967,100.68023938022979,100.17753843663466,100.20112234926535,100.22430969751393,100.13850415512465,104.33470507544581,3645
1997,off,1610612760,110.0088946628946,110.02820402193232,109.3579784485751,109.84211412699698,110.0149954805772,110.29865465314366,110.50435440710554,110.03917975344262,109.68452682667836,110.06019382835086,109.65210611556087,110.11795772443642,109.96035836802655,109.94630122653328,110.00380786171871,110.06041502495403,109.7016930932545,3721
1997,off,1610612761,100.427541978416,102.06893702318663,102.51304263289803,101.06743732546921,100.30522005253654,100.13559821868209,100.30417145776717,100.45121815799807,100.54571084901681,100.30513226708212,100.83403853446009,101.56213521035598,100.43605889107107,100.4118624098774,100.40838030354108,100.0264340470526,106.48834745762711,3776
1997,off,1610612762,107.59464587394415,107.07068735956521,106.52470385952512,107.6076057392293,108.0050519582573,107.91096756881758,107.79625684322986,107.50158263864046,107.39067485461004,107.84047731449297,106.98990395314975,106.76220329287759,107.58486830191542,107.61484651498455,107.59980762430966,107.65333333333334,117.62982689747004,3755
1997,off,1610612763,97.69950106061964,99.66632331369856,100.44110237785885,97.71373930329963,97.98584910480172,97.36890294743182,97.24924702733945,97.9594007704871,98.03377277332449,98.38892519963527,98.06599571305158,98.47737066791967,97.7142396533917,97.71270026221507,97.70328314571843,97.23043828986286,100.59863945578232,3675
1997,off,1610612764,103.39194296501398,103.71371963623615,103.98677261627962,103.34466637388451,103.66650012245863,103.44833417521653,103.05881039015156,103.66537469607175,103.60348075681415,103.97435240860648,103.29604721218392,102.78381787726718,103.37249110322925,103.40100803309892,103.39603520796163,102.9045643153527,108.10245687401986,3826
1997,off,1610612765,109.62754994004928,107.26785910638158,107.27968919406419,109.01264215828849,109.84791912077182,109.63040996045306,109.56884579664852,109.5127362261574,109.66787141205378,107.62947516330875,109.42693449807626,109.94180150927212,109.66823348107359,109.64232228397864,109.6044091401942,109.20490168139071,109.3776401013799,3551
1997,off,1610612766,107.14632139919168,104.53915694178778,104.5313131766371,106.64946747394673,107.52041131381587,107.23355387585677,107.02077039742389,106.97885316395904,107.20518229092174,105.34285222187086,109.30918109232802,104.40262150000952,107.24017547471354,107.16774316560222,107.14689578764397,106.95890410958904,113.34958028702951,3693
1997,def,1610612737,98.69316557128208,101.06501426985878,102.37000496297303,98.73922316059313,98.9149032691674,98.11116133502973,98.02824201566523,99.1077666314969,99.1983891886642,99.6098156645476,99.83186104988191,99.10360195516563,98.6992989871796,98.69346476402698,98.67695565907802,98.37510327733406,102.81960032849713,3653
1997,def,1610612738,107.23212507778472,105.16272780277396,104.82831839262094,107.79671923400493,107.16266501377487,107.57351921763102,107.35749270017651,107.78959030180425,107.13378412865563,107.4990019214368,108.09655714068028,102.75922022856776,107.28495312246028,107.29088341111144,107.23455297789772,106.475,114.80740370185093,3998
1997,def,1610612739,100.45518061178882,102.26784500852888,101.8698935270284,101.39673920024266,100.95938189484554,100.3647843735002,100.82359818234677,100.26347576344062,100.19077243761917,98.78615390414951,100.02972181202367,102.96815261366788,100.52629883454549,100.52754913968909,100.45272851900798,100.66035027275338,101.65745856353591,3439
1997,def,1610612741,98.65380528116555,101.53131714816871,102.35283124404256,98.7556751295078,99.04424932443885,98.27480850814185,98.22791478275364,98.91826702395565,98.99105993378505,100.69178141223125,99.5164742445996,98.33635701025337,98.66207778191753,98.66144695510484,98.65424540878567,98.34974713867447,103.13913274807129,3759
1997,def,1610612742,108.01905076940675,106.7911771579225,106.57116158535632,108.0991764501804,107.48659769204434,108.1260978950235,108.09170974817421,108.22944949865258,107.96562526102115,106.84296531540053,107.66653480883038,108.3918769605653,108.05692260285076,108.04321741113726,107.9990806239463,107.34672304439746,106.0300136425648,3665
1997,def,1610612743,107.11187793594408,105.23252685068378,105.22612777866246,106.49601521857633,107.34805851613841,107.13725706503918,106.97551155308534,107.18191406702508,107.22302409563846,105.6536273273653,107.52473547554476,106.46559910150599,107.11461411949753,107.15817528019521,107.22071679309009,106.81227249089963,113.47554630593132,3844
1997,def,1610612744,109.66716210698242,108.81987786375451,108.6158731492355,109.86379906959544,108.79283964503873,109.83091676596756,109.68364304097693,109.61582357342094,109.6441607841612,109.76583029855168,108.57228378395611,110.36329973352217,109.70408382766223,109.67856828301299,109.65935408259023,109.21290322580646,112.16889588250721,3813
1997,def,1610612745,101.29880016281507,102.54260308312415,103.27737404736052,101.00494808410718,101.93442397017922,101.03620179187642,100.79672215232213,101.7784758685462,101.6745931775503,101.56793085336757,101.82409459950975,101.27059324799495,101.33374823279405,101.32658906522416,101.28140843025929,101.69757116740664,104.50851900393185,3815
1997,def,1610612746,105.47561237800505,106.48353721041292,105.9589810095006,105.90119945342231,105.39138156104737,105.56932276881945,105.91466737440703,105.50608380210258,105.10507128764816,106.18465622381542,105.35501815435501,105.36961698025098,105.44413712495714,105.47074144532856,105.48742118024077,104.90894695170229,107.93362717137671,3857
1997,def,1610612747,102.12344171077375,104.19103261888355,104.47149200700854,102.24819095905094,101.9237891168529,101.78990987232069,102.14065184859834,102.76174012129654,102.11466066919311,102.9092016951806,102.59004526274283,102.66683103864874,102.14069372738413,102.14261642960903,102.12592903611053,101.56739811912226,103.20395936441781,3839
1997,def,1610612748,98.28661843909158,101.40925699197619,101.57840421742719,98.55874640909752,98.77000424133527,97.92376494673472,98.36919973452822,98.09486913867848,98.20208020259457,98.82384954103848,98.99436011850135,99.83271030708961,98.31179580804874,98.3434384955934,98.33890737172861,97.99022270505161,101.33624215980366,3667
1997,def,1610612749,105.33135731563146,106.80585661541791,106.5894791932143,104.91945930065178,105.6845565339518,105.35454438962718,105.39461710647299,106.1207464366068,105.32137025157273,106.1553915841153,104.59066302249458,105.78797958576386,105.33348906051252,105.40387690328133,105.35184874069567,105.1371705217859,109.21795216339693,3721
1997,def,1610612750,105.98787957616224,105.38097937916909,105.07261209847162,106.2377250567315,105.419216134808,106.03367198142858,106.23331821373594,105.9276743765754,105.80019338395238,105.67889470938415,106.50502493683521,105.43018023758196,105.97818830773294,105.99260204071558,106.01942441228378,105.49217299018308,106.20196130400213,3773
1997,def,1610612751,107.57976287422042,106.54056123419264,106.19818087167984,107.75087060993023,107.36953995227694,107.73263385898574,107.80832515956565,107.5205570280136,107.41801377739195,106.73289949175606,107.57034148412114,107.31393088701996,107.54745921567806,107.56099306646495,107.61105970644414,106.49020106897429,109.2626607189714,3811
1997,def,1610612752,97.47296363220975,101.66848128794436,101.45787096282054,98.06466241158874,98.41355725154921,97.2161988622292,97.92995029035158,97.77385999889331,97.09476612552284,97.7829733112768,98.0066857849584,99.12054097784245,97.5012897599789,97.48775307019838,97.4479615643575,97.74337444240356,101.86666666666666,3750
1997,def,1610612753,103.81319686967274,105.36391535908454,105.47980206331505,103.87573032419019,103.7064826796124,103.805662369552,103.66273485787657,104.20969673114493,103.9424854760564,104.84348302046915,103.45970514319818,104.31938240280955,103.792411068698,103.8390237610355,103.82741835331272,102.9126213592233,106.12685560053981,3705
1997,def,1610612754,101.73971915821089,104.89793936609017,105.16756188842953,101.71522195969796,101.82328159152063,101.39016976066776,101.80727558434201,101.95944321705714,101.65592219396963,103.17994537818045,101.97546360971299,103.29555761156999,101.77271375433885,101.753342746999,101.72878454872497,101.28102481985589,105.66290928609769,3726
1997,def,1610612755,107.98599422542956,106.99279406108566,107.08615879459235,107.80516008120894,107.94423898085401,108.07380219507115,107.91194241719116,108.33174618256201,108.07831819399988,107.98092570507245,108.14548521883785,106.71307293946538,107.95387512777266,107.93599830481827,107.98104886895231,107.01272772647866,111.5192403798101,4002
1997,def,1610612756,105.35935303866242,105.55388024375227,105.3783160120077,105.41155291004283,105.6489624424672,105.47637297565306,105.32649059014287,105.31820656624306,105.4135401366396,105.87183034131817,104.72859033560886,105.14276914540432,105.42630378177091,105.39617112146796,105.35409126033014,105.07912200102093,110.07751937984496,3870
1997,def,1610612757,101.8572038725572,104.22858954412062,104.06846275334694,101.60233936688692,102.38966130973218,101.62639077223761,102.18999784140367,101.84454871536956,101.61753743057582,102.00045335233426,102.36351310756599,103.3895947877972,101.86403069990445,101.88665072259622,101.889451717341,101.74556995503835,102.85639412997904,3816
1997,def,1610612758,106.06139302567874,107.06655217719727,106.65360324887651,106.03126990537434,105.94243789004025,106.01520412265434,106.30058655210378,106.63466594586994,105.85162752529538,106.63529006266708,105.19269710174905,106.74060456559191,106.16805002431875,106.16434676472242,106.08340296586972,105.60846560846561,108.94819466248038,3822
1997,def,1610612759,107.60993499854617,106.92358373772207,106.9976113318852,107.7588904549232,106.83756766230175,107.59789016661344,107.60765112032836,107.88333555780248,107.61506307330811,107.47919997818148,107.68875380399372,107.3954801048897,107.58874865229592,107.57813685670027,107.60389522545873,107.05589374654123,114.93150684931507,3650
1997,def,1610612760,100.86654475069038,101.4963100484717,101.68144661335748,101.861256923592,100.8559799437558,100.76211012057824,100.83537315290708,100.80150554570614,100.89056041213082,99.97478969695135,101.43302424920364,101.0654187416837,100.87784368824781,100.8502335874207,100.80103230959209,100.76255587693926,102.03698740284106,3731
1997,def,1610612761,106.1003962690005,107.7369017562976,107.51417865727942,106.40607799026967,105.57597831754505,106.08601955911799,106.44633791421747,106.57997557817976,105.86550002046327,106.82836442353968,105.78240449741374,107.08836921123974,106.04534399890063,106.03394962160758,106.0962293003967,106.12569610182976,107.36423841059603,3775
1997,def,1610612762,100.92688684684458,103.53668779654221,103.13824912197178,101.23019574629684,101.53116773624635,100.79581823479622,101.43084067762467,100.66110493710589,100.57433716751194,102.09298551047668,101.35830786096368,101.23394541350648,100.96958857990269,100.93992543343698,100.90160443420643,100.77292110874201,105.16232038318255,3758
1997,def,1610612763,109.9490300002441,108.59200789569891,108.62127317289529,110.30967490303235,108.88553137651127,110.2255394852891,109.80519509496143,110.1149399997019,110.03982815793137,109.3777717151528,109.290915384766,110.29546764852229,109.87852100247888,109.86241976391838,109.94690187388751,109.65572888649811,110.91453456722918,3674
1997,def,1610612764,102.7904278929071,102.26817400690335,102.60766526453996,103.21962290523975,102.86307355176348,102.76701012590077,102.46143057404177,102.28361454131038,103.06043209671779,102.05700761422992,103.16989492173242,102.70736651683467,102.78671499860825,102.79508446411154,102.80737260789623,102.38218539616778,105.2659156405554,3817
1997,def,1610612765,100.67967773138696,101.02322147271359,101.78442468489229,100.9603833320589,101.0264131857082,100.36476693629794,100.15602394893264,101.07211970714782,101.08963783448827,99.73008775459633,101.26232553676586,100.70726544344937,100.73411424912396,100.73452146127126,100.62557370142551,100.05691519635742,105.76004495644844,3559
1997,def,1610612766,106.36019457574227,103.21822971153412,103.09257832092504,105.87548675258152,105.88127605935787,106.8277453686863,106.02694318204387,106.77270314190987,106.62104440866769,106.27645201347603,108.41721636459461,101.3801266199939,106.45411744553634,106.41533979353427,106.37026351939791,105.92552324001088,108.3042192958882,3721
1998,off,1610612737,104.5658577602624,105.43842004471142,105.09499816228669,104.67779117595121,104.3120841187788,104.65672524535968,104.81816552278907,104.32719350285575,104.3930848096026,105.68016976749887,104.7298893986557,104.36934258242745,104.55499262404,104.57059787589861,104.56459352720705,103.96954866775421,109.08108108108108,3700
1998,off,1610612738,99.25354969180228,101.09087507450165,101.77864253491592,99.5549391423598,99.12504225748481,98.91207743112241,98.96584423750181,99.3261509282155,99.48964850720705,100.11680644187321,99.79103454798228,99.89168866366117,99.23988628227772,99.23027585664424,99.24807520122388,98.81778463120021,103.59937402190923,3834
1998,off,1610612739,101.32049994161204,102.23879684833058,101.89175091902877,102.37445325335729,101.28765729826608,101.4769475958205,101.51855188593547,101.16429273048136,101.1488323699387,101.16395549285255,101.18541615539601,101.49374242969299,101.29371368421091,101.32887981510642,101.33020516119225,100.42194092827005,101.34156157767642,3727
1998,off,1610612741,104.28144407118174,104.78560219639677,105.0001699429882,104.26148997241619,103.59994788136457,104.14478842735546,104.16240343441248,104.35578728435387,104.35249090196936,105.33504741741375,104.32910670677958,104.4641897275836,104.29009252050228,104.30192580592217,104.28061571758401,103.99029387975196,108.54978354978356,3696
1998,off,1610612742,98.36667203565551,98.26588608787279,99.2292864612118,98.01710172511278,98.86106272299415,98.04897060230545,97.67633699965579,98.36594842114283,98.89225535777835,97.4943217495621,99.50158794806686,98.29777637353537,98.4141740059494,98.37751070039532,98.3459892168395,97.87007454739084,100.31529164477142,3806
1998,off,1610612743,97.75723265064964,100.02003643907535,99.90487828563009,98.13940956055642,97.67977313735041,97.49012103538506,98.03925983761268,97.64268644732987,97.50864112248347,98.72308014021881,97.97623754237048,98.77179940757637,97.8118057616709,97.78878796629917,97.76264071633946,97.2378653794583,98.3301912200377,3713
1998,off,1610612744,92.35886494134725,95.20581989119819,96.15495645863777,92.61103085238506,92.31268255936924,91.78489749493254,91.86257910865069,92.6737288742075,92.77452936248514,94.10254130244378,92.46031207638215,93.35704837448992,92.46009674139741,92.40360683395686,92.35104939854213,91.65808444902163,96.48798521256931,3787
1998,off,1610612745,107.80914099449062,107.60530519301787,107.50950692165358,107.90700172560263,107.78937041377286,107.89785499212488,107.88133734178949,107.60433786432127,107.7515026322712,107.99162434828641,107.40826083490265,107.91200834403189,107.81393589228728,107.75078644149676,107.80014286292293,108.09748427672956,105.16644474034621,3755
1998,off,1610612746,101.72296678923732,102.08037014029512,102.49349412626513,101.9892101970024,101.96942085317434,101.57025162791858,101.54295736556715,101.86127077217864,101.8414504522831,100.85364046379246,101.82122503029741,102.49225624331575,101.70536976332666,101.67713313184312,101.6995414505883,101.40736949846469,103.14565159925985,3783
1998,off,1610612747,110.1120424521684,110.16309058070733,109.40409261525457,109.62294067849167,110.44995905758016,110.40111356335667,110.78821440637603,110.42254861375298,109.66063934515367,110.2027659617771,109.60774401935036,110.11657456434463,110.00924996191534,110.00342387291403,110.11370840586396,109.70528455284553,112.03341164186897,3831
1998,off,1610612748,106.61293920641542,105.9242918663787,105.83912419483195,106.81379618706244,106.52494751760916,106.69254304451206,106.63714182576527,106.65453411609951,106.6171966116494,106.16685171434146,106.26904106524076,106.47148538802657,106.64636047425209,106.57731712056851,106.59411629750696,106.01851851851852,106.6557107641742,3651
1998,off,1610612749,102.44795620857069,101.98221542124136,101.60273587847661,103.08953362281754,102.38095830832981,102.6908529856568,102.44857525175077,102.22819667106273,102.47199418654705,102.1196244348418,102.27143454418767,101.73731494866581,102.52231131236123,102.49189741195548,102.47064537772626,101.88333769291133,101.9581899973538,3779
1998,off,1610612750,105.88748919515417,105.7548706881503,105.20076833022385,105.46108601600736,106.1137760822893,106.11799296079987,106.16575049109939,105.7988846162551,105.67655111895391,106.67721541241175,106.01646492421857,104.78089410363316,105.90217821029356,105.90652485529853,105.8825806246946,105.66997203152809,107.57220921155347,3843
1998,off,1610612751,105.11198007335953,105.66161024949072,105.58497127301628,104.90051878529519,104.44464043375024,104.86938357501512,105.43826299372415,105.18494532901381,104.86558744720949,105.49917495125425,105.55710978696553,105.81566547254926,105.08561673322808,105.11425746051391,105.11835331807376,104.03935784567581,108.9477827341905,3811
1998,off,1610612752,102.37302936216315,102.7209166534402,102.83121890333673,102.67586187178682,102.43901840235277,102.37532998996355,102.24684237362712,102.24852595590211,102.51979649061077,102.56914588859269,102.52518018761762,102.09228109187757,102.39122065953872,102.37219590076499,102.37000556369951,102.02101859337105,101.56593406593407,3640
1998,off,1610612753,101.13939001310341,102.29855536002125,102.48272308881191,101.26508480147812,100.8338567408342,100.95250394070962,101.11879517307754,101.08843946759032,101.15781999155153,101.7190200266692,101.44096349108507,101.81702270132315,101.14182710714951,101.1524824917516,101.14460174998332,101.09769484083425,101.95970190449903,3623
1998,off,1610612754,105.93887610910285,104.32728101978648,103.35916965425116,106.0165355594614,106.41389411124861,106.28812788725814,106.4291236941644,105.82343525405958,105.60330659815271,104.71397196268462,105.17996326330132,105.25556518329839,106.03135824189702,105.97958088588383,105.95150267033976,105.67567567567568,107.77596519847744,3678
1998,off,1610612755,101.05017213357374,103.2778871455591,102.92786931162779,101.64259411004647,100.97468370206933,100.95316554693484,101.54794038991858,101.11986655640216,100.68036670693651,102.22071845476289,101.26804768411117,101.31725951097067,100.98771594008977,101.0434370756376,101.04695190180381,100.07851347814709,101.65377433982395,3749
1998,off,1610612756,105.24350867644233,105.27260744391258,105.50399091420557,105.07530898062929,105.34615963634086,105.2970278244743,104.96437974029708,105.34814754654778,105.41254828547736,106.08139726099576,104.74482346275764,104.9560730326549,105.24859370183388,105.23480291288854,105.2447095821228,104.92268041237114,108.47682119205298,3775
1998,off,1610612757,102.32417463022931,103.53284358429862,103.33889563019629,102.97088366923504,102.06536905965937,102.28517280102677,102.57887944752584,102.37376864632856,102.1254427417595,102.78030344497868,102.43623510159713,102.53166399625329,102.30622478000814,102.31701688831193,102.3240587605443,101.91744340878829,103.74402549123738,3766
1998,off,1610612758,100.1795895059327,100.54365806898815,100.8255217829213,100.17278253826184,100.1266840513592,99.95108859019581,100.05553854691391,100.53912214905516,100.25460323343249,100.1141292367554,100.59774001904157,100.09694952063535,100.20529042469613,100.20721881895912,100.1973253486363,100.0,99.4251371831722,3827
1998,off,1610612759,101.53780042223676,102.81885068133269,102.48696302854158,102.25882985260819,101.8041981752961,101.66331530972231,101.84759914082949,101.91476639556741,101.34806659260167,101.66896722729419,101.36472074663425,101.35635915489377,101.45701953475049,101.50876617740222,101.53876457200107,100.29092832583973,104.6896551724138,3625
1998,off,1610612760,111.24649394564271,108.94527615995094,108.53055471643552,110.84843750018062,111.4230056220027,111.53129279281703,111.47432086633223,111.22892422700684,111.1136861614051,109.63032072701259,110.86183307560279,110.89884486604436,111.22173248302354,111.19377834811782,111.22357392099762,110.77213822894169,110.26265908475494,3693
1998,off,1610612761,100.46248410605656,101.27967767136856,101.92832262864098,100.8362486196581,100.32589098617845,100.21997867984662,100.09107824519624,100.6347460406022,100.70922113326874,100.54941398625543,100.76183521547217,100.8810808486571,100.42678860670212,100.46149083050523,100.46976252848258,100.0,99.8240764011058,3979
1998,off,1610612762,108.18301397573127,107.89253687273765,106.71118702520263,108.35544660256492,107.96434671534948,108.71276582385667,108.91690765847939,108.09587991789753,107.65797239409498,108.1558204606947,108.50709866507404,107.07062159609629,108.12083175759504,108.17967116098194,108.19064473953884,108.12332439678285,113.94217778978654,3701
1998,off,1610612763,100.09971283373659,100.38738267871837,100.3419449624979,100.70915362680812,100.45068107793415,100.1353868022082,100.07980135566062,100.21294484369949,100.0927319727318,99.39317641570497,100.03228032204346,100.05401835448538,100.10420738565246,100.11588978174466,100.1125374405247,99.55878536205554,105.28908478091782,3857
1998,off,1610612764,105.21715709325294,104.18960326990124,104.26580560338199,104.66102279791473,105.1746956206232,105.18536550562276,105.11589656196514,105.45321773009279,105.27992132334167,104.7251791203342,104.99531786778653,105.27638530235443,105.23703963196928,105.24295081658256,105.23216021151336,104.4328552803129,103.17542946382093,3842
1998,off,1610612765,101.68143517906512,103.18986494217822,103.06375155591083,101.50205609543154,101.67714058507843,101.51692943444174,101.9209593511644,101.63626555515027,101.49198842596329,103.1124042108955,101.81698209837204,101.91797437419737,101.6983900587418,101.70320937261477,101.67616193772062,101.15715823466093,106.49633052459907,3679
1998,off,1610612766,104.49289009934957,103.83727281917523,103.6728049731646,104.5348541650258,104.75321588540062,104.68075813586397,104.49950745018494,104.42528479056946,104.47276069898807,103.52459021539018,104.50687980171764,104.41562859306293,104.45790408331274,104.49110699097187,104.50519450282692,103.99678111587983,109.11057042443903,3699
1998,def,1610612737,102.42276735191835,103.17061727417065,103.8042060703147,101.70378988548914,102.59497297761531,102.15613837657236,101.94155295158838,102.58240063050371,102.8008515040846,104.0041822526374,102.8659182027572,101.7968225426531,102.4786213351071,102.46429612589519,102.420526546075,101.38474070051588,103.78583017847485,3698
1998,def,1610612738,102.55562020326805,105.95251103917937,104.80401831797037,104.39672190382649,102.19375230005895,103.03033380913207,103.62587233811517,102.60938088265326,101.76780514258671,103.69448792272631,101.87349571985638,103.59922763536372,102.2728591863279,102.36564431746378,102.5444090060131,102.2113653895603,106.00365439832942,3831
1998,def,1610612739,95.84397443314097,98.9718069582808,98.93185121022505,96.90281722687715,96.25245476392428,95.72449725928008,96.00322452400809,95.75564170046817,95.74535876575206,95.85240051154507,95.95371307624195,97.5039336971518,95.85110539964616,95.84268407364466,95.83873270023945,95.67282321899737,100.13404825737265,3730
1998,def,1610612741,98.10965783875365,101.0418394682708,101.56754075638783,98.15367650251447,98.25190590493236,97.70477982780324,97.93966274444257,98.26455249454061,98.24641129131447,99.26008376505888,98.5244005080717,99.51709135586299,98.13321713502151,98.14118078168593,98.1189352280425,98.16166531494999,99.16034669555796,3692
1998,def,1610612742,107.2771887530442,106.41670043694417,106.8945588884881,106.88820125240575,106.6744942638107,107.27070103405337,106.88432788356099,107.90842787010942,107.54301244159811,107.54097930212704,107.27971793242504,106.71690928443923,107.22442886156252,107.24608662967078,107.27801533182995,106.65064102564102,105.34351145038168,3799
1998,def,1610612743,110.36722709567945,107.86040430949838,107.2610136848138,110.44460316703973,109.70181662644463,110.67322950183967,110.73771979023867,110.18338786545773,110.08299204084413,109.17018379431225,109.72489725190636,110.14124618914866,110.33874477596207,110.3465594402237,110.36572016273067,110.33369214208827,111.20086160473883,3714
1998,def,1610612744,104.6918955675726,105.08715443131858,104.71581466731338,104.13506172575863,104.71706502981613,104.55654284852986,105.03332759516324,105.21060260185874,104.44576123976037,103.87790472117771,104.3813796752093,106.10793570209812,104.76436771052079,104.7688539030869,104.74126550865596,103.50786690740263,104.50569838324941,3773
1998,def,1610612745,107.52653230443238,104.95791529363342,105.02280960321994,107.42784903691735,107.84072342503198,107.79386688774638,107.16112358131825,107.84592301161155,107.7836635070431,106.70286985322282,107.1201949216671,105.46180736607963,107.54786615308367,107.53033611871899,107.52039779968749,107.23804546642279,107.06101785238477,3753
1998,def,1610612746,109.18962141175986,107.52321524034211,107.25917964471074,108.78002392968534,108.63697306173073,109.36839977330035,109.32293605612615,109.61860425060078,109.06831589086096,109.04160671353728,109.41415429796793,107.82893245356598,109.13077952981946,109.19001050265639,109.21605676215418,108.57435372408497,111.73509933774834,3775
1998,def,1610612747,102.69104141204812,103.31316955876079,103.13657733811623,102.95481722509697,102.33342542314072,102.67138576128986,102.84962435684535,102.89300035707927,102.62240118260955,103.06170812641385,102.79556096850756,102.62398978490297,102.71450882432006,102.70402225887321,102.6909517589432,102.13414634146342,103.40702210663198,3845
1998,def,1610612748,102.3833236409209,103.28278367496783,103.06003375700908,102.4895046001386,102.36260849345582,102.16533829555163,102.67690742489025,102.3101787498949,102.10782378812189,102.43984203691959,102.51922035886955,103.12945972672729,102.44800621697867,102.44261737934353,102.40860642390047,102.14965986394557,99.58836443468715,3644
1998,def,1610612749,102.70223110370863,104.74565622707549,104.01359368997154,103.3872148720164,102.6883331453576,102.89394589992295,103.29172487118423,102.76573526735491,102.2696125607725,103.99875674921319,102.27729938270569,102.83711392665737,102.62066551644155,102.69642128165657,102.68655838662991,102.32984293193718,105.96658711217184,3771
1998,def,1610612750,103.91955157138958,104.3962716927414,104.7652992725926,103.71741088693291,104.01362297026147,103.7494969223123,103.78756577844746,104.07039945985396,104.01206680318562,104.36544031517873,104.20426592004128,103.8998719525252,103.91262886688976,103.885585869903,103.90327920302008,103.66132723112128,107.97817047817048,3848
1998,def,1610612751,102.49147652766852,103.75759204082367,103.63595655722628,103.34033301520202,102.28921318693497,102.72121287439565,102.58137989268701,101.9475650630768,102.44547410132931,103.59605283679957,102.26677783113321,102.69675552212331,102.36299260553552,102.41366257335474,102.49055594886252,102.33523611831863,107.47639034627493,3812
1998,def,1610612752,97.09801773845368,100.10806338189285,99.77143180554344,97.29094546956247,98.24955744108631,96.90484140115603,97.44402011668852,96.41330452454706,96.79375521745595,97.89975011783724,97.26114235190568,98.42174176909852,97.24802734165783,97.15761112366982,97.08830414214613,96.90193965517241,101.62624035281146,3628
1998,def,1610612753,105.45390343705039,104.32590781592322,104.57377673254743,105.61181083321932,104.71722816651778,105.55881431454371,105.15012035785233,105.6449406803603,105.67466059477752,105.49969456249187,105.77606515729799,104.369960696089,105.39388622010327,105.44736936054045,105.47373983163374,104.8653106102254,100.66170388751034,3627
1998,def,1610612754,98.99054450603194,101.65550597245436,101.96937318536357,98.84065178582685,99.0939937051624,98.63912032743346,98.83406530645955,99.5704667006372,99.07479236913031,100.2559594619825,99.1767457820285,99.89909136096344,99.08101404556197,99.06919227096002,99.0015853896811,98.45945945945945,101.16562754133912,3689
1998,def,1610612755,103.6609316412795,104.61732371182637,104.51340778008831,103.84857059952817,103.48345218140757,103.6093922837573,103.81725093084938,104.17647897697077,103.57372284514021,104.09477245214588,103.32081448571886,103.98358822753984,103.6696087722588,103.65641831559867,103.65744312429713,102.40522875816994,104.16444207154298,3746
1998,def,1610612756,100.65945608726231,101.63311905763197,101.69534639314942,101.1835709447265,100.58654500354082,100.56593885150437,100.61991413342251,100.80914293983962,100.68400794564475,100.62017505861789,100.64507726387518,101.12114946049007,100.69470855516975,100.68932323261596,100.66802223599979,100.54109765524349,101.50713907985192,3782
1998,def,1610612757,99.09002242299138,102.0889995382312,102.14056025504897,98.71280216538312,99.69490439527478,98.8089624277027,99.31069226015231,99.82765551235505,98.9406671754248,99.82801629135172,100.0972598260588,99.5804377198867,99.09938833976796,99.0982770403019,99.09238206504138,98.6992301566233,103.61221779548472,3765
1998,def,1610612758,104.40019665683383,103.98092938217697,103.93167942428668,104.68634096162485,103.94353232905382,104.5055285640335,104.34423086025797,104.5287238407171,104.4322458639605,104.16952454887263,104.35133088424995,104.22171835456344,104.36968890080321,104.41275453944833,104.42493198124961,103.85216033315982,107.01251303441084,3836
1998,def,1610612759,97.2793072464653,99.7630398821651,100.39993944588494,96.61720725198985,97.97689392551938,96.73847795565332,97.07170248751176,97.56313859244902,97.46421094305015,97.86018824214071,98.63711523094862,97.9580361606073,97.35194846943784,97.33057588098706,97.29685591253275,96.55355249204666,99.83443708609272,3624
1998,def,1610612760,101.54695877136874,102.30271102524999,102.71787922788232,102.3075595774731,100.8474991449956,101.38003436477052,101.33348654005782,102.04554117574791,101.70087630471741,101.73776881646495,101.77249432558425,101.58834710882033,101.54784635536555,101.52499093571548,101.5317693166006,101.13055181695827,104.40302539168017,3702
1998,def,1610612761,108.7455779830568,108.00748535635138,107.88799127701358,109.22183782968425,107.47914756717135,109.2128177599231,108.77365268722895,109.96518946463198,108.73977930418701,107.54255766324356,108.21819705788498,109.20020781190635,108.55028133428708,108.57977588208635,108.75095679433134,108.15088367185439,110.7537688442211,3980
1998,def,1610612762,102.66618704640496,102.8464259242525,102.42861062814742,102.29663028667314,102.96445687675093,102.59232484813319,103.03246654890596,101.75982348586248,102.37148048322965,102.66650271514747,103.46390863319156,102.89298376463117,102.73042657175904,102.70894943880245,102.6736317016669,102.84334763948497,105.11225317825264,3697
1998,def,1610612763,107.72457378969287,105.10754585759373,104.92111814121755,107.41972953290174,107.94415301054826,107.94758017824928,107.59804096759824,107.70578188322109,107.83237357593502,106.59540219940392,107.32889765879234,106.44077948632041,107.77271586451603,107.75915126700751,107.73184583389715,107.05361790733993,113.2398753894081,3852
1998,def,1610612764,103.7487304896301,103.12638515263355,103.17335777776088,104.03607133917033,103.99585035104248,103.80839449703608,103.70320100806245,103.41668468934368,103.75066260475585,102.40465365532123,103.76169610231462,104.30516751316453,103.6950217346741,103.72842110616673,103.77537983459379,103.15104166666667,103.52941176470588,3825
1998,def,1610612765,98.66761745982903,100.35877718883728,100.3738371523254,98.98067603782108,99.12981841981058,98.42827761354009,98.75704555909759,98.69755908237249,98.64485509143995,99.31025792576196,99.11804541054775,98.48963688919999,98.7909784127286,98.70604612119716,98.64814501310583,97.93066380005375,106.04499864461914,3689
1998,def,1610612766,103.72670113621858,103.42031670445662,103.02154899424083,104.1530638166101,103.99962392235274,104.22397993859063,103.6190930445702,104.17796771363172,103.78448926388607,103.47328316346312,103.24875127944514,102.55149428100789,103.73748756669329,103.72324924843588,103.72227025443561,103.2171581769437,104.50402144772119,3730
1999,off,1610612737,98.98232559448745,100.87995838848816,100.62493402168438,99.17503685264496,98.3295225031718,98.51311284723856,99.6285572645407,99.06394811144422,98.49268222675148,99.9841772456724,99.5207624646414,99.96559146517679,99.01098380239338,99.00091122169283,98.98620066203713,97.69543605964753,99.03403863845446,2174
1999,off,1610612738,98.10476394237628,99.16494268460907,100.186904501898,98.15576180982718,97.88850972698634,97.74974845703994,97.53832655787647,98.57713468832439,98.53201608843595,98.1270970653423,98.87541133533882,98.65120063842728,98.03981827894233,98.07935540861722,98.1064774781622,97.28487886382624,100.43271311120726,2311
1999,off,1610612739,99.75330248378424,101.65137444397364,100.28254434346506,100.51597565948968,100.30282069127982,100.14911970861141,100.83913107538675,99.526759235139,98.84054521859844,99.74021518710079,100.02442734686657,99.84935265661208,99.6151269857567,99.72992056264162,99.76881784441309,99.19642857142857,97.67441860465117,2150
1999,off,1610612741,93.9237568515135,97.73708438376104,98.27694855977292,94.17554885438504,93.8541084101678,93.43488516036227,93.86813668811058,93.86670316686204,94.03531442379203,96.10037103573907,95.0750446278902,94.70483807975364,93.95282523014231,93.92644413197608,93.92387179449761,93.58288770053476,89.34169278996865,2233
1999,off,1610612742,98.2482968068396,98.92342227079085,99.56052363492654,97.59088273734854,98.22908827347173,97.85395370864157,97.90873025864023,98.32130712642682,98.56879723206802,98.88721433737773,99.13953032003927,98.32590102332824,98.30786792639682,98.2768034480737,98.25572046731102,97.9475982532751,103.45132743362832,2260
1999,off,1610612743,102.33073703124325,103.19530850159798,103.06618250866276,102.51730682831244,102.2300619551663,102.09765011998935,102.81647603830834,102.17530252033313,101.94560567963,102.44376538428503,102.88900207353225,102.84660456722811,102.30556703186944,102.25463566108922,102.30120680878645,102.10065645514223,101.35726795096322,2284
1999,off,1610612744,94.98433186684886,97.3216539151372,98.26218147143814,95.11194543146027,94.34470944263036,94.23058434560733,94.65377652162269,95.85579619526452,95.31497352311591,96.7394286878871,95.0674046810538,95.73756164127373,95.10164743068077,95.01965965034015,94.98442092726935,93.88458225667527,98.92904953145917,2241
1999,off,1610612745,102.48434804848813,102.54354384767612,102.2753121383006,103.58234055186577,102.4867526056521,102.76774930068908,102.61902643896296,102.4515517879418,102.4023260002082,101.86556450667189,101.48347640883604,102.92314040671782,102.41981799164613,102.40259460564961,102.46672542579508,102.40489724529952,105.94812164579606,2236
1999,off,1610612746,96.70446286404174,99.15631315762244,99.98946880018441,97.1147357832694,96.73020507562768,96.3184548412924,96.36836615850059,96.73692809637977,96.91956591652315,97.72780845880267,96.83436021867509,98.13937440360061,96.63977866391615,96.67836760562614,96.70386830475073,96.43633202955237,101.10277900308778,2267
1999,off,1610612747,105.6601346228951,105.78934859457297,104.93567521256462,105.56039269750292,105.24807927798487,105.97836133469369,106.36445284213059,106.12339521559507,105.03259997453829,106.65005286454351,105.2632860424371,105.03009150517158,105.53812803743905,105.62179305160991,105.65896255998713,105.93627237014404,106.72953279039862,2333
1999,off,1610612748,104.16874587594853,102.29863843793892,101.69898269488802,103.7778242298358,104.984664855631,104.39584131551258,104.5474101482065,104.07041651035881,103.86411129245597,102.09116385007572,103.67321109681795,104.26341893270184,104.22812208642738,104.12908143865603,104.11316851237235,103.14087759815243,102.92614955875523,2153
1999,off,1610612749,104.05490070894952,100.69873079074148,100.97549469879564,103.38305582060435,104.32214383123322,104.25547793906617,103.45935042185509,103.88662458789292,104.57979001084422,101.74582541348681,104.46113595097906,102.92246118131658,104.0962971406316,104.09049347115413,104.08734003070055,103.25892857142857,103.56979405034325,2185
1999,off,1610612750,100.5048396158954,100.79040198140054,101.37367021800729,99.16113706793482,99.77608330834154,100.1878483585398,100.06436830454112,100.29924489598669,100.9567853566876,102.53014471001664,101.7242154245447,100.01147116603826,100.57409508220957,100.545384610781,100.45748625827105,100.25641025641026,100.78843626806834,2283
1999,off,1610612751,91.79356210299964,96.00969218842053,96.93025144796748,92.07479905121788,91.83003795976083,91.21702915699215,91.5187699005446,91.63739796095523,92.0619737369352,93.37699197967041,92.87712354915983,93.81871989151625,91.75379464351624,91.79888134034795,91.79864550677048,91.27686472819217,104.07102641836293,2309
1999,off,1610612752,98.74656215326064,99.22406701326308,99.21223655448786,99.62293020652903,99.34250825075627,98.70148812968687,98.91500357281711,98.966045506544,98.5542702183679,97.00923247364499,99.35494900613259,98.85342990675134,98.68240888834359,98.71115989382521,98.74689277575752,97.97388563710041,97.01357466063348,2210
1999,off,1610612753,98.31808586998109,99.4960030620438,100.01755287753099,98.6563905999872,97.86354422669444,98.02645131222494,98.09058385345863,98.54883898937253,98.52700629553853,98.57597604281959,98.40361726934857,99.35185541001094,98.31242900117317,98.31977416281012,98.32004202531618,98.2448442299254,100.54005400540053,2222
1999,off,1610612754,106.28924915765697,103.44006625065354,102.78488015470265,105.75884929548675,106.47357176604135,106.60618253403698,106.44795404995136,105.7733448500913,106.21412974172637,105.57278302089502,105.94996216408953,104.76657881796311,106.46798683495791,106.31138441568172,106.26843730878889,106.12522686025409,107.4074074074074,2214
1999,off,1610612755,98.00459711505137,100.07841823753488,99.54455579878982,98.72826328497729,97.20948242423977,97.84428697747285,98.55670002857553,98.08216335247852,97.54854339520688,99.4302073206072,97.11584563917492,99.46632399630397,98.02439973303689,98.07666991273364,97.98135501060717,97.22101606600087,98.16272965879266,2286
1999,off,1610612756,104.76244316130098,102.12054993284086,102.02253064787335,103.59690643432228,105.3416040940251,104.96322126748595,104.57142071654513,104.48487471072163,104.92658544518247,103.4072623957613,104.88725938154802,103.94915183553657,104.81938004284774,104.78189674627568,104.76031470571439,104.35532557136698,104.28824049513705,2262
1999,off,1610612757,103.41480627041898,102.42939169488162,102.13179899432625,103.64466521019835,103.18128765864547,103.63550206928406,103.49266056284027,103.31141389769854,103.24252987486967,102.66244079738016,103.82639425378736,102.75154664463136,103.41371451662059,103.41871229827703,103.41878412117883,102.82534246575342,104.46428571428571,2240
1999,off,1610612758,100.93170204552983,101.95070164281161,102.43972825603595,101.40429602103444,100.80387853640522,100.91053604248174,100.6048424378497,101.49575930335746,101.08713225423891,101.78609824437622,99.85069092633891,101.59366022694626,100.85193892380128,100.86685601510477,100.93277148560797,100.72963113092825,102.60162601626017,2460
1999,off,1610612759,101.19174236620853,101.94966792397848,101.34084644972418,101.81041193944233,100.83363924782242,101.31698515938714,101.73994945878289,101.55179164714784,100.7874477130756,101.35704608826536,100.89668801688215,101.26357139828782,101.12454556487806,101.18606165007121,101.19750235871558,100.0871839581517,104.5004500450045,2222
1999,off,1610612760,100.9859133675337,101.47779217289774,101.99337934323297,101.20293051783857,100.3839152272687,100.55754376524922,100.90583513198625,101.58720986895064,101.03227798781585,101.1561930753998,100.3852028879111,102.16627706802248,101.0317027843214,100.9465984424656,100.96427261918409,101.10963160230803,106.29581716257007,2319
1999,off,1610612761,98.8733538671902,100.31542991762593,100.32044405085588,99.51410580659834,98.05341872843215,98.66768180917823,99.06491629410237,98.57611642332702,98.78432758926317,99.0830473512822,99.79333170403125,99.76338815687598,98.85753130442751,98.87965754927784,98.88289730865073,98.51851851851852,102.13523131672598,2248
1999,off,1610612762,103.96405611312912,104.17173605216868,102.4724243296274,104.70727938014227,103.89139885802214,104.64245647544429,105.14656157776187,103.73551318653253,103.0004571819048,103.56660636468852,103.7896295276923,103.57163690391782,103.80185721206115,103.96095273651751,104.00058097709527,104.12642669007901,104.98855835240275,2185
1999,off,1610612763,96.41637489900351,98.08467127018372,97.78261634069189,97.22029288877253,96.3555701034954,96.25167923873892,96.81501570563177,96.5347247840632,96.0510800107771,96.07574074256247,96.59713904140192,97.44405065811705,96.40827612801533,96.4574362326877,96.45901893708607,96.08510638297872,98.37324898328062,2213
1999,off,1610612764,100.12216546968253,99.98270834121998,100.08085082293421,99.65879227603608,100.5330593331905,100.15729238806614,99.78274836112162,100.05794427483505,100.37413856102383,101.37885790178188,99.52634194652705,99.28746642843228,100.27908728322801,100.16876533329373,100.11874176499659,99.78050921861282,100.30701754385964,2280
1999,off,1610612765,101.11302042077918,101.0181203802251,100.82105668057648,101.85918933663086,100.94911796698172,100.99482034893882,101.51904534410596,101.04183918790388,100.80964529118751,99.25760826769738,101.81209652908603,101.7748978015482,101.06696032009904,101.07768149620703,101.10177855572367,100.71716718960107,104.75092250922509,2168
1999,off,1610612766,97.57467109991805,98.77992840252105,98.39006720744105,97.9942069990728,98.50519739281745,97.59171195867839,97.87612935784858,97.57415323293814,97.30672925487025,97.5577203731084,96.96160926146032,97.94184260227397,97.64342412559776,97.5831017358439,97.56849850448818,97.0357454228422,105.4054054054054,2294
1999,def,1610612737,94.82131172233623,97.36921805815788,98.3559163202456,94.53805226125164,95.45925281132074,94.268695619813,94.21549704491733,94.70270869769277,95.43174337775606,96.13075807474694,95.66049486631377,95.35514647346183,94.946162302143,94.89543077383432,94.83261106797364,94.12562132851333,96.53098982423681,2162
1999,def,1610612738,102.76318052023844,104.69936385620557,103.94126230331467,103.39456980497621,102.24349342358532,102.99492032427877,103.66802092548679,102.06484518899937,101.93951451331625,103.34577918716568,101.97651268475623,105.53546178525035,102.40304814382567,102.61067646415687,102.78151495188662,102.39093959731544,99.82653946227234,2306
1999,def,1610612739,99.41594539093113,101.84323780707025,101.80155564222856,100.090712796566,99.22625747156246,99.48388292211229,99.6770183697306,99.47824001927818,99.24226617420013,100.29991470414761,98.98403493553958,100.96839574529068,99.26441129373886,99.26946448326093,99.40496239732838,98.9718372820742,101.71534538711173,2157
1999,def,1610612741,99.18750622879904,100.61470274085922,100.63216211706401,99.737066309416,98.77416700812408,99.0936281373909,99.38049036519618,99.26038083995391,99.00261591457081,98.83505660707196,99.79694813841817,100.35212158706084,99.0888049702476,99.14559630983183,99.21581311618013,98.79410451094239,105.27256478999107,2238
1999,def,1610612742,101.94600492607465,101.38370698870975,102.15599311355938,101.47751823040086,101.545256169062,101.77242195445211,101.51324823633983,102.08695376240364,102.31362054828855,102.2246389900832,103.36749485538198,100.82112350890847,101.86918991573162,101.88701009601213,101.94181476980962,101.6593886462882,105.65449688334817,2246
1999,def,1610612743,107.69028074774091,104.27862342686363,103.51968106382951,107.48632858656653,107.19389776606596,108.25286482591824,108.0193016182871,107.24033128026879,107.36850695102822,106.16574367457581,107.08886499479125,107.08772232248518,107.60018234509879,107.67463126896236,107.74117501596785,107.64525993883792,109.3804537521815,2292
1999,def,1610612744,98.45425582644323,100.43729136067059,99.62830035888292,98.39833082837724,98.81524131683528,98.15302283266936,99.20748063729236,98.0091898217747,97.80490896274033,98.21687231875622,97.97977336129475,101.11537158986765,98.62604631189662,98.60564076897732,98.54071465183824,97.75571860164005,100.80500894454383,2236
1999,def,1610612745,101.85935781849122,99.93515685535264,100.64146717190364,100.99134188725814,102.05844484412356,101.66253116276012,101.06262432335257,102.01921708285222,102.52575713280336,100.99443089452383,101.78652162124922,101.41350159918167,102.01789781704534,101.9553407454102,101.88057751878648,101.5748031496063,101.42793395805444,2241
1999,def,1610612746,110.68914356497464,106.54787579116183,105.09173720209007,110.47384700566597,110.06179966948697,111.65615342779411,111.49517427123428,110.14623125257602,110.02243128893687,109.79624519893926,109.70856780359415,108.96529458837234,110.53612509362829,110.63124393980387,110.71128850622642,110.05659555942533,106.83120317320406,2269
1999,def,1610612747,101.07140606289782,102.48591751402041,102.05683372354494,100.16960030084009,101.1250305369513,100.8871848771344,101.52085234842522,101.64606595835731,100.71362474683957,101.61878349219587,101.14050773028403,102.09676875415686,101.15115504424037,101.13568223727044,101.08990375669711,100.3048780487805,105.73630136986301,2336
1999,def,1610612748,97.30666462931148,98.2639271433622,98.88892899677438,97.09251207310845,96.8310912519322,96.65650212912159,97.1238532715264,96.66307475205554,97.52084125162274,97.35602301524935,99.24416188297248,98.04310832830939,97.40214472889993,97.37228213780075,97.31953307140546,96.90101757631822,98.36524988323214,2141
1999,def,1610612749,100.23889575304185,101.37531196831256,101.41124634761829,101.21656901730941,99.50749748805411,100.08917122728906,100.59555832352282,99.59994833562622,99.92253410728297,101.13429156762399,101.0895878289791,100.37018489037672,100.15954495927048,100.12568468197725,100.21164915851402,100.0,103.07198532783127,2181
1999,def,1610612750,98.4993769633792,101.48339219228632,100.81688765625454,99.17402200515033,98.30087083972188,98.48131672850688,99.25305339791858,99.93686647299818,97.91909655827688,99.20222402827591,99.00257993346112,98.3075272756957,98.44342489415054,98.47333055109802,98.50196472911192,98.24636441402909,101.8348623853211,2289
1999,def,1610612751,99.37636323597265,101.84004010144184,101.80987924555932,99.55167870911141,99.39434859080654,99.298086509779,99.79371467663586,99.59972489540291,99.07340609885048,99.78495633161349,100.18966325012993,100.47298748966539,99.16767034358503,99.24820748978414,99.39238673273218,98.3108108108108,105.1948051948052,2310
1999,def,1610612752,95.34987835318499,97.6155601273513,97.59941892482594,95.48371236584899,95.00626081417148,94.785781477347,95.64931698704831,95.36296411732657,95.1686813314796,94.87006618491519,97.28955867025815,96.52347335114914,95.46553391564896,95.44020009210388,95.38789693800099,95.13294276701217,97.77979157227006,2207
1999,def,1610612753,96.34013541373882,97.65450316931428,98.67989805881086,97.81943697997644,96.15526806966105,96.15248477219332,95.58203288140066,96.37942810741625,97.00625004950652,96.13321543640963,95.80295029057977,97.41145971087204,96.28211522684566,96.31908119656019,96.34938977933191,95.5584872471416,97.61583445793973,2223
1999,def,1610612754,102.81353436100484,101.94829660387094,101.40863646093432,101.96557759379559,102.91775370832309,102.95776213499333,102.92527957024635,102.19978393808609,102.7635140519028,104.63579285187463,102.74637924785986,101.0556674029198,102.98875027219148,102.88842799077747,102.80602003935743,102.48306997742664,102.30040595399188,2217
1999,def,1610612755,94.03866820114932,98.18145782623968,97.94106508803915,95.39870430420744,94.149977443356,93.76315926268168,94.2852456352063,94.58483250062027,93.87975696571247,94.73358828176156,92.39055362566548,97.00093555126713,94.33806450987682,94.11660246965141,94.01225570768786,93.20934256055364,97.2465034965035,2288
1999,def,1610612756,104.37556799158176,102.73010784604826,102.93613162557887,104.76466151489485,104.2764725898192,104.41270639838962,104.30925063975685,105.74847719400474,104.39370533497687,101.79876062292188,103.43404555565319,104.7772247294771,104.37150957539917,104.23524964038123,104.22930820117838,104.0464916056823,99.73392461197339,2255
1999,def,1610612757,94.10448997625227,98.2505938332752,99.19446525129814,94.34481737464694,94.21212682962204,93.60030471170214,93.7768831619804,94.26724584646844,94.36739024138173,96.54601308607096,96.00835373487104,94.05539221492837,94.05399021217292,94.08889858778714,94.10147799708656,93.96662387676508,99.15442812639074,2247
1999,def,1610612758,102.08675906350325,100.95908126066944,101.64407742393499,101.63985857460614,101.45042300324656,102.00217110714418,101.2973581741331,102.27973271191698,102.71455592286611,102.77812960081957,101.76926785988734,101.52933882692479,102.11853464344189,102.17057746222481,102.10576178262217,101.61616161616162,101.94568301580867,2467
1999,def,1610612759,94.63091664894499,97.89642397354316,98.5406763176938,94.33196014129523,94.48578901027918,94.03613549980244,94.31509984003742,95.38976098442419,94.92750205565942,95.91127563594891,96.01501101914569,95.27248530537503,94.70683412881516,94.72483817710403,94.67266006430978,94.17433201927288,93.23715058611361,2218
1999,def,1610612760,100.4479708613029,100.5472533402793,100.77501575080655,100.66636479531253,100.35120366521261,100.303846326878,100.21880866888526,101.1691173610264,100.64150725205143,100.50964052723943,99.90304425752547,100.21429680942231,100.56059899656435,100.49256102784594,100.44109035772098,100.44385264092321,109.27123760241483,2319
1999,def,1610612761,99.69988606785911,100.28567690371605,99.9576364720321,99.88412195172548,100.4273652177764,99.60519327562504,100.07437135416876,100.22089100825855,99.42018295260625,98.51712504650976,99.93162963727944,99.76713988454854,99.76526078570288,99.70970668755425,99.65487874060109,99.21636917718763,105.07569011576135,2246
1999,def,1610612762,94.67737202786611,99.46712459826492,99.73902190505333,94.94752280054048,94.57642172684406,94.07066027245281,95.00165452926527,95.36793340364608,94.38775000285676,96.1678785148275,95.95467950265726,96.40192268779083,94.69745005440497,94.68340316149869,94.67413939462493,94.98239436619718,99.68021927820922,2189
1999,def,1610612763,105.88447218824076,104.1198320920735,103.29791829439688,106.35344176180632,104.85596812851009,106.45448718144124,106.25594735256061,106.2722175844147,105.58892120808811,105.07118997864382,104.33795531640972,106.1240618333171,105.81184634643844,105.872740646778,105.90300747983912,105.26315789473684,108.59481582537516,2199
1999,def,1610612764,101.98934837092733,102.71830130536438,101.96257422200658,102.48180664305394,102.23766289967793,102.09941414804895,102.59385465685308,102.50697985844583,101.4709767822131,102.40003068952419,100.83359892270092,101.98388663325264,101.98308673272764,102.01868164333774,101.99624872714075,101.3157894736842,103.32458442694663,2286
1999,def,1610612765,97.99645242524932,98.99016567065074,98.94882788127181,98.46919847356713,98.68155179953695,97.9186699512216,98.17157668410363,98.32238962984319,97.86606185635232,96.97375683936677,99.29766738231523,97.31815754834324,97.98769713605972,97.9740850834575,97.96968258355106,97.62544802867383,100.37037037037037,2160
1999,def,1610612766,100.5869071426389,101.73237289696411,101.5696937580596,100.23841716181214,99.87179345277077,100.86462361192845,100.4877003031373,100.92815054644358,100.54316987926344,100.08928265009081,100.55919016080456,102.88117094017485,100.54836007817782,100.59529430633363,100.62258233604692,99.73992197659298,101.38169257340242,2316
2000,off,1610612737,104.73444068410328,104.1651956936792,103.90150227246546,104.7860734784437,104.21566515063223,104.72966614063066,104.92654113515353,104.8212640521511,104.61765692117007,104.7378439909686,104.8707794297075,104.25796952426131,104.77341265564006,104.75879210434496,104.74642518496285,103.80976732293531,96.5,3800
2000,off,1610612738,102.71358722522926,103.67322464331346,103.801647400915,102.58844431926926,102.69251656640063,102.64246999773013,102.72352771540484,102.77015242892966,102.72218778471652,103.57349432526277,103.02053559158091,102.71754816677614,102.67157741123935,102.69270245189468,102.71238069323448,102.18340611353712,104.65057817998995,3978
2000,off,1610612739,98.30511944549903,99.4914863006684,99.31338392394979,99.02015649916164,98.30943370786801,98.23540939402477,98.59219633185704,98.36804977923602,98.10024478093008,97.53674523330777,98.74243418895485,99.06553026485268,98.25441748484683,98.30143515653296,98.32695224693916,97.97930014785608,100.22698612862547,3965
2000,off,1610612741,93.55334075417157,97.34683011929161,97.64420321543417,94.85658073424649,93.15932042845931,93.123827489407,93.74537301602862,93.94109884211156,93.40611601115808,94.5495165396702,94.50589727987054,94.52373342804391,93.50680437970522,93.53885571730783,93.55514808210965,92.81373844121532,92.92083220751148,3701
2000,off,1610612742,104.04491118931918,102.33214543926869,102.8056411038972,103.3680186668611,104.44191528219174,104.0200511259828,103.54642832834526,103.7925566231377,104.4348023583718,102.90795941172328,104.04469960022493,104.0908042591255,104.07556086935325,104.05626973588336,104.0452928062277,103.61596009975062,106.54517453798768,3896
2000,off,1610612743,102.32065865906354,103.43997744909655,103.4677668485521,102.17146825791052,102.34575196367918,102.27797041622934,102.39396361593968,102.52245186448252,102.2481859318699,103.16460804331592,102.44484779126807,102.49673772590742,102.29113772004348,102.29729948100045,102.31783231475862,102.00609446419502,102.8420523138833,3976
2000,off,1610612744,99.39852445984747,100.25105836448414,100.95022065618177,99.3789067707993,98.8515017857608,98.93177840211708,99.11322067912552,99.76306125728208,99.61932915884245,99.77819484669797,99.71636802001537,100.24120961231357,99.42972910128877,99.41307145729586,99.4026274366076,98.64185110663983,97.8,4000
2000,off,1610612745,101.97279742575577,103.58996579202027,103.84236265732744,102.8376433866147,101.6865137457415,101.85815842698979,102.00222598993217,102.23574879653829,101.92377923856407,102.18819943446084,101.56398482598486,103.23913258162031,101.89664783272744,101.88390454271449,101.95824218455907,101.95530726256983,105.04458598726114,3925
2000,off,1610612746,95.70674251577705,97.69440561186653,97.95977110022217,95.83692465312267,96.27218323424589,95.55428450972902,95.57934261159383,95.86190764414684,95.83618652529587,96.52777826402809,95.83204118737638,96.02002136019084,95.74071522517644,95.70732824201035,95.7029219714913,95.36056480080686,97.46245468669083,3862
2000,off,1610612747,104.83482773121864,105.31621637527597,105.12751213564307,104.33628393368738,104.69965100393574,104.67523124258605,105.2120921825451,105.35766130250502,104.52445477408693,105.65314244209702,104.71531040899058,104.86280051407209,104.80169436596911,104.83275312143188,104.83582835165222,104.52674897119341,107.61121110825405,3889
2000,off,1610612748,104.39124417245834,102.55436398829909,102.56718977089042,104.4624546827649,104.73222979533024,104.54608129277565,104.13037569811827,104.51516984933795,104.56610092027096,103.14966630677735,103.41258615888971,104.08374647948723,104.47151085920518,104.40687521170268,104.38424701847502,103.77309393702836,102.46440306681271,3652
2000,off,1610612749,108.95590958401918,106.18887446709404,105.875453543548,108.6583552169026,108.90101535117658,109.29606003042603,108.84246024531161,108.66488803200187,109.03068786786243,107.85834453016822,109.19021777824219,107.29947476617365,109.01499896855073,108.97630905810996,108.95884752081925,108.58895705521472,104.83829236739975,3865
2000,off,1610612750,103.27241030054047,102.55292169086064,102.70228459792465,102.72377550805355,103.28549966696502,103.33543822848732,102.9341851058629,103.1937656387227,103.58235845413796,103.99418226686728,103.36109090217579,102.19735441819941,103.33597167218525,103.305998458997,103.27225924055237,103.45364840301221,106.22568093385215,3855
2000,off,1610612751,102.52149800891667,103.1415101921917,103.53697184965841,102.20956490951242,102.46732079789612,102.27460001224244,102.42803632811606,102.32356830853907,102.60904541888246,102.72282759305415,103.243185146382,103.09609099463333,102.50960962324785,102.49606032688895,102.50652531931658,101.67052171678232,104.50819672131148,3904
2000,off,1610612752,100.55829422285518,100.07825758146492,100.28506883793786,100.52786350296518,101.05782895961616,100.57487870095578,100.31281330931233,100.48242082192714,100.7586342951137,99.57727396309834,101.41852238152183,99.81674201148151,100.56215585842476,100.5661230171144,100.56858959794464,100.95719223610742,102.20288278487898,3677
2000,off,1610612753,100.39238076324762,101.72369743386044,101.74034432559202,100.9706104001352,100.00293516551858,100.37842420362736,100.39212767070742,100.38981895660581,100.37944476621884,101.27952731728872,100.56837612667701,100.50400352062464,100.36151236873482,100.4051781768821,100.39476124480827,100.02415458937197,102.88534548215641,3951
2000,off,1610612754,108.0556557278519,105.63546632397194,105.53740095444725,107.61156011320146,108.39207009394168,108.21054314190117,107.91330919696397,107.69303156663052,108.16549280289568,106.93778474402427,107.46670180162778,107.60561849820262,108.16419281908807,108.05352710617527,108.0269255449158,107.909604519774,106.2937062937063,3861
2000,off,1610612755,99.30024684526896,100.32475138460867,100.2406478521851,99.33855218591671,98.95392595572932,99.08064349594234,99.50595089008107,99.49008164282074,99.15842739878713,99.7702564943917,98.58019620019968,100.75602217983044,99.31465356357654,99.35078205134778,99.32225243259472,98.80071446797652,100.98420098420098,3861
2000,off,1610612756,102.56552934676183,102.60999026446407,103.02076072020257,103.0404407872303,102.42269818548849,102.50213146346483,102.28894874057102,102.56556632391548,102.77061280487591,102.0529972921973,102.58734433021094,102.97453921488128,102.5304491748965,102.536325312256,102.556035080538,102.30204907665065,104.12186379928315,3906
2000,off,1610612757,105.83947418402916,105.33426361950713,105.06322602230769,106.00627122607965,105.78319775481452,106.13196003237816,105.86313541215868,105.9104697304227,105.82809029113533,105.93842654764849,105.46213676604815,105.17253391043346,105.80963548453717,105.82813097207526,105.83910882797464,105.65987833906374,108.41020075963104,3686
2000,off,1610612758,103.7647050067008,104.62978419760003,104.98674007886444,103.78414876450094,103.7898935702284,103.67339295503118,103.56040596532063,103.78372727945094,103.88771188936798,105.07052408470324,103.54510010544882,103.71322594925668,103.75014787085858,103.72975814635755,103.76711583701551,103.7099090473911,104.49877750611248,4090
2000,off,1610612759,103.04610809405311,102.90241441041734,102.51793180299245,103.27665369900852,103.16734854764647,103.16607102092742,103.33290141837891,103.10236920442533,102.84487978099693,102.39780126723586,103.19186140937767,102.81693827037597,103.01892826230569,103.04631634017709,103.05629808478426,102.466251298027,104.84864720064292,3733
2000,off,1610612760,104.4222662409911,104.71097004596498,104.97697805181808,104.11289082653664,104.45870566055817,104.26879405600515,104.35792950048317,104.67290028994559,104.46564231695677,105.04067331169055,104.11410729430722,104.64734109600977,104.42754079671326,104.3841507949118,104.41331292920252,104.0863531225906,105.07993811242909,3878
2000,off,1610612761,103.39000275756082,102.86101292072529,102.82371690416396,103.12582993201971,103.11570280946619,103.32080384486633,103.42985309067838,103.29430403241935,103.39796182726859,103.00713508008411,103.87884760917366,103.34313940032865,103.42740336150753,103.40837707089499,103.39789150790453,102.95616717635066,103.39563042906028,3799
2000,off,1610612762,105.30557318621229,104.67295312166037,104.33698994921532,105.38497036624166,105.2957439823575,105.54208687190831,105.43111077355799,105.20675232380728,105.18228853819528,104.97998260791074,105.2962680741162,104.82453216483897,105.26521438503315,105.31201129067499,105.32073409020377,105.39742212674544,107.21399730820995,3715
2000,off,1610612763,100.11536560325487,100.86715190091468,100.59560218883895,100.76323307476885,99.82436544515586,100.16771372558316,100.2856357952534,99.99341934737942,100.02867852647908,100.10457749828277,99.81478076888226,100.75967011453535,100.11825093300833,100.14289736212791,100.13494583206851,99.84313725490196,102.05533596837945,3795
2000,off,1610612764,100.29327413496782,101.69123122955061,101.3912998948885,101.14971642974116,99.89321526500734,100.33709243695287,100.53917659719262,100.43517866502094,100.1086295017216,100.9788430735655,100.44151670839865,100.14564875328142,100.27513120324372,100.3059886947581,100.29765302613448,100.15380671622661,104.36817472698908,3846
2000,off,1610612765,105.31203247309597,106.01195499061484,105.22522194297687,105.27090910660928,105.54794911510922,105.49543523573493,106.00017614006433,105.12054632532632,104.77167224218873,105.57481632183739,105.5372457930688,105.27075528495233,105.25166011024028,105.28306561049452,105.31054302151873,104.74667978357108,106.64300202839756,3944
2000,off,1610612766,102.76963739329084,103.88158876079581,103.05763330497707,102.65663467658491,103.08077878172199,102.90064304195099,103.49310106783315,102.79731396949435,102.18524172629763,103.09544622593192,102.87322943914606,102.98764350931754,102.73205403480064,102.76207792586158,102.77219836629526,102.26143141153082,103.99474375821288,3805
2000,def,1610612737,107.00216187874486,105.245107559756,105.54390715862512,105.93723586509363,107.26475823285465,106.94842621110814,106.68192098814283,106.5063974644889,107.23043058824602,107.04450692703287,106.9579769983663,106.61928771141496,107.01684170221687,107.03347716150986,107.02594309637206,106.27400768245839,105.71052631578948,3800
2000,def,1610612738,103.87455631785846,104.25299651275735,103.39492920429473,104.30953745917603,104.41657742804864,104.12959324762686,104.51732749895973,104.13142074363597,103.42049505020054,104.05218800723884,103.50742843564933,102.8210797809933,103.85058070370026,103.85761944847226,103.87257426065673,103.96294390118373,104.73074987418218,3974
2000,def,1610612739,101.84433971813478,102.5620038367838,102.15068091860391,102.24664713090357,101.79224040677846,101.89863913371597,102.21888219345986,100.97855567955516,101.5292613390238,102.31645724917891,102.01700860149806,102.32518893925918,101.84919931252738,101.83138496111802,101.83118968850816,101.8459266551809,103.35350479072113,3966
2000,def,1610612741,103.6957254665864,103.95822904752158,103.45206723493779,104.11215500948526,103.46825103254027,103.94267059086394,104.0552234216206,103.83244921121359,103.450553948327,104.02953069312265,103.80877299385173,102.92796908927843,103.6184398782967,103.66783156285517,103.70486856051734,103.01986754966887,103.62162162162163,3700
2000,def,1610612742,106.26127245944858,105.76849015558763,105.99858721378826,106.3966292798208,105.09697716833412,106.28668081535517,106.10475784544535,106.34539571687944,106.37569916170224,107.10964567316391,106.02507700354029,106.22528715263054,106.20818104893718,106.22184458606796,106.2582473303439,105.87942202291978,105.5012853470437,3890
2000,def,1610612743,104.97620908326775,104.13637918649619,104.2322174246136,104.70314582486596,105.09610228604582,105.05577410830692,104.84521993764615,105.28907239199985,105.06643002606728,104.3501155036868,104.9803155562736,104.60220640673776,104.93052685712232,104.96390444826854,104.99460079711812,104.67717336044738,104.62660296706059,3977
2000,def,1610612744,107.17620272718716,106.98981381044175,106.91028694974388,107.26702599886524,106.71612391720134,107.29750923261028,107.27922548631533,107.27829085172957,107.05181593772072,107.70112568900899,106.40505900818773,107.5494210325479,107.07695734254766,107.12307284890036,107.17667928829567,106.46866347847974,107.10355177588795,3998
2000,def,1610612745,104.41229745688435,103.42454468432784,103.66178110108433,103.95130582092882,104.50494753814068,104.43487756946067,104.12894684062776,103.96022736939291,104.62107007418028,104.5935952782646,104.709303781391,103.79929795585389,104.38336552425523,104.42810454887658,104.44254496582022,103.99796282149224,105.56832694763729,3915
2000,def,1610612746,105.66717774605678,105.80180492121433,105.80291600532665,105.18789522953426,105.60821004361088,105.79011986088699,105.63876821825775,106.14965851695888,105.68833159991875,105.2184824423089,105.01952411639509,106.93652801343202,105.54830223574993,105.64813350509338,105.71231542910193,105.08217446270544,111.98656677861018,3871
2000,def,1610612747,96.08656565052668,99.46267379127924,99.56575873250942,95.96896867366061,96.55519475063073,95.73966844911783,96.19428880453573,96.25967269949618,96.0309540448477,97.0353660834803,96.4274472632513,97.79723410439549,96.20735432247601,96.13538615936343,96.08052813656735,95.81192189105859,98.07049138152817,3887
2000,def,1610612748,100.08772133063539,100.55864328293671,100.87346413465386,99.81927542447681,100.14605733991574,99.78561809780956,99.99705230784114,100.15897272344799,100.15424121603299,99.64926594002867,101.33346622199683,100.14052004178573,100.12450069207735,100.11550500218532,100.09600790310868,100.0520020800832,99.31544359255203,3652
2000,def,1610612749,107.10233169776252,105.31371389567624,105.07815316676134,107.35046445460569,106.25911044386795,107.25035060387522,107.36197388340442,107.0353464256791,106.90337346858267,105.86282554011001,107.52672089881621,106.74764349714384,107.0646241736777,107.0256848466314,107.0388324242571,106.94054605766777,106.06689136634691,3857
2000,def,1610612750,102.27236683493634,102.46206910381815,102.39510578877992,102.12100149289236,102.45777124009491,102.27033687145122,102.35426009891148,102.61518238140332,102.21740699065886,101.56000203412292,102.80806971562347,102.25107147173159,102.24785648727786,102.2703321164087,102.29561781391038,101.83794977996376,102.3122889062094,3849
2000,def,1610612751,104.34406651549509,103.76292083465631,103.55770555034469,104.89391848368457,103.85396843009845,104.5392241753552,104.48978101720535,104.40171747082297,104.27384964093724,103.75048869146923,104.18650786970473,104.26490185253137,104.23739152181825,104.30353412966376,104.3727960509626,103.47490347490347,105.18081559374198,3899
2000,def,1610612752,99.48616089876298,102.44224126258676,102.3226460122272,99.40455931763579,99.30904396734795,99.09288386851911,99.9882520633688,99.93123258915878,99.06201784839334,99.88936431341126,100.43706474260127,101.22224875371433,99.52322101267427,99.48414402937571,99.4482790321476,98.6995753715499,101.1156462585034,3675
2000,def,1610612753,102.43386344934468,101.82211560525427,102.11101293453756,103.0498354360362,101.93029957709491,102.40073232135924,102.23515421517008,102.4002106769454,102.56794447125641,101.92332655330091,102.69711639003103,102.1491995410512,102.4190163075159,102.40717662439212,102.41290851449514,102.18076084322753,99.1679273827534,3966
2000,def,1610612754,101.78222458173374,102.65283431883077,102.78389133162466,101.61146471001415,101.56239826747655,101.74849383520576,101.55171706468029,102.23133420136614,101.9678173557725,102.77594232630368,101.3783717845733,101.95012760851681,101.82928482434538,101.83644313455383,101.79355415600094,101.20296902994625,103.19314641744548,3852
2000,def,1610612755,99.12512998830105,101.77493787120522,101.55098318258827,99.83708881372966,98.88375475340835,98.92438218232024,99.44044741602075,99.11304992927487,98.88532306563388,100.44942095700942,98.27426053905668,100.85125150898871,99.2371442090331,99.14998877140671,99.11736479058104,98.21656050955414,98.52446285270516,3863
2000,def,1610612756,99.22905061902314,101.50527031394112,101.33482903690422,99.7193119344907,98.99411466757984,99.08145314587351,99.5310905724595,100.08097966928709,99.02733168941397,99.70572967171016,99.56990294481895,99.6165943062694,99.24170774891728,99.23231768247571,99.22564006936362,98.8872028325746,96.44683026584867,3912
2000,def,1610612757,96.75941946383863,100.48434782169807,101.10801276134055,96.71906123636347,97.01267606331385,96.31682059101422,96.63830171256257,97.79285429218679,96.84442598452586,97.9266960328284,97.68624059350829,97.66864208997528,96.75033364126189,96.74882151908669,96.75433205341749,96.85101878803917,103.1995661605206,3688
2000,def,1610612758,100.16111648166053,100.16767299257859,100.4450794691613,100.43610175767523,100.04343770177336,100.0566250006026,99.78843097005903,100.3295308896303,100.45699670230822,100.46184968009645,99.8679096289368,99.81300116618287,100.28454788104358,100.22333787810203,100.17329626121742,100.1192748091603,102.08027410670583,4086
2000,def,1610612759,96.20401337792642,98.82539969339945,99.51409339265777,95.95796984281911,96.45822317748062,95.7761924902183,95.84875388863823,97.08394641968724,96.50691089655201,96.14374808159276,96.81575593123951,97.75513515161418,96.24370297186269,96.25193028208906,96.25043343591696,95.89397089397089,98.8748995446022,3733
2000,def,1610612760,102.92841380829576,103.0882689951857,103.57657285101136,102.83343851590548,102.94839639514599,102.79801274089704,102.59012740786575,103.56821793391298,103.16760709279362,103.20340291290213,102.95337960486364,102.46391752750557,102.93549396654097,102.91653601782136,102.91656018301494,102.8527370855821,104.46797520661157,3872
2000,def,1610612761,103.88148488981646,103.34774102357949,103.07457556887016,103.85633385215412,103.81513928456147,103.97771724746671,104.10897599982441,103.56939508133047,103.71065134847063,103.39227142862548,104.5065478277089,103.51003115255772,103.83103441205584,103.8671608421442,103.91140761999785,103.43861436576668,103.15789473684211,3800
2000,def,1610612762,100.08066384448517,101.80528446229656,101.46192130277754,100.34861305807648,100.21215074841261,100.02331269897223,100.34002166702655,100.71976809846088,99.91180948968197,101.43626930609841,100.1887435422456,99.12963107520768,100.17893545309806,100.11663353684423,100.080311521046,100.02685284640172,102.9665587918015,3708
2000,def,1610612763,106.38996561626726,106.29151296956091,106.09149501190963,106.38239833439756,106.2008275167495,106.63963138123916,106.45092804300442,106.2957357111502,106.31502646307617,107.58774192734649,105.74879105440827,105.90021924909355,106.30600842780517,106.35754894091518,106.38805082354837,106.15344330976696,107.48817656332108,3806
2000,def,1610612764,104.68958687439869,104.52720391100483,104.04859739882541,104.55666331305223,105.00837946168842,104.77739433751381,105.04421652857658,104.97505190357924,104.3998084368157,103.84362722730285,104.15898100451793,105.24923427614488,104.70677727750581,104.70617098446449,104.69818171809267,104.32335635712458,106.61135597614727,3857
2000,def,1610612765,104.154667278746,102.85633424720751,102.55819476463127,104.5272355683115,104.44253108970669,104.34159066782519,104.24201260502517,104.44180450530976,104.06997374894104,103.40504297743684,104.16652292818253,102.44755089930763,104.1629207474099,104.16453022280848,104.16133662769923,103.749383325111,105.18029456576943,3938
2000,def,1610612766,100.4416279358739,100.30378103302193,100.30046206650009,101.0269481309388,100.26643282804153,100.80055296306976,100.18141689650194,100.5623292469037,100.64423170898087,99.33971935172325,100.73305587239123,100.37931677340713,100.38671589077912,100.40555084387712,100.44699993878343,99.92565055762081,99.9738356881214,3822
2001,off,1610612737,95.41755814414199,96.84372557159314,97.07575506883461,96.30393513247738,95.35746782713275,95.29162173849171,95.23320389540312,95.31965122801239,95.58818594080076,95.75198683048875,95.66356279368054,95.59066267244951,95.4600224597566,95.44235801110673,95.42975792827066,95.21149241819633,98.87869520897044,3924
2001,off,1610612738,98.88503816749223,100.68624165208874,100.67274999614486,99.30036642421615,98.9705793143028,98.73493693205565,99.14311337526608,98.95066665176327,98.6824824175029,99.08189685413247,99.74812841822876,99.24265596039278,98.8494915876308,98.84494131355191,98.86884424639796,98.5821087909255,102.47395833333333,3840
2001,off,1610612739,99.91358394047354,101.08910134405373,100.94503792913832,100.62262611429925,99.6114651054938,99.96756052147995,100.0245230053751,99.88730089389921,99.81917078150111,100.54158360634219,100.07205773721543,99.87182934132704,99.85958041700708,99.92454554038639,99.92199122332859,99.50144319076358,99.3103448275862,3770
2001,off,1610612741,95.66128855402417,97.47839287684283,97.57432216339227,96.00673218809403,95.85099303173416,95.457641873387,95.73575834250138,95.74479483856831,95.57684015315441,96.07850131701392,96.09150035023235,96.18469729466828,95.66421866012804,95.67898384962952,95.67578305893898,95.26231263383298,97.20880300590446,3726
2001,off,1610612742,105.5274604371129,103.58630203488048,103.75361596388855,105.20414068381287,106.08365339389901,105.66918948343773,105.1830556049919,105.26355649443815,105.72697117241003,104.53777174452759,104.98519256361766,105.12602124286907,105.57375033192938,105.5207272182071,105.50941599273762,105.48159749412686,106.92817116658176,3926
2001,off,1610612743,103.96939172294303,103.76538400593216,103.89907741722256,103.35654095883592,104.10100054930675,103.90689344949008,103.95891352039132,104.06232348407731,103.97555094452548,103.84188373153127,103.68072234406387,104.70006948032085,103.95177737666049,103.93703038875528,103.9549969419063,103.89045303301766,101.04739460591777,3819
2001,off,1610612744,99.31854388868992,100.57055055752359,100.63575663846078,99.64182548261152,98.85683853503063,99.10006274877871,99.37986652086964,99.45511390012216,99.2880289513412,100.5666821798732,98.78526386448056,99.95703992484961,99.38048341181596,99.34348572435093,99.32049287516675,98.7389659520807,93.90836959303813,3907
2001,off,1610612745,104.42687258687256,103.9491213773309,103.92933160873474,104.53676728978047,104.60158942448405,104.5093932282113,104.44688187667016,104.32439877126268,104.4020096981738,103.82307090144123,104.18980687126134,104.6147394681451,104.40164131695522,104.38303682415989,104.40687869183249,104.93333333333334,106.48905302031126,3791
2001,off,1610612746,98.14278419944482,100.27418939009526,100.2246934030595,98.88418877002222,97.73451774264014,97.96868341353282,98.35323961954863,98.56927550515822,97.98600153163015,99.53150809125664,97.94925083533616,98.42740585177339,98.14620476799925,98.1463010765326,98.14288678340311,97.8335535006605,103.35820895522389,3752
2001,off,1610612747,108.1754211787841,106.69690351350911,106.38577395946709,107.75948456427933,108.02812225600232,108.25568111540277,108.39116920683061,108.80133061286624,107.98863651216433,108.32083461056585,107.14069524743152,107.39847286118739,108.20915027077939,108.17102631632639,108.1726840998844,107.64644893727319,107.22135007849293,3822
2001,off,1610612748,98.4613512754538,99.95540260325801,99.7852832625514,98.3888076422033,99.02881420627615,98.41148787216186,98.67094446323864,98.2420188155759,98.31314281389065,99.03238221884713,99.05298137296322,98.48997815068252,98.49762370515985,98.4518348415325,98.4447772270445,98.13289401427787,101.47500682873532,3661
2001,off,1610612749,106.8523019547325,104.75728092705634,104.73236606974568,106.40347680269197,107.01087794224225,106.99363660762384,106.71959649105276,106.5741931278799,106.97756535685541,105.77008758949576,107.36707091243194,105.74034980671809,106.880338853097,106.84836758552474,106.83042846253788,106.58854166666667,107.98134231666235,3859
2001,off,1610612750,103.28070323251046,102.12487103675828,102.27995315234621,102.96639150965618,103.25962754972356,103.41333240740204,102.8607197775023,102.9734815672407,103.63391106575352,103.58614290540598,103.01626348388885,102.53218529404927,103.36725075449887,103.31229201986768,103.28930702733693,103.0909090909091,105.74440052700922,3795
2001,off,1610612751,96.15426889928483,98.74885309341664,98.69586183366282,96.06071038618892,96.50596247572669,95.9711433795013,96.45786835236619,96.18677529036701,95.9275753939596,96.9468778098038,96.59051262863372,97.3976460164342,96.08672392297362,96.14173860953102,96.16085425597362,95.83660644147683,101.77824267782427,3824
2001,off,1610612752,99.45844975886614,99.8223351204179,100.14921983906106,99.61582161553054,99.78503002544439,99.40906362294176,99.17001665064421,99.08300596568039,99.73824695083566,99.463967550614,99.81925422547154,99.39878491085719,99.47993597716636,99.45771937906827,99.45116941340068,99.6106785317019,100.76398362892223,3665
2001,off,1610612753,100.66415641184015,101.30718949580812,101.47096225940597,100.76933716974054,100.52667442817012,100.53732118278218,100.66173393422598,100.87533030199013,100.6260115466427,100.62426834483985,101.05077052397866,100.98434757552592,100.64683077019612,100.65169669956792,100.65959083054601,100.8974358974359,104.2498056491319,3859
2001,off,1610612754,100.31666855272289,101.23777300870194,101.02955716466441,100.69822306877784,100.47463350412463,100.30096180531928,100.48871804070119,100.18680416600839,100.18390403006177,101.16085404102682,100.3594492094761,99.86334177981628,100.36410122129057,100.32325156800036,100.31460416164518,99.70891770309606,101.16432918761578,3779
2001,off,1610612755,103.35268269366746,104.13893306375319,103.5004204471488,103.86827019675046,103.16352571779741,103.52453269097704,103.85296526461323,103.32520510110176,102.9502269056315,104.10040053469065,102.20356371636937,104.00633961595346,103.29929698512423,103.35753000511166,103.35418022015097,102.24308815858112,101.39841688654353,3790
2001,off,1610612756,98.37313739336801,99.99184853388749,100.20983842046185,98.63331774658914,98.5004839431243,98.29998542699647,98.23369041199398,98.39874715516807,98.48847708922253,99.68222986338894,98.24558496324181,98.49363127022886,98.37623209720032,98.3712071639085,98.37293307339829,98.39203675344564,100.52151238591917,3835
2001,off,1610612757,105.23878919613196,104.81872118119081,104.46930629933267,105.88273495166028,104.89182811223235,105.6095934328741,105.29393262127982,105.09488860538016,105.21595860172812,105.24163253306834,104.76834647927765,104.81158395910433,105.18444244931389,105.22427426002795,105.24047382708385,105.0,105.66702819956616,3688
2001,off,1610612758,104.45085433471472,104.00549125863287,104.1945444125587,104.10594307969995,104.553017443932,104.46939125991186,104.31168518042857,104.43743916879833,104.56767046442947,104.32175565034184,103.90335138866232,105.01088412161516,104.41725574283744,104.4196761903729,104.44218056830339,104.28859737638749,105.14614039470398,4003
2001,off,1610612759,103.49068721901094,102.67112969489745,101.88615342412689,103.52312896722874,103.6345311350702,103.61538666518352,104.13938486407311,103.74921164190152,103.06690688710727,102.25756921026569,103.23498247044719,103.37197202620143,103.50581482011027,103.49764753489028,103.492255970386,102.95212765957447,107.92534487422235,3697
2001,off,1610612760,103.78346264145489,103.8849008942984,104.04994485371435,104.00069989040334,103.57947003928038,103.81352079029733,103.70922949182173,103.8270027194413,103.80175157808002,103.55545362638075,103.60129924719948,104.38539756567076,103.70359618031364,103.74149513450479,103.77989733782816,103.92663394471712,105.83355632860584,3737
2001,off,1610612761,104.30579267766912,103.5607059261993,103.67887186236007,103.72391757007932,103.85038097036177,104.19780726021607,104.2552209727245,104.27802525059015,104.36802258368265,104.16448853469808,104.78292391146672,104.34750152778533,104.32569027629857,104.31697768808466,104.31080678448187,103.93139841688654,105.96509507684293,3839
2001,off,1610612762,104.65524735505193,104.04355063420383,103.39559847939621,105.06486220322152,104.59428179338347,105.00418915065445,105.06761429410173,104.7686889139174,104.3472063272096,103.50294723241096,104.55437991155605,104.50194358670046,104.56358817172426,104.63494382039885,104.67878585610703,105.64687168610817,107.14478296036667,3709
2001,off,1610612763,97.49021209009491,98.71599632124324,98.7789563052385,97.81877315924237,97.6694044993076,97.48111777038046,97.37623225750154,97.36777730856643,97.596382084899,98.30178968784773,97.5577164306545,97.40443084674953,97.5222837359949,97.50949326409257,97.49491011844061,97.8739953331605,99.17946003176284,3778
2001,off,1610612764,96.44774503239213,98.42766483522541,98.22092483708452,97.29331459806383,96.41178841013277,96.36049184670028,96.70487799037271,96.43113841573192,96.25826636225591,97.12475737989483,96.6521709059481,96.72810078165122,96.4510625658519,96.46315764399162,96.4556620706811,96.34941329856584,102.69704111023829,3819
2001,off,1610612765,99.78866145127772,100.36867859590154,100.1548875062637,100.13790850787917,99.78666707409461,99.76212868132754,100.04012887228141,99.98631355794738,99.61324322072441,99.39836918053135,100.03179460514833,99.93424563483131,99.76906940026863,99.79001683110387,99.79749743207732,99.09067946451124,98.81343095177985,3961
2001,off,1610612766,99.7721372929931,100.8955382944646,100.6596564091694,99.61994445209245,99.75032572792406,99.69744507329084,100.0273228354226,99.74929434964814,99.60791064017384,100.62737577430053,100.09065450372158,99.84861803808498,99.79957073017526,99.78789291919786,99.77664838641627,99.24852388620505,101.88328912466844,3770
2001,def,1610612737,100.01063975890546,100.28208430052916,100.16876723047112,100.05060498279836,100.34794079111109,99.90761927257662,100.15133232655702,99.44491766371435,99.91095912662263,100.00147376262366,100.53913378177218,99.93555843054139,100.04480057815233,100.03712273533084,100.02327884595216,99.38683017861904,105.90932246561385,3926
2001,def,1610612738,103.58847352999416,102.2691614396741,101.77701013763541,104.14311852074408,103.92890858610563,103.82145199381395,103.89728566437113,103.00057923337684,103.35968218456223,102.90570693101328,103.33252437708052,102.65248879527373,103.57225537227445,103.56828165526738,103.57678639161033,103.01701908200103,102.6048450117218,3839
2001,def,1610612739,101.91161046703328,102.4389565247479,102.35414522700158,101.9331763091418,101.93207048344742,101.87803967744604,102.10644289369947,101.42822499956968,101.76201158471325,101.90602129986658,101.98609654402728,102.87265304201944,101.87920263233237,101.8771704398044,101.8958123064943,101.7038007863696,106.01483836777955,3774
2001,def,1610612741,107.91497596604033,106.66186006376634,105.82707975939867,107.91271394260981,107.2910261345809,108.23753120499025,108.57632429953804,108.39063939303897,107.43200509795699,107.18277801106885,107.6415852885664,107.46736736446385,107.82325557763518,107.87494903506783,107.93588362925158,107.06827309236948,105.3083109919571,3730
2001,def,1610612742,102.4618583922448,104.0263134512932,104.10849876706456,102.60871577088729,101.99264160705683,102.40918588930218,102.61245140000305,102.75780746551449,102.36496725477504,103.43554770369636,102.34547263820161,103.38281875547085,102.33905330904423,102.38912220786537,102.46244330650123,102.40460010454782,101.06924643584522,3928
2001,def,1610612743,103.96982943092758,103.66434918467652,103.83113039548259,103.37571120949993,103.93542296190024,103.92186925001951,103.8784618540581,103.93106959355329,104.03829307340116,103.6797790348807,103.8840449345521,104.8087038652574,103.96312454178262,103.95678886923542,103.95890377938598,104.06026557711951,106.05663345568956,3814
2001,def,1610612744,104.66357597307865,103.90385095570507,103.86910508195174,105.06988300221562,104.52867533836739,104.90824862614679,104.61206214211923,104.36150420677545,104.67059037453821,104.22235216313166,103.76726534357945,105.23367391965395,104.56892136812861,104.59674441683607,104.65719220649154,104.56955314314567,107.22706304459251,3902
2001,def,1610612745,104.41368576930014,103.24374075939772,103.06455883215718,103.95860143229017,104.33401068754453,104.51115368546292,104.40228600124912,104.84334816323353,104.43297906277807,103.45375324748096,104.10796235235114,104.41104570375859,104.43386061125746,104.45678454179088,104.46552894131374,104.34203516249335,102.00474808757583,3791
2001,def,1610612746,102.33070623226774,103.05271019205573,103.09736878121981,101.76465577105509,102.39004867178605,102.23680550870975,102.25217197849443,102.79096062430591,102.36552554074974,103.34352112893762,102.18515924935656,102.24756399413687,102.38635433951526,102.37596148644693,102.34380478746989,102.19809322033899,105.65785962103016,3747
2001,def,1610612747,104.55779046933188,103.7102574397379,103.53123261655267,103.99072075664894,104.60575783945033,104.57130602252572,104.62257343385791,104.45822490336003,104.51436792460719,104.2462161221296,104.08210808671318,104.9780959642678,104.6286926844622,104.59331562214184,104.55904956476475,104.55373406193078,103.53310651661869,3821
2001,def,1610612748,96.58622517390916,98.75479219950196,98.91340340297238,97.27497196428101,96.80607578110944,96.47612351929368,96.49610452509617,96.55288608694842,96.65052337204092,97.50011713592598,96.59739756737147,97.03410353276762,96.60602307528202,96.60427321336552,96.59238216382526,96.35716242125446,98.21820175438596,3648
2001,def,1610612749,102.25646541352698,102.66429145849307,102.51591152224921,102.70738032297477,102.31489527271532,102.26545024137674,102.59357888036891,101.76238758712404,101.95674596474569,101.89167023988824,102.57784419064537,102.83814183941217,102.19537552801421,102.16023927303814,102.20091842688983,102.92657434021427,103.73153666753045,3859
2001,def,1610612750,102.75052386830096,103.284173368946,102.99195037511055,102.99761577642053,102.91045059829125,102.91936662084021,102.92297513716817,103.35495915137601,102.55511154303102,103.14033976224866,102.70172840995504,101.8409886560343,102.67566269852134,102.74357042799282,102.76980674552952,102.54545454545455,103.26401684653857,3799
2001,def,1610612751,100.93100383821702,101.42932553580786,101.05356368714328,101.7359565714948,100.73962188687099,101.05795223646871,101.284665551054,101.16242972340885,100.68826880364468,101.2512262895553,101.55339112358766,99.5158654416128,100.88202458705169,100.89658187770388,100.92808285056319,100.20964360587003,108.1462140992167,3830
2001,def,1610612752,96.60414291231424,98.98404407660762,99.17417773165771,97.16938289804143,96.92651346949069,96.31230682498176,96.66445969872828,97.09842373468675,96.53587730742673,96.67700852884087,96.69415183178029,97.68223029791162,96.7146263631512,96.61265775116412,96.5375736121262,96.34486607142857,98.39017735334242,3665
2001,def,1610612753,101.01788486272937,102.84461327458773,102.29044755450468,101.7151916535747,100.50853172224026,101.02617276620833,101.62721640121566,101.3715479699293,100.53651821377416,101.85127562419392,101.18753847905822,101.23596145513794,100.97669890575324,100.99065629027949,101.01507398152805,101.25576627370579,101.62706611570248,3872
2001,def,1610612754,99.87309292940323,100.72180092255756,100.68792202672287,99.70034810546437,99.71678977659249,99.67822204729721,99.97591152220483,99.48930749253748,99.78398286702887,100.69463672190687,100.72909650308324,99.81419992399687,99.93136387388422,99.9099338549463,99.88627211395251,99.47019867549669,102.09382454280413,3773
2001,def,1610612755,95.98027344483776,98.31523524268918,98.91034813437003,96.26831917609539,95.99607191583968,95.70849074146771,95.57018863603683,96.07568879478114,96.3539618885779,96.74773499961738,95.42379394966639,97.91580733161643,96.07152613360668,96.01564991315081,95.97535073488754,95.51382368283777,99.02297332981252,3787
2001,def,1610612756,95.6637333675213,98.34457256723068,98.08861532474702,96.43427353099109,95.88743323746745,95.5634248210465,95.9847819584766,95.08748385321603,95.41861438718901,96.2832639548834,95.90181487140086,97.03507861614673,95.63716373348828,95.67889785615066,95.69353481923153,95.74630667345899,98.35637881554918,3833
2001,def,1610612757,98.29656283696191,100.02732123515761,100.3365544546255,98.63413315699435,98.53837328767462,98.11008251140301,98.22657510133611,98.48901190038936,98.33637116154367,98.35937259056996,98.51033434024282,99.23852571870563,98.27226570601549,98.27883533715011,98.29282491450525,98.9801395598497,102.95954385012219,3683
2001,def,1610612758,96.93787430507781,98.6596227377116,99.07014113978065,97.46662070796688,96.61739805658611,96.76139887985178,96.59069703463041,97.1332961590256,97.22803717785798,98.02720294142799,96.74662150028976,97.47235841464676,96.99253977017166,96.98089127758672,96.95010792144292,96.57775541016608,100.57428214731586,4005
2001,def,1610612759,97.01633224858904,98.76876425433534,99.42463168947727,96.66531798565812,97.29601332040762,96.70358433543495,96.52854877888939,97.57138210932104,97.43039697559993,98.05776541246716,97.52350232559344,96.96583468302758,97.08737453000316,97.06647399913484,97.03782196961917,96.75704412546517,96.75324675324676,3696
2001,def,1610612760,104.26325395145783,104.58744330019029,104.9903866948853,104.22639504528786,103.69087043421874,104.2099321626997,103.98431732681429,104.68337659479957,104.4509723962583,105.87343784572683,103.80998121050452,103.8379995015654,104.26453631863339,104.22502588725857,104.262414749557,104.0453491368204,105.32227868414014,3739
2001,def,1610612761,102.90104208860814,102.56109893187137,102.97669439578286,102.47402419661996,103.31455749077375,102.88326475648067,102.53019720441861,103.07091326731506,103.14031490184642,102.93091085799264,102.98683919369516,102.46473722632702,102.85491157471357,102.89672484935862,102.92333010857237,102.3778071334214,102.59942812581232,3847
2001,def,1610612762,100.00461935639846,101.21421602320828,100.53768875762707,100.50745275931138,100.34781794710855,100.08669018183618,100.55216464901736,99.44946299634483,99.60354761380947,101.38574409658467,100.17307469729732,99.08955477255716,100.07703464369102,100.00644093284036,99.99231787875878,100.13245033112582,102.40215924426451,3705
2001,def,1610612763,103.3856115648371,102.5129891791183,102.69056008292316,103.45219017389913,103.41452050300181,103.53977993237919,103.05089210768129,104.07574241147024,103.62991978716597,102.68891604571658,102.64838840288493,103.0847621910719,103.35238139544177,103.3951539052822,103.41401209157878,103.13065976714101,106.17545719586536,3773
2001,def,1610612764,104.83643330035042,103.23977738924066,102.66006787199751,104.92332969523657,104.85028338356183,105.04984840626808,105.16241088712312,104.5621480086801,104.60166075676288,103.47372048366869,104.16816320111735,105.09857657028293,104.87332529151055,104.85475813604508,104.83328782396329,104.31841831425598,108.90751899397432,3817
2001,def,1610612765,102.60212335692621,102.44234296869729,102.24107583667364,102.53019000891649,102.77236128912094,102.65810397509698,102.77734501843035,102.65949588040088,102.48891283040801,102.66034869036552,103.01957771825707,101.72380613818214,102.60885844584648,102.58884359491667,102.58124893865471,102.5783619817998,98.78971255673223,3966
2001,def,1610612766,96.82390745022697,98.66743449244348,98.56803167949398,96.85231004384053,96.86548115260264,96.8512117511709,96.8519217688217,96.81230590224469,96.82555249581817,96.45336975665958,97.62673724217098,98.07449931413085,96.82158606720239,96.8412769877319,96.86112471363637,96.20422346966052,99.68253968253968,3780
2002,off,1610612737,100.96579012745715,102.25977820112658,102.19746503950779,101.09337375777868,101.24222081695713,100.93333720109412,101.12396822947306,100.84050706084912,100.87989153142175,101.29047498178859,101.11238998170997,101.52915458789448,100.91798936124732,100.94681155797669,100.9663731557958,100.62143966856551,100.26212319790301,3815
2002,off,1610612738,102.92797690926812,103.53662164392378,103.86704741695212,102.46848033200794,103.29377569596146,102.69724916904843,102.92850570411214,102.86541642242199,102.96130451940219,102.68449351756354,103.54738548734018,103.61675493400891,102.9238196335962,102.87119027371638,102.88857373634764,102.20664589823468,102.82749675745785,3855
2002,off,1610612739,100.81650774609167,100.68185276426152,100.6954665268283,100.9238345548258,101.00844216512397,100.82975785183771,100.7088273181317,100.71410057064634,100.93353391448544,100.35017381295339,101.17724003400153,100.48889421995463,100.8601158998156,100.83952107400108,100.82736372266393,101.0744023636852,106.09884332281808,3804
2002,off,1610612741,92.80019457873314,95.80213626211842,95.92337230653871,93.35754723331412,92.96512609669011,92.55346389395245,92.87587543093976,93.12238756759864,92.73966993720379,93.5892263557444,93.72856463137404,93.20357605747753,92.803693331865,92.82242788672497,92.81849710637887,92.81708945260347,101.88428874734608,3768
2002,off,1610612742,109.89176109383742,108.10046929433656,107.77082109158843,108.95909708995094,110.26026706874354,110.09893785905447,110.02378752313257,109.63114869408132,109.8126797540427,109.48063034131405,109.72638818843701,109.24525365975032,109.9108386080037,109.87661356274889,109.87809466864937,109.76491862567812,111.89133777549975,3902
2002,off,1610612743,102.1422684392263,102.73837525093333,103.65889000511962,101.84013264225614,101.78799985638454,101.80698916080405,101.59561320019225,102.11385469211692,102.58274980464074,102.66660521756245,102.55223143462399,102.9826978220054,102.13428361092471,102.12497931358182,102.13336878367433,102.20252484555466,99.15299100052938,3778
2002,off,1610612744,101.18600869374862,102.93697164820976,102.72427425116405,101.99352018848961,100.13407255324485,100.84747548209796,101.68367173125817,101.4077872525553,100.76896253367214,101.92065469753634,100.93445927039254,102.69788911737642,101.15840458745974,101.21634540606237,101.2036791896746,100.82559339525284,102.37144283574638,4006
2002,off,1610612745,101.43561556959013,102.30739579823836,102.58455511902721,101.57069894243475,101.4229144054538,101.2806990899761,101.37101650142924,101.50918638760301,101.51797113056793,101.36035010695073,101.80214383529861,102.0134238274628,101.42809684090625,101.40475325753411,101.41611412148197,101.43553629469122,102.6874496103198,3721
2002,off,1610612746,102.04515733153691,102.91528176154547,102.67397896493766,102.48348852085901,101.77256016230787,102.02423399413716,102.25209672797747,102.08387124862578,101.89585650553555,102.72865738020995,101.7503593890319,102.23084311019625,102.08027781502457,102.06114760456184,102.04751639423235,101.91701680672269,107.26681127982647,3688
2002,off,1610612747,107.73124397285433,106.79602698163396,106.69231730102764,106.88756749654196,107.7843103773931,107.72125462959582,107.82503147745626,108.18444867645132,107.63118579410761,107.99898648526158,107.05128986489386,107.54305687730555,107.76456855973507,107.7275340380484,107.726715227725,107.73047793157482,109.02196652719665,3824
2002,off,1610612748,94.94827335768582,96.45433377025205,96.59873914794728,95.43873957191583,95.37203326416787,94.80602383188422,94.79392312679038,95.23399518252604,95.08294218851762,95.35192832468627,94.52841797159205,95.26869217540505,95.05537504347984,94.99199350266933,94.96160908711576,94.74681830490117,100.32976092333058,3639
2002,off,1610612749,107.0164522661985,104.9905476339546,104.91411296303085,106.78706076844603,107.41695901151643,107.12826481798407,106.95662948597666,107.1155569649665,107.07504908680119,105.74212923723132,107.33246331858362,105.54774726371384,107.05117089994278,107.01246128109285,106.99122389771469,106.23838598354128,105.16061084781464,3798
2002,off,1610612750,110.74064866958085,107.42330187193245,107.48475043347584,110.28338299572852,110.19220217111945,111.02220286018475,110.27538783308462,110.46132695425064,111.100154131744,109.88312939776972,110.29010577588623,109.70121721082218,110.81952873760041,110.77548143880217,110.75594313387464,110.15831134564644,106.09299839657938,3742
2002,off,1610612751,101.44772116697686,102.46374068161592,102.72259184957686,101.28348646836068,101.50109250874182,101.40032041119353,101.26880134603238,101.53637339575297,101.58397802301069,102.23928866597106,101.29668710286617,101.96891819149548,101.41532343161373,101.44435947886763,101.44998114112352,101.13197838950347,104.54305335446381,3786
2002,off,1610612752,99.27172541767563,100.33988118918252,100.48405447876715,99.55904839491694,99.42938289202274,99.16223126211293,99.1854201974838,99.1875016790754,99.34469753591212,99.70573841166996,99.79904279844627,99.08544914281046,99.31214818172603,99.28361643125542,99.27061961654928,98.92066918510524,102.34042553191489,3760
2002,off,1610612753,106.93088677953273,106.05235316911224,106.28958829429683,106.58300977060979,106.84414459462275,106.86274398859398,106.80123094604967,106.82499388094021,107.01742895366272,106.38564407846314,106.83187657361712,107.38717021476404,106.93968386825132,106.89914841604514,106.90668362452368,107.11864406779661,105.19348268839104,3928
2002,off,1610612754,102.68947573842439,102.30366021857978,102.05810770983045,102.74145325441415,102.80204829266233,102.7391497471206,102.76628891667025,102.61160580984709,102.6517542391041,102.5852613495772,102.42132723824353,102.38257692060162,102.77054401736261,102.72059545025976,102.69817993930951,102.67420930830548,103.1060805475125,3799
2002,off,1610612755,99.42328031061236,101.20490632080418,101.28198740260308,100.1498213820417,99.05024073592882,99.2545280946137,99.4847402573336,99.3184467240471,99.38439649241482,100.52178143199468,99.32040354788938,100.07379504916663,99.40392686225073,99.44787218094156,99.4273864097448,98.84780278670954,102.4443237370994,3682
2002,off,1610612756,104.31613080828755,104.22017509405691,104.84884242875265,104.08509108248921,104.19829226962356,104.26525866680333,103.76835837926072,104.20723911718389,104.72987452603279,105.05001684993819,104.38756378094702,104.0930783882875,104.28736901867008,104.31239100310852,104.3177529443479,104.04952282692804,100.64291454594161,3733
2002,off,1610612757,106.4506172895607,106.04491876101818,106.0597796152746,106.60529556530093,106.01395000093666,106.53375392340403,106.39173029185784,106.42188943436226,106.4599332071376,106.58076675400079,106.43770853458116,106.24430029627528,106.42084636691335,106.4419516810775,106.45202017345783,106.17962098324637,106.795346377578,3782
2002,off,1610612758,106.80324520762927,105.49247649785485,105.37199711240166,106.32051450871366,107.04625329267353,106.87403360774718,106.86782857745303,106.91621840027994,106.75379424241314,106.0474237454544,106.5981274893833,106.50784130669558,106.78482875845431,106.80337360293356,106.80964180684575,107.39705134722928,109.1115598182736,3962
2002,off,1610612759,107.10033347601626,106.58467729998225,105.89201157447708,107.12366725114192,107.31419915802347,107.21884378409969,107.76854099396878,107.14676444537189,106.60866132843168,105.94999716291284,106.71899477082145,107.63588666227501,107.06621752669209,107.05532066545746,107.0812083077721,106.5785997357992,104.53934998656997,3723
2002,off,1610612760,107.44144047442431,105.45408571348639,105.7464760832294,107.4725047618073,107.31620819067389,107.5386925983413,107.05416597996108,107.52935438505804,107.71686962922753,106.2547331139962,107.01419348299132,107.08838143834478,107.44944340170345,107.43170572075196,107.43083253120126,107.017075773746,108.57065364795227,3687
2002,off,1610612761,101.33587114688366,101.57835002586502,102.31701575357546,101.23569476214857,101.09633061951304,101.10321503844384,100.80116337712906,101.43408937959143,101.76976637678149,101.6673221218518,101.58697960601901,101.54342065326705,101.36187327003545,101.34190323104824,101.33372504344521,101.04417670682732,102.00164518782562,3647
2002,off,1610612762,104.83483814023158,106.2034057260964,105.34633258219868,105.79962362645126,104.10770527215072,105.09647534408874,105.53585421845067,104.75215147681637,104.28899784715385,105.34339003408385,105.07758554227678,104.9900819754568,104.7358560712823,104.81487344787436,104.84189471295947,104.89159175039661,103.7745879851143,3762
2002,off,1610612763,96.36113596139998,99.056049346491,99.29600344506183,96.81553687302618,96.61243731715885,96.1454943324175,96.34498456631079,96.55666102572951,96.39822154300933,97.82110439283252,96.26068918666489,96.98033798547775,96.36689318010097,96.36005286649322,96.360823204581,96.14887567846989,98.01395598497048,3726
2002,off,1610612764,102.495088014756,101.24864172490717,101.3563645250537,102.15796628733017,102.30600278393298,102.33714884409707,102.34842873388612,102.36016913132157,102.59213025622796,101.51649750773413,102.66259309555902,102.7284376317331,102.60232211416351,102.54714544732077,102.53993021139962,101.87908496732027,104.69264544456641,3644
2002,off,1610612765,103.21706936632484,103.02086443334765,102.94803405448249,103.41835350258583,103.77393518299682,103.28294014394021,103.24730014398244,103.15508163635148,103.21466848885333,102.61889071420303,103.18554351160743,102.89039164840555,103.23273044359873,103.19311952949604,103.1955147230345,103.09663641217298,104.73065354115396,3657
2002,off,1610612766,103.6576696862647,103.80647074066772,103.66585635900383,103.54115143933954,103.58083738472298,103.68605559022704,103.79382823510318,103.66017673915447,103.55102379557704,103.51375089800331,103.96084823327362,103.80438936883814,103.62697203785416,103.65655504358624,103.66738623391137,103.92578650174778,103.18316698138656,3707
2002,def,1610612737,107.60893177315866,105.81712871508948,105.82499566987596,107.78276860913903,107.60868295957533,107.74258782844757,107.5692682973186,107.6803304329685,107.61111445239547,106.28005451802132,106.83303810578849,107.68574188489586,107.58269494868375,107.55187477342466,107.57118055044404,106.70116429495472,103.11926605504587,3815
2002,def,1610612738,99.3020225381705,101.3432783377298,101.4417300105075,99.60469788473938,99.82120163272401,99.09453923089814,99.38631040802797,98.87015091462901,99.23918569817502,100.82895401372626,99.47153440785831,99.4043443228562,99.40700288133287,99.30144707681417,99.26912915247603,99.42797711908476,100.93264248704664,3860
2002,def,1610612739,107.29698673849641,104.27800460761297,104.18522557244667,106.86004639715696,107.18661138710287,107.37585327364866,107.33171248559584,107.38850475741373,107.30133431679414,104.12892496027787,107.78377778768653,107.30433639096424,107.27112122059403,107.29016575742529,107.34924281060852,106.75965665236052,108.21013727560718,3788
2002,def,1610612741,103.57923392011182,103.52207608742353,103.31411851558492,103.82206370844179,104.00571041791187,103.6652547108046,103.68643270412873,104.15302748583808,103.49241253690911,103.33064889362593,103.36299900870084,102.63035598822637,103.59949272077391,103.58113539620258,103.56991923668707,103.47872625100348,109.98675496688742,3775
2002,def,1610612742,105.60218082820809,105.71024922977713,105.58244861654654,105.58282573618852,105.2487560430086,105.68470634281155,105.77428526491124,105.62307654428442,105.45877286265966,105.83135545571017,105.74975875923406,105.70232068906638,105.50758439487949,105.55503994828362,105.61666743675417,105.99066390041494,107.11543383670335,3907
2002,def,1610612743,107.35047560682987,106.07369107353499,105.84221658658399,107.06694369448343,106.913770053175,107.47287072945029,107.4624955580768,107.84294570068059,107.26672666591959,106.83120669161522,107.26178800710072,106.75733466320531,107.34063588645091,107.35455807285545,107.36257124197368,107.02789699570816,106.8362480127186,3774
2002,def,1610612744,105.9419000671172,106.10978876525401,105.93194835420223,105.83287421921898,105.90678301563263,106.04521059678041,106.00863817215199,106.0018998217843,105.89587752558607,106.12972282132787,104.50790100526366,107.30858031429844,105.92347594613896,105.95474088025016,105.95263263966615,105.53400568916473,109.16583416583417,4004
2002,def,1610612745,106.84434201822333,104.69536440389511,104.92645265893256,106.06351973100426,107.05820262721302,106.98976691296912,106.37374633136908,106.69423765506524,107.21867380543894,106.851063150251,106.71891790341942,105.38578458512113,106.84526836528889,106.88271275048348,106.88001788214626,106.5040650406504,108.38033843674457,3723
2002,def,1610612746,102.56069565642792,103.37278089071337,103.69257572329539,102.22619587488118,102.1331333726218,102.36421406338809,102.34483510833647,102.66175716102785,102.74270903363218,103.48865354786255,102.60556298505915,103.21043193577985,102.61456231691858,102.59383123780886,102.56623196139596,102.39284775177491,108.24041338047321,3677
2002,def,1610612747,98.68255310506179,101.80210785610467,101.87603021412764,98.62620813217791,98.6813670572598,98.43469762754182,98.73508826689245,98.75425698492157,98.66729137018584,100.64375533042582,98.67854568998058,99.92187732376786,98.74389927786095,98.7277666963914,98.68805630765738,98.69519832985387,103.0175806874836,3811
2002,def,1610612748,98.54154084397987,101.36292318937693,101.19214178808755,98.57928055415425,99.03986486266925,98.29902872650105,98.85290067603928,98.81486534282102,98.2963733360959,99.07469790937037,98.82709352728806,99.80081305024223,98.6061657586035,98.58066935184782,98.54732535231646,99.21088435374149,99.80753368160572,3637
2002,def,1610612749,104.55177106303518,104.94104638250137,105.27889683223275,104.0400137950551,104.39418284266105,104.36950658299662,104.41925655376204,104.79945885336534,104.68341531255183,105.29774464712834,104.60331083467254,104.77777533509068,104.58566731937212,104.53464998572095,104.52346963956803,104.65425531914893,107.54020564197205,3793
2002,def,1610612750,103.65037966047656,103.76813228225797,104.03552311726338,103.40626899981501,103.83661031320958,103.4800904263225,103.62486568184988,104.13053140788206,103.65501831935012,102.4322040285125,103.9011524531333,104.57658286103063,103.6425189421201,103.61494569580873,103.60501323516092,103.59218172213419,105.2828175026681,3748
2002,def,1610612751,97.0396010844307,99.68356210019394,99.95989813142971,97.37341630495382,97.13253673849051,96.78357895610557,97.02553672552226,97.27331900865089,97.08864565759171,98.31596730894458,98.30995049564255,96.6917845014568,97.03075687220105,97.04013051050414,97.04675933139139,96.7983475342112,100.5026455026455,3780
2002,def,1610612752,103.24526106592903,104.22529070396276,103.97690203069864,103.0412425282033,103.63208969047965,103.18964056251846,103.4970117329756,102.59858670776937,103.01480865938906,104.13866347319875,102.94022638137695,104.07577858203138,103.31662768642639,103.2554764529118,103.22761016723202,103.07941653160454,107.10484300159659,3758
2002,def,1610612753,104.42117183970986,104.96918367962948,104.88492553762107,104.64704474619774,103.76166078998628,104.4081499338366,104.59591273948881,104.60468857287246,104.29219948906588,104.87635518866068,104.46393265302446,104.77244157244319,104.36962323460335,104.3904985764688,104.42255157927056,104.21984891898931,104.44726810673444,3935
2002,def,1610612754,102.85994883093923,103.57593234651678,103.59253538503258,102.844097993905,102.78782239672539,102.71893560686233,102.95716368978165,103.01951624223103,102.77243839963656,103.11831276232213,102.99551185449462,103.21593050852017,102.88661691832249,102.86848524191824,102.85243812887212,102.62076053442959,102.47694334650856,3795
2002,def,1610612755,97.80811647513396,100.09201520661117,100.57252611402508,97.9291301763633,98.29039725384028,97.55410219481935,97.50931138182834,97.73797879586445,98.08803058564737,99.56501946176358,97.99475739830372,97.80327716164406,97.9011576738528,97.83338349399527,97.80108106298196,97.24893162393163,99.83761840324763,3695
2002,def,1610612756,102.73812811073307,103.4279077536804,103.4858578948001,103.28007476269407,102.23834408500952,102.61184110594446,102.87745065601425,103.31454968195231,102.62740097751877,102.54065069692753,102.98590408641715,102.93339221457819,102.71978934215784,102.70427685270451,102.71394324764303,102.63157894736842,103.43163538873995,3730
2002,def,1610612757,104.32724770048284,102.93131504642173,103.1237914118458,104.36789206488587,104.4034339083475,104.31423977407367,104.12422735614682,104.7255667725091,104.47901851173529,102.96889057350165,104.43092325054658,103.70941568543105,104.36434070823657,104.33025852209641,104.28960936672749,104.50178424375515,101.77436440677967,3776
2002,def,1610612758,100.57815407138874,101.48577895485904,101.68431857345259,100.43981926600327,100.95634808970536,100.51599579946144,100.22942083165326,100.75404369739628,100.83845581019911,101.40193379687543,99.97569823508712,100.78253291864681,100.69980745077126,100.65366623648877,100.59500262990508,100.20268558398784,100.27721774193549,3968
2002,def,1610612759,100.71744419266668,100.672287633753,100.94395029892223,100.73521318107798,100.74066987246758,100.60675609692255,100.48826417464939,100.09403683902401,100.9381714857198,100.50430928408419,101.35229581873182,100.89169156635124,100.71945053300293,100.74518249033292,100.76378064068592,100.29000790930662,96.62379421221866,3732
2002,def,1610612760,105.51404805275409,105.31710992407753,105.34077429583047,105.93004581053265,104.82005578135292,105.6179045232357,105.44148185337082,105.89001465802657,105.56529469943564,105.73405175897436,104.61143013512877,105.87611449062176,105.51690523536465,105.48039419003644,105.49638027015183,106.00480384307446,103.01384740700516,3683
2002,def,1610612761,100.58583724019189,102.25199034107814,102.39313051955857,100.98513499212855,100.25544811761597,100.37557670427967,100.63017080896971,100.86864428142502,100.52719059128339,101.18959923592597,100.87092925861506,101.2122213855932,100.58506312881208,100.59650196917694,100.59685687721557,100.48205677557578,103.53521512743217,3649
2002,def,1610612762,103.21630349018115,102.62878157441783,102.06175988120988,103.83716552194353,103.07975452372386,103.32335996141694,103.64291804762115,103.05693768255584,102.90624762116022,101.84599607594096,103.10719446076408,103.53244360265435,103.26783385265303,103.22682746622533,103.17811835247348,103.19345473739773,103.26693227091633,3765
2002,def,1610612763,104.4651330810054,103.80869160835651,103.9962566701536,104.82172761435594,103.8989072107852,104.54345780317391,104.24728537795517,104.74769322346995,104.64102176568625,104.5286174717638,104.43448781131626,103.71303710200311,104.40144107256644,104.45571611556224,104.48908226428814,103.66451612903226,106.21484061076882,3733
2002,def,1610612764,103.70911698027427,104.00031088931158,104.08472456055266,103.35468173963619,103.53412963084229,103.5540707756196,103.55317337663602,103.8859239203019,103.83179834651148,104.43851525834211,102.7725206238133,104.52468060422581,103.88052128364552,103.78471540935803,103.7127268325042,102.96921819667665,106.96653867251783,3646
2002,def,1610612765,102.11992008627115,101.03868458435531,101.07631020802148,102.70032845267322,102.00690676230008,102.15220810123465,101.99859976000504,101.69977215792846,102.20755466582635,100.809773311536,102.33359646391416,102.04744572717388,102.11966897474929,102.14396622664013,102.16666131342039,101.974386339381,101.2582056892779,3656
2002,def,1610612766,104.38326625488867,102.99366660356431,102.77111203229116,103.8088862837075,104.19440016500049,104.63890418329919,104.39624915053406,103.75393743827004,104.37145764258734,102.72807295801532,105.64238637941546,104.56390704682777,104.35880651597579,104.3641193831229,104.40580615699189,103.87907972177635,100.34983853606028,3716
2003,off,1610612737,99.87206227582537,100.86040585913702,100.74814679806063,100.89642512791148,99.64653216682254,99.83884787953642,99.98433954658861,99.76460630053188,99.82990948289016,100.2706338773189,100.21952075484461,99.35434687309501,99.89683522531566,99.87816060224283,99.87092899558826,99.44561774023231,101.72680412371135,3880
2003,off,1610612738,101.01750807506399,102.7987025539445,103.06100149734331,100.75450515113529,101.5639972623875,100.81128088173168,101.10000235700464,101.07416060698199,100.95486920875979,101.63789727514926,100.84054060969396,102.33678014163785,101.02710874945019,100.90578254277354,100.9851546805472,100.6730520320994,99.89229940764675,3714
2003,off,1610612739,93.46146994830886,96.03293509849117,96.08570416527864,94.2852997108667,93.34668433653594,93.16286651699123,93.68385286208998,93.63183588423188,93.31293478978819,93.5932774287993,93.98728664254664,94.68509657323936,93.44230436939444,93.47920435610692,93.48740059924178,93.72768995410505,96.87975646879757,3942
2003,off,1610612740,102.11038157303166,101.50126045267888,101.64994739581721,101.75839445250841,102.12349093540197,101.98806104559341,102.06084148883619,102.03863761524998,102.18958010567883,101.2126822785646,102.82561790446424,102.16376807766996,102.11873443510648,102.11854810574778,102.11683765911027,101.6163222045575,103.62027353177795,3729
2003,off,1610612741,98.05613604381928,99.4875132542885,99.5633819962848,98.31708637211922,98.19194944373425,97.97013445975526,98.10502903090922,98.40580904735818,98.01529537254316,98.28905599291792,98.14820964283312,98.52874976457589,98.00635831043006,98.05594258737767,98.06665929288589,97.91401678962096,100.2036141511835,3929
2003,off,1610612742,109.33972988120756,106.6190510923353,106.87898146202335,108.01988290177104,109.71801106908708,109.40356469593729,108.97837797060534,108.87734380808433,109.61032010867345,108.5421007933523,108.9489018343386,109.19852864284475,109.38791371925568,109.33483751757853,109.32284514038979,109.56175298804781,110.38691249026228,3851
2003,off,1610612743,89.70325996099193,94.03159911298162,94.69094086402762,91.24115475403286,89.24954632313846,89.2403080051242,89.49207793784669,89.99790976689019,89.89064059461022,91.51802111399081,90.27433600319318,90.69687769019055,89.70141513431088,89.72259733599071,89.70240751866436,89.86486486486487,92.93139293139293,3848
2003,off,1610612744,104.90057469667286,104.98900061112691,104.50974847225544,105.27669390605081,103.89337668000267,104.84758649889352,105.36787413188938,104.72152064663292,104.56290655704244,105.08293919515154,104.65828028571208,105.72005653324378,104.93779692329443,104.92072575110222,104.9069117203255,104.21297492892221,108.40210052513129,3999
2003,off,1610612745,100.65184834884217,101.702154044068,101.65191394023549,101.03467250569932,100.55032762608946,100.57882572945246,100.79687768249799,100.62298926598368,100.52720958328422,100.86717931111566,100.53887421177335,101.41996022902241,100.63139310779094,100.64652880981077,100.65307916716183,100.6716818914562,104.89752462070801,3757
2003,off,1610612746,98.55281505692088,100.69946831846391,100.26106687086998,99.07223833671357,98.72309897371247,98.51419793103308,99.02840854105867,98.62095897939666,98.18638150522771,99.52370840413155,98.80766869130571,98.63707194917426,98.54893322608936,98.54953507316499,98.55223657987511,99.00471451021477,103.38177014531044,3785
2003,off,1610612747,102.21062844253522,102.78533478962636,103.01333031245274,102.34721140056625,102.03561755510385,102.12021702781743,102.08007447496198,102.39539330439666,102.25555895033872,102.84642466250122,101.8512025279965,102.54579058814912,102.21288446107513,102.20499436827095,102.20876546303064,102.15274218349565,110.26240581969343,3849
2003,off,1610612748,95.90849808651193,97.54063925593589,98.10859153967061,95.95490552777487,95.83851452406735,95.58351288437353,95.60138507751446,95.9436856884955,96.20546420718473,96.66796347639051,96.57301092731528,96.37600114233116,95.95332837782088,95.92892362760199,95.91491726716187,95.36605429119824,96.28618241398144,3662
2003,off,1610612749,106.37522030998913,104.46416070174281,104.19676123762959,105.82842408395484,106.82891028630789,106.51281021905558,106.4769659917787,106.25848911634158,106.3380669272813,105.12581337451367,106.08498829853637,105.98363662200389,106.42019006946228,106.37140537169951,106.35540205609556,105.91623036649214,109.274515014616,3763
2003,off,1610612750,102.17321242979871,101.3481501243271,101.29203344870669,101.84046038008002,102.2010464076527,102.18970003705458,102.07350147624194,102.12648685885144,102.26690477977883,102.1134030037931,102.00308653054255,101.77851645328442,102.23699033060385,102.21745492678409,102.20446441057148,101.98966408268734,108.52528461742124,3777
2003,off,1610612751,103.77181339060738,104.19199216843748,103.954314735833,103.78082901925299,103.65209306584313,103.84246617783258,104.01518055804377,103.84422420127407,103.53777153602343,103.83889847632558,103.74167619615558,104.19082551283263,103.69918490020703,103.75730265620278,103.77973569417422,103.93126789898464,101.33404482390608,3748
2003,off,1610612752,101.16624437223881,100.034993055383,100.61880179720191,101.00167401337754,101.42613673060242,101.05489183194447,100.64304869402274,100.99090045785563,101.61825517241313,100.00333667251577,102.22422864904394,100.35763941540651,101.19639200805914,101.17581866916042,101.14706127210816,101.09275053304904,106.42370214997378,3814
2003,off,1610612753,103.16052498859823,102.91563353729192,102.79606429430213,102.97762510580665,103.38002113064918,103.17005497520033,103.28344695401374,102.95637255558037,103.05754591667265,102.61362664734241,103.72078893192865,103.0527674341566,103.16960023657118,103.15001541855386,103.14497206720186,103.27357755261107,105.26992287917737,3890
2003,off,1610612754,104.40896718353365,103.92682892445792,103.30571067411758,104.66302987923557,104.4756828815295,104.61357006951437,104.79165350092786,104.37382176298026,104.04271567596557,103.99849878827364,103.85164072872854,104.35774896252262,104.42226136510271,104.42668054881464,104.41856913430401,103.94179894179894,103.05584826132771,3796
2003,off,1610612755,100.8029702912027,102.4276956080964,102.36530481413898,101.000992292523,100.64608541631263,100.76565207010167,100.97259012337598,100.74029585307403,100.69029162180374,101.88115447584016,101.22664053458372,100.99701730858756,100.72143334877572,100.79641868464434,100.80336699016506,100.44132917964694,106.29078569564082,3831
2003,off,1610612756,99.52538860190084,100.49719360145035,101.12054398735607,99.76426843639949,99.25503346320197,99.28560369157438,99.1688830494133,99.60191912476735,99.78358333642781,99.97766763381514,100.17784536951388,99.71257064429642,99.50227114625918,99.5222653765453,99.52961627134417,99.86880083967462,105.80509587601786,3807
2003,off,1610612757,102.21542752923507,103.37082443811289,103.35123000975,102.41108676976155,101.98837367773527,102.2531410053842,102.25409660382235,102.40954396336188,102.20407471607842,103.39775126142914,101.876792242389,102.35708876801006,102.16345128874443,102.20466668012783,102.21493707349738,102.39616613418531,107.35214324470971,3686
2003,off,1610612758,103.98258631323239,102.76726963509539,102.95425739289162,103.61865074050986,104.36135748142078,104.10172251556152,103.66873357245444,104.21520795110689,104.21611107054517,103.2723750374293,102.98664809687796,104.1774926531548,103.98834271763383,103.9797887115457,103.979944746794,103.9989939637827,105.38577154308618,3992
2003,off,1610612759,101.19116562619503,102.11496430606482,101.78693105705132,101.55870653375122,101.29901831133712,101.24162786519614,101.54856953458365,101.43740034237842,100.96752061767967,100.93249905698457,101.03810921085537,101.70248903384622,101.14428210069376,101.15862379139863,101.18476955043359,100.97961344982791,107.61448349307774,3756
2003,off,1610612760,102.10386309668499,101.41085763939287,101.86613887122682,101.57121135616237,102.13581474791482,102.05999615887217,101.62714527364899,102.29808683190794,102.4737355265564,102.09903694902667,101.97433559761389,101.9339748131636,102.13818918617193,102.12398627692568,102.11122348176015,101.75723168423899,103.80613362541074,3652
2003,off,1610612761,96.95112745166567,98.7353165399791,99.1082604296655,97.08272618624937,96.96119027556078,96.59514584347608,96.90296816037626,97.21668184925007,96.98355710304556,97.68684133764849,97.4384723198022,97.44212527948807,96.98662635163386,96.95876219306574,96.9483857257124,96.98600645855758,102.36702127659575,3760
2003,off,1610612762,105.04272445287121,105.76348855326707,104.55025573818368,106.28442912622886,104.23528077494424,105.5087429478653,105.89747674772524,105.00065258877518,104.41824606360319,105.00978585305656,104.37068896109385,105.4996843384509,104.92805384990146,105.04483850550693,105.06019217165112,105.34902380315593,103.43614718614718,3696
2003,off,1610612763,101.20927208025226,101.31191298998779,101.37060504041506,101.69617090755825,101.28536753505692,101.25274638335195,101.06596868230096,101.23577522167032,101.30319679328129,101.32518112449499,101.05657075996777,100.72569640547069,101.23896135476897,101.21930173356485,101.20986147115585,101.11804472178888,104.12926391382406,3899
2003,off,1610612764,102.60038849641143,102.55823878949602,101.95093850495255,102.55803735881427,102.63303360712345,102.68986260806092,102.97517211527003,102.51286560390247,102.33026702515083,103.13381060550313,102.06806579105624,102.31606538579722,102.69645483783073,102.63962088135133,102.60771202016804,102.55564715581204,101.63443203486788,3671
2003,off,1610612765,101.72785330020363,101.75507358937983,101.44176381383207,101.77824593809692,102.10452629565528,101.73440208380707,102.04622772635135,101.69011447000565,101.526440656761,100.80528241129957,102.01926441912092,101.88744127327791,101.7519855458166,101.71083560964932,101.69956063301962,101.5410016510732,104.16438356164383,3650
2003,def,1610612737,105.58912327529245,104.75843942650242,104.77814967318635,104.91923517273923,105.30837759609211,105.50674775010117,105.70069150949973,105.50630566965201,105.53670622972517,104.77936306620217,105.84508794934088,106.41707323087532,105.55963697822571,105.56739191432015,105.58884190770101,105.14376154049063,103.34190231362467,3890
2003,def,1610612738,100.10372408482198,101.56306954699126,101.36307790675347,100.6169179375124,100.16439256053795,100.04305017627253,100.3147124834788,100.20747375521894,99.91143120447353,101.10132974696374,100.07374861635215,99.90687311880265,100.18378319957999,100.10979670335884,100.08398007922338,100.49312224240852,101.15715823466093,3716
2003,def,1610612739,104.99915229645896,103.95436413699032,103.52843477073475,104.80317006495696,105.35029510207889,105.22841957469316,105.25530612826059,104.682075099988,104.85706393789192,104.3452140710375,104.88433095354006,104.60209522140809,104.95494782518401,104.97858223932512,105.00907261205705,104.90969219028237,105.85241730279898,3930
2003,def,1610612740,100.32296610298604,101.6721198403423,101.60180473564262,100.53133474477227,100.44687251166361,100.34856974639833,100.39501696875953,100.48969704591485,100.25376788756758,101.15874772807645,100.82805050147778,99.82833549722274,100.26380064964904,100.31860769842746,100.34021152697464,99.97353797300873,100.86114101184069,3716
2003,def,1610612741,102.84820498312969,104.4532833105689,104.32073034363678,102.86148887851591,102.59508432751441,102.80135575827647,103.09281579328685,103.44202127835231,102.66733787177844,103.91162685316532,102.69070949893187,103.25091363257897,102.81971870205409,102.81840733262709,102.84319113226596,102.91039060505489,106.28658691779079,3929
2003,def,1610612742,97.9731305187638,100.68615275803604,101.14922784889963,98.4437179588669,97.89720796162145,97.6937831662789,97.92229657049084,98.65661274160536,98.01940658932783,98.90012402942902,98.59084944978707,98.46754628983311,97.95753340687492,97.91796995510543,97.93612117744058,97.8543046357616,104.49000778614067,3853
2003,def,1610612743,97.92464610057519,99.11470342469097,98.33984556938286,99.14295990038512,98.12331259374318,98.02427438744914,98.46348114666038,98.11103430689019,97.51286532464565,97.02296815290772,97.72000193154545,98.26997596166328,98.00154179162868,97.9743457881601,97.93465214332994,98.05194805194805,103.02083333333333,3840
2003,def,1610612744,106.02638410007158,104.34976193645751,104.06302093727365,105.7140840753927,105.62011716348275,106.07863503270173,106.12810709578626,106.23003892644653,105.95656394427368,104.84229474456411,105.4588460203644,106.39039742012122,106.07856015731596,106.0887502500312,106.07809878017365,105.78169561835624,109.64276792405695,4003
2003,def,1610612745,98.90215062836629,99.98205422022188,100.36425766174132,98.23701918407984,99.38373958414593,98.677882724256,98.61344871240499,98.65607756117149,99.1927180216338,100.01757946591034,99.74902268560281,98.55149001297471,98.96296872337795,98.94439327496812,98.91823769814955,98.8191089640365,103.71062466631074,3746
2003,def,1610612746,102.59889877958999,102.34716579337059,102.54108567293325,102.37359875194718,102.31348570103971,102.52728890570573,102.38961844256781,102.49796088580982,102.78055665040644,103.0639282790725,102.6762644463578,102.43132992216891,102.63735282567129,102.63049905563636,102.61014830713872,102.43010190749935,108.78539296110083,3779
2003,def,1610612747,102.37851581477987,101.64093709872924,101.34812077905875,102.24567065885893,102.66558596671341,102.35961836403702,102.62728719440837,102.60591572151607,102.21995911637006,100.2147196049897,102.5901440394676,103.08111418800608,102.38868069529029,102.41070546922592,102.43526365957278,102.26162940118222,105.34509600415153,3854
2003,def,1610612748,100.16613898593599,101.42073802888562,101.06866197571927,100.34853494862294,100.98873951178805,100.11445748320503,100.5374213790992,100.31109104778535,99.8319822310804,99.50970833564323,100.23571501994087,100.8414873457846,100.19386565699142,100.1773255803362,100.15690800372582,100.43943971436418,102.51434818256354,3659
2003,def,1610612749,105.6961987752808,104.90579240234749,104.7734646321406,105.41671671578061,105.36504462960683,105.76538349393604,105.84933059132698,106.06163139524311,105.58802404394375,104.97021735103343,105.85124548774446,105.69702366160877,105.66667274567352,105.6561322147055,105.67361734501341,105.83616854226642,108.99653979238754,3757
2003,def,1610612750,101.25144464642496,102.13178536211683,102.37892255121326,100.91004129808897,101.41804975072762,101.07761573342567,101.16161888474375,101.3884749614356,101.33489695651723,101.5875552815766,101.47980379274986,101.77097861551974,101.28638956492914,101.25613949940042,101.23447772331146,101.18832343063808,104.65239228125826,3783
2003,def,1610612751,95.61670582256525,97.15260560195325,97.2952019786401,96.47935144995833,95.8069014915429,95.46416854262827,95.63514940961774,96.18667322444196,95.63689605517537,94.06616484161897,96.42215994444894,96.3881219120025,95.61466181382808,95.61492029462403,95.616792682619,95.73915302676019,98.32044788056518,3751
2003,def,1610612752,104.30584317804042,104.9538289588962,104.42661723623449,104.0669305225649,104.37948847327368,104.4157446930251,104.68558361749004,103.98532991303321,103.97223801481992,105.36199062298097,103.8901018770358,104.6015662391136,104.29726494561585,104.32525955869544,104.31199592388556,103.19659030367607,107.01387071447265,3821
2003,def,1610612753,105.25970332984551,104.71411203272059,104.40675821236319,105.58692029403034,105.00042781586534,105.48488587259654,105.36234180646665,104.98740231130003,105.1238440703735,105.74905357134053,104.44607464804379,105.07086537668326,105.25541548723474,105.2521951147273,105.25804211850026,105.14285714285714,102.87253141831239,3899
2003,def,1610612754,99.10789276630692,100.49310618844333,100.97027312208064,99.31672548680287,98.99635491340788,98.81731613147,98.9307832223504,98.77661631287687,99.23530331308947,99.83421581713608,99.67743981210155,99.78174840695792,99.09039720633449,99.10863651348227,99.11932737607951,99.2574913815964,100.79093066174532,3793
2003,def,1610612755,101.09913087657367,101.66914639733896,101.46998597123135,101.81151023789647,101.123731138508,101.12331051673782,101.32828502057413,101.73628749610582,100.94259211144987,100.89393670701673,101.2480315337415,100.31624806226432,101.0989196080329,101.0731411657732,101.07314313570159,99.81884057971014,101.53806047966631,3836
2003,def,1610612756,98.51616322204559,102.05953458901797,102.55049965091393,98.96430707650725,98.12792308713702,98.35250679680637,98.34711768039094,98.77039962558877,98.66064395419724,100.92549189529726,98.31661065198907,99.87943904540265,98.42960443365303,98.45381729500703,98.51907423442259,98.66071428571429,104.56692913385827,3810
2003,def,1610612757,99.71062514150438,100.44192885482366,100.98998030422264,100.16933911689297,99.75153850494999,99.5654509338387,99.3460122898424,99.70166725197028,99.99488095520462,99.83935492966003,99.55481299074185,100.23821616505322,99.73777669804018,99.68662691207338,99.67570293073969,99.7873471557682,104.18364574843793,3681
2003,def,1610612758,95.10994548326205,98.15112433956611,98.40502496286658,95.59955721500245,94.74622243718908,94.78209590814058,94.939178801017,95.48324443855209,95.28269532338253,96.57504678233879,94.81377865593988,96.55813879303776,95.24787763064532,95.19608587879978,95.12846806735705,95.41099344427634,100.75093867334168,3995
2003,def,1610612759,96.71939351044846,98.30142439812074,98.58243380663417,96.6822596440146,96.66411316387224,96.43191739421873,96.5585352743151,96.33013475952004,96.92377979011074,96.93128106283335,97.36051568702887,98.01294757839311,96.74087849873898,96.78493161629865,96.81317869316568,96.76649880731513,99.84072205999469,3767
2003,def,1610612760,102.1796054067836,101.77306518854378,102.03024747738611,102.52221168657384,101.91762430503536,102.13307201818553,101.97049423033259,102.80420253225637,102.34060653829606,101.0838908955732,101.90552403643602,102.52896261441326,102.22083326092047,102.16640875492656,102.12919022394077,102.84244721169463,103.1498219665845,3651
2003,def,1610612761,105.74188050571301,104.06034335832659,103.78807902640872,105.59245698937279,105.64592351604135,105.93897642443403,105.8079839358984,105.84548686024513,105.68095628261445,104.41499089472337,105.50626296416061,105.54949426987078,105.66902524359381,105.76974548209093,105.87152959387778,105.44327674481272,106.91305503855358,3761
2003,def,1610612762,100.00619310197216,102.09482950809556,101.71763626587618,100.63794440405363,99.96920501914049,99.95217963115654,100.43629490108302,100.06168650589478,99.63261658632578,100.98304971393183,100.01800607955114,100.44684574156511,100.01629868074251,100.00015814209705,99.99975441100466,100.08010680907877,103.35679480238224,3694
2003,def,1610612763,106.47210819630837,104.81811675462023,105.03500195125302,106.20241729119383,105.65239281247688,106.62944690497375,106.15670373390161,106.4036045871755,106.73165273952279,106.44261331390254,106.31532034608145,106.11498532309132,106.41269899618229,106.45813793790987,106.48961598274644,106.21586475942783,106.22267935201852,3889
2003,def,1610612764,100.6971759470582,101.31296076858048,101.34220227680113,100.70866013149586,100.95327742093666,100.60622937616505,100.5271456511564,100.33517642076094,100.82019253412997,101.42333503483898,99.65010171755428,101.63587953715596,100.89760464662179,100.7707579165354,100.69290533131378,100.27427317608338,105.7127312295974,3676
2003,def,1610612765,97.38497980299574,100.09038521049484,99.73951685621546,97.42244312366068,97.8742341601831,97.3316962433881,97.68294995570422,97.80121414008342,97.18548400811147,98.05337924740572,97.95742627912594,97.74923593945064,97.36343983177436,97.42573061435904,97.43809659240608,97.28320526893523,99.75369458128078,3654
2004,off,1610612737,95.61609167650334,97.64007312986841,97.88191435962582,96.29867961784306,95.77348778041066,95.52484363505839,95.4572367112747,95.51927738093553,95.78512963909681,96.76770630955419,95.98433424006967,95.43722255322962,95.60943157926546,95.62688694195701,95.61740740011182,94.92830589484865,103.56220960247806,3874
2004,off,1610612738,101.66054078481585,101.28391639774095,101.24601919484046,102.00494781287637,102.21619893008271,101.67392331376733,101.6879121643688,101.65308260114428,101.60731490589896,100.92912488740912,101.77734121762522,101.03092749652902,101.69022697458239,101.64433455786235,101.63664885869757,100.9673202614379,101.12676056338029,3905
2004,off,1610612739,98.22675185072508,100.02047580997775,100.14712793214366,98.5297161490334,97.94466197817518,98.10551696186603,98.21172542663075,98.25687731488418,98.23457544434858,99.5744035151014,98.39481796290472,98.57305758879717,98.20080198939567,98.24373570713952,98.22492098550283,97.65789473684211,103.21808510638297,3760
2004,off,1610612740,100.60079350214401,101.99901302095007,102.58930234273836,100.49645669638451,100.37590488338861,100.31478840634163,100.35379430154423,100.86661872470951,100.79233608896213,101.96530975090039,100.92172681244364,100.78007791784712,100.60365594392815,100.56526802839451,100.59401314543564,100.16004267804747,101.8348623853211,3706
2004,off,1610612741,96.1107018791939,97.61032868051642,98.16537104534571,96.48490199839465,96.0469402357381,95.85098862026916,95.813828607318,96.13685902448806,96.3416655837632,96.5339748698706,96.95960593569878,96.31991943292469,96.112068960615,96.11586589403399,96.11502219676403,95.70117955439056,95.47686740759886,3869
2004,off,1610612742,108.88080864047902,107.26269640023354,107.69002673889862,107.72626329408453,108.67443934296992,108.82362317444367,108.52631878841123,108.70728738653789,109.15319693076788,109.33531537810066,108.68758978165809,108.69324776446437,108.88339189123121,108.86456588613916,108.87565722004207,108.68780613560196,113.22207958921695,3895
2004,off,1610612743,101.89011102874952,102.44650339949266,102.44273276045284,102.02731808018834,101.62608737872506,101.87784614070681,101.96952769394841,101.81362634966851,101.8203046493251,101.86153423312062,101.98763692630763,102.6478362327203,101.826915547252,101.87758885069765,101.90031009772657,101.94871794871794,103.68448365334717,3854
2004,off,1610612744,101.92432543119365,101.795887901775,101.90101665307814,101.84059917848697,102.02839901203902,101.88151844223441,101.80538351839105,102.1108500428567,102.00778994399315,102.30243694011403,101.27435223919052,101.88176171546333,101.978933106942,101.93371827931668,101.92203361123784,101.16094986807389,102.69469145782809,3711
2004,off,1610612745,99.65327306728976,99.38289973679096,99.61744131730302,100.51873872107487,99.64544638505834,99.54734485560726,99.4743632820729,99.6390014927615,99.82901107743865,98.69171595594258,99.85431025005613,99.36668980667139,99.70772871750813,99.65812021945855,99.63219127736224,99.22265408106607,100.93258726352252,3753
2004,off,1610612746,103.15302938609048,104.03409546204757,103.83710712024524,103.55208845073524,102.44397286622056,103.12065527054303,103.4175073429986,102.99895207702583,102.89761061417553,103.74121657974433,103.37215030608873,103.75334022989789,103.11099514243814,103.14720133331315,103.15797828896079,102.85190999476714,101.69491525423729,3776
2004,off,1610612747,104.2849779646225,104.16631671631906,103.51827454711943,103.73071489065646,104.43628986883421,104.39197896765644,104.82873920798232,104.51737124727428,103.9063381705184,104.50724920138502,103.82319781675503,104.31037989851691,104.26963710142803,104.29323637330806,104.28993855208559,104.21377183967113,104.99211770888071,3806
2004,off,1610612748,97.26996149822824,99.09477855123697,99.60263917767551,97.16710098044929,97.25740286125516,96.97351227372536,97.0819453173538,97.29575117117176,97.43744160069784,98.22462238741633,97.83861190064596,98.00413356742104,97.26743804548428,97.26418131464264,97.26738284406505,97.02479338842976,104.94995942656207,3697
2004,off,1610612749,102.51209817118048,102.5661145823772,102.54094953922055,102.09900584349197,102.71562027823305,102.51158388113973,102.5571635148977,102.50337393663308,102.47037067826776,102.74124017048908,102.83882059849111,102.24640089440915,102.49921143241473,102.50658969774975,102.51194943924632,102.1287779237845,108.33333333333333,3816
2004,off,1610612750,105.14774428824681,102.91790301140325,102.8764991642934,104.39709116756819,105.49090513239629,105.45469309172029,104.70133000854744,105.0416750702803,105.49487989582965,105.34348427825635,104.65331000246086,103.33896803143827,105.26447247605864,105.18563968906031,105.15368525092155,104.98786734968995,104.38193129564512,3697
2004,off,1610612751,97.34766834176679,98.69823373359044,98.86662539800292,97.25924070260515,97.79822466106371,97.3052092726673,97.23772898768661,97.33956394463912,97.4641678001227,97.88781409976636,97.50380152274401,97.69600014433979,97.32786909430207,97.34918940914058,97.35186799975703,97.155889455326,102.05183585313175,3704
2004,off,1610612752,99.37584114689147,98.74384114031012,99.01055058721144,99.97099759452534,99.76131377028284,99.46585243557523,98.93241578633207,99.06791918584737,99.7885657874102,98.80486366173525,99.48449792082764,98.40606689265432,99.43917207756897,99.39160213279905,99.36924804416927,99.05013192612137,101.44617032672737,3734
2004,off,1610612753,101.51063058774547,101.1913646502449,101.45154597947305,101.10743676017748,101.43974111336864,101.37996611717948,101.32959695713782,101.51381712516132,101.62957495659622,101.37794349521911,102.08809293693774,101.36036609903707,101.5439532926031,101.52367960495899,101.51067792120988,101.60822567888215,101.6471838469713,3764
2004,off,1610612754,100.74697303303522,101.24826497351165,101.54866135730536,100.83080280309082,100.5762073076354,100.57507472821449,100.61370233337524,100.7321012710311,100.84864178580926,101.0753767068103,100.96517457757714,101.00318652597853,100.75330151400952,100.74742019255847,100.74575208254653,100.54869684499315,105.16483516483517,3640
2004,off,1610612755,99.14942647736076,99.92139019179172,99.91110353238791,99.61110941220899,99.14835789276232,99.04800861592908,99.27619205848393,99.12792049683777,99.05316524360872,98.84613580449442,99.67884236096434,99.34064061300249,99.12627019082475,99.149730300801,99.1606066085373,98.25033647375504,97.27148703956344,3665
2004,off,1610612756,99.875395757151,100.19321839287724,100.57030638085631,99.7851197169782,100.21654860017549,99.86209362628877,99.53437276825434,99.79793849422386,100.16067855661176,100.14664984192872,100.09489774573305,99.62134687557896,99.85386147801918,99.87308433588832,99.87861662873135,99.79134063641106,101.51991614255765,3816
2004,off,1610612757,103.10112493853923,102.43608515140276,102.82288299546043,103.10900116013016,102.61925047540092,103.12928570230511,102.64024487309975,103.32244111507713,103.40591614610756,103.42708412245503,103.17318843034612,102.36952621118674,103.1179380494982,103.11756021205356,103.10695474159786,102.8941565600882,102.06497797356828,3632
2004,off,1610612758,110.81172009964581,107.38568890595641,106.9991220429486,110.33848627506713,110.9444950924415,111.1681996610179,110.83049315036155,110.55843195498656,110.76512342815452,108.98382406076318,110.10091884851047,110.16744835351068,110.84363929398002,110.80902211671878,110.79744381313999,111.09391124871001,107.36212278876171,3844
2004,off,1610612759,98.76311521292932,99.75006833851798,99.61183670976703,98.83433592227499,98.81089714204238,98.57587887925003,99.06218578168532,99.27077047279872,98.57912393920438,98.8575778691016,98.34266916122637,99.49920270406176,98.77426454110913,98.77554052264212,98.76806180244071,98.40679766330324,104.34423975804235,3637
2004,off,1610612760,104.3594776405102,102.95934601250373,103.4012158324378,104.2923258973448,104.5991660955048,104.28892894939369,103.98396166979376,104.400616539708,104.61415120488056,103.1179654786092,103.61691403239583,104.91833821958728,104.43750096988362,104.31546983583725,104.3130540054183,104.2853409981709,107.84796281104731,3657
2004,off,1610612761,95.80461518787511,96.46542241837591,96.89609840784412,95.90369666038521,96.36839084451137,95.6241307503318,95.48386806457022,95.82295132919413,96.06498305800339,95.4506236119918,96.13995444552796,95.96937623085303,95.8666848667951,95.8243066318057,95.80091901303429,95.34691629955947,96.27717391304348,3680
2004,off,1610612762,102.4689456247042,103.59639548996716,102.84589269149811,103.51039386124872,101.7670462096538,102.72942310899033,103.0400303537264,102.53746954787204,102.01027892462692,102.76033506474356,102.62477357677847,102.45764023051902,102.3806955312509,102.4628650889542,102.4810884553921,102.21069868995633,98.60178970917227,3576
2004,off,1610612763,103.4886069308347,103.62262791582049,103.88368194893012,103.43584620948776,103.1886812452563,103.4016059161572,103.37357216743611,103.65323603708553,103.58915350009183,103.83475924900979,103.36881871502212,103.74631667468704,103.45634065718617,103.46396872856707,103.48468047749185,103.20145757418011,104.12289915966386,3808
2004,off,1610612764,95.49275417765173,98.06504391329854,98.38534800216613,96.18302601794049,95.34614720522019,95.14077823414283,95.5607752587895,95.76089239903096,95.42949875384677,96.26375500255493,95.55637133748647,96.79087473366872,95.46681665851104,95.48457069767638,95.49358759816518,95.210677833028,99.94865211810013,3895
2004,off,1610612765,101.3924579428288,101.80178998346814,101.65723458139249,101.7178274437605,100.9598107274856,101.34391873759408,101.5858064699551,101.27981420443625,101.24387645667122,101.29225816560422,101.99870512529166,101.52069501446964,101.36700430274776,101.40009777697396,101.41139831381429,101.17711470024638,100.57205121220376,3671
2004,def,1610612737,102.77848764078297,103.06676532862969,103.2159832525974,102.17672424139492,102.90505610922617,102.64903680807448,102.77583849054135,102.63985209294688,102.78690762437995,103.34503877573923,103.1733565830186,102.8650227537863,102.77161722865047,102.77222037843947,102.77687556663469,102.36074270557029,105.66134843026248,3886
2004,def,1610612738,101.30369918767876,101.59518423163485,101.72246901696607,101.70287049817243,100.73931967606131,101.0697753112961,101.43742413725735,101.81236736947157,101.17535984116031,100.54286767857438,101.69602666826525,101.8822831439509,101.34796382096947,101.2828081746749,101.22111679676996,100.9401932619483,104.33778234086242,3896
2004,def,1610612739,102.13344403593402,102.02242253265662,102.32015449074063,101.41888707180591,102.56633206131234,101.94559024566728,102.0273120622754,101.89129799889572,102.20674566843002,101.72866587370586,102.71711569037903,102.59703516494366,102.13325771423206,102.1343961103735,102.13514690965403,101.5027682573161,105.1792828685259,3765
2004,def,1610612740,99.55959567812369,100.16807605106398,100.33565888818167,100.24921245858444,99.32408568033023,99.51042928215232,99.48130550970814,99.6129757935773,99.64751616054535,100.1088394612362,99.7813242972893,98.96918708945239,99.5645159212346,99.54020683321387,99.54335957409793,99.41317684715925,102.83171521035598,3708
2004,def,1610612741,102.71037482586165,102.35696659701543,102.34174676528411,102.71397543333845,102.61182547138768,102.6843508868075,102.80624421441172,103.46124929820596,102.62369630863843,101.44437151383887,103.12637937215584,102.62559622434215,102.68063221166975,102.68666195983452,102.71521319378613,102.62191924488725,102.32678386763185,3868
2004,def,1610612742,105.96161100018811,104.89276739215985,105.23620977605145,105.80243123481318,105.77105133975721,106.00974191316288,105.65861938249272,106.2343781517335,106.14737921174824,105.80969710362874,105.18783908533875,106.04865445091507,105.94981767592834,105.90430964699009,105.93579740886393,105.7172289466907,106.97375193000515,3886
2004,def,1610612743,100.67319183488088,100.57645452074206,100.72840882138291,101.31814592822394,100.01863312899819,100.64480263838155,100.58650098001551,101.18998588615139,100.73010509284816,100.01321738006168,101.17087947413094,100.32916564411664,100.60994371594303,100.66116526680023,100.73616363302291,100.38560411311055,103.29698857736241,3852
2004,def,1610612744,103.94699858427799,100.97320213140542,101.08529004258673,103.68034943030929,104.30862839392174,103.98400236733836,103.61714950060737,103.85913819591765,104.19160882220785,101.87580646619263,103.78487313914277,103.07172986252246,104.03501116474537,104.01413973518348,103.96622723309079,103.24795352521785,102.21203129214999,3707
2004,def,1610612745,94.95715035270798,98.09551091690322,98.43959188258519,94.65985137476856,95.29411683838205,94.4161901905424,94.99821897259388,95.26761385813428,94.94083689410611,95.16959917534425,95.77867469420183,97.07171519173816,95.08250651865806,95.02856832036659,94.9472627692191,94.8945615982242,101.46862483311081,3745
2004,def,1610612746,105.34591569011799,104.73074796427859,104.79402954264202,104.93337789487715,105.36291496613687,105.45193262678951,105.25546229351104,105.89379309301937,105.39652900356585,105.54976625654399,105.21351586765955,104.51760383339365,105.30132184996293,105.31476262636687,105.34502346373166,105.20261437908496,109.21854304635761,3775
2004,def,1610612747,99.59840152440115,100.91097769744343,100.96127838479603,99.7483768742362,99.96339448515657,99.60265946640193,99.50132120795718,99.46357025943772,99.68080221173652,101.0583735999507,99.3307813858453,99.30207888265647,99.62848741895516,99.61292327321209,99.59839052644729,99.2827868852459,101.58061116965227,3796
2004,def,1610612748,102.53590467392932,101.75324652194288,101.273798858772,102.65274107772868,103.2812934614874,102.6105676939858,102.82505656888574,102.6081275405168,102.28256265875952,101.61646643013118,102.24436772627378,101.82142467990842,102.62270611765129,102.57529646634703,102.51909171138793,102.31916068470458,99.02412577934399,3689
2004,def,1610612749,100.68009624902777,101.26026021019378,101.53104508612229,100.66937740931279,100.55151250615643,100.61169803627796,100.51963039131523,100.89982911337371,100.80877218135375,100.99262478188298,101.14102786172978,100.54826358022905,100.65585373876044,100.66409023291531,100.68125811256239,100.31570639305446,107.48299319727892,3822
2004,def,1610612750,99.36301417807155,100.43710723007746,100.69884586354674,99.1230530804964,99.39104433425305,99.18118127188544,99.2188040676892,99.10762770680218,99.5033502778894,99.60413496755652,99.4876463419367,100.66537493359954,99.41031018866127,99.39068913882929,99.36167175211033,99.19050188882892,98.50624660510591,3682
2004,def,1610612751,96.91756456421284,97.75046976151386,98.07927798694209,97.4905462834763,97.34071461540054,96.82673321438489,96.65984262263161,96.62382327931239,97.15419695135152,97.02667623664118,97.32127672131423,96.62736527741336,96.94083937146199,96.92649181973944,96.90988818069917,96.32313472893183,97.32865623313546,3706
2004,def,1610612752,101.35826400138401,101.55292064945364,101.32904489780647,100.83598017056259,102.15390280850129,101.28426106774054,101.54573818814552,100.94923969059076,101.17703937607429,101.88970607384663,102.00340151489408,100.47082084945666,101.41524555021827,101.3936109861591,101.36253779148609,101.02739726027397,102.59983918520504,3731
2004,def,1610612753,108.18412309292141,105.65365618724461,105.57224408927885,107.97310544789624,107.38084961638509,108.46375172977699,108.04451793589611,107.94191218248218,108.27951341936955,107.6423683462448,107.43854432430182,108.00521810862173,108.16814357118652,108.16190527712604,108.17555782046071,107.75316455696202,110.92838196286472,3770
2004,def,1610612754,95.26237168524553,98.34697195007705,98.60761610679357,95.70435329592354,95.7876303289598,95.06331300650446,95.14891671730119,95.71306545839492,95.36618358105363,96.30408650551387,95.29664743809435,95.98081421269751,95.25970254672046,95.29545261533717,95.28118117303454,95.03429355281207,97.69294149958803,3641
2004,def,1610612755,99.01891889425315,100.40651293962527,100.528936064264,99.60101416843784,98.8827231295918,98.92003416714904,99.04599882549607,99.28000256485852,99.0205988249861,99.21119220612438,99.01917216363753,99.62375811262679,99.02840068883233,98.9900144275851,98.98821548662877,98.33467633628794,102.70565728341077,3659
2004,def,1610612756,103.61231559011168,103.75577274938033,103.63897561367271,103.98841804038908,103.15778123206682,103.69263637522342,103.69280656001081,103.4149247712887,103.51776070925477,104.38744281162094,102.9107553663177,103.93660386450098,103.63376012603692,103.57881289607664,103.59766048071117,103.22916666666667,105.62532705389849,3822
2004,def,1610612757,108.01539178175997,104.2121553228621,104.53420854931753,107.43239182393818,107.95625548459644,108.23973037425188,107.48778355442612,108.00327053410633,108.40613120102851,106.52394723011729,107.75121001281437,106.53635619047687,107.99028830750109,108.00517481098464,108.02662619940749,107.66463752075263,100.52283984589984,3634
2004,def,1610612758,102.30162494427002,101.81996650371555,101.95030289463307,102.16936406432583,102.33084041249039,102.34768285934959,101.9550388620858,102.60285327266405,102.54546683870804,103.07587023630046,101.79782664209446,101.23320330867212,102.38319742601779,102.36118937975151,102.3098305709553,102.39074550128535,104.71869328493648,3857
2004,def,1610612759,91.53246156434253,96.52919283572656,96.91805109901658,91.58621476516979,92.09391333707713,91.09309109952447,91.45781157532804,91.87278538011061,91.6236944849527,93.3733806875642,92.20906771386322,93.31984830997185,91.5690814703311,91.59296884293593,91.55802078538225,90.88735387885228,95.56164383561644,3650
2004,def,1610612760,105.42767291189632,103.52472403027792,103.552353028975,105.77979786600459,104.46817979978147,105.62636224726484,105.29141083824126,104.64778354587763,105.54142005859401,105.21353624463828,105.07377743325065,105.39432463125341,105.39891781460116,105.38929721024242,105.41393751036479,105.25078369905957,108.0992637032997,3667
2004,def,1610612761,98.64420322113025,100.46479047668976,100.5300102677031,98.5660849787876,98.42398774298697,98.50735957827312,98.62460108251317,98.65066184210163,98.69510367472171,100.29926002390727,99.24503549794778,98.52152548140901,98.62909171649423,98.67835036267648,98.64901483346644,98.56551724137931,99.8914223669924,3684
2004,def,1610612762,102.48782015966124,101.9364920717175,101.2834918630695,102.8010444450394,102.57317316505515,102.6725000588033,102.97921933618763,102.16070072771458,102.10012887711792,102.02763270061693,103.03616989625549,101.51197436439182,102.4966335799873,102.4788716970344,102.46476352917064,102.56760447965037,101.45903479236813,3564
2004,def,1610612763,101.84514486955436,102.00850181768294,101.90923215202375,102.5637527832442,101.12206085097836,101.93974152853228,101.9861538194304,101.99227765356186,101.7245178634045,101.29135783904314,102.02677133826221,102.26535376622776,101.75805077537646,101.78671989267777,101.86237400193394,101.61500390726752,100.60430898581187,3806
2004,def,1610612764,101.0624597553123,100.68724413964233,100.67278144320419,101.5685928204961,100.4923461757875,101.14701191296894,100.947127347471,100.75136788810498,101.20768989684964,100.71412218307186,100.57762751801158,101.74091649206514,101.06674009484324,101.08914539018127,101.08635973794192,100.54830287206266,106.26444159178433,3895
2004,def,1610612765,96.06834783632252,99.6300533050045,100.27216981454181,96.2548153836503,96.08961312278201,95.78460184407209,95.76171094739111,96.41737377016162,96.33852718073935,99.23491812380396,96.68937355490685,95.64322476075442,96.04470647097362,96.06145918489223,96.0647305935221,95.85961063888128,92.76977439521609,3679
2005,off,1610612737,97.90815070646019,101.33319288987248,101.8219047019888,98.62337462666467,97.7138318452994,97.60630220561654,97.84412226267906,98.43558348780758,97.96103732740258,99.7042820189878,98.1261389471076,98.68849309467961,97.80629856308866,97.88222744654853,97.90477897909791,97.15181604389862,101.03977125032493,3847
2005,off,1610612738,105.12652820734775,106.33623032105042,106.0049428514545,105.54926585541993,105.22712039515072,105.2576165677592,105.40530579293403,105.06814055598707,104.89390247547672,106.05425778220352,104.9639773818002,105.00468485662408,105.0606236536075,105.10451707609134,105.12647152594587,105.0778259760143,107.6923076923077,3887
2005,off,1610612739,106.70979139747281,106.32739165028693,106.14973711361417,106.63753314678442,106.40609416230053,106.85437863256678,106.69154841135476,106.6035463226989,106.69340128494576,107.10400858847501,106.23344826549872,106.72951654909274,106.71231160775551,106.74255743093555,106.72240122432885,106.29501200320085,105.47317336209221,3709
2005,off,1610612740,97.53963722842408,100.47947065768739,101.36119707820386,97.57694510545355,97.38838853443553,97.11553236601905,97.08294238893227,97.30658168676908,98.00073904327593,99.88036639011237,98.27490563573426,98.18161568583066,97.56894203134422,97.54485127149361,97.53935115332789,97.22908093278464,99.86471861471861,3696
2005,off,1610612741,99.04518100880566,100.84350385945524,101.2991817386085,100.07895338936193,99.1179689752551,98.88533470048881,98.78223216120227,99.12185616480453,99.23038377512066,99.56393744527075,99.40682828109915,99.03611769053835,99.04248816706992,99.03294704305914,99.03931840066186,99.15988448411656,102.4012393493416,3873
2005,off,1610612742,108.26396606219562,107.49274562572823,107.12962507004397,108.01681915992103,108.10572372274112,108.40354514203827,108.45687723117008,108.03472092919642,108.13695124833194,108.24814981014833,108.36766518677607,107.7990408731979,108.28797847112574,108.27324209267775,108.26397150297278,107.93405461102525,109.69855832241153,3815
2005,off,1610612743,101.32794026135659,103.10572633385098,103.13113820113007,101.43670523042564,101.49809157486465,101.31941308736972,101.33596001188035,101.36911990168224,101.31005671116506,102.46368591624204,100.83538970118242,102.18139752318218,101.27414054393722,101.33888153474722,101.3288073707887,101.66233766233766,108.42481490936942,3917
2005,off,1610612744,98.54672910466277,99.88774091529564,100.37196941420781,98.2921109606508,98.90535834060053,98.22383696402264,98.2997415534474,98.79151537761706,98.75040427086734,99.21138743185293,98.3581640488562,99.33973306357831,98.63712044629827,98.57015031872945,98.54396443657258,98.43669912865197,108.77237851662404,3910
2005,off,1610612745,101.60321935904626,102.22294957562464,102.44035058115593,101.8763217605535,101.97076371006519,101.5283104173818,101.39779473444835,101.48743845780135,101.73849927028152,101.8918460612513,101.67173606901541,101.42164301012262,101.67117474597188,101.6126311786281,101.59317697148842,101.2142471667566,109.08108108108108,3700
2005,off,1610612746,103.27272360404889,103.97918472752,103.49837066416661,103.89055698194166,103.04692641421352,103.45291521869298,103.50252415629807,103.10651810299905,103.06016648180643,103.80312415145552,103.24138815494727,102.9864704385658,103.27857720694263,103.30737724074143,103.28613827110722,103.36538461538461,105.35382984362576,3773
2005,off,1610612747,106.99628179297198,107.35321192687957,107.37452955669887,107.15950959665452,106.90517635715794,106.915778659984,107.16120017257613,106.87626583751657,106.87841608554493,106.92306073318608,107.55604434233717,107.05304921994686,106.97895558340224,106.9353199772178,106.9686498192038,106.7144373673036,106.70508119434258,3818
2005,off,1610612748,109.8024011093271,109.12160014750094,108.44927196912175,109.43307410699511,110.07246314024142,109.98553192422311,110.37199417842164,110.37331303736185,109.39599933742967,109.71236814098161,108.86603074851834,109.42087307052458,109.75162976268757,109.77812909260078,109.80189711819675,109.40126050420169,109.64426877470356,3795
2005,off,1610612749,103.98413755677612,103.71497111915711,103.7521644868047,103.7304343742937,103.88743829627117,103.94634270962216,103.96233394336471,103.95904202240088,104.00684978159374,103.4725586867475,104.86926851487142,103.73158867891844,103.96401269550113,103.99837253195678,104.02575784725582,103.65982095839915,107.11252653927814,3768
2005,off,1610612750,108.14875657154698,106.25918172592964,106.39378253867216,107.77338865582685,108.03667797806335,108.28647262696082,107.72229241250695,107.84007770775686,108.52070436713048,108.23038557724787,107.87867747757711,107.0062350023788,108.26442021882154,108.17958140677543,108.1500861957378,107.89685737308622,106.38240086909289,3682
2005,off,1610612751,96.47659075701183,98.51698813757488,98.52457022396072,96.92176444604502,96.73977576920613,96.29042640182587,96.58366188641925,96.47328822033472,96.43340260278073,96.74856901749928,97.43447667760212,96.62184478372703,96.50395172948525,96.49992663566499,96.49424329709505,96.32707774798928,104.49799196787149,3735
2005,off,1610612752,103.89094147277773,104.47319101057148,104.70723441032537,103.96222376051942,103.89395925001293,103.85334890944962,103.67551702905243,103.73525856738732,104.01225258411036,104.75111027073352,104.03135700106476,103.66711395345138,103.89795413807434,103.90002453613955,103.89309424919082,103.3324586722645,106.40147523709167,3796
2005,off,1610612753,104.44171527990994,104.72835964581263,104.31328403429166,104.76888264271189,104.32903809149965,104.51676518904559,104.76490472609584,104.34048032561375,104.19947417842398,104.23388776017319,104.42577522428704,104.66603812763962,104.42429649387358,104.4583759223539,104.46168997875161,104.05885337392186,103.36220071319408,3926
2005,off,1610612754,102.11232024873688,103.46203252905109,103.29282173268196,102.5273537010164,102.59633211821716,102.10411739380099,102.31019957747417,102.03648326219988,101.93763636562086,102.66929869115307,102.41132446406309,101.78329608502206,102.11573045843404,102.0974201171095,102.10502910778901,102.20430107526882,105.9573288999723,3609
2005,off,1610612755,102.2394488109491,103.65704049846451,103.6226699484202,102.40987890522824,102.41337603844399,102.11079381010745,102.43370442099021,102.07981640788282,102.09241563137763,102.72297922998777,102.64591208744304,102.69016940971619,102.22081183326308,102.22829757466617,102.23800599430847,101.7717033662364,102.34238724146523,4013
2005,off,1610612756,113.39230920782609,110.87050130590617,111.05536162476947,112.76537464220712,113.48210541617735,113.58844133891382,113.07622701077987,113.37512990347517,113.59855985695846,112.55596268305517,112.95929447253238,112.66489873252553,113.38694700396564,113.34380632149865,113.37320677805131,113.0356684629202,113.60845001228199,4071
2005,off,1610612757,103.437447878493,103.65628107152487,103.94468570662751,103.99194529130173,103.04236392341299,103.3574480765836,103.27291921470409,103.65188512303983,103.56625948833961,102.66420816433101,103.50609467730568,104.14672797833413,103.40193193371172,103.42360625722682,103.44220109736995,102.90556900726392,101.31791285637439,3718
2005,off,1610612758,108.12493027794575,106.83306167200583,106.85078576821488,107.74485026981533,108.24789929505658,108.2696064844598,107.90540440704063,107.88081264483354,108.30096280519851,108.08999174018894,107.71769801883615,107.61825928970315,108.16791072419358,108.13867068186102,108.124523707417,107.51355538342371,110.82461067143223,3917
2005,off,1610612759,107.43013270882123,106.64959559857112,106.56742896416421,107.43849534071485,107.42488956803014,107.51688653562859,107.43620110716428,107.67530501317378,107.41956727786439,107.10202745145267,106.76651097562088,107.32158636679286,107.43062938624621,107.42278330805759,107.42659070283126,107.14285714285714,105.9344790547798,3724
2005,off,1610612760,112.91633557330555,111.06329889177434,110.88703218090197,112.98267484882095,112.3114949375803,113.08227054031344,113.01744112797053,112.63051001434278,112.85764412131641,111.738771240677,112.94445805065705,112.91197279086195,112.92262133689715,112.85710886440978,112.87398200264305,112.58475725522105,109.11594602038006,3631
2005,off,1610612761,104.84666094749203,104.29292211573218,104.68310434742664,104.47550130838052,105.14780929575237,104.68793799628617,104.62383139560951,104.82610510536428,105.03150354752874,104.17345169338611,105.41984475297653,104.69005428942339,104.86752890622779,104.83560655595716,104.82133108585855,104.36918304033092,107.44680851063829,3854
2005,off,1610612762,104.16478699332743,104.61991193819419,104.35169489020487,104.87693139217842,103.69945197574337,104.25996298249663,104.30487809302515,104.17860917290503,104.05617818459525,104.59080105488327,104.15663010489382,103.78519833731342,104.14582536287733,104.19170127050934,104.17871661701997,104.0107671601615,102.3958616934386,3673
2005,off,1610612763,104.62010899386645,105.05853018463594,105.24649136025498,105.06575473893147,104.52108424875883,104.5781829480868,104.58537028181729,104.6964245421688,104.64713718404717,103.94284448526916,104.7679142932222,105.32538057774683,104.5723110655129,104.56548168165958,104.60474709173975,104.53180453180453,104.64227198252321,3662
2005,off,1610612764,106.84378431041598,106.66712673668377,106.60932471574658,106.4855170981718,106.61022043029953,106.67758846752508,106.99966138670999,106.96675701248833,106.7007954421951,107.04765413240725,106.09571337884628,107.76736601479139,106.91741692454555,106.85305353450994,106.8358060052747,106.65312341289994,105.1795939614784,3842
2005,off,1610612765,101.92465737950106,103.22953928893068,103.22407519920854,102.20965131336479,101.58783208269347,101.75778098077913,102.07388367220966,101.88723256610143,101.88127467036888,102.56139779478484,102.36731025098321,102.2788878585905,101.91869780621624,101.937095083575,101.93414466294811,101.58556588299618,107.30444262741892,3669
2005,off,1610612766,100.29313173860803,100.59783411725188,101.12792323125686,100.13989182582303,99.99360529567087,99.94015735487245,100.01901040102521,100.78477091285812,100.49459244790391,100.01221230447733,100.76892403802462,100.6923469014839,100.31887345189043,100.3287303435959,100.33148515031577,99.5325889379382,100.80206985769728,3865
2005,def,1610612737,107.90930248592689,107.11695308364601,106.55466347228618,108.19284166264772,108.17138843180645,108.21430728761264,108.26490891839121,107.62860115707461,107.62765492960577,107.94317340833612,107.54525097004696,106.90704433674993,107.8552571845487,107.87078350328383,107.90919554018667,107.01983298538622,111.97916666666667,3840
2005,def,1610612738,104.4486907289455,105.44130921923423,105.51362515196845,104.75308103545437,104.0543083888958,104.40128537031073,104.50754987322041,104.36823533771343,104.39353518020262,104.92948523508055,104.41869091518991,105.29038525656397,104.39907459994326,104.41009014574891,104.44733821023523,104.20382165605096,106.77835051546391,3880
2005,def,1610612739,102.9177524774002,103.53946300682775,103.48747149910743,103.15295112769722,102.90749473544636,102.87461395108893,102.97865755263683,102.97704930494038,102.87506530974433,102.86987825188184,103.29714467335839,102.91379521539179,102.90206429995582,102.93401568511422,102.95358700854656,102.80224179343475,107.03125,3712
2005,def,1610612740,106.74013209993137,105.4453008092766,105.36614828837806,107.0156606299917,106.34846561805075,106.81906938968022,106.7416896552519,106.65659561743172,106.76149055383117,106.45513615302849,106.66041371547946,105.90889511017457,106.77831259868682,106.73353217659854,106.70771993415885,106.30506607929516,106.88533477907292,3689
2005,def,1610612741,98.12654259698272,101.08639343376322,101.19314188446707,98.57496264061844,98.17553616402871,97.76254663743595,98.35038101351464,98.26525696292255,97.96622990247296,98.82415014783801,99.23752493880689,98.89656213607239,98.15037705185213,98.14226658232646,98.12146597256142,98.14087457449594,100.74723009533625,3881
2005,def,1610612742,102.07351527853363,105.04535493444438,105.5924551076674,102.27297798918197,101.69691796622273,101.80521921750098,101.8961288045232,102.75897168397414,102.18378545814764,104.23812547403024,102.2683771911296,102.61762138645707,102.02421484735902,102.03525978073604,102.0732727570382,102.06878717351952,103.91178787083224,3809
2005,def,1610612743,105.01575493963698,105.34886177909124,105.26695619970288,105.52212938112551,104.9957811959077,105.11832692603623,104.98403620319158,105.22575188623446,105.01179096991773,105.91642977677242,104.43926185507408,104.25156211132384,105.03786096159591,105.01535395674718,105.01332641817382,104.57142857142857,101.4052120592744,3914
2005,def,1610612744,105.09485911308614,104.70039918791416,104.53431175687857,105.38947687700454,105.05638150617432,105.24073761067565,105.0035323350858,105.64375423315845,105.1619863979516,104.59993385923129,104.34647213774579,104.90563453221851,105.10784553560954,105.15523101842032,105.14602809406567,104.1741357234315,107.05552725420274,3926
2005,def,1610612745,100.8261836669844,102.77464183611515,102.59192580473317,100.49652326430143,101.57009775897356,100.65302744000172,101.05302385681428,100.97795549856727,100.67736616101551,101.60302192967069,101.53952290076992,100.68249162156079,100.90113327109586,100.87159982333677,100.82739764225487,100.48491379310344,100.51185344827586,3712
2005,def,1610612746,104.01067944872324,104.13107389421664,104.46303958632815,103.81266881989245,104.0087126623385,103.8325025828772,103.84115246444539,104.18037537717355,104.15595660038628,103.51703722265857,104.32705305697428,104.5253004085209,104.03525600567579,104.01678667757933,103.99204823319923,103.48868175765645,106.43879173290938,3774
2005,def,1610612747,107.05187186088719,105.7280642312988,106.50374853766209,106.14950931177854,106.99111960146612,106.85309943889958,106.45650868355725,106.73628396841124,107.53736724398695,107.40005835515252,107.46880741775415,106.54388536576663,107.0788066469811,107.05501355854936,107.03444750971018,107.05570291777188,112.67679413305396,3818
2005,def,1610612748,104.05532527257218,103.88121110724447,103.91983700964364,103.67956994932081,104.06924741067051,103.87748066932511,104.00442544242607,103.92653030478145,104.0913974228204,104.01204077895126,104.40801565790063,104.066048495632,104.14816808062227,104.12400650131576,104.0791561833088,104.33639947437582,100.87094220110848,3789
2005,def,1610612749,107.55050184189292,107.36262718967583,107.09634739342961,107.2711794356725,107.82268866854821,107.76230357724873,107.64034296855925,107.14334451323982,107.49102848511356,108.76380685154002,107.10824069256047,106.79863268207409,107.53690649347601,107.533594054616,107.55014418853844,106.94919715714661,110.15376458112407,3772
2005,def,1610612750,105.57972880427339,105.06892202381478,105.49857567832665,105.02157100292405,105.74135398526117,105.47014946957192,105.27872570483605,105.76438724617628,105.82200251607242,104.392339496749,105.67213846799602,106.56281281860835,105.57943155895858,105.5687968548636,105.564233592787,105.39597315436242,105.6506384134746,3681
2005,def,1610612751,103.2349177852772,103.77010773679302,103.38261725774795,103.34360907300083,103.86189639144443,103.15415198080075,103.70176149604285,103.55993223438833,102.88678204957115,102.18142586900282,103.90025639372384,103.06658807223185,103.26456058884708,103.23760145797257,103.18634218184887,102.89777300778105,101.42053068882338,3731
2005,def,1610612752,106.86302727299416,105.50826107510457,105.25146583396348,107.13306357111537,106.77480122303534,107.05843569417785,106.92815659200839,106.82571263432725,106.81028800992149,105.95935695613699,106.62882896591793,106.30074945117227,106.84030356499476,106.8689620208521,106.89050141951117,106.42274282705975,108.9041095890411,3796
2005,def,1610612753,104.72566491327169,106.11118580153796,106.3757178613842,104.47505613895842,104.75723142970749,104.61994629664629,104.65555448690483,104.68141389722784,104.7527855485213,105.89883242286565,104.89198044246368,105.27645963654626,104.6543407352044,104.69231332201352,104.73255135342505,104.62515883100382,107.7766445690974,3922
2005,def,1610612754,104.07138417247357,104.56573270599553,104.27647812218216,104.18228985816737,104.1338004590628,104.12365500701462,104.2774764594885,104.23345066618904,103.93667691225752,104.4688601717648,104.3907775519252,103.35981347916932,104.06506701592936,104.08467436610196,104.08790951193194,103.89157273215244,102.24252491694352,3612
2005,def,1610612755,103.97273008986673,105.11161155871955,104.91413635463634,104.52336480027903,104.1153878642142,103.94889529633488,104.24116100472897,103.66767654223945,103.73077083480044,104.8500905804262,103.7426024859128,104.11500854609591,104.01325940054326,103.93612673323702,103.94152949322981,103.74209860935525,101.89526184538653,4010
2005,def,1610612756,104.65583789882602,105.31512440406895,106.35957760211132,104.60822264880856,103.73181349699783,104.36703110138416,103.89588401579732,104.9945232430241,105.22591507744563,106.4797390781739,104.45387627415415,104.81252695863336,104.6548506446191,104.65645752276502,104.65593882328463,104.38686505900462,107.63564939847778,4073
2005,def,1610612757,106.54415965985527,105.84733192226649,106.34881024011007,106.4147456843222,105.97118027010883,106.49124510332712,106.11271214130144,106.66546374702239,106.88645478392793,106.71090221458132,106.33779006152912,106.62756477913969,106.51532687295564,106.53837106091044,106.55461599184108,105.93926363880678,106.9986541049798,3715
2005,def,1610612758,103.88366376901605,104.1694144255359,104.69810765094101,103.89048721136783,103.48890815802672,103.67020175487995,103.45533669369495,104.27727207258573,104.19014801118661,104.1834282215951,103.60029955202846,104.36723108670361,103.9502841869333,103.92743417026301,103.88902873400833,103.71996900025833,109.68972533062055,3932
2005,def,1610612759,95.33574766059287,97.65472210497722,97.89822996936596,95.69212642377451,95.84383405192996,95.02902323371715,95.21235964414514,94.73271777847918,95.49262140043398,94.85327053096249,96.491540909899,96.79422617772968,95.3514427539417,95.40953937906646,95.50242977187185,94.91942092324501,100.72405470635559,3729
2005,def,1610612760,107.27063958506845,107.30367759497771,107.01868522323318,107.38940705688846,106.89638409900046,107.44034347861286,107.40279385606588,107.12407223608786,107.12145864512297,108.20019789841884,106.73400673199707,107.17644153580261,107.25977640075392,107.26619898026755,107.271141792011,107.4877916440586,109.56593862316838,3617
2005,def,1610612761,105.72795362437796,106.0043044561439,106.08870295724097,105.75606013516379,105.47805173323418,105.70218781017432,105.65720594091857,106.44338220793081,105.75900103669562,106.27788642162378,105.64783394616195,105.09437810543321,105.72143641243986,105.73478988816039,105.73454258471688,105.51813471502591,110.04933783432874,3851
2005,def,1610612762,109.06892845379055,108.57507756673304,107.456432190661,108.89501244277754,109.5726246424263,109.35569537478708,109.98275526097657,108.81536401800906,108.3656692124221,107.92041796330145,108.58014883134328,109.72085115369713,109.05195426730754,109.02167214201778,109.03438949953721,108.62162162162163,107.88110171802563,3667
2005,def,1610612763,101.46164633590291,103.17860480414248,103.10307725596005,101.99533935184708,100.89312421979946,101.31570569948994,101.70362879860282,101.06628580612752,101.29196977438417,102.0419387432872,102.16349125611563,102.42147302890271,101.43829594831992,101.44882463770884,101.4679734573368,101.33697135061392,102.48091603053435,3668
2005,def,1610612764,105.75708319435506,105.36304449065744,105.17101324941703,106.28079429857569,105.31928529196988,105.93959583044845,105.714161969867,105.98962934850495,105.80990933006876,105.35866670448014,104.62699224153162,106.33030994687894,105.80068461378079,105.77969482125978,105.75484751131683,105.31914893617021,107.05912998176609,3839
2005,def,1610612765,100.16539346803764,101.38488248650144,101.71110924949816,100.49112304547613,100.37616888756033,100.00043890403416,99.99095604124619,100.15313452644395,100.33712655232014,99.94086897541239,100.78997945304195,100.6091142498281,100.15888351943616,100.17434353279273,100.18733521950278,100.3000545553737,99.78183801472593,3667
2005,def,1610612766,106.9158005213688,106.38306947272532,105.95120503460845,107.41736808056632,106.6680597322103,107.19444761162957,107.17412298432795,106.47909526700404,106.69322704551497,107.21999447591921,106.81540832268523,106.15264892794265,106.8471476461316,106.88002076010437,106.92296962370739,106.24512099921937,106.89922480620154,3870
2006,off,1610612737,103.68978769526079,103.84469580610951,103.93804789334327,104.39057958522866,103.37609790892282,103.60558571837005,103.68483278289445,103.67559227151501,103.69862491884213,103.08930149031467,104.13265336262928,103.71655644198617,103.66261467243147,103.69670684851185,103.71311020275063,103.23007678051364,107.3254281949934,3795
2006,off,1610612738,104.77105468726816,105.0126254421442,104.78949048907378,105.51864735522425,104.85796889478033,104.95999573528276,104.86149900196925,104.76041139306277,104.68903970938653,104.37592144114525,104.72685467175313,104.49277129262306,104.72327249769066,104.75800521463754,104.7778721235449,104.39701722807919,104.47015514067841,3803
2006,off,1610612739,108.7243776666383,109.30115664837335,109.05984473203134,108.58762253964633,108.56067996813373,108.74112651087832,109.04954614431603,108.68035868335963,108.46424318709052,109.41139138684703,108.49299417101085,109.2098866847909,108.67443949060458,108.67367186955813,108.7202316050906,108.73760385955508,105.4812834224599,3740
2006,off,1610612740,101.68662750499578,102.92878869310653,102.90681820096003,101.68136718834019,101.6917986659122,101.50026818228979,101.87824922185291,101.67342582722776,101.53778416900312,101.97516237636293,102.21398813204623,102.25296980407416,101.65784657481767,101.70488886502196,101.71119331116401,100.6957452502007,103.71967654986523,3710
2006,off,1610612741,103.359934611177,102.49414013886759,102.99032827144251,103.70369357808714,103.46774149475642,103.28176055152848,102.92345974504889,103.43529272007758,103.70387883918991,101.88777715875135,103.95850999351401,102.99475233273022,103.37735018675087,103.3614757648685,103.34478077726719,103.04133090720042,103.92006149116065,3903
2006,off,1610612742,110.2853530792848,108.59873925985674,107.92788839175799,110.07423102841108,109.73229841077512,110.54755697393311,110.67496595033292,110.21199192068482,109.99508513443688,109.35542888067303,110.87629624069146,109.38162439807492,110.29136893057169,110.30191072550319,110.30624025065252,109.65406275140788,111.01648351648352,3640
2006,off,1610612743,104.57543392486814,105.86692056119163,105.83520484177377,104.58020312233602,104.53520472271705,104.6066309604312,104.64682721132996,104.54789542319055,104.47759358162804,105.47699893350091,104.50118223531037,105.16904795615723,104.49823836709614,104.5655039879759,104.57814252383878,104.77885104219624,104.73266820158608,3909
2006,off,1610612744,104.82328820842106,105.63848086595904,105.99120616921464,104.28347262533778,105.1918682734043,104.64440343306578,104.67198200621385,104.99400703155985,104.88244676175455,105.6592021732633,104.41603855611656,105.5075018671861,104.86470917766451,104.78773440698677,104.81131466577135,104.55950540958268,102.73867417455848,3907
2006,off,1610612745,101.98267332236404,103.27479572535185,103.59328061522193,102.31422538562815,101.96546405040104,101.71248352265013,101.88722427554836,101.83581140511353,102.0076819693545,102.81963472902669,102.5100125095356,102.03273700277403,102.03555150110826,101.9901459191818,101.97490340420153,101.74225663716814,100.43336944745396,3692
2006,off,1610612746,104.4914052287582,104.24460193328444,104.00469238347038,104.43658395598061,104.53704750725596,104.61407478765781,104.45388663804414,104.17056343718325,104.52792190719158,105.15739787505339,104.56474598871947,103.55938003215063,104.56918604385025,104.5318597807953,104.49874463857648,104.26143790849673,104.7343503419253,3802
2006,off,1610612747,106.4690450572434,106.59791860464654,106.60607216913316,106.33098879803647,106.21453385039771,106.43794273204266,106.47601605931673,106.48033327045651,106.46175492607978,107.23021191036347,106.89649130748639,105.80765936486928,106.48610141170424,106.47009416291388,106.46690813660327,106.07734806629834,108.5308056872038,3798
2006,off,1610612748,108.01108342077649,107.53436977700945,107.3902401146587,107.94545077609925,108.10698692412774,108.12631566659468,108.10026707754231,108.24745428425314,107.96030463127103,107.67831968985931,107.27559344149572,108.24347132756871,107.98516276730946,107.97982081503316,108.00466231063523,107.68625393494229,108.29578584680625,3773
2006,off,1610612749,104.37519156374002,104.54492572860364,104.7092342889062,104.73856360843249,104.02721620296369,104.31196036234178,104.31087332346678,104.43772405934556,104.42764965734004,103.76231673559363,104.80600967890045,104.76190897020781,104.34234351964186,104.36540445039678,104.3840932560628,103.92156862745098,106.39137296159916,3802
2006,off,1610612750,103.41304190227636,103.43067966506248,103.76859581365697,103.33045879659909,103.62762927549836,103.4060931238904,103.00287393791076,103.455395353863,103.69747056245616,103.97237868294015,103.27639934418318,102.88633781651401,103.45612963365312,103.4392765373999,103.4180663058287,103.14049586776859,100.53219797764768,3758
2006,off,1610612751,103.64107608950559,104.50849421935591,104.26667079345822,103.56557681830606,103.96033817880918,103.57384950713177,103.95290879868053,103.65962002318587,103.39180930729479,103.98178351925897,104.22112788354717,103.33241325746869,103.64231622069566,103.6386148658095,103.63900711248137,103.38125665601704,102.36559139784946,3720
2006,off,1610612752,103.61474374856346,105.06588548780974,104.5388397322202,104.52423783919241,102.87727717662982,103.59353228079681,104.1853806276602,103.74807752075425,103.181102050188,103.9660870120421,104.28061474882071,103.65757782127464,103.5588684089912,103.61791996317815,103.63416477929886,103.49922239502332,102.64,3750
2006,off,1610612753,104.60569398195369,104.88136887502417,104.46260225130014,105.27769625192872,104.2368678021179,104.7427954308322,104.92286128172103,104.67107951970874,104.36687616886577,103.80723186826414,104.6851797218538,105.05617923823628,104.54919306415862,104.6097388482932,104.63832622300934,104.21081227927193,107.1952212869943,3683
2006,off,1610612754,102.06799880959599,103.35812944808673,103.09335324344576,102.62739555446535,102.3777359823831,101.99600393312889,102.41411861768272,102.19392743855649,101.8302932231983,102.1820687844326,102.15248610747042,102.13582554445657,102.08088048380095,102.05490303462115,102.05782748717648,102.30501206110962,104.38289862866363,3719
2006,off,1610612755,106.86354413400232,105.7221079121248,105.53324015719781,106.35484253014305,106.99812129733242,106.901509413198,106.99567931980941,106.80191530101442,106.74793998230463,105.66589833702021,107.02548376992009,107.11726235570154,106.84072730183436,106.88357116162254,106.905975869468,106.32522407170295,103.76623376623377,3850
2006,off,1610612756,108.17789171546289,105.65811005775399,106.6553658768727,107.55096499577915,108.82983641437599,108.21806477993125,107.01042775694565,107.92415502319932,109.04796683643772,107.59664285021725,106.97650491555936,107.81624443698944,108.31088978789236,108.17773493198393,108.16113874144513,107.5,114.04126824358329,3974
2006,off,1610612757,100.97538570948814,102.69790097055095,102.93789112777786,101.4128429573021,100.68487712135165,100.81355784206475,100.89198892823337,101.34123418165011,101.0187233941528,102.06055503533884,101.22359986776935,101.04617319121664,100.95171483873155,100.9894731929105,100.97851674800279,101.23318385650224,99.34497816593887,3664
2006,off,1610612758,104.96065255855333,104.69656475022899,104.5671692135967,105.06959034375025,105.33748473081559,105.0413744308574,104.92756916701417,104.63874181211908,104.9816528203617,104.97450379198254,104.51699256766726,104.81609577676342,105.01983827660429,104.98249256414636,104.96199895247705,104.72258064516129,106.61048195944167,3797
2006,off,1610612759,104.99350218904492,104.6257330384418,104.7478962155559,104.87356831604178,105.44721162744499,105.08010589122864,104.7666411931512,105.31424732543276,105.1453789572102,104.79994101542695,103.9071427244284,105.22101250754726,105.00076890567107,104.9996678017222,104.99468802853349,104.40623320795271,108.7830396475771,3632
2006,off,1610612760,110.8590032390067,109.62759693382336,109.71683520631576,110.62842489698112,110.20045793514163,110.85708510251587,110.76227436303546,110.65230807067334,110.95639235624576,110.91832927784323,111.05164133725128,110.46080345403246,110.89585986108516,110.84681364081037,110.8422211844102,110.76923076923077,109.36689154125584,3854
2006,off,1610612761,107.17599462238447,106.29288963286969,106.21005315620698,106.84104983136287,107.5744433590878,107.26354486164693,107.13188952818457,106.91819039182911,107.2134661933132,106.94123802223662,107.125230514774,106.65469452611485,107.21246910128643,107.18137790112364,107.16981456881774,107.07336313436761,109.765625,3840
2006,off,1610612762,100.69959959471772,103.49982204418654,103.37196848528959,101.58676048846205,99.93062569112007,100.46980400868485,101.05418263220152,100.76344444035804,100.46970630261139,102.2861241620089,101.1586054507847,101.37889114301446,100.66063517542656,100.7080811319151,100.69971521076306,100.35345296356715,104.77732793522267,3705
2006,off,1610612763,103.9498894441422,104.69109020673577,104.92423029782388,104.00621399444586,104.0136035140544,103.7707106545226,103.98870101136433,104.24652576667336,103.94050254132947,103.3862356933723,104.0839801538228,104.94562750569335,103.92968428460229,103.89461739548787,103.92405320870462,103.3175355450237,106.52654867256638,3616
2006,off,1610612764,105.8540121500009,106.56272939744335,106.32753862988143,105.51055436337367,105.58405058308354,105.71683965130936,106.18432319534368,105.85338741736517,105.59602852436981,106.56804849204363,105.58736805181444,106.75761269335636,105.88131522193157,105.86579389429419,105.85486797647575,105.83354939071818,110.52221356196415,3849
2006,off,1610612765,113.044628128571,109.53169985380396,109.54008845419243,112.11658238324975,112.58527084754797,113.12835886671512,112.91307808252101,113.064016951571,113.19881417655601,111.07101733972816,113.15972628783229,112.58223063230099,113.0727764445556,113.05609120203044,113.0383259745174,113.37950138504155,106.59279778393352,3610
2006,off,1610612766,100.21846774823779,102.68766530623668,102.8935154411264,100.17946965081771,100.03974298047656,99.90079444999968,100.33268288624843,100.34104073054482,100.10784030762994,101.62518709113206,100.58037209239548,101.33752214114259,100.19532883463586,100.22721619963332,100.22279342918843,99.79648944288985,103.71517027863777,3876
2006,def,1610612737,110.59847144979805,108.88067583407567,108.38253190314678,110.95410682358437,109.83388271236393,110.92299947967467,110.89436777440955,110.91488904618616,110.32204235098654,109.76331851986103,110.2099205365672,109.97472404458031,110.51945250816148,110.56585973166634,110.62589771033686,109.99471179270228,110.89997360781209,3789
2006,def,1610612738,106.62854690772079,106.77227954869527,106.42675704665248,106.81720179948415,106.21563569350111,106.64188683038577,106.98227127494758,106.82132759593016,106.32478930275057,106.38341614849863,106.73091071580119,106.90801752718835,106.59995587059126,106.62210463756563,106.6449705248149,106.33530775173834,105.77427821522309,3810
2006,def,1610612739,104.56551965528591,104.16409060177705,104.45153556074406,104.49689681299549,104.74390261909765,104.53930816489554,104.30093553785542,104.80671191334021,104.78067053535399,104.24452759765705,105.00309450063399,103.76638668658181,104.56057410840708,104.56678066886178,104.57223255938038,104.28150923200428,104.92241840556447,3738
2006,def,1610612740,102.74559399477806,102.92973396505788,103.00028496672138,103.17034833276207,103.15679830220562,102.75614639180306,102.64259341391148,102.2500003609868,102.87376975325573,102.0552658392788,102.40992699242945,103.56398641555607,102.77728423667251,102.75122092443398,102.72724927719788,102.02991452991454,108.49743728082007,3707
2006,def,1610612741,103.43050294321303,104.35096013298552,104.05731783127406,103.61369691790226,103.64776511044396,103.4051468690566,103.73813235250164,102.67884019604456,103.17488486339911,103.59524788830979,103.70686202291925,104.21370151351354,103.46270134884983,103.42994097488382,103.403954566077,103.60757851025176,101.84426229508196,3904
2006,def,1610612742,103.57969703268297,104.56858075422696,104.49704564848746,103.5986617919244,103.31520887209746,103.46362724297505,103.69552448259813,103.5732169273299,103.47745748524457,104.31454875361288,104.20389033670922,103.49502558041998,103.56456335050022,103.60789060608667,103.61624141090341,103.33512641204949,104.23542354235424,3636
2006,def,1610612743,102.91711354624454,104.51435979587805,104.91875946821827,103.35130983029865,102.66879137724321,102.75401809819908,102.75307249117606,103.2850973850852,103.01135784991033,103.24209748697244,102.83501129444699,104.02376694323887,102.89109778332318,102.87872852446544,102.9035910236788,102.53742704897235,106.21006900076668,3913
2006,def,1610612744,106.31123730226525,105.97704842095311,105.95262606673802,106.45940031840951,106.00842726993628,106.30854281710349,106.25866688010034,106.24816044833769,106.35812047729314,106.73594209156063,105.74556404842225,106.26470457912085,106.35635091394491,106.34371010579817,106.31496699349078,105.81095041322314,104.87679671457906,3896
2006,def,1610612745,104.0544643375926,104.83086653809515,104.86289081776242,103.669990479196,104.06464612663049,103.76609542902044,104.21807529776795,104.66805145521646,103.95873510503385,103.94430012380279,104.6648865117438,104.2261095348212,104.1560951739231,104.09036260472304,103.99269065352904,103.77618522601985,101.21391961154572,3707
2006,def,1610612746,101.78519077866122,104.11701080000458,104.33562504050401,101.14370942081787,102.3503887032112,101.51309203053832,101.86369635938628,102.13320485307105,101.75400683046786,102.44872479261356,102.9161171476511,102.30675865555735,101.76684097693318,101.77985987573385,101.79991842937989,101.40918580375782,103.83302704121817,3809
2006,def,1610612747,104.09897255596907,105.71368540474921,105.72459707438436,103.91029399965083,104.10211584964969,104.06293951342916,104.15679798974054,103.97930714565945,104.06163492685103,105.61549601462575,104.38570838212208,104.26690751720628,104.069922014123,104.08728093269089,104.10093297256654,103.97996837111228,105.31299316149395,3802
2006,def,1610612748,103.06218626472183,104.86135592604275,104.76514959555392,102.5336819119745,103.63532425034053,102.9194146696651,103.20534507007568,103.27028545806394,102.9500774807691,104.10169317472314,103.49285763534922,103.15768054705435,103.1095949199496,103.09910460175362,103.07022431229636,103.30102174482577,104.29822234014327,3769
2006,def,1610612749,107.37271883699351,107.18263963751978,106.86850578566953,107.0814734331098,107.80372500706879,107.565526246818,107.55476048478616,107.32413619020465,107.26850223033834,107.42487954844918,107.10313764006727,107.10072968559214,107.34257619728365,107.34319009811095,107.36800147744083,106.98039215686275,105.32808398950131,3810
2006,def,1610612750,102.82893539040693,103.5037493623394,104.04662419866423,102.62830421102107,102.55393592617868,102.63532614346347,102.46928173573164,102.83265666012025,103.11601950563933,102.59731323724444,103.53332235969228,103.76594776864101,102.79096286259785,102.83537019175188,102.88668287867324,102.75709953129308,105.25053304904051,3752
2006,def,1610612751,103.44989679916189,103.88291001752224,103.60707911971865,103.5740767474243,104.0959709505676,103.36882410943045,103.79010844490432,103.64993169898808,103.21959060060435,101.92582265155043,103.64321366975025,104.2036819807677,103.49361596828506,103.45597682708645,103.39737784585732,103.35641981885988,99.43548387096774,3720
2006,def,1610612752,107.42852420556012,106.99600502868773,106.5534692146405,107.51265210606631,107.55915491675793,107.60873615661492,107.71537440515911,107.55577234486934,107.22082155690927,107.19276796016031,107.01493012711767,107.07176784725948,107.46162045881655,107.40549230837017,107.39653412619981,107.54668049792531,112.56335022672712,3749
2006,def,1610612753,106.80728120101418,107.28838625447065,107.07806027441275,106.58051232697271,106.87108834177175,106.75150608197431,107.10499723053175,107.34229878199172,106.57424326968793,106.86588790315957,106.84858856279158,106.84544702357879,106.80165576427245,106.79177076074626,106.79758380872673,106.89373297002724,107.22237306543579,3683
2006,def,1610612754,101.09518291100925,103.27163728859637,103.3452221154955,101.15346226747984,101.10720156881105,100.85072896762236,101.15195021052817,101.24001229273817,101.05475420959554,102.21612378214077,101.61868539052382,101.5248359262388,101.10302425986852,101.14146995175237,101.12739248703535,100.67024128686327,102.18446601941747,3708
2006,def,1610612755,107.05239643742065,106.51549018131362,106.89370349161996,107.07006117126144,106.59061690747828,107.04409348412233,106.738153225864,107.01312283748203,107.23578410362015,107.39269210818107,107.04454445833797,106.8629004049969,107.01720826254362,107.02909717791168,107.05381131492808,106.98209718670077,107.089067774604,3851
2006,def,1610612756,101.93148597297686,102.91673760779705,103.45419553524512,101.98349417398977,101.79332690139408,101.68603106142591,101.5218364362603,102.42377855685915,102.21284464118011,102.32205841730476,102.14714274410431,102.15395666096079,101.9857308206108,101.97940693734067,101.94877019330725,101.80872150644203,108.78122634367904,3963
2006,def,1610612757,109.4305249401557,106.82637547493842,107.18734931468418,109.08503795868572,108.36173570330531,109.45411184714958,109.05115745449238,108.88074841026128,109.73147594225554,108.79269228725917,109.71756117820475,109.1954979173181,109.40302166390114,109.42871203498889,109.45773471566135,108.99944102850755,112.72479564032697,3670
2006,def,1610612758,106.3360464123142,105.84885022581766,105.99748492496887,106.17738301422679,106.28131356419287,106.36176512551809,106.00907339902,106.43316845205896,106.57533235038662,106.87080251380443,105.48307628937323,106.19109550125114,106.43292792381823,106.39335812665476,106.33996215620436,105.82474226804123,101.97420373782575,3799
2006,def,1610612759,98.18300092585615,100.95317894027991,101.27652570483224,97.98598490644214,98.6663578011314,97.91162729013432,97.94288854643474,98.46362865272323,98.36439420818039,98.79415687633022,98.91833913630326,99.17179543448033,98.19058569743582,98.26078814583518,98.28546462827502,97.69375167605256,99.83521010711343,3641
2006,def,1610612760,115.5291247150456,110.52514348021911,109.64585560619463,115.65912811549565,114.7373358227438,116.16363361196967,115.86239739993367,114.73690481995426,115.26644531005115,114.04523032337141,114.49839122209129,113.83929540622646,115.55382739411998,115.50784613615194,115.50198642411459,115.42553191489361,111.11111111111111,3861
2006,def,1610612761,111.27584854037636,108.36539705491276,107.98495995769974,111.31871605698285,111.27246804401848,111.68719064819041,111.32848911301129,111.13452999024906,111.212569426898,110.68515088177588,110.9190285986474,109.09835089812321,111.24416225344503,111.24841036987756,111.27331141900062,110.85353003161222,112.78038601982264,3834
2006,def,1610612762,103.82627973533064,105.04066752785731,104.3256645068988,104.10164445908649,103.89959128418018,103.7440056804062,104.55548893009673,103.88343409766168,103.2909320156207,103.78147807242661,104.1546318080218,104.17213570030702,103.87468698944978,103.84971275399587,103.8121584113647,103.81679389312977,107.85694933622325,3691
2006,def,1610612763,99.96356450435721,102.7697171492666,103.24182738873917,100.50771669755397,99.69359023558367,99.65141769796305,99.87617373750298,99.95992513547998,100.05840953867006,100.98673737626139,100.43398296291242,101.37616242487294,99.92198595140867,99.93442699874475,99.96529740463795,99.55332216638749,101.99059994470555,3617
2006,def,1610612764,106.35864897065748,106.06455335034119,105.88934415026675,106.69476916130013,105.71652099396749,106.38126914273023,106.42706483095091,106.56594100757168,106.32202043153694,105.77384558645095,105.45371542541658,107.51634870855568,106.4067451621198,106.39920335137408,106.3679068342401,105.64766839378238,106.95493618129721,3839
2006,def,1610612765,102.69195296026552,103.88452945724111,104.49899437628885,102.55027258493682,102.23829117755594,102.54443429975245,102.17988493511471,102.5251140287221,103.10369867752546,103.91289742788429,102.94758495472152,103.39011821175683,102.61926730843648,102.7257031826549,102.71906611736102,102.56977065487703,101.88157166574433,3614
2006,def,1610612766,104.75731434384537,104.48163054803989,104.14032672530459,105.92354752245117,104.17446319415565,104.95494068020128,104.97920906747699,104.71802776550508,104.59154529468286,104.42067538195326,104.64956605726088,104.21911392796589,104.70130203040291,104.73298149257596,104.77350260680402,104.09460834181078,107.59721864537728,3883
2007,off,1610612737,100.8264254737942,103.03337130939767,103.18553350514136,101.32371063057565,100.50472111317755,100.63255163482731,100.88360947549756,100.82798865472573,100.8051178997861,101.98460300428182,101.46642938594673,101.22933963678862,100.80178079467142,100.82745650423088,100.82936871551104,100.02664535038636,104.2910447761194,3752
2007,off,1610612738,103.1090358827593,104.18000809460078,104.10671118347926,103.61309023907347,103.14375383705762,103.04721413265483,103.27903498970385,102.98204482388192,102.91402086581945,102.84554792991568,103.49031874792591,103.76848357240459,103.0790137181833,103.09900585546758,103.11381347061182,103.43213728549142,101.89125295508275,3807
2007,off,1610612739,103.79473491504568,104.83366156979194,105.13468726417979,103.73193800552212,103.5002658893697,103.5128898150493,103.78526483418604,104.18567811884174,103.72910585101363,104.06275173081087,103.74802426973788,104.95231522778211,103.78840351188748,103.7902354882752,103.79398716572808,103.48589675359234,106.58761528326745,3795
2007,off,1610612740,99.84301913058823,101.11823546265563,101.72705789551388,100.1414949740297,99.70722010785185,99.42323052652668,99.57208154433597,100.07418779635155,100.03022718142209,100.23223809599259,99.80025173593458,100.7947532299401,99.8893744046875,99.87822818464628,99.85453965027656,99.5711605467703,108.25446898002103,3804
2007,off,1610612741,104.56460487114413,104.49983169845407,104.44821738778197,104.71171225330279,104.61636185224147,104.58120418592574,104.58310163919622,104.68200778956705,104.57297277277566,104.3240481281051,104.91790614382552,104.0113135681979,104.57049387610715,104.57143773834544,104.56760567302406,104.17093142272262,104.37823834196891,3860
2007,off,1610612742,110.01756619693994,108.22395843549573,108.05023289817224,109.83996749024611,109.71531414961935,110.1763231967987,109.97472663185734,109.66226816117792,110.07741853020232,109.29915227185991,110.13703982616767,109.41844467157466,110.06766026343895,110.03124141447795,110.01029628378929,109.79865771812081,110.92822450080949,3706
2007,off,1610612743,106.62607426791716,108.07869156330368,107.96267922998669,106.8239513691644,106.21964825340272,106.63432972698476,106.83705646352432,106.67293768459723,106.4471961963153,107.71391100310281,106.4777842161703,107.36787050245154,106.55213463774147,106.58642648601767,106.62605988258083,106.81091713793951,107.34816295926018,4001
2007,off,1610612744,105.86262018410108,106.61106519798984,106.92109314009116,105.73091384558268,106.11537309464762,105.81485270543492,105.71223120683794,106.15340678299556,105.93194308498661,106.03737111046469,105.22886115979125,106.89708695892554,105.82155751478558,105.79245098068559,105.85470369980636,105.90107737512243,106.57004830917874,4140
2007,off,1610612745,104.65531644471119,104.53909748779567,105.09378190227304,104.72450333751195,104.72034050255111,104.43958787488855,104.31786840877683,104.69422496392303,104.9346790122399,104.1867363528934,104.83424794595436,104.92990781502893,104.70245967386448,104.63116000451409,104.62466874026684,104.26264230871061,106.40616693248272,3762
2007,off,1610612746,104.44122298365842,104.83613034245138,104.35424570208504,104.5206869401657,104.45199745809424,104.55054292649963,104.6650175295213,104.27842335039928,104.25116366674906,105.46555973440836,104.11200406633218,103.92052504563614,104.51783512830406,104.49076384335969,104.43402013004145,104.34897206114918,104.40860215053763,3720
2007,off,1610612747,109.37020960010194,108.86697798217469,108.69906747207135,109.5940561896884,109.42581315819842,109.52160289707773,109.46953049258077,109.43326406372883,109.21822616685245,109.16806563180575,109.33242765611242,108.75123561043551,109.33955814922126,109.32934179681452,109.36411217907278,108.92721278214557,106.70419651995905,3908
2007,off,1610612748,103.70200678628406,104.45210433426091,104.43844344233136,103.73869083067936,103.97154013757296,103.6765623403105,103.7160295457719,103.76297581884444,103.72200661530877,104.30009219041372,103.37922290819671,103.77453167346941,103.73126830760785,103.70348271518439,103.70005710428687,103.42736620089639,104.46623093681917,3672
2007,off,1610612749,107.3778204806452,107.88790369464556,108.37643626590157,107.1003961515367,107.20156386433712,107.33714020146735,107.02102936637037,107.47597774867072,107.59062499183956,108.6506657789051,107.36400545121585,107.26469221973562,107.31386267437225,107.35106297679468,107.37764460891563,107.65212849307913,105.27683909539901,3847
2007,off,1610612750,103.40236944984001,103.4606599705085,103.25830722844167,103.76371529937882,103.5028120835093,103.58218374767395,103.29731944660399,103.16856183981315,103.54553008217731,103.93530526374941,103.16817004070042,102.5924665757733,103.47306018493178,103.44183652687015,103.40734883266124,103.21137141352987,102.38095238095238,3864
2007,off,1610612751,104.11027610381146,105.28725140763643,105.24152600783191,104.09133534506144,104.3895855488746,104.06422664413851,104.2564465477842,104.19869080982149,104.04283759996937,104.91961008829226,104.30173166316054,103.95756289302943,104.08640291462962,104.08559205029161,104.1085312126346,103.90665967488201,105.77731092436974,3808
2007,off,1610612752,105.40424134859802,107.51979876639376,107.31314337367762,105.99074264274036,104.81877637577804,105.4161240225662,105.75337344589424,105.61787018432726,105.12587378771357,106.45318414952509,105.51438588973207,106.22375838575668,105.28744867194253,105.34610815352478,105.40426038352122,105.34979423868313,103.88115631691649,3736
2007,off,1610612753,102.88607527259354,104.10712706703903,103.72163452727389,103.84220126491152,102.50851619202162,102.88066549508757,103.29282802551634,103.23508943511533,102.5785695522159,102.84626738255868,102.75888108551663,103.27570260197203,102.8368716859474,102.89902293050363,102.90318948665693,102.95143547088811,106.52585973463309,3693
2007,off,1610612754,102.58356553493942,103.87129124588465,103.98089622220049,103.11774951734427,102.2608089417323,102.40340755181913,102.66058954599048,102.5836949110232,102.53311560604728,102.83200520485835,103.12954270783675,103.02463031800954,102.58762317105582,102.57646106790071,102.5778184191668,102.87882753205967,101.55884645362431,3849
2007,off,1610612755,102.2200588220286,103.2692508426993,103.20261695297232,102.15345619929974,102.34338914219967,102.20658946962283,102.26142302788963,102.13808282446328,102.17983078718177,102.69114413350519,102.15635571900786,102.86012206274418,102.19912195992809,102.25441937063874,102.23717787549808,102.16187714210388,103.1390134529148,3791
2007,off,1610612756,114.08504398306995,110.5989985766229,111.01829644803114,113.70331049660646,114.83261495666588,114.37846457565118,113.38393997861024,113.73074726996235,114.5241474817026,112.4316698918538,113.08296225394326,113.24528788402615,114.09529963191603,114.04040520734728,114.06839105008352,113.7767812655705,113.31466395112017,3928
2007,off,1610612757,103.65567102611244,104.66911004488901,104.592717372061,104.05071488532985,103.33201924083207,103.65029490355101,103.66583937346604,103.49755380348303,103.68024430730276,104.78886185160432,103.62168546119693,103.55649674733672,103.70523223014366,103.67559873630503,103.65623790735495,103.86619139018372,104.99732763228221,3742
2007,off,1610612758,105.05782142416766,106.27966198329356,105.90439318284159,104.8698250280489,105.20864763833816,105.03190921907316,105.41786713428095,104.87951526533439,104.77363090618007,106.56245754404559,105.19881525368105,104.75687916841899,105.08774486794144,105.06467262498384,105.05808080470229,105.04764357455575,105.90452261306532,3980
2007,off,1610612759,108.33271888181169,106.77153740717652,106.96077000948519,108.20401088477858,108.56650865676802,108.395759125211,108.0717905428884,108.42179373909141,108.48766235443269,107.05793905649024,107.67298585553753,108.54714362841958,108.35477816993595,108.32242226305831,108.32040549248387,108.34670947030497,109.33514246947082,3685
2007,off,1610612760,105.9676978049493,105.716960880991,106.07573324081375,106.14002671095723,105.87136711837032,105.99277350281552,105.55153581606099,105.68565248361429,106.26669571845666,106.35437828839024,105.77545976572901,105.79288767945086,105.98800995191598,105.97904507015232,105.96890391907478,106.06689136634691,106.59804697809449,3789
2007,off,1610612761,104.17869520811873,104.4693625887042,104.82022573753142,103.66164789229488,104.71044184213356,104.11368149471161,103.86670302572189,103.96922113984463,104.42343022248856,104.84919076502078,104.12358738557653,104.16011428871656,104.20343772909968,104.18642328242913,104.17836135615525,103.975058456742,108.51397231653173,3829
2007,off,1610612762,108.53730315722144,109.21293201190228,108.62697499901849,108.92279002560576,107.92281733347177,108.73953963074355,108.98030156937935,108.56701962157113,108.20561532349949,109.59993120424701,108.16051123893024,108.47539893125291,108.47194151262906,108.53769559512273,108.53208385985926,108.21846553966189,110.28359395706335,3773
2007,off,1610612763,104.7075283697939,105.36806332470442,105.03766317119805,105.13355594644726,104.98527157316973,104.724789729795,105.06711081406463,104.6165904673185,104.38460244963116,104.36029692689496,105.08490974250283,104.71770416482177,104.68135073844941,104.68852788658525,104.70544534646734,104.73357475426798,107.50690434345971,3983
2007,off,1610612764,111.33270465373892,109.88997815655325,109.80160949865063,110.56329914070142,111.2684072947304,111.31434621527768,111.4188836980861,111.23830980191617,111.1964370135184,110.95346335825018,111.03478503740546,111.53686351498362,111.35873031904744,111.33359128647196,111.32719208400314,111.32743362831859,106.8983268983269,3885
2007,off,1610612765,107.14429199378205,106.38843983721695,106.61422765880566,106.27377476613005,107.03009794828809,107.03512683464574,106.97995746774686,107.03901048944381,107.31327428801356,107.04726424756315,107.42811207629168,107.35260106578762,107.17213346959008,107.15950124565099,107.14666945831912,107.2879978325657,108.12603648424545,3618
2007,off,1610612766,101.10751555699248,102.76689102106833,102.95940459380681,101.2027044804716,100.98856439890699,100.8774771410257,101.13042736704986,101.21355645357227,101.09681965375957,102.00032598374446,101.78887244437935,101.31426563563659,101.10251880390427,101.11853174842358,101.11334893134311,100.83311637594376,105.05675954592363,3876
2007,def,1610612737,106.25473512288927,106.84860173658855,106.66597371852107,106.76599024546061,105.34336271798762,106.2844303690855,106.51534194859859,107.21215735818387,106.02733867923409,105.8384200698148,106.51614383321868,106.50857535085399,106.16961219273888,106.2117931393172,106.28688423204896,105.88235294117646,109.00133155792277,3755
2007,def,1610612738,106.30919557486602,108.17272852606871,107.84903259033999,106.06361417593453,106.30857694327185,106.29654597429456,106.70808930302653,106.2715640931021,105.97179769277535,107.93071434678717,106.40684666956916,106.75470556483228,106.21236222163404,106.29346863277014,106.30368676404166,105.9205401194495,106.90200210748156,3796
2007,def,1610612739,102.06627965359023,104.50846869088203,104.56343120229401,102.05493660883148,102.48603593574555,101.94826404595459,102.08660478629324,102.25926407271305,102.04867115919741,103.08630055402615,101.94332678076712,103.07446480747149,102.06556028361443,102.09435166069161,102.07801294273601,102.05114544485882,99.86821296784396,3794
2007,def,1610612740,104.19004609237115,105.28515019615156,105.61822742169535,103.99481524665616,104.52313137961238,104.03676395369274,103.9833565458543,103.93932497945062,104.35065723982262,105.30372057373988,104.00556515667027,104.64230151790386,104.25332101093603,104.19331100017213,104.17654685328962,103.88011774150388,107.48155953635406,3796
2007,def,1610612741,99.02625745125053,102.2952158125893,102.47221881753245,99.78484561080778,99.20093644790835,98.75912045165131,99.18431910919263,99.72937477087117,98.90851565691166,99.66824929006107,99.65921305168217,99.65791520398959,99.004391483585,98.99822536664803,99.018466501417,98.89912954429083,99.01656314699792,3864
2007,def,1610612742,101.99837533298259,104.31220512883526,104.15642761194971,101.98911565087964,102.55566291840417,101.87247114548663,102.14757218530437,102.16927729030748,101.85163565888448,103.12935567934584,102.01006370567659,102.4341887104585,102.00851724957361,102.06416586713956,102.01809381624825,102.3726071717444,102.63866451265481,3714
2007,def,1610612743,104.57667378804449,105.72953852126909,106.05441731364567,104.94706519146472,104.08558821516982,104.5262274876702,104.35211178464394,105.0623838663389,104.74670759714951,105.38344778090308,104.1648152639618,105.12349313878774,104.56164073380135,104.54967674284714,104.5722215884601,104.77127397934088,106.22967225419065,3997
2007,def,1610612744,107.96067394835049,107.64253185085558,107.76995783058356,108.40629334113471,106.94996533630183,107.9618878994903,107.87687245801172,107.99878392500321,108.00232875531734,108.63468245234598,107.40225330522532,108.14579376883077,107.98021080629802,107.92132361282168,107.94832907349452,107.1743388834476,106.4790099490415,4121
2007,def,1610612745,98.46110405195539,100.887076694225,101.13506368353131,98.44135097397181,99.21341471406916,98.14487903325916,98.46384674503582,98.48454899842005,98.4849719705606,98.6508103254738,99.63560396397143,98.97677428976296,98.51580930901896,98.49887488913106,98.44429354036913,98.91534391534391,101.4118273841236,3754
2007,def,1610612746,105.36869329581486,106.34543355240186,106.45220503998931,104.95345179559006,105.75513761233204,105.30555642340708,105.35694019919808,105.64029211165726,105.3676981925619,106.3680935907504,105.76856194829985,104.81298639868862,105.35242041142592,105.35753388627187,105.3687364780142,105.70522979397781,104.3022317827373,3719
2007,def,1610612747,107.22886174655068,107.09883077280455,107.02140921700503,107.21513169917405,107.08486116253154,107.33401792428809,107.2810256478515,107.129843550065,107.21557223253494,107.73675513087316,107.15845290519262,106.85380767385313,107.1839095038498,107.196161531695,107.22893883886701,107.61007890048359,108.35675951955022,3913
2007,def,1610612748,106.99911016879602,106.20242190523635,106.48580840255971,106.79769161675901,107.1731603797738,106.88980062487296,106.79006500072069,107.1325728664271,107.07770559027942,106.79216415862388,107.17493593497281,106.33190675729294,107.0333423584392,107.00893235826042,106.98527477552744,107.41229227116855,102.53475061324612,3669
2007,def,1610612749,110.39312554504073,108.48752556814661,108.45013622865191,110.55145426261662,109.58586326384685,110.64565736568441,110.2748294097687,110.45640689154082,110.45719128227113,110.29821171638058,110.02647951553755,109.42657734702685,110.37714963526395,110.34535037584493,110.37997216836882,109.90639625585024,111.50259067357513,3860
2007,def,1610612750,104.97498272980529,105.26040723694904,105.82327241757763,104.70922845731998,105.06833498047521,104.86998034113444,104.51972174467345,104.68528778984502,105.31636973725257,105.62784565087927,104.9813858756131,105.29219819951666,104.94152903805833,104.98515898844823,104.99087857794646,104.47721885699237,109.26310326933057,3854
2007,def,1610612751,103.80173812857457,104.50030498887183,104.54801416396641,103.75720853958794,104.27508568061431,103.72097206389739,103.82444788852698,103.64739464511447,103.76456030641822,104.18911196633933,104.28544338172368,103.43825907417052,103.83619838078796,103.80289715479255,103.78020309181485,104.00733368255631,107.10912906610703,3812
2007,def,1610612752,107.8352414429138,107.38739486363515,107.30949820262639,107.31105902819864,108.22392367423063,107.8797444562509,107.82585967704458,107.4586218382147,107.82979487702221,108.18637185285931,107.51099623494376,107.80147612794033,107.87394738128879,107.84797171139903,107.8292959126714,107.95571575695159,107.79951755561511,3731
2007,def,1610612753,101.91474968523707,103.8232917799455,103.54614289646118,102.0699780483791,101.85453716005178,101.76082733659213,102.25011412249331,101.4742000442666,101.65796654040795,102.9592125264069,102.58286266360673,102.4296800437335,101.93985381801778,101.95033899164939,101.9307269250311,101.82110337439742,105.6261833919394,3697
2007,def,1610612754,104.05653509150324,104.08701009894963,103.84926934981262,104.49278805759847,103.67028024485117,104.03358193958388,104.22710972853915,104.09148459802354,103.8934827114248,103.09980115905698,104.36812025599625,104.57452294243936,104.04616614948067,104.10542347192369,104.14442741630113,103.90154490704373,105.9037711313394,3845
2007,def,1610612755,108.00610293063549,106.78518400250105,106.79934905642376,108.52987375217005,107.40244496377572,108.19008187881826,107.92819600134739,108.09911162427402,108.02983029639337,107.19632352264425,107.75365411381185,107.82668222120479,107.95737350069388,107.94854420773231,107.9954280175021,107.69433465085639,104.41915850754168,3779
2007,def,1610612756,104.14072136352638,104.37752107162987,104.82439786534019,103.9838003454716,104.13579200942823,104.0338576386716,103.68055957071479,103.83169688639114,104.47805604289776,105.0477068303239,103.99479453510722,104.20409887757748,104.20004214552259,104.19136671284012,104.14922232643394,104.1542288557214,107.84913353720694,3924
2007,def,1610612757,108.88243473822845,107.97879394359963,107.77688771404658,108.71664891177022,109.08411911129072,109.14613785078505,108.92664524891426,108.363779372244,108.82389210480912,108.60644180644476,108.41813375943681,109.05774295594314,108.80948887158074,108.83821127484266,108.8891753703706,109.06344410876133,109.4551282051282,3744
2007,def,1610612758,105.88218532485175,105.42626254871826,105.38112654020925,106.26595258851849,105.74285968912753,105.87569977118162,105.78501541720745,106.12519972815535,105.92853942356497,105.66460871574553,105.0064612944832,105.94225497817698,106.02606352247408,105.92378137826897,105.85852803070664,105.78108941418294,108.39598997493734,3990
2007,def,1610612759,99.86513865238089,101.90393627542082,102.36198589587667,99.89165509992525,100.25904514761235,99.63518878875408,99.48378326746978,100.24307266166392,100.18085779908526,100.77736024199768,100.07906828733603,100.1058854849983,99.89121954604651,99.93975499305154,99.90116555762383,99.35863174772848,99.4041170097508,3692
2007,def,1610612760,108.19163077838158,108.63398703691368,108.39713792676073,108.49331183016383,107.49272289055916,108.41928561092625,108.29165752073752,108.27128848897227,108.12131011032035,109.12007925666052,107.12553366579225,108.92713150173044,108.12685874204318,108.1606918870546,108.1913901825425,107.92540792540792,111.16993118051879,3778
2007,def,1610612761,105.282328717401,105.4078660356316,105.5573809896333,105.49738081163929,105.46050240879379,105.36331400099712,105.09793669050815,104.96720461568056,105.41102480372632,106.138356649729,105.20965083287278,104.56941601982165,105.26379941923203,105.26196458086125,105.28080848991901,104.92738589211618,104.97525397238864,3839
2007,def,1610612762,105.88089536790955,107.54198329729874,106.79743153892521,105.7972798916436,106.45104423698126,105.91138726606167,106.62491390890787,105.31596300594256,105.25944368351354,106.51275908754005,105.80643042170493,106.92515906825815,105.88012536762604,105.85000787714183,105.86500996754333,105.56856622430394,106.3044051701398,3791
2007,def,1610612763,110.17143847102957,107.4552828483058,107.27338420741356,110.54760638745863,109.74880226923958,110.46410941416421,110.15024612538943,109.80777107089683,110.17713941656476,108.7530853563155,109.6565293139667,109.6113852498968,110.16362055150445,110.12134294293517,110.13841605740706,109.88612836438924,113.07074761665831,3986
2007,def,1610612764,110.90364674684112,108.32127796501902,108.28016381322014,111.03419187948181,110.12935928382325,111.11682223676175,110.8054009065913,110.06738925688684,110.97330263511535,109.86721453625337,110.16472425774278,111.4579940956906,110.92114444368622,110.8481751355093,110.85920015207148,110.14895228477657,109.09325090159712,3882
2007,def,1610612765,104.37537907073767,105.86742242172912,106.03991076786016,104.11629471220786,103.91538219352061,104.17552703370744,104.40836353117098,104.42337134467513,104.3488051652799,105.30046157315243,104.975476817214,105.22781300002707,104.32596526711507,104.37686721192863,104.40108946709742,104.3360433604336,101.93852118526723,3611
2007,def,1610612766,106.15348405115304,106.56701387219633,106.38252113207268,106.17765469996613,105.77859114854662,106.1746657258469,106.37737666355002,106.32914819706791,105.98782283037629,106.33600282557065,106.57772340866505,106.11981477904791,106.0912459502078,106.13245411189175,106.1773657820161,106.05352039490776,107.2806791870337,3887
2008,off,1610612737,103.00182665141294,105.20750317053334,104.76293682948697,103.48303930104079,102.76415537508852,102.99373867278354,103.45510478339814,102.91642201313371,102.62326831560961,104.1026093681417,103.46171427044695,103.4188365278683,102.9548770345225,103.01369811324038,103.00857397992128,102.82694848084545,108.69678767302167,3829
2008,off,1610612738,108.71349320512016,108.54567123416818,107.78471979005747,109.27964912241347,108.80553552295994,108.96096392687261,109.26898632224427,108.66775936807225,108.33832394391742,108.27201018940465,108.65593808888623,108.05477647385545,108.70573552655976,108.69196191878086,108.70520352876913,108.78559914024719,110.43547530536378,3766
2008,off,1610612739,104.05369423628352,105.40296423037614,105.81235251539862,104.31937216982243,103.69036201059255,103.7524435256586,103.98415439070666,104.23909653961815,104.09161096877529,104.46234146638952,104.25027494572339,105.08377528296101,104.02637378540884,104.04006748523257,104.05377522843516,103.83907441493558,106.82993197278911,3675
2008,off,1610612740,108.53481422193668,107.1525746553424,107.80229592866891,108.0066225063971,108.56098168912834,108.42972483615645,107.94180863878977,108.41227429074262,108.98957688878147,108.11393686747857,108.4834768064633,108.44671198282504,108.57507195005931,108.54196600826273,108.52735195541158,108.25073667291723,113.22623828647924,3735
2008,off,1610612741,102.21682963989021,103.35858832444856,103.91312030811417,102.2680518117721,101.74081200546192,101.81656648059896,102.01261910400007,102.23586375376338,102.40818737252376,102.8154257986994,103.45468174112239,102.29997525235633,102.23008831726787,102.23357546571445,102.22909621087501,102.25071970688302,104.32778489116517,3905
2008,off,1610612742,111.39958849141189,110.10518119534908,109.60820470960707,111.11157555134564,111.57588167022381,111.64000461119338,111.60384232246732,110.97480666252599,111.16685507160129,111.4275612773006,111.3590580316999,110.38452648932173,111.43509585298726,111.41476147829955,111.40079010920239,110.95046854082999,109.45366898768077,3734
2008,off,1610612743,106.12340300869339,107.67807164243622,107.24574005850009,106.31132795299403,106.07728069555822,106.15893299137217,106.58059248346179,106.10946946222012,105.79408386428999,107.11590485266167,106.20433203071028,106.37233072584753,106.06978778577333,106.10451758435386,106.1240076455565,106.14268440145102,112.38598175708113,4166
2008,off,1610612744,109.00253683910654,109.57088012339108,109.99155355824546,108.60321459578138,109.05852859710676,108.89859184329484,108.83267808049217,109.08068775977264,109.13966017204115,109.48323955929322,108.93423313882589,109.71104296948955,108.95522687853054,108.90993981702174,108.9916193048533,108.99535565876315,112.52119157180915,4129
2008,off,1610612745,103.62447973265809,105.13836528172817,105.62404448075918,103.98252876194319,103.30517398536739,103.43463608600055,103.35568210270898,103.79243384238788,103.84540571109645,104.86012250393794,103.86214749079971,103.72133568426185,103.6180339859296,103.61293206960016,103.6229340286911,103.66144866012205,108.40517241379311,3712
2008,off,1610612746,99.8265509413031,101.71960929511908,101.44566294223851,99.96109872356071,100.3191231720957,99.7519436269887,100.06513989170647,99.66540626213758,99.64675230794563,100.77447316038256,100.22613259825592,99.80376900204107,99.8769754164747,99.86001412488638,99.83661148335138,99.87120041215869,100.89923300714096,3781
2008,off,1610612747,109.3851255586824,109.37517665349596,108.94093851390772,109.68116111362599,109.51402303820673,109.53677545489892,109.74461935110233,109.39486803398455,109.07261898357805,109.18851812742014,109.15978321730235,109.243876230032,109.34288838881943,109.353256759745,109.38212503132414,109.23764589024087,115.57208825038481,3898
2008,off,1610612748,101.41661489703995,102.95757780477152,102.63866743756815,101.81674319202389,101.7283502168549,101.36934619555673,101.70291367931048,101.70745411479427,101.22339862753525,102.06649357545685,100.92047226366432,101.67354119771403,101.45107714855895,101.45065037140319,101.42335490109832,101.0559662090813,98.65338001615945,3713
2008,off,1610612749,103.38856147977054,104.51947513292855,104.7180776949547,103.91807094404147,103.09019561717184,103.30470085835081,103.28045909176647,103.46964447119483,103.52533831309756,104.08222067819386,103.98361572974686,102.97883758233627,103.37474184492099,103.39106709103132,103.39248897982158,102.96453149814717,105.58296546351598,3851
2008,off,1610612750,101.53976347275342,102.88277916904126,103.5864437656637,102.10629420117866,101.13434530674134,101.2489455736441,101.12292085892128,101.78113374919124,101.86819566887696,102.18506674470727,102.11993129634068,101.62435497598695,101.53181557256849,101.54765394295603,101.54634204356553,101.33682830930537,104.99471458773785,3784
2008,off,1610612751,101.0435900440264,104.05274811913831,103.61642150694348,101.65132494201625,100.89242076755951,100.8962114229701,101.6585647008505,101.26050947898169,100.65772342716642,102.32864098024437,101.7612410459637,101.32133665819504,101.01073354836558,101.02901796131778,101.04388034754194,100.78988941548184,104.78543563068921,3845
2008,off,1610612752,102.60616657824936,104.8796917157352,104.97086725035251,103.15319614030281,102.26079974401421,102.4071110425123,102.7706238709331,102.86547332493451,102.43230886030456,103.65871438263301,103.57144480706043,102.66580698100948,102.56708982615169,102.58764798927189,102.60749539124484,102.70557029177719,105.03225806451613,3875
2008,off,1610612753,107.98327027189472,108.5699407854102,108.0673339119154,108.24125862910793,108.33515424927026,108.0174336453433,108.5157330474086,108.18485227566649,107.59379825264816,108.22692835428177,107.88131413011746,107.5093914477753,107.9811071695745,107.93587651099736,107.97423104180821,107.65914278468172,114.30838402539011,3781
2008,off,1610612754,103.35719733428883,104.01007975305501,104.27225426829268,103.80122118184633,103.49676222746014,103.20290302302811,103.19992435629983,103.35864281774624,103.49008525311645,103.50904314429026,103.1576943647572,103.59951947446547,103.42413803163537,103.35921126225824,103.34473684640741,103.1561058509347,107.8125,3968
2008,off,1610612755,102.1556072886622,104.46343581487804,104.54634400236975,102.79946089336809,101.55173059980265,102.03028213214093,102.2333810030038,102.41376918766952,102.08375180569342,103.29674073627041,102.30722021608815,103.03124694112516,102.08036486159394,102.1656597571244,102.16136297233045,101.83072433006103,108.61473012496677,3761
2008,off,1610612756,112.16412121022152,109.81361393046366,110.11701309655594,111.65255516741469,112.88746709394074,112.36558367029201,111.66500927902769,112.06278520175451,112.47278005087031,111.22993041942273,111.44745430306533,111.35809710801065,112.1722872681704,112.13920096443816,112.15381580536652,111.77783287875032,114.11556006082108,3946
2008,off,1610612757,107.72037928322605,105.94891774007829,105.85132208810403,107.78393701760824,107.74532294424229,107.7932580201711,107.63135735329733,107.62991784737434,107.80575047052052,106.3156084113614,108.00263159848706,106.89242386535064,107.78641078718222,107.75265921815725,107.7206250689727,107.87124695699215,104.92299229922992,3636
2008,off,1610612758,105.11537823684948,105.84192828294555,105.50753738711948,106.00675905616166,105.22781323512575,105.18919861372171,105.40353479988555,104.88655393867049,104.85106055315741,104.75124437029491,105.30900767204615,105.16948091253845,105.09311534253773,105.1062052262831,105.11746214688115,105.23045054375972,108.33541927409262,3995
2008,off,1610612759,108.39446005420592,107.1994773719668,107.28922201114986,108.03121486288975,108.6262912660417,108.39352618500348,108.26718816062946,108.42877332143333,108.53534205583014,107.47869091102933,107.90977397626575,108.64522132999609,108.44792034428934,108.3924601013809,108.37759183660849,108.11617806731813,104.59675199559592,3633
2008,off,1610612760,98.85369478560105,100.56316090067918,101.05898615473698,99.37618606911633,98.85416110888055,98.60288532624418,98.5494922887231,98.78204392005738,99.09742694379193,99.39218815770099,99.0604753046915,99.61081248922876,98.86533604375144,98.88869244049393,98.87425371689216,98.70388833499501,101.50791656195024,3979
2008,off,1610612761,107.69462980723998,105.58312630661175,106.17664597617569,107.06033948716681,107.99635168202849,107.62677790155604,107.09792768594086,107.4212412640652,108.16894253797743,105.99398649317551,108.08375803712315,107.62549704100616,107.72789104201136,107.71603942185479,107.69629781661847,107.39740820734342,111.33069828722003,3795
2008,off,1610612762,110.78888863440895,110.54543285858189,109.80882753975294,111.14876470820734,110.3146494824789,111.15556371844869,111.22856511855979,110.79891071449545,110.43948186079282,111.07214302045611,110.60097438342086,110.16802512126266,110.7144424629197,110.79509065248523,110.79520533374155,110.40492055356228,114.96474275267694,3829
2008,off,1610612763,105.38357300737694,105.53766667043031,105.60450232433615,105.89507498480343,105.76131782300297,105.43401803238484,105.30232922760916,105.4109343537168,105.43070651734867,104.82140459386412,105.2289796428208,105.3612378591594,105.38282424783098,105.35728200651647,105.37034067020677,105.0770396564789,103.22499370118418,3969
2008,off,1610612764,107.64911081165405,107.87863298604792,108.01862887187825,107.67207734060472,107.41954662680604,107.58317637806996,107.54976961920133,107.42496302289784,107.70637806245784,108.33782596437594,107.24786529111068,108.10642412955026,107.67444692112018,107.65335761922,107.64764771743108,107.3447820343461,108.62903225806451,3720
2008,off,1610612765,109.94228785358027,108.5703870591688,108.42622988910168,109.25982469024741,109.76068887290745,109.94960078461543,109.96981792236816,109.90601252996531,109.93452741656638,109.92440417607504,109.83300789567954,109.45518351706681,110.013606645391,109.97414995963165,109.94814181305611,110.29168959823886,110.48252911813644,3606
2008,off,1610612766,102.99707123855558,104.35901180428222,104.47776479639664,103.54190186825113,102.97285960013986,102.8536100851609,103.07233872753885,103.32617798758761,102.90113289958137,102.96711775654838,103.34912534657876,103.39885860730696,102.96406956318216,102.98005424297163,102.99817441104626,102.89855072463769,105.43563068920676,3845
2008,def,1610612737,104.08753568030447,106.2433331536145,106.24587169064901,104.36632010871487,103.59863797570236,103.99019086460291,104.22910299955761,104.20615190417715,103.99410569085505,105.30157520627452,104.456415274178,104.8545532523794,104.02061737976074,104.06933997317012,104.10356868721074,103.86754966887418,111.83076521284931,3829
2008,def,1610612738,95.77068075903948,101.66296210075305,101.90426939565276,96.63979478459878,96.08086740398674,95.41032370744495,95.8281123551926,96.35297317078286,95.73636678019807,98.41144878168517,95.84199474105705,97.40279276876626,95.86684013069215,95.79988899070523,95.76463827880725,96.37778374027368,100.13266118333776,3769
2008,def,1610612739,105.00897222725253,106.98687777860029,106.70881965130998,105.10588860050511,105.42740765769128,105.02206772596726,105.2875136933969,105.361389784179,104.8019212691211,106.26676840253742,104.94169464063417,104.85489510308328,104.97972317313426,105.00554134661147,105.01226913707197,104.92105263157895,106.49809679173464,3678
2008,def,1610612740,102.24952435653513,103.75811651175322,104.45449881968318,102.37316447344531,102.82354939728708,102.1094882692732,101.70410413787943,101.95268601999186,102.67873294319173,102.92309504782781,102.15823394448662,103.0393211071292,102.2413775992941,102.25661903493435,102.25751820457863,101.8191546281434,108.0117899249732,3732
2008,def,1610612741,104.87432975747406,104.5385450489731,104.24604330797483,105.41391349571204,104.67230987535923,104.9443787680522,105.11439687598167,104.75717831323051,104.70981096219212,103.8201298256214,105.64092662984751,104.48095927921734,104.88114391181517,104.86767274175389,104.85004306804976,104.47567004944054,108.01331285202252,3906
2008,def,1610612742,105.76292993293795,106.42519249793503,106.37698355494213,105.50759209079432,105.98266090072593,105.63917322999052,105.83760876581428,105.6061969437286,105.63417060457166,105.85699335762386,106.08482239071498,106.28192746389234,105.7490019573078,105.81145660943108,105.83042650006959,105.58674151296445,104.79892761394102,3730
2008,def,1610612743,103.6084522304497,104.68196321779747,105.02761952393287,104.21244414001173,103.2725726709885,103.39449647680713,103.5038479063513,104.63063750340032,103.68964987570904,102.85503930118844,103.75466961613138,104.25755075623125,103.61908442271805,103.59060832785019,103.57737522260234,104.05733722060252,107.71078549123229,4163
2008,def,1610612744,107.77843954734962,107.28701439632638,106.92358984707252,108.56585942430858,106.8180041780398,107.8407650658832,108.11006277309662,107.90451262905592,107.5011467539082,107.30219178991506,107.87219267042367,107.63778694494273,107.77114374602448,107.76650862803861,107.77270711956264,107.60763209393346,109.67038293746971,4126
2008,def,1610612745,101.36916570951239,102.46852170327153,102.52604859583788,101.48598680024371,101.52898476940489,101.18316425725884,101.34154352607491,101.63868057520399,101.409143561418,101.25247492262167,102.5159710559839,100.90664993851647,101.39091216677923,101.42306074176906,101.4461472950651,101.45966029723992,100.21528525296017,3716
2008,def,1610612746,105.19692096199051,106.58584597777579,106.59020459895731,105.26486802000224,105.48818454323528,105.14583567419135,105.27525666907944,105.35292158878235,105.09465225548536,106.0354297348484,105.4462966357091,105.08645557726047,105.15975967800485,105.18722133814575,105.20664485022971,104.79134466769706,111.75847457627118,3776
2008,def,1610612747,103.80606343828497,105.58790612571737,105.87402194152166,103.78482881659743,103.82453036987938,103.58672747024214,103.74210815029171,104.16928611434169,103.86852547597333,104.90638125853266,104.25070833539777,103.90498971342812,103.80382411470795,103.80758541453521,103.80820697834942,103.5501489572989,106.15700359158542,3898
2008,def,1610612748,108.21034766287677,107.12700321106432,106.85161804778171,108.51397335830019,107.84605297407464,108.32022262030202,108.33682393469363,108.1158911043592,108.12811510991733,107.54056345742897,107.88557382166094,108.08343616500005,108.25157427996685,108.2254379482812,108.19638609070475,108.18157825283716,110.44977107460275,3713
2008,def,1610612749,109.8654623728783,108.56840249352982,108.30374742133253,110.10188156383724,109.65337812460737,110.047916376352,110.1230570272146,109.85562792568983,109.66340574992222,108.87196538626614,110.12732625228146,109.22364466543794,109.80623496937832,109.78141592123079,109.84927418196523,109.56544780074192,113.95167575993764,3849
2008,def,1610612750,111.24407221104448,110.54808495127834,109.92969663436755,111.05269167142363,111.23538015535426,111.46967827482031,111.71626656083137,110.80395173464345,110.9340071263321,111.73393568963819,110.59969930905345,111.02653008726725,111.23671494950224,111.19731585086849,111.23305393927333,111.0207294673314,110.01321003963012,3785
2008,def,1610612751,107.20727140909298,106.450436861612,105.97417218164284,107.32406908423799,107.5684076940974,107.32644553465154,107.54887478213759,106.93019780686687,106.92382095853557,106.55507815269226,107.66068196373202,106.25922583494578,107.21373790639231,107.2142115949736,107.20874830131626,107.25361366622865,109.16905444126074,3839
2008,def,1610612752,110.3572044975507,108.94635844673034,108.8721810304295,110.15906689007477,110.23722459829692,110.50203512060068,110.2844381862553,110.97698662841597,110.4045385898726,110.28832984531994,110.07642442360242,108.86767281982377,110.3719364456248,110.35475495517434,110.35022078942517,109.86439776655145,112.01030927835052,3880
2008,def,1610612753,104.84442170840114,106.04702023933076,106.24317271911137,104.67109843115976,105.15360242306022,104.69846369780355,104.71904444436514,104.77343567139168,104.9130240443655,105.77876186103744,104.77632705178496,105.24259028190696,104.88182520338232,104.87935235065044,104.85176711297427,104.79695431472081,105.58348769515744,3779
2008,def,1610612754,103.98050807621553,104.09916589825468,103.5093075089386,104.38081626688961,104.55417753922947,103.97222181627012,104.48815080563887,103.26627301593778,103.59265303583732,103.31112024680807,104.46124995972274,103.82558158585668,104.04005325885396,104.01647017375691,103.95761663156964,104.4078469363042,108.92857142857143,3976
2008,def,1610612755,106.0505755032295,105.42424901807547,105.80743748408386,106.6954678926736,105.659725372452,106.03477770834209,105.81211120353832,105.62168691559698,106.23104649743424,106.04413475444414,106.62833251170747,105.2382891316168,106.0007444833169,105.99254506252977,106.04452390006449,105.49186883497734,105.02136752136752,3744
2008,def,1610612756,105.71455298812147,106.39070671126441,106.87466562854816,105.62095388908007,105.09079803647278,105.58290937045047,105.28156314393433,106.07688762959866,106.04827956027673,106.92528752941021,105.60648295888328,105.79809377421843,105.71856435953985,105.75415811577791,105.72819390722485,105.7978196233895,108.994708994709,3969
2008,def,1610612757,106.243584976846,107.36367392850872,107.99815412704125,105.93263725821545,105.63340258982943,106.02606601995278,105.89658464897718,106.08171382073222,106.55152186455851,107.53631479340312,106.3497014230576,107.39875935835872,106.21247598145466,106.21022913664895,106.23869597920039,105.96974608319827,109.03332415312586,3631
2008,def,1610612758,107.94438866316933,107.46088039096337,107.3934844881515,108.50121480977793,107.40584544798341,108.01895063135996,107.99696112096305,107.74268847608084,107.85083066412241,107.88504649414246,107.80894866716534,107.86718406080323,107.9447582427531,107.91069134676333,107.92093319417654,107.97101449275362,110.22244438890277,4001
2008,def,1610612759,102.23776099579399,103.91411797377879,104.22052694605634,102.1556998031282,103.01651381775133,102.19238131880682,101.83794840164119,102.42123138514441,102.55181381594782,103.31674789822691,101.98775108882407,102.18571637819257,102.2833836256041,102.30175582732642,102.25405523552229,101.59848279599025,100.30336458907888,3626
2008,def,1610612760,107.4652549280392,107.29448767237524,107.51899508111127,107.09088040385062,107.51034531222436,107.36011611450937,107.37833794535214,107.81872224366887,107.51859424223593,106.55851485971944,107.73333451409454,108.08047765739038,107.44506479499893,107.44953324164292,107.46973416414026,107.05765407554672,111.11391129032258,3968
2008,def,1610612761,105.18498660072434,104.69905276806135,105.09504290523589,105.29785973555103,105.46298729539316,105.11615616486472,104.9204786748467,105.30448774608111,105.40723275439719,104.17881501808235,105.76939484919673,104.78413145840922,105.19426948777314,105.15312589330483,105.12766902411808,105.06601994071679,107.21242432219005,3799
2008,def,1610612762,105.67455220615996,107.19570456945857,106.39164558452259,106.38178610043475,105.73908080667627,105.79618199449351,106.38588145477885,105.87353648612998,105.13867588732072,106.24306834060782,105.51649314104154,105.5507499025337,105.66060558738937,105.65634750607647,105.67069839620022,105.32650448143406,105.60356114166012,3819
2008,def,1610612763,109.48085494508906,108.11670010922221,108.61920863136167,109.04919338388872,109.5386994505019,109.5107506613524,108.97845914461782,109.364449145295,109.82348615209911,109.45929408940702,109.35781016022854,108.91235120245707,109.45108917019219,109.46846766145966,109.48763962193222,109.0080971659919,112.51892983341746,3962
2008,def,1610612764,105.55170978568441,105.69163878070425,105.95985270184154,105.73181937193209,105.72660613331357,105.4397883681152,105.43388759483338,105.26117261673113,105.65635995009734,104.96092649761833,105.43859813666181,106.49576464893923,105.5945022307439,105.52000527603333,105.4879465327459,105.2130193172797,111.51368760064412,3726
2008,def,1610612765,101.80898088006836,105.10862252964826,105.0234589963097,102.09152256110164,101.85097186589871,101.6262501170832,102.05398116741985,102.30143712204344,101.63807991790071,103.41870651177827,102.2308521063279,102.34057050408289,101.79145981421162,101.82033750409039,101.818682381899,101.76308539944904,102.04532891100055,3618
2008,def,1610612766,107.54097190078413,107.90517646231754,107.76507269906368,108.08663309067062,106.75520430380674,107.54614634071642,107.75635375269206,107.71256206955243,107.37666632049874,108.00443815447082,107.53683871593033,107.54495686682466,107.47522570479515,107.51009333264722,107.55177196724675,107.22383337727392,110.38691249026228,3851
2009,off,1610612737,108.80684883781875,108.0454471792658,107.99406430143036,108.54284697522714,108.90274313588638,108.75736953920139,108.83998773537296,108.95126431379765,108.79666551566268,108.52088601009756,108.5661832477564,108.55387727619888,108.88423230405736,108.81428187874805,108.79021902813386,108.62998921251348,108.5945945945946,3700
2009,off,1610612738,109.29227052624614,109.42397197576993,108.8122934759147,110.12350628161765,109.11688802801612,109.52917346992214,109.71723094454441,109.33603416843985,108.94767712937596,109.07010819067439,108.85690247106164,109.12356663711685,109.26049206008136,109.27719266793788,109.29269317803012,109.14134742404227,111.00991159924993,3733
2009,off,1610612739,111.89950131705044,110.82141635012178,110.57823587385182,111.75025301028386,111.88780711561238,112.04949488644769,111.98616338280172,112.02469363532374,111.8164533008513,111.85580866941893,111.13936917188052,111.49968687850736,111.9289696182454,111.88913407323713,111.89292065234503,111.64235548352242,111.80973209404046,3658
2009,off,1610612740,110.29718828322953,108.6946903242993,108.7422065531579,110.07735767130403,110.45175403321257,110.32052206203569,110.18187211390904,110.03617521686854,110.38938223428923,109.16371176470963,110.16402735426509,110.24353221211611,110.34598190731599,110.30311154596775,110.27947608695291,109.96381853604231,106.32842334969995,3666
2009,off,1610612741,104.48899506158308,104.80138907621637,105.14632740524192,104.68077235606762,104.35828783484253,104.35004039218406,104.2738399856511,104.35202995411113,104.66522047711862,104.04237099266554,105.21810164879855,104.76466892595867,104.48029151152033,104.49651477776736,104.5042445137137,104.31100846805235,110.98816263510037,3886
2009,off,1610612742,107.21639556043824,107.25881404951579,107.71179814650036,107.01436609759538,107.23510673977248,107.17156447609867,106.76094091159754,106.97864568151016,107.59452437516325,108.49445270091675,107.47788219843507,106.22140906799736,107.26178404466773,107.22293622081921,107.2151594011363,107.10912906610703,112.22339304531086,3796
2009,off,1610612743,108.872211098803,109.6526496914064,108.80677976942758,109.25154622520837,108.88396042933205,109.06699800135621,109.61580165049497,108.9547560244732,108.33133300851961,108.54928697883605,108.56762590015505,109.50498776109391,108.8128388703151,108.83208012437332,108.87067373404778,108.7678936605317,110.25641025641026,3900
2009,off,1610612744,106.41568502674397,107.48833195307913,107.22921473638314,106.40517242817731,106.3356746741231,106.36970483883093,106.7282710616919,106.48274589325422,106.19220459557319,106.98407113768062,106.33120674548815,106.99369439331657,106.40081570820905,106.41546437652394,106.41831325694342,106.44455252918289,110.19712825504989,4109
2009,off,1610612745,106.24840992640975,106.81402465400082,106.87572736501748,106.43458278024397,106.1713621958466,106.16885039273848,106.28911057317798,106.03631285213545,106.26321739663494,106.1712828553062,106.71704811011165,106.57213556822607,106.24713983163072,106.23510610333325,106.23908836925624,106.14105658353446,109.0909090909091,3762
2009,off,1610612746,99.3989963111582,102.5352574859456,103.07941323108491,99.69370105995459,99.38980807868255,99.09548689563414,99.20539538099653,99.53022800511026,99.56960959146738,101.11645106751973,99.84872979933284,100.3139163207598,99.36279644348734,99.39609995761694,99.40118438705703,99.47875944748502,103.50922796984663,3847
2009,off,1610612747,113.39080835845115,111.84400561660604,111.52477872003375,113.16656717795503,113.00937332415067,113.57559436121109,113.54085245574663,113.40991826666642,113.25825307880227,112.94748320649643,113.32124485267317,112.74938845971627,113.38572287653705,113.38936545323793,113.39156366971828,112.82380097460887,111.11961234378985,3921
2009,off,1610612748,105.74379441383081,105.94172430615477,106.25749655421524,105.35782137156689,105.93878976874572,105.58537718260733,105.53483740485957,105.91490238001117,105.87444750101167,106.11583778703867,105.94404460924336,105.57519017330156,105.7894646829243,105.75639954850327,105.73954498182218,105.13571048430016,109.21720545017365,3743
2009,off,1610612749,104.74736246678418,105.77346226060617,105.78961824492778,105.00405901666907,104.42864844533091,104.6775953669777,104.76117689779134,104.6936592756508,104.78455506561049,105.61317714102326,105.17389691271498,104.57734059751498,104.7571631582084,104.76386657353628,104.75392177612969,104.55497382198953,106.6872427983539,3888
2009,off,1610612750,105.77571187549493,106.85593850981289,107.18325895034025,105.78370986034348,105.38899580818199,105.55126487834158,105.69503192909251,105.83967190633646,105.8017363360003,106.40703115509503,106.19685267666551,106.42589754889931,105.74515389860557,105.77351586678643,105.78308717452913,105.51633986928104,104.92623814541622,3796
2009,off,1610612751,106.88249307570563,107.33218606989654,107.36109264286077,106.84758645690437,106.89610158412837,106.74398975979642,107.02880520683038,106.81894500372482,106.77831596550378,106.53116035942601,107.37281740425,107.41091772018157,106.87864501852275,106.861282238386,106.86796104779881,106.88472698496439,108.30168204015193,3686
2009,off,1610612752,105.30372649005805,106.56848782810496,107.37095069040572,105.42445993272757,105.6332865601596,105.0734362995088,104.8690475277106,105.14059432906596,105.60343883774439,105.71436178710282,105.88785220867169,105.78479713759084,105.28857310045264,105.22554263153971,105.27684236768312,105.03972194637537,109.48941469489415,4015
2009,off,1610612753,110.20040120403661,109.22803456651138,109.08906076729453,110.22321414433367,110.551904371502,110.14539021820244,110.44914941677956,110.51284835328626,110.0176356357947,108.57328025770948,109.85801054108087,110.56239408817008,110.23481920610959,110.14546173236785,110.15146365025184,109.76184244962052,107.62756443976855,3802
2009,off,1610612754,106.27250921378611,106.36198847200886,106.72046923059253,106.40319080409935,106.3800517556262,106.22597957560035,105.95687115631624,106.10939553366799,106.5040277093943,106.28006046283711,106.25397068838106,106.42626974884644,106.28194191306889,106.27165010001602,106.26929611534419,106.31188118811882,108.83908335431882,3971
2009,off,1610612755,104.94810767994105,106.55377052009239,106.66987812763749,105.51724213563261,104.42651722722802,104.86950081958874,104.9618057108657,105.10768396006834,104.9369712545511,105.901839928077,105.09757056311268,105.37290446801572,104.8745958260757,104.94774766651352,104.95498994286974,104.66348701642819,108.93146249325419,3706
2009,off,1610612756,109.71306057915983,109.11592686030822,108.49997556066366,110.50873885793963,109.9073057309387,110.0164782892427,110.04808952627023,109.83050099953016,109.45067127211877,109.10329806751834,108.902159111031,109.09547227108474,109.70030300411317,109.70641269515787,109.71277655269697,109.69072164948453,116.17828121152425,4061
2009,off,1610612757,111.59536622277538,110.2717335085598,110.09236394003021,111.45724361667148,110.92697820834523,111.58417336786943,111.71513149463284,111.62838948953848,111.56636563172039,111.05169881272838,110.99948387039356,112.02854938574538,111.6682114365245,111.6097572638211,111.58465932004415,111.29880919412905,114.1988950276243,3620
2009,off,1610612758,103.17668561988387,104.9149439361191,104.842355981293,103.65115229694842,103.24168183189519,103.16454056372969,103.23617760750022,103.00717427096309,103.14634596820659,104.31264508937362,103.32488753441112,103.21217512925458,103.18979619327597,103.1852629691732,103.17770332380249,103.11303904057158,106.42549962054136,3953
2009,off,1610612759,107.83106613511427,106.06346057219645,106.45385729020094,107.23757377718498,108.49283606667684,107.84326325992392,107.34464088131932,107.90898027582583,108.20264742284203,106.6032983098594,107.69822166238495,107.29942738971874,107.89886612075765,107.8465191794484,107.81316286390576,107.46349378042186,108.32423580786026,3664
2009,off,1610612760,100.13151447948633,101.87699824349001,102.03239467547375,100.79540098421846,100.05041685330727,99.98199661112766,100.10281994941357,100.15409255157022,100.18553572258752,100.09439053141385,100.1456012966772,101.3888941505106,100.07975511802995,100.16578630023403,100.17844544167339,99.61783439490446,103.05966343702192,3922
2009,off,1610612761,105.96232511248013,105.33954639135209,105.17479947497473,105.82053251454523,106.54112200546595,106.00330240228114,105.95794077022991,105.63875617049729,105.98997730428188,105.48070799724279,105.88281036312443,105.6010672939937,106.0458957330245,105.99844866345178,105.96709377808051,105.74225985710505,106.36926250644662,3878
2009,off,1610612762,108.4143564500344,109.23726723299272,108.70546556813822,108.81144844311605,108.15057185364995,108.64480704716989,108.78724130208342,108.40284883071548,108.15053000579289,109.11538398630954,108.41544253596462,108.14601452036275,108.33943512373243,108.40584341122083,108.41772586780341,107.9968944099379,110.03821656050955,3925
2009,off,1610612763,102.07512745281716,104.25152342684608,104.08991279346844,102.37506417665944,102.29027626859454,102.00255186955924,102.28269764675477,102.1812995993459,101.92021320326454,103.55762718016203,102.44622127197455,101.76260995634956,102.06951488746662,102.08988329163857,102.07505450390647,101.84344109003473,103.95933654360621,3738
2009,off,1610612764,104.23128389778468,105.8166494365157,106.23336995768824,104.13504527318256,104.05462394767001,104.08388760870001,103.9453775422151,104.32181253521604,104.45702780127853,105.9700717889327,104.04817114117753,104.63898708119203,104.23294540670457,104.2457927062796,104.23081351880816,104.16219119226638,104.68709086148206,3819
2009,off,1610612765,104.75468188806379,105.22084684631274,105.49014467113194,104.28219785121698,104.98029988415409,104.60359053028385,104.54387977711022,104.92934063740354,104.89866862545117,105.70793927777757,104.78381228282721,104.43794773020493,104.80312674729566,104.78723876914793,104.76139091789659,104.48209893413501,108.48924881318068,3581
2009,off,1610612766,102.07163584321772,104.2442816928364,104.22523625543424,102.7575338925865,102.0005249323196,101.92876971403052,102.2792009501157,102.21912833146976,101.91835938089116,102.59846995536289,102.91647619823777,102.23693881071375,102.03175916860516,102.05837095763255,102.07946920092503,102.12998361551065,105.97577388963661,3715
2009,def,1610612737,106.81372503389832,106.9964743954036,107.33851791600473,106.79358559508769,106.39633512773665,106.69148522054581,106.506217030489,106.79099185525733,107.03251599513179,106.99187280370684,106.5825631039912,107.63715450201558,106.86513775397859,106.85286768002969,106.8157907162915,106.82308522114347,106.83229813664596,3703
2009,def,1610612738,99.14999740069443,103.51773589668402,103.57746768060056,99.68564416501738,99.71260154295365,98.86710102453664,99.36725250099151,99.01175998530368,98.96491061029879,100.46417666510858,99.59710248179044,101.00047788145557,99.16978234845254,99.15859450255866,99.14403558516929,99.47131905894793,104.0320427236315,3745
2009,def,1610612739,99.77436919768257,103.68718910813338,104.12160219973643,100.42345883410307,99.85246096451216,99.3574547950846,99.80125954071725,99.62549385939069,99.68861905258238,101.18976235612362,100.68518590788348,101.27550244116323,99.75114674003831,99.76113573987024,99.78174579160634,100.02711496746204,103.90817163159333,3659
2009,def,1610612740,106.05522288755822,106.51109540320171,106.54091770341617,106.26455793284396,106.2013607048049,106.01987016783413,106.08997775010224,106.52157310725262,106.0695434603751,105.28462002118111,106.0727458146303,106.45678225691711,106.0789703377577,106.03586330489695,106.00971013830136,105.86111111111111,106.26020685900926,3674
2009,def,1610612741,107.57464960390004,108.94705288247562,108.86412469170351,107.64855823959161,106.99481946310229,107.5876687732598,107.7111480614771,107.26380000675896,107.46111397880041,109.20290616453913,107.63006462640918,108.11802369562973,107.49721143228759,107.54907043943504,107.58131238883661,107.51282051282051,108.28615542974781,3886
2009,def,1610612742,105.95312730788555,106.37773490010262,106.63341037344003,105.6472574206073,106.02284191148574,105.81281362871567,105.76624269207973,105.33286270302277,106.09879856273332,106.80107996665224,106.3949544564095,106.06123117415551,105.95457363976548,105.98521754187568,105.9820264547656,105.53224960671211,109.33964746119442,3801
2009,def,1610612743,105.26293848399676,106.48279385215002,106.60112206092595,105.54832233371124,105.11841357487607,105.13297251779008,105.29595609285687,104.65971677702113,105.27331568611704,106.30840928953364,105.29741541797198,105.97226066232986,105.29457909153307,105.2473684742026,105.23732349547906,105.60675883256529,106.4648537711647,3898
2009,def,1610612744,112.32847569407511,110.2866511900189,110.23718651412875,112.38872782831145,111.05801489699991,112.50704820835055,112.29460447744222,111.90934972160122,112.37394583722629,111.38931323246752,112.0737844096338,113.0069208467574,112.27322395693098,112.28870249605009,112.34184597792645,112.12268743914314,112.36887045620882,4099
2009,def,1610612745,103.21223099667915,105.56669698190497,106.04628076317582,102.8332321121139,103.6093835663401,102.99860192868033,102.8121862152494,103.78732905232154,103.54704505019271,104.84673048711046,103.08751549684393,103.59762039391923,103.2545434100146,103.27793604424356,103.22773309360683,102.95143547088811,103.37048832271762,3768
2009,def,1610612746,107.77775920345296,108.20639264172395,108.2813123634116,107.55676388437341,107.22697490428502,107.68709945536766,107.80045412156164,108.05596367767227,107.78672701582866,108.60288220182291,108.29579703134087,107.43068200916828,107.75392395838148,107.77399082958695,107.79119642791204,107.28079331941545,114.61638491547464,3845
2009,def,1610612747,104.06968319690505,106.34946907332635,106.93615273201351,104.42431565415399,104.12035136473772,103.86248678548336,103.82357866415121,104.67700339268544,104.26782896053439,104.85818762455328,104.02402770941102,104.96578991578363,104.04824306345098,104.00019155933848,104.04138083953204,104.10572235052605,103.76878023936847,3927
2009,def,1610612748,105.55602856467462,106.33529051959003,106.39388304187777,106.28640089258055,105.17675611809753,105.40363800583516,105.69365041271459,105.5878941113567,105.40778122342363,104.66609822431337,105.61443370301907,106.99192844474541,105.56623367499448,105.52656001859513,105.51074751224614,105.48455804046858,108.55843808504947,3739
2009,def,1610612749,103.97741206894823,106.07504828639856,105.3822420795798,104.66202286912701,104.398355580149,104.05129238371921,104.60980331943657,103.97518400376339,103.51742146022195,104.24368992242954,104.05065307988521,104.39344517915562,103.97408540184513,103.9619988844519,103.96702839719056,103.95287958115183,109.48342328450269,3891
2009,def,1610612750,109.45276274047119,108.32368972405592,107.92079677783948,109.19635473356547,109.73767231809518,109.61823271005967,109.60820317849763,109.3600796378967,109.3583957413025,108.73966246864599,109.14030879336818,109.10554669595109,109.48736233644297,109.49141151368694,109.46580892353181,109.09803921568627,111.8157894736842,3800
2009,def,1610612751,110.20120172694573,109.05590675602598,108.65226468581318,110.27804751822245,110.70125647490958,110.28454929865508,110.61230766289596,110.29628753343978,109.86690646196745,107.87083781796439,109.95008471514848,110.90818413359953,110.19989262583907,110.14427438497675,110.1339406577675,110.03688092729189,110.24667931688805,3689
2009,def,1610612752,108.5730257325503,108.82963074316017,108.9867615957295,108.55111980884634,108.59492020594686,108.69061893878249,108.32714841952662,109.15743816169581,108.76046293525573,109.96223857780643,108.17105312715914,107.22136775747734,108.54931278120978,108.56354722970423,108.57246976518202,108.18858560794045,111.74563591022444,4010
2009,def,1610612753,100.55641421947452,103.28997897998495,103.76678872559606,100.48732967524074,100.5127828424285,100.19194119205392,100.28471400933445,100.81953197004235,100.77204568854889,101.96858449735112,101.44634011046887,101.09918307582512,100.5988410038705,100.61855902216375,100.59824709739095,100.6020942408377,102.36593059936908,3804
2009,def,1610612754,108.05016928285625,107.75932580434306,107.28660932337796,107.93122632639178,108.5776000930213,108.09816634556388,108.35241158587841,108.16470358607657,107.78932623816742,107.85782852324544,108.0025723127573,107.27069388453421,108.12896741902823,108.0969465890048,108.04125462725186,108.20360761057573,109.0199042579995,3969
2009,def,1610612755,104.3970152018392,105.08428575476664,105.40091302957539,104.96635487890549,104.43564465117224,104.29285625098085,104.25573998255373,104.17940786627084,104.51832934443065,104.87930466893712,104.93084176300259,103.87202743859385,104.38139965181985,104.36668573328441,104.38305072883351,104.00105988341282,109.35562146131032,3709
2009,def,1610612756,108.64281763477771,107.99605223106104,108.12048829328135,108.26367487045498,108.34668650026939,108.54413910284545,108.48105113312938,109.00825673037966,108.76772552693907,108.95170292805012,108.67158678427317,107.96525127504798,108.72753541412749,108.69257117019683,108.63689116126078,109.04872389791183,112.81672816728167,4065
2009,def,1610612757,108.13434250630735,107.14599876402137,106.96190707001251,108.1388812051851,108.34257880798498,108.29806503929358,108.14352500830381,107.2894246476296,108.16009614322364,107.64532012366664,108.01505806551707,108.18037345352057,108.1296568826525,108.1410587826917,108.14501491427636,107.98004987531172,105.38227987855369,3623
2009,def,1610612758,112.76712849105711,110.2911767482939,109.70588588515449,112.76192302250695,112.1887225575351,112.95750089326559,113.11839392358992,113.27789270475036,112.47007420483968,110.49418796950071,112.39739265167893,112.71226011818638,112.78454387980622,112.80373435969403,112.79734711992829,112.43933588761175,115.45661522894005,3953
2009,def,1610612759,104.55482483468849,104.04864115975666,104.54388524285878,104.09826601325962,105.3711518799262,104.43478338197141,104.00948321920227,104.53306314856928,104.97311763614454,104.37268113287058,105.26127444354644,103.2686541665091,104.58727616488405,104.61586437692847,104.6187670138904,104.09325020330714,103.99343544857769,3656
2009,def,1610612760,108.23587802547476,108.36095969640101,108.40741388507469,108.09374723327053,108.58057389109591,108.29908560065061,108.22449111557158,108.4690596065409,108.25500000177462,108.74481755924457,108.48953653049271,107.19022772345275,108.17533905713064,108.19501286950823,108.24387821245853,107.1264367816092,108.92811460731645,3909
2009,def,1610612761,108.64046128871759,107.387522031746,107.91194182290532,108.49636330968762,108.50058289240962,108.52472617882697,108.24824910505377,108.56540043054156,108.94195185073482,108.30400081011167,108.81827331652819,108.12808353565501,108.67643096969395,108.6255217811071,108.59072759582988,107.8483012904925,109.63172804532577,3883
2009,def,1610612762,104.97197060965635,106.50703396937102,106.19218417641281,105.57201244902683,104.70256785776452,104.98690794824624,105.31079736250216,104.87688934519973,104.72367437686447,105.83669923034472,105.3382831618653,104.97156960432869,104.93435668998355,104.95302632650649,104.9807046581816,104.60662525879917,107.92962774094849,3922
2009,def,1610612763,108.65579268716385,108.66206926821988,108.32588856377559,109.11775811584427,108.98267116965292,108.94513942122303,108.74724062248109,108.62679586609889,108.5643938228423,108.60665653784616,107.63102052705152,108.73791561900717,108.6412457234653,108.62628574769707,108.64841629883817,108.33999467092993,109.0909090909091,3740
2009,def,1610612764,111.72653059460578,109.9311143044605,109.92510837190086,111.96176453655744,111.30354890855595,111.8716927361728,111.7196132379766,111.95281485312141,111.74620666680043,110.65702938660057,111.19986567183966,111.46099671616105,111.72668578955548,111.64107277757446,111.6659359260405,111.16778523489933,114.15069572066159,3809
2009,def,1610612765,103.79055327409104,106.33851888632012,106.15459224099165,103.67024662817458,104.18710151939501,103.66591285560573,103.96627490238845,103.66054138345865,103.63982397074965,105.17553610014264,103.80018873086223,104.75848803150497,103.80471002453218,103.85226219722787,103.81919592518334,103.74010374010373,110.28795079675706,3577
2009,def,1610612766,105.29738300227402,106.34081530664083,106.2880545862019,105.67753145657733,105.15713744776788,105.28489515247949,105.41670754684691,105.81134564652366,105.23600079536743,105.43578580987321,105.74071590552657,105.01423199652262,105.28442573579626,105.27192185536153,105.28443050897101,105.10789401802786,105.89660743134087,3714
2010,off,1610612737,111.6675086246159,110.17939073455057,110.39429853498517,111.00599155035363,111.41495866017272,111.68953088453672,111.402934209399,111.65214915293834,111.82755210508876,111.5351962305148,111.44446354382131,111.51470288353102,111.68409792182378,111.67562611007169,111.6679927000708,112.00850159404888,110.88068946943173,3713
2010,off,1610612738,107.98330385904742,108.29330143926968,107.83601257876366,108.58423273330456,108.23852701960867,108.20530950421765,108.26113024435725,108.05916989947877,107.8073674955714,108.24467399508906,107.30954360024647,107.49949156732082,107.95947841518378,107.96130380080477,107.98422341962612,108.0816110227875,107.01243715268589,3779
2010,off,1610612739,110.25347772200237,108.62408592809446,108.30085919755716,110.5621389884652,110.3724254537778,110.44824604538692,110.42123682774731,110.40703634245263,110.08907366684598,107.9787443935763,109.62009128283158,110.8023662015047,110.23804905421018,110.2359536632724,110.24787979221189,110.23454157782515,112.08994708994709,3780
2010,off,1610612740,106.66056276585192,106.25862141583758,106.80844913986635,106.1977247416987,106.8252323766171,106.56394215494393,106.19104665259772,106.55921699467594,107.06683895068966,106.65279926433645,106.77865773014189,106.69581762685233,106.68460881332526,106.65835320013203,106.65491156385232,106.2680304222397,107.4217739850013,3867
2010,off,1610612741,101.06613241851609,102.35158296458462,102.65530973420937,101.23138190512768,100.78558457527967,100.78772603584709,100.97853996094148,101.1005563392995,101.18556766462564,101.39473996143725,101.88849924362026,101.46796607531303,101.06458979803269,101.09847594897859,101.09405101570391,100.82858622475402,105.42695473251028,3888
2010,off,1610612742,107.2537775123982,106.67488736631717,106.69810449203884,106.84806493325937,107.4447344184807,107.29364187950266,107.13186393303191,107.02190630034278,107.41401023907403,107.2502066394823,107.4791531191151,106.76467376007503,107.29127910242954,107.27011106209748,107.25477900388042,107.34064785788924,109.66494845360825,3880
2010,off,1610612743,111.48586946528246,111.25918141078661,110.46051577365738,111.38298977025734,111.44084341965741,111.66290731995885,112.18296037321933,111.35647114959941,110.92666668522978,110.98752396610121,111.3486601517193,111.92847820474407,111.4309433659148,111.4647334901001,111.48990736633495,111.7438623133384,111.04247104247104,3885
2010,off,1610612744,105.85416084753815,106.03721790972114,105.71397573204285,105.96416298395198,106.38530523731734,105.98884922576812,106.03014157345291,105.73220670395963,105.74894420032196,105.62422306190352,105.49905070626674,105.88857403345506,105.85009798717427,105.86214170499584,105.85756726397453,105.99664188054689,108.92597968069666,4134
2010,off,1610612745,106.1451210346879,106.88766927691982,107.34917214259292,106.24466412477115,105.91645740768318,105.95568158648524,105.92199474198267,106.147018842687,106.3168140003636,106.72132378035633,106.74095162556908,106.13449169567055,106.13419059434561,106.11874711783477,106.13919505113275,106.36762052075277,107.83026016670877,3959
2010,off,1610612746,104.34160305343512,106.01459515784076,105.80780987620263,104.87772468379701,104.29468858877769,104.4194569865762,104.50926970359107,104.50718010381041,104.26091865547768,105.48342592524196,104.21028042222748,104.21959563099257,104.29985790129318,104.3375731896127,104.338826248442,104.32033719704953,101.30446125750065,3833
2010,off,1610612747,108.6214796075244,108.20665117580913,108.38468446360912,108.30904688069045,108.52763537403156,108.59158416110678,108.45091770144349,108.50181861747049,108.7279434284522,108.95346804360264,108.85016656486611,108.24450775251117,108.63678955144601,108.62734284981823,108.62139303259426,108.01934826883911,108.35334934614359,3747
2010,off,1610612748,106.19010560416987,106.46981567858958,106.42349888393233,105.86380030664652,106.28678188552324,106.09636802513118,106.24338086023484,106.18346007277219,106.17069046530733,106.94971000796558,106.09391722898005,106.01706846629082,106.25024582922705,106.21528996346757,106.19127019902304,105.95301655098773,106.93877551020408,3675
2010,off,1610612749,102.46358396886215,102.97338379900322,103.87827755942185,102.11371756702756,102.58566963966646,102.07915136136693,101.92244934247744,102.56128759622645,102.89265279963162,102.37595456662284,103.24323158769135,102.8886312332406,102.49811506807346,102.46826050639082,102.45200428825784,102.21430389412065,106.50840224059749,3749
2010,off,1610612750,99.53733296300192,101.90746770487131,102.23737029840267,100.02254313763757,99.29703141329315,99.29961867111057,99.39607518738428,99.65595109626223,99.6766440176591,101.01282089829499,99.91603078532282,99.87457943987783,99.5478775922307,99.56573871911372,99.53377506881274,99.32466233116558,102.77078085642317,3970
2010,off,1610612751,96.88127347931578,101.08476532721095,101.24742864136286,97.07108735678331,97.11538735673435,96.61211505250732,97.01480219399785,96.74824708781054,96.80621960729687,99.16378081833244,97.7269540421693,97.88525490942077,96.83859005061235,96.88989557434117,96.87223709299283,96.81045751633987,102.70557029177719,3770
2010,off,1610612752,106.13232574852988,106.73219512228347,107.37052961407437,106.2137223924553,106.49367288804567,106.01210684149622,105.68910920975894,106.03204275877486,106.4582463114526,106.69553361095305,106.18579536913259,106.08384586288169,106.12784454081589,106.08000351646673,106.12882916295655,105.57259713701431,108.43342703807821,3913
2010,off,1610612753,108.85802871537466,108.80314406540805,108.59856661685342,108.92145394965556,109.17472415351162,108.75279724471234,109.22157626964976,109.14173901786896,108.62880868645748,108.48016586508827,108.75399950046548,108.65115557878522,108.88849896906855,108.79415226439693,108.83931916687489,108.65914458147468,113.75099548712504,3767
2010,off,1610612754,101.06455716582938,102.94013163723316,103.15303348006289,101.27611145415821,101.4630010461772,100.8436674372512,101.04431551562537,100.99362399612158,101.06858844091207,101.9967430971311,101.52737280272697,101.20523920790797,101.10927088737456,101.06661628076317,101.05961156225952,100.795426298782,106.02166792642983,3969
2010,off,1610612755,105.82774884973536,106.15095842941582,106.19417960013588,105.91706467511341,105.62696713302167,105.84179577435992,105.73992279251115,105.72630964128585,105.92832565564865,106.0636453863493,105.92764012495417,105.971928888301,105.84124306220001,105.84154847359908,105.83116959160746,105.63602844350804,104.89602526980785,3799
2010,off,1610612756,113.13527210929414,110.19587353444211,109.93669521630306,113.27808929970075,113.15313377385549,113.37659203596805,113.15890140228801,113.11751005695145,113.13938390742442,110.90765431229602,113.13725620335315,112.02004644695359,113.15181260580414,113.12591254326318,113.11682920350702,112.9624968537629,116.84210526315789,3895
2010,off,1610612757,110.58962683723064,109.4637524579781,108.91345712681158,110.41964531359686,110.36465674991157,110.75018840716582,110.92231414402563,110.43835311060977,110.36267733511977,110.17010355593729,110.5317050164076,110.1575933182824,110.6391314753828,110.60575026563265,110.58753325498711,110.01646542261251,110.6985698569857,3636
2010,off,1610612758,106.84244934382181,107.22578804805487,107.34866466709977,107.2125418274888,106.5272949496819,106.79579304069358,106.79603909695881,106.95082346858612,106.87633514507574,106.9771961910776,106.928371404719,106.93146472691663,106.82313374772734,106.83187523675971,106.84205512969508,106.63278271918678,103.32903225806452,3875
2010,off,1610612759,110.04739115244685,108.60921391392057,108.42395803097251,110.10128866572865,110.0382601463728,110.22262305975832,110.04089607814102,110.14702549728878,110.04043333766533,109.04292682339052,109.67583965752952,109.66325023905209,110.06185787812991,110.05243578931807,110.04649166693999,109.67399946991783,109.78689818468824,3801
2010,off,1610612760,105.74564075136064,106.82525424179624,106.54827241215807,106.27345525451588,105.4650804283277,105.78624384309765,105.96366390139607,105.55938968744637,105.57412190602668,106.60679858316564,105.89884539364952,105.64305354606881,105.7426557852817,105.75820043916003,105.74654678727428,105.69487983281087,110.00771803447388,3887
2010,off,1610612761,110.8697135143315,109.75472874906224,109.06474949931618,110.60556792768294,110.95542038348302,111.05219410088891,111.3566663751611,110.7904988996966,110.53464119202302,110.13428011619969,110.58012335594024,110.67890806552792,110.88951626810004,110.878923224014,110.86994219599484,110.96605744125327,110.38392166967276,3881
2010,off,1610612762,108.00924025530202,107.96553142503724,107.60336795915063,108.36786458801691,107.95657930262438,108.19858673553006,108.226544006025,108.17033018283318,107.8328932189013,107.78311528510812,107.84708745212907,107.7045490320468,107.95617637256537,108.01288838461012,108.01847103547838,107.77256129368806,112.59882682989033,3921
2010,off,1610612763,110.30454618446255,110.3236976272814,110.02366097310903,110.70483082036345,109.39440768809752,110.48930745550085,110.47280477769013,110.43870178103836,110.15060189016874,110.75741719623657,110.06145867514999,110.34890976585196,110.23498239926049,110.31781015363781,110.30614146620667,110.08230452674897,105.68939005638134,3902
2010,off,1610612764,104.87148576373423,105.22738215280681,105.09804055433683,104.83936030947686,104.79504714248141,104.80750306133282,104.96864255044665,104.82173166324368,104.82584978915745,104.98582703199257,104.87258805244949,105.1867623314124,104.93018679293057,104.90336252846707,104.87801698527917,104.72014444157854,102.26848145182812,3747
2010,off,1610612765,103.00855426652733,105.59189885663406,105.74033955526805,103.22705248652923,102.22627434567325,102.69803733607887,103.15393981083228,103.22137291315819,102.95057036357453,105.14010124770127,103.51117172912873,103.53560592778196,102.99281526885943,103.02170531727825,103.00171200978902,102.91394335511983,107.25982532751091,3664
2010,off,1610612766,103.06570980858902,105.5786538253406,105.44006850923815,103.88423866142611,102.94323290427141,102.95617606612534,103.4340848485604,103.14419857296868,102.79792092363313,103.67601995001543,103.73535953676152,103.64408342822495,102.98408889840645,103.01710244821935,103.06694023437548,102.9051172707889,105.78158458244111,3736
2010,def,1610612737,106.22479377495205,106.19448516841965,106.45252605876264,106.45085701155139,105.87623823032918,106.15363187138173,106.08463418560777,106.53132219943939,106.34905296675487,105.41519523240001,106.507272799941,106.67036816106257,106.17975705231943,106.20760550864273,106.2485142412334,105.82446808510639,107.07725553754727,3702
2010,def,1610612738,101.24976084907279,103.47978419755471,103.55949697645768,101.8699929028526,100.954691536796,101.01640385910349,101.32882309559734,101.65981844710183,101.23170662895014,102.42403153525225,102.01978552522073,100.893911285994,101.26720260751414,101.27854395489351,101.25845597565744,101.56043374768579,105.69385593220339,3776
2010,def,1610612739,102.79530198537095,104.7726472562853,104.77306469640905,102.58121086907957,103.18934968626806,102.58057622649227,102.95610929751024,102.58342945074926,102.73053123643146,103.64600309422673,103.54997370753586,103.26139631988707,102.83083599339741,102.81858702878404,102.79354194794116,103.14666666666666,105.08205399682372,3778
2010,def,1610612740,108.34394699848934,107.22092320679828,107.44042832449938,108.3931554131189,108.1141654182227,108.36357362744758,108.12564234397112,108.55831638774144,108.52046198636549,107.74006284147708,108.39955462520474,107.77512583018891,108.33924961081819,108.33080462331972,108.33733999543178,107.97690894778273,111.07668474051123,3873
2010,def,1610612741,104.0261416258853,106.06374975981258,106.53597274341116,103.8158159501674,104.09456826566718,103.76986083065749,103.89050633707475,104.7279436636923,104.14841884991235,105.09011113496724,104.82991789306065,103.98493442786209,104.0189633191065,103.99162251902663,104.0112146530768,103.71038392166967,105.50411522633745,3888
2010,def,1610612742,104.7981157805552,105.23595901244897,105.71336211023426,104.77546601229481,104.86231685340712,104.57280398361286,104.47747563964172,105.0957340801313,105.00497338179756,104.68235083958122,105.14639127851781,104.93089252179352,104.83043164683441,104.8300745964858,104.80572183066829,104.6117769671704,106.39504899432697,3878
2010,def,1610612743,106.57746186829493,106.87449153126167,106.63450651779056,106.98479202855246,106.20528760955743,106.59625068400376,106.76746453096709,106.29112427659292,106.45010106232505,107.33120619521705,106.56430909088284,106.27212263237791,106.59810742070984,106.58830280548119,106.57688593669207,106.1441213653603,107.8108941418294,3892
2010,def,1610612744,109.40473591762363,108.48786191333727,107.8260695041846,110.22534842987017,108.66290731228278,109.76706323348385,109.72471983995642,109.13205332990354,109.17707224273573,109.55890256781002,108.69800857255622,108.80398370447598,109.39138542224973,109.41566320096398,109.40649638409622,109.23704414587333,112.71452743533962,4137
2010,def,1610612745,106.61141472889035,106.30228556389338,106.31961067746848,106.74798657947743,106.57736592186193,106.72995425010156,106.4095889415649,106.25920917593879,106.76097011797899,106.7898681051726,106.34179759300577,106.51421356365852,106.60903878630617,106.65560906619115,106.63087293284602,106.22256648592823,109.0288315629742,3954
2010,def,1610612746,106.9641151101969,107.34198292190526,107.42505847752605,106.84842219165182,106.4842362760496,106.92494279631984,106.90298271261773,106.59636077446265,107.04614645464252,108.39072020304377,107.22674570517547,106.62406236507417,106.95912107499758,106.97468866937261,106.96431582044245,107.00737618545838,112.20657276995306,3834
2010,def,1610612747,100.51983033492047,104.24558537055768,104.9300744550267,100.64155700045211,100.63358538526445,100.17323381486734,100.22730857513093,100.79259493863894,100.77861888705156,102.8962536052661,100.91330708852621,101.37896258550693,100.51191178072943,100.5134078799389,100.51999755844002,100.79021157277593,105.95938001068947,3742
2010,def,1610612748,106.33368393637566,106.64802419958126,106.34090980616811,106.67377411511224,106.19464343900628,106.26905065154371,106.64952302151723,106.1214803840185,106.06599828061266,106.0478668680785,106.42511197063325,106.81236716396373,106.38903240468652,106.34956111179247,106.31267874690289,106.24833820792342,101.0872519706442,3679
2010,def,1610612749,103.98285602180354,105.69393254158413,105.04367008760511,104.42306408133807,104.93499577161346,104.09508456776427,104.47887989393458,103.57284024631895,103.57580655877568,104.56431748299812,103.94258555905793,103.92030478383981,103.9721041067575,104.00022444601929,103.98996943732902,103.55871886120997,101.0918774966711,3755
2010,def,1610612750,109.49244929027195,107.98612922446854,107.97909854464396,109.49010883023423,109.62886224832307,109.59319982816301,109.3903464868874,109.46875511009439,109.57283110981484,108.52349098768384,109.04644352602426,109.20542305438491,109.52577633606064,109.48056081562616,109.46949160266924,109.64428857715431,112.42439516129032,3968
2010,def,1610612751,110.12900892211239,109.20817657310154,108.79466152661276,110.36988252353541,109.736877673926,110.4381178110288,110.37417059441589,110.3254769450534,109.95859301378455,109.39485909852606,109.98396244209758,109.79990428099752,110.04297145485148,110.08124491682318,110.14636387972178,109.83778126635269,109.41644562334217,3770
2010,def,1610612752,107.31908540897304,107.86390384360746,107.95996877768417,107.4575713843216,107.31526959151759,107.3832983614329,107.184938611924,107.08566232964041,107.39460968810668,109.61452429555982,107.27855906382354,105.72859306893173,107.31051276415309,107.30884472228695,107.32523534187312,106.84371807967314,114.52556601373696,3931
2010,def,1610612753,103.61293853791396,104.19547102383544,104.46608059900572,103.23330016558678,104.17951528262495,103.37007715633713,103.46119602666722,103.84736935616597,103.76090441200309,103.08251695455967,104.24845096848625,103.7905949136807,103.67794258796641,103.66942962091424,103.6219557923605,104.1326664911819,102.55319148936171,3760
2010,def,1610612754,106.48237200175569,106.81753396124208,106.26638530661221,106.44548162862077,106.50576693357877,106.43811887735191,106.96949580239345,106.65935756872277,106.13102730417074,105.99606478203653,106.82892160132388,106.59670171600659,106.50937406756557,106.53422745320576,106.52001584788282,106.2375745526839,106.46053293112116,3978
2010,def,1610612755,109.6332672961725,106.9527697458606,106.85577939305072,109.99095155262495,109.14780505992215,109.75088942562041,109.68937679462263,109.62353786224041,109.62982947314008,106.68502819237183,109.87622237540064,109.7004624229259,109.60259095183277,109.59647268200868,109.63654748220132,109.08612062154333,109.65535385424889,3801
2010,def,1610612756,110.43390362030746,108.87276966643516,108.90756782876664,110.0301820336977,109.50927194355693,110.41338276036909,110.34283480827345,110.18195243877146,110.53570718540475,109.89178164024892,110.2962205705457,111.06136810012822,110.48067705458494,110.46633214461508,110.43296436915267,110.53293112116641,108.71794871794872,3900
2010,def,1610612757,106.22080078273432,107.01152167988506,107.20327490001095,105.90063946892188,106.23961141276799,106.09401800719128,106.14568257699064,106.86770168860403,106.31947992931737,106.26664240169056,106.40412686614854,106.5300393865999,106.21457951488652,106.2299049086352,106.2301307700313,106.12469101895084,107.280750137893,3626
2010,def,1610612758,109.86235613198022,108.97058957991115,108.67671124865245,109.70246198593716,109.6602313412967,110.00873618817724,109.98161268076709,109.42767763293136,109.77225073220507,109.73608690914985,109.438368995315,110.10888405651346,109.84611122129337,109.89293084288103,109.88237689262323,109.8473282442748,109.41692466460269,3876
2010,def,1610612759,104.23924561394351,105.24980288447166,105.37583819551459,103.71345969704939,104.59650041335999,104.0870437326674,104.09647091681634,104.22822112327896,104.36155770640197,104.91431182774144,104.70680012284627,104.29447478382534,104.26198674812194,104.31671067569597,104.28420814247828,103.78707627118644,104.41176470588235,3808
2010,def,1610612760,102.736452449883,105.80246409436334,106.17318540081625,102.99708693264594,102.45201531770392,102.4442138718175,102.74298639291084,102.61867616331683,102.72607344045255,104.127797394045,103.1633460966168,104.50839085660208,102.6718848087874,102.70148213351938,102.7415011304478,102.7154046997389,105.31450577663671,3895
2010,def,1610612761,112.27077090058782,110.9379006522463,110.7345441364234,111.8877180645669,111.71707278390107,112.31393976325133,112.51237381490785,111.93280480656477,112.08412168898872,112.42895861459102,112.33086542976223,111.96784216582218,112.25840966196327,112.22468475294593,112.25635453703721,112.36278097229483,113.20413436692506,3870
2010,def,1610612762,104.80584939740629,106.88419121515858,106.48181915393688,105.14163306479954,105.15675077612764,104.79429571738223,105.25473011945125,105.25112056775015,104.46090779266883,105.02945059670192,104.82045864330433,105.45606293326618,104.79675283318414,104.78103019878169,104.79693153415924,104.4776119402985,104.94267515923566,3925
2010,def,1610612763,110.17096111230084,109.35137560405981,109.54544686898532,110.05258863706956,110.01483001565003,110.37994468283148,109.9117380720491,110.51222933646507,110.34822770813248,110.0480426495212,109.91461844901205,109.67612892020095,110.09268668015407,110.10707770816155,110.17134128605352,109.91778006166496,109.17030567685589,3893
2010,def,1610612764,108.63084826785568,107.88375572013905,107.6237783495278,108.41952786299198,108.30677620192488,108.5930529274181,108.73139134726644,108.43374786237003,108.5656147160418,107.9954206291124,107.94414739477664,109.74004268353079,108.78245108183972,108.7072523406037,108.61878510083208,108.63942058975685,109.37332619175147,3734
2010,def,1610612765,108.67112073278005,108.21890128951303,107.65281241485401,109.0090524853977,108.83222633701969,108.85640594584511,109.08117963048305,108.4378269020845,108.34250139129048,108.77752008523444,108.56903166984269,107.71437684271622,108.67273675974303,108.65298120657933,108.66511493119751,108.41070453304205,113.45156889495225,3665
2010,def,1610612766,101.08219619967426,104.26815020816177,104.84204089266363,101.77892014301524,101.30339540391391,100.91505165325106,100.83010842145599,101.13546238441981,101.25663648797219,102.8600565367568,101.42335313507603,101.54972424824075,101.05080156140976,101.00738700491935,101.08104123970287,100.66365808335546,104.61249664789487,3729
2011,off,1610612737,107.93535439584636,106.6121127482072,106.59879558169494,107.95536288109743,108.27436947775716,107.99459425956734,107.79245318193186,107.77325379596199,108.01133148571664,107.4018009781363,107.98689771022363,106.81410992086597,108.00352443381843,107.95562658846549,107.93386712320614,107.56886868146563,103.37448559670781,3645
2011,off,1610612738,108.60902673796792,107.47149411556597,107.32431977411082,108.84881126643795,109.1707679160475,108.94579595063249,108.4714574962012,108.70176912415592,108.69316614539333,107.70231944337966,107.9221530829954,107.95312247362776,108.54208990785624,108.6058978596578,108.6188841611399,108.98395721925134,103.16644113667118,3695
2011,off,1610612739,100.25301148679516,102.39816356616203,102.63694607872647,100.11263959865474,100.59861179472607,99.97727816262645,100.27872192716862,100.37106065852777,100.23847288522447,101.1184496583349,100.7967036078725,100.9152097478052,100.27791629139597,100.25594029600899,100.2500479438965,99.94794377928163,104.12640376077304,3829
2011,off,1610612740,104.13892224566243,104.42988769042613,104.19869946771739,104.08741999632966,104.47549989712851,104.12734745006459,104.26647124018604,104.16116601532721,104.04201595643553,104.36102020345731,104.05278278694352,103.85321726011726,104.21377310842536,104.17169108422775,104.14482394098559,103.98599515216806,107.53837719298245,3648
2011,off,1610612741,105.59018756771333,106.28165478952515,106.10378852477226,105.77887849780285,105.4323416330421,105.6435956079375,105.75941407680608,105.88620742905421,105.52261913252669,105.78137346927316,105.65367974311289,105.59102717068971,105.54416605176887,105.58581564165536,105.5948067575105,105.4630593132154,110.16115815350997,3661
2011,off,1610612742,107.17454622610576,106.26397594885637,106.23281686224965,107.02800086470342,107.74371082983197,107.27281015635522,107.01518261246943,107.09384809084081,107.33156953690856,107.11091766342842,106.85788079287863,106.12099597695907,107.26274205353134,107.18060334007231,107.16803147989448,106.65057656208099,111.18972746331237,3816
2011,off,1610612743,111.65074893685764,111.23099961210329,110.5359757919005,111.49998704991106,111.91562298323929,111.82012688160664,112.32133412520967,111.50618024655574,111.08603762916717,110.55852061545448,112.27285114269442,111.59959377275665,111.59354839538943,111.58264279364401,111.63827389350271,111.64679015478305,112.41080530071356,3924
2011,off,1610612744,107.30730481202448,106.09456375380029,106.66752150142236,107.51431947963539,107.24329894420129,107.20777188909442,106.87569982836747,107.44563751451255,107.61718699809771,105.41639143162413,107.38225561032627,107.89073107019445,107.29646845342955,107.27847396496513,107.28982773742314,107.19918595777156,108.00608056751963,3947
2011,off,1610612745,109.3788001434121,108.5946441344306,108.27405497497064,109.28906476804869,109.30609256592722,109.4641446063641,109.61123332356473,109.24586115270614,109.23169013095315,108.72377924314041,109.52199490887848,109.22599838393947,109.39898273245937,109.37150887077925,109.36859728997236,109.46187197143585,111.7872666837126,3911
2011,off,1610612746,106.5007505240111,108.24782639760812,108.20007309736005,107.2814063982982,105.90250735752512,106.42839315502668,106.76168072540916,106.93809563550829,106.26243954536993,107.17489649411179,106.369837902553,107.28253722470588,106.40295168655906,106.44601416422334,106.50003533680146,106.52003142183818,104.20451596158837,3853
2011,off,1610612747,111.96278511404563,110.54527659635924,110.53519563158152,111.79636370068822,111.55691433379289,112.05449927262367,111.88925458354187,111.83997565651394,111.96095008930104,111.49359053716135,111.71135255627189,111.94775238277035,111.96263430803377,111.95860552504006,111.96088138718014,111.71218487394958,108.80149812734082,3738
2011,off,1610612748,110.88789534448131,109.25875896960042,108.45578852867371,110.67958868496476,111.17094832117795,111.03825719043907,111.4387042882739,110.84768563269898,110.42391289796365,110.11629759964703,110.51673836710319,110.02939895407927,110.9743281583079,110.91386176925451,110.88703919866553,110.36585365853658,112.07264957264957,3744
2011,off,1610612749,100.25670377875369,102.32870402705908,102.39980622532389,100.15664394902751,100.27697214825265,99.92916145448034,100.47219020869817,100.38770676417525,100.13861029219656,100.87454129366327,101.24271387538943,100.86540006044459,100.27112245053988,100.27383951326105,100.26554972175835,100.1875167425663,101.9122003770536,3713
2011,off,1610612750,104.54540830961591,104.1257092847214,104.24094428258479,105.23453892213253,104.03119774100193,104.4258568489436,104.46484121621879,104.49489724583407,104.6289461919842,103.3099940793611,105.0220428002597,104.79616942778259,104.59701737444024,104.56909291204667,104.54604614821888,104.22570221227939,102.94117647058823,3978
2011,off,1610612751,100.88182623953116,102.73374041248972,102.69138257130736,101.16205020282715,100.96327730161391,100.75703330687506,100.97928433539717,100.84667394053788,100.83782818527385,101.91428028807744,101.4595191555522,100.79323157709963,100.91875270357261,100.9034969023001,100.88572479247087,101.06723585912486,104.21192052980132,3775
2011,off,1610612752,109.35776552214908,108.69217465771064,108.67385928035563,109.24445122144179,109.82593594996862,109.3798853603803,109.40081873844542,109.19473702623088,109.3207465939194,108.68789925459801,108.95953004734118,109.5906909530237,109.36810381322239,109.31228859337413,109.33982295452117,109.33997509339974,111.61356628982529,3892
2011,off,1610612753,108.58155264430793,107.87439962291766,107.6529593432873,108.81559842418062,108.69231950258825,108.60105917261457,108.79266638720827,108.94598662174702,108.48169886699066,107.76529476707006,108.19817752732895,108.24896817026779,108.63363077817687,108.54148170850817,108.55798718229255,108.46602972399151,107.03104271690104,3769
2011,off,1610612754,102.4433100366925,103.16796517177988,103.629284876518,102.66036389463481,102.63370617377944,102.23677825994687,102.15102575936831,102.32174260785379,102.70548459827718,102.45709475689503,102.8434855530581,102.66560867116839,102.50257843509407,102.44195832043494,102.4270110797267,102.72774060730829,106.07441154138193,3951
2011,off,1610612755,104.26200515637363,104.61980554758492,104.59378612099519,103.94516314103385,104.62217232677556,104.21982522622953,104.24877542765368,104.31066052776484,104.24935127031748,104.64624131971325,104.28082087308496,104.11241691698902,104.30517824267118,104.29128294739732,104.26936925112716,103.78293764675189,107.83854166666667,3840
2011,off,1610612756,109.8359671859351,108.4705011183516,108.22845589502359,109.79871749642706,110.13415851608302,109.95907543577636,109.93017115970359,109.85479587060269,109.78630863443607,108.92519244225562,109.21028503777593,109.53937670989217,109.88522987916448,109.82329501566471,109.82233651163526,110.07790902236744,108.20971867007673,3910
2011,off,1610612757,106.06668239467352,106.97511098685712,107.31777980315763,105.95351067861684,105.52889174563637,105.88912641059915,105.8963927981246,105.86418992893388,106.26925049848954,107.23955274870157,106.1755420577316,106.70023177327542,106.06801299373726,106.06900056482648,106.06703859313677,106.06881603901381,109.69964177459356,3629
2011,off,1610612758,102.48213818459203,103.86765102387788,104.25996060414892,102.79217499754671,102.07737540592349,102.17603420995066,102.34552486450845,102.7605802851267,102.57921305920657,103.29739292211063,102.31717536620806,103.33032177244462,102.50077902223492,102.50673931305549,102.48796741370256,102.36139630390144,104.17917917917917,3996
2011,off,1610612759,111.08991345397325,109.17252865808199,109.02216290624462,110.7979409483988,111.3279118531424,111.20089536988591,111.15237776598885,111.03048742243175,111.05914073461624,109.42329977243445,111.03673221601322,110.88567416615524,111.10137269774545,111.06771038589251,111.07003283772914,110.83870967741936,111.11991547807713,3786
2011,off,1610612760,109.20992190378209,110.01666162491982,109.13059870600107,108.94196390459457,109.24697321567893,109.40631458170424,109.89951152914429,108.80619095503626,108.65179219825708,110.31252430580929,109.04935949116127,109.37313556811438,109.1862181541803,109.21800395993452,109.20972057334563,109.02101486417222,111.67695473251028,3888
2011,off,1610612761,106.40938634725848,107.28423747835463,107.40871107492602,106.71924035417445,106.21422863796985,106.45162336287456,106.29626250522094,106.57048050636826,106.45108985487994,107.53730606400019,106.47625260834627,105.89568274986449,106.35502353374775,106.40699994329923,106.4062837041686,106.39399430494434,104.83154870723426,3829
2011,off,1610612762,109.85306893295564,109.30863673305235,108.94737006635894,109.67512464774843,109.84141578602453,110.0238666823828,110.06755911629986,109.73240665995408,109.65060671728229,109.7374067434932,109.8330983000007,109.59334229102447,109.82946928340986,109.85221085451172,109.85652250607845,109.89333333333333,105.08162190626646,3798
2011,off,1610612763,105.35496464501938,106.0655515219899,106.1178206597537,105.43650921856444,105.04849162789161,105.29894694637963,105.344946741686,105.48776659109515,105.33933976835537,106.07365695967714,105.48056681499826,105.3837389354354,105.32510204052934,105.37977486534096,105.36187143845694,105.36269430051813,109.69970768004252,3763
2011,off,1610612764,101.63467349057505,102.83807111769549,103.02841397916974,102.1301421893815,101.53932124466363,101.48562526638598,101.52422609447088,101.56543315558217,101.75338025023665,102.13300292281295,101.82080922136566,101.89138205845788,101.67438487357767,101.6590998307912,101.64063275358995,101.46078933880061,102.10927573062261,3935
2011,off,1610612765,105.43773850485368,105.13338095355907,105.2898890149712,105.25846568386966,105.3788163139606,105.3179710678322,105.35969743230837,105.66734027376486,105.51967134525887,104.78132026626402,105.51853413065444,105.79122697997148,105.45034793489361,105.45743407390258,105.4491759003532,105.52858683926645,109.39542483660131,3672
2011,off,1610612766,101.57934040318388,104.02373608971158,104.02200455807265,102.37823502736748,101.47260774047214,101.45608900994173,101.78665480912656,101.71513419323878,101.43383662990784,102.28446930854119,102.15201767787596,102.05175114066598,101.51050987539313,101.558758946307,101.58256188152808,101.62840363053924,104.77099236641222,3668
2011,def,1610612737,104.79244274847642,105.70580990056085,105.88656515114604,104.52665251172844,105.03423174605221,104.75049986835658,104.57620289919768,104.5230658905081,104.97961861178378,106.5610622998419,105.07745368045804,103.94280869757469,104.81863158120873,104.82372792808394,104.79186953612259,104.40822869356131,108.57849876271652,3637
2011,def,1610612738,100.32247677675564,102.73647005956586,102.57757870764047,100.89834014703266,100.63348792081305,100.15418140195159,100.54991259655897,100.61234007894652,100.17524634877647,100.92824409343828,101.04136894085178,100.21176673714288,100.3560439123906,100.36169554756137,100.34005006471325,100.63982937883232,99.56651314007044,3691
2011,def,1610612739,111.91342794114937,107.44474441464725,107.4968046287469,111.69997911954596,112.56423121269718,112.11298029314578,111.6785214918555,112.07688093240992,112.03748632694625,107.57506223684635,111.70183257934727,111.34083533118257,111.94774307859254,111.87558266100899,111.81057214950428,111.62428645563051,110.86843473738949,3846
2011,def,1610612740,101.89360665860725,104.7441765179003,105.13470699804421,102.02769799277193,102.61773776654144,101.67456724875976,101.74496636366091,102.12086817800537,102.01391176548684,103.15110346709463,101.68015670786407,102.86245384618525,101.9457734890958,101.87556704820268,101.8776611631703,101.9142626044756,107.96484482285086,3641
2011,def,1610612741,99.558071403744,102.97582626781322,103.30443460894962,99.86459595491945,99.83144591397597,99.25509232807117,99.50058176381053,99.58299526919677,99.59615193962732,100.4553833206245,99.92507275788819,101.37796709513299,99.57819004095752,99.58191699336076,99.56661122349239,99.68717413972888,100.19146608315098,3656
2011,def,1610612742,104.14618104972615,105.19686011121237,105.61287818527282,103.99795858229922,104.48877810493904,103.95929768492687,103.86160608017849,104.35912921463796,104.37462694228203,104.42813161441447,104.06593677587723,104.77066270530035,104.1911947118918,104.17063684613788,104.1445730545671,104.35835351089588,104.77439664218258,3812
2011,def,1610612743,108.0131047960165,108.40016025240605,108.37127603237009,107.70990305024057,108.1206378615056,107.98888230170647,108.06223773730213,108.61633144733896,107.98556243966146,108.61208817084292,107.837416854785,107.57014002199794,108.05072123295677,108.00133183894192,108.00121352739295,108.42639593908629,106.03117812420138,3913
2011,def,1610612744,111.21166374766416,109.63175307570205,109.09079348859329,111.82519271839531,109.98779721965428,111.41200694791729,111.63982882084815,110.83532632506694,110.85023073095621,110.83107954614435,111.03929752621778,110.98440469522745,111.18170620902517,111.1811712851306,111.20606958499306,110.8479755538579,109.21285750442925,3951
2011,def,1610612745,109.36271925199482,107.38982735987304,107.01673829520824,109.10220510595069,109.14456791827553,109.52747992952327,109.45311889348973,108.83046962289498,109.31648449254112,108.78681714157695,109.3813126344824,108.62128513694027,109.38310191173733,109.42490717213565,109.41400213716254,109.19979612640164,107.60953112990008,3903
2011,def,1610612746,108.42144729545798,107.12106984004912,106.80825455707867,108.23221830878002,108.69777399400034,108.43359968443825,108.72803049347938,108.04156470090182,108.20883761295978,106.77782585378326,108.66693237986081,108.70993315210137,108.46292270110774,108.40728391383038,108.36309338130417,108.47280334728033,108.79833895665715,3853
2011,def,1610612747,103.40828968573732,104.92749577986278,105.70493719864335,103.34419403290089,103.24710080690812,103.0912224858638,102.9807807025097,103.37006869960004,103.74011848524603,104.5127807461113,103.9412579517409,104.00532821991719,103.43250234856141,103.39188605364873,103.38850207403524,103.41386554621849,103.82455201925649,3739
2011,def,1610612748,101.14028468291247,105.18381172559275,105.499396871983,100.96340368598234,101.49581826302361,100.77694772159904,101.20814448676214,102.02336349254594,101.11342961251712,103.15138922026983,101.76996203415966,101.81827308739038,101.16457188820904,101.13643903895426,101.13403082449662,101.53927813163482,104.87021675140487,3737
2011,def,1610612749,102.16758879820425,104.06068171921677,103.98265435610861,102.50516443181712,102.86652489227336,102.09088688989414,102.2624510750389,101.94733450301455,102.0497245770738,102.98203683082009,102.54785802028253,102.07813515148719,102.1960827337815,102.19196342573153,102.17227581544634,101.95605573419078,101.80252892117299,3717
2011,def,1610612750,110.56139478635966,108.73761983242159,108.22418711735435,110.4750297814277,110.69282318626318,110.69386120744926,110.94158322520464,110.061074828587,110.26526119310951,109.27267004247612,110.29559265708812,110.52469144070143,110.60240696920786,110.55016553051955,110.52563472739463,110.21934197407776,110.66499372647428,3985
2011,def,1610612751,109.08165412578897,108.93467857938984,108.51543715742943,108.51740342839194,109.34919221210937,109.09878783551086,109.43517217137146,109.55199475372201,108.79996575675655,108.98657072848644,109.24585028440869,108.56107260264253,109.09853606730162,109.10455536385253,109.09129324173666,108.56685348278623,110.24080444562054,3779
2011,def,1610612752,108.45011627069401,108.02832607778774,107.96081940966349,108.4906852263886,107.93708885353465,108.54218081369753,108.507415727275,108.55528624817514,108.44219430055061,108.1816883838484,108.47318934370828,108.58154638508363,108.38452799604981,108.42459948249113,108.46476357785481,108.4098238650459,110.25641025641026,3900
2011,def,1610612753,102.42966653286264,103.63563117866615,103.59266635390463,102.3774732000396,103.10852499913489,102.27771593333065,102.42262867556039,103.0902147790788,102.46306887340046,102.43152173101062,102.64783489998237,102.04789271182406,102.55957200785441,102.4996834797697,102.43110267035316,103.2197977647685,101.01063829787235,3760
2011,def,1610612754,104.52204634947314,104.8790916827322,104.7649534459592,104.27399599528121,104.85723340139073,104.33801805712332,104.67713357629613,104.80429459191302,104.39576919545863,103.63262242432032,105.21598735098851,104.71973475754339,104.57830314429891,104.58269777818282,104.55668391318896,104.08320493066256,106.92015209125475,3945
2011,def,1610612755,104.87571118150439,106.14229648761274,105.9989751048101,104.72210617921345,105.26229738099796,104.76654038277054,105.0733859110695,104.49110490929812,104.72975833420371,105.62523266969824,105.05853477055118,105.36015999631091,104.89250209616917,104.90132719066413,104.88493771015848,104.41022964509395,103.76623376623377,3850
2011,def,1610612756,111.93845690775953,109.29921390293285,109.05428989333203,111.96189736237112,111.32787495659805,112.17591291094443,111.8481993965982,112.18947960398813,111.97990654905792,111.60263021700112,111.2051017530711,110.4056022683267,112.03317402030206,111.96470655026104,111.92946246017277,111.80311401305876,108.1799591002045,3912
2011,def,1610612757,106.19741488878456,105.84074809606128,105.52538524613817,106.89989497218757,106.09369843899736,106.3747088267947,106.40790412912973,106.0080005394048,106.06025597791434,105.93216272288652,106.47173411738268,105.25064784392866,106.17045571402768,106.16741274456265,106.19045987317661,105.93656817565736,106.4773980154355,3628
2011,def,1610612758,108.52713362546385,107.60146086651598,107.25022740496982,108.73719905096476,108.31953812981558,108.65524233678399,108.61004787100862,108.50480887212218,108.43466250499507,108.36008432713095,107.7077067338528,108.34935357564721,108.58105552463755,108.59912314853946,108.55064277375995,108.45323741007195,109.11816137896578,4003
2011,def,1610612759,102.49757538380823,102.20881380014154,102.60329053751995,102.50799835616255,102.89447700315885,102.35552351699549,102.09616148795804,102.97804225822674,102.82525693807395,100.90499328920598,103.14178238316586,102.32711476180725,102.53461278079018,102.56357356202383,102.56909604955533,102.08333333333333,107.03001579778831,3798
2011,def,1610612760,107.29512565704466,107.15445964504046,107.10933174308639,107.37803513812459,107.28041018859878,107.35402606836588,107.32294942127812,107.71517335564432,107.26002613903695,106.38899823683435,107.23336123897963,107.62502262697403,107.23025471222059,107.2931784324479,107.33721925560798,107.14468629961587,105.69587628865979,3880
2011,def,1610612761,111.27875989941074,109.65405839089998,109.41239326712983,111.2700130068183,111.26680509305028,111.57807361461514,111.40645804344963,110.94813851564275,111.17277449148706,110.54363649280515,111.07257824668605,110.8089658738516,111.165616532897,111.20932233414125,111.29031060714772,111.1889927310488,113.20166320166321,3848
2011,def,1610612762,107.27060425531916,107.68263178710009,107.16921202131059,107.60963588566321,106.68553837402644,107.31420294565801,107.79144916292756,106.97237451985187,106.89355610190103,107.7436488951792,107.63113160818656,107.25432125465788,107.28931429292798,107.23499927503445,107.24088749351016,107.12765957446808,111.59725882973116,3794
2011,def,1610612763,105.23911104923108,105.52256430144809,105.4730824982554,106.18113187668249,104.834082860743,105.27737376382234,105.34502980705125,105.41621968160547,105.17056859894674,104.64991233146938,105.2262431662972,105.43535370940148,105.22789858091572,105.18117788216325,105.20449519571983,104.94818652849742,104.93892724375996,3766
2011,def,1610612764,108.23096969722837,107.63556222819558,107.38222296807328,108.85327217050593,107.58269320231996,108.35262325264563,108.3833356800539,108.40271851847083,108.10269415079523,107.25844105608829,107.52655471126229,109.0462577556217,108.2150525122633,108.22849090293701,108.2367922979912,108.09976857804062,111.76320489920899,3919
2011,def,1610612765,110.32310346085497,109.43924646000015,109.288541727593,110.4436175113988,109.8815337479834,110.61729873895459,110.32568755304497,110.28781226017233,110.3218421295289,110.41300218545362,109.78479617025472,110.09295436414756,110.23242338806797,110.2713686361355,110.3253852182201,110.16720604099245,112.77581040588396,3671
2011,def,1610612766,105.25707140048952,106.0115070692838,106.23232210347821,105.23469465480247,105.64179346481517,105.18173083187372,105.24866840431748,105.10748408453487,105.28421862409745,104.82939605259503,105.69420592636558,105.98114868362856,105.22561061237555,105.18221934588477,105.21727433230433,105.14392324093816,110.13107591480066,3662
2012,off,1610612737,102.18684312658071,101.75113949983763,102.0325893903304,101.96197558423631,102.65831878405486,102.05304401787849,102.01202239639012,102.41194707025987,102.32803319019169,100.98114306605419,102.48282678461615,102.32939672603551,102.21477767741189,102.19174644352125,102.1795406428338,101.91862388355938,107.42444152431011,3044
2012,off,1610612738,99.23666017034542,99.39825753758493,99.31107435435014,99.8721120327235,99.98304238432284,99.32619372969728,99.17661268865558,99.19828662423033,99.38758926483459,98.03023657667714,99.66097615471874,98.61245723161254,99.25533496881988,99.25833216237673,99.24873211386837,99.66181941156577,101.8664047151277,3054
2012,off,1610612739,101.39148421065002,103.44675203406193,103.50219307966924,101.8953538251059,100.9173241233233,101.02597755486697,101.82489413052421,101.80341164805898,101.07071099573028,101.09121929655977,102.17888271644064,102.90294599582951,101.31768246413515,101.33160814114214,101.3855122401001,101.1143887250082,100.2641135688346,3029
2012,off,1610612740,99.09774526641506,100.45525680673576,100.66702592701924,99.69190288734707,98.934861608346,98.9243757467955,98.94225299456755,99.15444447021895,99.18350141652908,100.05830878104041,99.56004881573121,98.66619394936225,99.14338370374682,99.14242836640561,99.10507416674363,98.54336043360433,102.20938137321549,2942
2012,off,1610612741,107.97307126159274,106.26687872396568,106.20679987750783,107.82249873607384,107.27967500115592,108.10013529689245,107.9365170421285,108.1378810748073,108.02917031512835,106.79042371523663,108.25124746208246,107.72556532873696,107.93529444207962,107.97823108133977,107.99223183205429,107.65357502517624,106.05652759084792,2972
2012,off,1610612742,101.28113873602608,102.01908566759262,102.25214156278297,101.27038946209294,101.6953600101148,101.15497022674167,101.09338687462566,101.38257099272762,101.43888909101545,102.19062597372552,101.06076408501875,100.89717151674967,101.37428464487931,101.28652616285521,101.27824280962952,101.23416693731731,104.15989600259994,3077
2012,off,1610612743,106.62770572826415,108.49227524044494,107.70992411354464,107.01324150212812,106.82477100774891,106.904344543861,107.39929143004261,106.77030476016736,106.0882598098666,107.68361478803507,106.41036827909994,106.68586625626645,106.45933207493641,106.50468450252067,106.63358134268282,106.4967360895244,111.16129032258064,3100
2012,off,1610612744,104.54027342173639,103.08655116789045,103.26095894525469,104.34297518803584,105.02970245530496,104.56813256061398,104.28195093558774,104.47801355877257,104.75115948155045,103.2129131498027,104.69293810964322,104.00099185290239,104.5891668731377,104.54624949763912,104.5269491458653,104.17070805043647,104.90259740259741,3080
2012,off,1610612745,104.73126729204525,103.6825933381977,103.93526063957982,104.84535681384152,104.55276132960432,104.81957172087517,104.31584772603316,104.51357013211678,105.1440056262608,104.41699681529431,104.44559033690533,104.41007746972257,104.7925938109908,104.74591249107104,104.72774600788881,104.47325769854133,104.87096774193549,3100
2012,off,1610612746,107.73382177720146,106.78920766348352,106.56556668498264,107.50534160422349,107.37452448443958,107.74072087387658,107.94548883752014,108.183229496576,107.58901478577666,107.4382980799724,107.17879729234467,107.69902688169947,107.77164580739833,107.71491203615417,107.72372703941274,107.82029950083195,108.48032564450475,2948
2012,off,1610612747,102.53087331684557,103.36127609524617,103.00875480623401,102.84329521692814,102.39150490618653,102.60637357855354,102.66327491387054,102.63137077631916,102.4554215620204,104.25758931907839,102.08977106283571,101.52537737840008,102.64368482368859,102.56194659497902,102.52818724311453,102.08678370321299,107.74193548387096,3100
2012,off,1610612748,109.83784834366203,107.35139144689802,106.22428093240518,110.00878457724075,110.10100214936384,110.38118740458192,110.44201591451271,109.55048368580906,109.38354047244695,107.95979996778469,109.33601836546067,108.92120739065635,109.81734529850556,109.85561105750551,109.85930185515944,109.38500960922485,102.73972602739725,2993
2012,off,1610612749,101.55661530012519,102.56554301883071,103.16238466710803,101.39397278914909,101.46019775081159,101.33149445910591,101.18183536155604,101.31540292776936,101.85191523120452,102.37523652165422,102.10024363662303,102.01395883856614,101.57361405424805,101.55517881524835,101.55355706023978,101.62866449511401,107.89889415481832,3165
2012,off,1610612750,102.10658160165572,104.42500467931866,104.19679657931854,102.61108106057964,101.92033892670055,101.99561774167796,102.50933384703124,101.92025416379721,101.78468505544393,103.48377927389113,102.28476786257163,102.82391134173778,102.0643491459674,102.07574262463618,102.10595944799375,102.30843218980442,105.03851091142491,3116
2012,off,1610612751,103.7657935285054,104.04839162831593,104.33179993822752,104.37923068291022,103.33620495859722,103.4288497984136,103.79429912710692,103.6079525490777,103.73496311305944,103.63141355350493,104.70122550175682,103.53717907263398,103.82311861863279,103.74579623543431,103.73255469269127,103.28813559322033,101.50770239265815,3051
2012,off,1610612752,100.81849787027116,104.00578459574301,103.95212181779044,101.56536891100905,100.84490064166548,100.65538874586439,101.1132507305941,100.81326293582394,100.55034906439627,103.00156108684469,100.30283342041467,101.76659601749463,100.79239679469528,100.76166197482324,100.82783117877466,100.93038177735002,107.08050436469448,3093
2012,off,1610612753,103.4790689500713,103.93525364140598,103.82627638198188,103.84949269861252,103.62576364709626,103.22827408122231,103.98203755003144,104.20098706703065,103.16411720030892,101.32869396506399,103.84933170935872,104.69564839031258,103.485913224356,103.36184750570683,103.40647995072125,102.98357358364063,106.18243243243244,2960
2012,off,1610612754,102.87429356949475,103.18719792640185,102.88499047390015,102.96956362772846,102.56193952413575,102.74950205656644,103.2443918368568,102.66273901925781,102.57779514058392,102.41766797686361,103.85263339540626,103.08618788491383,102.88433519542245,102.89911741001724,102.89439949622104,103.15374507227332,108.48963474827247,3039
2012,off,1610612755,104.67610458810167,102.12588653440443,102.43442632254522,103.12186024547064,105.32925098780679,104.63112383989602,104.16371880272074,104.84169382353646,105.07221060678219,103.56370958771271,104.35259056453772,104.20330635630484,104.82877169077075,104.74590609840408,104.69990445988522,104.4675848169298,102.74431057563588,2988
2012,off,1610612756,101.430647874654,101.44788919806419,101.75017430786548,101.49742958004317,101.96416216523413,101.39753798523405,101.05087845451726,101.28845191971867,101.78033136804069,101.68072950426468,100.85803012479056,101.26945111908034,101.53517045205058,101.44954393236448,101.42663378739448,101.51365580783153,110.02930641484858,3071
2012,off,1610612757,103.33206781606292,103.99876033599257,104.19160698208913,103.14963242982151,103.55454758331031,103.32106503196655,103.19664704451235,103.14389763715083,103.42019939694171,104.04500614364116,103.86091014389415,103.0108316893506,103.30775903351642,103.31621938962833,103.33094791121128,103.3052495139339,106.65557404326123,3005
2012,off,1610612758,99.61627283665509,102.6580161995597,102.98164555974829,99.73005239244601,99.25686053476291,99.18998323188707,99.7831351034234,99.63248145642413,99.50377684500025,101.22906049367057,100.21802408694937,101.11847504556428,99.57520465104612,99.59124802143057,99.61498061793849,99.83938323160938,106.69586983729663,3196
2012,off,1610612759,106.68075003983496,104.43387826831955,104.46139359072937,106.21336024696778,107.04609732216382,106.71839600514487,106.54749902082538,106.83999605981604,106.77226160439996,104.89219033956971,106.48047371023222,106.30017740917914,106.73658566506396,106.69314998133447,106.6700182964618,106.32333767926988,114.38159156279961,3129
2012,off,1610612760,108.55218925881424,108.05387561029409,106.94599225867256,109.40873044951944,108.57600270349566,108.95885391479928,109.29647066031725,108.24150808290247,107.95430713341712,108.50510351439863,107.64898302417382,107.93603596493291,108.54326616667379,108.5307932898739,108.55117189217111,108.06246016571065,109.2568866111467,3122
2012,off,1610612761,98.15471133228142,100.215266429267,100.44537702740843,98.5780602039954,98.42838107519475,97.9758316160447,98.06133274056356,98.21496233611177,98.21563249957254,99.01829770415269,98.06136738105582,98.84429767703408,98.18602230080893,98.17379297746854,98.15679980480773,98.29773030707611,102.21848739495799,2975
2012,off,1610612762,103.69962893057341,104.80359587155284,104.34448976126345,103.51875954445852,103.4638158157194,103.82234641191292,104.00511768581997,103.72703442476913,103.48000768012268,105.22274014454115,103.04354668279811,104.09053270457937,103.66942751683013,103.74141224644823,103.68589651260535,103.76062786134729,108.20089001907184,3146
2012,off,1610612763,101.71259934914576,102.80629953909529,102.78617462423995,102.015033495207,101.29926699641338,101.70834275112811,101.7079968258087,101.6851694089251,101.68221198414747,102.54045247415804,101.89529315593384,101.94683511578793,101.67167706083613,101.75327915818613,101.72111095411599,101.57894736842105,104.98349834983499,3030
2012,off,1610612764,97.3023789228981,100.27454425202177,100.67073077669207,97.64308383486299,97.34879796818646,97.07076650341003,97.16802206931894,97.52850556236295,97.36500484350042,98.88712262867423,97.41778933979303,98.28185720554121,97.25505637979353,97.31739305709743,97.30179719396614,97.024,103.58670615333992,3039
2012,off,1610612765,99.10225220853977,101.04645333966083,101.19476679949987,99.9160836883514,98.65892425545019,98.92091854347906,99.15363457513499,98.95305128041647,99.10299266711553,99.40069811397261,99.92481649975294,99.84899565461288,99.0423581607318,99.11797422149881,99.12691675710188,99.22139471902506,101.55680688969858,3019
2012,off,1610612766,94.36474490585373,97.5380974773652,97.88365953066923,94.44583813312536,94.7166381946405,94.06734531177506,94.258295769972,94.53062648988578,94.47465064249793,95.76749878432646,95.08453138776383,95.03681975036316,94.3885472650264,94.40003832431759,94.37205541554927,94.2998352553542,95.23336643495531,3021
2012,def,1610612737,100.49958184109751,101.69834858310757,102.38955080325104,100.79515056817303,100.69974268282644,100.31071573045115,100.0560736796115,100.4897795359538,100.80939487344685,100.05913680998643,100.81594698902646,101.71065227467562,100.45094643083341,100.48596421299845,100.52085148369497,100.16539861065166,101.50869137422106,3049
2012,def,1610612738,98.17620306066006,102.31878727666397,102.42311806916896,98.43549297618156,97.95368841954908,97.89952622114842,98.37784762466906,98.02661831219967,98.03081816144065,100.61199913219153,99.09339947686719,99.32621984495376,98.11477818348189,98.17246455681092,98.17717112518933,98.24797843665768,97.73547751887102,3047
2012,def,1610612739,105.33485091428714,104.79988474936081,104.62566992112001,105.29872883710769,105.12336848851405,105.35476453297449,105.50208907153915,105.21995270816657,105.23635314423987,105.22478962111211,105.47756622138496,105.05225471305012,105.31806508518282,105.33394198124586,105.34164580081269,105.1063829787234,111.2940401712216,3037
2012,def,1610612740,104.17552190228676,105.54299544293298,105.34685729274032,104.28259001656613,104.33858585829499,104.16600313260938,104.44735692760932,103.8429953001245,103.94951970681625,106.37154295605315,103.99757261320791,103.6108761648691,104.17476586422924,104.13259528338435,104.18903754479773,104.34192672998643,104.71346219057308,2949
2012,def,1610612741,97.59503806350894,100.17950124132307,100.69795916163908,97.5244380817885,97.76763081155981,97.21531336840854,97.28443906657608,98.10727453280899,97.83397591388072,98.17488018502465,98.62348104198195,98.22558656788333,97.59079300974228,97.68417273360011,97.68791734555116,97.51677852348993,98.11384304479623,2969
2012,def,1610612742,97.31392476576934,101.27959002357284,101.40537776426719,97.77002355341816,97.76967218321151,96.97059019170922,97.45839775027099,97.4042843438382,97.19622857856154,98.00695657816962,97.04328295032076,100.06735758807403,97.4308247624244,97.33659735707046,97.28228743029587,97.39583333333333,105.45513234344739,3098
2012,def,1610612743,103.22461235643804,102.13184404789749,102.60451215957687,103.60290610312937,103.67755827666267,103.23116595023002,102.76202305874955,103.05203878952541,103.5794188457332,102.11720210460444,103.12058287114506,102.81660424463973,103.26041998947956,103.19440945839003,103.18065179451783,103.35403726708074,107.91505791505791,3108
2012,def,1610612744,107.06570408772548,105.78743257104163,105.05587796271836,107.30315901739446,106.12331217723698,107.22320201702355,107.65578263174923,107.45703436211403,106.62355311492496,106.06970277537691,107.4447611442752,106.43018427179535,107.08451587171834,107.06315890131351,107.04840035081908,106.70535138620245,109.20881971465629,3084
2012,def,1610612745,103.11538920480417,104.18823189063876,104.27596795390583,103.26145113581899,103.10265831682305,103.20061297348578,102.91367730302862,102.95309725061024,103.27953677807636,104.83751643550634,102.41376600517117,103.12057596266075,103.1066883638482,103.1401098286635,103.10875696134528,102.85158781594296,105.93356981618832,3101
2012,def,1610612746,105.31501322310876,105.43570929862246,104.86548411331549,105.0685153830719,105.35939465220295,105.3263766306929,105.87145538941967,105.59429741643335,104.92511094537807,104.0928377429547,105.18114848436878,106.53914563765747,105.33336494719262,105.31067901590262,105.29780417522876,105.32978014656895,105.64433866031962,2941
2012,def,1610612747,99.65458270543017,102.376358855619,103.01909125857765,98.80967580981068,100.13411995879781,99.24700668477621,99.3293309789566,100.32895342580322,99.94206131683951,100.9631176034568,100.24104294729875,100.532806635789,99.75085977710097,99.6973080104046,99.64581060417244,100.13320013320013,107.44095761889356,3091
2012,def,1610612748,99.54448379335511,101.57168174941334,101.87070297512717,100.18911787853634,99.72312379961271,99.20847896787213,99.70752731525023,100.28677268551364,99.42327377242981,98.54381432762972,100.48353014903931,100.47957708196583,99.56484865242717,99.46892006506302,99.43699854806091,99.52015355086372,100.06706908115359,2982
2012,def,1610612749,104.29860783082184,104.03938641084572,103.8873632948885,104.86387683918444,103.67203410261878,104.36911055553173,104.49409562171232,104.30154445394479,104.15259501705948,104.16635228678011,104.96062636067597,103.56518472927279,104.26443174684188,104.24733097037593,104.28265172761574,104.24281984334203,104.52972632903429,3179
2012,def,1610612750,101.04169991780925,101.95939346308235,102.0392430763945,100.91703484839633,101.33079043418859,100.945237131903,100.90009525466486,101.35397836109651,101.1840993174147,100.74881517550354,101.03926454425319,101.71173522874312,101.1150340694094,101.114767594867,101.06667936848778,100.9929532351057,110.84028223220012,3118
2012,def,1610612751,111.48128584940463,107.80023464351197,107.2658022839697,111.60659197223194,110.5364077161138,111.8703321110961,111.74010807230262,112.32361407499843,111.2383462381311,109.40486337367415,111.17626566726832,109.85411279804016,111.42689475471433,111.46479999202901,111.50791102605419,111.24702684335712,106.73422687152664,3059
2012,def,1610612752,99.38578235061338,100.82327670164081,100.44866791243435,100.29887738232208,99.84410424771477,99.42818852759035,99.63913611410997,99.68365620846605,99.21534843650491,98.11573441009881,99.21847502502494,100.39003878404111,99.42895032199557,99.4193190944215,99.3877615392341,99.456,101.78339818417639,3084
2012,def,1610612753,100.58735530460032,101.31856130691187,101.70120251865423,100.18904231449919,101.28441406735544,100.36668340441398,100.20199658512492,100.2688900609953,100.9363394757293,101.53919723289133,100.78686470087304,100.22808473441212,100.7392148970328,100.66600594322826,100.58890047395973,100.94054417198522,106.40161725067385,2968
2012,def,1610612754,100.4218157894737,103.02184602854537,103.12576930628914,100.91310544537475,100.2987178018922,100.1620937218426,100.61096531414944,100.94864146175429,100.2303153231602,100.80275022865577,100.7684701454788,101.69216314246712,100.4182372924456,100.40214132783132,100.41048108879946,100.23026315789474,105.09427720807145,3023
2012,def,1610612755,96.67464463204901,100.44564530090837,100.82562638848142,96.65457532199764,96.99082350216968,96.26248372152696,96.49277310833726,97.2381198421339,96.83014761083645,98.21212500188265,97.02240801646403,97.908115374206,96.78121031198874,96.77417328799024,96.69781396877507,96.2283044058745,100.7682030728123,2994
2012,def,1610612756,104.48327990745197,102.77948770715354,102.71934267430711,104.53552586371606,104.50433440189308,104.4504799931412,104.27735726942295,104.41607894537381,104.60524430199568,103.75350580635921,104.15688681336181,103.64920863531354,104.6544849067831,104.59163602966389,104.49899136199237,103.99868895444116,108.1266318537859,3064
2012,def,1610612757,99.24221891612413,102.68164945756251,102.62860530575877,99.90123905181606,99.48857286879462,99.16563262996557,99.43038536330793,99.50897305747074,99.15156603673388,101.44540306558167,99.16780865127642,99.39562819794726,99.2011113571929,99.22036882937292,99.24191725290734,98.95799413871703,112.89140572951366,3002
2012,def,1610612758,108.01501614142968,106.92574640390026,106.84784538526411,108.15153416838427,107.39712906995668,108.28840782043734,107.86849855258077,108.0090358789896,108.09139083843823,108.58890939090666,106.83372508308668,107.86395376595836,107.98205921818935,108.00447462826828,108.01502978527088,107.808,110.19387116948093,3198
2012,def,1610612759,103.00937505528411,101.97885332233199,102.08292707000474,102.70470471501986,103.73394043433407,103.0888731758191,102.61496275265067,103.0592982849896,103.37426306899661,103.03189493374425,103.00658500519788,101.23482585404967,103.10672791040923,103.08067930192273,103.0216462292502,102.67188009123493,102.48486779229054,3139
2012,def,1610612760,101.37434520278052,103.2237970564659,103.5144040617557,101.21159303206784,101.20298130200705,101.10962186499498,101.3752040187818,100.65270280050339,101.41116859089415,102.54131571058176,101.91686992976237,102.8331696920329,101.33580198862525,101.37038250217273,101.38552703344865,101.52914941064033,102.85073670723895,3122
2012,def,1610612761,104.44112234505248,105.24751821263196,104.55633047073914,104.25213336675459,104.56308339170604,104.44871499482497,105.14637080085544,104.36650717926852,103.89502519385593,104.51295602834143,104.982931394545,104.62892918245616,104.46160101726615,104.418745504098,104.41251575884728,103.83717050383717,104.00269088462832,2973
2012,def,1610612762,105.71295282315229,105.69135395127125,105.07809058083456,105.82699492260053,105.63241512269255,105.86091671611935,106.13888873537299,105.50032342117068,105.34270337630491,106.72289220082841,105.53292902954163,104.79406747547947,105.73853799478442,105.72682417723864,105.7129326816324,105.421293272371,105.5520102105935,3134
2012,def,1610612763,100.46534083573611,101.9613700093888,101.89708129161575,101.6552329100336,100.30815920873832,100.39507488134876,100.70855562254584,100.42322130301179,100.30504628322612,100.0169115785631,100.6503657444245,101.32761335919152,100.43630584733673,100.40012685041056,100.43590584659161,100.59210526315789,101.58415841584159,3030
2012,def,1610612764,107.55167718122682,106.34047110174102,105.98786693258941,107.87258718778605,106.3630772823266,107.61982273938496,107.88536437535997,107.65694742942148,107.34016277916182,106.96834701512562,107.19068628192592,107.90514493853469,107.52613002222154,107.53535893470256,107.5528894764744,107.25338491295938,104.5859452325965,3031
2012,def,1610612765,107.18103117917953,104.93751234545046,104.12771321238725,107.34631434123665,107.52447777433756,107.6567862226764,107.51913309265906,106.68737801820384,106.9639835872542,106.05222879776669,106.7383325150481,105.91201331477278,107.17028431932312,107.1909173480196,107.19282344258254,106.52467883705206,104.87562189054727,3015
2012,def,1610612766,110.39985180060219,108.60941882109499,108.63868928275909,109.84861975053073,109.91050063948985,110.61949761473716,110.43731514973868,110.46923932597913,110.33554202708143,110.20329460477443,110.57709913756561,109.68443692594305,110.23942977557579,110.28784138694957,110.41021801457721,109.9934036939314,110.32879442045832,3011
2013,off,1610612737,103.54178603259483,103.29907683420444,103.73403077769325,103.71319659508517,104.00081775355778,103.4713538508611,103.15948274097023,103.8455378355747,103.77377396454573,102.65215890466908,102.80116027567084,104.19493992041035,103.58392200143089,103.53005023610399,103.52779974258573,103.09873949579831,105.83267352863552,3789
2013,off,1610612738,101.56596477410866,102.24482759028326,102.13071043167263,101.52723091377749,102.18761813426069,101.6974013736639,101.4887972637809,101.42159753487476,101.67059794130297,102.2530383537645,101.74037725907668,100.72728336263523,101.58377895064257,101.58850956318065,101.56978831728924,101.4655849254122,103.59653866955111,3698
2013,off,1610612739,102.29330392323756,103.54408744628913,103.95981236159214,102.39880529430833,101.82273661828263,101.947494911463,102.2401781272943,102.33218654878618,102.35556165834656,102.56083095540221,103.39062533422073,102.8665232159593,102.286896578295,102.284383970112,102.28978138250967,101.99057097957045,105.66037735849056,3763
2013,off,1610612740,104.65655409579081,104.23726310927226,104.65877467537992,104.8540404167275,104.50452906068833,104.58954360642663,104.28889377821142,104.56456985764704,104.92123231248934,104.17653918541338,105.15186539109584,104.42717334989175,104.65877895666877,104.66261972952991,104.6601099190046,104.05221648082676,105.99781897491822,3668
2013,off,1610612741,102.70875704432159,103.5427516866881,103.3635917964325,102.94809461736172,102.25463059109025,102.65993350231005,102.88723750539273,102.53105009077704,102.59604254994868,102.80548350473545,102.95649645195827,103.52619919688058,102.68506909455812,102.74806020598695,102.74168864931255,102.73899033297529,103.23018458197612,3684
2013,off,1610612742,103.40577374849907,103.3455976001139,103.28902589916866,103.25728107653262,103.9380257147762,103.45182215440808,103.3342603074311,103.16727779444176,103.44321792242465,103.51294326509613,103.59682323275504,102.81120867647459,103.45715087243362,103.42815965061786,103.40765283150182,103.09745656006044,107.769747031492,3874
2013,off,1610612743,107.86641500469403,109.72552425194633,109.67814161178853,107.99059408172273,107.24229849065122,107.88114386814706,108.11618900626513,108.25808630834692,107.66238130142658,109.16880117940602,107.53666761566438,109.03369348389708,107.6985178425432,107.78838409905687,107.86456559258743,107.54813863928113,112.04849709522607,3959
2013,off,1610612744,105.98029732134145,104.48072133841626,104.38659484588548,106.1677759818416,106.11514262059501,106.06054879191157,105.88375120750342,105.70599165863516,106.08462671364939,104.787140099233,105.83991608357799,105.57499667024037,106.05471054335261,106.01224521610065,105.98062056152247,105.8175294720656,105.53854007146504,3918
2013,off,1610612745,107.45731609770012,108.61614159374385,108.50107173758367,107.84852767739783,107.64892924748703,107.51429764396866,107.70911871991481,107.46090523070471,107.23255909131777,107.53429586807336,107.28939991564285,108.2272102919316,107.38830074618807,107.32542538426965,107.44745814075588,107.15883668903803,111.25418490857584,3883
2013,off,1610612746,110.37305058015004,109.73538133206979,109.4355274968952,110.35593976763452,110.10209214228895,110.5129974414198,110.57660209268899,110.61886554694689,110.17568044323505,110.61435586372583,109.57425656665231,110.23353289098395,110.34938845527985,110.3575001152737,110.37253508561845,109.94722955145119,110.77667293738243,3721
2013,off,1610612747,108.02708525700216,108.41128601863807,107.77349538115853,108.20398868817607,107.73272177706633,108.02223774587111,108.71237756795864,108.38580618839458,107.59207693003177,108.26443088944266,107.88757144215586,107.87750696749679,108.03224244685507,107.99138342982755,108.01886239776633,107.84615384615384,107.32647814910025,3890
2013,off,1610612748,110.84583732801414,108.85053636053593,108.30890439589967,110.54730245675938,111.48927292869494,111.20857072342363,111.01663236181084,110.8232684574742,110.72090039434302,109.87665709866553,109.81379641968152,110.12319741076375,110.86685504226803,110.83228134264898,110.83967702681277,110.40189125295508,114.02751551119503,3707
2013,off,1610612749,102.16558648305137,103.23498305363299,103.56293631868651,102.04913665973976,102.0471185167089,101.99175021349858,102.01532537180591,102.23278138597209,102.27718509886843,102.6551322022203,102.62790755376093,102.67036521641322,102.14642055553644,102.17419443512381,102.17420738756316,101.99437484019433,103.70090634441088,3972
2013,off,1610612750,102.21916534098689,105.27787368761435,105.10384908417547,102.52953311194626,101.63934137403068,102.00767776674395,102.65624373617509,102.3393380625562,101.96746701598549,104.58148572703765,102.57244306568133,102.80092595437095,102.158535920519,102.20511713254517,102.21698521503137,102.26434965771459,103.27214684756584,3759
2013,off,1610612751,107.49451078356836,107.70116871738061,107.39436094749266,107.63002931111163,106.94153429810648,107.41154739858268,107.8548661401415,107.5232384896743,107.22961505579373,108.01659811008268,107.43334332242685,107.58938492387497,107.53221374127153,107.49156145651503,107.48870996277978,107.62527233115469,107.02323068611561,3702
2013,off,1610612752,109.70038735983692,108.38560067890978,108.6423181914528,108.6049898126321,109.99992452531843,109.61050191338208,109.58549971882485,109.71348533912574,109.79889435552494,108.78838858900824,110.10119575910953,109.83877817222505,109.72370660485029,109.64937719857839,109.66303136466038,109.62666666666667,111.40976412506856,3646
2013,off,1610612753,103.3184741719983,103.00489101687873,103.64199782919958,103.3806680643623,103.56613649794603,103.33458583611717,102.62791531253743,103.1322932843189,103.86637465699584,103.41934368693178,103.23547218541019,102.95993313410993,103.33780122621023,103.33259951778726,103.32105549204745,102.70981320705077,99.94718774755744,3787
2013,off,1610612754,100.86290799229646,102.51184511453827,102.7729620241628,101.10645744362532,100.47782097637503,100.55024155778109,100.86924030946923,100.96367598768322,100.86937797311069,101.64038133376646,101.47876995201426,101.41772202473233,100.889178435907,100.87767998765149,100.86486207778941,100.53619302949062,107.03764320785598,3666
2013,off,1610612755,101.54526756158653,101.54565998422306,102.14605971520838,101.04055204575062,101.85758595173125,101.37976063985296,101.01890570865734,101.70215511729438,101.96727424394979,101.6596380429283,101.72725201909233,101.46134870787935,101.59768989108615,101.57832750811959,101.55412094037798,100.95364238410596,102.43445692883896,3738
2013,off,1610612756,102.39475146553548,103.25979152549822,103.72592899242544,102.24128106242684,102.378852257165,102.22919717101922,102.05433425949266,102.46386992693851,102.6772236132308,103.35995628858677,102.0854099914139,102.88900636688228,102.4116706251458,102.41790677624131,102.39818326954865,102.35972732039853,99.45994599459947,3333
2013,off,1610612757,103.8318922388505,104.78523307199248,105.10789953650567,103.92481887452902,103.79602119262442,103.64623075827858,103.7067535518034,103.73845657134582,103.9400083120178,104.74567504994201,104.24452196961596,103.70970556892577,103.85229580060262,103.81492336218692,103.8246468029346,103.93081761006289,106.32609846479619,3778
2013,off,1610612758,104.20660268173582,104.74788187956662,104.87235716079364,104.22066301232381,104.00264375362792,104.11638844600462,104.16700804929846,104.11104919711349,104.22145673470571,104.38707348959755,104.43752239689384,104.73323333180203,104.19908052936674,104.21386542569276,104.2120806938268,104.22350472193075,107.0843989769821,3910
2013,off,1610612759,109.05509942757904,107.14857104211278,106.98943470794563,109.1667897561913,109.71610117003108,109.38573717926666,108.9016764655195,108.82535856318083,109.17001615236133,107.72947930620036,108.67151704673878,108.06166056936499,109.05116005093176,109.03355068209571,109.04641853821117,108.75190258751903,106.41125879593433,3837
2013,off,1610612760,112.28782904334909,110.58348328407081,109.50254615375849,112.62750007909231,112.25414919764235,112.70776957619752,112.96428601541449,111.77180685253335,111.71655660146995,111.18782846986936,111.75037573850068,111.91752349420325,112.29472905813624,112.28867125702943,112.28658542865803,111.52168334616371,110.67588325652842,3906
2013,off,1610612761,105.95049773769033,105.61231805217369,105.53563716919821,105.43744759940337,106.06361796454759,105.90754378865753,105.95697036237432,105.84166118622768,105.95463661188292,106.44562644303639,105.7550544135772,105.7410972990188,106.05103935579481,105.9721420807919,105.94603661153492,105.69084171519323,105.33722782793414,3766
2013,off,1610612762,106.58433819546157,106.10581518021746,105.81362236131676,106.7709149278618,106.0420541247341,106.58159069761787,106.81873298359407,106.5215309082474,106.42698837560629,106.06892068753311,106.45372234227591,107.0345722491495,106.6077033545695,106.61379443516341,106.59745641349,106.61396574440053,105.21876647337902,3794
2013,off,1610612763,103.47616882508649,104.07782601112143,104.3237323984154,103.72205986117771,102.68037263265451,103.33180749399419,103.32713533131121,103.2342120742422,103.59872513608909,104.06394823383675,104.40313328256417,103.4893279732689,103.46336207307395,103.50363539098045,103.49889747451753,103.07360474521434,105.15350877192982,3648
2013,off,1610612764,97.14412324866588,98.75115689381228,99.13157770330541,97.35355117544769,97.41745204471341,96.85241619011073,96.93331028170194,97.25977771880385,97.30683711396296,97.75263735366718,97.66117034828235,97.23563868941481,97.23621542128497,97.17908552035459,97.14704128022827,96.995596995597,101.99786893979756,3754
2013,off,1610612765,103.8496643697557,104.76500100333818,104.80306149367945,104.13882233291328,103.47878133261459,103.71396966192124,104.03530352622946,104.10040205510141,103.73486152103601,103.30754652799028,104.36109065622472,104.78302572247405,103.77474674898083,103.82231191320693,103.86465246312683,103.6349164234545,103.14331379861481,3754
2013,off,1610612766,102.32753003647615,103.91752556357739,103.70490828595754,102.15183732062941,102.15221045150957,102.11576870940037,102.75555335678999,102.35696665610374,101.97287073544689,102.69741429705978,103.39602956088163,102.94890016120118,102.29627163882472,102.33266595924891,102.34426361214375,102.01623461639173,100.02676659528908,3736
2013,def,1610612737,103.25758772827994,102.86874964817662,103.24177270237328,103.57305806676919,103.15564990710331,103.13293166763367,103.0084527709473,102.86818783592547,103.46564614541113,102.6471583512258,103.7962087414865,103.28726367020828,103.25880531533298,103.25740265203548,103.25616655014032,102.91644771413557,104.87226757966816,3797
2013,def,1610612738,103.18739012505546,104.94715991419545,104.69557249743146,103.60100038774796,103.08196508469645,103.16346832538176,103.48338007787711,103.83292364528667,102.98402438056505,103.04430977917539,103.08079803986314,104.1987962283799,103.1675683750943,103.17803594177204,103.19200372642965,103.15043318456287,103.43800757985923,3694
2013,def,1610612739,108.78339733022399,107.51430664673168,106.85545173126341,109.22929740471051,108.634781718986,109.06865751641006,109.20103344699294,108.72964863684199,108.4521187583959,108.19876720381157,108.26649024979355,108.05051866732317,108.78459003871986,108.76253032123212,108.77253917828418,108.11449579831933,109.78463174687583,3761
2013,def,1610612740,109.04479557016808,108.17247217868233,108.33254135065029,108.74457407251509,109.18724254334526,109.10402695923739,108.98636079877238,109.08549456650552,109.04858956489578,108.57969377814769,108.94470191035728,109.01059687890076,108.99949355081088,108.95054716976237,109.0171000890744,108.39237057220708,110.85886214442013,3656
2013,def,1610612741,100.07252935640686,102.54858017229805,102.61236367283597,100.05957435485836,99.89006968772092,99.85178825155732,100.05923786178543,100.20210752960368,100.11672873058713,101.2854310872335,100.53477368190114,100.96384875392727,100.10074211944413,100.15094880116631,100.11619284875248,100.16081479496114,105.04612045577862,3686
2013,def,1610612742,106.34214792972345,106.32110097184454,106.10961631926061,106.31111158092699,106.14672789081547,106.26503742023162,106.63148639067248,106.42314151194145,106.1105864327255,105.85003491481841,106.572302970106,106.7494675197174,106.37026601791777,106.33464375107019,106.31320253022868,106.17906683480454,105.8413026621866,3869
2013,def,1610612743,105.43726414724271,105.39264691981238,105.67216140031881,105.33357243097859,104.87209204014151,105.24648034723123,105.40920255628595,105.80715791067058,105.49157087825546,105.36259304785176,106.34634150243606,105.08644241381229,105.43851028066021,105.40417575989653,105.401824938482,105.16443987667009,104.32145564821835,3957
2013,def,1610612744,104.2541236390107,106.66958916257721,106.68019959523922,103.85154266904321,104.48570951569761,104.07095966726519,104.38039291623082,104.68801586785115,104.16144595398376,106.33115663198862,103.99853273792642,104.695920448159,104.34597506325413,104.25584547167634,104.24586226078628,104.0347293156282,105.12624330527926,3921
2013,def,1610612745,106.36457054651032,104.71532487329021,104.79843592351001,106.28182500314858,106.67871166071431,106.44665191637417,106.14043934491181,105.97780506543597,106.55471067568581,105.30079166366926,106.1080157241523,106.09274251481455,106.41302812928585,106.38275614545776,106.3481710695965,105.66459627329192,105.697344676463,3879
2013,def,1610612746,99.85391134770649,102.42724829297192,102.45554665624526,100.6581156605456,99.56411844132651,99.60862692133104,100.07547944439446,100.22116668155533,99.70153281786367,99.9632234797864,100.28758616010926,101.17800270970628,99.87124142982026,99.84589876531555,99.83329893918231,100.29023746701847,106.82676740420939,3706
2013,def,1610612747,106.76425455366498,106.74059292710386,107.1000810631444,106.3590673795707,106.6024121018773,106.63196742271198,106.48207654515943,107.44381737520015,106.92602437288558,106.92872514422056,106.5657517249189,106.85691206019243,106.80057107893082,106.78498899006756,106.76156704852961,106.61368879774417,106.25643666323379,3884
2013,def,1610612748,104.83113293433779,105.18158532455524,105.40870038183219,104.97798879557233,104.43209271224265,104.6743127369974,104.85001955998197,104.52158240117801,104.82316687174226,104.58210430385353,105.2868156156567,105.77417699242191,104.82508157479994,104.77569844066444,104.78906395877677,104.66649090429739,102.85791318414667,3709
2013,def,1610612749,103.1575619101032,104.50592489667923,104.58372854708685,103.55182240836746,102.58090750470402,103.0619536404757,103.21307988071042,102.78500771272824,103.11944684664942,104.32368664796739,103.64726743478259,103.5252803401439,103.08779996845348,103.1490837971447,103.17703718706004,102.96979006656426,106.3953488372093,3956
2013,def,1610612750,104.59177181809794,104.50504726441692,104.65604866642545,104.63859051641788,105.04019229893692,104.64276988272961,104.33574236255022,104.59358863441403,104.76804568729015,104.37732251308161,104.159671889637,104.63107952217177,104.60899892011162,104.61909353753424,104.60101601065452,104.03563941299791,105.59088500264971,3774
2013,def,1610612751,105.56515063779446,104.8817752046876,104.93594216872543,105.46515444542482,105.57188221741359,105.62546803790164,105.37003773783088,105.89171493815601,105.71669112565809,104.85020061854968,105.45409546299705,105.37349914869178,105.5668191758134,105.61183123362014,105.60627726632453,105.45107658762606,105.67414212375034,3701
2013,def,1610612752,105.18517427688522,105.52112473905402,105.6387334981778,105.50084815185694,105.53888893538212,105.1828269054501,105.16795761382086,104.84355971353399,105.18588313751803,105.28171993360621,104.87203397864882,105.52717126132673,105.17741755047457,105.12007685710611,105.15954461826884,105.12409927942353,106.57714442312962,3649
2013,def,1610612753,106.67042873128773,106.9510014529861,107.05243779414766,105.87049179513548,106.92484698985594,106.63752637006532,106.54799867569191,106.8912741350404,106.78686243040734,107.60227893792053,106.57139305317357,106.43301540172294,106.67521801178437,106.70037488248052,106.68019175668145,106.85111989459816,111.41649048625793,3784
2013,def,1610612754,98.19147110908669,100.79779198596623,101.14555509214259,97.90327508486729,98.38689016290651,97.82800738634043,98.00437824291282,97.76669504840646,98.34920856676864,99.6872720047882,99.35166029550248,98.85682913108748,98.2508841342194,98.27204357485144,98.24033389962598,98.4930032292788,100.35374149659864,3675
2013,def,1610612755,105.56992095843553,105.01082849258574,104.92300415135261,105.61839857512653,105.65862979216571,105.57905238412785,105.6154331534101,105.25197780390336,105.55012550355468,105.52388755675045,105.72747886255587,105.01265978308771,105.5849975466238,105.58435519595295,105.57220911591874,105.56881463802705,104.62889066241021,3759
2013,def,1610612756,106.81541524898331,104.98397606166347,104.76588671912015,106.89398834571224,106.4808191768824,106.98704910091396,106.78767339913806,106.98902099766526,106.85340604027719,105.37360515802119,106.96480565633144,106.09827815460977,106.79830888134266,106.86518761322637,106.89800255136453,106.64399686110384,108.16081608160816,3333
2013,def,1610612757,106.68256164208834,106.50654151428147,106.61756887790591,106.61993265428485,106.78155991145634,106.76934378767042,106.57584841932567,106.09708007906184,106.72883342471079,107.98323950901653,106.91509190543692,105.58882126916333,106.62821468832621,106.64946327353756,106.68298357361553,106.23689727463312,110.949098621421,3772
2013,def,1610612758,110.43341136778828,108.44480642496438,107.87238728302258,110.38488839169462,109.49114249660433,110.65525050390765,110.71106001204859,109.66971173178983,110.21744596081733,110.46079119022986,109.82162443560163,110.40470662554098,110.51399931717867,110.46372432216135,110.42257029595358,109.87202925045703,111.12528706302628,3919
2013,def,1610612759,100.37329154552506,102.09077896747354,102.27122775960845,100.37037618906386,100.70013537005535,100.25824483314169,100.1983890192679,100.25132475555166,100.5439752754083,102.24899920693495,101.03955174135767,99.35286975266676,100.39433714479019,100.41580140947869,100.37967791552823,100.05067139599696,101.50766831297115,3847
2013,def,1610612760,102.53178359052656,103.71084084723951,104.0825711222289,102.57088786687437,102.48376175394895,102.28833445639036,102.4522256804699,101.99791768153142,102.59792968566568,103.05825765481706,103.2727045012731,103.29396992763178,102.52371189761796,102.5092451026311,102.51871031391647,102.23592906707788,100.89720584465522,3901
2013,def,1610612761,107.87662018572225,108.135765851113,107.40046211911333,107.83279767583731,107.46173423083569,108.07238839407064,108.39564370812133,107.78378208793762,107.50465768023602,108.61082731197531,107.4220462400954,108.04247894714607,107.85983078607842,107.89902424153064,107.88633641342291,107.49933984684446,106.25331213566508,3774
2013,def,1610612762,107.1611586119368,106.36949251809877,106.09449565102612,107.25051594635472,106.87168307216686,107.23852173469542,107.33873361999038,107.21504085149411,106.99521104528868,106.26074858286826,107.11793287238558,107.34940090831478,107.13703995659323,107.18336779585717,107.20063434154164,106.6754617414248,105.64941921858501,3788
2013,def,1610612763,99.30955631125796,102.0805764279102,102.13121654081688,99.96423291646141,99.34780549906326,99.18064983949014,99.38486085578288,99.40376080361754,99.29036144690876,99.29649912639904,99.30919952063734,101.36179426405185,99.29187596535337,99.31720669984365,99.3269238421025,98.89487870619946,100.24718483932986,3641
2013,def,1610612764,103.04559302084056,104.84413939800797,104.74399177487842,103.01587638739633,103.09917577804272,102.92550792366481,103.16909498647314,103.6816373059664,102.9585519793385,103.69361603004315,102.92180140049835,103.64963348396955,103.12164454884459,103.08176430418314,103.03752468857641,102.46050246050245,101.96913251729643,3758
2013,def,1610612765,104.7317041100101,107.0361473655134,107.12057806824075,104.37008331862452,104.73203418148424,104.66228339567023,104.7866932990408,104.60825047064503,104.69702129991472,106.54924113353687,104.50806767334815,106.05539211495774,104.70345265380463,104.6944007648913,104.7287232167644,104.45978232014866,110.93375897845172,3759
2013,def,1610612766,110.73212321623826,108.66623533570794,108.88462904432787,110.62198311976142,110.04870437212882,110.8171495863546,110.65268941357184,111.06156680339426,110.75097874038343,108.91884803483097,110.98501661986009,110.881626394012,110.68818959051768,110.59069740112434,110.66072266215471,110.3835116097052,111.48286937901499,3736
2014,off,1610612737,106.47242266426916,105.93401205088436,106.03911323219349,106.57894860828377,106.88354115984501,106.537530045158,106.29035406815083,106.32790720867574,106.63627088498303,106.17344783769661,106.38077478380924,105.89833765087528,106.50166276867324,106.46066876944661,106.46329801659013,105.84972264246092,105.12226512226512,3885
2014,off,1610612738,101.18785025093585,102.5390461028228,102.89345447728371,101.52414673647625,101.12033547843014,101.06178316866382,100.91953429820167,101.14388073617596,101.42871839050052,102.1480538340961,101.52886116815331,101.12362662043957,101.20376669972475,101.20835839482262,101.19223432149221,101.16550116550117,103.13065976714101,3865
2014,off,1610612739,101.63958445407894,102.2612926411278,102.64268137657072,101.73036724687843,101.3730999826274,101.36104183708129,101.4653378230261,101.69992280111552,101.80855500610194,101.56612406859405,102.82243103835596,101.48136889518925,101.66549413670464,101.66408696863148,101.65148309420309,101.32924335378323,106.70493086355336,3833
2014,off,1610612740,107.01946001064317,106.3975624385554,106.51304814956653,106.71895947396055,106.70133421416432,107.01282381137561,106.93014079922914,106.98911990325945,107.09725757571518,106.18267745372702,107.71956658254761,107.2207750214026,106.96953893691978,107.02860911658182,107.05683866702458,106.6025474395633,106.36005256241788,3805
2014,off,1610612741,100.78130439573292,103.03618747949751,103.15383973257285,101.37944724284883,100.32849382973566,100.55707331983047,100.89157100188784,100.6990716786579,100.73118765463896,101.55284430350385,101.40740521489958,101.7425381217534,100.74787782054005,100.79195037856913,100.79350546713033,100.34228541337546,104.1173304628633,3716
2014,off,1610612742,108.44124627959883,106.50288101357218,106.6861512415379,108.15095738152563,108.85715640246778,108.58075878892478,108.04154267135587,108.24908278886512,108.77568212717749,107.57159650378826,108.10597161667474,107.63045302527857,108.49434746909506,108.45670212456902,108.43777277760836,108.1808943089431,111.91643022955894,3877
2014,off,1610612743,107.42783817431872,107.66010280020113,107.51792081143253,107.47060560181315,107.08211539719271,107.39867800362062,107.6378351281364,107.5654658628811,107.31481091582498,107.33821477692427,107.46086231745194,107.85493979682637,107.40692988684017,107.41059083401035,107.42549875219903,107.0472341500379,104.14557724752953,4149
2014,off,1610612744,106.11574072547194,105.30094710574359,105.37178192015402,106.7295817554968,106.06443846777209,106.18019744734225,105.97652077079077,106.28339474036025,106.25227374294401,104.8490280665072,106.10041932265453,105.79284268388167,106.1332690024777,106.10760794609195,106.10451475306836,105.75254153235805,108.01815431164901,3966
2014,off,1610612745,108.77162097010566,110.43328558554735,109.35843709067211,109.24691168761287,108.77542259304076,108.96662729955575,109.8207654454748,109.17212664760251,108.09960654011682,109.4334253485563,108.22705531194897,109.04523995313814,108.68580640171574,108.66919177262804,108.7760945758272,108.32702498107494,112.69288203086113,4018
2014,off,1610612746,109.26579626990822,109.1998900698973,108.51742141340591,108.94191745189352,109.45765187687613,109.36197244295714,109.80072933720034,109.43073866646992,108.87906249420729,110.22138566947062,108.49577952613573,108.68850344090768,109.32622534218729,109.26622100004971,109.26739621589225,109.33400605449042,114.13373860182371,3948
2014,off,1610612747,103.27599428464117,103.62952892636693,103.83053293200044,103.42285669597965,103.74301967099629,103.15016369418576,103.16620383427095,103.26839695158198,103.30457121738193,102.88636081844626,103.38391199678321,103.47708441448849,103.32458185215796,103.27735890123184,103.26327547398455,102.97054418372441,104.67992240543163,4124
2014,off,1610612748,111.01672435941832,109.74523323732043,109.29781897722278,111.2371947188767,111.87347430408924,111.3610132677149,111.20546476823914,111.00797843891452,110.84267436624303,110.36253931103072,110.21809261133976,109.88135831213052,110.96114173575035,110.97369606908059,111.01608144333056,110.78278900984967,110.64403125842091,3711
2014,off,1610612749,98.11012625936388,100.12719321056694,100.75592312561096,98.54510708815278,98.13683311426354,97.78770282050691,97.78282304100851,98.10731420991252,98.42326350342138,98.62162926654305,98.74302075424511,98.82921901775921,98.13130857989542,98.1240963847635,98.11260122715396,97.86513928664411,106.76810073452256,3812
2014,off,1610612750,108.10951936087476,108.82803900910744,108.84068008035923,107.69969072297725,107.6521201569267,107.99860741588986,108.26638851438899,107.93333063622214,107.99158147022509,108.63175532948576,108.3789575060163,109.22052458610491,108.06280592050106,108.08837083942986,108.11103907366949,108.25483391175013,108.80098887515452,4045
2014,off,1610612751,105.29873602803995,105.16545635621914,104.76043270167804,105.4112770829858,105.60054514912697,105.31067941418891,105.62807779459115,105.25563869828068,105.07368489053741,104.86190318721657,105.58628336430668,104.76644996121587,105.34581267946754,105.31419849732876,105.29453499255466,105.318588730911,107.3138647724283,3801
2014,off,1610612752,103.62944078996523,104.06893048157573,104.64837371603736,103.20025253867581,103.77198527217477,103.43073944772034,103.23077987993537,103.5932786196182,103.98495657131872,103.96593209739018,104.13989481361371,103.7737552033307,103.65998381225354,103.6297524500262,103.6219364602947,103.59424920127796,111.36786188579018,3765
2014,off,1610612753,100.36247872895541,101.72026674382762,102.00075503701954,100.51304124985278,100.80005662686227,100.2473970639213,100.16253632550979,100.35834487498656,100.54192257801797,101.14104701943339,100.8702442476649,99.9442384915181,100.39064441053156,100.37407157545763,100.36273648496096,100.15259409969481,102.81872252392036,3867
2014,off,1610612754,106.19381678043406,105.74673588896046,105.57261959022787,106.64317967167501,106.08295376278058,106.29485903684186,106.1910806953944,105.99472550261675,106.19085131473194,106.034463304804,106.18887549223251,105.60395289259078,106.24133527349831,106.21763743897498,106.19677284016635,105.88853838065195,102.11820083682008,3824
2014,off,1610612755,99.86872091352552,102.89264028407216,103.409988296547,100.3947424553975,99.84178798384188,99.67029814232782,99.67180566426303,100.12561895810161,99.99972718475897,101.57397910286575,100.33953653571038,100.32980550483794,99.78895876650297,99.83518147619979,99.86823016996435,99.59203263738901,98.8644779066897,4051
2014,off,1610612756,108.23299846707742,107.75236105649967,107.90290175665973,108.2279212674121,108.18017500226078,108.22216287058409,108.12234396424559,108.27947151129472,108.30106535594605,107.9074475113001,108.22193774336732,108.18254646729018,108.23648694503089,108.20835706455006,108.2231055808024,108.16068721576553,109.63187090267272,3966
2014,off,1610612757,113.86389638176334,110.74255103095302,110.94086342908126,113.48993162761356,113.29778078931567,113.89479980795684,113.5849631082694,113.46871190088892,114.10516995311858,112.2915480515361,114.13897869253464,113.31887980869277,113.90369937220797,113.87170210539674,113.84995178519027,113.53877241727709,107.96146044624746,3944
2014,off,1610612758,106.73734609588668,106.90272932561098,106.75714594691745,106.81162608822864,106.54467166050887,106.67060557373384,106.9088322249155,106.67862330182693,106.57386911911142,106.97143924078638,106.50038530536732,107.10042111550314,106.75247713381778,106.75728729725385,106.74255805334046,106.52340752110514,104.56996148908857,3895
2014,off,1610612759,110.14622061901773,107.7215614240682,107.99255708283431,110.11198403416418,110.61251643257242,110.3731491587361,109.65797358214216,110.0711469714994,110.48980131114237,108.43884215215337,109.43356888303624,109.72395571184326,110.12257951642634,110.14252026235465,110.15077669380427,110.07175807278318,110.53435114503817,3930
2014,off,1610612760,108.73040643639895,108.71699082751238,108.31065145407942,108.97676557590577,108.6434468880967,108.90174338510631,108.97005525187298,108.4157422390307,108.5325038417493,109.37770945637283,108.50387605394363,108.24116110740555,108.72156218480144,108.73360103449455,108.73086507725213,107.84019975031211,111.1787072243346,3945
2014,off,1610612761,106.07452000040786,106.17711924626613,106.13312854633847,106.05627757978168,105.80962069411777,105.91565668122911,106.22084643722883,106.00305255611512,105.98915149490978,106.10837850186486,106.43281195338302,106.1815158014368,106.1188774725807,106.08667023904546,106.06968879025689,105.49019607843137,111.57068062827226,3820
2014,off,1610612762,102.69984375942975,103.36310942169156,103.75270870823013,103.00746520389663,102.59280459773768,102.5521237318574,102.41171953286248,102.70701541451471,102.89271399697304,102.74321964475975,102.55586901121812,103.45126170156895,102.71232869579707,102.72759379535599,102.71115655847153,102.87978863936591,103.20444915254237,3776
2014,off,1610612763,105.55487574426428,105.58012185188765,105.81551070303037,105.35744445401836,105.04404666395719,105.50313216305,105.34108412974828,105.58671218213992,105.75646146240756,105.84318821829666,105.81844187872792,105.74366926106661,105.52444541433132,105.58836301794513,105.57782094995828,105.2319309600863,106.85005393743258,3708
2014,off,1610612764,103.63325254438311,103.55419865364827,103.82851461106924,103.82068429752442,103.73977382630439,103.55277348246896,103.3829499966845,103.76468791576309,103.79271609925428,102.81927900634098,103.20164555878777,104.48803948629667,103.66441820616076,103.65746266518887,103.6394225378158,103.50025549310169,107.16471188169301,3922
2014,off,1610612765,104.06730970025002,106.68434568725458,106.96590418249943,104.32392198363642,103.44326550499174,103.84097660463816,104.12144771896097,104.62427569826305,104.0058582550393,106.08412769685236,103.95606420364899,104.94742324078135,103.96551463750214,104.04263035963208,104.06343903802934,104.21779141104294,107.29033902625541,3923
2014,off,1610612766,100.4407096793103,102.30141661529369,102.2343741509353,99.90383211740458,100.76531396317726,100.25444077239469,100.6644757819535,100.57847582265529,100.29008175461526,101.0705364483264,101.03044843195143,101.24703964154818,100.42233542033348,100.4684642917845,100.46052102631198,100.23455824863174,106.94516971279373,3830
2014,def,1610612737,105.1222229058133,104.88632648269203,105.13598781863922,105.30793368624339,105.3164389838005,105.15716206751982,104.85561958044568,105.1851475530731,105.33588098488622,105.13720387393526,105.29743887178522,104.2894151631791,105.11045497793336,105.11472963654104,105.12339782578474,104.90022733013387,106.9540672312035,3897
2014,def,1610612738,105.61016069128938,106.57470878200857,106.37714080009428,105.58836065686862,105.35443337388772,105.55470983382808,105.86178366616058,105.88292735237465,105.44062975505412,105.99817139746055,106.02201090294739,105.75659172820731,105.56759205674769,105.61913457531394,105.63959407204351,105.32605871654975,109.10978458344148,3853
2014,def,1610612739,107.38028327368679,106.79524521513902,107.01452653933976,107.30897858661136,107.4120660381229,107.34375667732868,107.16751920456979,107.01826472910652,107.51945853195,107.39045877958846,106.96587983415044,107.68390083761335,107.44553410228306,107.37492674131859,107.35362179516567,106.92917412426489,107.97705943691345,3836
2014,def,1610612740,109.67150064077245,109.5201615542815,109.06451293941615,109.73370421725387,109.32868152612787,109.84609742779149,110.09279360493528,110.02549827046083,109.40838196375023,109.80130259302459,109.38979733709007,109.41002785164419,109.62959719076206,109.59587706539786,109.65978752519335,109.42953894243293,109.71638655462185,3808
2014,def,1610612741,100.0733854001941,101.56007189376963,102.12619930730898,100.19466092094622,100.02877719773333,99.73567046626702,99.6886343978549,100.03278830840976,100.38460352780199,100.04677007533698,100.78585839656495,101.09240930235164,100.10131039018025,100.15363674610715,100.14681763142357,100.23778071334215,100.72835176692743,3707
2014,def,1610612742,106.82838354054574,106.92196292796632,106.60141448066398,107.43760242279669,106.48998589967765,106.94854366701999,107.09123508440113,106.68118801423793,106.65032650628088,106.62757596632706,106.36465270305678,107.32224376594284,106.81012543881224,106.79239572394819,106.81884802941978,106.46639511201629,109.07680372381691,3867
2014,def,1610612743,106.75370058741376,107.92553438723321,107.91286363861457,106.3206426590687,106.3777443891701,106.65969191181509,106.8044321204551,106.85322217760955,106.71655623564283,108.21699640779401,106.70976319268927,107.2537986984528,106.7564042697523,106.7849604358324,106.76184619680751,106.48335015136226,108.87602508441871,4146
2014,def,1610612744,101.71711584560306,103.3995523378534,103.34158532253171,101.74504657610521,102.26926281439087,101.53610103935789,101.79400571413164,101.56545679237064,101.65032652265371,102.22339543907631,101.92748962231695,102.25669567966212,101.78488358160232,101.79198273658642,101.74299175519869,101.51552795031056,102.39053850025164,3974
2014,def,1610612745,104.88049593425767,106.24619188845132,106.6253885471527,104.55373543982016,104.5226677051947,104.63736200868235,104.68191397827749,104.88729095278279,105.05695806353499,105.82063904093782,104.77202973987123,106.30978699215154,104.9119483233724,104.91227644947236,104.88584582380071,105.02018163471242,106.59368001990545,4019
2014,def,1610612746,103.48444110126354,105.80651634379966,105.94688249338026,103.80678104193458,103.25351595513195,103.28136832973273,103.45937679109338,103.87449883436416,103.42555234566969,104.97916478284199,103.18262891645132,104.33127130985669,103.5244272600886,103.52733154054656,103.4894241117171,103.43521091184643,105.93155893536121,3945
2014,def,1610612747,108.5185029280097,109.24228137151964,109.50512361932448,107.96548214422215,107.95039208720806,108.47223461372221,108.3881936726643,109.13478081386354,108.64127032536875,109.64402077469512,108.5430178182526,108.75175804515119,108.45458006439264,108.48429198390629,108.52201967885368,107.98706145807415,111.81598062953995,4130
2014,def,1610612748,105.13851973100893,105.07710789235871,104.94620988547757,106.17041607871448,104.88248639494309,105.24988467388872,105.26715679669206,105.26380053697581,105.04520240450536,104.5875045602543,105.19853765333261,104.63957815871909,105.12989878962968,105.07256360200068,105.10476873338581,104.92355532521378,106.11200861604739,3714
2014,def,1610612749,107.73796275808458,107.46329836607359,107.3810524191796,107.81875182688718,106.919092399746,107.70589796983354,107.93778680501131,108.12323872021919,107.62960922424159,107.34287742227752,108.27410130037494,107.70656366405886,107.70876839422498,107.69367303882962,107.7264857841382,107.50782064650677,114.52499345721016,3821
2014,def,1610612750,103.52915233339729,103.71181196740099,104.11787402022418,104.01296417261773,104.1625677342582,103.6309899955509,103.00912482748907,103.4976318023243,103.93688074729329,103.33143050443074,102.72076644760622,103.63421428223178,103.52575763425736,103.53651266537256,103.53270510464579,103.14590042110478,108.21816386969398,4052
2014,def,1610612751,108.39282444177627,106.80421441941482,106.5856157111848,108.5359896999668,108.02321899143016,108.41598196826999,108.62016051881153,108.21638863658399,108.21010129940777,106.70179774488209,108.80023537002165,108.4504217923964,108.40266895881004,108.37374374227313,108.35906548283641,107.9852902547938,106.15989515072084,3815
2014,def,1610612752,108.29384153518683,108.20747131733758,107.66699955580191,108.62408251106685,108.36892550486817,108.50960906565898,108.76197997185439,107.77979911396157,107.9648898216092,108.3557629061734,107.97413558816304,108.35825151638755,108.27585388993042,108.19600362956568,108.26729081665921,108.14696485623003,108.95761130365236,3751
2014,def,1610612753,106.59072486210059,105.35112516837567,105.48086222406792,106.35165848492308,106.71901585051486,106.53597246691187,106.42087003929399,106.08589865205883,106.72799010526597,106.12865512868215,106.8928403893066,106.12229935534937,106.63425907393278,106.63086776796685,106.5964366741809,106.3629422244846,108.23194408490811,3863
2014,def,1610612754,96.25290829512846,99.98024242079303,100.42460160995932,96.35806337649119,96.63105455855278,95.83229515882562,96.03888536302853,96.12531037350388,96.43450326763751,97.82994832809194,97.32160355310556,97.22409725650894,96.3132233497395,96.33932506145861,96.30295396267925,96.2115232833465,102.3797071129707,3824
2014,def,1610612755,108.07516033479516,107.31843696631172,107.37915490780661,108.38768788203812,107.80981886882856,108.10554385464712,108.07362426034867,108.25277156855795,108.06822867023146,107.61415038056364,108.01454982081474,107.68406372218439,108.079024028576,108.01390485594814,108.04058769628438,107.97795879252516,111.1796643632774,4052
2014,def,1610612756,104.89656121965939,106.03495074650088,105.95522256827213,105.14247960862455,104.47143601019185,104.83920613034293,105.02822552386273,104.7659363249847,104.80232899966347,106.27023617475777,105.26446363751339,104.62020693163417,104.85397584538654,104.90794262621036,104.90678865672639,104.8256695300657,107.45967741935483,3968
2014,def,1610612757,107.59621145814364,106.72245916993089,106.84990002071592,106.75945965789116,107.79880267695297,107.62048713225491,107.37539759307366,107.29753545713929,107.75565749985323,107.75851908479436,108.24519806724466,106.8156155919663,107.55022415068295,107.63571444787523,107.66440339639752,107.1482697650922,106.35485510930351,3934
2014,def,1610612758,108.61200708651532,107.18014404464331,106.80410756555442,108.58845198851628,108.85020794252362,108.6960001334776,108.7632122954054,109.40098004816156,108.50798305938633,107.10055099399612,107.89753473138339,108.1389410074761,108.7209963816611,108.66439840057693,108.59350574803308,108.51606323304436,107.99794924378365,3901
2014,def,1610612759,101.40806950355571,101.73667373698781,102.23421671248381,101.25897229921374,101.94386525958737,101.23987254498682,100.9072036650971,101.25605657320583,101.81596929130231,100.76304356353647,101.79390530090701,101.85421605044758,101.44777035439016,101.49577762453745,101.48158513195911,100.78920570264766,102.74181264280274,3939
2014,def,1610612760,100.62570044709388,104.38587471039494,104.7154102250988,100.60452971044799,100.93295784609563,100.26799570101159,100.74688415318344,101.60625287380792,100.56858316961248,101.40995408682386,101.33670023569898,102.00304402253829,100.62641751632877,100.58212269071475,100.5921512576626,100.525,105.6316590563166,3942
2014,def,1610612761,103.07518118945156,103.85530094066429,103.87659788235736,103.54882274731484,102.95283968013142,102.95630117450523,103.13352306756975,103.32634912983,103.04763188357282,102.67218989039672,103.54634859086583,103.23291866630528,103.06975763844243,103.09770218397365,103.10249077467435,102.92887029288703,107.42392444910809,3812
2014,def,1610612762,109.78765557672158,109.0515569088385,108.6854252023323,109.40109901334291,109.77695804842872,110.01425635414866,109.98042342017756,109.45904254494138,109.6600563941487,110.04482016751203,109.53514199643004,109.52956034580276,109.72202181602182,109.78146377450639,109.80264831870231,109.29005014515704,112.32441028359396,3773
2014,def,1610612763,106.02683355109882,105.81211843056779,105.81477497115858,105.99162384796514,106.44007328945224,106.04935845787266,105.9626854380314,105.77666001338334,106.04413130564157,106.05786025246114,106.06227644498495,105.60561966611752,106.06052716657368,106.03894273678652,106.01856676692864,105.68886492315988,102.6706231454006,3707
2014,def,1610612764,104.8150416388974,104.90919269778884,104.81660374646444,105.17828704945552,105.10895677919821,104.89012038814906,104.79572936834977,105.15006432119016,104.8431818996545,104.84926358611396,104.76932934953409,103.81030361305419,104.84438661414634,104.82540830077441,104.80937711616879,104.24118548799183,103.95913154533844,3915
2014,def,1610612765,107.74622911592532,106.6758842573521,106.6012755000279,108.23674873399133,107.49681104912399,107.9101687748768,107.78521986331509,107.41605570822964,107.73044907058963,107.01626893755127,107.73273277382229,107.45351666396563,107.69715602460045,107.6817044870528,107.73625549361488,107.7139208173691,111.5679264555669,3916
2014,def,1610612766,103.59160924265034,103.38434569752192,103.75423083615865,103.59819355834136,103.98403987394968,103.43698589574818,103.35632383681926,103.52187046587981,103.79731525686451,102.42751098188914,104.22359684993532,103.75311825139626,103.6086806693512,103.60232754290995,103.58276616749757,103.30901511203751,104.2536534446764,3832
2015,off,1610612737,110.0118875754587,108.0571179773563,107.71143352627523,110.06991108749638,110.32611462360339,110.23441330418706,110.1640870079593,109.88099746509377,109.91832730648585,108.30557291785242,109.81321032860811,109.47682225945819,110.0160140765952,109.98857550925375,109.99905875991361,109.45736434108527,107.8852119958635,3868
2015,off,1610612738,104.21611115237562,104.5993885893196,105.01276309460711,104.17922764052774,104.26482426933245,104.22470488430982,103.79968377703925,104.19314755643154,104.53591705580953,105.09640701125954,104.10606577954907,103.93426131674526,104.21111127896316,104.21707294609672,104.21605027076609,103.99002493765586,104.8076923076923,3952
2015,off,1610612739,108.65486627156055,108.66900177079278,108.42887505113667,108.63230762882088,108.43313858107197,108.70907323144651,108.90333623338572,108.60022168177848,108.46441626897801,108.86815005124117,108.58757791199287,108.77173088407716,108.62688899228245,108.62328927049755,108.65223567602449,108.69107189886752,112.76041666666667,3840
2015,off,1610612740,108.30802456312347,108.26912708982812,108.35139189414564,107.94257079382145,108.00448572464089,108.34112442329699,108.28625407911346,108.30024205781284,108.31066371904917,108.72307210477263,108.86988878881937,108.05200725392558,108.23805736635012,108.28507210501212,108.31134748686635,107.79696493982209,107.47264478249267,3747
2015,off,1610612741,108.7521190986492,108.30034593050183,107.75292490177631,108.74620359979957,108.36011833118174,108.84219570606331,109.23980089501606,108.57169828963474,108.39661043063379,108.23549212064292,109.38863991834094,108.56173117487799,108.7337777786776,108.74531276595353,108.75530655488052,107.89000257003342,105.42390731964191,3798
2015,off,1610612742,112.82081694141422,110.81408036592265,110.72693203333978,111.95664622005543,112.97021965604218,113.01180611294411,112.73659385921997,112.73208555031613,112.89231376741895,112.6571249575818,112.13883717383564,112.29730745562703,112.82571751978958,112.79882932830087,112.81953620176994,112.26653205451792,105.44904137235116,3964
2015,off,1610612743,104.8810335186128,106.10066612984366,106.09853440020855,104.88298180820377,104.63161133331532,104.74720777138424,105.02526126217148,104.95905707598438,104.74286034383067,106.1361409197894,105.0137009342548,105.02241994935895,104.87562216567889,104.8762600982529,104.88102009337067,105.0365147318056,103.29698199340604,3943
2015,off,1610612744,112.11048983633293,109.39791062816009,109.33519977039326,112.17448318920485,112.3663322923084,112.41532788487787,111.90051930318712,111.97781526115094,112.25511631772042,110.34229193272503,111.39426454116366,111.49765372320661,112.10756906822994,112.08168127972014,112.10133199129051,111.7820324005891,110.95072175211548,4018
2015,off,1610612745,106.10306703560832,107.22299590010645,107.32140372290065,107.0667034442753,105.7386717059641,105.95218908514993,106.28942717914984,106.33872379060415,105.97426218074828,106.03125868111682,106.35414149529383,106.43759064294676,106.08466463914439,105.99396457262881,106.08840510443332,106.03382984094925,107.08622398414272,4036
2015,off,1610612746,112.70372574299975,109.840137687957,109.3383162802669,111.93364851916053,113.16841628673876,112.93144798838328,112.92673442197002,112.71223507947765,112.525129912259,111.30961575268245,112.00260537555276,111.90388176643772,112.77330424979435,112.70046764163789,112.69106150464829,112.68004115226337,111.6593092703194,3851
2015,off,1610612747,104.90348314380768,104.73189797081564,104.59691970245733,104.30568497253866,104.96450520010582,104.82390446029223,105.01857646129055,104.93741430658083,104.80016439388984,104.88984132645355,104.76995430641936,105.35197340273612,104.95603792095456,104.94372485818151,104.91443602992693,104.6795523906409,101.24127230411172,3867
2015,off,1610612748,104.46310695618462,104.86270077411564,104.11159156100032,104.87879367031259,104.80139840657783,104.6466215912217,105.01024749244662,104.5360327379261,104.12949100772741,104.53105568940265,104.44111329464141,103.58018972744316,104.47859387543433,104.46469952126168,104.4621864577438,104.02283229138352,103.30621884019942,3811
2015,off,1610612749,103.25355551468662,103.86449985871437,103.93098252779177,104.17878008421359,103.30950737351998,103.35138949237613,103.14890536701198,103.15109257762768,103.32148666254155,102.83717780471027,103.1382712377754,103.5187753562919,103.19760113623364,103.24390250251426,103.26079164657786,103.04503582395087,101.83320423444358,3873
2015,off,1610612750,101.81146506558567,103.00353095394924,102.89576892647439,101.98308975330015,101.45409848977151,101.72319061446736,101.95001426873675,101.85668402775977,101.71356465978069,102.20374954069018,101.84783601861845,102.70870550363428,101.79741744935187,101.85632289252243,101.83329737258056,101.59493670886076,102.98430666323642,3887
2015,off,1610612751,102.2551040152929,103.20899534745519,103.18634184418484,102.42813295316114,102.47551493594463,102.25356805849263,102.22001783870762,102.25677883091574,102.28630867345109,103.4268051129892,102.38373914549723,101.45724844607237,102.29500926365274,102.27054932349274,102.25473583468631,102.27094753328113,105.63197508434986,3853
2015,off,1610612752,101.55775039030917,101.42516059996471,101.93508567108478,102.02217680291089,101.5782030574764,101.4446653629745,101.03330662582711,101.4210033164908,101.96771555924663,101.36206914604979,101.47503673924308,101.45963610969198,101.64382571184477,101.59590359198397,101.56214022605114,101.36400106980476,97.88069073783359,3822
2015,off,1610612753,101.24131150947962,101.5277501698484,101.90911004067522,101.41565666278954,101.75120271126914,101.19556221727662,100.91312513869651,101.37950221768186,101.47778702096882,100.54805977379347,101.34656933202366,101.43520573413196,101.21978666950424,101.25067847748699,101.25305852625958,100.73011734028684,101.94472876151484,3908
2015,off,1610612754,102.09012992688724,102.70306421669522,102.92051142128061,102.12659852972052,101.94521591134446,101.88484142189365,101.98274746761551,102.08700064636214,102.17995541883596,102.59730373473812,102.56295646616812,101.96332724477669,102.14648891372428,102.11906304207989,102.0947929556158,101.66190599844197,104.81117434040351,3866
2015,off,1610612755,93.24333181248114,98.85840585328319,99.19431451494113,94.49552342338683,93.31692880169625,92.82376924430203,93.4719343659249,93.66541125540559,93.07069968260723,95.53734436596625,93.7459394559109,94.7609123711996,93.16360371982448,93.1832501573966,93.24478458614499,93.13824419778003,98.04796430563302,3586
2015,off,1610612756,108.88783408898905,107.81312427755296,107.89983836769169,109.00973005640982,109.0358239835647,109.06136751208267,108.66462712343942,108.65587388023536,109.01497043366345,108.40164326776467,108.64728352412733,108.46616710345586,108.88316807809298,108.85871687530448,108.88206196895244,108.53960396039604,100.67754077791719,3985
2015,off,1610612757,108.1946543481528,106.3526943744479,106.83053256566224,107.98034966307364,108.28273283758386,108.16937664385755,107.68443682000571,107.97506969738012,108.53776169795096,107.18938711599795,108.07699307805743,107.95968171264904,108.25068321342432,108.1965580762697,108.18111642349687,107.73930753564154,107.50512295081967,3904
2015,off,1610612758,105.60874167926126,106.58082858597724,105.3993210462939,106.26818885780305,105.23844532777323,105.89529817203967,106.48016744033679,105.4442012419104,105.00460014037641,106.0594628753606,105.27262436604029,105.76368381540887,105.58686385231293,105.64098823477353,105.61485577271765,105.6751963516595,104.44107998990664,3963
2015,off,1610612759,107.05059663532091,105.96851553824574,105.95581355766993,107.11420885020233,107.25922008970836,107.1621830147643,106.95060364644466,107.0005585079706,107.11417004061181,106.10037140061968,106.90042091259417,106.7739747655108,107.0500866000975,107.0505085896117,107.05068127983486,106.72954371654346,109.58974358974359,3900
2015,off,1610612760,105.02285752764601,105.70587657198628,105.75819382054097,105.28446454421645,104.7229564942635,104.92290515438444,105.04584699350042,105.06463190591482,104.9982175500105,106.11654274880652,105.10164939646837,104.60796867414906,105.04003791178538,105.0287617657324,105.02285894298197,104.37547697786823,109.21442687747036,4048
2015,off,1610612761,113.00762037276728,111.18438126924913,110.84197793775535,112.40917452792162,112.70227447556337,113.1754423104399,113.16949664367105,112.8346908089633,112.84948457358776,112.89063817880526,112.67178024095321,112.51653576870522,113.03726501177779,113.00380565368178,113.00432627374138,112.71032876003106,109.14809960681521,3815
2015,off,1610612762,105.68930914502504,106.90393670856051,106.7636516560992,106.24223938026006,105.32597287640392,105.71655177293353,105.86576721088217,105.68769568734906,105.52975011361897,106.34066877278401,105.02664010693624,106.7468551427259,105.6350078876736,105.67057469668356,105.68967408350186,105.24193548387096,104.49045442323205,3719
2015,off,1610612763,107.9725394674959,107.17623152086776,106.95572004860523,107.51177544059557,107.94834590982823,108.1295074093435,108.01451758934593,107.84852060213849,107.93649411705654,108.08648184882395,107.80961395198618,107.64698473795556,107.95240371013537,108.00302765848213,107.98273047610313,107.80361757105943,102.61351636747624,3788
2015,off,1610612764,106.30761366178864,104.71478397011413,104.55531803420756,106.48147444112209,106.3379300779756,106.49480063665922,106.18764418929204,106.3812455618466,106.39008083723058,105.10855979110579,105.75771864061755,105.94732447639767,106.3298634332866,106.36103404321689,106.33949038411855,105.5786196159834,101.2326656394453,3894
2015,off,1610612765,104.00782013685237,105.16281643109879,105.65276966177868,103.71436749311309,103.8381785581456,103.68072104786042,103.94063217279827,104.30633642542553,104.04538228413817,104.01568524354498,104.61984807551946,105.16815712160137,103.96559914084838,103.9589663962317,104.0006871789368,103.56129032258065,106.13737268216245,3829
2015,off,1610612766,101.62145024264822,102.98042068636857,103.08795487699047,100.80672134402178,101.80069794944222,101.46346372241238,101.61885027423216,101.71087659366871,101.61386783325051,103.1714214626421,102.55552323716672,101.17228928663448,101.6425884781423,101.64110801526536,101.62249817250053,101.34540750323416,99.0625,3840
2015,def,1610612737,102.28410480038546,104.0109054414725,104.46118528706855,102.78390672046635,102.36081212833724,102.16316249531249,102.02194937994592,102.25638062151711,102.43997897115733,103.22903861441051,102.14883417745203,102.93778450303631,102.30606939804372,102.2310181571337,102.26770487351631,102.03503348789283,103.32989158492514,3874
2015,def,1610612738,106.6164550503853,105.35479706229329,105.2593523389202,106.50312799736163,106.45335037132949,106.68021667997503,106.61110450006608,106.0282343029726,106.63434192285797,105.82890504391993,106.78400629315452,106.72370746383415,106.60760586778358,106.64441416511397,106.64631409157741,106.01147418308805,102.40263024785028,3954
2015,def,1610612739,109.3156530815379,107.23611249384169,107.32283492654065,109.1354879040193,109.25669904051045,109.5423884072906,109.00703811709546,109.26982427425472,109.57012058973854,109.1545167077967,108.67148871164024,108.15543406540375,109.3221116923966,109.30672690028064,109.31388333971707,108.40556868925663,103.2569046378322,3838
2015,def,1610612740,108.00960963756921,107.69524125351951,107.61921736537406,107.57277048849373,108.35601599939206,108.17704113131899,108.03801851762867,107.75972309200459,107.99233427318016,108.20155032067018,107.93802236890544,107.85736943154217,107.91113867046334,107.97097658526553,108.01969800837671,107.60386725894956,105.81954084356647,3746
2015,def,1610612741,104.89190874555669,104.4069827214602,104.63926569994473,104.35763850441703,104.78462008818522,104.7583975634822,104.63559840046057,104.59899077995196,105.07408935671714,104.91465625752409,105.43688831248438,104.82885529622968,104.88836063601292,104.97266299434065,104.97294939845294,105.1368094992256,102.8820729772607,3782
2015,def,1610612742,106.02449764700586,105.07739978611545,105.00953768363797,106.63887486690197,105.35806865088536,106.04290451551702,106.06829254340414,106.1934137108999,106.01499441227084,104.78518432845956,105.81803841008986,106.35139647740235,106.04868738274882,106.01827866230043,106.00553828782118,106.03078475902095,105.27903469079939,3978
2015,def,1610612743,107.77510266001345,107.34260871092845,106.89547279613426,107.33272726516967,107.89114674272099,107.85875113327994,108.11828398972717,107.69956310121859,107.53298617954084,108.02139449047219,107.98678341625438,107.07939189390935,107.78554880131735,107.78430611479602,107.77587443592255,107.22528850978425,108.35873983739837,3936
2015,def,1610612744,99.32548229144987,102.84820159004722,102.97755779597266,99.74394716317323,99.09630255180761,99.05713435683184,99.40820810790585,99.37749998228698,99.27297086363815,101.14385070661498,99.5014498974379,100.78899132263967,99.34253560956546,99.35632157839048,99.3309898676513,99.50968374601618,102.48570718369376,4023
2015,def,1610612745,102.14213928010501,104.59783393586224,104.48073970491306,102.88700042827135,101.74645882241867,102.13677358223927,102.27245677538845,101.68989014792214,102.0357527255961,104.25066838181438,101.75992880246163,102.95749312238017,102.12515466913513,102.14134834796083,102.14060621290952,101.94591862522113,104.23791821561338,4035
2015,def,1610612746,106.08822980972715,106.10052662438102,105.76891819567787,106.21011077610959,106.37131083571643,106.20966354098312,106.29275992268913,106.24294492875775,105.9583788978677,106.12894291684431,105.72451781194313,105.66560387175582,106.11447717642287,106.07764109109671,106.07996474716317,106.31117980422462,104.62891130074993,3867
2015,def,1610612747,111.3672172808132,109.12418362759422,108.7003644014157,111.12896438411298,111.26697621880595,111.61771071939896,111.68161097656117,111.51218878384411,111.13857304027859,109.69139189735111,111.28997371654381,110.8699485215223,111.32454824040477,111.29569589854471,111.35008042651575,110.97839898348157,109.07680372381691,3867
2015,def,1610612748,108.55024737542446,107.17209131874915,106.93757681672331,108.9717956937464,107.9301773789837,108.74614019300589,108.69934057579691,108.79217585193778,108.44545785326,107.80034100468718,108.44636223549779,107.85392007439786,108.53101810037502,108.4893565251415,108.53125732378146,108.47180604739853,104.91071428571429,3808
2015,def,1610612749,101.80138432264731,104.0032456016714,103.97233257510221,102.61835308950292,101.15412061980422,101.71622809782585,101.99031721584639,102.26388190784715,101.68730370413022,103.08033711857996,102.28800309924401,101.6935048992299,101.77755686393782,101.76283042896682,101.79685110504235,102.02408403791955,101.85423641514294,3883
2015,def,1610612750,112.51271878989743,108.27817165047406,107.9439553208773,112.94352179429244,112.01893292984492,113.06473326566172,112.38601185477248,111.95932988985689,112.59383979160503,110.62374293703806,111.48718839764086,111.395599213955,112.47412447188586,112.49301367809349,112.51696792854344,112.01520912547528,110.97404266255461,3891
2015,def,1610612751,105.12480417754567,105.57757455730884,105.78857025117092,105.16045313196659,105.11046283403041,105.02630153582315,105.1007974079802,105.5798228843529,105.14779759059216,104.71107439132383,105.40019542217466,105.42684956971823,105.09720531428805,105.07504586364244,105.11049822812369,104.69973890339426,109.37095521615325,3863
2015,def,1610612752,111.4893896108722,107.49916617436973,107.01780062963185,111.75191602766007,110.746774749476,111.7414599130624,111.84997292372782,111.44299010428897,111.24050371087624,108.17740533709706,111.89281715995693,110.68559115366601,111.47667333546502,111.4292350093718,111.44067150383047,111.20021384656509,108.0020920502092,3824
2015,def,1610612753,106.88519447178535,106.73135385344524,106.4607109070795,106.69066735849994,107.2002904558173,106.98356779630285,107.00273500986515,107.13276163227951,106.79093031021455,107.02120863681063,106.4461377420938,106.49233722961422,106.90500270379519,106.91311361143198,106.88960564297773,106.26788036410923,108.21181887950883,3909
2015,def,1610612754,103.97431519749685,104.86824641859303,104.76212184358634,103.50177771192382,104.6110827920472,103.88600186756878,104.07943513946452,104.1202858068381,103.90283392259994,104.41934358685768,104.27909917209342,103.77608064273478,104.00726245058483,104.01647562234504,103.986271226294,103.32381199688393,102.8238341968912,3860
2015,def,1610612755,106.70048792438195,106.23521523188542,106.18392246404264,107.70708127476028,105.92293298949227,106.7910285028522,106.82835884599679,106.7542673751484,106.56015792443849,106.56300760528251,106.8414518476356,106.04722053455566,106.6576171975543,106.60840412094359,106.68507905496658,106.2547288776797,102.23276583868267,3583
2015,def,1610612756,106.49643145475758,106.59556142406477,106.25293294157458,107.01494093645573,105.84288429895905,106.61322791295774,106.7554631096026,106.15311521905355,106.27456123276816,106.40998428497683,106.11738464115115,107.41793653162247,106.45252713957458,106.4960234070857,106.51017334134518,106.754407747703,104.85046494093993,3979
2015,def,1610612757,101.67113653611825,104.26272356895089,104.51339880315157,101.12020387354075,101.97385339847918,101.48108833793019,101.48930603435731,101.3261539972844,101.78739302782647,104.36084961821606,101.98880130970478,101.9945292099378,101.67664484519094,101.73808849124418,101.64906708192717,101.55850792028615,105.41581108829568,3896
2015,def,1610612758,107.896755711536,108.03808588657351,107.82220237171087,107.16370648892389,108.26133166297946,107.87634794875837,108.00700274277925,107.76604548523042,107.82668204203613,109.29304601144828,107.21811586012821,107.67682628911808,108.00736186165271,107.93097659569426,107.89717894860316,107.61447002276752,110.04543160020192,3962
2015,def,1610612759,103.29267714967328,103.87050976853342,103.910680287163,103.15971167888158,103.7429989752774,103.24739139420065,103.23499724676317,103.15953933511364,103.32855616564821,103.4595820824865,103.63421489817793,103.18207215627203,103.2891555889953,103.33100679702218,103.32001871068968,102.59740259740259,100.77041602465331,3894
2015,def,1610612760,103.51925360474978,105.68642213100223,106.06739177324184,103.39748303545994,103.83930055499663,103.24523914812461,103.55012839641196,103.76303673504248,103.46900368640267,104.449689141758,104.01266756463946,104.24830258286534,103.48042114728814,103.44875864546879,103.50575014582388,102.72264631043257,106.580900544285,4042
2015,def,1610612761,107.64979853587079,106.75128668403258,106.46368829896845,107.9100509009337,107.19845177886152,107.81108552129189,107.79683852059117,108.14606012019868,107.54177985134359,107.49928554907976,107.62685907562843,106.44224726162355,107.63984056313619,107.64670399918131,107.65134228048899,107.41508944775732,107.94979079497908,3824
2015,def,1610612762,109.67370249936454,106.5027420703273,106.4567805995387,109.18206028340998,109.82205160401307,109.78767404492949,109.49137582675704,109.25996435404159,109.7838076073497,108.02431120894302,109.5160490786868,108.90499436816935,109.71279987937817,109.73014460208925,109.69846433528967,108.94680279419667,100.40398599515217,3713
2015,def,1610612763,104.0580804639835,103.73215136559584,103.91956135690572,104.32660734709195,104.27074717329145,104.01242049886741,103.95134742771516,104.23450191046335,104.17871869684056,103.01938654149893,104.31104088097662,103.92802973431866,104.06325301459239,104.03276468415443,104.03439128278238,103.71708828084667,99.47285187137585,3794
2015,def,1610612764,104.29463243930132,104.60097929799282,104.47966336646027,104.34916371775796,104.60468116000493,104.21243212634865,104.39496283276384,104.21589712745454,104.16738144571845,104.13193019448062,104.36200779384265,104.41633212499637,104.34199887008508,104.34248941268888,104.30503253776305,103.68543991694783,102.10634472129463,3893
2015,def,1610612765,105.55746134948313,105.32663952042957,105.48373983814471,105.57559855533147,105.77182718316091,105.58189011462886,105.35695178912928,105.59204604085257,105.70770480578899,105.44941467483218,105.18151691885387,105.55071377676542,105.57196960423926,105.56330691455595,105.55576405406804,105.45078791010074,106.7836563645888,3818
2015,def,1610612766,104.46983438873136,103.80688684954669,103.96513020237181,104.02586660074219,105.57678966576549,104.47731055159551,104.18208713001883,103.95621586772035,104.68263011216253,104.30807171141248,104.42850380299376,103.82481353962929,104.54851485154816,104.51247284844558,104.46453588667214,104.1903776513192,102.83558792924038,3844
2016,off,1610612737,105.9204656987173,106.39001741062948,106.7246496083091,106.02509248189051,106.33682790244221,105.96906788209274,105.63156964868934,105.71854174267426,106.15252320687246,106.51874607783375,105.95044878642288,105.54635022729687,105.87446538444539,105.87676405929219,105.9215138116945,106.09725371630134,104.25637218510269,4041
2016,off,1610612738,104.10266739930704,105.57939076073788,105.91163619150159,104.06402646598606,103.9304914119511,103.9190625220216,103.99167256715066,103.99728336942589,104.24302211666489,105.42531974570798,104.30507774645861,104.56730608997677,104.08878618438986,104.08395131283505,104.10221597608194,104.1031941031941,108.60083312913501,4081
2016,off,1610612739,107.90708028338935,107.55976883446846,107.69645053847776,107.95184253700836,107.78179104444936,107.86303620796512,107.8345886193039,108.09309700480385,107.94736262110915,107.66342014388455,107.73195046523773,107.96897915018783,107.92102911589934,107.87940785644226,107.89859150445214,107.8899558785362,113.87881926462973,3862
2016,off,1610612740,104.11187360850518,104.45811488697034,104.63627251418292,103.89416692045675,104.51258481421392,104.09411670772587,103.97125002453751,103.87753939981152,104.27612071755549,104.15204806807637,104.58833018190677,104.00919909094834,104.10423316962303,104.1036364526777,104.11038085683782,104.5135406218656,106.10972568578553,4010
2016,off,1610612741,103.73794964341374,104.05871020519787,104.2109426006866,103.72540301908693,103.47273235092749,103.64664287488405,103.64660773474539,103.58003833160039,103.84211673092588,103.58005445636203,104.591930946666,103.84926590443726,103.73759995092716,103.75556094981425,103.75194592010065,103.36633663366337,105.74624968217645,3933
2016,off,1610612742,104.57961928797721,104.93849618948163,105.03300652340597,104.2654415870057,105.06050313626692,104.53789965064878,104.48469723520873,104.4221376665368,104.68615279513892,105.22225184505199,104.46824589086664,104.38794218632121,104.63440432067999,104.57716433344267,104.57628795913492,104.44444444444444,108.0559085133418,3935
2016,off,1610612743,104.44327916125964,105.81397554226514,106.06807852664197,104.65403576154355,103.96043141501583,104.25931938205098,104.42973411401557,104.4399988031452,104.45641830048267,105.06697057847641,105.13998089403675,105.01586940078309,104.4058135995385,104.42152930733607,104.44392161104801,104.15597742432017,106.75305257911786,4013
2016,off,1610612744,113.83701573849876,110.54827690366554,110.43194134586112,114.03235525956744,113.87022541406876,114.0847625465559,113.77106977658292,113.87646813265106,113.88225793174279,110.59108317407616,113.47549882699383,113.73326771901162,113.83504264248515,113.78803424521065,113.8103736957927,113.05084745762711,115.08839912811818,4129
2016,off,1610612745,105.61724283243835,107.4783627324497,106.99234549287759,106.36284503749437,105.47625706872344,105.54121009281556,106.29236563860512,105.88233834814534,105.15280151698552,105.81025752404234,105.6385513075041,106.37530993444456,105.58311574673648,105.52839839288717,105.60901122169336,105.34028812717337,110.42760690172543,3999
2016,off,1610612746,106.94605597587585,106.41203876577217,105.8347569763466,106.51034010463782,107.33119350338407,106.97194604820942,107.40577912658559,107.32220055412324,106.68769503449806,106.79418843052669,106.20379787650194,106.66794441135292,107.03109539450438,106.96650643537836,106.94390041605295,107.08641345908744,108.12041487477865,3953
2016,off,1610612747,99.82059866367194,102.32718878408375,102.54254090151501,99.75171974108028,99.87363661324663,99.54991042717386,99.81238793451341,99.74318250531154,99.81058226852711,101.75720985525606,100.18705499885138,100.34317710018838,99.8795435003858,99.83697253815589,99.82037074394424,99.92441421012849,102.50127616130679,3918
2016,off,1610612748,104.2098951114257,105.14708873254756,105.0021428602079,104.30874533120155,104.5307185617806,104.2514014543089,104.28635161950807,104.29465695005771,104.1386870585442,105.1094357156485,103.3990732197554,104.47873683581516,104.21064290651007,104.23171867208997,104.20861622470629,103.54330708661418,108.52693387796783,3917
2016,off,1610612749,103.84758712869312,104.55667656333819,104.67175635238564,104.1721910259114,103.74529460714122,103.87282937891781,103.75051842414773,103.8764471372825,103.90421316085268,103.79987617543107,104.06668026531469,104.19151665781851,103.77507665206166,103.86002946219168,103.86770150388385,103.58709677419355,104.50267107606207,3931
2016,off,1610612750,102.95739258530956,104.07237894082708,103.55625869626358,103.26581141605185,102.90664912769702,102.97892358401094,103.35521997148479,102.73283261681469,102.64239212789624,103.61257238114536,102.91713116813854,103.2192221382757,102.9742386587816,103.00904269402798,102.97041346939213,102.69926152279093,109.63764469048817,3974
2016,off,1610612751,99.6407286359704,100.85888117406212,101.26577935610969,99.92358839941907,99.6608208033371,99.54732132837738,99.23651130382473,99.63927916479412,99.97262497000634,100.80741570111479,100.05276846813072,99.04962098819006,99.6793569551227,99.67673009028414,99.64229706101669,99.4922569179995,106.45902476384988,3917
2016,off,1610612752,105.61406625142536,105.63613036686604,105.69396036064725,105.57439231107651,105.35015942267843,105.56247767086755,105.5225776030289,105.27467158300574,105.7012034538637,106.3669826934876,106.01836577211999,105.09515990410117,105.66123018745152,105.64036228848835,105.61738626199092,105.24402907580478,103.50967741935484,3875
2016,off,1610612753,103.79759387622705,103.92793989365808,104.60573938778298,103.92425349333897,103.75551336418033,103.69064762387623,103.21500949575348,103.72100554285026,104.2101755764074,104.05186819947443,104.14161065025996,103.5885065451257,103.7949564405042,103.8092463452962,103.80225678308572,103.06826898491434,106.19164619164619,4070
2016,off,1610612754,104.75711598007415,105.03195850007583,104.98700160413036,104.95791016014692,104.80882433086536,104.73402477738058,104.79132526867014,104.76189350781206,104.73854336551085,104.72728668582333,104.6295385879845,104.90566133981127,104.78272824370704,104.76667226723218,104.75644948021989,104.472049689441,104.12293853073463,4002
2016,off,1610612755,95.98626188901817,99.98199304504098,100.43097810851143,97.14314273030006,96.12348058100298,95.69148193145318,95.94187036924353,96.40755663813962,96.01464360860497,97.2569631151561,96.18553524590614,97.17284339388452,95.93698197106866,95.94115382031485,95.98503299079343,95.77077077077077,101.76082171680117,4089
2016,off,1610612756,103.65218258858881,103.81198493328704,104.14559680933034,104.2493699561423,103.63624814724918,103.5579415468476,103.41465682560388,103.69523352212376,103.81250434400546,102.6949101256691,103.62015565099402,104.35041835129185,103.65889355721113,103.64719953586317,103.64750669999925,103.54942075425191,100.14763779527559,4064
2016,off,1610612757,105.79865466708983,105.70142084528862,106.015237037701,106.12124368998329,105.48780526977748,105.67694379927072,105.62010283497136,105.94025419628412,105.93098066077981,105.50214077213928,106.51363604580459,105.31087669828997,105.80597798113072,105.783991370406,105.7882542266615,105.48919949174079,111.0807453416149,4025
2016,off,1610612758,105.90158820882293,106.01510954914538,105.82476473458561,106.40260075577089,105.8366691308465,105.94649335887382,106.05229099753576,106.07998208147202,105.7779487083689,105.56087746543686,105.54919491998236,106.03065502330402,105.88865832421287,105.90678753153117,105.90495102684623,105.69282945736434,105.72463768115942,4140
2016,off,1610612759,110.29194016432996,107.59911621635233,107.56525264568215,110.2160508653406,110.36141920007562,110.63208158702626,109.8839088340131,110.14575787803432,110.58143130044702,109.31279190094837,109.46476830474971,109.23724286563802,110.33485820374894,110.33872979250586,110.30510851327767,109.56432070121166,110.10127239678006,3851
2016,off,1610612760,112.0237368485885,110.79740233390729,110.27306302576226,112.40332079060484,111.29132899974434,112.35155244755944,112.28532188094495,111.8646271007689,111.85994599067146,111.73485834357197,112.18774914536378,111.07040864673961,111.98798113724548,112.01752577853486,112.02714976477276,112.03215272544587,113.59801488833747,4030
2016,off,1610612761,107.30457206645717,107.28931980613827,106.86605414698917,107.20303324625667,107.10519989844667,107.30928932869138,107.68697588729998,107.08448067194864,107.0480176105507,107.24953309242659,107.4473505025755,107.5526431636272,107.32745185979898,107.31688244993705,107.30514031060834,106.86528497409327,113.19810326659642,3796
2016,off,1610612762,105.41619737626056,105.95000607364116,105.86964288314616,105.83899107249853,104.99325517937854,105.31550900411301,105.58655852677127,105.44809889487595,105.29817319943143,105.345011402454,105.63718429353469,105.80801616564774,105.42407109602469,105.41710743870523,105.4148039021683,105.06863780359029,106.27637130801688,3792
2016,off,1610612763,102.20241250192349,103.72657133376822,103.53029749201745,102.07214336324193,102.14927131449052,102.096973625793,102.45178285448708,101.98126573473722,102.02950113060182,103.24964741161085,103.04299646701871,102.22073212298955,102.20233293828032,102.22915831718346,102.21205397444695,101.96840196840196,108.07533539731682,3876
2016,off,1610612764,104.63993450817561,104.22524668585918,104.32052668577505,104.70611063113212,104.97696477170753,104.67435916138056,104.46941639603278,104.61939100959985,104.78557302542717,104.01469432689599,104.58910390959365,104.47104219511459,104.66601597578261,104.65238217932493,104.63975512796515,104.5681477783325,105.6920457309657,4111
2016,off,1610612765,104.38831971499474,105.64010463737401,105.86159410453786,104.206129663056,103.843725666816,104.12089172260211,104.43345274408689,104.98876109893385,104.36285156065043,105.22989401273878,104.67811429651557,104.89742013267669,104.3903457936681,104.3837829685055,104.38704115634906,103.84519350811486,107.82653323069027,3897
2016,off,1610612766,105.49951124144675,106.03344135004227,106.07867446009192,105.0180702483806,105.89232500154847,105.40989946591134,105.56682311885173,105.326341066868,105.4568979102836,105.75817478858104,105.93865836585996,105.6872538287431,105.5137119935905,105.47545440040224,105.48873489171216,105.27777777777777,109.0587044534413,3952
2016,def,1610612737,104.4842978094769,103.8525837130932,104.08986488027004,105.2771499480827,103.67666142298359,104.42005916101752,104.3206086183278,104.1803333794971,104.59667563565218,103.98242555262105,105.06875006201477,104.22172147940053,104.47100847292707,104.48015171757832,104.49213521902695,103.72139803872265,98.69103482341319,4049
2016,def,1610612738,100.64525473096813,103.9400031725408,103.72088386193224,101.24635667309866,100.3155952087714,100.52971897733768,100.89217185752196,100.15730541416859,100.45477786156601,102.90118558603693,100.63318407129746,101.87386565577454,100.66319705891912,100.68811386506083,100.6466988573474,100.51483206668301,105.72059906702677,4073
2016,def,1610612739,102.03557327116157,104.20871410932548,104.16843683571946,101.96515445588733,102.68325863638182,101.94784764349538,102.09078513679523,102.50344503146063,102.0128655693313,102.91104039732559,102.21131730323384,102.08710600700843,102.06660339725796,102.07174947420292,102.04147780524326,101.76302826030594,107.11881957028217,3863
2016,def,1610612740,108.46131820274978,106.97313183331144,106.83245431600119,108.10573272571733,108.86442008720621,108.55795054457911,108.49330943415345,108.00875141884028,108.44397385791589,107.45701685111382,108.40915259674027,108.31292891200518,108.47635534204836,108.46223784027931,108.45311216567988,107.93094821115837,110.0597609561753,4016
2016,def,1610612741,103.17512995872895,105.84499392283078,106.44808399852967,102.45946647915846,102.89767620014352,102.84245852429655,102.86133960348998,103.92576917865088,103.39918445027638,104.46683328734764,103.6354697350763,104.74296743607555,103.15943766298896,103.21279867357588,103.20094835202747,102.97692880178616,109.54198473282443,3930
2016,def,1610612742,104.20703182690539,105.33680559792153,105.47669112415869,104.24366167909696,104.24313537051829,104.09145647026126,104.09097889899279,104.67766357331803,104.3071563211151,104.99309850380683,103.92639624295862,104.3240372713629,104.28265743202351,104.23832517202442,104.20209145148857,104.24778761061947,108.96621793243587,3937
2016,def,1610612743,108.72282526879468,106.66212726456824,106.47889997650532,108.64842822145063,108.8596373781652,108.81943566667483,108.82027975068428,108.88652502241322,108.65715180575229,106.6315804180174,108.89916973344633,108.23536099902564,108.71774410146857,108.72001975722064,108.72556540134396,108.54284248332478,108.70646766169155,4020
2016,def,1610612744,101.81476602802327,104.55184361208822,104.78793945742927,101.76263035549009,101.55359335428777,101.56791527568399,101.71348160504263,101.63802891164356,101.87658141482329,104.12109099833155,102.02836255324279,102.70686935494776,101.84465051505578,101.87322116911024,101.81884474247288,101.8375241779497,104.94785350472957,4123
2016,def,1610612745,106.88534512635029,106.70468869856631,106.78942628706582,107.49710750110768,106.37661174900916,106.95418874947228,106.77398041900427,106.98411779088553,106.95710422774971,107.23001754831624,106.3575126926808,106.70169934557612,106.88174843150091,106.8553915805691,106.88232543203388,106.82101070450585,108.48136102076558,3997
2016,def,1610612746,103.51683909852787,105.31630722256007,105.0707875251241,103.69715337907287,103.04716836070607,103.43116243207557,103.776943073191,103.82382117606453,103.36200048518556,104.41049022826958,103.76717860406389,104.07247983322144,103.53497822971477,103.55105307640743,103.52661235836267,103.46408558329088,103.16375601113643,3951
2016,def,1610612747,109.8177909536936,109.58008908215375,109.52484791466189,109.53530862726377,109.36373722135596,109.9074117342553,109.84969148209635,110.01290429318699,109.80028916749446,110.6783038558513,109.41663465072915,109.62641791255146,109.7804656622828,109.79016332054748,109.81779188340191,109.02463549522373,113.12899106002554,3915
2016,def,1610612748,102.53603492696459,103.92504198971078,104.35836107690575,102.2514284304974,102.57196768621432,102.34267769326691,102.2033456652938,102.19760894036631,102.82687631974616,104.30140214467049,103.03089704158427,102.40577217516488,102.57707166434349,102.57857981288372,102.54087585784917,102.67716535433071,105.97243491577335,3918
2016,def,1610612749,109.29731881708275,107.98912069411183,107.74182667683137,109.76571026390805,108.26444970168963,109.42431932748147,109.56775747695706,109.2292823107579,109.10553363438679,108.45929199484436,109.60892114879009,109.09116087697487,109.25262628685935,109.2195261366339,109.28241411334777,109.48209224426694,107.35930735930737,3927
2016,def,1610612750,107.3590023971128,107.52561218755818,107.48323042595753,107.57753493168632,107.18128306283455,107.42560290422743,107.3995518315932,107.6815163698612,107.31587378959442,107.8865758121097,107.1268047210851,106.868765173706,107.33813383349631,107.32341394243957,107.35700501302802,106.85627221940071,112.42767295597484,3975
2016,def,1610612751,107.69243461079971,106.98740638628693,107.32618328768297,107.7529014798018,107.8813702784342,107.77022152587357,107.4194172706228,107.69389300153593,107.89353645975618,107.48276627198616,107.60463064405036,107.17299142032756,107.64617408113075,107.60781381610362,107.68287943238322,107.1790969051243,113.63520732638005,3931
2016,def,1610612752,106.19547027080326,107.91027200691497,107.96815790093083,105.51276617978625,105.74737140197209,106.06374035228498,106.25775528949136,106.35717986792358,106.15869475145129,108.38393855287825,106.71582125531629,106.29378074984045,106.1564335832788,106.21073872016244,106.1942942041318,106.1510511289904,108.16589386913962,3882
2016,def,1610612753,103.66108136725778,105.38276429946296,105.45764518431352,103.94801325555255,103.85293576927711,103.59033939930859,103.7361885863258,103.87302663300959,103.61246328751346,104.24214692727799,103.80137601662906,104.0881539119274,103.65484756751319,103.60829542712638,103.64509463063527,103.45003833375927,109.26745329400197,4068
2016,def,1610612754,101.90600076208497,104.45474831778952,104.68214070219916,102.50037811793922,101.47565301580173,101.76864717013497,101.86784943838454,102.41062500240533,101.96921695494348,103.49682628239599,102.10597781588658,102.15590610595495,101.87547336347855,101.8843326745755,101.90609531801991,101.24223602484471,103.59102244389027,4010
2016,def,1610612755,108.4678297600598,106.91303212945992,106.49649308131471,108.68190932963138,108.11741519615241,108.61391327223383,108.69864830410553,107.8107316262897,108.26921434344204,108.12407392287605,108.52958233666193,107.7625617306432,108.4577866620504,108.50239817487055,108.49238122704169,108.0641121963436,110.31784841075795,4090
2016,def,1610612756,108.42772486120403,106.7602421510322,106.44419190704772,108.84830697463721,108.51957608319972,108.59978020494894,108.5898510959827,109.11570145650768,108.31700282068323,106.59682372976259,108.09089376728299,107.53789947105147,108.43552632312758,108.41413768679635,108.41479007283382,107.76435789992605,109.64479526393686,4054
2016,def,1610612757,107.53773357131416,107.07136976248191,106.72585030054127,107.06349495641376,107.79217957935377,107.50317969572721,107.85273065905737,107.77673297465944,107.31177290824587,107.08742880391065,107.95813595028234,106.96508835441597,107.56942350179136,107.5670988827597,107.53943237059455,107.04834605597965,108.13432835820896,4020
2016,def,1610612758,107.20789450967604,106.41339096925438,106.34377724056574,107.40798879353983,107.36314626828593,107.22097569536959,107.19796120348013,107.2094078787864,107.22521675117284,107.20180946529473,106.68832370903701,106.4989930226274,107.31276821157444,107.20001128628283,107.18893395691333,107.19651078265083,109.10188314823756,4142
2016,def,1610612759,95.52954807547593,99.72398776467914,100.1162657310296,95.73546237948447,96.42784426433374,95.26713094742382,95.26800354436234,95.80821577352967,95.78039745334658,97.50107777136505,96.11558321930798,95.87843164588921,95.5599250369451,95.60575274111626,95.54445349348887,95.24055871702018,101.91610564474365,3862
2016,def,1610612760,103.585933057828,105.18572347389451,105.48175121059462,103.43090649797858,103.19324863548573,103.37535267714406,103.51688464051568,103.70040109369934,103.63860080156778,103.56299760522572,104.19470014797983,105.28853684024162,103.54053773422069,103.58508380600293,103.62252692888305,103.43616754451969,107.0153693604363,4034
2016,def,1610612761,103.09034996534994,102.75711226873321,103.02709135412073,103.22712834689959,103.50336151008716,102.95606425266948,102.9051506331655,102.51490787233054,103.26227727805838,101.62238425163555,103.52693463666643,103.9208230618778,103.12410940613489,103.11611054475011,103.07965226474862,103.24844074844074,107.39668333772045,3799
2016,def,1610612762,105.66960872481845,105.43440345658038,105.19660558681672,106.01842525557298,105.46698658599021,105.67692048785344,105.88340567080323,105.41820960041895,105.51880600862212,104.65380095414464,105.76370321179778,106.37389783853344,105.66877172594826,105.68201450188442,105.68001440289002,105.25481911803539,102.2415611814346,3792
2016,def,1610612763,105.07721563532023,105.11445838868613,104.86159123476801,106.07245034278047,104.81949568320778,105.08750861101538,105.42624857277829,104.96729339083672,104.83365668692832,104.18715683216264,105.2810346642825,105.17148905258667,105.0842841370716,104.99662580992624,105.02563755154756,105.11157239231967,110.22256728778468,3864
2016,def,1610612764,106.21075256182405,103.99607151921266,103.80208686798703,106.89503656975835,106.28553275281686,106.41250398115842,106.15195056049112,105.76618036338192,106.26507318927996,104.43369954914795,106.12760932236328,105.31688292048273,106.23554239444219,106.23503402387865,106.21224779410143,105.94971371670401,105.49584758182706,4094
2016,def,1610612765,102.38714362686532,103.22648264059687,103.31718040918429,102.56332495869223,102.83579661304967,102.38946078676975,102.18923788447029,102.2528614941627,102.54434212889231,102.95246623866969,102.479641698777,102.01029477855978,102.39374453009019,102.44724050020807,102.40975978623194,102.56410256410257,108.68225019265348,3893
2016,def,1610612766,104.4690566469533,104.14714524413755,104.39667358300619,104.25034889972002,105.19590002617716,104.40586720736779,104.29916004191783,103.99298078003532,104.64683443655028,104.03788295005603,104.98007656438958,104.11641351174782,104.48750686777781,104.45586294099276,104.44523199302513,104.31491294473884,104.22250316055626,3955
2017,off,1610612737,105.92336348324369,107.18967438767893,107.27957624036945,106.41006076353844,105.77182698541735,105.82644316216323,105.96089508338335,106.21687507083328,105.91903482580584,106.46141227376457,105.85831732387986,106.17978624119048,105.8974662964602,105.91657814889443,105.92391897383823,105.65565565565565,104.23854115327748,4058
2017,off,1610612738,111.45843258948295,110.56854653261951,110.8572441950865,111.0377125407063,111.64057595640969,111.44573689738257,111.22869208832807,111.26496982445829,111.65524273625384,110.8064909407997,111.60409814049096,111.60087670468296,111.45910641411695,111.41751801840718,111.44660690794457,111.32267072861133,111.00621118012423,4025
2017,off,1610612739,112.96625222024869,112.032233716947,111.94477459511081,112.94018319363504,112.78926349614507,112.93153291658847,113.13036258165421,113.01577942653788,112.82041299094043,111.63225147542715,112.8413474603356,113.70190905618612,112.98207770412651,112.91808864228508,112.94535321809862,112.97324583543664,114.10032443224357,4007
2017,off,1610612740,103.53449568738513,104.62815646406396,104.84475557519566,103.08922886610594,104.12276117836936,103.38204150969327,103.449181174789,103.6251762180991,103.60515885864957,103.78272971582606,103.96067266142774,103.86656665316033,103.54710485913621,103.54988760448381,103.53804810402303,102.99386503067484,107.27227599900719,4029
2017,off,1610612741,106.84757714307842,108.16228963333018,108.23640831331109,106.78687256554825,106.04970128097,106.64710290842949,106.91683485166283,106.65487416667179,106.80302265776709,108.45005679535278,107.63490539170269,106.95975041641843,106.84853878605864,106.87719487006484,106.85026824718928,106.485516534222,107.58984669514953,3979
2017,off,1610612742,103.65286603715593,103.89439397104397,104.45818727604721,103.32223954569771,104.33216071779458,103.48603622601641,103.13603578590546,103.51729026468529,104.10004683994319,103.86669045083939,103.62307762469962,103.6187106527917,103.77646068530247,103.67429201590222,103.64303774032477,103.80851626553822,106.73602080624187,3845
2017,off,1610612743,110.36237852580638,110.54063109982843,110.34026152963725,110.78457232613526,109.72609263212823,110.44056662105821,110.54180449622822,110.4548125702388,110.25724156343081,110.21942906726098,110.59476974696807,110.48094695758063,110.32794245337915,110.34250430272519,110.36321353731053,110.26018654884635,115.05667816658452,4058
2017,off,1610612744,116.16127150414235,113.68252738368435,113.45115825552341,116.35398328295881,116.33323378201236,116.49162417025939,116.09421357903236,116.06094499073888,116.16338943086383,114.9852332359536,115.39130613479242,115.14005405690577,116.15674108276885,116.13744022521729,116.15966211398947,116.00961538461539,114.94224625215041,4069
2017,off,1610612745,115.89817778872195,115.26483125970121,115.47910420817226,116.36908419730658,115.67553416915642,115.95437154849462,115.80097922535026,115.98013294072527,115.85242576607502,114.96130606070503,115.17635196151133,116.85586869332018,115.87191888964462,115.72491597867742,115.89217753294959,115.661167200197,113.92677674084709,4179
2017,off,1610612746,110.94171871725867,110.12454233152235,109.66390468113106,110.70964423812833,111.16087091303446,111.04215509971863,111.28981970494874,111.05915063157661,110.69502729478118,110.10946107607245,110.83366507851821,110.7481739899636,110.95588264177698,110.94423952869823,110.93965430317904,111.02461074836765,113.90157280568239,3942
2017,off,1610612747,107.42793137574786,108.09492245755568,108.12993565673646,107.8358356381831,107.15912934019536,107.34386183265363,107.45363660483693,107.42181722910759,107.36531003556524,107.57567641908162,107.26866216002945,108.07136928302663,107.43606882952992,107.44080041395382,107.43024412795195,107.06494794248884,104.51866404715128,4072
2017,off,1610612748,103.23252071904199,104.97761445584018,105.4075326334171,103.06898979926244,103.20615202069777,103.00206117682038,103.03049600729813,103.76981533685267,103.38553624371188,104.10958860750975,103.4519884282781,103.809251134381,103.23012928358166,103.24199714982947,103.2344860096709,103.09542082374008,112.92378281927097,3923
2017,off,1610612749,109.69962261879577,109.94019335969385,109.88695938315396,109.73100675092104,109.72678721669739,109.85258167816316,109.71520890546303,109.74678789411952,109.72241846190815,109.27724531758044,109.56090783359069,110.31940362618622,109.61024999425659,109.66478260655654,109.70555429976174,109.19715447154472,108.92347600518806,3855
2017,off,1610612750,108.42642766390142,108.76293270747102,108.61318103298244,108.855121163792,107.88214257792134,108.43346922130318,108.54459831660704,108.37102389544651,108.38664421576316,108.83219872857366,108.51944081824142,108.32754126717505,108.42376046897083,108.44674765617317,108.43080395590788,108.43404474157882,112.69800715380684,3914
2017,off,1610612751,103.24574341751953,105.58727135808527,105.720818653163,103.96539522304786,103.63010831344998,103.14756253195611,103.28662012558229,103.18463095873095,103.19756769026634,104.24936106422128,103.63711480352855,103.31374584319848,103.22646946942093,103.19964848106305,103.24567727216929,103.05416368408494,105.0168837433671,4146
2017,off,1610612752,107.45550788050143,107.40869582516952,107.76332537434737,107.52141020387727,107.00535061734293,107.32760486373355,107.19486179384579,107.41770824190692,107.68668309270916,107.25391853317929,107.8955518300187,107.71904519012645,107.4596044767497,107.47503349920028,107.4643014704162,107.3207171314741,107.75292323335027,3934
2017,off,1610612753,104.42149529379618,105.34700748222059,105.84219625022732,104.18762330900601,104.42792398624923,104.18479914463447,104.09687085319553,104.6968321038073,104.6542196719993,105.31354300463104,104.65708237068702,104.43327098483992,104.46694422229389,104.44537109525575,104.42288829766146,103.98671096345515,104.30586488492948,4041
2017,off,1610612754,106.99635730657421,106.50851889008715,106.35801339567789,106.95439221463687,107.42859946690216,107.08164904637735,106.96218333851823,106.74894072472028,107.02035109547336,106.68700816410207,107.05322936412584,106.44786356189137,107.03976428943724,107.03568333636002,107.00715681242211,106.58638486114525,109.82555156490508,3898
2017,off,1610612755,101.20356166647625,103.5096048978993,103.76971670700075,102.1458062922494,101.16411026157797,101.02854891138236,101.13449141159231,101.31887884844308,101.34401748420852,101.49769580801865,101.35781372247745,102.1473987469865,101.21738421304995,101.18531460905658,101.19639170000745,101.16944513560587,104.99031007751938,4128
2017,off,1610612756,105.42635946748598,106.86193091612337,106.75423286856999,105.90604853009975,105.13401231838917,105.37846029023906,105.58405368972913,105.42136039490055,105.3207947364431,105.92334111777976,105.63824917641277,105.96787468032065,105.39949576877846,105.43990335622962,105.43302889340765,105.15863405182853,107.96055796055796,4158
2017,off,1610612757,109.91514768331743,109.35651932853463,109.28388689862115,109.80836402687602,110.1360803780746,109.9500441604147,109.94268209145024,109.87082123190861,109.87641578340585,109.66172699596167,110.02178052232385,109.400477152219,109.92816641489532,109.91359120319508,109.91282182840921,109.67821782178218,110.5552776388194,3998
2017,off,1610612758,107.4908698090475,108.11349194361884,107.90625124171454,107.73384549300913,107.52385580358325,107.49352745893381,107.69297208708568,107.42840415309784,107.32615649577265,107.33847392051904,107.43957988332468,108.06019678765833,107.48364113415687,107.49671824212976,107.49389370128483,107.73977886346104,106.59257388229351,3959
2017,off,1610612759,114.08838710182725,110.83479410787919,110.37153058407877,113.92901402691605,114.04245670006483,114.35497703358713,114.19337294001156,113.80770593267067,114.05735362207689,111.67821572762148,113.92405233495336,113.45621392820097,114.12870805679854,114.13752900557887,114.11042395957658,113.44016541742052,108.56339468302659,3912
2017,off,1610612760,108.70885197363366,110.3150165900687,110.18786116573274,108.97173722079854,108.29462256234652,108.69689639833649,108.93992727060566,108.88334632987417,108.55626420990342,110.10114966854992,108.65842239686312,108.98013095928285,108.63565505594964,108.68125887951469,108.70703878544492,108.16579796475553,108.38085792214233,4033
2017,off,1610612761,116.12162731101205,113.25704313201254,112.70355448919666,115.45551757693303,115.91009124271476,116.31574031459576,116.41436165634134,115.87969862858245,115.90224178046287,114.74181113970596,116.15437911287557,115.36657419842993,116.1581191278568,116.15658273337363,116.13228737947627,115.68825910931174,108.03825277849573,3869
2017,off,1610612762,108.65337265757401,108.54419125333546,108.27206822377575,108.962866972061,108.89944162481667,108.71923586934565,108.87207306295187,108.75999005845507,108.53902114309363,107.9424574225138,108.41855872378196,108.67471443880446,108.6579394626,108.63930203773423,108.64881715514647,108.44504021447722,110.7227332457293,3805
2017,off,1610612763,105.11482509734107,106.38531246034344,106.48454023995988,104.8834334482976,104.94327164513436,104.88886429002979,105.22348945567195,105.05373562601471,105.08404129471892,105.56537847228437,106.15248162283962,105.49748559523019,105.11935490779726,105.12322825433752,105.11779887042978,105.0116249031258,109.93412384716733,3795
2017,off,1610612764,108.9161860557278,108.16795727857306,108.27437757074252,109.07282321677752,108.8522957044184,109.01975892342382,108.66951782781663,108.83534833614438,109.11973729075676,108.69776066872029,108.89562514279211,108.2996234485678,108.91963348349597,108.94067900604395,108.92307779487162,108.639798488665,113.31856228458888,4062
2017,off,1610612765,106.10242053992962,106.04387358000201,106.44747630787727,105.57238344337634,106.14374897552877,106.00935157257753,105.6722199376663,106.26690810490534,106.44177405748222,106.82137797976647,105.99281800102987,105.82321408024521,106.17042929644767,106.14631224462015,106.10664094513332,105.706940874036,106.06520090978013,3957
2017,off,1610612766,108.54017269572991,109.04017436836958,108.90251862143734,107.9203753240004,108.70152227454582,108.47246152696019,108.73850109133465,108.44551182040652,108.36994889647437,108.78524054128535,108.825499721089,109.09907661984563,108.54311590519862,108.54342039016106,108.54069337507933,108.49508444668515,109.9539406345957,3908
2017,def,1610612737,105.81295794478783,105.44268120926216,105.96917233574433,106.28990360003284,105.5147652315679,105.64153735235426,105.40445303635813,105.76893107193973,106.12703467991236,105.82897249163993,106.39017465518353,104.9294495274172,105.84330105991204,105.8304954373962,105.80685164221958,105.38577154308618,106.2807881773399,4060
2017,def,1610612738,108.54207182600022,108.87568019657353,108.6963771912814,108.63616422514711,107.90398541111433,108.54273112629619,108.66953639998718,108.64557920596856,108.45969887325619,109.25684920074983,108.78360243106563,108.26745587652984,108.56766830171259,108.56400954991001,108.54301395889368,108.62068965517241,108.02085920039733,4027
2017,def,1610612739,107.73119987110913,108.01872890669284,108.51345269325748,107.75922530024778,107.59177440468187,107.61575349174346,107.35967727645969,107.82840919347392,108.01030782292995,107.78893806458477,107.66608395623118,108.25508964736248,107.73404615639895,107.72456510924718,107.72780190119033,107.48110831234257,113.05652826413207,3998
2017,def,1610612740,106.36841786904455,107.9962092478173,108.56727366293646,106.14027874748041,106.42365382739649,106.14071353149929,106.0459266496706,106.48076899005655,106.64010507860199,106.99930172160835,106.3030219820538,107.79264317972314,106.3887903165381,106.35105237867228,106.35606606937401,105.99803343166175,108.68596881959911,4041
2017,def,1610612741,107.24796290837928,107.44490667060217,108.03856985199522,107.08755327100654,107.28656715827272,107.11525646886572,106.78379225591829,107.61404373516058,107.56980053553853,107.20126571500037,107.66917460634149,107.09092631021109,107.20604992641893,107.26696774765516,107.27948311921921,106.72657252888318,106.68845863716369,3977
2017,def,1610612742,109.35038135593221,107.2570578572408,106.85015951725087,110.03954398757044,109.6274491256821,109.51306602184873,109.50365767613589,109.19135410612193,109.22654914593325,106.17305930613585,108.72839214389153,109.99372997589553,109.4040900685142,109.39910035019676,109.34737574836744,109.0572033898305,107.90226150246946,3847
2017,def,1610612743,112.69267131858179,110.4066740610344,110.1745572103181,111.97415671115921,113.25521121832868,112.83338975000119,112.71541903800083,112.29064628380846,112.70242302897373,111.6929143766502,112.53152315954367,111.88416396306019,112.70214706205266,112.7349440223331,112.71159760353393,112.37417137245274,112.28677379480841,4045
2017,def,1610612744,103.64513116311278,107.11082556844995,107.33054499450422,103.74991783100741,103.55766624528023,103.43594634179122,103.60291697560073,103.7427667912849,103.69273433984468,106.27058755083645,103.76962593534031,104.41724593490478,103.67539270624147,103.659414499557,103.64526570794102,103.50708623588758,104.3050430504305,4065
2017,def,1610612745,108.43736865628799,108.89674940625306,108.92243532508562,108.52876638838838,108.30610885536083,108.45649555275743,108.36167214497335,108.19379620940968,108.52184968393144,108.1080225574227,107.66080700491649,110.22878137069503,108.45765139163053,108.45343089426063,108.43734531415633,108.31079419719696,109.46462715105163,4184
2017,def,1610612746,105.53999312892991,107.60997665153617,107.52148209421428,105.47547206585128,105.66083699548632,105.36152376431133,105.6438995693184,105.69501552825183,105.46863348155892,106.62667788987744,105.29532728380543,106.53911954551039,105.61756660084862,105.62214457499965,105.55119650949584,105.48289738430583,110.98398169336384,3933
2017,def,1610612747,111.86239791862396,111.50640471897256,111.32586518008776,111.89760721421868,111.70097602088418,112.00659614522314,111.94900534028444,112.38160673317819,111.81516137472904,111.63580446049902,110.99600652364698,112.07404939529992,111.8448494792633,111.83136857486174,111.86082673248168,111.38613861386139,113.86843397152676,4074
2017,def,1610612748,108.25521506717084,107.78985738812362,107.84423984988851,108.07131339690588,107.94278230308797,108.1748542749661,108.20006658244385,107.94347145331297,108.30236348217342,108.30532316310013,108.96322991368497,107.84771264965246,108.24915162631271,108.29996405605824,108.29396960936597,107.9958995386981,105.58517390200558,3939
2017,def,1610612749,108.21839547317276,109.23763979165668,109.37843098224224,108.36466461923735,107.80418198461281,108.13949613747096,108.27068617732354,108.15429251940866,108.24546025559292,108.46337427272672,108.23406894606092,109.4269710074699,108.19458646471787,108.1321196917909,108.19916362349626,108.24217756296107,109.97158357013691,3871
2017,def,1610612750,109.88803400611008,109.83008664501821,109.62072959251806,110.10966450841086,109.85251564447714,110.0441353572329,110.03205803728405,109.85194601933206,109.80483310183811,109.8504193600502,109.6090372440464,109.87119450687118,109.8495000462583,109.8384222691285,109.88536260811091,109.36858316221766,113.3282364933741,3924
2017,def,1610612751,112.49129608228557,110.58630012337672,110.51806443522908,112.15612773082758,112.09668409208386,112.58605027074599,112.45724737264364,112.4723328983793,112.52400038840925,112.01321799414914,112.66648980197813,111.52773261717934,112.49283334495814,112.49774924960833,112.49373375683328,112.26482495832342,108.82991556091677,4145
2017,def,1610612752,110.77714762727835,110.47809191970717,110.4020675667465,110.55606749990847,110.14595766778555,110.73762420307484,110.96968516899041,110.62238617009362,110.66732289428164,110.90747207201962,111.34658722340993,110.82072497275091,110.73686146028048,110.73953515537217,110.780113245387,110.8891108891109,111.81541582150102,3944
2017,def,1610612753,108.85163878218546,108.97786801017254,109.15494144349533,108.63405791303876,108.68469926330653,108.84760757987337,108.68698952739055,108.94307152140125,108.98357724382508,109.20880967628635,109.03870772205079,108.77323509704162,108.81877269582625,108.8608289834035,108.86408709070936,108.64795918367346,112.82813273897969,4038
2017,def,1610612754,107.91900569467249,108.1674711014602,108.17269796735702,108.25779466357676,107.55082975743558,107.88455324839096,107.9405225119572,107.6441637106694,107.9238067198912,108.85372794181255,108.04819175131534,107.40952629749356,107.94998942799606,107.90956231184032,107.91336937539756,107.73970914468819,109.78120978120978,3885
2017,def,1610612755,107.0846496287492,108.3283922677246,108.20805485233986,107.15667673107609,106.82908280381072,106.98695277012372,107.25784935435642,107.49613390126913,106.97172479168,107.29314160970155,107.2596717831993,107.71440871812229,107.08396496347063,107.11447884994604,107.099980642926,106.77122230520288,110.92803489217349,4127
2017,def,1610612756,110.93731213938199,109.40355784892648,108.84865428252549,111.31335355728828,110.79538366947773,111.09919311548745,111.31767639467529,110.78106446140039,110.61355212155259,109.12183937259852,110.85616528232221,110.99413922074747,110.93172210535135,110.95860378448718,110.95739067414665,110.82062454611474,113.34134615384616,4160
2017,def,1610612757,111.97873549857681,109.88510202028392,109.31321396539714,111.66627781624804,111.66687655849125,112.10294671777947,112.38962377054686,111.62011057022859,111.6715199932064,110.84938069093008,112.7647919015423,110.92931790507464,111.98848174706,112.00318752047437,111.99236544303243,111.81705809641532,109.43915873810717,3994
2017,def,1610612758,110.90134068801272,108.90742794065311,108.49417312947702,111.2697493146995,110.87703853761745,111.00669917073033,111.1468049828759,110.66533742507437,110.72838509591027,109.38697234303599,110.56762567797128,110.4136182895901,110.98364786911837,110.9073377925333,110.86693643850033,110.7739778863461,111.86440677966101,3953
2017,def,1610612759,104.34453309138961,106.21784509424825,106.32901473644966,104.55713105241078,104.6110781117727,104.23424303643232,104.30447172529892,104.22488884750673,104.39558633759428,105.39542764523854,104.65606273013475,104.5489595793953,104.34013058560102,104.37400650721997,104.35464450012478,103.97419354838709,102.52873563218391,3915
2017,def,1610612760,106.81287372549767,108.64157767646627,108.76585899412282,106.70551926878706,106.89117722246432,106.75906379241154,106.80716782343453,107.23703988077492,106.81541254570755,107.41202497158709,107.0922741978238,107.49021136796709,106.74959081779656,106.79439854913629,106.82607301502799,106.45802285146547,108.80019831432821,4034
2017,def,1610612761,108.70972642142009,108.92693399711892,108.9457633459391,109.26511080451203,108.05113770989729,108.70312236522535,108.74361301894227,108.5785190549373,108.67604049271696,108.59055617860605,108.49286909182365,109.553349094587,108.70410335667759,108.67384877707184,108.69939584609253,108.6604203595847,106.7287784679089,3864
2017,def,1610612762,104.29324611715803,106.2904221694436,106.79446819225095,103.95303767853794,104.33881112000034,103.99021341784649,104.03541346746199,104.3331703862015,104.4480928865752,104.34502320874515,105.22548231171446,105.91803490129642,104.27278575038522,104.34015844901447,104.35686807886401,103.66604227990366,106.67192014709745,3807
2017,def,1610612763,104.24363614947248,108.00335571077534,107.45486721100518,104.7106231260771,104.47783977697905,104.13754643743884,104.92453120659076,105.22382101351116,103.73703975451065,105.14867807233327,104.61363747306892,105.01024454672978,104.26524401153534,104.20584009219759,104.22202822465935,104.28055698813822,109.32069510268562,3798
2017,def,1610612764,108.54242886910764,108.08130793471365,107.94486811570884,109.06214462049256,108.29918107714694,108.5775425524161,108.6321549641058,109.07935402082761,108.47588765987322,107.29483040890275,108.43922062379042,108.55420421210074,108.55514312833141,108.54578972280764,108.53735254642133,108.44041320231797,109.93589743589743,4056
2017,def,1610612765,106.64657579759287,106.3379101544279,106.22782283254523,106.3896452646617,107.59981356385298,106.66078367972419,106.58064897398226,106.54410106326388,106.72352022382735,105.79337239052397,106.6818142099421,106.3849619088763,106.70794945340533,106.72501242199047,106.67035223375133,106.6220046379799,108.03345159655348,3946
2017,def,1610612766,107.52822592617436,107.23354331484336,107.94493853871826,107.13043566075477,108.06045979374689,107.35165423499028,107.0373957878399,107.50948991157824,107.89713322563736,107.6657118903132,108.28389606601792,106.56926367180861,107.53866229179224,107.5045126312785,107.50844419970115,107.40367665575423,110.51419800460476,3909
2018,off,1610612737,107.23417832633756,107.5293565014209,107.68274497387884,107.61708354737776,107.16295311831291,107.19248068842863,107.1560801781203,107.10268324742205,107.3189608249703,106.56547077422468,107.75649859466694,107.56470631972017,107.21738917333111,107.21934383313813,107.23346890802934,106.1519302615193,103.84520581710623,4057
2018,off,1610612738,108.1552905353971,108.05755310940198,108.05359528214363,108.21769244911667,108.31831545282688,108.1126926087799,108.20370762577166,108.18029882604677,108.14582328384398,107.51494826462759,108.511270576985,108.09759079669658,108.17209251624361,108.1423960694743,108.14661353525854,107.5869068764273,107.09113607990012,4005
2018,off,1610612739,112.83796851429236,112.37851372716732,112.0461079006476,112.8350791719423,113.13825013720879,112.99756647791601,113.07632398608894,112.60287780629679,112.66183548645965,112.1361450770655,111.98198026874765,113.71842598864997,112.82822571607524,112.77692159335355,112.83217975952401,112.2011952191235,113.15399802566634,4052
2018,off,1610612740,110.79706988877588,110.10844701286861,109.8788706437023,111.19425396493169,111.17524583679855,111.04313585620841,110.84016463794663,110.7811623890333,110.75232737543485,110.22752160724305,110.54902839755803,109.99215061667559,110.76204230153326,110.7709047684837,110.7967350063756,110.32555879494655,108.75706214689265,4248
2018,off,1610612741,104.14450833729661,104.76510963539336,105.34646955074385,104.00981801216945,104.39226117198018,103.91070037037088,103.7437926977707,104.1961340567852,104.41503502798108,104.3627914409162,104.59603014510681,104.23959488087523,104.18628888300519,104.16417682454862,104.14409374163583,103.29207920792079,104.27203535477535,4073
2018,off,1610612742,106.18043015646666,106.20435704829,106.64293085330623,105.80150887420024,106.84920261506772,106.07765095446477,105.83136869350379,106.18119650087256,106.45314436602209,105.80476042689978,106.26570473665159,106.3718933941382,106.2146484787134,106.17246143741114,106.17227251597158,106.06291222729578,106.23422513881877,3962
2018,off,1610612743,110.7181142757841,110.4851374070302,110.48124177815986,111.12184684821213,110.23833185166298,110.7116474010322,110.7351581101195,110.84009546948708,110.69918291493677,110.6640376448449,110.45119736864626,110.77701313348535,110.72211371556057,110.7087949096927,110.71659962266502,109.7530556248441,114.29985155863434,4042
2018,off,1610612744,115.5399353790012,112.66230645319861,112.33887164574574,115.95547945056485,115.6735230034664,115.96839616969571,115.43268789513348,115.31250495100966,115.6188623178204,114.22800497469049,114.83532149104735,113.97316283120865,115.54969166833743,115.5371046748307,115.5392227681331,114.71652593486128,112.32098765432099,4050
2018,off,1610612745,115.68042392903551,115.4739221420813,115.27422423082429,115.79921567703197,115.79819184988459,115.73527868964493,115.98222242056211,115.53558279906247,115.35881991722103,115.61190291268902,115.52654899125866,115.72536643194361,115.66498973837642,115.52883647432313,115.68944708044303,115.24345485686322,114.24219345011424,3939
2018,off,1610612746,109.5383188405797,110.68242257319874,110.34229763263069,109.72713710850311,109.21548606601252,109.51415224454121,110.00593557141903,109.63150709721108,109.276977990401,109.67254334241743,109.689024202675,110.36253884002882,109.47525975438685,109.48846224011976,109.53772770743758,108.8695652173913,111.69691025012261,4078
2018,off,1610612747,104.00631233894299,106.92574088661289,107.10332127879245,104.53092697034337,103.80287932197467,103.88187638035018,104.0735884971689,104.41220753499977,103.94742311966093,105.4170058076976,103.99458637753659,105.03021963153344,103.91105128227494,103.97062801822149,104.0046967744613,103.6316164253501,109.41834996349476,4109
2018,off,1610612748,106.58703501464834,106.99311150874203,107.3096292812585,106.95310096656246,106.801899974125,106.53764356454559,106.33954704618424,106.57408063515324,106.78379424631908,106.40195607038922,106.63650720257999,106.67917129712431,106.59735169301116,106.56413517500268,106.58124090142547,105.50599031353556,108.03882528621205,4018
2018,off,1610612749,110.46561803418379,110.33644737934232,109.87625664509726,110.30660383416439,110.86485311714416,110.66224572181018,110.7646663989771,110.45143252722534,110.26128122695557,110.88347520069941,110.17796178234802,109.72656717706977,110.42264195856946,110.46754745689437,110.46344755076825,110.03047232097511,109.56651718983558,4014
2018,off,1610612750,112.07405724670605,111.18606208573976,110.4084649775524,111.72967212908888,111.82746210273653,112.3275263955108,112.5044551829551,111.90324293329304,111.78359360155747,112.46523556312643,111.45429711168424,111.68040416459701,112.11961271695887,112.12837622740656,112.07710416193954,111.56754032258064,114.28212851405623,3984
2018,off,1610612751,105.86831330618014,107.33377922652696,107.40887121365635,106.26312368402068,105.88830660009202,105.64860988758416,106.02258869578019,105.90037271617405,105.69991274045131,106.47424295677087,106.27179204472581,106.1168324713279,105.88723491196325,105.84733111366222,105.86259767494694,105.18410852713178,108.61728395061728,4050
2018,off,1610612752,107.15708420780493,107.07060613327026,107.04013393991107,107.59169202733455,106.71926188381497,107.22743523177137,107.04762822860707,107.00372982616415,107.27659908088363,107.29473982796719,107.28171298963414,106.81780057911804,107.16262431326216,107.20504708533232,107.17152530819968,106.44271747305089,106.87778327560613,4042
2018,off,1610612753,106.00586239459955,106.50291907493116,106.6146755884101,106.10018843649856,106.29473843944672,105.93491986245294,105.89504793240886,106.09312869146083,106.06164690847223,106.3296426059101,105.4388453609555,106.33027721660115,106.06270757003149,106.02659189523592,106.00559196412082,105.1307109699487,105.00377168720141,3977
2018,off,1610612754,110.98230834929909,109.50168542273761,109.44300166162088,110.83001383913168,110.94787399577896,111.17136831448838,110.84004613369702,110.97462436024311,111.12391904064935,110.26381966866727,111.2560462330019,109.93829875288426,110.97143880142997,110.9992053148572,110.99102549894643,110.05754315736803,108.37576374745417,3928
2018,off,1610612755,106.26212393307297,107.23390382030378,106.939838429624,107.25875596074296,106.00524361421175,106.3327581002486,106.46750224122016,106.30172627372163,106.1451299757241,106.51970832849763,105.88862853346976,106.39647995231664,106.2747405196318,106.26737637043064,106.26208047154527,105.79813886900502,112.78381046396841,4052
2018,off,1610612756,105.00365791002098,106.9575143847862,106.64953475404972,105.38884022987067,104.7364276827505,104.89163832427202,105.42374009006066,105.07509119624271,104.71346993218887,106.12100048170346,105.63045514467676,105.0065604336706,104.98341409137879,105.01062672723823,105.00534164535638,104.36670687575392,102.76757286309086,4083
2018,off,1610612757,106.93198832715228,106.92114418689974,106.97776157863254,107.05038612880742,106.76694820887502,106.88020885466477,106.89568980426368,106.81363253022433,106.97413253931585,106.44860238335583,107.74428526064305,106.7722236656856,106.93011168173116,106.95344423124597,106.94559195005084,106.5561416729465,111.70374115267947,3956
2018,off,1610612758,102.69038342609771,102.83467886701986,103.18919264198396,102.83807349433962,102.73099398995302,102.5586507232816,102.32634737571883,102.9203636011853,102.9903345973489,101.9670966887274,102.77828380591201,103.10041534384378,102.74364559775455,102.75857858180346,102.71944137665699,102.2704081632653,104.62442514052121,3914
2018,off,1610612759,107.76607110312277,107.46344522637774,107.40897751878273,107.83611562085433,107.60395373420482,107.76104528071441,107.73557005852979,107.70011802883175,107.80716691549091,107.70073965042938,107.8140416876733,107.54330979518141,107.80466239262269,107.80726442685761,107.77496692465505,107.24040195825818,108.1725888324873,3940
2018,off,1610612760,109.42221881762644,109.75062093472367,109.82636516050816,109.5267543091612,108.8246701635672,109.34925314569288,109.43993632028959,109.71270714880015,109.40433116838783,109.56946742889332,109.63630935562443,109.69040011740891,109.40619407283516,109.41489276453204,109.42262249846473,108.83991894630192,112.41038318912237,4045
2018,off,1610612761,114.05473033278082,113.22550622448158,113.0395855984648,113.7190973617281,113.94354967644085,114.2231916430662,114.11609604337549,113.87345632135296,113.98206115612706,114.54597221809112,113.843402434438,113.45714571523548,114.0388714468831,114.03140928930429,114.05615653932865,113.63636363636364,113.81035776832624,3997
2018,off,1610612762,106.37142887229761,106.96083381904549,107.17538070979964,106.48816917016809,106.73151002736452,106.28558223259918,106.24127566008865,106.15327222025171,106.49677857254517,106.11626332631619,106.1325656572029,107.2852336859549,106.39250892450171,106.36071681163384,106.36589414414301,105.79673135852912,110.83942525838165,3967
2018,off,1610612763,105.14643497325216,107.20513984800233,107.08943719536343,105.26983027358132,105.25798289738917,105.08275090863636,105.40133444402045,105.04216031889145,104.99909257137772,105.72615461959423,105.72354812428537,105.9444941576896,105.09606808785537,105.11503105612805,105.14709846687593,104.77054705729842,103.45349130325182,3967
2018,off,1610612764,109.01442390844846,108.36945159948318,108.11147891658692,108.90214679289355,109.02472629708997,109.04617421138208,109.14283335809347,109.06333961982881,108.91296750845535,108.68060431124267,108.79000090007018,108.82378215744143,109.06896306685314,109.0543144428942,109.02035139208911,108.4804774931609,109.3632958801498,4005
2018,off,1610612765,107.5248816318213,107.09504870329476,107.4141659313782,107.50414305541042,107.3989436444771,107.40775799572648,107.2761866886831,107.58087457882239,107.73345748806179,106.63234245506239,107.81871841248322,107.89420919002701,107.54745732718274,107.54433088605089,107.52761560861765,106.59172202350537,107.65777001746072,4009
2018,off,1610612766,106.48792324714839,107.69829799498504,107.22158885730626,106.11328906139958,106.36030005974894,106.38075131180729,107.03415162867611,106.73347884885337,106.09508609998164,106.87169857190774,107.08914910042243,106.89641103627619,106.48787930859915,106.51076336408998,106.49664121464669,106.21133382826034,113.05206020231927,4053
2018,def,1610612737,111.35205462216086,109.46719163757221,109.50858624327107,112.05959513082797,110.40411060997778,111.47353422242628,111.25793138580842,111.54279565085612,111.4175868016016,110.58928023346859,111.2122447125565,110.39698428892044,111.34807473439396,111.3055531140005,111.34259828075102,110.83916083916084,110.85290482076638,4045
2018,def,1610612738,103.16769617718887,106.52505848121088,106.7628116323966,103.21680119520549,103.34655527015941,102.90134018662474,103.17193311310078,103.30592276105024,103.14732160599068,104.63487209094289,103.66883809275667,104.4413344364685,103.16233418459866,103.19536041338549,103.17878384480903,102.441505595117,105.38577154308618,3992
2018,def,1610612739,112.04310508352911,110.7843271767109,111.13061358306246,111.912088465137,111.88860297430378,112.08238776963582,111.7437125597221,112.46130180652412,112.24552050999465,111.33755414595551,111.72803700457493,111.80840547556537,112.03346273356573,111.9705985372978,112.0307846158255,111.2191473448018,111.894814450725,4069
2018,def,1610612740,110.4553010154739,109.1266256099374,109.1807353272506,110.32476086223747,110.29953911754981,110.49233246340552,110.32314840923881,110.16141488229103,110.58072153545478,110.00377832252255,110.32152368129485,110.22037546280824,110.48414251821747,110.46963831794902,110.4519282272771,109.88878143133462,105.84507042253522,4260
2018,def,1610612741,110.59112963293336,109.95948708974636,110.18444609883069,110.13707668269778,111.30650138025705,110.65706575657083,110.37471965597716,110.2170685894136,110.74543572479308,110.09360856747897,110.3539569204822,110.88577394424347,110.57043329379957,110.53678842508356,110.58247635635858,109.7844934357196,112.13759213759214,4070
2018,def,1610612742,109.17721518987342,108.20248994643515,107.7128707438042,109.1791274612451,109.81261039253695,109.29229319089171,109.37276289088395,108.89217950228768,109.056126884373,108.82486909671516,108.58965616544354,108.43184298341521,109.30033123074597,109.23771325123987,109.17206607913968,108.35443037974683,109.82615268329555,3969
2018,def,1610612743,109.21891729497102,107.99673382711521,108.09506474241208,109.35069870539337,109.5096379580081,109.2825797970325,108.93768509944866,109.42541034413027,109.41197639728264,108.52710596458726,108.59667613438688,108.58988244705256,109.28765482283445,109.26594767333435,109.21852395365283,108.5849762914899,112.96572280178837,4026
2018,def,1610612744,105.1503233360321,107.52242968457371,107.68467718043314,105.13528547021623,104.86934580188162,104.92566309798292,105.1785424723417,105.42263370862065,105.13407335621552,105.22944962793366,105.40169015334735,107.4023518453962,105.15042394280206,105.17749417890802,105.16533471703445,104.79171683120636,109.79330708661418,4064
2018,def,1610612745,107.78906790178237,108.664408058227,108.74265370457951,107.90084140414251,108.41464582398443,107.82835762092373,107.78262804830214,108.1289232269824,107.79880479291923,107.12146218438629,107.59932774074832,108.51073217668763,107.73045147562992,107.72853517054006,107.7890198497649,107.3846908734053,105.19083969465649,3930
2018,def,1610612746,109.26257623523668,109.09630957547486,108.77107070800002,109.36755117844896,108.86886808097078,109.28856115059689,109.49187979332312,109.17326642783739,109.10282121179844,109.65249492619145,109.3190767196487,108.8615180132271,109.30524648774536,109.29063466242971,109.26142755022899,108.70751674522451,111.37753853682408,4087
2018,def,1610612747,107.9486271498792,109.2855075781391,109.3951513388715,108.1002627023092,107.75155559457639,107.95608266734261,107.94705146378693,107.75780813142697,107.94408614522166,109.07832142325346,108.07192217476917,108.38381583254154,107.87813413828631,107.8975011324981,107.94938207311199,107.40389178927384,108.64167478091528,4108
2018,def,1610612748,107.50826254041806,107.42040305614668,107.1166563264776,107.47349063460344,107.76596027656404,107.53046082812851,107.73670039266024,107.06825347729884,107.37620059842872,106.93076779812047,107.96116928993162,107.58857379956353,107.49251998426914,107.55055973980222,107.54486409660046,106.79438058748404,105.73343261355176,4029
2018,def,1610612749,111.22417766019431,110.64207081973387,110.06280034088965,111.60262362648928,110.84973298524534,111.4180538815957,111.7443768595766,111.19372467601279,110.86867109740113,109.8070622024322,111.118612922025,111.96820000435906,111.14719291680038,111.16689604472418,111.23731962291306,110.51697921946274,109.21968190854871,4024
2018,def,1610612750,109.37544278235498,108.8299311846698,108.97942392477866,109.98754131159592,109.11108557220088,109.51973936718673,109.17399013908636,109.13935866322434,109.51947104242471,109.45301587824376,108.91680019838869,109.11086645612383,109.33726046463622,109.32523341643113,109.37473146570767,108.80423814328961,112.77665995975855,3976
2018,def,1610612751,108.95371342008666,108.24754016470273,108.03276945133021,108.4937869718436,109.09399022430947,108.9223140259945,108.98605985518824,108.92673770478281,108.93371210276543,109.65206677905901,109.25123155015638,107.4023145745198,109.02016852638013,109.04249793352932,108.9713620135055,108.13559322033899,112.88494703128849,4059
2018,def,1610612752,108.01085341142064,108.66547332882591,108.74460507529652,107.91225784550264,108.04113951737196,107.88500184897096,108.13124858908546,107.76637105208515,107.93779394338077,108.15016565882723,108.6308624625502,108.37066601601084,108.01016675483666,107.95793129798773,107.98775633554786,107.59557344064386,113.33828260331602,4041
2018,def,1610612753,111.80623105854302,109.50249819758955,109.3977247675036,111.78484515971337,111.31321381293131,111.91284031935787,111.7418316968823,111.40865836174032,111.84802568517182,110.11171965827658,111.61049843967231,112.15028695899323,111.80317716709318,111.86210281321232,111.84254720054108,111.07850330154072,108.95372233400403,3976
2018,def,1610612754,110.26330463212818,109.37667110288363,109.6940310138423,110.53328030220898,109.93550929630953,110.304867177994,109.9704812784767,110.62920421828024,110.42787579473195,109.75146424751553,110.1598024135041,109.83310396370722,110.24507634231453,110.21983098111073,110.25695086160998,109.47736934233558,105.9796437659033,3930
2018,def,1610612755,105.522136403836,108.06636366663153,107.64892706737429,105.49636971419316,105.5726989850582,105.36717222950833,105.94127643727678,105.7876130621501,105.22311626896938,107.1632369310319,105.58119292088739,105.96108303546852,105.61041548293805,105.58176632736644,105.52304436640706,104.95356037151703,104.00984009840099,4065
2018,def,1610612756,111.1902048887822,110.66323304487939,110.27401191501198,110.88593863717578,110.95905929807607,111.31196410180566,111.48460181824548,111.1671392870515,111.02463861623075,111.11064262033604,111.34029621902829,110.92484632014522,111.1489560805744,111.19661447355135,111.20403472417134,110.6046065259117,114.56548347613219,4085
2018,def,1610612757,106.06876359571051,106.88752222833867,106.82260715296171,105.79752622796971,106.27876021097087,105.957915774438,106.17948196457584,106.46830195334402,106.01241334015853,106.1867449767276,107.14061569612501,105.35316708745295,106.06437178165761,106.10502132904044,106.10006318712973,105.4257724189902,107.59301442672741,3951
2018,def,1610612758,112.65221808032625,109.73931232278618,109.47532324856141,112.96549572976639,112.44379217052571,112.85495380898817,112.74792416500685,112.86934567679121,112.60948351606633,110.56624114569874,112.45552912473427,111.48291587183556,112.68565306716042,112.61005040820008,112.620798236389,111.76319835981548,110.46839006910673,3907
2018,def,1610612759,104.75383622771702,106.54156823112282,106.92651822665712,104.7824122809472,104.98847884926964,104.58236244034468,104.51416896133294,105.34065167332422,104.91690205224748,105.5367991022732,105.22215765789883,104.65060305651258,104.74321167157991,104.7817746564446,104.76615412794948,103.81050463439753,105.32319391634981,3945
2018,def,1610612760,105.95730040711787,107.59385080985976,107.65608749965745,106.67730277679819,105.83285755097216,105.9268803041124,106.03416728563693,106.08165486901017,105.91062412617535,106.31628452928084,105.96436673088411,106.61183292834609,105.94293805508458,105.87261802897072,105.94301950949166,105.25916561314791,108.85481078407123,4043
2018,def,1610612761,106.14017826111919,107.55662950200393,107.29124075865418,106.44334306045714,105.84069226642329,106.16497675123227,106.41224204644233,105.95945959869036,105.9691962515327,106.89165738115285,106.75318362014025,106.27393162043106,106.08721458762065,106.1381818345959,106.15596626350514,105.71499257793171,106.10305152576288,3998
2018,def,1610612762,106.81634061824374,106.89989669598634,106.7073100258583,107.29589818086454,107.23553218946611,106.86345199040878,106.94400794023862,106.72087326425853,106.74757572382224,105.78177957875864,106.6816115139657,107.14825530123545,106.82003869020168,106.8273414245813,106.81985717672377,106.23885918003565,101.15898211136306,3969
2018,def,1610612763,109.3313385103097,109.61054991930258,109.06995701931848,109.67804699533583,108.96110707113105,109.34730117221136,109.8878871030132,109.27501074470052,108.90547312181963,108.24927759301076,109.47470607882227,110.5143299667944,109.32588715746901,109.30694589667131,109.32130739980698,108.76462938881664,113.07206068268015,3955
2018,def,1610612764,106.47229629629629,109.12423518543022,109.0262377272475,106.72435205122396,106.48334282621572,106.42653174049109,106.64373837342448,106.6281586751119,106.32303392897313,108.58340739121864,106.23493600722226,106.87841502285012,106.46294187973199,106.45277705868746,106.4740254357751,106.03726708074534,110.7330497873405,3997
2018,def,1610612765,106.44327399349358,106.08519190013334,106.21507780296093,106.94940839265456,106.68784400672254,106.5055454329648,106.19559640547075,106.24326759507026,106.65110653063883,105.61005312327929,106.15969801662511,106.581926339851,106.47668711570006,106.46624688134119,106.44112600164146,105.99078341013825,108.7260034904014,4011
2018,def,1610612766,107.47946600029064,107.3573532654763,107.62961294265602,107.30354758884572,108.08155341482573,107.41867822007933,107.19537264499965,106.75208844519274,107.67988381890018,108.33237335141814,107.50822784299261,106.86022593521184,107.53695563989095,107.50325179339016,107.47658936874319,107.36241943480417,111.79233621755253,4045
2019,off,1610612737,103.63731267481951,106.85273058040846,107.11795278960273,104.78875750045887,103.51009950630215,103.48614581325425,103.6440647472224,103.79683889968848,103.62690196322572,104.69667502719439,103.91368352523783,104.5863695587021,103.57426812693777,103.5745747689352,103.63852963912524,103.45868152274838,112.51453826471273,4299
2019,off,1610612738,111.9442253614594,110.56791347042031,110.80440911765788,111.70667313426944,112.04322920448105,111.93461350372645,111.6375843744127,111.7712063582392,112.22636744614066,111.32420809485441,111.71672256230043,111.68350149309829,112.01525253271213,111.95266055400978,111.93966412466301,111.56561967372778,112.5243664717349,4104
2019,off,1610612739,106.41351063106619,106.84219086457212,107.15013554168749,106.53266139263091,106.21121806796945,106.24361902169773,106.2059692180676,106.29460460396497,106.60945027834826,106.34336285751435,107.11564143784109,106.52657833862321,106.42885258965634,106.454040940287,106.42708796203121,106.25317742755465,109.10221337975628,4021
2019,off,1610612740,114.18705383365226,113.51074632696827,113.17086748393643,114.31405679377195,113.81770013227586,114.38050741287535,114.36521338262814,114.17596634191362,114.04639600568456,114.10050271726773,114.01392132315051,113.82332684855842,114.15194045372269,114.19746826764333,114.18687590614108,114.02002861230329,108.67749419953596,4310
2019,off,1610612741,101.3884637818421,103.39797848997704,103.81271498533985,101.81773225979381,101.91925484021198,101.27955898132356,101.07550973598842,101.32126606857825,101.63331977808176,101.742239735509,101.6980038918178,101.9968154142506,101.37899214019414,101.41475847923634,101.39432734426346,101.18226600985221,108.95377128953771,4110
2019,off,1610612742,108.36070082119869,109.94178071535475,109.39741770605934,109.00753297685102,108.25561628577911,108.38286683412635,108.89991795407444,108.46520713584562,108.01890129216982,108.78859735272238,108.22344520407746,108.80230685352605,108.36403962172344,108.33263511201368,108.36107319786203,108.3855421686747,110.25641025641026,4017
2019,off,1610612743,112.48134082230992,112.11338649766465,112.24973953087364,112.5859776198417,111.81987843267343,112.49745548512493,112.32981367219367,112.59843253443779,112.59660164528573,112.71568470154322,112.50683922533572,112.31576897135348,112.47358143603815,112.48750611565725,112.48155371871931,112.38474956391727,113.06183262974919,4027
2019,off,1610612744,115.21892205621968,112.45788626223319,112.31174764508692,115.36360364842378,115.26664947302092,115.42547546162756,115.05556099430734,114.91190627523947,115.334296172815,113.99524060481302,114.80413523112865,113.95662108999274,115.28970487087544,115.24667593142097,115.21848087604967,114.64174454828661,116.9761273209549,4147
2019,off,1610612745,114.32614760650296,114.57710794006454,114.49425656817836,114.60990955507256,114.1601207049203,114.24946420844667,114.56650972371735,114.31693936848774,114.10068431787307,114.348833315672,114.14193990157722,114.77296748228696,114.34334189523108,114.21314696175757,114.33192018390841,114.321482223335,116.80610236220473,4064
2019,off,1610612746,112.80040083387286,111.90565909278854,111.1433143146905,112.92882347766296,112.79161584891402,112.99150657339564,113.34935431947231,112.5907248419102,112.35784125763539,111.72485880784122,113.0850807289214,112.46446051756139,112.78631493678745,112.83475174040532,112.81922639848288,112.69916765755053,111.81645268663813,4206
2019,off,1610612747,107.98371565910932,109.65115382060665,109.72908134630089,108.34605495989283,108.06672086622294,108.00848112250146,107.99433580302868,108.40879338985559,107.98099081893982,108.61229248886276,107.69854357372618,108.51243568879016,107.90231637214775,107.94554099561705,107.98209588175823,108.13543381142723,108.20061801758973,4207
2019,off,1610612748,108.43900852254245,109.3555952024016,109.55837296198912,108.69318568045183,107.97462824620403,108.14135068836823,108.52072853991089,108.84051450136911,108.40173979768242,108.28154617025498,108.69345700751423,109.31195866635115,108.45189897127996,108.43562358477735,108.43633714852096,108.10877626699629,106.86737994526001,4019
2019,off,1610612749,114.02677586772548,114.62353173720369,114.82444833656447,114.11654601795695,114.17965006511854,114.14069340451472,113.88218589054661,114.04673737271155,114.07327749871182,114.43619322092839,113.33140005525702,114.79994353839766,113.947995079322,113.90510950371659,114.03843399926863,113.90995260663507,114.28571428571429,4242
2019,off,1610612750,110.8099473972981,110.65308644056167,110.42598751774047,110.48230569091031,110.59712739094397,110.80316653863099,110.97494053670407,110.67049676844,110.72100346348094,110.7482671869706,110.81661954233496,111.24933397396967,110.83495448572272,110.84993471186725,110.81663181591068,110.45641149480802,112.17917675544794,4130
2019,off,1610612751,111.00712124782936,111.39226765486978,111.21929031998721,111.29874457313115,110.80255826781818,110.96763520760288,111.26031118273292,111.1350697985088,110.83026006834952,110.59699406763687,111.19725502171507,111.40280961690901,110.99670398762896,110.97689381495908,111.00375335544905,110.8530921535077,108.34498834498835,4290
2019,off,1610612752,106.03332701135714,107.49511236827885,107.62797756507027,105.94680418881921,105.85427219965752,105.80085769781824,106.11024399896385,105.98080320345227,106.01307557294723,106.5443916560627,106.84270178240742,106.65035370723825,106.03101526560813,106.0522495308871,106.03919220055684,106.21072982116965,103.13890261987147,4046
2019,off,1610612753,105.19705908043449,105.72062597861911,106.13739550231126,105.26280382005082,105.49479636070745,105.03981117133803,104.82653321625374,105.20015289634654,105.47194010479996,105.35855193825827,105.11378298596338,105.41549033297842,105.28112600171649,105.23348638885786,105.19732406170748,104.8246704799801,112.92231812577066,4055
2019,off,1610612754,110.15855747393766,109.61723315681003,109.61665330121416,110.40105166487223,110.08500571766015,110.30056225499433,110.00569783182716,110.30794479520513,110.26866678258752,109.65207444909284,110.06423462746884,109.78920116895833,110.13463788705737,110.18968658406192,110.165676943259,109.7888198757764,110.24171442810865,4013
2019,off,1610612755,111.05518473747483,111.29504233696306,110.59481416546824,111.39458867326854,111.11010931411435,111.18552950349088,111.59024230154591,111.0707632466897,110.69394429011355,111.10580723768099,110.45350237652805,111.1003436910663,111.08162553836522,111.06551449012329,111.05520849708361,110.93565873202922,113.621103117506,4170
2019,off,1610612756,105.37064968686434,106.47504976346131,106.70753258667735,105.96949051562248,105.66616227282678,105.38703248106431,105.1061208178328,105.2202193509275,105.55905970567137,106.01495871316797,105.32004838006243,105.17792940102602,105.37393743181855,105.38488831624716,105.36978879961987,105.16409266409266,106.80565540378625,4173
2019,off,1610612757,110.8217903965423,110.89206098300718,110.91109219202355,111.00495757065269,110.51287566843689,110.7989671146555,110.84622317170323,110.58624246609304,110.8278812337873,110.87339111846391,111.39442541611997,110.64289602743264,110.80263402338565,110.81991202418169,110.82349871599995,110.46511627906976,118.18403710031731,4097
2019,off,1610612758,110.19144903319182,109.18896374936203,109.258407428557,109.97594589718912,110.39007581271822,110.18430570680609,110.08561731664678,110.5026450645867,110.29233215741853,108.67624506787635,110.03000687779173,110.53797737386398,110.20081589872942,110.22079770099508,110.20031703422462,110.03734827264239,110.63218390804597,4176
2019,off,1610612759,113.6479976289735,110.5066550943425,110.13765145898529,113.12559786637428,113.9124812894704,113.8491557056014,113.59789946711187,113.32295193126907,113.68861509594107,111.91617549711336,113.2590595168392,112.79526886866411,113.76152500887721,113.73397887117747,113.67623748045499,113.1442663378545,112.51231527093596,4060
2019,off,1610612760,108.75268116246791,110.45966111715778,110.55123434547853,108.81619443164183,108.37130729424662,108.66854386728802,108.81621635445985,109.07530460946532,108.71501549901694,110.01569282179466,108.84942989504376,109.23154436701843,108.68740769787969,108.74228822065359,108.74868900972332,108.63935969868173,112.09772140004698,4257
2019,off,1610612761,113.09277244651666,112.26444473133901,112.27042337792473,113.0429776615077,113.11062602652274,113.24983980059697,112.91539823919292,112.90087543132226,113.19969201333119,113.73817601745908,112.82627076261156,112.00943667865798,113.1063574869252,113.09276447987583,113.09433039888404,113.05304326570521,113.63200766650695,4174
2019,off,1610612762,108.37330786457008,110.03706131721178,109.65618277593707,108.85105592819065,108.44477854155464,108.40992362383824,108.79266642022563,108.62680681140363,108.13522051309303,108.82446446566145,108.16977456760104,108.84326792938619,108.32989573934992,108.33114714128305,108.3744872311097,108.32925036746693,114.08281174771305,4154
2019,off,1610612763,104.87416716534293,106.22352424035068,106.17655022851845,104.98440246779151,105.45370622040238,104.79136146901278,104.95982987914829,104.9123809015714,104.82630091048367,105.47050390510044,104.88783722757533,104.88191779131775,104.89388679816751,104.90039018054168,104.8746745380292,104.78844692171269,107.74001488464401,4031
2019,off,1610612764,109.34769466495806,110.46385274051295,110.31313156588274,109.2112156892398,109.66905006958854,109.37711961123617,109.50992797649506,109.35765466884615,109.26259265855172,110.55572605782041,109.08321768299386,109.2589762359599,109.31988821786368,109.33018255755736,109.34914947381972,109.21767903568896,112.89090475053712,4189
2019,off,1610612765,106.19652554311143,108.05289571235745,108.25196009626457,106.57537067649416,105.90593704778624,105.94842041717577,106.21847970054932,106.39612466950665,106.16157473798677,107.3940274469186,106.35421935151298,106.64369524478884,106.22505301484695,106.19702990087332,106.19678531015798,106.511175898931,111.63617886178862,3936
2019,off,1610612766,111.39948377195277,111.08103990486153,111.12329397986665,110.95850994811175,111.49967985530319,111.38768646810315,111.38210950325792,111.24715485423413,111.38426446553268,111.25168113491839,112.04840423188833,111.13097087546824,111.39197334103879,111.39500149167881,111.39963818199516,111.13526570048309,111.58551810237203,4005
2019,def,1610612737,111.67588028560866,111.10740026225191,110.60655940190392,112.1454674262516,111.39195113679382,111.831233951761,112.09587093247708,112.2198423795057,111.41680277117713,110.76249365235881,111.79597812809529,110.93992891664503,111.65718418535123,111.63631004004792,111.67282336110836,111.45905822315008,116.31652661064426,4284
2019,def,1610612738,105.20056199359237,107.87135255205749,107.79143570685743,105.7185443504185,105.34413347727768,105.06178011200173,105.33168576009533,105.49532196652666,105.10245049413598,106.90591988082153,105.23840257980034,105.17891383520269,105.27529389870425,105.22227847129415,105.20273717352731,105.1094890510949,110.10223953261928,4108
2019,def,1610612739,117.59972798571181,114.71773434811105,114.82258020666943,117.2233399394994,117.31865860458721,117.85474042184535,117.33754386982605,117.69932373726186,117.73271724432296,116.65147028323368,117.00866083284446,116.77314202954338,117.54477066241817,117.56316089024527,117.5988336910545,117.25190839694656,118.08457711442786,4020
2019,def,1610612740,112.34997912047388,111.96060909081676,111.8298078153771,112.20958030417849,112.24745756280134,112.38898430969907,112.47563906466618,112.65328940423954,112.27517126354884,111.82195268663793,112.31914385605617,112.40363487567765,112.33910079694917,112.32888199248364,112.34832749463399,111.90759704691594,113.2899628252788,4304
2019,def,1610612741,111.20940570342505,110.92378403098985,111.12280126713367,111.29592123233223,110.95781683931615,111.2288274845333,111.05517484533961,110.77391714175472,111.3312474095566,111.57580154954834,111.20037187524967,111.24768726799678,111.18481001105405,111.17112449039809,111.20941995271511,110.8754623921085,116.14000972289742,4114
2019,def,1610612742,108.17315680806784,109.53566267253827,109.67610988484634,108.23931037103216,108.46157873826022,108.12114777484408,107.99996987850601,108.21739694080435,108.2961882120471,109.25462509760567,107.62959852531831,108.61207673530825,108.2131191547001,108.22498246191387,108.17092670085788,108.36759371221282,113.49127182044887,4010
2019,def,1610612743,108.29928278688523,111.08112511717748,111.27665141327073,108.28100494555096,108.63771432408228,108.2077368131483,108.32406070430828,108.79572111424791,108.27564813028084,110.05379053557294,108.31643207032832,108.70496243465224,108.23672121239449,108.2336770378849,108.30182067581454,107.8,110.30106991789002,4019
2019,def,1610612744,109.64717888905092,111.06034788456097,110.9357704982752,109.41260684811876,109.71100994509074,109.56530597122895,109.74602040195006,109.87915723789006,109.60267756597887,110.56178399561767,109.13991471969382,110.5146951644735,109.73280103398199,109.68277608379394,109.64655229555508,109.5933014354067,108.96169597687305,4151
2019,def,1610612745,112.33199220617585,112.842759689363,112.40687628021567,112.5047281188702,111.59196173380427,112.51152482893826,112.57205740688471,112.35905414105117,112.1884082817867,113.80420799566309,111.55687119830355,112.3982152044257,112.31761676791055,112.36993714855274,112.31661551710154,112.3496993987976,109.30576070901034,4062
2019,def,1610612746,111.45918891569208,112.13684709936433,111.90667725170276,110.95783095452077,111.21678775019582,111.47818581479329,111.6319732899089,111.25464306271103,111.33264960473954,111.97822538098498,111.48724214389932,112.43998031079089,111.42634769258088,111.51544127526913,111.4729415143792,111.35931558935361,110.91124260355029,4225
2019,def,1610612747,106.96353673091872,108.43663895281219,108.85481518795238,106.98738211329425,106.95480972918305,106.82467421790936,106.74649114907375,106.48475184242855,107.1395539593482,107.69757347812343,107.54896665739194,107.82801634277584,106.90785775951016,106.95219606531808,106.97319001954551,106.82617874736101,112.2865275142315,4216
2019,def,1610612748,107.3991926072822,108.34550902010041,108.2849284565449,107.52756003776302,107.28413742365363,107.23227831129338,107.58889805945411,107.3817412328442,107.28071849249899,107.31449548996852,108.22964638014611,107.66170363277834,107.4149454269457,107.4171123828231,107.39943887011256,106.85911670367629,108.76404494382022,4005
2019,def,1610612749,105.32609036056539,106.01928936307077,106.3078147392958,105.17054524222833,106.08000459977977,105.07767115891166,105.18243030996244,105.74511958096893,105.44787727191317,104.3824569648669,106.20802318165309,105.22593612388359,105.40231058648145,105.37172082744026,105.29300173756177,105.07109004739337,105.88789448893075,4246
2019,def,1610612750,110.20290479349984,109.67198531025107,109.80271255896584,110.64753339442811,109.63598585732787,110.1645971588883,110.12581266214458,110.34980162159985,110.29535705900149,108.66789076816484,110.11913607296567,111.305563148605,110.20307642245106,110.18524056163716,110.19655047960397,109.82617093191695,115.78692493946731,4130
2019,def,1610612751,111.30234124558756,110.31611337612226,110.00027082312336,111.11825427705149,111.14029145295804,111.42944575022256,111.37504447668253,111.34357596158158,111.27368310237784,111.36308242711077,111.41021911909317,110.16203052769602,111.31096393314844,111.38505228205948,111.3125701095713,111.13553113553114,108.10621942697415,4293
2019,def,1610612752,115.01332784112735,113.82496961203272,113.78883529061251,114.99183284582779,114.72137229858954,115.18600021000263,115.00966300583131,115.22849717424133,114.96009268653341,114.35299359271724,114.7166721583149,114.89544966463029,114.95450954329702,114.94242539666371,115.01332879902688,114.54457598453733,112.83251231527093,4060
2019,def,1610612753,109.32161688846986,108.80877247750423,108.74434846706112,109.26942153589606,109.59554683436124,109.34765959358229,109.25612774868674,109.17513869840114,109.37782732789373,108.23705472989126,109.3807050948129,109.6405955739305,109.34653863400308,109.39194909873716,109.34239658818527,109.0818611594924,107.09709216362741,4058
2019,def,1610612754,105.30313815113192,106.87274172542273,107.25287380757273,106.1034436945346,105.25160281629813,105.13131069048012,105.13865420415773,105.14044842156734,105.44311835009543,104.72749829141847,105.48269446012813,106.91627542715798,105.30208254210781,105.26656042363442,105.29151308668693,104.92905153099328,108.78681977034448,4006
2019,def,1610612755,108.42666070230372,109.84877080485761,109.70873262737734,108.1194118522793,108.7540199977593,108.368925928162,108.54955723703576,108.22566215081575,108.32896842249168,109.42354112437651,108.64448808967778,108.77225238512015,108.43598841204837,108.4799702140022,108.43202888250279,108.25882352941177,110.65102920057444,4178
2019,def,1610612756,113.66055554177314,113.28970218355504,112.68979994143375,114.06236770365145,113.00348606487754,114.00187089543016,114.06993452123126,113.91347361308064,113.3872997294377,113.51461250712428,113.30378696602571,113.47232668535159,113.56829676714763,113.62467901121383,113.65580335163561,113.65606936416185,116.3157894736842,4180
2019,def,1610612757,109.84543117983094,109.85396715228937,110.07542269311233,109.39775603980091,110.15084975059074,109.70663316116477,109.7143589148806,110.23743284150812,109.92948632038875,108.94966388263914,110.24327397437436,110.23923065607082,109.846676779699,109.88654009084578,109.86440690514661,109.5457857663347,111.03515625,4096
2019,def,1610612758,111.30642237635641,111.64228568624333,111.48897675210836,111.87359449999643,110.88364001805729,111.417952497922,111.40543487653504,111.44660369669624,111.23416804442316,111.8741469690784,110.74513861462744,111.27289925131254,111.28855916184395,111.26703341404847,111.31117149112873,111.20950827312981,111.61228406909788,4168
2019,def,1610612759,109.96882104226518,109.27885220510237,109.35929707191806,109.78270914220505,110.19784364106187,109.96863678977165,109.75904730925073,110.09605468466418,110.13987257715966,110.03660403809225,109.94847800598164,108.96987736058576,110.03629868208819,110.02018733858348,109.96927468650863,109.84455958549223,112.29709788489916,4066
2019,def,1610612760,103.44305007765388,106.38149465296279,106.48463538276808,104.37590879805607,103.59910096239948,103.33362784390042,103.50195754615243,103.67575762745594,103.40990885217616,104.4608121757633,103.8113584824174,103.78879429368037,103.4017851570306,103.43023828435273,103.44399245870746,103.70195708559302,110.79745942131264,4251
2019,def,1610612761,107.7117443458491,108.29786808032298,108.48558834874706,107.94000924638424,107.3932956817846,107.58809676086108,107.57088957380434,107.66647184076037,107.82788308527896,108.62697248282247,108.1290661063645,107.17408793788393,107.72712920651567,107.75661718908378,107.71491440845409,108.03921568627452,106.83781190019194,4168
2019,def,1610612762,106.14870622057931,106.7656358939594,106.63602897702474,106.43820788445419,106.86439964340876,106.11675402886058,106.14918244036701,106.57669443165852,106.14522154649332,105.42488571013635,106.24249298289935,105.83938977596219,106.19078254007356,106.24685733384757,106.17649090925326,105.9053196681308,105.63041385948027,4156
2019,def,1610612763,106.66771044404106,107.96059440886182,107.68236362329992,107.49691707761292,106.55888934759325,106.63116210372314,107.04511809611911,106.48308261429291,106.41245504607522,106.02926643273716,107.23677710411226,107.46767637865153,106.6535006073259,106.61774836712075,106.65571310473831,106.32751202227284,111.32589838909541,4035
2019,def,1610612764,112.97921943221681,111.43549971757264,111.22120560151949,113.72958962201636,112.01161129827557,113.17522889576841,113.08638836608057,112.76994841821531,112.90863093759546,111.62608632332909,112.6713762741738,113.38184115860129,112.94661074292816,112.93530763047642,112.97751404501705,113.13489251122135,114.50727749940349,4191
2019,def,1610612765,109.32029077910985,110.47122303026339,109.88627920271016,109.42463045936915,109.969759119443,109.47352831513139,109.593434166314,109.01272730090305,109.10452108752125,111.55214224323481,108.56026176395342,108.18121359724528,109.38046752559,109.39733998709919,109.28605873849706,109.36284046692607,109.38453713123093,3932
2019,def,1610612766,111.45340274339863,111.37336478260778,111.6453558206397,111.52258711251338,111.46572255128936,111.4734282819305,111.24776035734438,111.32535641380156,111.58997610078411,112.00860283233864,111.28821649529209,111.16632509598757,111.42546847568315,111.39639591418495,111.45793950467818,111.22399612965651,114.05702851425713,3998
2020,off,1610612737,103.61249649870842,106.74775406790964,107.02327488912483,104.39219427529643,103.58859609133174,103.45031402653794,103.54566163535311,103.70894478438737,103.69568247397945,105.84975032321444,103.8084838244542,103.63505581620898,103.58609731353738,103.5992215981977,103.6132342052079,103.4659090909091,111.5082824760244,3441
2020,off,1610612738,111.727262438112,111.62589749176276,111.85615085052444,111.62013335653803,111.46694384974518,111.65558480645362,111.57849831893671,111.54568967101052,111.8363479408493,112.09029999286196,112.03255169633753,111.6302828466908,111.71932266508914,111.72467451766818,111.72736139111714,111.41897565071369,115.33809785596482,3638
2020,off,1610612739,105.49215377579081,107.1557282857397,107.55608805721067,106.28179853639958,105.08646277640605,105.27258865427268,105.27794642251223,105.59101885154101,105.70083033794762,106.57786372058092,105.93907566608834,105.32759688016776,105.5059042950477,105.51071756982545,105.49214541449977,105.35495716034272,109.49703217744455,3201
2020,off,1610612740,108.71219783392506,109.27097320794388,109.78947653593443,108.93127410200206,108.67912210264276,108.56898244707467,108.36682859968711,108.91260031427444,108.9274370198558,108.25857621965991,108.96549712993186,109.38375518171124,108.71591904018766,108.68297781909413,108.70659167610711,108.70265914585012,113.53781068217874,3782
2020,off,1610612741,104.27344420520878,107.22863400313119,107.66766908410654,104.68749559931145,104.37060391475947,104.01449901692337,104.2135188443956,104.31038628585016,104.39171635192989,104.5451746607196,105.15548733226514,105.83273911148191,104.22202859065627,104.21060945505363,104.27132209102511,104.33871932974267,108.74092773745662,3169
2020,off,1610612742,116.35288670851679,114.83922681399582,114.750810549076,115.83400587928027,116.23587034285933,116.36639687925384,116.3961686320669,116.33764950169443,116.29981594547209,116.07034564226817,115.86367313300315,116.22089630971354,116.41464160857306,116.32681091245931,116.35240893883784,116.19348054679286,117.12826028502286,3719
2020,off,1610612743,111.72610700596259,111.24667638397709,111.49449724936308,111.49076267467409,111.28558017165669,111.69631839842506,111.46006836798166,111.73591251880964,111.93289469389188,112.14578501849869,111.5723952282533,111.68944875823932,111.73160715227276,111.76381160859843,111.72728134296379,111.61183301078242,114.73891072431218,3562
2020,off,1610612744,104.62265661189679,106.80065728059272,106.72213775944873,104.71533053209467,104.54238335266113,104.46084371371556,104.76189006352574,104.30948303011196,104.5594830397718,106.03656559606009,105.08705691033823,105.20656128064114,104.6589398540848,104.67649629077134,104.626469559624,104.35697115384616,105.75030750307504,3252
2020,off,1610612745,115.00830012779483,115.11999998639634,115.01307218234072,114.97421935252613,114.90781368168044,114.94816990701095,115.27158617057829,114.98237232427603,114.75547450513041,115.41959287131226,114.99248568177357,115.03071631593535,114.99471589074359,114.91838875514972,115.01726084922309,114.78910838227442,111.48197596795728,3745
2020,off,1610612746,112.02830086489115,111.89419864526616,111.60594463507506,112.35510812647028,111.65636124996732,112.06565862665187,112.2579318686896,111.95012410563048,111.8177657039397,111.90869379226919,112.07020685616769,112.01757687863717,112.03135055147457,112.04589934051977,112.03033522500368,112.15887597946501,115.55920153130981,3657
2020,off,1610612747,112.69141041947627,112.95082193388296,112.97778210626957,112.94172058420223,112.44752629023712,112.80065169869587,112.6400441548579,112.92076556364366,112.67678684923725,112.9551216744212,111.92499696675196,113.26005613054934,112.6104039895841,112.68453503562999,112.68800483413054,112.51040221914009,112.27183375456333,3561
2020,off,1610612748,111.41517444423158,111.18397135081251,110.44517226462071,112.06098740867519,111.40032091078321,111.60767078614074,111.93661666681248,111.43606681259304,111.07422757494768,110.35263586372781,111.00132987201359,111.62011222585019,111.44201305249582,111.4199254027956,111.4132397641677,111.16504854368932,114.28169014084507,3550
2020,off,1610612749,114.96299722479188,114.05037931572075,113.97637294762428,114.90360203155787,115.11768284355996,115.03203746478181,115.01567799481633,115.2387124804538,114.89467696936723,114.87017390517862,114.2137166627178,114.51789206465858,114.95136466234005,114.9239515655019,114.96834126358324,114.5703933747412,110.5427974947808,3832
2020,off,1610612750,106.52151530676164,109.29247859447234,109.23147314132173,106.59788465869991,106.53479977042186,106.34742605748272,106.81330177238877,106.57930336193195,106.31060572980157,108.59729264789053,107.20866984385889,106.53044244130096,106.49901685617257,106.48602694492259,106.52659716510244,106.49273643640676,109.72388955582232,3332
2020,off,1610612751,106.35281306870672,109.56729724381978,109.84048183107662,106.67370306892768,106.2134925282163,106.15500620363258,106.43253669247771,106.504517998221,106.31334796624262,107.9132289999414,106.98426989583383,107.34994763988921,106.27582794615078,106.26344278820326,106.35523770790527,105.87919463087249,112.71628673441363,3641
2020,off,1610612752,104.63222755124812,107.08302021389252,107.28689126128718,104.71606572911894,104.27389356254902,104.24794898891429,104.78725044818276,105.17074773093827,104.54059421396664,105.23808745690354,105.43679482134348,105.71505444592482,104.6227490104207,104.65854376741711,104.64023415321009,104.34782608695652,108.69565217391305,3289
2020,off,1610612753,105.74936462321008,107.32727958015072,107.54200561708565,105.32191801714986,105.83205644689056,105.52438568042638,105.685333934757,105.7782742804434,105.80195141023941,106.94492839933085,106.11625173545978,106.25005720363926,105.78807215662636,105.78786195321612,105.75154432570645,105.49723756906077,111.81716833890746,3588
2020,off,1610612754,110.5747565675392,109.40037920078315,109.71483177179313,110.10408517107905,110.68200076444818,110.63339028207785,110.16498040295821,110.44198149270863,110.92176632291118,110.04339319356734,111.17855236586591,109.79347078439918,110.56320281901337,110.60792477043024,110.5877740734033,110.23407729994557,110.08943543879262,3578
2020,off,1610612755,110.13894410171237,109.90495862886527,109.75784060778477,110.48492184462143,109.87950019327718,110.22142702417639,110.15285501075655,110.28758441209922,110.17562881897983,110.09745660224752,109.89552681799292,109.77173205420223,110.15464084467814,110.17283680280457,110.14060786800039,109.95929443690638,113.51351351351352,3552
2020,off,1610612756,111.030423566262,111.18784578939967,111.10441821519008,110.92721684178898,111.18546920557398,111.05759693346566,111.11183013845988,110.83261377201431,110.9880104618175,111.60888835914484,111.2748264363634,110.46961262428661,111.0122005728125,111.02418397062688,111.03015692322828,110.89187056037885,113.24264297612437,3602
2020,off,1610612757,111.05115434865581,110.08990258986418,110.25914798864903,110.57268528802273,111.114313154187,111.02009953482688,110.86313399185704,110.78971398511393,111.22071601144543,110.87710571390893,111.89989791737668,110.0930845778873,111.0699459877523,111.0704360334641,111.05369098215705,110.89161772557395,116.76052561008314,3729
2020,off,1610612758,107.6197521836202,107.8460685409619,108.1890297921686,108.03362271085254,107.52449481468679,107.49538896893357,107.31492622339202,107.60200609912512,107.89610665597739,107.85312160535756,107.61377542020297,107.38436815459973,107.68156400299293,107.64426556546002,107.61942801262903,107.50352609308885,112.5205030071077,3658
2020,off,1610612759,111.56405709351402,109.62216855771217,109.58987601531996,111.06172083443974,111.86869058903142,111.64368605098592,111.36435712039672,111.45058203126422,111.6689349068941,110.93596678948651,111.6721258466183,110.31510024191356,111.62536731492342,111.62709357523237,111.5780651461778,111.46116241173276,113.20861678004535,3528
2020,off,1610612760,109.50524019513416,109.66864878583071,109.10970226551566,109.36270857582444,109.82807082117682,109.61654848947103,109.8594204120379,109.39772950998483,109.31450310938301,110.24261139668023,109.12377098414167,108.87203868174198,109.5549970254714,109.544370584448,109.50262159554839,109.3880972338642,111.86581646797893,3607
2020,off,1610612761,110.00321205860782,110.92632565466953,111.0378849840402,110.12513469814056,110.06655685063832,109.9593678660817,110.03023504353627,109.82734012311417,109.98977611452895,109.47217174716516,110.48918574888253,111.08536216061943,109.96483216440078,109.944009146716,109.99933577742655,109.74133186571271,113.24376199616123,3647
2020,off,1610612762,109.29498184039586,108.85099662042367,108.54304805561604,109.78567218634296,109.61127659643189,109.33815964987969,109.52760235875895,109.33492100787588,109.19010365543072,107.6098250356467,109.43378918525542,109.35762690480215,109.31209118935448,109.30954393811744,109.29554907081962,109.53984287317621,115.16255605381166,3568
2020,off,1610612763,109.1180536490831,108.75962296334191,109.02561635439875,109.40008308216629,109.199214452336,109.16790166035906,108.791647256897,109.05902536357203,109.38767610663827,108.95102654678051,109.48184185036911,108.25743766254917,109.11463831019908,109.12842262712265,109.1193730368122,108.90052356020942,109.78378378378379,3700
2020,off,1610612764,112.35232567991189,111.56618837031456,111.63250370864928,111.97517321455791,112.34693215576141,112.35485254383347,112.24230390916709,112.28387801813226,112.39962111107887,112.008038721954,112.23428986123137,112.4975401574608,112.36634330313598,112.3774650072486,112.35517747332106,112.21621621621621,109.69044414535666,3715
2020,off,1610612765,110.61502880222172,110.6715498320846,110.61827077476573,111.31841096849548,110.45012016828368,110.63372720304584,110.67791685491142,110.84471726037347,110.57551936152147,109.58298028736073,110.35736472840317,111.18350977230413,110.59987647370542,110.60135302027766,110.61452352834331,110.7011070110701,108.18040435458786,3215
2020,off,1610612766,106.82958138208097,108.78044604527324,109.20963858344224,107.17452197131324,106.72921724355434,106.54658750755443,106.7506674368378,107.04238196914923,106.87157800305333,106.72204061368373,107.39865647294843,108.2436338270774,106.80824138491431,106.78758149642933,106.82496532321524,106.66873449131513,106.09236816246315,3053
2020,def,1610612737,113.79580419094111,112.7838523000136,112.55643949144358,114.29329227561557,112.99316866138896,114.02508040509798,113.9619264339497,113.84024363006175,113.62501900583068,113.45171422995159,113.80879045864343,113.32041917362407,113.70331567122027,113.74256685565878,113.79556823023889,113.64411597498578,116.71511627906976,3440
2020,def,1610612738,105.43852765084867,108.25481482093754,108.38613327364328,105.90591873321976,105.33981793187073,105.21760134225448,105.45959929075467,106.06627696560741,105.45188687296833,106.64448339258708,105.60029218463625,105.99957058644655,105.48789922405356,105.46650369924785,105.4373701944979,105.17772180240694,108.99092658784713,3637
2020,def,1610612739,114.99939732681926,112.33726707357297,112.78645403357568,114.54016855162448,115.20080939991297,115.20802942386318,114.47232608249554,115.1125467411323,115.41112497075514,113.42146549570946,114.71160797919413,114.37814253754675,114.92068177146659,114.94080305538002,115.00171840790384,114.44308445532435,116.7189460476788,3188
2020,def,1610612740,112.57011387622566,111.77862238035166,111.55551264630566,112.68523240464785,112.50079479215161,112.67081614163678,112.812339422031,112.08356387689608,112.40635744565458,111.90068124035409,112.8073572076278,112.58858129154798,112.51279734362768,112.51220873029008,112.57144790764399,112.6106788301583,112.0306716023268,3782
2020,def,1610612741,104.9316860731449,109.94824336505418,109.72111635066392,106.19866972258575,104.73577540760503,104.8590338342638,105.46234447729042,105.3593958944671,104.55091429081122,107.14869738320435,105.05674655574971,106.23426884362131,104.7986688319031,104.78238191359414,104.93428206009759,104.66089034956677,114.50646483759067,3171
2020,def,1610612742,110.0103352177721,111.28162280036734,111.48232520531182,109.45237680197481,109.94992498103429,109.88136069160221,109.93091925647734,109.97581652608508,110.12437510388064,111.60009805955758,110.22110274166904,110.23238009942537,109.99641121771273,110.02837976263805,110.00904680814513,109.73684210526316,113.90532544378698,3718
2020,def,1610612743,107.91384372680582,110.84116815066196,110.85039084852836,108.01105717240694,107.81670963263979,107.89891066793969,107.93626339607464,108.24991861435292,107.93352291994114,110.5112220583625,107.56261479955883,108.24810108271281,107.89863357224641,107.91025672364198,107.91156594109779,107.65828034282555,114.3658810325477,3564
2020,def,1610612744,111.5321496605598,109.94947250881035,110.13662051516144,112.1853636363324,111.13918123428658,111.58569536937674,111.31681990969342,111.65657761320503,111.67526128558386,109.44543870172676,111.37961359223767,111.85306774235728,111.52776308971058,111.50901942827262,111.52650340747678,111.77356218006625,116.09124537607892,3244
2020,def,1610612745,109.84850044255985,111.23247883541941,111.5664037390949,109.95655614882936,109.58978366914107,109.7225017494654,109.69148952294364,110.15685385031679,109.95829486953166,110.62433769147634,109.61339960835348,110.75889260712472,109.82450269654338,109.81961721880492,109.8484951413178,109.71367407010972,111.48901981788967,3734
2020,def,1610612746,105.5677949163469,108.67957930610268,108.71748463825166,105.77604612978861,105.61521736897025,105.35985590881796,105.6619899957887,105.55879526003633,105.49591068747645,107.14936340951509,105.77654462647416,106.74525269497629,105.61707804838402,105.6041717322967,105.56737406821455,105.54953979426097,109.76210008203445,3657
2020,def,1610612747,105.64152775088823,107.71751637177437,107.87106229665882,106.14806412630777,105.47804320003878,105.47019715718459,105.67274750661255,105.04349246295445,105.65702386102471,107.24737008342402,106.46354129219156,105.67790656052304,105.63010319942285,105.63877348699657,105.64220021735909,105.3318522632602,108.23727860556649,3557
2020,def,1610612748,107.54817597742318,111.33064553554632,111.39438993610905,107.51026478255876,108.10350085253963,107.35375657861323,107.69494097993736,107.74955286486777,107.41244863506145,110.39225794490109,107.11767580916361,108.38350333492257,107.5990944485232,107.4989813688378,107.5701279608933,107.38436570192047,112.4120461581762,3553
2020,def,1610612749,101.80342335982579,104.31276469789908,104.93839700994823,101.66160976208839,102.56017186139852,101.38332247066735,101.51588759530866,101.97140406772645,102.06871449545166,101.06202359795486,103.12062442866558,103.2972614387898,101.88066609403832,101.86805636767336,101.76082026667024,101.93448542687645,103.84012539184953,3828
2020,def,1610612750,110.26733140851347,109.5223773081958,109.26116547829102,110.36471629213132,109.98075724703028,110.2842120111458,110.41431868679034,109.86138421233335,110.17014569115022,109.55438155216477,110.78693794566203,110.14356384694756,110.26999461458816,110.34180341914798,110.29890030575017,109.77198697068404,114.5945945945946,3330
2020,def,1610612751,108.09667045595539,108.84126016709165,109.0847321917554,107.68943494082761,107.87404105172811,107.77445818599908,108.00155388504785,108.16607309311723,108.19012192491897,108.42992826176608,108.8831497939001,108.4402477702058,108.16335458683726,108.18408952844796,108.11091846555091,108.18083961248655,111.66300768386388,3644
2020,def,1610612752,112.84393466642537,112.1855775558978,111.85340244969115,112.82989401130547,112.7664663178946,112.79808583437553,113.24055915849996,113.73651663122172,112.54308924013114,110.65023946216486,112.93448370745266,113.4696900752456,112.87418296451403,112.80404240614584,112.81431298646825,112.58805513016846,113.39611178614824,3292
2020,def,1610612753,106.40761067441562,107.46499336305847,107.84054438880203,106.71492336457682,106.60278700163646,106.23521145420685,106.0780010996523,106.68797292711453,106.6675496991641,106.73454021571726,106.44950050551608,106.41894144872627,106.48953295217177,106.46141308053483,106.40575096653599,106.01711288987028,113.23488436890499,3589
2020,def,1610612754,107.26782006511375,109.1589223978593,109.38271099948011,107.26132015072356,106.93136710160276,107.1238803540133,107.22624523705407,107.11104853842485,107.34896633679122,109.13261281559492,108.21353122773222,106.99939726694026,107.23034130506957,107.26196820985939,107.26789176842252,106.79717237629146,109.19732441471572,3588
2020,def,1610612755,106.43396270596409,108.92143287539372,108.64564939701093,106.41910048899432,107.10124230570807,106.34484807478125,106.65161138427426,107.14165744766159,106.29740756239094,106.75185480528378,106.22254398927298,107.31169768604718,106.43852984240277,106.56212661626692,106.45930012352797,106.38934203371397,112.11781206171108,3565
2020,def,1610612756,111.9864370563642,110.61666034275679,110.2673565485708,112.41690841352633,112.21005360280809,112.16730522002815,112.19965780905791,112.05974385505779,111.77471918838229,110.78722461720464,112.25843785872885,110.692660574424,111.95463872987345,111.98094978099871,111.99247097669584,111.77859391395593,111.24342287454999,3611
2020,def,1610612757,112.50627179952816,112.22978087051717,112.19699532967815,112.00229563410504,111.85122322952594,112.3696058768168,112.6997675590087,112.54471073198715,112.38878409449265,112.24195202985723,113.3447244982295,112.86703001543546,112.48158585787537,112.49784639169411,112.51480077021338,112.57341163908168,117.38197424892704,3728
2020,def,1610612758,111.3134615692919,110.83759759823654,110.60418128648061,111.62707335893143,111.19523632306245,111.44587232002416,111.40041347787539,110.78652876764305,111.29514371821402,111.67850017965365,110.8622272081903,111.04161653888482,111.33460813662401,111.30985589707709,111.31492508017412,110.7879130189212,113.4153005464481,3660
2020,def,1610612759,112.33778922681597,111.66304263866186,111.81048708248727,111.68265767249503,112.83963079909122,112.29025961200693,112.19779398004289,112.41255798938703,112.42175107550787,112.10656564815396,112.38174344089339,111.99434959703153,112.35032891214843,112.36288982235743,112.33999501400349,111.8570655116405,114.65419501133786,3528
2020,def,1610612760,108.70730918231067,108.67951775117535,109.07942026587705,108.69634950327583,108.45275052257905,108.6271095689463,108.27515898477502,108.21483403439068,109.05610117874082,109.76632092901761,108.93526116534072,108.21467384875862,108.72706180904851,108.77991297586686,108.70957441727458,108.37535014005603,109.14634146341463,3608
2020,def,1610612761,103.88523912486411,107.29338539118929,107.86350457691775,104.52737870344629,103.29738468745727,103.44847597830214,103.75752301693782,104.1809819078435,104.0116621644496,106.452970849999,104.86562005201242,103.83830015435956,103.93107488761083,103.86199358612878,103.88229092761586,104.0945314646881,106.15426695842451,3656
2020,def,1610612762,106.60174965849167,108.75602582685772,108.90036741353101,106.08279079917752,107.03260694714571,106.4294054278876,106.4407492874936,106.66314562179785,106.72954860618692,108.00627311461668,106.77224312702879,107.22789709532849,106.68440976076025,106.70911327030406,106.61060381285765,106.6890568150014,113.26013513513513,3552
2020,def,1610612763,112.64779538943581,111.53702456678214,111.19886523557827,112.52520905634358,112.68766514538426,112.7625291342594,112.8681949886099,112.22250425944246,112.49377868541026,111.94934909824809,112.73717751033678,112.46559581199051,112.63788816426684,112.66117072720347,112.6528839802409,112.65690376569037,107.51413950983033,3713
2020,def,1610612764,116.72216607533488,113.1885426649186,112.4779750376689,116.97506359743736,115.9409074109324,117.1303189544616,117.04541110338411,116.38629947772593,116.47134109961453,115.87332343173567,116.50428278380436,114.64029132678779,116.72458478591435,116.7398384123248,116.72139382308353,116.41468682505399,114.52438695769334,3711
2020,def,1610612765,112.63279884136621,111.09728749211256,111.28928432332015,112.57014035181739,112.44310676548471,112.77616933016472,112.293033892788,112.75457614604136,112.82929327737135,111.45475905588975,112.49971956555443,112.53039259033615,112.59627341756651,112.66801972183539,112.64938329161245,112.72280270436386,113.83510306058713,3202
2020,def,1610612766,113.60668723841853,112.15669690715377,112.7655424644673,114.04172701399813,112.91030383279252,113.74789628154775,113.05970204478015,113.59924367273634,113.96138800765797,113.14420193583119,113.25571893499482,113.49458852006339,113.51924312299334,113.48669385388351,113.60856144700523,113.32094175960347,113.37266470009833,3051
2021,off,1610612737,113.8991154306279,114.50029634301409,114.04493259597481,114.13033168329,113.39924633316379,113.90684482870012,114.38185735141583,113.60485655384058,113.58445308737345,114.15670923577963,114.48658336399755,114.07495844867289,113.87992825015209,113.88162070730762,113.89828696052118,113.684800897364,116.69020050833097,3541
2021,off,1610612738,113.51635245730513,112.79358100256422,112.4491750474791,113.70140494805382,113.06983824162022,113.5902429420382,113.68505322348842,113.60770785641141,113.41766841949455,113.1778752482176,113.2338115873723,113.33836634890977,113.5825445911408,113.55537257381862,113.51919544322101,113.33145434047351,114.12618648799554,3582
2021,off,1610612739,106.09701752097735,108.85821047650107,108.97583811920816,106.96482042541298,105.56942902789417,105.91639318629528,106.20690429514954,106.39574773742748,106.06274067870513,107.11299485615682,106.94920881733515,106.49993556324229,106.03032031343973,106.105591082716,106.1017182661394,105.65719110610752,106.21064682312536,3494
2021,off,1610612740,117.13496818841223,117.23262849567188,116.86306225467244,117.19201779729838,116.51086886525951,117.28155492375618,117.5014559838404,117.40444464875314,116.8375795715888,117.50015201011072,117.19832491467528,117.03553398473566,117.03721260415273,117.09658233602231,117.13301708922053,116.37737961926092,111.03878491998915,3687
2021,off,1610612741,112.21227795485555,111.77871667241959,111.97071074060392,112.90206248370541,112.35166518072818,112.3734372909669,111.89264812273056,112.05062948851855,112.43074431629142,111.44490773276284,112.12885975901523,111.9448807917323,112.18874053020319,112.2009184908874,112.21265268416586,111.8223917188777,110.58958214081282,3494
2021,off,1610612742,113.52282508017231,113.45949731054243,113.18421695775908,112.9939030153396,113.92829940356097,113.54915032996523,113.747933247887,113.49451080206401,113.38395776727016,114.38551473402146,113.2546772394783,112.88173891180685,113.55742309182376,113.51350327584099,113.52640971810044,113.28828828828829,117.4163783160323,3468
2021,off,1610612743,117.49521772212948,115.07409665804713,115.00352728052195,117.46904348421448,117.22039924971958,117.71921742390435,117.29604010494816,117.4454608120753,117.6556706804658,116.4008088748134,116.9650288197325,116.81324514611416,117.52687355607499,117.51299803551937,117.49576826140803,117.52606367990984,116.81340528259017,3521
2021,off,1610612744,110.28583139062738,110.75410870790664,110.82586786415511,110.43276860628693,110.91771835576576,110.27553461860154,110.22284536278354,110.28666455348706,110.26135897767878,110.20429324967627,110.26280391625666,110.1760900804871,110.30332045601703,110.27288036209626,110.28372588206388,110.31233171782445,111.9015047879617,3655
2021,off,1610612745,105.64538493557176,109.83464000263395,110.30181356799419,105.81559265092943,106.03203508729409,105.35606114009569,105.62984525222852,105.79214188445188,105.62321438891531,107.92763864632845,105.811795852864,107.14976729293953,105.5815512638866,105.5455953662963,105.65314229518472,105.54948059048661,109.33113129644921,3633
2021,off,1610612746,118.12459414635542,114.56517816385053,114.2890668869059,118.01520445444008,118.13108717975364,118.39085352390525,118.01804381426942,117.74718558233194,118.25817095922349,115.40717917160025,117.61977731428907,117.85775599433065,118.2057417248058,118.16620017847842,118.12293580609081,117.57179414273529,117.54183496826313,3466
2021,off,1610612747,111.78607827604009,112.93039318679736,112.90492734385981,112.29735384832674,111.72916009793663,111.84371596249181,111.81584775147284,111.98913456819422,111.6663758166576,112.6903431490183,111.14527300442435,112.1027814950327,111.72039938603949,111.78489935611003,111.78188074173696,111.8847874720358,109.21866216975829,3558
2021,off,1610612748,108.98188743712086,110.56061331939785,110.2768417074216,109.73409061824624,109.38005707369346,109.01578099747934,109.2025419697194,108.87619220556296,108.8417346561045,109.74483396993145,108.03101700370068,109.55516158763614,109.02922147104942,108.96286810787088,108.98484507388858,108.52384984476433,114.28571428571429,3444
2021,off,1610612749,117.94143820396557,116.42674912816267,116.51911072638968,117.77497929054866,117.73174481071571,118.04219494325113,117.796257078698,118.18619160196012,117.99245540414077,116.78086060880172,117.1757033903981,118.52135949593163,117.92104933255516,117.91080294546258,117.93939794446482,117.46772864597638,116.86714782143812,3741
2021,off,1610612750,105.93462284916333,108.80024828250905,109.48893949903065,106.1112192172735,105.88450867434987,105.60058959319389,105.6700329287205,106.00961591865018,106.16942582310313,107.01399877371699,106.66720810183602,107.23548434876967,105.89083553871423,105.90299384246931,105.93440389651406,105.74305933587371,114.30131004366812,3664
2021,off,1610612751,119.20089838584411,116.39157768757943,115.98798996325084,119.28554781289468,119.46030623804461,119.52280437134085,119.31433140977593,119.04034486465373,119.1379299457507,117.11090061607776,118.8257101087047,118.34212062439464,119.20306210881327,119.17504278474212,119.19577050748667,118.82513661202186,117.44251261918116,3566
2021,off,1610612752,109.25942230318832,110.24970260725081,110.40971015549792,109.44452047120406,109.02338138158667,109.08100559397836,109.26904494098001,109.26449790188761,109.26306550774852,108.93922729389136,109.97613430987717,110.05638081899706,109.22709349580857,109.28801285126329,109.27957876799083,108.80993645291738,112.6716247139588,3496
2021,off,1610612753,106.51596911049674,107.38715728326153,107.81928502886527,106.26388167658338,106.61845104217441,106.19648870287858,106.21552802020905,106.45026777281097,106.73450483077352,107.05909229931325,106.79307074900447,106.9990567392677,106.6478733641011,106.57556145803477,106.52163659088536,106.49859943977592,104.1537157389093,3539
2021,off,1610612754,111.57188744681837,112.67458469484522,112.90366065892489,111.53181478102263,111.85525530714625,111.61497162774843,111.44553946934695,111.52510164618393,111.65510972147833,111.98731059967699,112.08153213188724,111.69683887027561,111.48452042354725,111.51722030344689,111.5717351190133,111.39554087530966,113.73964180700348,3741
2021,off,1610612755,113.12368709985422,113.0169454118819,112.05343339406345,113.64768676888734,112.81087513399869,113.34270291553412,113.81025026083283,113.0778200909906,112.66549209753968,113.20377117168282,113.12291584379396,112.26979112212311,113.14653145415008,113.15890784608725,113.1265051815463,112.84855112083106,113.90840123630234,3559
2021,off,1610612756,116.18680229949439,113.62872238478647,113.83343367339306,115.93375712634584,116.54067543218521,116.34732901571918,115.73152405057603,115.86234110526206,116.48397979058818,115.44306635004455,115.83740193688801,114.8621984688996,116.24404952307125,116.20523090318036,116.18642785180865,115.65167899829254,118.65460712266817,3538
2021,off,1610612757,116.59222444386842,115.43142487925465,115.81458668854539,115.82317988194214,116.43689982795948,116.414506854452,116.41462620710482,116.28750663653913,116.75416249748444,115.59910367730922,117.28180765791804,117.18829999233311,116.60895192858474,116.54975246842052,116.57372994053803,116.51143099068587,119.09193457416808,3546
2021,off,1610612758,114.30908849376844,113.69437595118819,113.45310312370793,114.21893832615724,114.14420614669429,114.38016650050339,114.45942517135607,114.67625947157596,114.22178183292255,114.20614146506735,113.86651232610303,113.97429569031343,114.31511796876804,114.32500706496587,114.30960755015921,114.40443213296399,112.68739589117158,3602
2021,off,1610612759,110.55624180363549,110.51961780747082,110.7266000323696,109.70008372329845,110.91714721865779,110.45611599119663,110.38688237188796,110.50691072895336,110.69300714710445,110.68646261496869,110.958391731981,110.60828905854622,110.56967061701125,110.5971244651315,110.56687958199214,110.28634973589102,112.04013377926421,3588
2021,off,1610612760,105.01977345604872,107.88262861121947,108.2594471204311,105.20299285335773,105.6902207916339,104.83762721884968,104.89617419756642,105.27029204220156,105.10659517924881,106.48911095028744,105.28924336974794,105.30771511763231,105.00455351035687,104.98520078958052,105.0223897218431,104.69651194726724,102.06971677559913,3672
2021,off,1610612761,113.89107058066739,113.79638745801864,113.88480738130468,113.87146543692603,113.99403042820886,113.86499495892912,113.89950374653284,113.5635348660698,113.9110063463853,112.91831233489289,114.46300740337206,114.51032625828857,113.88708275869129,113.82892819781739,113.87640616024667,113.79406827084499,110.32167832167832,3575
2021,off,1610612762,118.12845131990926,116.15132198333869,116.06224710659798,118.29228049763505,117.76054016630759,118.18997748864732,118.17810945645556,118.11752766888807,118.12238820704654,116.27902836329564,118.2240719615745,118.03439468950405,118.1616050581018,118.08158128541288,118.10929191301892,117.41446999439148,117.19887955182072,3570
2021,off,1610612763,111.63412726626376,111.61326388310395,111.83817494517038,111.51656537121312,111.28029019447642,111.56197657109584,111.43412107911855,111.59412624857487,111.83601708928103,112.22472958355894,111.87856595540136,111.31565341932132,111.63576279232447,111.66936790655599,111.63768017430748,110.92413793103448,113.65759824127508,3639
2021,off,1610612764,109.93761009272286,110.77523525897632,110.28450621001834,109.84401452188702,110.25242378770061,109.88299602903638,110.35034233012055,110.03343549558254,109.55304844171037,111.10718960933819,109.68626504436979,109.43569121169979,110.02842847861636,109.97626510823842,109.93635560274332,109.5288794250732,113.00791556728232,3790
2021,off,1610612765,108.96259817668586,111.61239193687891,111.65824997504966,109.25180835743674,108.81338291994673,108.76312580663938,109.20231192796702,108.96942039479292,108.81361781636946,109.79150632086181,109.27858400162732,110.51270128020468,108.9155147524062,108.91194959358297,108.96091076654699,108.8458298230834,107.73386408871197,3517
2021,off,1610612766,111.84843068901041,112.09870961889536,112.31773557771238,112.36049661967165,111.69012769154104,111.80373572204951,111.75138098806111,111.86235636899475,111.93434796538398,110.78735242524611,112.64259684731547,112.13132499475346,111.82012541953851,111.80632904973365,111.84478082967689,111.70568561872909,109.39463163906339,3502
2021,def,1610612737,113.33401873305662,113.90276184650962,113.81789532899468,112.89231786406421,113.29883628462476,113.3817055773837,113.45901737659048,112.4098761360179,113.29963089425507,115.08454922943595,113.60647025067571,113.23251202274372,113.27436123311419,113.30250790751683,113.33212558297149,113.13725490196079,112.14426599041984,3549
2021,def,1610612738,112.86063854971555,112.40536917358844,111.87029259472544,113.0700266334481,112.82836210170964,112.98155324099976,113.14960672564553,112.40111020182741,112.68066668370096,113.22340778340137,112.40215025971168,112.42585400457874,112.94542048184229,112.90636839693715,112.86024226240121,112.33455364686004,112.4020156774916,3572
2021,def,1610612739,113.32907916890959,110.96139468814579,110.94494037822918,113.8758401390019,113.28011691772453,113.47806446611186,113.2887655948972,113.44086779226775,113.35538299667182,110.75818175494248,114.19151788594363,112.03015683620329,113.29610595656233,113.2920728334988,113.34313144759932,113.10092774810234,115.25327262379055,3514
2021,def,1610612740,117.20218571858186,114.90202393374378,115.15104858869768,116.98826420103663,117.61845598062582,117.32543032924848,116.99806542872024,116.73491581851182,117.32128858326925,114.56136631941938,116.70117921359602,118.44677762420665,117.18186515634365,117.01802080563793,117.16373983298153,117.09233791748527,111.05092091007585,3692
2021,def,1610612741,113.32304458690268,114.01695639236655,113.90090810168353,113.18839446567375,113.83983284822443,113.37298487972409,113.46614962218123,113.40029065428139,113.13694925954086,114.65449201546073,113.47536653463094,112.14459366869363,113.25781923111519,113.31003836987112,113.31348608568246,113.15861315861316,111.40401146131805,3490
2021,def,1610612742,114.16726766307725,113.86953950042405,113.739936105918,114.0148837975815,114.06166271948867,114.13470039182458,114.31460829473927,114.37517273912225,114.04890409789927,113.64891262975323,114.03851436718433,114.55635594192597,114.20361103202178,114.15343071590571,114.15607900448302,113.61462728551336,112.47833622183708,3462
2021,def,1610612743,112.40895261226675,113.72860559955903,113.5495168137914,112.63869075994002,112.52714475272558,112.42305668495533,112.53223315771272,112.70490651325848,112.30269167217261,113.50462337124407,111.3251397679404,112.99917875398988,112.4712108768565,112.39556421723091,112.41597798660246,111.92350956130484,112.47507832526345,3511
2021,def,1610612744,109.47627613305895,110.71436834508133,110.35870606314353,109.92823200494266,109.1027459569266,109.30226875827184,109.85238642978022,109.31556352482706,109.18989932230876,109.16052328242957,109.72454437338743,110.7934733606449,109.5689585868851,109.54220046744197,109.46852785090324,109.50067476383266,111.00766703176342,3652
2021,def,1610612745,111.6650698372799,111.81955475981339,111.54580690031763,112.19278232701105,111.1769851741826,111.72644872798593,111.9097361509672,111.63039129834105,111.52061169636838,111.42976435666763,111.95909090440571,111.62867972379193,111.63350193241176,111.66225717569316,111.67217583328538,111.15657392253136,119.26681367144432,3628
2021,def,1610612746,111.86890964921328,112.3814482799502,112.64700748768553,111.67311679215817,112.28673112466662,111.81578372905099,111.61827283395839,111.71804539982271,112.00743131770164,112.67053173302814,111.65592150875885,111.84965725972995,111.87074840877193,111.90316570749445,111.86977212715243,111.79823311484753,110.85137085137085,3465
2021,def,1610612747,106.54298326966531,110.31906284053196,110.93837317571197,106.8082810431127,106.80334042800058,106.33033267496592,106.24630539396463,106.87248951712598,106.7500948782734,107.51214982592214,106.6696999807358,108.75575815688876,106.46366322881359,106.5160112117621,106.55234299142322,106.45251396648045,108.9401180770312,3557
2021,def,1610612748,110.59379979102543,111.28217617904154,111.57901806555303,111.10996901944654,110.42850640121593,110.39566765826963,110.51020601029127,110.35573320363046,110.65905964568685,111.0279122523316,110.70711410472998,110.85324626344214,110.68036257749714,110.51948522326448,110.56890369941245,109.91549295774648,112.76905177428738,3438
2021,def,1610612749,111.71478730488349,111.08793618790084,111.51524351746512,111.34635730338826,112.01931701627115,111.55441752079177,111.34961153806334,111.64773136467714,112.01524576463757,111.009574329777,111.89659350448083,111.87149749086214,111.7899401046273,111.74697884217801,111.7006807826898,111.50564271951555,111.6938720899117,3737
2021,def,1610612750,114.95679253794512,113.4289718052301,112.98043070110607,115.28447468635598,114.23448767561848,115.17106699226603,115.21839464566534,114.55242288234818,114.74328309357134,114.0013084252354,115.08979612122101,114.80748726595283,114.90005250245018,114.9900606608431,114.98710276011136,114.23921887713588,116.13518669937312,3669
2021,def,1610612751,114.31503195187234,113.17667531270148,113.32325647893424,113.84464656661979,114.1535995323941,114.30657779623765,114.095962388343,114.26536448099563,114.47808266760838,114.4268292394039,114.38474671220571,113.6580329978792,114.33878328175297,114.35935934961141,114.32014283086183,114.38730853391685,113.35770528683915,3556
2021,def,1610612752,109.13686946258345,114.01832017492333,114.2594430240192,108.65375926982968,109.34553132975235,108.82336884782885,109.3903940683223,109.33895988520561,108.97996858429812,112.80520390374787,109.6987778901184,110.27477238832992,109.08414856334083,109.01838995286835,109.14974820030562,108.67052023121387,108.4648493543759,3485
2021,def,1610612753,113.17567432974475,112.29690810700981,112.58182068957774,112.95846285465339,113.87128857641946,113.19693542208573,112.83735065438123,113.1240307979588,113.3897092749001,112.6342743989289,112.8873390792932,112.7773447364771,113.21832009196531,113.16690504549001,113.1694939910153,112.82122905027933,116.19181946403386,3545
2021,def,1610612754,111.73083114023731,111.55282510061484,111.44037835995914,112.2328378128056,111.41420000627977,111.84913450200835,111.87759373592722,111.35866209491371,111.63038573305109,110.67792742053068,112.55281174706553,111.95864321756603,111.64696256478554,111.66604005025343,111.75691334613454,111.25171939477303,113.90002673082064,3741
2021,def,1610612755,109.35280602323392,110.79508050324903,110.9953367048224,109.66032023627285,109.3620370420325,109.22917566128851,109.32304449393766,109.16020120712741,109.34677323091913,109.35187926854555,109.9289908944986,110.29804668294348,109.32739702171489,109.33148780154117,109.35513807349774,109.40404592673592,106.2131009277481,3557
2021,def,1610612756,109.62219024032322,111.82301766976113,111.731879016936,109.4553544552885,109.87364864176315,109.54673688997852,109.75437564346363,109.85637885804701,109.59593791115456,111.19435174892861,109.6970013546242,109.79154248591178,109.62112906836138,109.65009497300599,109.62190230164126,109.2281401310168,112.91866028708134,3553
2021,def,1610612757,117.21202000589571,115.60962531052454,115.51712165894105,116.85115322972821,116.9214039147168,117.33923467348441,117.29917972129196,117.14368928939074,117.10713011591413,116.67912516450201,117.39121253216604,116.68840604881372,117.15763123700808,117.156677917516,117.21183625001096,116.84032666854407,115.09754028837999,3537
2021,def,1610612758,120.12825896094974,115.54630527374962,115.24567936974246,119.83324049845235,119.67756744386988,120.46661816691805,120.10150667228636,119.53144925952286,120.1316563525056,117.05263256300515,119.4966100728867,120.26527685290199,120.10888245980925,120.1588047266311,120.14870473990611,119.76229961304588,114.28175263449806,3606
2021,def,1610612759,110.92152997498631,111.13151789900125,111.49504631015694,110.91199587289378,111.1199658876153,110.87785227968804,110.66445261323618,111.62738969207052,111.11996227580477,109.88121507373994,111.49507595622003,110.8579433849408,110.88314718309982,110.8973851382192,110.93057155105642,110.29411764705883,114.90838423098279,3602
2021,def,1610612760,111.0513536260234,113.02001917898572,113.58674689089344,110.90145662671193,111.19038533313902,110.87498341324103,110.69597587491272,111.33212235934037,111.30546187729928,112.84178072477576,110.49158377537701,111.827454053497,111.04996593620582,111.03036494431437,111.05411475334701,110.40462427745665,117.57493188010899,3670
2021,def,1610612761,112.66833192646286,112.27972409012192,111.73595518029401,113.53352566986753,112.08224225936215,112.71231991300027,113.14541402953961,112.31703705704673,112.32943863738507,111.66532398317993,112.42224592433995,113.39755561838699,112.74996897106202,112.62836918775216,112.6349913513031,112.5560538116592,112.66778523489933,3576
2021,def,1610612762,108.73959090768793,110.77478422534341,111.16374199609895,108.05682810599846,109.131017798148,108.53142421527696,108.42572023004148,108.78990748032233,108.99537320049065,109.70079948487289,109.01063433188261,109.9256681165265,108.75074291207908,108.84759737724,108.77341723307745,108.70053325849004,107.30274202574147,3574
2021,def,1610612763,110.62817035367057,110.14724689866053,110.0718413547288,111.48473721147924,110.97542492811918,110.67765383538611,110.67028461875717,110.5903505342172,110.5779940044655,109.80068232698856,110.86636981863002,109.56151938337506,110.63311319896012,110.6116907856213,110.62302103868137,110.65121412803532,111.71146461876029,3646
2021,def,1610612764,114.69141812612565,111.27532873099062,110.51652535221139,114.92709673183279,114.52777990739003,114.8248800635605,114.96715338832956,114.75222689243772,114.47615532464681,113.00304743331911,114.54396779018796,112.4384548049745,114.88312439794016,114.81511376104746,114.70084049713434,114.89191353082467,111.56588328492211,3787
2021,def,1610612765,113.28307117303997,112.72553407311425,112.42666114695429,113.68075244428863,112.96930117388067,113.45046368602057,113.53096592074039,113.72930692957472,113.13170180450922,112.69754087710014,113.78380714107024,112.13833962959104,113.22235705888673,113.24824865612754,113.28880039396569,112.64722378014582,112.97666476949345,3514
2021,def,1610612766,112.31600521706726,113.16275919573286,113.60899825323439,112.94852371151168,112.06774802157702,112.27881997496527,112.18444626444156,112.99330343333236,112.46505444030734,111.78914642778476,112.15395945877647,113.07853006412591,112.25102437910604,112.0690158212454,112.31085180006981,112.18557853549468,113.08945412975136,3499
2022,off,1610612737,113.36452637193733,112.58680657809155,112.51787373575222,112.93359548365802,113.4200676130019,113.38450843059209,113.39461462960504,113.20580611111558,113.39730973605553,112.42987370845499,113.66153499685477,113.65579020885005,113.36579255613304,113.38070547939365,113.3687318229027,113.13358302122347,119.19742382957642,4037
2022,off,1610612738,109.18198038176227,110.15833446577865,110.26936272271526,109.3023433638086,109.18488098098196,109.04940538901559,109.13643273766445,108.96522244331894,109.23145865796957,110.13580486121904,108.89948090688603,109.64158754908584,109.2422888044086,109.19499098554527,109.18251471323184,108.90818858560795,120.12626262626263,3960
2022,off,1610612739,110.24585451530308,110.99529502372643,111.12211543323211,110.76422949360462,110.219159588373,110.26562287793034,110.13630225722652,110.27137750859495,110.3380644202942,110.34084694452797,110.0232774933332,110.63855333006981,110.221413641108,110.23239098315176,110.24600146008554,110.2860010035123,112.8810975609756,3936
2022,off,1610612740,107.96552152727985,109.96255735885536,110.15267937331913,108.34839644528181,107.61208376623485,107.75331259194701,108.01367295488062,107.870014509602,107.97120798015813,108.70850694659474,108.45035545747459,108.98596482708422,107.93823619819803,107.96405854456292,107.96617472814907,107.7037773359841,115.78684013009757,3997
2022,off,1610612741,113.24014010813532,111.87499090810418,111.8450629934992,113.0453247702027,113.58190990630838,113.35020045284458,113.14377887424472,113.04344909903203,113.31319804495499,111.75011572329142,113.75203850493092,112.803306852561,113.22966129545591,113.26074873068688,113.25055496790205,113.10498883097543,113.62512363996044,4044
2022,off,1610612742,109.56947966992544,109.95486017273547,110.14571467207242,109.22856598258852,109.86649010678177,109.45320378791388,109.41117390671478,109.65047898005332,109.72561818292621,110.67756943862243,109.21398446875104,109.20022263274551,109.6523641299983,109.57673992987445,109.573385246396,109.95659943834568,116.73091750192752,3891
2022,off,1610612743,111.0931809267664,110.98557196092943,111.27287552918266,111.24368546234133,111.33889404456185,111.12399178460845,110.75114902342973,111.11567110146626,111.33167785585674,111.4075872080043,110.47507744420791,110.91942877507131,111.11982898804884,111.0896011353089,111.09552713623388,110.69087241553203,118.13534566699124,4108
2022,off,1610612744,110.78010431032041,111.1939191858131,111.31163568616019,111.47321490484568,110.84210420723676,110.80426158260443,110.66856773872651,110.92281332530267,110.87815588801224,110.51362672023566,110.33948903740082,111.02304255941199,110.7856336423142,110.73915886421274,110.7831505479951,110.73014306857425,114.86553784860558,4016
2022,off,1610612745,107.0485760192243,110.63587021556096,110.61420841176141,107.99439219204065,107.12908844322781,106.93494377876326,107.38532327338702,107.39616084628942,106.81051308679695,107.59732041551649,107.2618518155489,108.69634931598627,106.93938768679932,106.91386506382939,107.05189381267458,107.09614918866554,110.0726392251816,4130
2022,off,1610612746,107.34532841620903,107.89512627520457,108.16416998061622,107.65418529975287,107.6160207068076,107.24192266564516,107.12580598605687,107.27935013208393,107.54058362571223,107.1198652409669,107.67701856136485,107.34792080064373,107.38341530864848,107.36256692392101,107.34559818000776,106.94789081885857,113.93381438168699,4019
2022,off,1610612747,109.3210533855171,110.66486587928253,110.76719232490484,109.59477293176202,109.54105979351634,109.32147342755779,109.31380330376352,109.51465368405405,109.35145625916546,109.3736300971294,109.21058680362401,110.10213403761558,109.24871408101404,109.29402733247159,109.32059536167687,109.20332936979786,112.060546875,4096
2022,off,1610612748,112.99032991087871,112.13312013710775,112.17631069740642,113.35506948848166,112.77859273599817,113.00237387567226,112.89985254886275,112.85821551359828,113.11111208898238,111.84349826028547,113.03048609393397,113.14428966428162,113.02413923107859,112.9916668736659,112.98694262274525,112.53791708796764,114.36436436436436,3996
2022,off,1610612749,112.91225055036716,112.59222662860726,112.74432562444689,112.90993645958677,112.91488235999333,112.86263502705684,112.80587057427907,112.96901979138691,112.98788230538078,112.46312460888818,112.78817419469073,113.18453864627388,112.93386830932164,112.89385698058979,112.91072878685642,112.54278728606357,117.30537478910581,4149
2022,off,1610612750,109.78346920239069,111.06875584342964,111.64879129426035,110.17988116189295,109.44700092532908,109.47395172899154,109.55377006903275,109.87361130789522,109.93799161138523,110.43835094037878,110.16896123288797,110.30313483779395,109.77815133076052,109.74822145038597,109.78462360303672,109.65466926070039,119.02834008097166,4199
2022,off,1610612751,112.32122652759269,112.01137539333746,111.95625247773586,112.39774635624991,112.45165005854128,112.4225383381487,112.27153307406466,112.07268084558936,112.32906755641386,112.55566398363008,112.77297739915805,111.30490034075568,112.31392308957658,112.33105721681906,112.31923133325098,111.96958547951925,116.16662534093727,4033
2022,off,1610612752,109.51682493205902,110.6822278290452,110.91604846676945,109.56459017947695,109.42413323018219,109.29893189598045,109.52047544597094,109.56050304405314,109.52134359528216,109.30333756576292,110.07573074836715,110.5679815333234,109.51858905374996,109.497502375015,109.51283644323995,109.03522205206738,111.97890507282773,3982
2022,off,1610612753,103.58187903216646,106.42640807434975,106.85302656465866,103.9055062422044,103.7167155614087,103.32958808807005,103.40798360533809,103.51491222212687,103.72751403214816,105.09429706662173,104.16180028985622,104.211359031369,103.59962259454512,103.5802681075296,103.58239851121311,103.47567030784508,105.69635529809317,4143
2022,off,1610612754,110.5303801707112,111.66459443486367,111.84279390253577,110.73080125910224,110.32850835419023,110.50802198320426,110.4096286630452,110.51012384903373,110.64024809270326,111.89836745174047,110.3885790076175,110.52897480564684,110.50602806986703,110.51975900897862,110.53129499809947,110.57764441110278,114.90501704822212,4106
2022,off,1610612755,111.23395937785838,110.99104639976167,110.90241238974589,110.93813853626868,111.67484872075634,111.25288859747633,111.23791603980253,111.02120194706345,111.21181245143609,111.23488944740662,111.16696349157166,111.05983373573798,111.27133389460136,111.26061127220058,111.23453652716533,111.44593567991896,116.28024193548387,3968
2022,off,1610612756,112.6473772618239,110.98074323928793,111.07159902145582,112.65306101072498,112.77525931593635,112.70808433549364,112.36282053227481,112.47792736416402,112.84072854908011,111.89675332277464,112.54351747305525,111.77274581305844,112.72677191660938,112.6889244121671,112.65109111081107,112.05378973105134,118.05080605764533,4094
2022,off,1610612757,111.42331307475446,111.99661634498403,112.04656954518488,111.4431926661186,111.43120932223941,111.3141855960743,111.52863043662924,111.41864983162588,111.37119917049577,111.21982665894033,112.12542181662928,111.57678467458315,111.40966773924168,111.39358428085592,111.42100352282215,111.30803794308537,104.93583415597236,4052
2022,off,1610612758,109.88770112130136,110.60001938177408,110.70108015589354,110.03783583643312,109.81815682104161,109.78266152868576,109.8582149023308,109.95128947605485,109.8829946731921,110.27851651120328,109.8342213119694,110.22384886115972,109.90550674164875,109.90446734026432,109.88771262663083,109.81159774896011,110.87591240875912,4110
2022,off,1610612759,110.42231983885429,110.0431869140701,110.5537425810983,110.09292067117612,110.35059831419089,110.3231763393263,109.95136063053152,110.67223133295909,110.72864846355694,110.41801012660044,110.66380233554612,110.15728318054506,110.43760908627904,110.45890927721119,110.4259983540269,110.22589264027204,114.98300145701796,4118
2022,off,1610612760,102.77126324725074,105.94734395380041,106.5192249405495,102.64428815295737,102.99746293791621,102.419913619275,102.56668601485785,102.82765096126344,102.98389003968394,104.93861940287991,103.61551738953712,103.13532500019218,102.78570836941913,102.76697513713569,102.77326567831389,102.48077400148847,106.11205432937182,4123
2022,off,1610612761,111.34281633075233,111.64792692833988,112.01565357011562,111.08788997046193,110.63646069217022,111.05866475522974,111.18933723501476,111.42198625705738,111.49886162286384,111.90994411895082,111.89617101918824,111.63303144948743,111.37991823224536,111.36461662745147,111.34388186141686,111.06609268169157,114.22875654124097,4013
2022,off,1610612762,118.09955595385124,116.2848941509965,115.89431704263825,118.42100401020319,117.83073510792255,118.28802139563325,118.2929829094031,118.06934124085548,117.96908698734147,117.30982961014209,117.43226190006772,117.46089848278666,118.14159303683005,118.07382326805775,118.10420453462092,117.5130047064652,116.33903497574674,3917
2022,off,1610612763,113.05741082055215,113.13890316789065,113.41749880806438,112.93307208328937,112.31636399495774,112.91344317209163,112.91242525101093,113.19314069447631,113.17872126281927,113.54522898557568,113.35135846253625,113.25165454155574,113.04632946702411,113.0730672950432,113.05742380615749,112.75233874938453,117.28099569171853,4178
2022,off,1610612764,109.88959471179767,110.81985742315554,110.68127097803676,109.75173603343976,110.25768118803761,109.9426378968434,109.94426765781675,109.87301535160182,109.85216764377218,111.20141247082266,109.05006468319047,110.03201461013066,109.89858442998631,109.91400677947323,109.88153853804985,109.4718571782792,112.10381831794359,4007
2022,off,1610612765,101.82388984891371,105.75510088713698,106.151793305782,102.21343148839972,101.98486920403154,101.51081102749714,101.77464908423458,101.80020025582573,101.84951409337087,103.84582244098961,102.48860576603701,102.8917780143487,101.81604638181291,101.8163375502278,101.82438219237406,102.03981322192185,110.27295285359801,4030
2022,off,1610612766,113.64103415402779,113.20647910886731,113.57928909283464,113.29074235140547,113.80164167138334,113.56875955326083,113.41004254398356,113.8238397566061,113.77987973685126,112.43213345476414,113.80730525921254,114.48894223991175,113.6037177480225,113.60645276497098,113.63956137724333,113.52912855079441,115.18248175182482,4110
2022,def,1610612737,114.54579065700726,113.09195284776686,113.41356505700271,114.02890650760226,114.9951756945389,114.59211102246324,114.23420562426784,114.08780420768059,114.79394479146094,114.0374824609493,114.53563599774765,114.21835743280234,114.51839948510423,114.51319256455349,114.54642686087173,114.56407694229328,114.63595839524517,4038
2022,def,1610612738,107.66908842609983,109.10070116346202,109.13856396500526,107.86016887065212,107.64522171947358,107.48923484540026,107.61380764631218,107.40607005503855,107.74963671814692,108.16573509321725,107.45575716763676,108.8698349084173,107.81000762571209,107.74594437434718,107.66870148984475,107.53968253968254,106.26415094339623,3975
2022,def,1610612739,106.25555457553753,108.96592167396311,109.62616887230995,106.3783937002435,106.19810834790421,105.98204302280834,105.96013720837794,106.57221774076407,106.50628700917815,107.75120988574191,107.42223615159419,106.3233511613909,106.20299370598234,106.23601815394657,106.25536204672825,105.97579425113464,113.2199949251459,3941
2022,def,1610612740,113.289914807239,111.4644963915027,111.37285582412893,113.10139481663802,114.0043413407969,113.35653668390141,113.22365156963404,113.13943024703919,113.33722002274395,111.47518255465629,113.12726404541888,112.94039548336555,113.34575122064051,113.3199360443801,113.28759105191588,112.96434804288208,112.74362818590704,4002
2022,def,1610612741,110.70553483541504,111.15680245153162,111.24978798122342,110.85120647798875,110.78901554393501,110.75251519569836,110.70261853423328,110.02843634350316,110.73874453461467,110.18847617511341,111.1686353470476,111.71904038418147,110.60487119368175,110.66659753730288,110.71615202306609,110.3764239722635,117.1209117938553,4036
2022,def,1610612742,108.69581887397804,110.2440114741646,110.39931882191134,108.8024562117321,109.09002737575081,108.56363565394567,108.61470953136978,109.12436389281262,108.75990884731334,109.07026635477462,108.65906920515665,109.06045848920351,108.71515778867169,108.74110377775189,108.69647475587726,108.30140485312899,111.52168334616371,3897
2022,def,1610612743,109.22697406745102,111.00975813388555,111.17483222242058,109.21198574054044,109.84885719974025,109.14977648803038,109.04329601932399,109.72929175515098,109.35187867422417,110.57760904697503,108.54217924387858,109.26328134976089,109.30194152149829,109.2613309603147,109.22744070645984,109.21949987370549,115.05716370712722,4111
2022,def,1610612744,103.16475575133751,107.08798082111839,107.11531418808889,103.6730933966183,103.55670712457471,102.86591164066839,103.23701676225141,103.57310871449201,103.12959255413901,105.24925051831168,103.31070014246441,103.58391796086407,103.33693783414256,103.21884447081094,103.16558637430911,103.06475531389026,111.81023720349563,4005
2022,def,1610612745,115.85540964727738,115.28468635886259,115.27491602629536,115.81895649945707,115.45278395566125,115.94860611608567,115.93680650155098,115.71649457260455,115.80369991751549,116.19799485270325,115.73386879277368,115.68250267493104,115.78236512763701,115.75899489718168,115.86763935209213,115.63786008230453,118.86242100145843,4114
2022,def,1610612746,107.63391253701796,109.83165843765393,110.60577679725286,107.82167733228734,107.1243106429316,107.33862252889983,107.15625198254943,107.50681627089494,107.97738247583133,109.69106417691609,108.08258337550133,108.2194273867246,107.61947873545748,107.65476918645403,107.62906707620877,107.26146220570013,112.8440366972477,4033
2022,def,1610612747,109.53698432092526,112.40712100728159,112.69842514395118,109.76302780274342,109.37286430698744,109.35176258365077,109.5475583323934,110.03872603874224,109.50292556944845,110.655760751206,109.55570841639971,111.03094548431498,109.47298226711288,109.47433769968181,109.53802052331704,109.67665240133144,117.3743289409468,4098
2022,def,1610612748,107.72920225906765,109.62624571229054,109.77184274041149,108.31506252766006,108.14998671902408,107.55529236463116,107.76223366751698,107.53283341561011,107.70046898918443,108.19959087306668,107.72739530074402,108.50950290263008,107.8011716894688,107.65895831077773,107.72724478024257,108.07106598984771,110.66666666666667,3975
2022,def,1610612749,108.3929348011163,110.42687527458223,110.80615624178346,108.38206131156991,108.75074390341598,108.22543638002944,108.18009440568835,108.65497806123447,108.58829963920138,109.85544095945278,108.42974512450176,108.49236817997947,108.45822745058899,108.34279948247782,108.41085021968087,108.2355816226784,115.34365924491772,4132
2022,def,1610612750,108.88972148115535,111.28347468129452,111.04371728479448,109.800481503284,108.33654088472424,108.83817107915317,109.24680469422378,108.96735483183373,108.67982825641279,110.17122067450939,108.72533570641292,109.70097259808733,108.87821639099789,108.81486850211869,108.90291308902704,108.77278250303766,114.58829128986197,4202
2022,def,1610612751,109.53635451650892,112.57946350912812,112.93854960510865,109.30837202074936,109.22389215525419,109.33459610680755,109.46703857931895,109.2768591219622,109.58860502812638,112.00963849556324,109.8762406029465,110.89274331881838,109.48734706708562,109.49524604964303,109.5377892228292,109.42241801272638,116.6707890180559,4043
2022,def,1610612752,110.11265019495926,111.76875077741217,112.21542706313963,109.96292175648315,110.11337273330449,109.90605496438987,109.99004649815132,109.86391212474969,110.21540499785027,110.54164317227449,110.66719199657332,111.53151006667576,110.08084516557066,110.02536016441023,110.10535172106867,110.01532958610117,111.37619286790557,3982
2022,def,1610612753,113.43603203566713,111.91721636092494,111.96828025088428,113.31527540711022,113.3359169174399,113.38051363859778,113.37336683691878,113.61345585861582,113.48360677925666,112.2298193798458,113.77420822574535,112.82913121481842,113.47702087591874,113.45539780061092,113.4330097464578,112.96894409937889,112.16574319441098,4151
2022,def,1610612754,111.09777668528365,111.31858613550644,111.20071682456653,110.99939013694227,111.39753226593474,111.09809795203225,111.16866291621929,110.7839006266958,111.03878405481632,111.22188105878173,111.3246708667811,111.02061201051598,111.0781893739783,111.15734087425405,111.10256406939006,110.65799349512135,121.79206233260287,4107
2022,def,1610612755,109.34639678363077,111.32961976390493,111.57446631642847,109.48750045920032,109.23540661497728,109.25376380173083,109.22718724900491,109.35949680736954,109.4303737784168,110.16587912538265,109.26486013687276,110.70880181495136,109.31993228314008,109.34108955635276,109.34619972289954,108.88497357160836,112.77721774193549,3968
2022,def,1610612756,104.58457682965395,107.88679899972003,108.13668386194605,104.9593686612335,104.5106346248852,104.30385684259986,104.44320955404326,105.02954534038415,104.70896685565866,106.83109948280787,104.76398468456303,104.8277617677407,104.69968026304291,104.65018296799236,104.58216125569977,104.6409379579873,110.386119257087,4092
2022,def,1610612757,115.87955180126984,113.77887511159807,113.6993293489655,115.76571991248372,116.22468131035376,116.03475713000168,115.93062878086674,116.15621648966498,115.86074818559236,113.6029252453818,115.90782120441446,115.46397792489444,115.831221660851,115.802494012664,115.87557142787797,115.76846307385229,118.34771886559803,4055
2022,def,1610612758,114.25158873464511,113.86791107408125,113.90146818831225,113.95372516639524,113.70229428823109,114.34948505757127,114.12886807434616,114.3987830471974,114.3476682831295,114.66504029405391,114.08874133590791,114.25612544450384,114.20939633385228,114.29050012707381,114.24262073074263,114.23330887747616,117.03883495145631,4120
2022,def,1610612759,111.0332239150368,111.02762446057898,111.28822213576981,111.16610804430957,110.90961609851729,111.00516423366821,110.83653926627302,111.43165706950037,111.1723787270201,110.63687343193926,111.49068260483179,110.6766289872998,110.99660119355103,111.03537598938395,111.03651132448235,110.63623118018455,114.0882638215325,4124
2022,def,1610612760,110.56883525237461,110.87650877909259,111.32804008555296,110.40161899360456,110.66995596117307,110.33886013976156,110.27394278384382,110.72956151323554,110.78089955685606,110.61993951174317,110.76933453382816,110.7680449377132,110.64715857298198,110.57155659528405,110.56220877971792,109.74155069582505,115.08109416606149,4131
2022,def,1610612761,110.6875494710844,110.52674091212259,110.34988802543766,111.50403641931224,110.15496619802322,110.68157748180623,110.82909338087468,110.188675032136,110.59417603665598,110.10842303923161,110.56002294331468,111.36777453341155,110.73111552818627,110.68638915608742,110.68297014155964,110.32732808931743,110.6011474183088,4009
2022,def,1610612762,108.99743448084583,110.30786465713702,110.60105969024069,108.47374307388087,109.3408510260427,108.83417551126234,108.68423747917456,109.26791585154768,109.24978602176601,110.34179900233704,108.9639252148854,108.94742254500228,109.10869755382858,109.07530391971193,108.99517109133932,108.94710825506674,112.52236135957067,3913
2022,def,1610612763,108.59946638638478,109.48853345968377,109.75171101196106,109.05827049815133,108.71537361664491,108.45648717540658,108.54229868964137,108.6226032515168,108.65641993763018,107.82750101028252,109.19496111707547,109.26976696686783,108.57169303999375,108.56801891833155,108.598191151233,108.64532019704434,110.38369304556355,4170
2022,def,1610612764,111.4511867996391,111.55494869039043,111.31816012990653,110.95978442171118,111.77622126680284,111.41450677984929,111.47817405803677,110.990784460394,111.43782451689623,111.97078735960685,110.99364457169217,111.89737104320446,111.57038013387567,111.58257173606705,111.45570787148847,111.5765989092712,116.95804195804196,4004
2022,def,1610612765,111.93325474035507,111.20275239454664,110.9769429978685,112.44862654878119,111.71457917257361,112.0773161073518,112.05040515533898,112.01802483025232,111.86423446073564,110.88865932094664,112.1104181187362,111.5365771159403,111.90649918357401,111.93167253771315,111.93570466911179,111.41384388807069,116.43495531281033,4028
2022,def,1610612766,113.88072201344076,112.68757144010918,112.74225429199485,114.22858725403258,113.31912133489385,113.96924447302094,113.83584164432128,113.6790410139315,113.95367286093119,113.4724292747866,113.99976886124952,113.3748399187576,113.85988218384497,113.80518094868329,113.887222918319,113.71607014172471,113.60097323600974,4110
2023,off,1610612737,112.21818352123269,112.86031415002482,113.09044811238022,111.70499097917411,112.38642104779395,112.14779682930401,112.01936742494777,112.03467815395031,112.43679392214261,113.51729564087367,112.34180125331162,111.98446535520715,112.23635705727281,112.24293304667731,112.2107558778978,112.12841854934602,120.50168837433671,4146
2023,off,1610612738,117.8905851251783,116.69312743285391,116.69604017161173,117.6717640747006,118.35649383533668,117.96101135451687,117.80263905446131,117.6497089710616,117.92874356549203,117.37030939390299,117.6212802186757,117.4456165642915,117.92918065329503,117.86011454834845,117.89518007958276,117.68410852713178,118.19744597249509,4072
2023,off,1610612739,114.50414766806502,114.8828828938541,114.64458670732152,114.72876447204946,114.53090633703225,114.59239583931371,114.68016255355901,114.54028130092726,114.4073846129786,114.31147214711241,114.22145454569986,114.92958818030758,114.47977669150399,114.50133241390597,114.50395320914309,114.41486690105475,117.85350966429299,3932
2023,off,1610612740,115.48869835148164,116.14129577848051,115.87640716001805,115.78846907288228,115.11424615028271,115.58178653369995,115.73710949497809,115.4988290379083,115.31882558982136,115.27922152854862,115.60174390574231,116.20862499655293,115.4199760352331,115.48013294603604,115.48980069132186,115.62875691271941,113.67713004484305,4014
2023,off,1610612741,114.0958881144432,113.65469470511962,113.58096683379364,113.93265062530786,114.67734882680735,114.2175405118535,114.04779359623112,113.92269250871153,114.12204502886591,113.3341260954908,114.33089029213701,113.84102239455295,114.07196356052938,114.11459381908945,114.10065232888391,113.811485340441,113.57994041708044,4028
2023,off,1610612742,116.13244000281883,115.99986457388626,115.57484790939205,115.67474386223115,116.78587206825266,116.08995835095462,116.59080514207159,116.33016424196134,115.80644197223862,116.24760721891009,115.96216414693515,115.5695328754257,116.17582718599512,116.09725060928068,116.1442057520181,115.92340639959687,117.74752475247524,4040
2023,off,1610612743,117.95445378325078,116.51160439438725,116.37109114021753,118.36421540507455,117.90699159556785,118.20898152828403,117.89507725176585,118.11993213223963,118.00331828097767,116.1164912301235,117.50981212917733,118.08268379848418,117.90668384806051,117.95170862562043,117.9580310542393,118.08562992125984,116.81592039800995,4020
2023,off,1610612744,113.14539257780784,112.25077003482632,112.62138027128168,113.84585113775458,113.3625440545957,113.08432709816587,112.73281954712043,113.08563247445488,113.4213436149281,112.53610879699167,113.06866097661032,112.1849672872989,113.24521131762975,113.14042180845462,113.1458265896445,113.01984877126654,119.07043603258265,4174
2023,off,1610612745,109.7138138674284,112.44512238677868,112.63789576078604,110.65531921898706,109.02268786162561,109.3921418527619,109.85053082300203,109.7936110928162,109.59774730105742,111.15239205016898,110.04890657389119,110.65057697247248,109.70729876364726,109.70371888313319,109.71467967467777,109.54011741682974,112.95705521472392,4075
2023,off,1610612746,110.56770764925187,111.26599100735392,111.12305474057703,110.98182073160304,110.74951375341183,110.49869475469444,110.71620409005895,110.68319982023125,110.4939526274158,110.16034745871153,110.83587703587496,110.62460613290102,110.61467753021117,110.58258936733235,110.56684387634748,110.24630541871922,119.04527559055119,4064
2023,off,1610612747,113.21900066442623,114.64815292755372,114.53425507007336,113.33918931461388,113.55119241555762,113.3007939804771,113.32697174434767,113.14075596069186,113.104504787334,114.15853892392792,112.75308888040252,113.79673135917969,113.1404597588649,113.21638787884072,113.21105285636374,113.31747919143876,116.12747464992758,4142
2023,off,1610612748,111.83799159112732,112.68656650347155,112.95886944800498,111.71235031974732,112.0588414715653,111.6743993121632,111.67717893477541,111.61916720068677,111.93360869472612,112.90212968972374,112.15086716081075,111.6103888600019,111.89148486026066,111.84091594837953,111.84043592005412,111.70426065162907,115.09433962264151,3922
2023,off,1610612749,111.66392898000733,113.45994810046503,113.83306614118152,112.09892498255523,111.32732041360187,111.3824670960017,111.60619559601277,111.93021248917691,111.71330617529337,112.46302294517204,111.47638635477135,112.80618424840128,111.65823948670881,111.63077402419569,111.6665162094478,111.67918584928519,118.74105865522175,4194
2023,off,1610612750,112.9495883706945,114.27915009728738,114.17738120170378,113.49731750012549,113.24293589017157,113.05194380339417,113.0404855268344,112.99618166185279,112.86286618363351,113.76866234744898,112.60896405365986,112.89393273646171,112.87434936998699,112.92821589911046,112.94665416167756,113.3012048192771,114.58632233381158,4182
2023,off,1610612751,116.37912010716413,114.18684616889944,114.16204630059323,116.61727139828636,117.10568588460688,116.61576180483512,116.08721151774611,116.2742921245209,116.54532152842931,114.91745394981942,116.02142456868874,114.98111836699789,116.41777987431412,116.39963067441485,116.37951018932692,116.24037745219766,114.74757523004227,4021
2023,off,1610612752,115.39048178777828,116.29291851293908,116.41056136920558,115.2007128213442,114.80161757757034,115.1571581713542,115.52989935004274,115.4246774024888,115.29757810840101,116.48030762718808,116.00859470502803,115.55135594742463,115.36969127100276,115.38131855841556,115.3906118604488,115.12687854151268,120.9511889862328,3995
2023,off,1610612753,111.59901687915828,113.02947795687311,112.77163756819579,112.08926481965173,111.62260905133118,111.55996029740251,111.87200894217428,111.52661799010018,111.41408700523043,112.4110857514069,111.36983519785184,111.92843842113635,111.60742854138338,111.61249452937717,111.59718694519519,111.47218119153126,112.14268262887857,4093
2023,off,1610612754,114.16027077098943,114.78750956009655,114.9653934314928,114.43612056127634,114.16169846760295,114.07231560350495,114.1259345175398,114.06469506858294,114.18545436335143,113.68813235705744,114.32730542378604,115.06246242562072,114.1459879227252,114.11612675744075,114.15719085160818,114.07603464870067,115.37906137184116,4155
2023,off,1610612755,115.30165841243061,115.12437118084752,114.9613355436794,115.39247389133975,115.73052766193774,115.37883139922177,115.41078040894386,115.06878646289029,115.18861542038212,114.44720414960787,115.3149769245718,115.63088500240072,115.28829325566102,115.28931847261345,115.30106301742994,114.79931051465157,121.10323886639677,3952
2023,off,1610612756,114.65581502894162,113.60235578207666,113.8252273588342,114.62649557856969,114.2864593215725,114.57532434450546,114.39972265916916,114.59726472688985,114.92099828908651,113.5665223580305,114.65887820120007,115.10285992329607,114.72824002097575,114.69249069917778,114.65810617316637,114.746772591857,115.2638036809816,4075
2023,off,1610612757,114.35651869406236,115.32510802939164,115.14039760039391,115.05130249404772,114.18873796419356,114.34420143625589,114.64936795246284,114.41983373185614,114.1532203825371,113.8437692544913,114.55829361174932,115.06485524860334,114.29847163082047,114.31380884621726,114.35621269360963,114.13313462493791,115.4639175257732,4074
2023,off,1610612758,117.71836927977958,116.95637253204286,116.65130307876886,117.73966170254745,117.98078838048083,117.88305252961254,117.87637508787762,117.65275237138592,117.61784500902392,117.41806533318463,117.2385089087746,117.31675024795133,117.71795737051002,117.69787963533308,117.72215986691872,117.50478927203065,121.17018693857733,4119
2023,off,1610612759,110.95419465407961,112.1169084447595,112.54464753474188,111.47890429902473,110.66463386627343,110.83212625463051,110.65857759122558,111.19039268432368,111.15092694479576,111.6881550799792,111.04174894112201,111.05048672769841,110.93573319179887,110.9662309666184,110.95100088765177,110.75216972034715,110.02588844433984,4249
2023,off,1610612760,112.52354697946794,113.61912726375056,113.9481258853733,112.38281504678254,112.46444558527777,112.42673176903972,112.36761405250422,112.48649270138408,112.6780991698842,112.80182150432537,113.23046493169682,113.04842282184754,112.46915615201203,112.5058884079566,112.52408360570459,112.63282172373081,117.20896601590745,4149
2023,off,1610612761,113.56195582139743,114.98118623408557,115.01960330181495,112.95279219098363,113.21045134677915,113.3486066599786,113.71151406980864,113.49335378275406,113.48511527900155,115.05658806501678,113.68272036013137,114.52874212195005,113.56796291558233,113.57840760399762,113.56012560916696,113.36964595196831,116.75824175824175,4004
2023,off,1610612762,117.10789941694242,116.22921291605088,116.28345650508145,117.4487304696772,116.76252697359836,117.0673938943832,117.04937189042538,117.06924558312046,117.13322975594735,116.81440711746669,117.08994465513246,116.61378906398176,117.15857462301989,117.0983444635715,117.10907819255392,116.65456305979181,114.78991596638656,4165
2023,off,1610612763,115.05079481060598,115.64107230501554,115.8196527837568,115.06587023176742,114.38907327827111,114.8890599999714,115.06342026979753,115.44717642524765,115.02173284335406,115.61784615034787,115.48769993684475,115.10378157190445,115.0163437794487,115.05235945658349,115.04917394670504,114.92680585553155,115.75392038600724,4145
2023,off,1610612764,112.99651047520952,113.29501209157107,113.14663064268817,113.04898596562269,113.21875771245435,113.04418587181421,113.00850937662517,113.05533439319306,113.00048832189977,113.75933419169621,112.07950460262943,112.96347430871786,113.06236805005894,113.02690332507936,112.9925795745555,112.6777832270721,116.43052448421577,4023
2023,off,1610612765,111.18014717430711,112.65224434060777,112.30189838617541,111.36288715112488,110.98194599164376,111.02250007900972,111.627177232809,111.24193894244927,110.89536275915077,111.50467641334832,111.50614816420602,111.89116117382054,111.21446308376632,111.2001249988574,111.18108108766418,111.474609375,109.71709717097171,4065
2023,off,1610612766,109.53980128553556,112.35610423502081,112.84240134243257,109.37526991623517,109.32024714696509,109.24106529532952,109.42840668745472,109.71194227836087,109.62851483670156,111.23299157006646,109.9050728984585,110.91889542097837,109.47758879292884,109.52956002033505,109.53729444565327,109.1839162502974,109.38864628820961,4122
2023,def,1610612737,113.76605423478162,115.07339718974956,115.11348556025199,113.9528348938304,113.50997303191411,113.77628489110486,113.80666803160078,113.37165883498871,113.75606328847682,114.92800002863487,113.75957956850141,114.43277877258748,113.69133009852865,113.74797673996956,113.75792381718614,113.73390557939913,118.51048445408532,4149
2023,def,1610612738,112.1106825965592,112.14653615503121,112.35329686877589,111.88408445863224,112.56489925036999,112.0123207618867,111.83473695336947,112.08278563964907,112.32841696031242,112.53573417929508,112.37064966813782,111.25209268189347,112.19520817758398,112.1790497765554,112.11036263367022,111.81884233470574,110.95015958752762,4073
2023,def,1610612739,110.06996336362674,112.04954029797022,112.24931634084282,110.41326577972987,110.48904273783023,109.9306389505198,110.08323279927124,110.31892662045571,110.10000850956439,109.1636389591482,110.47673800666594,111.6959771187937,110.02534709172261,110.04344760064683,110.07472542563518,109.94962216624685,111.4633527770733,3943
2023,def,1610612740,111.28813837174864,113.81889351174186,113.93398289528893,111.75569274034561,111.63932108424105,111.25551747961688,111.2001692276605,111.35470097532462,111.32980197253839,112.90199295804626,110.48016491628776,112.18614384470115,111.32162235213968,111.25744261910874,111.3057112455389,111.38935709125933,114.10096990798309,4021
2023,def,1610612741,113.9722219536485,114.3961387663282,114.56068010178568,114.16477842365788,114.43248013001521,113.94848043023381,113.93732559551815,114.18694086349448,114.00201524721983,113.2604286449437,114.03890117726635,114.30768848967818,113.94010390106807,113.88960176145906,113.97242824420748,114.0677966101695,110.1363073110285,4035
2023,def,1610612742,113.91313680621899,114.89145087275361,114.64677641689043,114.04445031038287,113.91525518352063,113.95622445474835,114.11974249872166,114.21290519464652,113.798579385895,114.54538674964456,113.81643161570608,113.7937136089272,113.89009512075931,113.93191413245846,113.90548996074344,114.08096555192355,119.30042173158026,4031
2023,def,1610612743,114.21497488053029,115.53030231262713,115.48462018276771,114.09498971594175,114.68237037125874,114.23533263402761,114.24052969716583,114.7804866167518,114.20276479327228,114.82714935833157,113.64873275157694,114.5360696054001,114.21899769240892,114.20825326691985,114.21733404670115,114.1627735431522,114.13260219341974,4012
2023,def,1610612744,113.74790430693484,112.80425613469343,112.32778228648615,113.87847768148234,113.6702313041942,113.70824308336958,113.93000937048852,113.91677043104794,113.65132408294994,113.99083959885115,113.54713850118254,112.16206402880246,113.99600108020466,113.81932063470622,113.74901578563751,114.00897708480983,114.08450704225352,4189
2023,def,1610612745,116.98696585826896,116.14722529023602,116.19543898415841,116.9620671110858,117.02728385520702,116.8939257836162,117.00911868457001,116.9156086375452,116.97416315508914,116.73150744969813,116.62733252222336,116.87933636496126,117.05300720565681,116.93232039842273,117.0000275326168,116.82586333578251,121.83427587902631,4067
2023,def,1610612746,111.52903572237474,113.44701765986518,113.61004671103947,111.33241374588118,111.79793623033979,111.36200110838698,111.4205395076753,111.64087099769107,111.6427208128532,113.1247835153789,111.37276488005449,111.87119668886265,111.61159081032208,111.57198223933415,111.5285450590714,111.52801777338928,117.20483115602661,4057
2023,def,1610612747,114.72815405562511,115.17816423614416,115.44085175007231,114.27679557518131,114.84644066431962,114.66447044644976,114.44604216066212,115.10618966094484,114.92204943507714,115.86577557463211,114.55189398225664,114.2394915216164,114.7823603541814,114.75806076453526,114.72695773396836,114.40778542606219,113.70423892100193,4152
2023,def,1610612748,111.71932119906104,111.57160258529304,111.63541528542501,112.6295074132638,111.96777861253999,111.71230496194244,111.5775481184807,111.752433365714,111.80911042747219,111.16231920668729,111.46163119422269,111.17915400771842,111.80484196845697,111.71310622168963,111.72278882751111,111.73086543271636,115.19632840387557,3922
2023,def,1610612749,110.15601688724858,112.54599615430263,113.01806541942682,109.59056809540805,110.70341658090646,109.88383978239844,109.87923854078538,110.2256207068368,110.39326116605807,111.4748289885618,110.5566475734134,111.01212971969662,110.20083096762905,110.21046245020975,110.15739281962718,110.17195446839429,113.28236980410894,4186
2023,def,1610612750,113.41243065965999,114.64593960319759,114.80420698012406,113.81441067391957,112.76562345183595,113.23571838760975,113.50816219808722,114.00086361419328,113.33243911730673,112.94474190718888,113.89061676563877,114.53853475899447,113.39145689688146,113.34425286614808,113.40371438842095,113.39264246213033,114.70729366602687,4168
2023,def,1610612751,112.54138537807864,114.70535674537388,115.00372488638922,112.70416000968034,111.8231998821557,112.24424664845832,112.60532182276503,112.98092616412488,112.4823312414684,112.17648206656727,113.04464237572219,115.05773633448179,112.48341603696898,112.51652459664771,112.55099024633749,112.70512182993535,116.34019340441358,4033
2023,def,1610612752,112.53145050335628,115.10540356619455,115.32402905209776,112.41377550578723,112.42795171008233,112.28106888548756,112.63047290193428,112.88618820456917,112.48445132441896,114.25065406123787,112.99670333193933,113.05973806454415,112.5240274508906,112.4728582765661,112.54155629260501,112.39221483123922,117.27840199750312,4005
2023,def,1610612753,115.2906248120397,116.41361306265033,116.58888851533813,115.23127172069354,115.5346962420713,115.22966914162323,115.22643856752687,115.22233359158325,115.30181035442834,116.69960580973454,114.81317838182487,115.52812917497002,115.29804383642984,115.2203129620061,115.3209614370599,115.17309108765038,113.86235611070292,4083
2023,def,1610612754,114.2852877156989,114.01127791595101,113.88086717618098,114.71023042212778,113.59392621731071,114.27295777927155,114.50715085634495,113.5153880895601,114.17138513914078,114.02913585386911,115.0561784009361,114.5142406344408,114.2425563793822,114.25154629434613,114.2862535121699,114.22029404675826,121.65022853019003,4157
2023,def,1610612755,111.56685855726869,114.28899782482486,114.28044181612596,112.08420996827792,111.41400999573854,111.50664442223334,111.68183703233846,111.48246436573822,111.47098262734829,112.9203330211431,111.1845988389974,113.11763685805349,111.52991463274059,111.5497511906514,111.56553325820096,111.16863905325444,115.929203539823,3955
2023,def,1610612756,113.44975876888367,114.49224555264034,114.20522462197324,113.8674393300988,113.22232467388284,113.46929802805317,113.71840721822441,113.1080333831494,113.23147956267033,113.60180367214845,113.37971354778449,114.48922565271155,113.42282990271801,113.47370053253469,113.45092337335761,113.23712366260264,113.00073728188744,4069
2023,def,1610612757,113.84475897040886,115.63492976640349,115.67939394508723,113.82165366536714,113.78903951445302,113.86369482545133,113.95673274698858,113.99980718659877,113.7769711603027,114.0440959350378,114.12358658958293,115.19467290130576,113.72452214596204,113.77844984490682,113.84453948841457,113.84005942064867,123.31453787693061,4079
2023,def,1610612758,115.0764138666605,114.87297397011103,114.69753539274147,115.11517061345323,115.50612335287427,115.22979007915954,115.085229371651,114.65920259964912,115.05449046316879,115.17251814014489,114.6578277142151,114.99348284483777,115.05504013992193,115.11303119652297,115.0668593567311,114.98441620714458,118.5967467831998,4119
2023,def,1610612759,119.77793267033786,116.47266667273516,116.36050566999542,119.87538312172171,119.24821360694095,120.08705770391668,119.71764036760031,120.07866948444642,119.83356008825928,117.11307544210368,119.96158081394448,118.90625096470124,119.7061356568069,119.74959677858628,119.7879163352298,119.24282613937787,121.0489181561618,4252
2023,def,1610612760,113.21677352201706,114.19694126787674,114.1486437967862,113.91525648303777,112.55645769004704,113.15078099018477,113.41809089868364,113.08610284584594,113.06834804837862,113.38666474808173,113.60362365743133,113.83564573746568,113.17416153237488,113.16540849775892,113.21655317248779,113.08256446652472,115.01690004828585,4142
2023,def,1610612761,113.77366309846818,113.81227319929673,113.53469242894313,114.81767553965223,113.65266560554943,113.95508626243706,113.98164105929185,113.51659385157257,113.65671410792217,113.35735252833705,113.45456230987776,113.72994628479758,113.72750752036146,113.70017289564899,113.7811508467644,113.38133068520358,114.26426426426427,3996
2023,def,1610612762,116.01519232296684,115.98497400735516,115.84066341272178,116.12054982646862,115.45329784054637,116.09931832908724,116.05256050879137,115.92020970480466,115.95611336999052,117.04899107832543,115.81584234508541,115.61814411088783,115.99635165723701,116.06296896799448,115.99297726854238,115.49431955523326,117.65129682997119,4164
2023,def,1610612763,110.09619457780286,112.88067532665725,113.33401086110528,110.17238007650298,110.06941691892294,109.75940520726299,110.0667545783233,110.2477807608454,110.14432694095525,110.73195460848693,110.94674063636776,111.5967498901183,110.06682797352578,110.04585712691558,110.09186347283244,110.14423076923077,112.92812349252291,4146
2023,def,1610612764,114.13885018054937,113.93844780284579,113.97933241451018,113.72861555597353,114.37363138282859,114.0650156999703,114.01731370611034,113.66296005528056,114.20602860162198,113.83583198033728,114.1737767941148,114.83422233982931,114.21511645982989,114.22075404781428,114.14747195062341,113.89772449229264,117.69249937702467,4013
2023,def,1610612765,118.8139472117572,117.77174787889224,117.5610233395458,118.6440199717799,118.68646617417991,118.9739554538158,118.92011127271628,118.62645991522355,118.6956613400089,118.97595105672846,118.47603054426763,118.33640617103097,118.77924219559908,118.79816652473131,118.81223696169683,118.603515625,119.04644875890882,4069
2023,def,1610612766,115.03610852110464,114.88181856198052,114.74433782990961,115.30332405089376,114.97619237325316,115.10392441155844,115.16638027489932,115.18040629403913,114.93112653008802,115.23007572605239,115.42629654446614,113.91540881402399,115.0096962182917,115.01011369296383,115.03848406352682,114.92289442467379,115.37158073105786,4131
2024,off,1610612737,117.93411787294892,117.73422081923158,117.6001871728092,117.9786290408546,117.47636249955991,117.90673198396235,118.11368932274088,117.77648053464418,117.7744322968055,118.07780978163362,118.63737849839276,117.48295448073888,117.92628442519985,117.9253133234391,117.93384225720177,118.0104961832061,116.34050880626224,4088
2024,off,1610612738,121.02155306376031,119.35500824585746,119.18812720323194,120.76180920128299,120.93783983582401,121.09969103489448,121.10154217843777,120.89649512049597,120.97433022520217,120.19206973634537,120.62377440978494,120.92637905730173,121.06259370103537,120.99193390281796,121.01989721686314,121.01537710519892,124.75322703113136,3951
2024,off,1610612739,116.05217735367634,116.29058378371074,116.35021436232586,116.18654055872665,115.86590731592021,116.05720097923603,116.05349812700914,116.1293098837421,116.11150808645037,116.40480198400691,116.2391211783676,115.72617592181315,116.01505371460631,116.02491557088113,116.05378991308923,115.77904384443895,114.65192259361649,3979
2024,off,1610612740,117.78179697652322,117.13223093887575,116.5547810894865,117.68318556206974,117.66262562955976,117.89808778509327,118.2521785084779,117.89396418001976,117.49094400351325,117.03754999753065,117.90356422689406,117.57345942416309,117.76455326428771,117.79527402859767,117.78554337234328,117.57754800590843,116.70423240671174,3993
2024,off,1610612741,113.82974309150437,114.28680390655526,114.44110447732504,113.4057453561578,113.73895815802418,113.68863815683692,113.81064897603017,113.80500698486438,113.89183773426768,114.01807815570065,114.55530667292571,114.00949492103203,113.82341217319365,113.84013010024296,113.83233018367214,113.40852130325814,116.21487192240735,4021
2024,off,1610612742,118.41264261667975,117.56705609412451,117.47730551938045,117.86279655565951,118.63217589424063,118.36497614595363,118.51941384739402,118.56012837886915,118.30008766417527,118.14565740975371,117.95387399096748,118.49871680118032,118.4628295446953,118.39604665362583,118.41268091509885,118.48064280496713,117.02439024390245,4100
2024,off,1610612743,119.26040462427746,117.90675432586583,117.86961146791137,119.00499972291958,119.05420345999981,119.45081466578158,119.1461803740837,119.4431998107888,119.3290186567675,118.67656602035997,119.2734151251227,118.64578158396955,119.22233581433669,119.26463146629938,119.26077553026069,119.1,117.2883064516129,3968
2024,off,1610612744,117.97663012845858,116.76765417963533,116.63389800281418,118.23266831899483,117.46778449229441,117.92268781463406,118.04712645963353,117.93295804027754,117.92546446718957,117.67593829825319,117.69838298404686,117.55911196249508,118.08320112879045,117.9897779854533,117.97467999331029,117.61405220785558,117.69286931126796,4109
2024,off,1610612745,113.679626997434,114.45873915895885,114.37578485418749,113.39800561021994,113.69004393727653,113.56923570406204,113.85533186652788,113.72812234406238,113.55470105706654,114.17479844286625,114.0834637630693,113.82708751731417,113.68624776196532,113.6890957992584,113.6800558262897,113.88751850024667,115.01087744742567,4137
2024,off,1610612746,120.86153125116462,118.5599427630779,118.04364169402511,120.77167512739119,120.67382482446578,121.14675418568295,121.05346982622353,120.73815728116828,120.71684071516583,119.24803054572689,120.6016207930937,120.45573984691625,120.89159073027194,120.88307251753477,120.863571306159,120.539056650861,117.00628930817611,3975
2024,off,1610612747,113.08291432515033,114.15386018637199,113.82747426468762,113.23896706119139,113.57680962925802,113.19872772258078,113.32064378236775,113.14148996874549,112.87686057422289,113.45732660581051,112.55716006112232,113.47579900225882,113.03700947425267,113.09375751988266,113.07964841264399,112.97101449275362,119.32251908396947,4192
2024,off,1610612748,114.2955889379076,114.0155447898609,113.54685000117398,114.25793386261084,114.46746387437857,114.33278528853097,114.64806144091752,114.11348594520692,114.09096857060838,113.64475689495534,114.75897819263868,113.98595457382866,114.34189967499577,114.32086674456376,114.29726757515044,114.44305381727159,113.74649324152001,3921
2024,off,1610612749,121.38116601207079,120.00081826184434,119.42869333162892,121.05856109181137,121.59774877871801,121.62154989008398,121.75772509662896,121.41188901322596,121.11215486338561,120.6368236651879,120.7045688160004,121.19332715964842,121.3637619840319,121.35711408736012,121.38222602478746,121.2907835198857,115.19268774703558,4048
2024,off,1610612750,115.66328203109117,115.47558681409437,114.93685555943473,116.28048650958986,115.7653776239864,115.85134088240123,116.03621418996862,115.6411382734271,115.39517738185396,114.66020375993394,115.72090743635634,115.46134195162995,115.64222021919103,115.66419129098769,115.66525334084878,115.23031203566121,115.82516955538809,3981
2024,off,1610612751,115.67899355433364,115.92061791433426,116.16911514250265,115.37052480097037,115.37139854929696,115.4635303561552,115.6467101543927,115.83722909138677,115.71368369581774,115.80070170613122,115.99992857176329,116.15436383342502,115.68392164820521,115.67101490309082,115.6778546752961,115.80509522631709,110.47040971168437,3954
2024,off,1610612752,118.18442767946341,117.81236633878322,117.66594645387991,118.27997339585117,117.43335709394277,118.0934587502314,118.41639139361497,118.2221549559842,118.02050292616538,117.78595104426583,118.60861985579967,118.42365867810355,118.18722380677025,118.18405122404195,118.1840533357586,118.03155522163786,117.97139141742522,3845
2024,off,1610612753,112.68899112928193,115.0094736123992,114.61887386354464,113.06513149187325,112.44905359943057,112.6480578759304,113.17708157469856,112.84793346248121,112.3477732698301,113.88844566964772,112.51297932299997,113.6429469041964,112.62434087155745,112.68270322206567,112.68580516197753,112.69334642769458,114.47604406866513,3903
2024,off,1610612754,122.5353524434705,120.08016030847926,119.90361162421011,122.38402252358166,122.45875134813575,122.86788857474559,122.40988009452047,122.47191761852108,122.58400777903599,121.7583831962107,122.25837378691077,121.1958838571255,122.52057901793991,122.52725839288112,122.53572597793178,122.47324613555291,120.18415313787254,4127
2024,off,1610612755,119.92671111967486,119.35665705280555,118.6967863505644,119.43845392360423,119.74047934185059,120.08396088695666,120.45271368540197,119.61469367519531,119.50838029124436,119.64881324215442,120.29101916027903,120.00549111200979,119.90184910597377,119.93257287350944,119.92941190003638,120.1373558989453,113.70314083080041,3948
2024,off,1610612756,117.68513221641562,117.10468160576848,116.3000646232159,118.08816287749376,117.4172377083265,117.95501159333925,118.19736661984263,117.48653073001503,117.31805480111149,117.20921655817881,117.6574267843033,117.23337403300098,117.69952980468676,117.70221864578669,117.68625040711855,117.83138522755533,117.71090281203749,4054
2024,off,1610612757,107.95059054129558,110.43789763137549,110.82554644698575,108.4358032031645,107.59877750429911,107.5889442026498,107.9215391077214,107.98334340771646,107.99792592208537,108.51114660252792,109.12305163733552,108.8771825252721,107.94831953314619,107.95702599757912,107.95300024807644,108.45452304658615,108.17247430433693,3989
2024,off,1610612758,117.3047119056062,116.47641024800086,116.59486881431923,117.20037537111092,117.31605180146671,117.23775284341505,117.23849924282645,117.63363816981911,117.3073173803923,117.03267745534792,117.29071281999302,116.64183257963649,117.33057570581468,117.29195678319148,117.30561925966003,117.14077315827863,116.29629629629629,4050
2024,off,1610612759,109.58210848347304,111.37544696793759,111.75432296981309,109.76242053409212,109.93339028143859,109.451586823238,109.34118352062463,109.5620267721079,109.74019661156244,110.59174421522692,109.4430802782846,110.20582212254341,109.58937479321175,109.57831956636713,109.58270821927445,109.50905624404194,110.61007957559681,4147
2024,off,1610612760,121.22030634985589,118.73708039963472,118.3397591701693,120.7852546252682,121.64936027886986,121.54802933383702,121.28564588007586,120.9145980067884,121.17626146192308,119.93982759059551,121.07577519574849,120.12114211179846,121.21697761397436,121.22645894651176,121.2210108593652,120.83433807571738,117.12279002179704,4129
2024,off,1610612761,116.10057137000906,116.05771917418932,116.06276561743243,115.96865735685851,116.00924484961523,116.0925421056023,116.0997456122942,116.33510912878259,116.06748270504738,116.35598554378649,115.71275325769044,116.21769021492511,116.09214147611974,116.113117001273,116.0994638362045,115.9665929746991,108.89696969696969,4125
2024,off,1610612762,115.25788763425955,115.93335150913323,115.84469629189404,116.03690125292457,114.59801291212287,115.2765059407186,115.31470840485866,115.0576270775614,115.21634836747756,115.81801596209178,114.86225065898637,115.8063955469647,115.27618815741292,115.25368064260307,115.25856896420315,115.00847252481239,115.49399362588869,4079
2024,off,1610612763,108.5537191978048,110.94468055899377,111.23815566202656,108.82963712655524,108.62386952698473,108.2816588629524,108.534548782806,108.63018871111859,108.5931174340531,109.80122913686668,109.2155134546511,108.85911493101263,108.574861210683,108.53980245248026,108.55421678664695,108.51897184822522,105.99400599400599,4004
2024,off,1610612764,112.536876208788,113.47401060971941,113.6781635283729,112.36921497371023,113.13870365624493,112.49617770928715,112.40369321099986,112.62011040022271,112.59790472542815,113.05509592255822,112.0823413802984,113.03390351066905,112.51144032950607,112.5343636921435,112.5360466809958,112.39630244133681,109.32284215546018,4194
2024,off,1610612765,110.57470151225147,112.19456340397102,112.26198371787756,111.24533946853667,110.45642227262341,110.5170042099602,110.57164265993532,110.60843297818136,110.58010962589108,111.53151731084192,110.76447134312527,110.51896855753844,110.55259317911538,110.59024126620815,110.57094644419676,110.71428571428571,108.67321867321867,4070
2024,off,1610612766,110.1470323474599,111.48530576101741,111.89998176506516,110.31260723940176,110.23695575750722,110.0037041758124,109.88877148199109,110.12116078807442,110.37053030576152,110.46610034682011,110.63532545753874,110.63628716082145,110.1321594685463,110.15454774539401,110.14889903185824,110.25704399406821,108.60406091370558,3940
2024,def,1610612737,119.79092604241728,117.38670714928352,117.26715416484572,120.05522276696469,119.28858918818142,120.08294930713335,119.7957963317813,119.75039618780151,119.78984935281218,118.31594674994629,119.80561052113298,119.00363125731303,119.70720042568003,119.72541572917672,119.79097202602544,119.94750656167979,118.35689907362263,4102
2024,def,1610612738,111.46984081112267,113.52503935590319,113.98235131346786,111.02809310138646,111.73992554954239,111.16239821190074,111.24140726938839,112.08691314595313,111.6678839832379,112.56130254756513,111.89341330216111,111.82051388487798,111.54193442538407,111.4960188939968,111.4669170454946,111.30690161527166,111.87515858919056,3941
2024,def,1610612739,111.0292278304489,113.26407272540251,113.28455782919607,111.19604934800473,111.16019161998521,110.86267888261335,111.20089260161112,111.04788882727789,110.9235460415326,112.12868798213593,111.85494449497345,111.1432916181494,111.00841494006363,111.02481854412972,111.03029366609749,111.39459995045826,114.49823499747856,3966
2024,def,1610612740,113.34886384638025,115.48661277355451,115.53170107654148,113.58641104543138,113.30943728161343,113.22369179990602,113.45524053988493,113.27888085031475,113.2830013370521,115.64947773670126,113.15912118236969,113.35491170176556,113.37715495160354,113.29476921196199,113.37749411017373,113.01673228346456,112.24949899799599,3992
2024,def,1610612741,115.53945207761241,116.0153905702722,116.14195787911076,115.89654874073923,115.2242909392698,115.46594337150657,115.67370290886812,115.69439050335045,115.47170399323223,115.51750018701541,116.020380594936,115.55523939058635,115.48939241742491,115.4022473433145,115.54158694380713,115.27290936404607,117.33499377334994,4015
2024,def,1610612742,116.78478769237617,117.16002070899692,117.10134620178303,117.02229643895532,116.06426194627622,116.84138131357048,116.79960598144694,117.19670395771486,116.77407197627822,116.9560478879961,115.99583204332461,117.80592717454158,116.78229479446559,116.77482826429473,116.78542633445154,116.86131386861314,114.1185076810534,4101
2024,def,1610612743,113.84936303359905,115.1639552677878,115.05021298539886,113.601647380644,113.88473863740634,113.81466723888568,114.00726787999598,113.86349533184536,113.74571618773744,114.15958095821918,114.29294420916312,114.60106858048542,113.80652662438406,113.87395900344569,113.86018838466552,113.80345086271568,112.24696356275304,3952
2024,def,1610612744,118.16982169130442,116.1768043298239,115.7395482729907,117.7892901970174,118.16992564054875,118.18434018747396,118.31835489874757,117.994026518479,118.01204285419352,118.85880875501876,118.03738924412228,115.8889056578899,118.36114996526565,118.22823886392582,118.17181918318201,118.16849816849818,112.45725451880801,4094
2024,def,1610612745,113.0595711306331,115.41938379025395,115.08055810427788,112.9756001048643,113.17769622976931,112.90856831746427,113.4497289045762,113.75724403057364,112.74628559208963,115.15867811882843,113.40596246378131,112.22725190806975,113.13568616559267,113.07738301573671,113.0652665934596,113.12484609702044,113.50762527233115,4131
2024,def,1610612746,114.42774720340908,115.02610626980461,114.83094829113037,114.51195793569245,114.18054315407599,114.36065408387778,114.57112321761755,114.52899325847099,114.32429154602626,114.7269985797235,114.21918537823468,114.90704019321736,114.51093912873655,114.4688227819444,114.4268177065283,114.67798302546181,116.14688128772636,3976
2024,def,1610612747,114.41126452873752,113.8654872637668,114.18784327834338,114.36492758212187,114.66793714388159,114.27137462203805,114.14724895086553,114.37552325761129,114.59863496995818,113.17082858759161,114.31093348587268,115.16799558686347,114.47996768652824,114.43131443979748,114.40099865992508,114.36851002173388,116.80190930787589,4190
2024,def,1610612748,114.02189240488288,114.20567656400394,114.20863248593733,114.26487804058185,114.27607965969473,114.01403112816085,113.92812518322114,114.38512817977751,114.0661756648247,114.50690647147877,113.72707347179907,113.11352875943834,114.11515075834323,114.02771603389388,114.02983855609972,113.59660084978755,110.5089058524173,3930
2024,def,1610612749,116.9677163813898,117.00398770693609,117.00689485141939,116.30219577940596,116.97673376486124,117.00024163753626,116.879948986489,116.33621627120358,117.03480268518365,118.98275062866978,116.88257791080323,116.3043531865328,116.97830842499683,117.00492988321346,116.95216137931412,117.40061890026185,113.94313967861558,4045
2024,def,1610612750,109.26764798087954,112.20052282175389,112.41814953679354,109.42177191061738,109.29835264235831,108.96878544999892,109.22729468362061,109.0615053134948,109.29564394078396,110.5006584934926,109.49210690547301,110.94929003123883,109.33007400184684,109.33976105111032,109.27489798381426,109.41381023348237,108.98565315882205,3973
2024,def,1610612751,116.99467889006317,115.9069459878128,115.84656348754163,116.49556547800522,117.01847043277552,116.97397539360011,117.05767712623044,116.5274411863619,117.00435609762623,115.72713868395772,117.23026021748669,117.8090192258304,117.01540984496864,116.99401675017623,116.98783890108733,117.0207509881423,114.95704901465386,3958
2024,def,1610612752,114.09508974280439,114.9552270109785,115.10086507576204,114.00374923213339,114.49919192488372,114.04096490087996,114.07485332937436,114.3168022003728,114.11722276755896,114.2008458714284,114.4079256659707,114.12379359463601,114.06700999639995,114.05619143597882,114.09449000079182,113.87775551102204,112.5065002600104,3846
2024,def,1610612753,111.67877230741908,113.97514401523271,113.76637233728263,112.16812196934336,111.9972250208787,111.67181715941362,111.90192718714886,112.33056291055395,111.47707921242865,112.68142654538721,111.77215615597346,111.40925909980109,111.66038809083318,111.68554654064519,111.67546981998646,111.7820324005891,111.28783991790662,3898
2024,def,1610612754,120.42353909364965,117.95871414179162,117.09174888513306,120.49824523302682,119.78405733043216,120.86567990726506,120.91846576679913,120.18101944947809,120.05399420638166,119.3535214007843,120.55224320142365,119.19298489868852,120.35513709296391,120.46777924248964,120.43503956252786,120.3950499762018,116.19070667957405,4132
2024,def,1610612755,111.9440964624021,115.46662195981506,115.35578275284435,112.3117079682169,111.5341399328992,111.88873637609731,112.20332647231842,111.92609027839235,111.75325663508018,114.25588012362205,111.95697241773583,113.28482615521101,111.85221034847159,111.92289551627405,111.93356911211002,111.87147412312976,115.76018214014672,3953
2024,def,1610612756,115.93731142615928,116.1671825355559,116.20350414307552,115.74089397586722,115.78714832563048,115.87209616474442,115.95202153072937,115.94716452004877,115.91462269797756,115.67946079232789,115.86251822431932,116.89715792742075,115.94504420468844,115.94414397190512,115.93746898609855,116.11940298507463,113.03813038130382,4065
2024,def,1610612757,117.65315927897134,117.70490101659841,117.28994790512144,118.18182949520701,117.04454312459447,117.9742271643424,117.8753638924572,117.51820792234277,117.47690946351514,119.19159371483816,117.04676164815648,116.75031058107639,117.57322335971826,117.62047341296817,117.6458797897885,117.42125984251969,117.06706706706707,3996
2024,def,1610612758,117.12656483642257,114.49543704328278,114.06704893741649,117.17161633732353,117.62098716108392,117.30833386238623,117.27590462579971,116.69103126332926,117.01045284629642,115.0376065025621,117.1647997173641,116.14347429411016,117.17256649633329,117.17122780912781,117.13032494476315,117.01557935735151,113.37295690936106,4038
2024,def,1610612759,118.75454701812184,117.04221235358106,116.874743521963,118.67234165019413,118.65394393822142,118.92192010225034,118.87146864083174,118.86662998509823,118.69779163794068,116.63344214715983,118.80884696216525,119.06671214126482,118.70340243198117,118.69283670618276,118.75246959690952,118.25962910128388,113.96970425583073,4159
2024,def,1610612760,112.91853646773747,114.20585006572576,114.04158974837684,113.46369282262829,111.94399479278037,112.73510178896484,113.26979639156322,112.76935837162111,112.7028817704355,113.64777898493108,113.7066521445219,113.32750218202206,112.93503862065444,112.89245306653409,112.91008811211147,112.78032312515072,110.6744298884037,4122
2024,def,1610612761,117.41005313136215,115.54308390881887,115.64565024982086,117.31290271473169,117.4222767857173,117.49386916524823,117.23150961617125,116.9884621130691,117.56166646966794,115.7556955343649,117.22866898870532,117.83914730393049,117.39628153554946,117.41490423803096,117.41405023204732,117.17022844509948,120.21765417170496,4135
2024,def,1610612762,117.41588507863597,115.85857004609173,115.80466620427424,117.17822040654674,117.48797025172193,117.39613829162919,117.46938383592769,117.66131530291278,117.39897461287732,116.26700206436449,117.72951428440268,116.57532926786857,117.43709687032916,117.41457155422461,117.41171571934893,117.2564226854096,123.30144714250675,4077
2024,def,1610612763,113.86451641221252,113.85484313234298,113.77112088986678,114.37234269478348,113.68837167092916,113.82709711408869,114.05329036419118,113.87939159119591,113.74054374243127,112.23125479763499,114.4198424777917,114.62859097700901,113.83963962546915,113.82188763995606,113.85868208107364,113.92498161314047,114.87025948103792,4008
2024,def,1610612764,122.08029318011624,119.55416844973924,119.35580556851922,122.31450907029362,120.71407849678823,122.30686362168393,122.14258785894673,122.42748499125499,121.9932127271346,120.96390766401669,121.57230794227837,121.84148243272337,122.01988128851687,122.07652383474414,122.07941934955844,121.75563463819691,117.91151284490961,4204
2024,def,1610612765,121.39907470381283,118.08210211039392,117.24519903917908,120.84967093171754,121.48372512146646,121.73063626163028,121.82270749717071,120.65718744486809,121.06625578415415,119.9471262000907,121.28025756339726,120.32997328651028,121.41259860671194,121.47901600280144,121.41755848604797,121.13939393939394,116.15913555992141,4072
2024,def,1610612766,121.62640352697805,118.51081429179177,118.23102833239413,121.69222660792758,121.37879363426994,121.95143925773824,121.75894061833658,121.33423196574996,121.4722996261509,118.57437949397458,121.44782476420771,122.08259292157159,121.54507614806404,121.54390604851228,121.62898832197101,121.46739130434783,118.1702990369995,3946
2025,off,1610612737,112.56571497766046,113.86456186259905,113.76282272700841,112.84829619857965,112.44867203712425,112.5635718837038,112.72768675222694,112.56269270240382,112.47682086222312,112.9810809007488,112.81462432070786,113.02369153367601,112.51689106132957,112.55429643430352,112.56510470199214,112.3422159887798,116.5871121718377,4190
2025,off,1610612738,120.10828300094241,118.56133836432225,118.70010862514998,119.31021674367955,120.19842583530149,120.04605783140555,120.0020220323016,120.02901694323126,120.1892399794438,119.89797917763985,119.47740814772698,120.24435197304751,120.18170840295707,120.05896498514603,120.11592026497536,119.81108625403927,120.40868454661558,3915
2025,off,1610612739,122.52205034886856,119.62840682342824,119.50449770491164,122.06816861173641,122.8201839110493,122.77434250837442,122.45710668361218,122.50248923039622,122.5506916868733,120.64344912336237,122.5771452182013,121.47214358689942,122.49664258428174,122.49028276314121,122.52134789866253,121.77085867185599,121.51375030421028,4109
2025,off,1610612740,109.15249345827145,111.4814767683308,111.81795125512483,109.29497823901323,108.95908528091192,108.88491781692957,109.11788118424,109.23165418737992,109.19672787852217,110.1306213782645,109.66120081958245,110.2599543235864,109.11786511399228,109.15558346795646,109.15295932732162,109.0909090909091,111.68577701878507,4099
2025,off,1610612741,113.48591621437834,113.43745702720666,113.97189859511552,113.53883477739201,114.01705962172703,113.45309574828175,113.07168619633673,113.42547586392583,113.77496974588469,112.76787640350578,114.06225691947229,113.30245037334963,113.45341854924985,113.43904618494335,113.48488781661163,113.23771455443216,114.8411569464201,4218
2025,off,1610612742,116.14974667914043,115.48344766292186,115.20172129581667,116.12634762510272,116.24323885752268,116.23936896395256,116.30962500674336,116.19428965633217,115.98895888763627,115.58139396612806,115.83563763602187,116.13136587678885,116.1664940119861,116.1672498900592,116.15039488428302,115.69058077110786,113.17013463892289,4085
2025,off,1610612743,118.89543558543252,117.65529029478543,117.10871148466407,118.7578402496728,118.79082613179104,119.24875809361332,119.1567905742807,118.98773778656907,118.73651472218235,117.77356628046881,118.80864934309383,118.62373889765023,118.83114860808668,118.90710895662922,118.89929832637853,118.18399616674652,120.84143968871595,4112
2025,off,1610612744,112.7164498008828,112.91987248360245,113.36059348418493,112.7451710224822,112.46981707492394,112.41462270520404,112.51664519694287,113.05298422516303,112.85784642315048,112.48232537060129,112.81591369847675,113.23362346494433,112.77212995800569,112.72142626574285,112.71368952062288,112.26647000983284,117.71682727946627,4047
2025,off,1610612745,115.1232293457791,116.01173408800615,116.15622452555994,114.883402728169,114.22788347048316,114.88165045366964,115.2221276367316,115.2443088754583,115.09333869421818,116.15252649616495,115.45533207510167,115.8586880203348,115.10017471238558,115.1346132389826,115.12232887549155,114.713829525915,116.01088839396189,4041
2025,off,1610612746,111.49140709366199,112.09771660127754,112.08350983605105,112.22577800707388,111.62627382028174,111.49366070110084,111.48179185858343,111.48795385244283,111.43539198087527,111.27204453748539,111.49646370099235,111.48929960077332,111.49746247999431,111.50650724497048,111.49206876224365,111.16876698789227,118.5370741482966,3992
2025,off,1610612747,113.89645431306413,114.42547846093217,114.07712102630117,113.66036150243079,114.33535789608044,114.00632141066659,114.12310915321426,113.85368570815697,113.71652255251466,114.30306940393515,113.13537494664348,114.45200217381746,113.89023863653372,113.91156649885576,113.89423437640278,113.74407582938389,117.65877957658779,4015
2025,off,1610612748,113.60976604378439,113.43412377858873,113.36998247897624,113.40267919562693,114.04467630564069,113.58195269346784,113.66311951125397,113.54900247238955,113.55416263352315,113.02847465892492,113.86624626173356,113.58486553967253,113.64428563571538,113.61344951266085,113.60787320398163,113.25540910221338,113.17771084337349,3984
2025,off,1610612749,114.28258247459564,113.90769264305118,113.75164112045253,114.18531738757568,115.01869442105028,114.378747887155,114.37568767608853,114.54530839031153,114.18397774289755,112.90890925683031,114.26164601554797,114.35201509392004,114.2601200165924,114.26800644485935,114.28230293983263,114.25067451557518,117.25317693059628,4092
2025,off,1610612750,113.31604687633036,113.73205372595629,113.86057122573467,113.95220369281567,113.3624762734253,113.23528464678107,113.3069890193979,113.30923994562353,113.34508876180911,112.03520325547602,113.29984451546139,114.45337619200875,113.31439622596741,113.27692120006618,113.30952631504954,112.98896690070211,119.73425196850394,4064
2025,off,1610612751,110.11329083906679,111.81512610484486,112.01902462293874,110.68144535598637,110.28582074978304,109.9388156058393,110.12814624282034,110.00926506258463,110.095633824654,110.0962415776564,110.6736230988468,110.84795347223114,110.10344255432564,110.08342343257438,110.11067518714727,110.09796533534288,107.56729304215338,3938
2025,off,1610612752,120.47625130483145,118.54807320608775,118.31961286653285,120.18923917782028,120.47587758254379,120.7925008455704,120.43302121851548,120.31877148668208,120.47957614768471,119.70376490927684,120.32101107163234,119.6844400632017,120.44302357703837,120.47279464355788,120.47538516627355,120.08493629777666,116.1698956780924,4026
2025,off,1610612753,109.09179664620716,112.53472253814786,112.56177154660594,109.55251365860079,108.94866357823878,108.90595771639978,109.31866203806149,109.11799084712128,108.9353127401702,111.82719079196694,108.91992292607556,109.80265422329789,109.03531433052845,109.06790357085127,109.09550253155884,109.08860116780909,110.35532994923858,3940
2025,off,1610612754,115.20628223321425,114.16629033673149,113.9235678639509,115.02476212386925,115.670396689519,115.37962358858118,115.23988026847137,115.22224556814353,115.2235169291223,114.59936045396577,114.93007241143447,114.49543986388377,115.21739613992587,115.22701275979885,115.20589339779698,114.84811664641555,117.57081132981277,4166
2025,off,1610612755,110.58367263578896,112.49505941885798,112.29445649451647,110.5717604856368,110.8805193340388,110.48683615288522,110.89825524197511,110.57278278223951,110.34829675475738,111.55741334556795,111.00926632977466,110.85268469152385,110.57070100425672,110.5770253626627,110.58386348262839,110.41666666666667,113.19169960474308,4048
2025,off,1610612756,115.40157988079565,113.97473423193685,113.39311916089511,115.29835746425238,115.81017612710401,115.52137605315447,115.72040618238998,115.32372881979195,115.2419352149429,114.56647155274796,114.95128049439589,114.6164303342739,115.52316215530337,115.42860363434258,115.40102446608178,114.93313521545319,116.00099230960059,4031
2025,off,1610612757,108.84380995208213,111.69602864569792,112.24028320251435,109.59962653867946,108.53367910137966,108.57061672121256,108.68393136835509,108.88257101999415,108.93736551916672,109.92090456157878,109.42521907764022,109.99371379650295,108.76645246192012,108.8140844656513,108.84314635055146,108.81773399014779,114.08003904343582,4098
2025,off,1610612758,116.23518002474005,115.04168274250026,114.85002804924498,115.81068664170371,116.31432489614738,116.31818680665879,116.20957523691429,116.0846071857513,116.24530933156807,116.79078507177772,115.77914457385577,115.23352694698926,116.34430526515217,116.26310140516912,116.23257240229528,115.87648918064673,117.03501365780978,4027
2025,off,1610612759,112.14021619231745,113.7914308824474,113.92240793059239,112.17767231808382,112.32769079875978,112.09754324660165,112.12395586841843,112.07880085280544,112.14102403888533,112.98047008702319,112.02545620717441,113.02941307332921,112.0993781262551,112.10274532493207,112.14277355723983,111.96183953033268,116.04968339016074,4106
2025,off,1610612760,116.45438846179488,115.44205458161234,115.70153748730873,115.69618456965621,116.7620476318949,116.4905230216725,116.13649836842316,116.25119473985805,116.70168554475958,116.67900039706149,116.33690881728293,116.00494806908287,116.46855496307234,116.45974096652174,116.45424279339302,116.14240429163618,123.65305629379077,4139
2025,off,1610612761,111.01315678235817,112.63348829448847,112.81494961489341,111.56099041073149,110.67710803667899,110.97087267650772,110.95570753647165,111.21804387109478,111.07239989322086,111.58849773320836,111.59957552513684,111.17512972153624,110.94328907132866,111.00622389537068,111.01068929066754,110.5736509479825,109.63070238957278,4143
2025,off,1610612762,111.93986448836158,112.64530943405985,112.56562072578166,113.1027640264691,111.57191409556245,111.84211369970654,112.05090151910393,111.89217479997477,111.8147825937131,112.0763590073648,111.94494638781786,111.80651349187568,111.99647463114356,111.94696859047565,111.93982038789957,111.73881144534116,110.34978437949209,4174
2025,off,1610612763,117.73685205691253,116.96288638763373,116.6608304632665,118.38579161569501,117.14110438105408,117.89525957434822,117.88251660988011,117.79109294251307,117.6137204460543,117.20289745989554,117.34127185353356,117.61020178570364,117.73542153099412,117.74448333695838,117.7367118019899,117.38422154991855,118.28420800383417,4173
2025,off,1610612764,106.19018412007732,109.08897725120043,109.39939605559823,106.64852739838742,106.40002634300524,105.95065682969259,106.12936518421203,106.22722883909206,106.27345427866734,107.46526557842176,105.97861899787533,107.53036887129002,106.19148093205638,106.19171912135329,106.19010172297189,106.02524410573946,107.25767169995129,4106
2025,off,1610612765,112.69881011135166,112.70074432834754,112.87737689010977,113.23557813878318,112.59579107391117,112.69370345649799,112.49393083540112,112.71830319333777,112.84072119960209,112.37566888941956,112.70175006265052,112.60370727767992,112.72082018210713,112.70956790236383,112.69896812678945,112.5398773006135,117.86318588349046,4137
2025,off,1610612766,108.70003354430204,111.33702320548431,111.90940337361346,109.26541077436562,108.32977757046845,108.27262131559588,108.60087716102595,108.69751887730224,108.81581893956071,109.6155659622237,109.3084900247989,110.07361552363996,108.68764727725055,108.67072078320732,108.69862340113679,108.413520848754,106.01161909573125,3959
2025,def,1610612737,114.24829704505741,113.58652777094858,113.7268196107311,114.73832738551721,114.38568169607649,114.32490666847448,114.16796307611204,114.13811252125022,114.3010552282806,112.650675504827,114.52045081360154,114.48835969401581,114.19254148937988,114.16493338204411,114.24475538399129,114.09866729015665,117.06851277154452,4189
2025,def,1610612738,110.91714419535211,112.22193090914114,112.62505324280359,110.73051351175711,111.12773163480502,110.7547794232754,110.62993511813666,110.6791009432447,111.18747432928693,111.46053269129617,111.10934652338473,111.83770018126422,110.9362191431764,110.95466499944118,110.91979308529118,110.63247011952191,111.18505246992578,3907
2025,def,1610612739,111.83432646692287,112.44493085423241,112.6555450440955,111.98398513629378,111.89215810144826,111.74772358919051,111.74571629826818,111.80919257341317,111.9254956328874,111.39436115634317,112.51577073488248,112.13947215611606,111.80654901042624,111.82940212937075,111.83891576446557,111.84914841849148,112.5456760048721,4105
2025,def,1610612740,118.68960991283573,117.75705573825844,118.00590733804444,118.92839232920686,117.73802922934672,118.896343330871,118.5197602333594,118.48091994325802,118.80216360605695,118.23201544502297,118.5745008544041,119.39112207919437,118.54325416610489,118.53864049950398,118.69151879602185,118.11023622047244,121.20253164556962,4108
2025,def,1610612741,116.10677352539841,117.76161451893053,118.0940960513361,115.42344748897698,116.56038613018289,116.11662546988674,115.95524231021315,116.20767882852913,116.18561752869434,118.03825986386542,116.00015539289623,116.32581527591614,115.98379384755927,116.03596073260931,116.10305269373167,115.73770491803279,115.13423616060822,4209
2025,def,1610612742,112.70324880114354,113.79794457617642,113.86214847177109,112.6320623720192,112.43307140584339,112.57208182864319,112.74696706981638,112.86617569578445,112.70273613405978,113.15528623891944,113.15899877460961,113.13770010180454,112.69573207103231,112.73019197833786,112.70662153298474,112.44498777506112,118.9870320528505,4087
2025,def,1610612743,114.45615255467244,115.06828424591069,115.34946195473437,114.26261872761408,114.52342782118185,114.38603045274208,114.2346952318857,114.58282567705355,114.55921450730278,115.30866761294578,114.34561907243139,114.50440706932231,114.46258754537429,114.46269583176505,114.45558907021429,114.03550863723609,117.54684838160136,4109
2025,def,1610612744,111.70943462498234,111.58481234096516,111.46924238435788,111.93316481082506,111.89417199762086,111.55488910410861,111.72469586685921,111.8151347511534,111.69641118570834,111.96709611408838,111.81482274899624,110.6071282459531,111.88170449646584,111.77356838205188,111.70887220813785,111.26346718903037,111.72686788718457,4042
2025,def,1610612745,108.5306094998261,111.59777007998579,111.63672948431422,108.88772095006402,108.73106773197637,108.34308241435777,108.66284411780275,109.39267596522127,108.45969591311577,108.39680305222772,108.91752192219555,110.024961291494,108.51810750774797,108.56317373546973,108.54229615806177,108.4500122819946,113.39440455558307,4039
2025,def,1610612746,108.37193984887182,112.2340610819869,112.34965765477332,108.82298655096187,109.01768332160896,108.22572226094078,108.4197943811104,108.78676256194755,108.33898706319162,110.19855655235835,108.01084520546414,109.37472966378927,108.38125328268337,108.35389230283613,108.37789588879748,108.01385110066782,112.19634360130227,3993
2025,def,1610612747,115.97865824583765,114.93517768099551,115.11508965920406,115.9761903846425,115.78107458171776,116.06086756176336,115.6652388848815,115.82414760671267,116.1967352917887,115.72234405986983,115.30718648600515,116.1805011898785,116.00449007690281,116.0082047695576,115.97716415719255,115.53011448481831,113.36658354114714,4010
2025,def,1610612748,112.35835208753346,112.5376068486509,112.97570929329096,112.46358713152819,112.5741454507629,112.21140603739705,112.01185168409874,112.1155729048871,112.61093518508429,112.56022248354331,112.37190670027975,112.43267577688287,112.39950001904687,112.37742668551103,112.35834501157959,111.8041749502982,113.30655284961085,3983
2025,def,1610612749,111.88124505454472,113.39422480948055,113.67107713553075,111.6109537613669,112.53558748957923,111.72821275915224,111.81076539041487,111.65346174905174,111.93649282285642,112.29903745288847,112.38274615637968,112.53782216792288,111.86825827551226,111.85167060059622,111.87963255128096,111.64333087693441,115.22482893450635,4092
2025,def,1610612750,110.64777771639666,112.50478557899343,112.91217239411198,110.90864569353677,110.63455931273045,110.45428165158567,110.42011745196572,110.59302862925853,110.79950911544279,111.5645858311609,110.7466977062171,111.54788826075433,110.65859729711279,110.66029302624236,110.64773101287552,110.49073610415624,112.29326092322883,4051
2025,def,1610612751,117.4095017460571,116.23574222318011,115.76088754097655,117.79991314478941,117.55847865294548,117.72339291066355,117.74730427071663,117.50651082384786,117.13888301385268,115.73053488320218,117.37161449359469,117.12287493611652,117.32895471057404,117.3225467407527,117.40966926437632,117.34873211147377,114.5748987854251,3952
2025,def,1610612752,113.8311571537755,113.61438709228138,113.86031012041414,113.72077529486843,114.24623355311435,113.81473261044688,113.65396880959311,113.77150539925456,113.98017210895313,112.66365721535826,114.07634261409835,114.39028856399963,113.79791853085761,113.81232732492042,113.83314595358043,113.41158841158841,114.58800099576798,4017
2025,def,1610612753,107.49064094382491,110.30897543760365,109.95362180171175,108.46388922691418,108.09512757382454,107.52729906530315,107.78523711143698,107.68226125504147,107.27337144714043,107.42773497155287,107.59362875840172,108.34555849973061,107.4623968017288,107.53343670437768,107.49837239816902,107.38203957382039,112.03445654927793,3947
2025,def,1610612754,115.0483456115345,115.19141064397108,114.93152772671121,114.99758870782331,115.24872188471605,115.14065244215669,115.24104329089192,115.09706643362622,114.93603942377334,115.42780192898736,114.99412981269894,114.52099575302667,115.0294410259213,115.04228374925492,115.04715284623285,114.68803107550376,113.22611617858857,4166
2025,def,1610612755,114.76359623515211,114.75796150634035,114.58520221311944,115.74016795875603,114.38741867151417,114.97874567074838,114.87344219778932,114.63235552693949,114.70942357825805,114.50680605656004,114.10210593846148,115.09529627183865,114.68384305959003,114.67974665733685,114.77020899214546,114.62679065091731,121.49025413274119,4053
2025,def,1610612756,116.31348972400258,115.57513524568097,115.51837190064732,115.87858110058404,116.33164761227552,116.27201595499307,116.33607036225257,116.20045531099908,116.28604948827828,116.34647257534695,116.373985553987,115.98064782345725,116.36145685914384,116.33929473633708,116.31348767355338,115.98218703612073,120.99776619508563,4029
2025,def,1610612757,118.93426123547201,116.84148752593867,116.62126615200042,119.2430603387407,117.9047441233753,119.1209020237837,119.0888036230093,118.65418987070078,118.8450289979478,117.13233680386851,118.79616675373876,119.64287012786168,118.87100212593104,118.88872772481157,118.93583262824995,118.22660098522168,110.63155327968788,4101
2025,def,1610612758,114.14080545648515,112.49297241431097,112.15036849150269,114.29304623029086,114.79447349374612,114.13981477607265,114.25468391095305,113.7845166827852,114.02997360418846,112.6325681618016,113.8972902378357,113.57988499436895,114.30454613116174,114.20687702950744,114.13450827234797,113.60213747874666,118.69554393826239,4017
2025,def,1610612759,114.0379793567045,114.45530274808075,115.16949451363973,113.69711744126698,113.95922217698316,113.84922437025412,113.61930531690076,113.96778067763596,114.34230139940561,114.24401128173348,114.67882213447453,114.51513894035648,113.9762995995522,113.99834141358028,114.03886876296862,113.88206388206389,120.11200389578768,4107
2025,def,1610612760,104.28678809315494,110.26311628634811,110.40353079069736,105.54631830269183,103.88645667484997,103.84465259606743,104.59100448415559,104.72709261064985,104.06993535792402,107.87026094992865,104.79694753432878,105.19462452565679,104.30900416339442,104.26298780513818,104.29908313030566,104.0127232689014,110.77481840193704,4130
2025,def,1610612761,118.14190259712716,117.73978040485954,117.28718808599602,118.10388057229868,117.74131480333628,118.27747183574941,118.59039012626769,118.25526483303054,117.85759134040434,117.31635428932205,117.99322750645935,118.87092461582363,118.08509835613826,118.06003101300676,118.1418881901418,117.87016776075858,110.77627772420443,4148
2025,def,1610612762,118.63256392284514,116.9952160718566,116.78667368897736,117.91637736554084,118.74404221000448,118.70937388141819,118.66630060866048,119.04563085554153,118.63813472823067,118.88705325286514,118.31620015361463,117.02878981746777,118.71171459793437,118.64639916149102,118.640518073603,118.51308388359011,121.68617148316217,4187
2025,def,1610612763,110.21439475571799,113.45265169026514,113.47342792894503,110.59841132523515,110.13121605977784,110.03839564541387,110.4129096059844,110.85764080324171,110.0515813673165,111.27987989649458,110.50201894127314,111.33722170321703,110.1942496655605,110.18732047982947,110.21449006105306,110.29892573563755,116.21621621621621,4181
2025,def,1610612764,119.98609448169043,118.23591691051499,117.8054050531556,119.57495110900904,119.56862066537153,120.1406690281411,120.22113358711401,119.86600366938072,119.83008642420465,119.61305898742046,119.32944381645524,119.92798975667908,120.03056679939321,119.99378016576664,119.98823054277817,119.34566145092461,117.98245614035088,4104
2025,def,1610612765,113.8797937536796,112.7575547963912,112.61507456168711,113.98615500499197,114.41768861055321,113.87340744448694,113.89546589985301,113.9640784043497,113.84964383364476,112.12346304407691,113.87618436269437,113.68702420897807,113.96013175022566,113.92982994781029,113.87840877733974,113.68214197985753,112.90790427846265,4137
2025,def,1610612766,114.22304871067563,115.5065436607325,115.5435846958963,114.2792053635674,114.36956518119469,114.23954726866826,114.32500171798685,114.19250326641395,114.1419922445795,115.16758222726556,114.45150831986706,114.2773261036572,114.15094602943155,114.13520174296204,114.23281546559869,113.98273736128236,118.87125220458553,3969
2026,off,1610612737,115.46041814533008,114.94505127044286,115.20028831198722,115.45357344682867,115.915137688767,115.48603134463102,115.1883092016687,115.50330066165868,115.6287375203245,114.76519180142057,115.47670346121687,115.22246336290807,115.45731465365398,115.45252243665996,115.46036245908829,115.13641755634639,117.16076162930827,4149
2026,off,1610612738,122.50165521915457,119.24983558285693,119.65070589904501,121.79045745812503,122.07512087965331,122.46981808797342,121.95954546502212,122.42685966316304,122.89823204475152,121.96102310471589,121.87342628603894,121.618905685342,122.65358199605691,122.51373341586425,122.50350111428618,122.23637289862455,118.92378990731206,3884
2026,off,1610612739,117.63368778700078,117.38059415898802,117.54976876806583,117.39751739918736,117.6850572577633,117.60657324962303,117.52458837517563,117.62848883036169,117.70535687600169,117.89640869199054,117.64597960438778,117.39337012247155,117.62253838149033,117.60937694455752,117.63793279724686,117.1558100691959,120.73562083436188,4051
2026,off,1610612740,112.53955060226242,115.09358650111457,115.16019322773698,112.55094045254737,112.46710399164671,112.51643059406865,112.65262590158984,112.5548669207547,112.48028238372399,113.42899685924904,113.07636983185904,113.8404481217049,112.4060571817808,112.50881443894114,112.53469671372292,112.35687022900764,115.63486283078417,4119
2026,off,1610612741,115.14502293188379,115.86299552506165,116.07560853317679,114.97713905477441,115.47350688418545,115.15246068722534,115.04936263782281,115.12652174965092,115.26790678471397,115.23323317436738,115.7015340822697,115.16544800234868,115.07518707105552,115.09543861805592,115.14612162735129,114.34007134363853,111.90250828206342,4226
2026,off,1610612742,110.34463877360153,112.00067865195705,111.92571031700525,110.45828211691958,110.72896265002554,110.31105424758773,110.43149599084938,110.49863813620924,110.27374210955469,111.45944500053118,110.33205968586896,110.23776364059509,110.3446904578152,110.36847374595382,110.33668924947546,109.95485863625564,112.21773235084383,4207
2026,off,1610612743,123.15411851062909,120.13472680914843,119.47967013412587,122.61162255490763,123.45731777010806,123.54662970544588,123.3981218649871,122.97465274734364,122.98203910361458,121.022218743742,123.03295231759529,122.3166771006417,123.16792310563231,123.16789188936744,123.15572720787732,122.97528749694152,121.2947189097104,4109
2026,off,1610612744,115.90826099872409,115.98406747585128,116.15382010916751,116.28929951078695,115.9018400188585,115.80482681680951,115.8207693833132,115.70109077556236,115.95945795734588,115.86848723884387,115.72333244941727,116.16089159968497,115.95801117575665,115.8771175803062,115.91109186457281,115.42773580307092,114.29271880362835,4079
2026,off,1610612745,120.0676457399103,118.79173050542886,118.60710107221543,120.58169046678367,118.61856776209088,120.12769476497493,120.12974200256087,120.20207687656732,120.00447969053818,119.59513057382337,120.1339773232434,119.87960167782674,120.08771539714378,120.11191703066402,120.07317760443061,119.875,116.93467336683418,3980
2026,off,1610612746,116.58719244848905,116.03392571792075,115.56458578337305,116.97145178969333,116.88298939417294,116.76631762087412,116.7906372431088,116.24936269388054,116.37578777905752,116.17478610192404,116.07110913855723,116.36774771156753,116.66421422410333,116.59824296043719,116.58765380445814,116.73417721518987,117.94228356336261,3985
2026,off,1610612747,118.17714747368878,117.51895327624499,116.62232100107028,118.4873756590657,118.34343183192392,118.5031351020242,118.6778557181479,118.18775381563565,117.78333666836338,118.77536194748356,117.21713010365966,116.89874335508063,118.2416760858358,118.1911347009854,118.1757729431884,118.0153427369463,118.35772761101464,4031
2026,off,1610612748,114.94595659115582,114.99127076845066,115.1126703943807,114.75620825145477,115.21637899351373,114.91669165392135,114.86093243911296,114.89836052835714,114.96177574022657,114.55459638156374,115.38874415915505,115.01277351568284,114.93061905402978,114.95512802765921,114.94798559912245,114.44600280504909,118.81070836294717,4221
2026,off,1610612749,114.6732779988524,114.16871869268724,114.34885701163877,114.85316286737107,115.31969170590133,114.67215326062951,114.50151884658158,114.9364166778748,114.79396705528724,112.95311384691456,114.25911420493289,115.2782228780576,114.67822409895335,114.65874413033502,114.6707797556997,114.0277090549233,111.96688409433015,3986
2026,off,1610612750,119.36672494608588,118.68974962028015,118.34178462444264,119.20504454534414,119.4172738330537,119.52444101531667,119.61091650047925,119.52561165019443,119.19711267030681,118.66393603783615,119.09247085128634,119.44131587640847,119.3358720598781,119.34495178775045,119.36708117818564,118.89156626506023,114.6795646916566,4135
2026,off,1610612751,113.29678930222778,114.75228650110199,114.97662445626474,113.71616801390927,113.28806862884885,113.03698617409955,113.34643439478913,113.26559633762572,113.23884339655191,113.84175259341623,113.2680132904771,114.13427018104112,113.31624124346087,113.2615889934404,113.29934944778324,112.94563843236409,105.08094645080946,4015
2026,off,1610612752,121.40288815223788,119.67338433534285,120.00302938665206,121.14468714112849,120.97913610689108,121.36495564854694,121.11055188666401,121.29021230276453,121.5089571803211,120.42881228650505,121.72497869700744,121.33927720507052,121.4084235993248,121.39286237146466,121.40114995759726,120.67855373947499,118.46114779075673,3938
2026,off,1610612753,115.74093217426548,117.06286066079295,116.58459812311922,115.55712159640746,115.54803590877623,115.75051487531128,116.24942436594118,115.71176465772977,115.41580947540407,116.65288288061654,115.68526649720677,116.46254684411258,115.68558969543267,115.75011199888755,115.73591948234365,115.2005799903335,114.5671206225681,4112
2026,off,1610612754,109.65240895940019,111.47114619161209,111.53132039248132,109.4659353893388,110.02002080818214,109.41273326659079,109.78838270133657,109.69168340957128,109.5820005853955,110.45893360467336,110.2709207805864,109.95426198168711,109.68614026072734,109.66726182056446,109.65254027683854,109.25301204819277,112.64727097860063,4159
2026,off,1610612755,115.64423713450589,116.62879768563856,116.5686074863404,115.41563463786954,115.48740668756227,115.56903143960592,115.84706727238017,115.46756989022221,115.5322724850656,115.85387720879457,116.47789704027414,116.20246447415674,115.59802647904277,115.62276148320304,115.64457075634499,115.3012048192771,114.96466000487449,4103
2026,off,1610612756,115.62909907383681,115.07344881589111,115.38524596734088,115.97408000010738,115.24747100622378,115.53054708793623,115.32359932133129,115.57305001174154,115.84896522937191,115.52965196649097,115.57979674779077,115.4086452721181,115.70670513575534,115.6400636524556,115.62891716316614,115.51512171133514,114.87205472510767,3947
2026,off,1610612757,114.19871567501471,116.46752698082523,116.5061040757737,114.90208540799446,113.61313846880725,113.98814276372724,114.4500704405511,114.23106722750865,113.98016222321982,115.27807864552605,114.37521778610174,115.32041325213791,114.15363063931707,114.14450591563234,114.20293802314829,113.8575881083673,114.19902912621359,4120
2026,off,1610612758,110.16315278625532,110.7361819864521,110.64749778366722,110.067631045734,110.49248299575397,110.07562630178711,110.15945785442081,110.28359649328651,110.17991491713546,110.658167434211,109.9981621534866,109.94609780974467,110.28848232428197,110.21778569042968,110.16363567674263,110.0073046018992,112.76752767527675,4065
2026,off,1610612759,117.5895216900003,118.03024493551473,117.81568486871743,117.38900613118467,117.56590382129355,117.6198194295587,117.83866308464937,117.51940951854992,117.4067950768369,118.17901327144087,117.71914367761121,117.57373221311808,117.54321172288502,117.56960347324373,117.5898953599957,117.46225036531905,121.84607890891378,4106
2026,off,1610612760,119.68017241436057,118.45581432260073,118.16630413371905,118.85281281161409,120.30970401164097,119.88992739551436,119.74404263747748,119.43894518887434,119.62720697710427,119.88160416799829,119.18828463875144,118.95026135038692,119.68645019684794,119.68393877796308,119.67946223197428,119.30455635491607,117.74114173228347,4064
2026,off,1610612761,115.05483310361356,115.80794518444125,116.03372012474267,114.8656979509742,114.96791509856445,115.00711935213656,114.91165051193384,115.0837688145927,115.13940587862949,116.0985117104588,115.08944634900884,115.12070600386978,115.01737134804497,115.06060232653267,115.0494158812743,114.6928746928747,117.3029251363411,4034
2026,off,1610612762,115.6616567775358,115.58591448000958,115.28613770641618,115.89055178020095,115.63145860139473,115.63431741673398,115.89696955158595,115.54032152587375,115.45660995644717,116.17216143084744,115.70433680172654,114.86047190818783,115.7354753041956,115.67530656585697,115.66242275000839,115.15650741350906,112.06611570247934,4235
2026,off,1610612763,113.78753097151186,114.18338182168709,114.31986043715966,113.98407746766783,113.63080650875628,113.65112829487587,113.72414818000337,113.72987691347848,113.80939546009367,114.29871242318221,114.26825275026273,113.32409322369323,113.83329737456646,113.79952333409913,113.78762443843829,113.51936492662978,112.94911984567158,4147
2026,off,1610612764,111.25494996010448,112.24910809558148,112.570661081492,111.52523765730324,111.47639258427529,111.11238066921744,111.04316016396645,111.33499560356972,111.37177124047369,111.50125890016848,111.23561858593985,111.65035117220714,111.27593148996863,111.27350611686596,111.25499154225967,110.97502401536984,110.662204159694,4183
2026,off,1610612765,117.1696183558819,117.29154898633409,116.92094197249142,117.60786146938223,116.4158598649897,117.23248468570381,117.47296322116891,117.36308107173527,116.93900897324228,117.52792394109113,117.29855851653004,116.79161807784864,117.15633816588036,117.19151258619443,117.16518924142102,116.77184466019418,119.44786788267193,4057
2026,off,1610612766,117.62815007712692,117.65424274278054,117.59622078634527,118.01722762105682,117.12654898502423,117.66677290466676,117.68796891046725,117.46218505934023,117.63039866066526,116.9297262783862,117.72194690588829,118.47884646355715,117.6233760059529,117.58992173371783,117.62504828170971,117.243070885455,121.17255504352279,3906
2026,def,1610612737,115.56891346329448,116.30063179962465,116.33014534547964,115.89213961281241,115.5122821090173,115.62119868758013,115.61819594302946,115.26683289299253,115.51787417600609,116.33052674423217,115.64900091925975,115.57317003895186,115.48794305919287,115.51973378889231,115.56737164122723,115.02725764399146,112.28027931615699,4153
2026,def,1610612738,115.67023747445005,115.07672431743367,115.20073400127453,115.56634501499519,115.50757366842166,115.4177540995729,115.62697880497606,115.41895346385564,115.6572969480873,114.85780026528568,115.92534740370172,116.28805436389722,115.80872455720561,115.70563047495642,115.65193166474918,115.23736600306279,110.73094867807154,3858
2026,def,1610612739,115.63702638933432,114.63221512333811,114.57950208401765,116.01573766984309,115.4591325586561,115.63784343408858,115.75195466180816,115.29921223813416,115.55454975750818,113.33899676550573,116.38529134178125,116.35004666465478,115.60488544271712,115.60945496137317,115.64167605974444,115.28905876731963,114.66007416563659,4045
2026,def,1610612740,120.10402378303652,119.00398413496447,118.95938659769433,120.2273149615466,119.55594622561651,120.35653265002054,120.09793030805405,120.06116468319297,120.11105812309484,120.11300156506941,119.94190563108843,119.57116092023728,120.01602879976518,119.99032989738525,120.12694293022776,120.07177033492823,117.23383568303355,4114
2026,def,1610612741,118.36501221667707,118.63490837331504,118.88036818321787,117.6824636711611,118.70644841253946,118.36655036589843,118.2870589548224,118.37799421403908,118.40777973622306,117.73976315884624,118.50468009664175,119.65574561780696,118.25765569339116,118.29474788423131,118.36591907138101,117.83333333333333,118.5579196217494,4230
2026,def,1610612742,114.60021861888863,116.78078205840846,117.12162582730612,114.21705309482019,114.5778111588532,114.43888396475501,114.43918672434646,114.57129340407182,114.68355632218511,116.9816149309096,114.5692113809919,115.13285231950232,114.5639603916564,114.62748007328125,114.57813334444167,113.935790725327,118.86433832264196,4209
2026,def,1610612743,117.97852234953756,117.96629788879511,118.00775435662803,117.27485037239883,118.23963149907453,117.96706294605589,117.90685133463715,118.05043719297639,118.00976553294541,118.65707325285013,117.68657555502394,117.96377689804837,118.00604229481911,117.99429769823209,117.97817677231343,117.87641000490437,116.29773777669666,4111
2026,def,1610612744,113.42364684269477,113.82750458958918,113.80843982333515,113.74085260984934,113.33594293823889,113.4525031484625,113.29170342277918,113.1969227686566,113.53890643877494,114.5639489298358,113.13250310467926,112.84271169426765,113.495365434057,113.47463338131358,113.41530878015676,112.97152591871502,117.72493258151508,4079
2026,def,1610612745,113.73091567925192,114.60758551358084,114.74961986157524,113.49180052297571,113.99507059372705,113.57489098612885,113.61665692153805,114.2778871266805,113.78716320097062,114.25649025556154,113.99577874556304,113.32945998401118,113.80564441666242,113.78092394910007,113.73050184893197,113.41341341341341,112.81729077657702,3979
2026,def,1610612746,117.99161195937118,116.48707332590739,116.50776793277386,117.8252882063681,117.52986191696047,117.97187048292125,117.88025056814708,117.67023037482497,118.0703663100588,117.71498474545885,117.85544625671787,117.78743720791165,118.06560215905311,118.02649699374872,117.99168813144158,117.46272428607531,114.83806176249058,3983
2026,def,1610612747,118.33620842270811,116.85209366306648,116.78143073048857,118.4992528100415,118.41198648744083,118.49583110337441,118.21676277344265,118.18234214778467,118.38911700977843,117.38563429545465,117.44197869024147,118.49234326056053,118.3602285110969,118.34318641063878,118.33710247860122,118.23573017049667,114.21847906861531,4037
2026,def,1610612748,113.47991212692651,114.62219600482975,114.96656656860264,113.72127619936103,113.40559128090987,113.33545805707827,113.29189215413443,112.93482688306096,113.6075975081145,114.94648087440933,113.58473224273496,113.64776756487208,113.48644804056934,113.46489115596141,113.48559817296305,112.90021032951624,115.74337121212122,4224
2026,def,1610612749,117.54826235723289,117.40849252391075,117.191735913888,117.4818716431993,117.43991720834336,117.57653429776084,117.76476467221867,117.72850960593154,117.39248321397716,116.6708246127349,117.4337445458482,118.33505488641579,117.54970518567777,117.5131528264121,117.54603853328976,117.2720533728688,121.39091137333668,3983
2026,def,1610612750,112.83186407938324,114.47041634109867,114.49495527021203,112.92846584618424,112.89712717093805,112.76785917725731,112.87093020916663,112.82544421380163,112.7937240830418,113.4004615634562,113.2386174028441,113.4000791664436,112.8108882750171,112.85392841212973,112.8320970338806,112.96296296296296,113.43139619001688,4147
2026,def,1610612751,118.97774831375126,117.45520775466969,117.31282770218061,118.97310554086765,118.61665677033905,119.23812945247153,118.98114649189293,118.67469913394537,119.00664270208767,117.55618347934612,118.79632582642296,119.55216446096556,118.89063965945473,118.95787202342657,118.98035700295124,118.41839312784235,119.88056730529982,4019
2026,def,1610612752,117.31435303131332,116.44060049848096,116.37959736851731,117.20423717654884,117.55100376137703,117.32785810843158,117.4321594511077,117.34575871949107,117.23744393867344,115.98429148222291,117.78003836824806,117.16443340071086,117.30332928835226,117.25425798385979,117.30811927261121,117.12158808933002,109.22021844043688,3937
2026,def,1610612753,114.37278422611823,114.58617087682609,114.37506252802318,114.48721918984145,114.73554781581073,114.41265836611106,114.4768328170865,114.38845939378878,114.28194700643887,114.35383412953105,114.50254346901956,113.86390583667533,114.38310202171498,114.42607863016484,114.3698726410635,114.0677966101695,114.75808412351081,4113
2026,def,1610612754,117.39850971981483,117.85916386600975,117.35064947671329,117.28890361777538,117.28370461302607,117.53233484587444,117.75999210351706,117.88547339619848,117.11409652347632,119.28847738431074,117.47140927696341,115.41654077768001,117.38949532967138,117.42027886810894,117.36674416965609,116.63861505169513,120.65817919769397,4163
2026,def,1610612755,114.61413582136221,116.41158621669689,116.49023142689501,114.81188114337623,114.15233499204085,114.60004915643754,114.68450711217831,114.44238125352393,114.5818539172734,116.01970685532221,114.85872462659556,115.31362354009886,114.51858270891039,114.57079027036954,114.60766960191539,114.19604056011589,116.38706540238269,4113
2026,def,1610612756,113.20318369102974,114.41035612731439,114.31152802465856,114.04611393138163,112.87083878491863,113.2037587354167,113.28187106594852,113.08827635255341,113.0820711519867,114.24448694918951,113.12205750860619,113.07584892484867,113.20998527181261,113.21551051652219,113.20036004075692,113.01353013530135,114.6991622239147,3939
2026,def,1610612757,116.94180066711502,116.69861142698846,116.46474573036082,117.0507962270261,116.39885876383177,117.00733715895282,117.11714970404084,116.59138104226601,116.82275341198783,117.55715670127817,117.0891800291775,116.60367911342833,116.92471817730151,116.95567967197962,116.93617270630983,116.85851318944844,111.69335274138767,4122
2026,def,1610612758,120.58317498226121,117.90438056548261,117.30920583901577,120.56136739762111,119.85649057752357,120.87246483550878,120.70815943959438,120.65123041940302,120.47988223741135,121.61095044170771,119.94170913104371,117.69108471349547,120.72445560644682,120.62826758556889,120.57083448948967,119.97575757575757,122.6387176325524,4055
2026,def,1610612759,112.55776541141492,113.7484252071715,114.02323621793542,112.315192141924,113.28677255062094,112.42430614200752,112.38591904857685,112.78216904349856,112.69467271315094,112.57275731479432,112.93453426964737,112.77921535061051,112.58242958046971,112.57263303327656,112.55764558016341,112.24142127038209,110.77712609970675,4092
2026,def,1610612760,107.00802010674651,109.7207435150174,109.90783280687701,107.98396220160238,107.26131979860565,106.62149795238275,107.14252426647344,107.48969623484169,106.95724712350761,105.62013085991319,107.73241123769508,108.89129018379899,107.07945344364077,107.02173624857073,106.97722333652588,106.40902544407105,108.37426326129666,4072
2026,def,1610612761,113.68694480223937,115.45247695427416,115.348616387482,114.15749475784129,113.60718874052475,113.66434350724631,113.91560493383344,113.1942590782802,113.52274874335109,114.89191339180739,113.88939664565592,114.199236146102,113.62888958687292,113.63307709609035,113.69085023743962,113.2251720747296,112.75333662876915,4046
2026,def,1610612762,123.20912470026288,118.51567018305106,117.90276335837987,122.77081536721047,123.25855138999734,123.48215231016222,123.37792500509843,123.15485264171006,123.0976453977855,121.71105212345012,122.68867933979884,120.4602054781073,123.35344472964277,123.2312937945512,123.22071339760036,122.8652081863091,120.60420108567382,4237
2026,def,1610612763,114.973640744155,115.3463019927575,115.59852469563035,114.94732780305166,115.1491077000618,114.83909794832357,114.78911751023875,114.88323497550167,115.08426237160852,115.31129752845122,114.71927566205548,115.3458727217916,115.04285676451282,114.97523803509542,114.97726123849029,114.23769507803121,124.16626389560174,4138
2026,def,1610612764,121.61697005755566,120.1692787324096,120.0280765264869,121.0587180510337,120.91549856861978,121.7255652712604,121.70610092193512,121.46204934400751,121.56494180714311,121.0258494956344,121.29821309192464,122.39752394522355,121.58660700146194,121.59265053154341,121.61707842641027,121.64750957854406,122.89875835721108,4188
2026,def,1610612765,109.28512838598722,111.61258064962585,111.15210108312765,110.11111733559822,109.24704877551997,109.06253391657388,109.77456834619565,109.03288317598322,108.92637416161708,110.20812086033266,109.87048641902618,109.45522858369168,109.41102215067676,109.33390585016053,109.28183616362419,109.56542850206361,110.03196459306614,4067
2026,def,1610612766,118.13395613137922,116.72212418524988,117.0185265378136,117.55548483490898,118.71041414735743,118.1758802799082,117.86319536117188,117.78343292934368,118.31961020025382,116.78153955151379,118.33515885390494,118.34328632543432,118.07841910409806,118.12378827564761,118.1385371208596,117.54730892111084,111.21375416987426,3897
