player_id,name,rs_off,rs_def,rs_poss,po_off,po_def,po_poss,d_off,d_def,d_total,rs_total,window,thin
2,Byron Scott,0.9836128369794233,1.315420025058311,2779.0,1.1311801158892,1.1489855063614725,243.0,0.14756727890977683,-0.16643451869683856,-0.01886723978706173,2.299032862037734,1997-1999,False
3,Grant Long,-1.5777895631009653,-2.078298092211934,5857.0,-1.6515131776789498,-1.8844490484773064,770.0,-0.07372361457798449,0.1938490437346274,0.12012542915664293,-3.6560876553128994,1997-1999,False
7,Dan Schayes,-2.780697053022781,-1.1405222129769528,3510.0,-2.6889184466444616,-1.221885697628734,182.0,0.09177860637831925,-0.08136348465178123,0.010415121726538024,-3.9212192659997336,1997-1999,True
9,Sedale Threatt,-1.9056797611656209,0.9645942260294882,654.0,-1.8526172254642914,0.9801998206057557,494.0,0.05306253570132946,0.015605594576267534,0.068668130277597,-0.9410855351361327,1997-1999,False
15,Eric Piatkowski,1.242355614743872,1.2872042815639246,7221.0,1.3033353106724508,1.351498059553021,66.0,0.06097969592857888,0.06429377798909641,0.1252734739176753,2.5295598963077968,1997-1999,True
17,Clyde Drexler,2.6054976203897557,-1.4450621822240357,9146.0,2.712809948488079,-1.7214833732273973,1529.0,0.10731232809832347,-0.2764211910033616,-0.16910886290503813,1.16043543816572,1997-1999,False
21,Greg Anthony,0.3589253471326112,-0.9582155236632143,6928.0,0.4674810498427859,-0.8456817234912789,621.0,0.10855570271017467,0.11253380017193537,0.22108950288211004,-0.5992901765306031,1997-1999,False
22,Rik Smits,0.3774147007960006,-1.1496929572987564,8958.0,0.7078702882878993,-1.0898075703029397,1351.0,0.33045558749189874,0.05988538699581669,0.39034097448771543,-0.7722782565027558,1997-1999,False
23,Dennis Rodman,-0.3030277698812689,-0.250487181926521,10102.0,-0.46039929715754113,-0.7434658221119621,2228.0,-0.15737152727627224,-0.49297864018544113,-0.6503501674617134,-0.5535149518077899,1997-1999,False
26,Luc Longley,-1.8206422710197256,-2.3112983699920306,7636.0,-1.9522078115161703,-2.4071450332746496,1650.0,-0.13156554049644464,-0.09584666328261893,-0.22741220377906357,-4.131940641011756,1997-1999,False
28,Doug West,-2.5521654148774275,-0.3177661628587105,5513.0,-2.5314211019855883,-0.25399049267801205,165.0,0.0207443128918392,0.06377567018069846,0.08451998307253766,-2.8699315777361383,1997-1999,True
29,Jim McIlvaine,-3.334671110363943,-2.6853176552798264,5587.0,-3.229663879319132,-2.620088985912555,161.0,0.10500723104481091,0.06522866936727123,0.17023590041208214,-6.019988765643769,1997-1999,True
31,Lorenzo Williams,-2.050293614187965,-0.1120499324017942,749.0,-2.0316018207995565,-0.11825130733528649,11.0,0.018691793388408318,-0.006201374933492293,0.012490418454916025,-2.162343546589759,1997-1999,True
37,Greg Graham,-0.9186345985543368,1.4132352373462538,508.0,-0.855460357270202,1.341734332763982,97.0,0.06317424128413485,-0.07150090458227187,-0.008326663298137027,0.49460063879191696,1997-1999,True
38,Brad Lohaus,-2.2749833279397413,0.9189827620700435,271.0,-2.2962178178440507,0.9533146698347855,23.0,-0.021234489904309317,0.03433190776474204,0.013097417860432725,-1.3560005658696979,1997-1999,True
42,Monty Williams,-2.145948960463647,-0.2106448184425872,4988.0,-2.1099417102241285,-0.15120643371258746,62.0,0.03600725023951856,0.05943838472999974,0.0954456349695183,-2.3565937789062343,1997-1999,True
43,Chris Whitney,0.09744786639665139,0.10735567048009886,5160.0,0.13863997833026842,0.1173110338043904,39.0,0.041192111933617034,0.009955363324291533,0.05114747525790857,0.20480353687675024,1997-1999,True
45,George McCloud,-0.37989536630706106,-0.2574144191068989,7614.0,-0.29986233824278846,-0.16246505451344306,405.0,0.0800330280642726,0.09494936459345582,0.17498239265772841,-0.63730978541396,1997-1999,False
47,Wayman Tisdale,-3.9109744386771754,0.8558661488832271,1500.0,-3.9915900738768197,0.836598751144587,76.0,-0.08061563519964432,-0.019267397738640057,-0.09988303293828438,-3.0551082897939486,1997-1999,True
49,Gheorghe Muresan,-1.1989476665901753,-2.826988663857696,3455.0,-1.2319263172854438,-2.805323129264468,126.0,-0.03297865069526851,0.021665534593227953,-0.011313116102040555,-4.0259363304478715,1997-1999,True
52,Micheal Williams,-1.4136988243468374,0.7449126616058527,356.0,-1.3424365786923467,0.7500475980977366,103.0,0.07126224565449069,0.005134936491883901,0.07639718214637459,-0.6687861627409847,1997-1999,True
53,Mario Elie,1.3537749081504935,0.06139662375683383,11345.0,1.2619611152641892,-0.13503984529904023,2313.0,-0.09181379288630431,-0.19643646905587406,-0.2882502619421784,1.4151715319073273,1997-1999,False
54,Dickey Simpkins,-2.3564121573424504,0.5643061061157592,4301.0,-2.433389954181127,0.5038765589059098,136.0,-0.07697779683867667,-0.06042954720984939,-0.13740734404852606,-1.7921060512266913,1997-1999,True
55,Marty Conlon,-1.6889057171307487,1.957066622188178,3748.0,-1.702742346509722,1.958953095403061,85.0,-0.013836629378973342,0.0018864732148828889,-0.011950156164090453,0.2681609050574294,1997-1999,True
56,Gary Payton,4.083856442548005,-1.0804213101941422,15784.0,4.06170043364629,-0.9439624512370459,1833.0,-0.02215600890171565,0.1364588589570963,0.11430285005538066,3.003435132353863,1997-1999,False
61,Carl Herrera,-3.4703788377012597,-0.17819729198855266,4873.0,-3.425430641081355,-0.17213034613424363,47.0,0.04494819661990457,0.0060669458543090304,0.0510151424742136,-3.6485761296898125,1997-1999,True
64,Sam Perkins,1.233745133137321,-1.1993647164738976,8270.0,0.8717170159921491,-0.9214424590425494,1287.0,-0.3620281171451719,0.27792225743134824,-0.08410585971382367,0.034380416663423397,1997-1999,False
67,Tom Hammonds,-2.233907082857614,1.532894576636775,6987.0,-2.209154253207998,1.5482847669947415,232.0,0.024752829649616004,0.015390190357966516,0.04014302000758252,-0.701012506220839,1997-1999,False
70,Steve Kerr,0.8433715387121716,1.4001395421509237,7073.0,0.6839479815280756,1.565693715138991,1518.0,-0.15942355718409607,0.16555417298806718,0.006130615803971118,2.2435110808630956,1997-1999,False
71,Pooh Richardson,-1.058821825238864,1.7739280768486707,4752.0,-1.0382441859412075,1.7995422793090943,32.0,0.020577639297656436,0.025614202460423563,0.04619184175808,0.7151062516098068,1997-1999,True
72,Kenny Anderson,1.40402551532729,0.7192160933868852,11421.0,1.393097972338321,0.8539865786674099,308.0,-0.01092754298896903,0.1347704852805247,0.12384294229155568,2.123241608714175,1997-1999,False
73,Hot Williams,-1.1890118406715244,-3.055960223638391,7387.0,-1.2120096479631053,-2.990249394996186,256.0,-0.022997807291580852,0.06571082864220523,0.04271302135062438,-4.244972064309915,1997-1999,False
76,Cedric Ceballos,-0.16262536898270286,0.4088343760341674,5342.0,-0.25383731546876975,0.4607028837218726,219.0,-0.0912119464860669,0.051868507687705234,-0.03934343879836166,0.24620900705146453,1997-1999,False
82,Bill Wennington,-3.7330979253897634,-0.3215630861680543,3149.0,-3.6583878815848556,-0.33354290659921754,223.0,0.07471004380490776,-0.011979820431163246,0.06273022337374451,-4.054661011557817,1997-1999,False
84,Latrell Sprewell,2.6081244063370543,2.450985623032775,9872.0,2.761558048017247,2.1450670352068157,1354.0,0.1534336416801927,-0.30591858782595915,-0.15248494614576646,5.05911002936983,1997-1999,False
85,Brent Price,0.5794452279576018,1.360769049781311,4895.0,0.5048982144225611,1.4366919797991329,331.0,-0.07454701353504067,0.07592293001782191,0.0013759164827812365,1.9402142777389129,1997-1999,False
87,Dikembe Mutombo,-0.5974406761775052,-4.733823268841046,13873.0,-0.7817977329759408,-4.566274324420559,1615.0,-0.18435705679843561,0.16754894442048762,-0.016808112377947992,-5.331263945018551,1997-1999,False
89,Nick Van Exel,2.835915730592909,2.29946389504151,13051.0,2.894520541047819,2.6051444123997918,1307.0,0.05860481045491017,0.3056805173582817,0.3642853278131919,5.135379625634419,1997-1999,False
95,Mark Bryant,-1.9233589491341714,-0.4456650945413311,6230.0,-1.9994907400043476,-0.3892727383305081,249.0,-0.07613179087017619,0.056392356210823,-0.019739434659353183,-2.3690240436755023,1997-1999,False
96,Detlef Schrempf,3.0288769741866206,0.20574810559902973,12558.0,2.9685673954999254,0.23463889076494537,1573.0,-0.060309578686695176,0.028890785165915644,-0.03141879352077953,3.2346250797856504,1997-1999,False
98,Nick Anderson,1.3859645247218042,-0.42922392869836035,10114.0,1.2867754856448193,-0.4655167925451905,510.0,-0.09918903907698495,-0.03629286384683017,-0.13548190292381512,0.9567405960234439,1997-1999,False
100,Tim Legler,-2.4391269179185815,1.2430211419406088,1249.0,-2.396846454248428,1.261594932489462,35.0,0.0422804636701537,0.01857379054885322,0.06085425421900692,-1.1961057759779727,1997-1999,True
105,Dan Majerle,0.555300781801536,0.046217881556754686,8768.0,0.25350747625362907,0.11160799906371613,1287.0,-0.3017933055479069,0.06539011750696144,-0.23640318804094546,0.6015186633582906,1997-1999,False
107,Dale Ellis,0.4831525775085037,2.6936224916202804,11590.0,0.45928056748675067,2.688233265304186,296.0,-0.023872010021753043,-0.005389226316094398,-0.02926123633784744,3.176775069128784,1997-1999,False
109,Robert Horry,0.5125998208642575,-2.5735408375666173,8402.0,0.8975198139771998,-2.2969357311780767,1624.0,0.38491999311294234,0.27660510638854063,0.661525099501483,-2.06094101670236,1997-1999,False
112,Dontonio Wingfield,-0.6195724151321903,0.6175546700140861,1106.0,-0.6263420463180103,0.618844248030821,32.0,-0.006769631185819969,0.0012895780167349047,-0.005480053169085064,-0.002017745118104153,1997-1999,True
120,Steven Smith,2.7940416316956256,1.1962881359923516,12756.0,2.715371158865392,1.4238552619187124,1642.0,-0.07867047283023343,0.22756712592636075,0.14889665309612732,3.990329767687977,1997-1999,False
121,Patrick Ewing,-0.4471086060728391,-3.870344255992803,9544.0,-0.25582484308770775,-3.867939655410607,1488.0,0.19128376298513133,0.00240460058219627,0.1936883635673276,-4.317452862065642,1997-1999,False
124,Vlade Divac,0.7184684021076567,-2.8546031779505205,12102.0,0.7525477391898696,-3.0346363101254616,1197.0,0.03407933708221289,-0.1800331321749411,-0.1459537950927282,-2.136134775842864,1997-1999,False
133,David Wesley,1.2243121458874895,0.32064646910121414,14801.0,1.1715755800481882,0.2666818779920267,510.0,-0.05273656583930131,-0.05396459110918744,-0.10670115694848875,1.5449586149887036,1997-1999,False
134,Kevin Johnson,3.5473917097364787,1.7658985678502073,7712.0,3.4115923737315788,1.7927607827521674,655.0,-0.1357993360048999,0.02686221490196017,-0.10893712110293974,5.313290277586686,1997-1999,False
136,P.J. Brown,-0.5259445200032634,-3.1814303130295114,11960.0,-0.7421934433593935,-3.1002018556003197,1411.0,-0.2162489233561301,0.08122845742919171,-0.1350204659269384,-3.707374833032775,1997-1999,False
137,Vernon Maxwell,-0.15417017955772716,1.3861214667796957,7065.0,-0.2572225363050614,1.1981309357091459,240.0,-0.10305235674733426,-0.18799053107054986,-0.2910428878178841,1.2319512872219684,1997-1999,False
140,Donald Royal,-2.2770501492338373,0.7401800073582885,2280.0,-2.3659142508996056,0.6873242925384672,65.0,-0.0888641016657683,-0.05285571481982132,-0.14171981648558962,-1.5368701418755488,1997-1999,True
143,Terry Dehere,-0.8186253777224903,1.2470158613303541,5257.0,-0.8182586196666446,1.2647296034248448,11.0,0.0003667580558457395,0.017713742094490614,0.018080500150336354,0.4283904836078638,1997-1999,True
145,Tracy Murray,0.42001491876865954,2.3188050706987156,9212.0,0.4903787206967388,2.314083018333634,169.0,0.07036380192807928,-0.004722052365081719,0.06564174956299756,2.738819989467375,1997-1999,True
146,Jud Buechler,-0.470960095003337,-0.530717608359847,4595.0,-0.4630290730518332,-0.6449193802889623,526.0,0.007931021951503803,-0.11420177192911529,-0.10627074997761149,-1.001677703363184,1997-1999,False
147,Jalen Rose,0.4027679088553884,0.3925939197206625,7731.0,0.5881831488055671,0.5576058357064364,1174.0,0.18541523995017872,0.16501191598577392,0.35042715593595264,0.7953618285760509,1997-1999,False
156,Antoine Carr,-2.9162031922225413,-0.6563373607048253,5032.0,-2.885510763717151,-0.8315213815409835,1121.0,0.030692428505390446,-0.17518402083615825,-0.1444915923307678,-3.5725405529273666,1997-1999,False
157,Derek Harper,0.033469026793539566,2.106494892069706,9462.0,0.0019458289405857934,2.0496153063543288,210.0,-0.03152319785295377,-0.056879585715377434,-0.0884027835683312,2.1399639188632458,1997-1999,False
164,Chris Childs,-0.6606332646511984,-0.10430523782827866,9216.0,-0.45214582715501916,-0.48202020120158123,1951.0,0.20848743749617926,-0.37771496337330257,-0.1692275258771233,-0.764938502479477,1997-1999,False
165,Hakeem Olajuwon,0.06417706898570708,-3.5965066345229912,11870.0,0.12182011612664141,-3.6178832505200824,1752.0,0.057643047140934336,-0.021376615997091175,0.03626643114384316,-3.5323295655372844,1997-1999,False
166,Ron Harper,1.0554096088203369,-2.8804323249733503,9431.0,1.136146325846692,-3.019827059599365,1931.0,0.0807367170263551,-0.13939473462601448,-0.058658017599659384,-1.8250227161530135,1997-1999,False
168,Chris Mills,0.2839941958425022,-1.5848093659392795,12160.0,0.31209846563875404,-1.5494998538097726,311.0,0.028104269796251857,0.03530951212950684,0.0634137819257587,-1.3008151700967772,1997-1999,False
170,Joe Kleine,-4.401085460740862,1.0151908631324413,3071.0,-4.3984886865786965,1.0074810928256535,11.0,0.002596774162165083,-0.0077097703067878776,-0.0051129961446227945,-3.38589459760842,1997-1999,True
173,Keith Askins,-0.7952754674558764,-1.0393730275329547,5320.0,-0.7395005056692892,-1.059820918894437,423.0,0.05577496178658725,-0.020447891361482284,0.03532707042510497,-1.834648494988831,1997-1999,False
175,Alton Lister,-3.990443665369328,-0.5552939072992158,1077.0,-4.004627226525445,-0.5297503088897592,21.0,-0.014183561156116742,0.025543598409456636,0.011360037253339894,-4.545737572668544,1997-1999,True
177,Muggsy Bogues,0.10081202893097843,-0.11800990292464841,7695.0,0.1360851355942887,-0.09684957560809063,102.0,0.035273106663310266,0.021160327316557787,0.05643343397986805,-0.017197873993669982,1997-1999,True
180,John Crotty,-1.1708035424186214,1.5909886379784846,2720.0,-1.2906948047012667,1.5798785831092783,239.0,-0.11989126228264535,-0.011110054869206243,-0.1310013171518516,0.42018509555986316,1997-1999,False
183,Bison Dele,-1.8508174899644705,-0.8337663249684409,7168.0,-1.725177991272624,-1.1324370493891494,787.0,0.12563949869184654,-0.2986707244207084,-0.17303122572886187,-2.6845838149329113,1997-1999,False
184,Bobby Phills,1.595921221464249,-1.3934193208835042,10631.0,1.4849476955668326,-1.3874646054283177,477.0,-0.11097352589741649,0.005954715455186443,-0.10501881044223005,0.2025019005807449,1997-1999,False
185,Chris Webber,1.4751789861650964,-2.023455257512592,14243.0,1.406763307651114,-2.2371389882334314,550.0,-0.06841567851398245,-0.21368373072083946,-0.2820994092348219,-0.5482762713474956,1997-1999,False
187,Terry Cummings,-1.227145757300296,0.19740727504279118,5614.0,-1.1439821937409347,-0.1250273744061894,775.0,0.08316356355936128,-0.3224346494489806,-0.23927108588961932,-1.0297384822575049,1997-1999,False
190,Duane Causwell,-4.380845795753478,-0.7634636514752184,2024.0,-4.335609315688184,-0.7066909726609011,48.0,0.04523648006529424,0.05677267881431736,0.1020091588796116,-5.1443094472286965,1997-1999,True
192,Dennis Scott,0.2362175954070263,-0.07244199868715584,9706.0,0.18322654885120535,0.125742403028649,292.0,-0.05299104655582096,0.19818440171580484,0.14519335515998388,0.16377559671987046,1997-1999,False
193,Anthony Mason,0.7844731703651855,-0.3148401961590573,11629.0,0.637910314060655,-0.3686123790416642,890.0,-0.14656285630453048,-0.053772182882606934,-0.2003350391871374,0.4696329742061282,1997-1999,False
194,Anthony Bowie,-1.6121333993813973,0.6657874052719261,432.0,-1.5980627614755425,0.6783320486165605,45.0,0.014070637905854833,0.012544643344634343,0.026615281250489176,-0.9463459941094712,1997-1999,True
197,Scott Burrell,-0.7503290390593788,-0.8297521527800295,5231.0,-0.7033596788352483,-0.8865501805537188,469.0,0.04696936022413045,-0.056798027773689364,-0.009828667549558912,-1.5800811918394082,1997-1999,False
198,Danny Ferry,-0.41051372105222594,0.5503792875658953,8362.0,-0.4414489538837954,0.5752237409838504,18.0,-0.03093523283156946,0.02484445341795516,-0.0060907794136143,0.13986556651366933,1997-1999,True
201,Chris Dudley,-3.2595439533326243,-3.6953253105282418,6238.0,-3.134472000481923,-3.6600648022262625,751.0,0.12507195285070116,0.03526050830197924,0.1603324611526804,-6.954869263860866,1997-1999,False
202,Gary Grant,-1.2284977446448806,0.05916937724549842,1365.0,-1.200812689829605,0.06017874711652198,54.0,0.02768505481527561,0.001009369871023555,0.028694424686299166,-1.1693283673993822,1997-1999,True
203,Nate McMillan,0.11769147068854835,-1.1865417489659231,1974.0,-0.013909308138706611,-1.0933458359705723,258.0,-0.13160077882725496,0.0931959129953508,-0.03840486583190417,-1.0688502782773748,1997-1999,False
204,Jeff Hornacek,4.337284456868595,-0.303143752567614,12380.0,4.042734070815318,-0.1645602394283213,2986.0,-0.29455038605327655,0.1385835131392927,-0.15596687291398384,4.034140704300981,1997-1999,False
208,Sam Cassell,2.911162759740434,-0.4759243669798312,8807.0,2.912136632234634,-0.37146638723570374,237.0,0.0009738724941996679,0.10445797974412746,0.10543185223832713,2.4352383927606027,1997-1999,False
209,Dell Curry,1.6922564055414233,1.8909680219620801,7278.0,1.4518913009947836,1.8736486745088634,480.0,-0.24036510454663973,-0.017319347453216727,-0.25768445199985646,3.5832244275035032,1997-1999,False
210,Terrell Brandon,2.7390397016818397,0.47508285340570344,10767.0,2.752265748579461,0.434277170412253,292.0,0.013226046897621302,-0.04080568299345044,-0.02757963609582914,3.214122555087543,1997-1999,False
213,Antonio Davis,-1.225631147492834,-1.4863805445193699,10752.0,-1.030085737054879,-1.5184631361067313,1412.0,0.19554541043795504,-0.032082591587361486,0.16346281885059355,-2.712011692012204,1997-1999,False
216,Brian Shaw,-1.8067324813157946,1.69546230330924,6451.0,-1.8845617831211015,1.724761993027298,145.0,-0.0778293018053069,0.029299689718057964,-0.04852961208724893,-0.11127017800655459,1997-1999,True
219,Vinny Del Negro,0.37684571472653006,2.0464077057099135,9270.0,0.4018493237771183,1.9887080597158873,520.0,0.025003609050588238,-0.057699645994026216,-0.03269603694343798,2.4232534204364438,1997-1999,False
221,Clar. Weatherspoon,-2.59811639034585,-0.12284591679853296,12150.0,-2.526473185629982,-0.008969738012726353,189.0,0.07164320471586816,0.11387617878580661,0.18551938350167477,-2.720962307144383,1997-1999,True
223,Bill Curley,-1.807345085303527,-0.5276526143736864,1017.0,-1.8351949716738079,-0.5373123918464953,14.0,-0.02784988637028074,-0.009659777472808884,-0.037509663843089625,-2.3349976996772135,1997-1999,True
224,Eddie Jones,2.938849177090062,-1.7851961252754243,15002.0,3.0097382722580663,-1.3493560264653057,1410.0,0.07088909516800435,0.43584009881011854,0.5067291939781229,1.1536530518146377,1997-1999,False
228,Adam Keefe,0.07554101269006042,-0.7419271942460507,6748.0,-0.14891857769837186,-0.7181285969220879,568.0,-0.22445959038843227,0.023798597323962833,-0.20066099306446944,-0.6663861815559903,1997-1999,False
238,Tyrone Hill,-1.2880981540073546,-2.2740383107583586,10335.0,-1.2652407570809803,-2.016451657467815,366.0,0.02285739692637434,0.25758665329054375,0.2804440502169181,-3.562136464765713,1997-1999,False
239,Darrick Martin,1.2721755566838069,1.0849406365151324,9749.0,1.3377965788471848,1.170861646373954,137.0,0.06562102216337795,0.08592100985882167,0.15154203202219962,2.357116193198939,1997-1999,True
241,Darrin Hancock,-1.4912851745324527,0.326545783445662,302.0,-1.4770140791601847,0.3030204818826804,61.0,0.014271095372268006,-0.023525301562981604,-0.009254206190713599,-1.1647393910867907,1997-1999,True
243,Aaron McKie,-1.337890899459658,-1.8002190650768708,8321.0,-1.3776271790795078,-1.818023903400668,369.0,-0.039736279619849935,-0.0178048383237972,-0.057541117943647135,-3.138109964536529,1997-1999,False
246,Greg Anderson,-2.9802916357283546,0.07947706755042705,3844.0,-3.001224628507831,0.07446320322332838,11.0,-0.020932992779476134,-0.005013864327098674,-0.025946857106574808,-2.9008145681779274,1997-1999,True
247,Joe Dumars,2.1330019200887333,1.1472676194787852,11383.0,2.2177430542906698,1.171169116611745,611.0,0.08474113420193641,0.02390149713295986,0.10864263133489627,3.2802695395675183,1997-1999,False
248,George Lynch,-1.1439279778011748,-2.447115111623913,7297.0,-1.0204459687332088,-2.5496132844755746,459.0,0.12348200906796603,-0.10249817285166163,0.020983836216304397,-3.5910430894250878,1997-1999,False
251,Sean Elliott,-1.0975970539799256,-0.20901890595323738,7254.0,-0.9849814566042115,-0.30647289041440046,1043.0,0.11261559737571403,-0.09745398446116307,0.015161612914550954,-1.306615959933163,1997-1999,False
252,Karl Malone,4.736707481657613,-0.5874977121351339,14819.0,4.557823858502078,-0.6155827343358552,3702.0,-0.17888362315553508,-0.028085022200721288,-0.20696864535625636,4.149209769522479,1997-1999,False
255,Grant Hill,4.412302152930259,-1.2725315804513062,14979.0,4.412102890075347,-1.2455529974519253,650.0,-0.00019926285491234097,0.02697858299938094,0.0267793201444686,3.1397705724789526,1997-1999,False
258,Brian Grant,-0.6799119880641292,-1.2888116544116759,7571.0,-0.5460144546504512,-1.3634027685467414,1100.0,0.13389753341367805,-0.07459111413506547,0.05930641927861258,-1.9687236424758052,1997-1999,False
265,Harvey Grant,-1.9406219491563927,0.014191895570019028,6282.0,-1.8956080666101445,0.004560216243285236,107.0,0.045013882546248274,-0.009631679326733792,0.035382203219514484,-1.9264300535863736,1997-1999,True
270,Horace Grant,-0.20727984440707983,-1.7728498856203634,12844.0,-0.2480170738225289,-1.6306145350185535,242.0,-0.04073722941544908,0.14223535060180992,0.10149812118636084,-1.9801297300274432,1997-1999,False
275,Allan Houston,0.2625193443235877,0.5947512447713781,13749.0,0.5094658882925387,-0.03922687868821628,2829.0,0.246946543968951,-0.6339781234595944,-0.3870315794906434,0.8572705890949658,1997-1999,False
278,Stacey Augmon,-1.010721070680924,-1.7927927854515424,6158.0,-0.9601398162839568,-1.8458474024595422,435.0,0.050581254396967146,-0.05305461700799974,-0.0024733626110325924,-2.8035138561324664,1997-1999,False
279,Charles Jones,-2.870271813272927,-1.1624002006561787,445.0,-2.8466133697250458,-1.2086419302708755,26.0,0.02365844354788127,-0.04624172961469686,-0.02258328606681559,-4.032672013929106,1997-1999,True
283,Lindsey Hunter,1.2840166763188217,0.25925710058987894,13183.0,1.2458917376614194,0.29420225784427156,654.0,-0.038124938657402296,0.03494515725439262,-0.003179781403009674,1.5432737769087006,1997-1999,False
288,Armen Gilliam,-2.2323570076926695,1.1598130957542985,9127.0,-2.253091391908638,1.16142461365202,59.0,-0.020734384215968404,0.001611517897721626,-0.01912286631824678,-1.072543911938371,1997-1999,True
291,Ed Pinckney,-2.8410357817716423,-0.11666574815204406,496.0,-2.817365720516928,-0.09649140878506257,14.0,0.02367006125471427,0.020174339366981486,0.043844400621695756,-2.9577015299236864,1997-1999,True
292,Anthony Miller,-1.366402435403317,0.13412722778926295,995.0,-1.3894512359264728,0.023117145511454912,63.0,-0.02304880052315572,-0.11101008227780804,-0.13405888280096376,-1.2322752076140542,1997-1999,True
296,Rick Fox,0.8430116084346977,0.2997423018600332,12411.0,1.041541201273032,0.5092386058240088,1144.0,0.19852959283833438,0.20949630396397562,0.40802589680231,1.1427539102947308,1997-1999,False
297,Alonzo Mourning,1.672622199178108,-4.788795502891063,10911.0,1.3932996317081965,-4.873921746220809,1714.0,-0.2793225674699116,-0.0851262433297455,-0.3644488107996571,-3.116173303712955,1997-1999,False
299,Glenn Robinson,2.128528873849847,0.14781786245618495,13081.0,2.1795695317779615,0.29983281606112366,216.0,0.05104065792811463,0.15201495360493872,0.20305561153305335,2.276346736306032,1997-1999,False
302,Mookie Blaylock,2.9485770803901916,-1.7053505045421558,13729.0,2.912414754061407,-1.5456134804769712,1671.0,-0.036162326328784467,0.15973702406518453,0.12357469773640006,1.2432265758480359,1997-1999,False
304,John Stockton,4.90708498070596,-1.4873666125774876,11392.0,4.577863564464044,-1.6396237376086868,2994.0,-0.32922141624191603,-0.15225712503119926,-0.4814785412731153,3.4197183681284726,1997-1999,False
305,Robert Parish,-1.5469231889244546,-0.6184095878841904,757.0,-1.5482018545330478,-0.6054310499423828,35.0,-0.0012786656085932435,0.012978537941807589,0.011699872333214345,-2.165332776808645,1997-1999,True
316,Richard Manning,-3.020435137980062,1.0856067327971484,388.0,-3.0122015300540155,1.1133988468595157,39.0,0.008233607926046549,0.027792114062367368,0.03602572198841392,-1.9348284051829137,1997-1999,True
317,John Starks,1.0795714177654543,0.7048642423310545,11252.0,1.1666850704447889,0.46490434392013213,1029.0,0.08711365267933457,-0.23995989841092236,-0.15284624573158778,1.7844356600965088,1997-1999,False
323,Greg Foster,-3.9267729391585333,1.1508447775903563,5202.0,-4.311635452419181,1.0094862543074699,1299.0,-0.3848625132606478,-0.14135852328288645,-0.5262210365435342,-2.775928161568177,1997-1999,False
324,Anthony Peeler,0.0387604696907225,0.4749574178218938,8212.0,-0.04559549598626804,0.46089324695476525,609.0,-0.08435596567699054,-0.014064170867128578,-0.09842013654411912,0.5137178875126163,1997-1999,False
328,Rick Mahorn,-3.8609031379974508,-0.5670411151711251,1933.0,-3.848655530924452,-0.5336498830762656,84.0,0.012247607072998878,0.0333912320948595,0.04563883916785838,-4.427944253168576,1997-1999,True
330,Danny Manning,-0.0367438281803929,-0.5262993882648468,9867.0,-0.12863901830072433,-0.6401313216811967,372.0,-0.09189519012033143,-0.1138319334163499,-0.20572712353668132,-0.5630432164452397,1997-1999,False
335,Willie Anderson,-0.7891899079661324,0.34161103766522405,547.0,-0.8872609390775722,0.3747003264733615,237.0,-0.09807103111143978,0.03308928880813744,-0.06498174230330234,-0.44757887030090837,1997-1999,False
339,Tom Gugliotta,0.8940177724174878,-0.20205276207416345,12023.0,0.9419669118989284,0.06099257040933753,453.0,0.04794913948144064,0.263045332483501,0.3109944719649416,0.6919650103433244,1997-1999,False
345,Terry Porter,1.4054181819214135,0.5889112408666679,8997.0,1.3440167945815151,0.7166832255629879,663.0,-0.06140138733989842,0.12777198469632,0.06637059735642159,1.9943294227880815,1997-1999,False
348,Mitchell Butler,-1.625211808816263,0.045931838507209166,2042.0,-1.624644102549243,0.04822143333802656,9.0,0.0005677062670199629,0.002289594830817393,0.002857301097837356,-1.5792799703090539,1997-1999,True
349,Mark Jackson,2.1142775577359143,-0.5932732596814685,12859.0,2.3635427727191307,-0.49550253490562296,1727.0,0.2492652149832164,0.09777072477584553,0.34703593975906194,1.5210042980544458,1997-1999,False
353,Darrell Armstrong,1.4087087683682493,-0.5585002884577442,7031.0,1.45379126962196,-0.5230806811810591,559.0,0.045082501253710605,0.03541960727668514,0.08050210853039574,0.8502084799105051,1997-1999,False
356,Chris Morris,-1.5426685448989512,0.5055256389986509,3858.0,-1.5170594759306355,0.23405622222550898,771.0,0.025609068968315718,-0.2714694167731419,-0.24586034780482618,-1.0371429059003003,1997-1999,False
358,Anfernee Hardaway,2.5505016283192115,-0.6881140129564691,9008.0,2.483275388073342,-0.6009267178857961,705.0,-0.06722624024586965,0.08718729507067302,0.01996105482480337,1.8623876153627423,1997-1999,False
359,Chucky Brown,-1.3083787331202779,1.6406590502311105,5978.0,-1.240274103340047,1.5801820350115343,84.0,0.0681046297802308,-0.06047701521957616,0.007627614560654639,0.3322803171108326,1997-1999,True
361,Clifford Robinson,1.401438430847536,-1.2107075550895887,13695.0,1.3547083500735342,-0.8274350875702292,694.0,-0.04673008077400187,0.3832724675193595,0.33654238674535764,0.19073087575794734,1997-1999,False
363,Christian Laettner,1.0737807724246777,-0.5750703494364222,10459.0,1.038041599566312,-0.5405130185711875,1072.0,-0.03573917285836581,0.034557330865234714,-0.0011818419931310942,0.4987104229882555,1997-1999,False
364,Rex Chapman,1.2787449576075351,1.7585759976238327,10251.0,1.1810542455378523,1.8219159428661442,612.0,-0.09769071206968283,0.06333994524231157,-0.03435076682737126,3.037320955231368,1997-1999,False
365,Derrick McKey,-1.7013584946028084,-0.9935192888354283,5479.0,-1.4911464628998865,-0.8740761992402435,942.0,0.2102120317029219,0.11944308959518479,0.3296551212981067,-2.694877783438237,1997-1999,False
369,Charlie Ward,0.5924072242053919,-2.3594429920698525,10633.0,0.7166932108429436,-2.3963912636973483,1726.0,0.12428598663755164,-0.03694827162749581,0.08733771501005583,-1.7670357678644606,1997-1999,False
371,Terry Mills,0.7941919079303883,0.1012001392837597,5014.0,0.7767628114103285,0.13511890775991806,358.0,-0.01742909652005975,0.03391876847615835,0.0164896719560986,0.895392047214148,1997-1999,False
375,Isaiah Rider,0.980027085515502,1.8600083260548759,12807.0,1.1497942508610848,1.8901161728234683,1405.0,0.16976716534558278,0.03010784676859246,0.19987501211417524,2.840035411570378,1997-1999,False
376,Eric Montross,-4.343108721395309,-0.9133519055362129,5765.0,-4.369662569759354,-0.8635676664465999,122.0,-0.026553848364045507,0.04978423908961305,0.02323039072556754,-5.2564606269315215,1997-1999,True
380,Tony Smith,-0.4155555802981432,0.7735119097116023,2548.0,-0.4355764577515979,0.7405903567172714,18.0,-0.02002087745345471,-0.03292155299433097,-0.05294243044778568,0.3579563294134591,1997-1999,True
381,James Robinson,-0.6601802480129642,3.190973718791833,5931.0,-0.6174216243438054,3.2787026995060384,81.0,0.042758623669158724,0.08772898071420565,0.13048760438336438,2.5307934707788684,1997-1999,True
383,Kendall Gill,1.4621487838817306,-0.7165562435108613,14600.0,1.5061094745774348,-0.7400025178338874,177.0,0.043960690695704185,-0.02344627432302604,0.020514416372678146,0.7455925403708693,1997-1999,True
384,Calbert Cheaney,-0.4324200593624282,0.2677080260593812,12567.0,-0.38373896634004045,0.31985709465081025,224.0,0.04868109302238777,0.05214906859142904,0.1008301616138168,-0.164712033303047,1997-1999,False
389,Toni Kukoc,2.083729289228349,-0.7251727733503215,10322.0,1.9681429666920822,-1.0172862211520028,1907.0,-0.115586322536267,-0.29211344780168136,-0.40769977033794835,1.3585565158780277,1997-1999,False
393,Rod Strickland,3.1124003198847916,0.3168173235923212,14721.0,3.141112093229926,0.3359530662081891,232.0,0.028711773345134528,0.019135742615867923,0.04784751596100245,3.429217643477113,1997-1999,False
397,Reggie Miller,4.086661456045971,1.3511982647552223,14087.0,4.41551897937074,1.5277097258584424,2027.0,0.3288575233247686,0.17651146110322014,0.5053689844279887,5.437859720801193,1997-1999,False
399,Sean Rooks,-2.8637900605856728,0.7517390882886514,2954.0,-2.9549751175065566,0.8144523917185601,210.0,-0.09118505692088386,0.06271330342990866,-0.028471753490975193,-2.1120509722970215,1997-1999,False
400,Derek Strong,-1.323475495458529,-0.3424308688902109,8067.0,-1.4017599059049826,-0.27478121236870234,369.0,-0.07828441044645351,0.06764965652150856,-0.01063475392494495,-1.66590636434874,1997-1999,False
406,Shaquille O'Neal,3.7694737163096574,-2.4413575214615486,11126.0,4.048493149969946,-2.4365997650678795,2092.0,0.2790194336602889,0.004757756393669155,0.2837771900539581,1.3281161948481088,1997-1999,False
417,Sam Mitchell,-0.9997466410915038,0.929456018685205,10853.0,-1.0666173231541907,0.9989500572999488,652.0,-0.06687068206268687,0.06949403861474379,0.0026233565520569213,-0.0702906224062988,1997-1999,False
418,Scott Brooks,-1.8514089458967269,-0.005973558751432351,1085.0,-1.8931609412370265,0.05939527807883638,36.0,-0.04175199534029961,0.06536883683026873,0.02361684148996912,-1.8573825046481591,1997-1999,True
420,Jayson Williams,-2.378084375213211,-1.067498908981487,9229.0,-2.3376617539709885,-1.1336852995813618,213.0,0.04042262124222251,-0.06618639059987474,-0.025763769357652233,-3.445583284194698,1997-1999,False
422,Avery Johnson,0.16892432547091352,0.5013186182242233,12623.0,0.31649905503141335,0.15701409293575447,1802.0,0.14757472956049983,-0.34430452528846883,-0.196729795727969,0.6702429436951368,1997-1999,False
423,Chris Gatling,-1.455668612162576,0.5909840304579617,6590.0,-1.433918743076052,0.6933235216996312,166.0,0.021749869086523876,0.10233949124166952,0.1240893603281934,-0.8646845817046143,1997-1999,True
428,Sherman Douglas,0.15468196706316362,0.9729294718221757,9134.0,0.2284921684968974,0.9473195134709137,232.0,0.07381020143373379,-0.025609958351262008,0.04820024308247178,1.1276114388853393,1997-1999,False
431,Shawn Kemp,1.0388928137176001,-2.9752426462341677,13241.0,0.9739728258605402,-3.0330724684180685,1131.0,-0.06491998785705988,-0.05782982218390087,-0.12274981004096075,-1.9363498325165676,1997-1999,False
433,Buck Williams,-1.3797465427337348,-1.214463644558891,4186.0,-1.3336067368915445,-1.414600573096976,439.0,0.04613980584219024,-0.20013692853808496,-0.15399712269589472,-2.5942101872926258,1997-1999,False
436,Juwan Howard,0.02211128349303071,-0.563111261050777,14021.0,0.08089604832050859,-0.5240993104820046,240.0,0.05878476482747788,0.03901195056877238,0.09779671539625026,-0.5409999775577463,1997-1999,False
441,Lamond Murray,-0.4154804218475745,1.7506801938791139,9982.0,-0.4562263875935933,1.782769357365683,121.0,-0.0407459657460188,0.032089163486569205,-0.008656802259449592,1.3351997720315394,1997-1999,True
445,Wesley Person,1.2578072879640125,0.246205932680043,13220.0,1.1257904431189456,0.2446159451172722,568.0,-0.13201684484506693,-0.001589987562770817,-0.13360683240783774,1.5040132206440555,1997-1999,False
446,Lucious Harris,-0.9461998824214165,0.7356409511915336,4115.0,-0.9069592816400497,0.7489732874087899,101.0,0.03924060078136682,0.013332336217256269,0.05257293699862309,-0.2105589312298829,1997-1999,True
448,Bo Outlaw,0.15071059391492195,-3.1535405426011067,11086.0,0.12187939469664899,-3.1154233604824624,278.0,-0.028831199218272957,0.038117182118644344,0.009285982900371387,-3.002829948686185,1997-1999,False
452,Vin Baker,1.3894513929959522,0.09642805543512312,13463.0,1.4351234405045412,0.3040018801600205,652.0,0.045672047508589,0.20757382472489738,0.2532458722334864,1.4858794484310753,1997-1999,False
456,Chuck Person,-0.9085878693193568,0.6883398741161852,4587.0,-0.9157422855308982,0.6957622396809777,351.0,-0.007154416211541448,0.007422365564792477,0.0002679493532510291,-0.2202479952031715,1997-1999,False
458,Howard Eisley,-0.6358129429990642,1.2137087621303133,7270.0,-0.6936426090478709,1.0744054274996433,1538.0,-0.05782966604880668,-0.13930333463067002,-0.1971330006794767,0.5778958191312491,1997-1999,False
462,J.R. Reid,-1.9673500831481199,-0.09715189911487185,4072.0,-2.097721123733223,-0.25610988348606323,533.0,-0.1303710405851033,-0.15895798437119138,-0.28932902495629464,-2.0645019822629918,1997-1999,False
467,Jason Kidd,3.626735426853802,-1.1475806371408899,13761.0,3.5484388849876827,-0.8453855423491512,987.0,-0.07829654186611945,0.30219509479173867,0.22389855292561922,2.4791547897129123,1997-1999,False
468,Jon Barry,1.0590786052686214,-0.6158572134976833,4127.0,0.921456318310172,-0.644217587493778,256.0,-0.13762228695844936,-0.0283603739960947,-0.16598266095454406,0.4432213917709381,1997-1999,False
469,Jamal Mashburn,0.20571138028792277,0.3217520684574767,8774.0,-0.1305905426454904,0.4312222672966599,1500.0,-0.33630192293341316,0.10947019883918319,-0.22683172409422997,0.5274634487453995,1997-1999,False
672,Matt Bullard,0.6752404847342325,2.015016596891042,5065.0,0.7328235408608824,1.8581277309693887,162.0,0.057583056126649934,-0.1568888659216534,-0.09930580979500347,2.6902570816252744,1997-1999,True
673,Alan Henderson,-1.068994415450903,1.9607238378709477,6801.0,-0.9934833215090038,1.9902373669869198,479.0,0.07551109394189925,0.029513529115972048,0.1050246230578713,0.8917294224200447,1997-1999,False
674,Reggie Jordan,-0.5058626314851072,-1.1062816654670027,1813.0,-0.5506481988591396,-1.1350548623359025,55.0,-0.04478556737403239,-0.028773196868899786,-0.07355876424293217,-1.6121442969521098,1997-1999,True
679,Jason Caffey,-1.5942640305570217,-0.3072136266922457,6941.0,-1.6137346229162968,-0.29431312014469413,314.0,-0.019470592359275063,0.012900506547551593,-0.0065700858117234695,-1.9014776572492673,1997-1999,False
682,Bob Sura,-0.5252654684202301,-0.3322076452684892,7255.0,-0.5744885548459046,-0.2258500851581487,49.0,-0.04922308642567441,0.10635756011034053,0.05713447368466612,-0.8574731136887194,1997-1999,True
684,Loren Meyer,-4.205216328498272,-0.1390654372883097,1510.0,-4.2700371236414565,-0.0750773032636311,32.0,-0.06482079514318428,0.0639881340246786,-0.0008326611185056898,-4.344281765786582,1997-1999,True
685,Cherokee Parks,-2.3969626277438874,-0.3769921454511571,7260.0,-2.4078392217711806,-0.3174079866371221,21.0,-0.01087659402729324,0.059584158814035004,0.048707564786741764,-2.7739547731950447,1997-1999,True
686,Antonio McDyess,-0.6129651880884626,-1.934223155697976,13221.0,-0.6228201076811758,-1.8319371386214707,274.0,-0.00985491959271323,0.10228601707650542,0.09243109748379219,-2.5471883437864387,1997-1999,False
688,Michael Curry,-1.529952773166928,-0.6648150713800309,8133.0,-1.5751067622732526,-0.5825293053576455,128.0,-0.04515398910632462,0.08228576602238546,0.037131776916060844,-2.194767844546959,1997-1999,True
689,Theo Ratliff,-1.284316679328342,-2.9069182568405862,9872.0,-1.2877315378268712,-3.0082120711121565,403.0,-0.003414858498529183,-0.10129381427157025,-0.10470867277009943,-4.191234936168929,1997-1999,False
690,Don Reid,-1.465297084207485,-2.3660594628397282,4415.0,-1.5150208901907414,-2.396428162476802,50.0,-0.04972380598325632,-0.03036869963707378,-0.0800925056203301,-3.8313565470472133,1997-1999,True
693,Joe Smith,-1.0002742268780533,-0.12243231579446168,13207.0,-1.063917090163883,-0.1606166440501496,222.0,-0.06364286328582969,-0.03818432825568793,-0.10182719154151762,-1.122706542672515,1997-1999,False
694,Sam Mack,-0.8220095617696378,-0.14377425746278272,6520.0,-0.7899591708239682,-0.15473084219461825,241.0,0.03205039094566964,-0.010956584731835528,0.02109380621383411,-0.9657838192324205,1997-1999,False
695,Eldridge Recasner,0.02825875790761218,2.552417767436368,6289.0,-0.07341574150431852,2.5645672638435126,392.0,-0.1016744994119307,0.012149496407144689,-0.08952500300478601,2.5806765253439803,1997-1999,False
696,Travis Best,0.08849481075956267,-0.8289083794258424,8597.0,0.19954677968974519,-0.8562232095537166,763.0,0.11105196893018252,-0.027314830127874168,0.08373713880230835,-0.7404135686662797,1997-1999,False
697,Fred Hoiberg,-0.3115124956247416,-0.5069048846403383,2884.0,-0.2929879637942149,-0.4850123736927242,78.0,0.018524531830526714,0.02189251094761413,0.040417042778140844,-0.8184173802650799,1997-1999,True
698,Eddie Johnson,0.12824201481724007,2.0709221598650367,4643.0,0.19391839924189436,2.258598429872556,687.0,0.06567638442465429,0.18767627000751919,0.2533526544321735,2.1991641746822768,1997-1999,False
699,Brent Barry,0.6111288713899072,1.3037977369403368,7513.0,0.6641612006918136,1.368980160983999,156.0,0.05303232930190638,0.06518242404366226,0.11821475334556864,1.914926608330244,1997-1999,True
702,Voshon Lenard,1.7542458660640465,0.7560363570970664,9165.0,1.5618550371768414,0.8117319990308082,1430.0,-0.19239082888720516,0.05569564193374177,-0.1366951869534634,2.510282223161113,1997-1999,False
703,Kurt Thomas,-3.244064172602064,-1.8883912221022845,3017.0,-3.0837214773301014,-2.1713149077634393,766.0,0.16034269527196265,-0.2829236856611548,-0.12258099038919212,-5.1324553947043485,1997-1999,False
708,Kevin Garnett,2.537690589443369,-2.3538326045021063,15329.0,2.498806604810938,-2.255114589331178,883.0,-0.038883984632430924,0.09871801517092837,0.05983403053849745,0.1838579849412625,1997-1999,False
710,David Vaughn,-3.5710605627626864,-0.5443791945656851,1750.0,-3.5740989526327835,-0.5513938832775276,2.0,-0.003038389870097191,-0.0070146887118425205,-0.010053078581939712,-4.115439757328371,1997-1999,True
711,Jerry Stackhouse,1.0434124351322316,1.6251244954790978,13512.0,0.944779399133467,1.635349003096306,215.0,-0.0986330359987646,0.010224507617208278,-0.08840852838155633,2.6685369306113293,1997-1999,False
712,Mario Bennett,-0.4189214376221323,0.3690651952585242,777.0,-0.43625390423233623,0.41241174564887745,22.0,-0.017332466610203934,0.04334655039035323,0.0260140837801493,-0.04985624236360808,1997-1999,True
713,Chris Carr,-1.2063524341891307,0.7497029372335156,4792.0,-1.2030112155255999,0.7772362229921058,16.0,0.003341218663530876,0.027533285758590265,0.03087450442212114,-0.4566494969556152,1997-1999,True
716,Rumeal Robinson,-1.0206454825918287,0.888161263138148,975.0,-1.0150579416125627,0.8905056630848047,44.0,0.005587540979266059,0.0023443999466566945,0.007931940925922754,-0.13248421945368072,1997-1999,True
717,Arvydas Sabonis,1.3809304300067602,-2.9419544701838483,10240.0,1.3515238322312695,-3.1581009334483894,1074.0,-0.029406597775490706,-0.21614646326454112,-0.24555306104003183,-1.561024040177088,1997-1999,False
718,Gary Trent,0.3455746989875058,2.1183048277542476,8807.0,0.30763870236206425,2.189341815216458,111.0,-0.03793599662544156,0.07103698746221054,0.033100990836768984,2.4638795267417533,1997-1999,True
722,Corliss Williamson,-0.4051825749492421,1.1682000215878374,12032.0,-0.4198371169982021,1.0182814651375134,248.0,-0.014654542048959995,-0.14991855645032404,-0.16457309849928403,0.7630174466385953,1997-1999,False
727,Eric Snow,-1.0899838923253424,-1.6956283405300854,6475.0,-0.975298868532642,-1.675718231229037,663.0,0.1146850237927004,0.019910109301048307,0.1345951330937487,-2.785612232855428,1997-1999,False
731,Greg Ostertag,-1.8431481779368948,-4.376346585356956,8213.0,-1.8349864077927538,-4.550422593630388,1873.0,0.00816177014414099,-0.17407600827343206,-0.16591423812929107,-6.21949476329385,1997-1999,False
739,Rasheed Wallace,1.061245638522267,-3.177519573125843,11747.0,1.2323876698597456,-3.0558640721378563,1410.0,0.17114203133747852,0.12165550098798672,0.29279753232546524,-2.116273934603576,1997-1999,False
753,Randy Brown,-2.149582827457176,-1.3388027345843603,6400.0,-2.267985936013626,-1.399038265917082,334.0,-0.11840310855644987,-0.06023553133272164,-0.1786386398891715,-3.4883855620415365,1997-1999,False
754,Jim Jackson,0.602171021785064,1.3625174909169422,13447.0,0.5916978098017884,1.4422788330648884,477.0,-0.010473211983275554,0.07976134214794617,0.06928813016467061,1.9646885127020062,1997-1999,False
757,Damon Stoudamire,2.2981796058383135,2.010442868298044,14828.0,2.355471505873512,2.035148051501248,1046.0,0.05729190003519857,0.02470518320320414,0.08199708323840271,4.3086224741363575,1997-1999,False
760,Jerome Kersey,-1.4763023911736697,-2.9059077776101327,6035.0,-1.3427862838653668,-3.0213529429275363,1038.0,0.13351610730830288,-0.11544516531740356,0.018070941990899314,-4.382210168783803,1997-1999,False
761,Matt Geiger,-0.8100801589727973,-0.8260317706464502,8212.0,-0.8634481752035654,-0.7437843260998017,533.0,-0.053368016230768145,0.08224744454664845,0.028879428315880307,-1.6361119296192475,1997-1999,False
764,David Robinson,1.4436244083302938,-3.79819805579418,7672.0,1.6982053441343536,-4.393028046057396,1705.0,0.2545809358040598,-0.5948299902632161,-0.3402490544591563,-2.3545736474638863,1997-1999,False
765,Hersey Hawkins,2.0171469335408663,-0.2552404003229799,13238.0,2.058736484022182,-0.21189850274075211,1571.0,0.04158955048131574,0.043341897582227784,0.08493144806354352,1.7619065332178865,1997-1999,False
766,David Wingate,-1.4564465793210921,-0.0786577354446858,3052.0,-1.5406755479089824,-0.07604167050917099,399.0,-0.08422896858789031,0.002616064935514806,-0.0816129036523755,-1.535104314765778,1997-1999,False
769,B.J. Armstrong,-0.3961690724284277,2.106315686341729,4250.0,-0.6304724916734389,1.9731302552928138,271.0,-0.2343034192450112,-0.13318543104891534,-0.36748885029392653,1.7101466139133015,1997-1999,False
770,Mark West,-4.316862270713884,-1.9432623283411934,2748.0,-4.270963083752647,-1.9137722440198321,139.0,0.04589918696123707,0.029490084321361243,0.07538927128259831,-6.260124599055077,1997-1999,True
777,Rex Walters,-1.1402343414258596,1.4873921065518483,3498.0,-1.1055066835339442,1.5153981713369091,25.0,0.03472765789191534,0.028006064785060847,0.06273372267697619,0.3471577651259887,1997-1999,True
779,Glen Rice,3.469781479860222,1.7269786863629928,14231.0,3.374743476083018,1.664484819282885,1487.0,-0.09503800377720406,-0.062493867080107846,-0.1575318708573119,5.196760166223215,1997-1999,False
781,Will Perdue,-1.5629055296828618,-1.0471341043010727,7166.0,-1.6948612848990516,-1.0766384427713713,502.0,-0.13195575521618985,-0.029504338470298652,-0.1614600936864885,-2.6100396339839342,1997-1999,False
785,Eric Murdock,-1.2065880606487434,-1.252914692938644,3592.0,-1.2540066173965176,-1.3364264481796497,224.0,-0.04741855674777429,-0.08351175524100563,-0.1309303119887799,-2.4595027535873877,1997-1999,False
786,Gerald Wilkins,-1.3372065705716767,2.4585937727864033,6455.0,-1.3404122214686238,2.4761170951286062,256.0,-0.003205650896947132,0.017523322342202885,0.014317671445255753,1.1213872022147267,1997-1999,False
787,Charles Barkley,3.5394909883214454,-0.032209564275478525,10858.0,3.6465592115246688,-0.041459524154147484,1617.0,0.1070682232032234,-0.009249959878668959,0.09781826332455444,3.5072814240459667,1997-1999,False
788,Kevin Willis,-1.8525831996347295,0.30202368118686984,10759.0,-1.8559943691476588,0.31640372458500593,861.0,-0.003411169512929302,0.014380043398136089,0.010968873885206787,-1.5505595184478596,1997-1999,False
891,Charles Oakley,-1.0828378005586279,-2.3640341041003854,13462.0,-1.1285550979154666,-2.3594343835036122,1280.0,-0.045717297356838715,0.00459972059677316,-0.041117576760065555,-3.4468719046590133,1997-1999,False
893,Michael Jordan,5.915702602285719,-1.197698558437156,11774.0,5.942678219301144,-1.6081538489099407,2984.0,0.026975617015425613,-0.41045529047278473,-0.3834796734573591,4.718004043848563,1997-1999,False
894,Ricky Pierce,-0.2609224382321683,1.75788807544681,3221.0,-0.1978808973845939,1.8120147083422007,160.0,0.0630415408475744,0.05412663289539066,0.11716817374296506,1.4969656372146418,1997-1999,True
895,Tyrone Corbin,-0.24897419123764586,-1.4492577428599627,11089.0,-0.3007225257996245,-1.086628312908991,1289.0,-0.05174833456197864,0.3626294299509716,0.31088109538899295,-1.6982319340976084,1997-1999,False
896,Tim Hardaway,3.5805313785210977,-0.23538659681846685,14656.0,3.29293213160295,-0.1342488371232613,2004.0,-0.28759924691814787,0.10113775969520555,-0.1864614872229423,3.345144781702631,1997-1999,False
901,Otis Thorpe,-1.0150646688629934,0.04148683631204464,11791.0,-1.1058138611932504,0.02443791601445283,258.0,-0.09074919233025702,-0.01704892029759181,-0.10779811262784883,-0.9735778325509488,1997-1999,False
904,Chris Mullin,2.558143841879562,-0.13482068386693769,11550.0,2.6400733142489554,-0.26884242015186843,1259.0,0.08192947236939352,-0.13402173628493075,-0.05209226391553723,2.423323158012624,1997-1999,False
905,Dale Davis,-0.12442828884407864,-0.7477244979461467,11350.0,0.03701532163781138,-0.8077861201076039,1560.0,0.16144361048189002,-0.06006162216145716,0.10138198832043285,-0.8721527867902253,1997-1999,False
906,Haywoode Workman,-0.0034002573229241495,-0.1214151059781521,1664.0,-0.01747858949456204,-0.09506446127693233,99.0,-0.01407833217163789,0.02635064470121977,0.012272312529581879,-0.12481536330107625,1997-1999,True
907,Malik Sealy,-1.2891244696810795,-0.48984223736905974,9250.0,-1.3145997623893935,-0.3433477423489785,274.0,-0.025475292708313946,0.14649449502008122,0.12101920231176727,-1.7789667070501394,1997-1999,False
911,Ervin Johnson,-1.8459998136814275,-2.361730999107408,11048.0,-1.8948903832274584,-2.3096485898419354,170.0,-0.04889056954603088,0.052082409265472585,0.0031918397194417025,-4.207730812788835,1997-1999,True
913,Larry Johnson,0.6166009781537626,-0.3932903617666569,12227.0,0.7693829666317559,-0.7391044496016878,2288.0,0.1527819884779933,-0.34581408783503087,-0.19303209935703758,0.2233106163871057,1997-1999,False
914,Stanley Roberts,-3.6721673855964676,-2.5261545782683683,3317.0,-3.6962281395031633,-2.5793736724088907,58.0,-0.02406075390669571,-0.053219094140522394,-0.0772798480472181,-6.198321963864836,1997-1999,True
915,Rodney Rogers,0.7370514674251403,1.8457652004951168,11404.0,0.8111875787537198,1.9068188042960612,156.0,0.07413611132857956,0.06105360380094438,0.13518971512952394,2.582816667920257,1997-1999,True
916,Corie Blount,-2.4526037811850405,-0.642280860094187,4962.0,-2.3350227252497016,-0.7332008540522841,399.0,0.11758105593533896,-0.09091999395809713,0.02666106197724183,-3.0948846412792275,1997-1999,False
919,Loy Vaught,-1.9097061948343592,0.9915104547384284,6764.0,-1.8397377051200776,1.0759204400487254,191.0,0.0699684897142816,0.08440998531029709,0.1543784750245787,-0.9181957400959309,1997-1999,True
922,Elden Campbell,-1.9606385471894217,-0.4092613468988123,10950.0,-2.023536033541249,-0.2857666404146216,831.0,-0.06289748635182724,0.1234947064841907,0.06059722013236346,-2.369899894088234,1997-1999,False
935,Bryon Russell,1.0889450711080082,-0.49794150718862945,12263.0,0.8690398773075656,-0.6411737240230073,3345.0,-0.2199051938004426,-0.14323221683437787,-0.36313741063482047,0.5910035639193787,1997-1999,False
937,Scottie Pippen,3.5425980192053412,-1.088319962199002,12732.0,3.359975935433834,-1.2664073622434602,3168.0,-0.18262208377150735,-0.1780874000444581,-0.36070948381596546,2.454278057006339,1997-1999,False
938,Rony Seikaly,-1.8454645243170753,0.5471890034136295,8016.0,-1.974366076159259,0.65988364841648,226.0,-0.12890155184218366,0.11269464500285042,-0.016206906839333235,-1.2982755209034458,1997-1999,False
947,Allen Iverson,3.9989012000385014,1.9415807014084816,16029.0,4.106455949096484,2.0055750856409817,666.0,0.10755474905798224,0.06399438423250015,0.17154913329048238,5.940481901446983,1997-1999,False
948,Marcus Camby,-1.5174353540677603,-0.28421687076857427,9207.0,-1.3046695017376853,-0.44244355450665085,912.0,0.21276585233007506,-0.15822668373807658,0.05453916859199848,-1.8016522248363347,1997-1999,False
950,Stephon Marbury,3.42876725088685,2.172547446767135,14096.0,3.4803015884629724,2.3407148609225548,598.0,0.05153433757612236,0.1681674141554197,0.21970175173154205,5.601314697653985,1997-1999,False
951,Ray Allen,2.9534058940303303,1.152014672205207,14247.0,2.975824787081009,1.1328960474902856,228.0,0.02241889305067879,-0.019118624714921317,0.0033002683357574725,4.105420566235537,1997-1999,False
953,Lorenzen Wright,-1.4576194005515133,-0.6292498082360591,9802.0,-1.417890826735058,-0.5596822163162742,166.0,0.039728573816455226,0.0695675919197849,0.10929616573624013,-2.086869208787572,1997-1999,True
954,Kerry Kittles,1.6931855227357127,1.4556260983661422,14466.0,1.7777549472363057,1.476740120400339,225.0,0.08456942450059302,0.021114022034196767,0.10568344653478978,3.1488116211018546,1997-1999,False
957,Todd Fuller,-3.282500391463511,0.8641382569996146,3967.0,-3.2345035560541024,0.7932641853151382,189.0,0.04799683540940869,-0.07087407168447635,-0.02287723627506766,-2.4183621344638966,1997-1999,True
958,Vitaly Potapenko,-3.559219377522685,-1.468055395138134,7378.0,-3.6143833990332075,-1.417734513722468,117.0,-0.05516402151052269,0.05032088141566615,-0.004843140094856535,-5.027274772660819,1997-1999,True
959,Steve Nash,0.5910841082440955,0.2993465255459081,6951.0,0.49857074167235466,0.2942622250184846,146.0,-0.09251336657174086,-0.005084300527423535,-0.0975976670991644,0.8904306337900036,1997-1999,True
960,Tony Delk,-1.0519554523428591,2.1389424037596396,6206.0,-1.0083751568160453,2.269909466584791,158.0,0.04358029552681386,0.13096706282515136,0.17454735835196522,1.0869869514167805,1997-1999,True
961,John Wallace,-2.1279525692851338,2.080657896093813,7739.0,-2.1370067934926866,2.1359787875325935,85.0,-0.009054224207552863,0.055320891438780606,0.04626666723122774,-0.04729467319132086,1997-1999,True
962,Walter McCarty,-0.7273721337710211,-0.8193990404713334,6231.0,-0.7193185354229349,-0.7893680484396725,8.0,0.008053598348086166,0.03003099203166093,0.038084590379747096,-1.5467711742423544,1997-1999,True
965,Derek Fisher,0.3575674878673055,0.1357010222161068,7470.0,0.6299616378667054,0.10990740252084472,1044.0,0.2723941499993999,-0.025793619695262088,0.24660053030413784,0.4932685100834123,1997-1999,False
966,Jerome Williams,0.2271388113711269,-0.28350040301348023,4885.0,0.24211502792170578,-0.3786680386611245,213.0,0.014976216550578875,-0.09516763564764424,-0.08019141909706537,-0.056361591642353326,1997-1999,False
967,Brian Evans,-0.9998193686837848,0.6365276519993214,2151.0,-0.978775991830714,0.6422675012259351,23.0,0.021043376853070894,0.005739849226613747,0.02678322607968464,-0.3632917166844635,1997-1999,True
968,Priest Lauderdale,-3.13317606458633,-0.13479165933604878,1090.0,-3.1587387878857416,-0.10467646510016387,15.0,-0.025562723299411783,0.030115194235884907,0.004552470936473124,-3.2679677239223786,1997-1999,True
969,Travis Knight,-1.453295970754149,-0.7406227435666459,6231.0,-1.4073514968651206,-0.6888453257188362,199.0,0.04594447388902845,0.05177741784780976,0.0977218917368382,-2.193918714320795,1997-1999,True
970,Othella Harrington,-2.4068912813890435,0.7710368149629583,5135.0,-2.3854878739195553,0.6896080104151481,159.0,0.02140340746948821,-0.08142880454781021,-0.060025397078321996,-1.6358544664260852,1997-1999,True
977,Kobe Bryant,2.4471193801817512,1.3790612431218539,9892.0,2.4012129229525425,1.107852875756038,1295.0,-0.04590645722920872,-0.2712083673658159,-0.3171148245950246,3.826180623303605,1997-1999,False
978,Peja Stojakovic,1.1916051073878744,0.927193449329204,2022.0,1.1158546033871,0.9319218152487778,200.0,-0.07575050400077443,0.004728365919573818,-0.07102213808120061,2.1187985567170786,1997-1999,False
979,Jermaine O'Neal,-2.6184511025152215,-0.1617228742873026,3045.0,-2.615027563942461,-0.11397739913836438,116.0,0.003423538572760343,0.047745475148938205,0.05116901372169855,-2.780173976802524,1997-1999,True
980,Zydrunas Ilgauskas,-0.27113673354811624,-2.3222667846683804,4772.0,-0.2880598162782686,-2.262570134136194,252.0,-0.01692308273015236,0.059696650532186535,0.042773567802034174,-2.5934035182164967,1997-1999,False
988,Randy Livingston,-0.775332510427513,0.7220859287430269,2085.0,-0.7464288033565195,0.7417450785479694,77.0,0.028903707070993545,0.019659149804942544,0.04856285687593609,-0.05324658168448615,1997-1999,True
990,Malik Rose,-1.5625364186065467,-0.8364128909087303,3036.0,-1.7049719464246889,-0.8109181114067759,434.0,-0.14243552781814217,0.025494779501954334,-0.11694074831618784,-2.398949309515277,1997-1999,False
998,Mark Pope,-2.8485552405915557,0.2058249303303297,420.0,-2.8116719646791726,0.20245984805715225,80.0,0.03688327591238316,-0.0033650822731774443,0.03351819363920572,-2.642730310261226,1997-1999,True
1000,Shandon Anderson,0.5233160663240276,0.9168128229080512,6866.0,0.5175022046775916,0.6372428917517632,1732.0,-0.005813861646436047,-0.27956993115628803,-0.2853837928027241,1.4401288892320787,1997-1999,False
1002,Reggie Geary,-1.5137628100448657,-0.7355598357192481,1716.0,-1.5154904940498068,-0.6862957342417557,93.0,-0.0017276840049411657,0.049264101477492384,0.04753641747255122,-2.2493226457641136,1997-1999,True
1003,Drew Barry,-0.4848349523387741,0.3190514932641128,910.0,-0.5057679451182504,0.3182210817250247,11.0,-0.0209329927794763,-0.0008304115390880829,-0.021763404318564383,-0.1657834590746613,1997-1999,True
1005,Walt Williams,0.6623365345157308,-0.2901300572067133,9803.0,0.6127770797033528,-0.08459600193773797,526.0,-0.049559454812378,0.20553405526897534,0.15597460045659733,0.3722064773090175,1997-1999,False
1006,Herb Williams,-4.469309160535063,-0.7533468165887116,739.0,-4.4936037143356895,-0.6565175058199956,72.0,-0.024294553800626062,0.09682931076871604,0.07253475696808998,-5.222655977123775,1997-1999,True
1035,Shawnelle Scott,-2.301317548967898,-0.2097831912133516,460.0,-2.2989505845388454,-0.18609415669595586,6.0,0.002366964429052487,0.023689034517395735,0.026055998946448222,-2.5111007401812495,1997-1999,True
1037,Stojko Vrankovic,-4.074216668166254,-0.8184211396852024,3388.0,-4.097405900465322,-0.8009976246065542,10.0,-0.02318923229906833,0.017423515078648144,-0.005765717220420186,-4.892637807851456,1997-1999,True
1043,Amal McCaskill,-1.8716138498657102,0.5737214225062717,209.0,-1.8362535770302923,0.5789752727872494,15.0,0.03536027283541787,0.00525385028097769,0.04061412311639556,-1.2978924273594385,1997-1999,True
1049,Shane Heal,-0.6909937496568868,1.1202312676308652,488.0,-0.675332576274524,1.1239869929677406,4.0,0.015661173382362725,0.003755725336875404,0.01941689871923813,0.42923751797397847,1997-1999,True
1051,Dean Garrett,-2.483398887972667,-0.5054243268774589,10037.0,-2.3858906845056063,-0.5322574508538569,378.0,0.0975082034670609,-0.026833123976398032,0.07067507949066287,-2.988823214850126,1997-1999,False
1063,Carl Thomas,-1.275982600434192,0.5811684191084913,995.0,-1.2908393270078016,0.6181384341016858,17.0,-0.01485672657360948,0.03697001499319452,0.022113288419585042,-0.6948141813257008,1997-1999,True
1074,Matt Maloney,0.5154733002281335,1.3373141518118883,9190.0,0.6667776087051435,1.0672886741087544,1306.0,0.15130430847700993,-0.2700254777031339,-0.11872116922612397,1.8527874520400218,1997-1999,False
1080,Henry James,-0.9144703564455227,1.7161869426451648,2095.0,-1.011112287222606,1.8146331901811812,89.0,-0.09664193077708327,0.09844624753601638,0.001804316758933111,0.8017165861996421,1997-1999,True
1096,Ivano Newbill,-2.892847231711697,-0.7759773654163735,2110.0,-2.901553519605679,-0.7453411604048409,12.0,-0.00870628789398209,0.030636205011532636,0.021929917117550546,-3.6688245971280704,1997-1999,True
1110,Mark Strickland,-1.679468651773354,1.2640479005069292,2591.0,-1.6130160979278028,1.354470083321675,96.0,0.06645255384555115,0.09042218281474579,0.15687473666029694,-0.41542075126642475,1997-1999,True
1114,Jaren Jackson,-0.7653965579127041,-1.2730154083939689,7982.0,-0.4786809532663716,-1.394771066101224,1254.0,0.2867156046463325,-0.12175565770725516,0.16495994693907734,-2.038411966306673,1997-1999,False
1122,Dominique Wilkins,0.7737465197407712,2.56067998567444,4072.0,0.7578218204511746,2.5716724197668963,7.0,-0.01592469928959661,0.010992434092456094,-0.004932265197140517,3.3344265054152116,1997-1999,True
1125,Larry Stewart,-0.5627308371139034,-0.2328558971946056,1917.0,-0.5009136379616438,-0.3146917055663459,38.0,0.06181719915225958,-0.08183580837174032,-0.020018609219480732,-0.795586734308509,1997-1999,True
1128,Stephen Howard,-1.6945713596101906,-0.02000220152312142,922.0,-1.675469383596489,-0.006232181257114245,35.0,0.01910197601370167,0.013770020266007174,0.03287199627970885,-1.714573561133312,1997-1999,True
1133,Corey Beck,-1.5593377523031575,-0.15713194761038926,1699.0,-1.5712241668838052,-0.2278278299052861,56.0,-0.011886414580647653,-0.07069588229489684,-0.0825822968755445,-1.7164696999135467,1997-1999,True
1134,Ike Austin,-1.9719076661590837,-0.32568444498461113,10088.0,-2.059240342603954,-0.28149046633699626,723.0,-0.0873326764448703,0.04419397864761487,-0.04313869779725543,-2.297592111143695,1997-1999,False
1138,Michael Hawkins,-0.7435500106650925,1.0059281926940948,1094.0,-0.7585502968637573,1.0541599617853212,18.0,-0.01500028619866478,0.048231769091226395,0.033231482892561615,0.2623781820290023,1997-1999,True
1425,Aaron Williams,-2.898565510693473,-0.6774386579762147,3441.0,-2.9190106206660356,-0.6844583290637525,15.0,-0.02044510997256266,-0.00701967108753776,-0.02746478106010042,-3.5760041686696877,1997-1999,True
1444,Lawrence Funderburke,-0.9192898016497637,2.086268866110479,3977.0,-0.9268381599530292,2.1415971225646446,57.0,-0.007548358303265501,0.055328256454165725,0.047779898150900224,1.1669790644607152,1997-1999,True
1479,Mike Brown,-2.421326140382183,0.05807696080362265,154.0,-2.4257311157432366,0.11769863404272526,60.0,-0.004404975361053776,0.05962167323910261,0.05521669787804884,-2.36324917957856,1997-1999,True
1495,Tim Duncan,2.927814354649498,-3.4642307690529606,9580.0,2.959347358582341,-3.6075626399987293,2001.0,0.03153300393284297,-0.1433318709457687,-0.11179886701292574,-0.5364164144034627,1997-1999,False
1496,Keith Van Horn,1.0226743915584695,0.3710322002424105,7535.0,1.0723648578571658,0.3919883192719228,139.0,0.049690466298696334,0.020956119029512277,0.07064658532820861,1.39370659180088,1997-1999,True
1498,Antonio Daniels,-0.15458707079628803,2.0913549755485095,5008.0,-0.14658488818755214,2.096481789868177,201.0,0.008002182608735892,0.005126814319667439,0.01312899692840333,1.9367679047522215,1997-1999,False
1501,Tim Thomas,-0.03614751113045633,0.9903056754188255,4924.0,0.08279975617738271,1.053925833034372,111.0,0.11894726730783904,0.0636201576155464,0.18256742492338546,0.9541581642883692,1997-1999,True
1505,Tariq Abdul-Wahad,-2.255558308967913,0.6389184852440586,4365.0,-2.161688929312616,0.5355349834628794,193.0,0.09386937965529718,-0.10338350178117917,-0.009514122125881985,-1.6166398237238546,1997-1999,True
1506,Austin Croshere,-1.7134909555378235,0.7893039284462138,936.0,-1.7071569325597333,0.7854672604209652,2.0,0.006334022978090159,-0.003836668025248624,0.002497354952841535,-0.9241870270916097,1997-1999,True
1507,Derek Anderson,0.3869294496861314,-0.672966989981681,5313.0,0.3536333691365704,-0.6602521875831439,185.0,-0.033296080549561013,0.012714802398537173,-0.02058127815102384,-0.2860375402955496,1997-1999,True
1509,Kelvin Cato,-2.5937319073325273,-1.6022183181586134,2997.0,-2.504686846687516,-1.3860170583210747,194.0,0.08904506064501128,0.21620125983753868,0.30524632048254996,-4.19595022549114,1997-1999,True
1510,Brevin Knight,0.6835197848209649,-1.7704921534923406,6917.0,0.6733062409698531,-1.832342933221669,232.0,-0.010213543851111728,-0.0618507797293284,-0.07206432358044013,-1.0869723686713757,1997-1999,False
1513,Scot Pollard,-1.3788812860831168,-0.6488856019963231,1125.0,-1.3840317371703421,-0.6172423464510353,133.0,-0.005150451087225338,0.031643255545287796,0.026492804458062458,-2.02776688807944,1997-1999,True
1516,Ed Gray,-1.6837137472523642,2.190573156074066,1525.0,-1.7767886895503,2.1295617980804176,131.0,-0.09307494229793578,-0.06101135799364865,-0.15408630029158443,0.506859408821702,1997-1999,True
1517,Bobby Jackson,-0.41084145035430053,0.9551959914075235,5677.0,-0.41209313349057003,0.9483081076265606,44.0,-0.0012516831362694991,-0.0068878837809629445,-0.008139566917232444,0.544354541053223,1997-1999,True
1518,Rodrick Rhodes,-2.1946742743582504,0.6922454159572007,2350.0,-2.19282387603363,0.6778904024523749,15.0,0.001850398324620528,-0.01435501350482582,-0.012504615180205292,-1.5024288584010497,1997-1999,True
1521,Jacque Vaughn,-1.4519580991249073,1.3303275545397406,1024.0,-1.4750579299923416,1.3042780245080414,62.0,-0.02309983086743439,-0.026049530031699186,-0.049149360899133576,-0.12163054458516664,1997-1999,True
1525,Charles O'Bannon,-1.018850299637498,0.7474119226563198,760.0,-1.0483553345047096,0.7208638952695343,19.0,-0.029505034867211677,-0.026548027386785522,-0.0560530622539972,-0.2714383769811781,1997-1999,True
1527,Marko Milic,-0.32477974383226016,0.8739462148859686,445.0,-0.31010372772539585,0.8581071745682223,13.0,0.014676016106864309,-0.0158390403177463,-0.001163024210881991,0.5491664710537084,1997-1999,True
1532,Jerald Honeycutt,-0.8161895376790125,0.9275757132645219,1266.0,-0.8005993165971734,0.9601616211324749,23.0,0.01559022108183905,0.03258590786795301,0.04817612894979206,0.11138617558550945,1997-1999,True
1533,Anthony Johnson,-1.314054169686556,1.2776540723524494,5999.0,-1.3567258419447275,1.3062007269251519,204.0,-0.04267167225817148,0.028546654572702446,-0.014125017685469032,-0.03640009733410654,1997-1999,False
1538,Cedric Henderson,-1.1261030283500482,-0.05021887597700071,7612.0,-1.133853470456161,0.0640052001173895,269.0,-0.007750442106112754,0.11422407609439021,0.10647363398827746,-1.176321904327049,1997-1999,False
1544,Chris Crawford,-1.392246543328174,0.6690583592186861,1950.0,-1.4546890644923103,0.7531218584250636,234.0,-0.06244252116413618,0.08406349920637757,0.02162097804224139,-0.723188184109488,1997-1999,False
1545,DeJuan Wheat,-0.481748666510017,1.1102485526142916,1417.0,-0.4896405492201919,1.0979143654079,7.0,-0.00789188271017488,-0.012334187206391567,-0.020226069916566447,0.6284998861042745,1997-1999,True
1562,Gerard King,-2.424144934112452,0.22723279786066208,141.0,-2.4133338811292875,0.28689419754856166,27.0,0.010811052983164426,0.059661399687899574,0.070472452671064,-2.1969121362517896,1997-1999,True
1576,Travis Williams,-1.753910974601267,0.7084280417393118,814.0,-1.7757794294212816,0.6853205591655864,38.0,-0.021868454820014538,-0.023107482573725413,-0.04497593739373995,-1.0454829328619553,1997-1999,True
1594,Rick Brunson,-0.4983515516993552,1.0209443828538514,1369.0,-0.4937521525684795,1.0962394700956457,32.0,0.004599399130875703,0.07529508724179435,0.07989448637267005,0.5225928311544962,1997-1999,True
1714,Robert Traylor,0.3283289597264655,-2.0096405170765568,1442.0,0.33805010896898413,-2.0294494293819194,82.0,0.009721149242518656,-0.019808912305362636,-0.01008776306284398,-1.6813115573500914,1997-1999,True
1715,Jason Williams,1.7761293287982025,1.346488850331143,3719.0,1.7851970221582554,1.2855187080827946,315.0,0.009067693360052864,-0.0609701422483484,-0.05190244888829554,3.1226181791293453,1997-1999,False
1716,Larry Hughes,0.4294933152705449,0.3382325407051672,1927.0,0.47520145116945994,0.4899760802063493,380.0,0.04570813589891504,0.15174353950118213,0.19745167540009717,0.7677258559757121,1997-1999,False
1720,Michael Doleac,-1.017048083694585,0.6209810399584994,1473.0,-1.0163753709135497,0.6484218955927122,78.0,0.0006727127810353117,0.027440855634212835,0.028113568415248147,-0.3960670437360856,1997-1999,True
1722,Michael Dickerson,0.5618495233137689,0.5707623596182899,2917.0,0.4903071329571585,0.5937186939449886,159.0,-0.07154239035661042,0.022956334326698635,-0.048586056029911784,1.1326118829320588,1997-1999,True
1723,Matt Harpring,-1.1460794330173776,0.9545080839049044,2089.0,-1.1539072781854545,0.9436319636713647,166.0,-0.007827845168076886,-0.010876120233539677,-0.018703965401616562,-0.1915713491124732,1997-1999,True
1724,Bryce Drew,-1.3610224688000145,1.1145324619091994,848.0,-1.3475394122556457,1.1027630645165072,10.0,0.013483056544368877,-0.011769397392692227,0.0017136591516766497,-0.24649000689081513,1997-1999,True
1725,Rasho Nesterovic,-3.1350072493090586,0.6942735312839494,61.0,-3.0928577659219236,0.7635303720045452,51.0,0.04214948338713498,0.06925684072059579,0.11140632410773077,-2.4407337180251094,1997-1999,True
1727,Pat Garrity,-0.5389392787674439,1.4328435749180475,1019.0,-0.5299557064679474,1.3925431568807292,98.0,0.008983572299496423,-0.04030041803731832,-0.0313168457378219,0.8939042961506036,1997-1999,True
1728,Roshown McLeod,-2.0687770857144847,1.9978304805297724,648.0,-2.082505625988118,1.932988619335478,86.0,-0.01372854027363335,-0.06484186119429447,-0.07857040146792782,-0.0709466051847123,1997-1999,True
1731,Tyronn Lue,-0.39176083222703995,2.053439144643319,378.0,-0.40704809878780074,2.0869359697480867,73.0,-0.015287266560760793,0.03349682510476759,0.0182095585440068,1.6616783124162793,1997-1999,True
1737,Nazr Mohammed,-2.3682339726154944,-0.14005657861766027,256.0,-2.3676854338901037,-0.11242994817433358,7.0,0.0005485387253907348,0.027626630443326694,0.02817516916871743,-2.508290551233155,1997-1999,True
1739,Ruben Patterson,-1.4828790413270827,1.0370346336004788,285.0,-1.4774111964178036,1.0320844927550654,9.0,0.005467844909279096,-0.004950140845413342,0.0005177040638657537,-0.44584440772660394,1997-1999,True
1744,Jerome James,-3.0348423901269825,-0.68324642344011,97.0,-3.0348959998028344,-0.6574638256528577,7.0,-5.3609675851884475e-05,0.025782597787252337,0.025728988111400453,-3.7180888135670926,1997-1999,True
1749,Cuttino Mobley,0.37458898638204075,0.7932838358107748,2722.0,0.3270951761988126,0.8319508702438544,178.0,-0.047493810183228125,0.03866703443307962,-0.008826775750148508,1.1678728221928156,1997-1999,True
1754,Andrae Patterson,-1.8004853904385854,-0.37890668201802347,560.0,-1.776864404504831,-0.38724010621440924,15.0,0.02362098593375439,-0.008333424196385775,0.015287561737368616,-2.1793920724566087,1997-1999,True
1847,Thurl Bailey,-2.981998755054772,-1.1025362905797471,992.0,-3.078797603369347,-1.0503647763836168,213.0,-0.09679884831457519,0.05217151419613031,-0.044627334118444884,-4.084535045634519,1997-1999,False
1852,Jeff Sheppard,-1.5224898016199604,0.947510933022606,345.0,-1.5013596501742532,0.896543643867813,24.0,0.02113015144570718,-0.05096728915479298,-0.029837137709085804,-0.5749788685973544,1997-1999,True
1871,Gerald Brown,-1.5898695800318086,1.6580176938579967,461.0,-1.5853673527826324,1.6600526932045447,1.0,0.0045022272491761495,0.00203499934654805,0.006537226595724199,0.06814811382618813,1997-1999,True
21,Greg Anthony,-0.12874637704216269,0.6575756346179051,7340.0,-0.06992341419130799,0.4779445745605452,402.0,0.0588229628508547,-0.17963106005735996,-0.12080809720650526,0.5288292575757425,2000-2002,False
22,Rik Smits,-0.9819676475848786,-1.7339742555979205,3669.0,-0.9158729081684925,-1.393198597276476,834.0,0.0660947394163861,0.3407756583214445,0.4068703977378306,-2.715941903182799,2000-2002,False
26,Luc Longley,-4.642420703061463,-1.8778425710830247,3291.0,-4.735897734638083,-1.8309331511369151,298.0,-0.09347703157662046,0.04690941994610953,-0.04656761163051093,-6.5202632741444875,2000-2002,False
42,Monty Williams,-2.231585874907288,0.8640443477669859,7944.0,-2.1114248091969525,0.7997281550566389,201.0,0.12016106571033536,-0.06431619271034705,0.055844872999988304,-1.367541527140302,2000-2002,False
53,Mario Elie,-0.7152927315697623,-0.8246887207825102,7102.0,-0.8706692748107442,-0.9083599881730012,443.0,-0.15537654324098193,-0.08367126739049102,-0.23904781063147296,-1.5399814523522726,2000-2002,False
56,Gary Payton,3.556463690919818,0.8097274038133453,19175.0,3.5408548794447965,0.8581804819833941,773.0,-0.015608811475021689,0.04845307817004885,0.03284426669502716,4.366191094733163,2000-2002,False
57,Doug Christie,1.1702777956567245,-0.616615072176956,15941.0,0.997024402277892,-0.8862765712529773,2027.0,-0.1732533933788325,-0.2696614990760213,-0.4429148924548538,0.5536627234797685,2000-2002,False
64,Sam Perkins,-0.14604625004594518,-1.5038121523618295,4949.0,-0.031066926317300042,-1.6357826983521753,815.0,0.11497932372864514,-0.13197054599034574,-0.016991222261700606,-1.6498584024077747,2000-2002,False
67,Tom Hammonds,-3.3276838549665997,0.7354624675276074,839.0,-3.3270839656398277,0.7267113121038009,4.0,0.0005998893267720184,-0.008751155423806445,-0.008151266097034426,-2.5922213874389923,2000-2002,True
70,Steve Kerr,0.6521351121516669,1.7574933946994846,3210.0,0.658235031845499,1.7700751238588164,270.0,0.006099919693832168,0.012581729159331756,0.018681648853163924,2.4096285068511514,2000-2002,False
72,Kenny Anderson,-0.3086976418765476,-0.5392415508521798,11482.0,-0.2264280132121959,-0.6140714088080003,1033.0,0.08226962866435167,-0.07482985795582042,0.007439770708531246,-0.8479391927287274,2000-2002,False
76,Cedric Ceballos,-0.24513250981739687,1.725919776735056,5224.0,-0.2683615909255683,1.8141538824790906,28.0,-0.023229081108171457,0.08823410574403456,0.0650050246358631,1.4807872669176592,2000-2002,True
84,Latrell Sprewell,1.1186073225284114,0.27153244373001595,17949.0,1.2156139929370617,0.18756367082750514,1628.0,0.0970066704086503,-0.08396877290251081,0.013037897506139484,1.3901397662584274,2000-2002,False
87,Dikembe Mutombo,-0.9070081904155185,-4.587789343354408,15861.0,-0.8004579155629215,-4.707730918295884,2090.0,0.10655027485259705,-0.1199415749414765,-0.013391300088879454,-5.494797533769926,2000-2002,False
89,Nick Van Exel,2.4117141061899074,2.730477174869793,15794.0,2.4845925296134017,2.748938134889532,538.0,0.07287842342349427,0.01846096001973896,0.09133938344323322,5.1421912810597,2000-2002,False
95,Mark Bryant,-3.2723666287343396,-1.2045939022312122,3935.0,-3.24675764324337,-1.2224458348282732,223.0,0.025608985490969793,-0.01785193259706097,0.007757052893908822,-4.476960530965552,2000-2002,False
96,Detlef Schrempf,0.2361986696058344,1.1344688080955283,3876.0,0.272432570729637,1.0339617777398722,572.0,0.03623390112380259,-0.10050703035565611,-0.06427312923185352,1.3706674777013628,2000-2002,False
98,Nick Anderson,-0.7985993678743442,-0.1603736640586464,5292.0,-0.7986891907048057,0.00897137813200874,253.0,-8.982283046155004e-05,0.16934504219065513,0.16925521936019358,-0.9589730319329905,2000-2002,False
103,Todd Day,0.7473021910873086,-0.13294514416779668,2590.0,0.726921951509966,-0.13826003100896123,201.0,-0.020380239577342585,-0.005314886841164546,-0.02569512641850713,0.6143570469195119,2000-2002,False
105,Dan Majerle,0.21574097754001975,-0.80219987759547,9068.0,0.14017493987157997,-0.6327664715703705,795.0,-0.07556603766843978,0.1694334060250995,0.09386736835665971,-0.5864589000554502,2000-2002,False
109,Robert Horry,-0.8749479371249649,-1.149218656204491,10591.0,-0.342142096852897,-1.0066930809377173,3284.0,0.5328058402720679,0.14252557526677379,0.6753314155388417,-2.024166593329456,2000-2002,False
111,LaPhonso Ellis,-1.8466216989650115,1.3558381324043194,9296.0,-1.9540867480951065,1.3133595285387936,142.0,-0.10746504913009503,-0.04247860386552582,-0.14994365299562085,-0.4907835665606921,2000-2002,True
120,Steven Smith,2.406012637008979,1.0094216219218872,14081.0,2.525621908280434,0.9534180181564926,1879.0,0.11960927127145515,-0.056003603765394594,0.06360566750606056,3.4154342589308664,2000-2002,False
121,Patrick Ewing,-1.626991960390175,-1.0205695121375296,9569.0,-1.60888045301736,-1.1564627839171633,954.0,0.018111507372815083,-0.13589327177963373,-0.11778176440681865,-2.6475614725277046,2000-2002,False
123,Robert Pack,-0.7504869495969169,1.5728996007201304,4391.0,-0.8117734315986035,1.601323360518308,25.0,-0.061286482001686626,0.028423759798177572,-0.032862722203509054,0.8224126511232135,2000-2002,True
124,Vlade Divac,0.058469554509027355,-3.8106852803503903,14631.0,0.055990735433684935,-3.8405650290474878,1802.0,-0.00247881907534242,-0.02987974869709742,-0.03235856777243984,-3.752215725841363,2000-2002,False
128,David Benoit,-1.1460063424349705,0.6435911440407929,870.0,-1.1609819917702187,0.714407520639615,112.0,-0.014975649335248198,0.07081637659882212,0.05584072726357392,-0.5024151983941776,2000-2002,True
133,David Wesley,0.019494066767541396,0.6846855940528205,16047.0,0.1979872575561152,0.8443609916917981,1715.0,0.1784931907885738,0.15967539763897765,0.3381685884275515,0.7041796608203619,2000-2002,False
134,Kevin Johnson,-0.22831595016896744,0.6321971957439725,216.0,-0.31296084079601744,0.6088256071673127,250.0,-0.08464489062705,-0.023371588576659774,-0.10801647920370977,0.40388124557500504,2000-2002,False
136,P.J. Brown,0.5023289817692249,-2.7970828167566273,14411.0,0.6036708357685723,-2.8232536859397657,1893.0,0.10134185399934736,-0.02617086918313838,0.07517098481620899,-2.2947538349874024,2000-2002,False
137,Vernon Maxwell,-0.7412064673328003,1.2947875418010708,3286.0,-0.7649434218221526,1.2953751300017786,80.0,-0.023736954489352313,0.0005875882007078115,-0.023149366288644502,0.5535810744682705,2000-2002,True
145,Tracy Murray,0.37723586682089555,2.187225749886715,5650.0,0.36618191774791026,2.203179326919731,15.0,-0.011053949072985292,0.015953577033015698,0.004899627960030406,2.564461616707611,2000-2002,True
146,Jud Buechler,-1.2135873388316516,0.05566080935261647,4183.0,-1.280654348407321,0.023511260642176936,83.0,-0.06706700957566936,-0.032149548710439534,-0.0992165582861089,-1.157926529479035,2000-2002,True
147,Jalen Rose,1.4907176511988862,0.9925008063439087,17487.0,1.688015995396892,1.2732088799495804,2103.0,0.19729834419800585,0.28070807360567174,0.4780064178036776,2.4832184575427947,2000-2002,False
164,Chris Childs,-2.251312853125283,-1.1836950850238446,9476.0,-2.218266061784944,-1.1453091587872415,1585.0,0.03304679134033872,0.038385926236603085,0.0714327175769418,-3.4350079381491274,2000-2002,False
165,Hakeem Olajuwon,-1.8176632915686377,-3.0356716785036544,7570.0,-1.8083668936845474,-3.041474464940448,145.0,0.009296397884090313,-0.00580278643679355,0.0034936114472967628,-4.853334970072292,2000-2002,True
166,Ron Harper,-0.38450038844716367,-0.8094917467275499,6091.0,-0.16035416084576087,-0.6028877395359566,1292.0,0.2241462276014028,0.20660400719159322,0.430750234792996,-1.1939921351747136,2000-2002,False
176,Antonio Harvey,-3.431326651194447,0.09852184049749002,490.0,-3.4389414459983434,0.08710180358971734,28.0,-0.007614794803896263,-0.011420036907772685,-0.019034831711668948,-3.332804810696957,2000-2002,True
177,Muggsy Bogues,-1.6816761393465203,0.446053750867745,3411.0,-1.6903378355405392,0.38473311562551354,156.0,-0.008661696194018909,-0.06132063524223147,-0.06998233143625038,-1.2356223884787751,2000-2002,True
178,Olden Polynice,-3.355066546850971,-2.3178005069168086,6458.0,-3.3655311504098004,-2.373583719169595,643.0,-0.010464603558829388,-0.055783212252786374,-0.06624781581161576,-5.67286705376778,2000-2002,False
180,John Crotty,-0.5150391665631358,0.5257303515996482,3906.0,-0.5979178480507061,0.5374208666371691,129.0,-0.08287868148757038,0.011690515037520943,-0.07118816645004944,0.010691185036512452,2000-2002,True
185,Chris Webber,1.8787542936769557,-1.6420756833226176,15895.0,1.8358510530209604,-1.652413047983279,2416.0,-0.04290324065599527,-0.010337364660661486,-0.05324060531665675,0.23667861035433813,2000-2002,False
190,Duane Causwell,-4.533265964223012,-0.5145125129602587,1057.0,-4.542207207198897,-0.4905898440888874,10.0,-0.008941242975884833,0.02392266887137129,0.014981425895486455,-5.047778477183271,2000-2002,True
193,Anthony Mason,-0.18308640734831721,0.12789405038853707,18102.0,-0.3126414088189017,0.40238291405678234,504.0,-0.12955500147058446,0.27448886366824526,0.1449338621976608,-0.05519235695978014,2000-2002,False
197,Scott Burrell,0.16100370496617003,-1.3968679853807295,2724.0,0.19076634686497398,-1.4158394942395531,22.0,0.029762641898803954,-0.018971508858823594,0.01079113303998036,-1.2358642804145594,2000-2002,True
198,Danny Ferry,0.8566727332450985,0.06759111550490765,7289.0,0.9156838874964843,0.1266716952739189,917.0,0.05901115425138581,0.05908057976901124,0.11809173402039705,0.9242638487500061,2000-2002,False
201,Chris Dudley,-3.522623126890393,-1.5001919161671766,2611.0,-3.4841094660560006,-1.565182141662863,135.0,0.03851366083439256,-0.06499022549568645,-0.02647656466129389,-5.0228150430575695,2000-2002,True
202,Gary Grant,-2.002643092817486,0.6948853368738489,78.0,-2.002679000643444,0.7335670058663426,16.0,-3.5907825957970374e-05,0.0386816689924937,0.03864576116653573,-1.307757755943637,2000-2002,True
204,Jeff Hornacek,2.650262742034032,0.5404299431770119,4095.0,2.472611109336838,0.589604293696206,538.0,-0.1776516326971942,0.049174350519194165,-0.12847728217800003,3.1906926852110438,2000-2002,False
208,Sam Cassell,3.4320770761390023,0.9513326985249694,16088.0,3.5894503038715215,1.1303773175984326,1617.0,0.15737322773251927,0.17904461907346325,0.3364178468059825,4.3834097746639715,2000-2002,False
209,Dell Curry,0.5954168185786326,2.6924826130402546,5618.0,0.6775716730650476,2.5842825251033794,511.0,0.08215485448641502,-0.10820008793687519,-0.02604523345046017,3.287899431618887,2000-2002,False
210,Terrell Brandon,2.4584806721093773,-0.5814604407517316,12368.0,2.355937556090045,-0.7782581218489375,565.0,-0.10254311601933219,-0.19679768109720586,-0.29934079711653805,1.8770202313576456,2000-2002,False
213,Antonio Davis,-0.4677461424000279,-0.9663535520983753,15518.0,-0.29111587282283524,-1.1365277750903824,1445.0,0.17663026957719263,-0.17017422299200713,0.006456046585185504,-1.434099694498403,2000-2002,False
216,Brian Shaw,-0.3729192466674758,1.193260373071944,7264.0,-0.049826182313412626,1.3847709116088338,1811.0,0.32309306435406315,0.19151053853688982,0.514603602890953,0.8203411264044682,2000-2002,False
219,Vinny Del Negro,-1.5469289495667964,1.9141275325049731,4167.0,-1.543230385924794,1.8690744660979637,227.0,0.0036985636420023837,-0.04505306640700946,-0.04135450276500707,0.36719858293817675,2000-2002,False
221,Clar. Weatherspoon,-2.0947564175868187,-0.053017156957929634,11565.0,-2.188225880599253,-0.22140968240113798,293.0,-0.09346946301243442,-0.16839252544320835,-0.2618619884556428,-2.1477735745447486,2000-2002,False
224,Eddie Jones,1.657470001822918,-2.848873999212582,15460.0,1.5740837022152292,-2.8340268639779285,508.0,-0.08338629960768884,0.014847135234653752,-0.06853916437303509,-1.1914039973896642,2000-2002,False
238,Tyrone Hill,-1.1741107295573088,-0.04305478965556431,10105.0,-1.229382009276166,-0.05064702290358314,2000.0,-0.05527127971885726,-0.0075922332480188315,-0.06286351296687609,-1.2171655192128732,2000-2002,False
239,Darrick Martin,0.7161494760251297,1.1375218990803118,2179.0,0.6741478897339982,1.2104846324612064,61.0,-0.04200158629113149,0.07296273338089465,0.030961147089763164,1.8536713751054414,2000-2002,True
243,Aaron McKie,0.006588808147057534,-1.0199399974636778,11273.0,0.3636839588961406,-0.7660269601410861,2528.0,0.35709515074908305,0.25391303732259174,0.6110081880716748,-1.0133511893166203,2000-2002,False
244,Dee Brown,-0.974659229552792,0.9096573323657409,1777.0,-0.9434499181248704,0.9695522226820429,144.0,0.031209311427921604,0.05989489031630202,0.09110420174422362,-0.06500189718705118,2000-2002,True
248,George Lynch,-1.3111134230606765,-1.6638224632632945,11434.0,-1.3238544407246084,-1.350139672965058,1493.0,-0.012741017663931986,0.3136827902982364,0.30094177263430444,-2.974935886323971,2000-2002,False
251,Sean Elliott,-1.0763351997102788,-0.3374891130497047,3048.0,-1.2856882937527672,-0.6137238325745553,665.0,-0.20935309404248836,-0.2762347195248506,-0.485587813567339,-1.4138243127599834,2000-2002,False
252,Karl Malone,3.88277666111276,0.5716361937777001,16889.0,3.679578833590596,0.5961584886781943,1362.0,-0.20319782752216398,0.02452229490049418,-0.1786755326216698,4.45441285489046,2000-2002,False
255,Grant Hill,2.8771294633503155,0.08110164006174755,6868.0,2.901468507703505,0.06466148505495377,106.0,0.024339044353189454,-0.016440155006793786,0.007898889346395668,2.958231103412063,2000-2002,True
258,Brian Grant,-0.8715466974643302,-0.47154965935759025,11560.0,-0.87912465891771,-0.5203070882880745,733.0,-0.007577961453379745,-0.04875742893048424,-0.05633539038386398,-1.3430963568219205,2000-2002,False
270,Horace Grant,-0.32324051071802296,-0.8219550998366785,14031.0,-0.27954103716785605,-1.1937275437493626,1405.0,0.0436994735501669,-0.37177244391268416,-0.32807297036251726,-1.1451956105547014,2000-2002,False
271,Johnny Newman,-0.6108864730702785,0.8911170096246986,8847.0,-0.6410696564872517,0.9526746002473303,48.0,-0.030183183416973125,0.061557590622631664,0.03137440720565854,0.2802305365544201,2000-2002,True
275,Allan Houston,1.1079643202601341,1.347826227015453,16690.0,1.0739645117517644,1.317175499493179,1524.0,-0.0339998085083697,-0.030650727522274046,-0.06465053603064375,2.455790547275587,2000-2002,False
278,Stacey Augmon,-1.02072028703091,-0.8014660317171036,6018.0,-0.9463880031507684,-0.6785656177344231,409.0,0.07433228388014157,0.12290041398268048,0.19723269786282205,-1.8221863187480136,2000-2002,False
280,Felton Spencer,-3.55174433305765,-1.0968814087076888,964.0,-3.5636359736320586,-1.0903708932667475,11.0,-0.011891640574408502,0.006510515440941278,-0.005381125133467224,-4.648625741765339,2000-2002,True
281,Scott Williams,-2.039786834035839,-2.020021804250994,6710.0,-1.9450542267836797,-2.038805991354775,875.0,0.09473260725215926,-0.018784187103781047,0.07594842014837822,-4.0598086382868335,2000-2002,False
283,Lindsey Hunter,0.5633232304147635,0.188642086299943,12860.0,0.46680104828595737,0.1187834411451381,965.0,-0.09652218212880614,-0.0698586451548049,-0.16638082728361103,0.7519653167147065,2000-2002,False
288,Armen Gilliam,-2.347437317849253,-0.5006608035079734,1449.0,-2.5039312570850454,-0.543906599683991,248.0,-0.15649393923579247,-0.04324579617601765,-0.19973973541181012,-2.8480981213572263,2000-2002,False
296,Rick Fox,0.34463251853879623,-0.9422232879283126,11843.0,0.6826722725854805,-1.2715620575594162,3019.0,0.33803975404668424,-0.32933876963110364,0.008700984415580593,-0.5975907693895164,2000-2002,False
297,Alonzo Mourning,0.5154005974672907,-3.063237282289681,10227.0,0.27609464987621396,-3.020569354131744,834.0,-0.23930594759107676,0.04266792815793696,-0.1966380194331398,-2.54783668482239,2000-2002,False
299,Glenn Robinson,2.596989590858308,2.015728431102436,15789.0,2.6958011016044785,1.9372837181797236,1616.0,0.09881151074617067,-0.0784447129227126,0.02036679782345807,4.6127180219607435,2000-2002,False
304,John Stockton,4.757374926382795,-2.8168111234352198,14051.0,4.671391553644346,-2.765880230397612,1222.0,-0.0859833727384487,0.05093089303760756,-0.03505247970084113,1.9405638029475751,2000-2002,False
317,John Starks,0.9387201162774501,1.1460376540771569,8154.0,0.8456592662237488,1.1288081720906256,70.0,-0.09306085005370135,-0.017229481986531292,-0.11029033204023264,2.084757770354607,2000-2002,True
323,Greg Foster,-3.479149572628236,-0.09128567175293678,2299.0,-3.525163944865181,-0.19627791962980096,133.0,-0.04601437223694482,-0.10499224787686418,-0.151006620113809,-3.570435244381173,2000-2002,True
324,Anthony Peeler,-0.2983420603325223,2.0399612516271706,12102.0,-0.3672277670130013,1.7351730478937493,542.0,-0.068885706680479,-0.3047882037334213,-0.3736739104139003,1.7416191912946482,2000-2002,False
330,Danny Manning,-1.105049231176946,-0.5043158425486733,5852.0,-1.1369534771700123,-0.44593207634896254,187.0,-0.031904245993066294,0.05838376619971081,0.026479520206644513,-1.6093650737256193,2000-2002,True
339,Tom Gugliotta,-1.4768762954175434,-1.0215817592828067,7928.0,-1.577885752006505,-0.978586564477222,178.0,-0.10100945658896165,0.04299519480558467,-0.058014261783376986,-2.4984580547003503,2000-2002,True
344,Dana Barros,-0.3619414440599521,2.1882249561252953,5593.0,-0.3419200931234489,2.2023597995447757,12.0,0.0200213509365032,0.014134843419480347,0.03415619435598355,1.8262835120653431,2000-2002,True
345,Terry Porter,2.373701600408676,-1.9541364568415645,8695.0,2.4281019465878857,-1.9225554699225336,1029.0,0.054400346179209524,0.031580986919030885,0.08598133309824041,0.4195651435671117,2000-2002,False
349,Mark Jackson,0.993838609288556,1.054837219629689,13713.0,1.1844213257859693,1.2872513875078768,1483.0,0.1905827164974132,0.23241416787818792,0.4229968843756011,2.048675828918245,2000-2002,False
353,Darrell Armstrong,3.531396630898745,-0.27806206031045555,16093.0,3.4909064133169743,-0.19460407694769633,619.0,-0.040490217581770516,0.08345798336275922,0.04296776578098871,3.2533345705882892,2000-2002,False
358,Anfernee Hardaway,0.9145858995919353,-1.0396610217715043,9357.0,0.8725104306057003,-0.9311795083861147,731.0,-0.04207546898623493,0.10848151338538958,0.06640604439915465,-0.12507512217956906,2000-2002,False
359,Chucky Brown,-2.6588924914123853,0.027355213747407015,2956.0,-2.650179407315293,0.04055042058117247,2.0,0.00871308409709215,0.013195206833765454,0.021908290930857603,-2.6315372776649784,2000-2002,True
361,Clifford Robinson,0.5022587638460475,-2.199479635519385,16344.0,0.34567645581642403,-2.29511405735626,1593.0,-0.15658230802962347,-0.0956344218368752,-0.2522167298664987,-1.6972208716733372,2000-2002,False
363,Christian Laettner,-0.9203957375139297,-0.9806643657240995,10850.0,-0.9884510972279543,-0.9565032994082251,141.0,-0.06805535971402465,0.024161066315874447,-0.04389429339815021,-1.9010601032380292,2000-2002,True
365,Derrick McKey,-1.2656806105344935,-0.28891393650497593,4514.0,-1.2038943640650386,-0.21344745051481984,798.0,0.061786246469454964,0.0754664859901561,0.13725273245961106,-1.5545945470394695,2000-2002,False
369,Charlie Ward,0.6796747224664453,-1.6294378549069337,8528.0,0.7507082555818192,-1.6291997923081356,943.0,0.07103353311537386,0.00023806259879810554,0.07127159571417196,-0.9497631324404884,2000-2002,False
371,Terry Mills,-0.7197030073365145,-0.08220153214920445,3906.0,-0.7670410035340162,-0.0390193362369335,143.0,-0.047337996197501675,0.043182195912270946,-0.004155800285230729,-0.8019045394857189,2000-2002,True
376,Eric Montross,-5.066354469979574,0.17039460381144944,3174.0,-5.117916221381852,0.27668169364125217,70.0,-0.0515617514022777,0.10628708982980273,0.05472533842752503,-4.895959866168124,2000-2002,True
386,Elliot Perry,-1.0126408567916936,0.7445345336806762,2679.0,-0.9967742459570781,0.7031264515136002,33.0,0.01586661083461549,-0.04140808216707603,-0.02554147133246054,-0.26810632311101734,2000-2002,True
389,Toni Kukoc,2.3017804142422476,0.3578280420403755,9416.0,2.40052190508488,0.7036586633948299,478.0,0.09874149084263228,0.34583062135445436,0.44457211219708664,2.659608456282623,2000-2002,False
393,Rod Strickland,0.3825059574533523,1.2598921623080341,11130.0,0.3848754331427702,1.2044828642631127,37.0,0.002369475689417866,-0.05540929804492145,-0.053039822355503585,1.6423981197613864,2000-2002,True
397,Reggie Miller,3.5889583565561365,1.7674416738465402,17494.0,4.042233340031494,1.6580048942534906,2369.0,0.45327498347535755,-0.10943677959304954,0.343838203882308,5.356400030402677,2000-2002,False
406,Shaquille O'Neal,4.008722212644065,-2.6546497081503184,16357.0,4.550284584114297,-2.6438280159252616,4614.0,0.5415623714702322,0.0108216922250568,0.552384063695289,1.3540725044937463,2000-2002,False
417,Sam Mitchell,-1.0794437832987602,1.4534964572164577,5651.0,-1.0731701548911503,1.3579011561834997,265.0,0.006273628407609921,-0.09559530103295799,-0.08932167262534807,0.3740526739176975,2000-2002,False
422,Avery Johnson,0.5667747249038625,1.6189813724313642,9820.0,0.3872944855864485,1.3431049100784673,790.0,-0.17948023931741397,-0.27587646235289687,-0.45535670167031084,2.1857560973352266,2000-2002,False
431,Shawn Kemp,-1.7064195818417598,-1.1322210899507128,9414.0,-1.6706568214352355,-1.1240057994909387,69.0,0.03576276040652426,0.008215290459774094,0.04397805086629836,-2.8386406717924726,2000-2002,True
436,Juwan Howard,-0.5225961611248108,0.47942150495606745,16551.0,-0.5484894290985769,0.4664440014493401,712.0,-0.02589326797376612,-0.012977503506727328,-0.03887077148049345,-0.04317465616874333,2000-2002,False
440,Zan Tabak,-3.528018688699897,-1.2010965686599513,1697.0,-3.536732386171061,-1.2926560883478095,118.0,-0.008713697471164128,-0.09155951968785825,-0.10027321715902238,-4.729115257359848,2000-2002,True
446,Lucious Harris,0.035437381457831846,-0.42670029610996374,9870.0,0.11308431063497029,-0.2951076147666716,798.0,0.07764692917713845,0.13159268134329216,0.2092396105204306,-0.3912629146521319,2000-2002,False
448,Bo Outlaw,0.2084424106672884,-3.091157109888484,13205.0,0.24727915048623444,-3.0260683939827664,259.0,0.03883673981894603,0.06508871590571763,0.10392545572466366,-2.8827146992211956,2000-2002,False
452,Vin Baker,-1.5898916831243795,0.8102248813352284,12715.0,-1.6325113395037085,0.528561480514836,576.0,-0.042619656379329074,-0.28166340082039243,-0.3242830571997215,-0.779666801789151,2000-2002,False
456,Chuck Person,-1.0848809033045355,0.6087431099867779,681.0,-1.0946247478793514,0.5998050163538535,4.0,-0.009743844574815919,-0.008938093632924415,-0.018681938207740334,-0.4761377933177575,2000-2002,True
458,Howard Eisley,-0.3598425753900847,1.2836997769121945,9799.0,-0.6210113567973962,1.2238700504772821,744.0,-0.2611687814073115,-0.059829726434912356,-0.32099850784222383,0.9238572015221098,2000-2002,False
467,Jason Kidd,2.641246667357658,-1.7972607233576172,17198.0,2.7182311781268393,-1.7218427604031847,2363.0,0.07698451076918156,0.07541796295443248,0.15240247372361404,0.8439859440000406,2000-2002,False
468,Jon Barry,1.7097739179302605,-0.3647048510604993,8337.0,1.682214471137594,-0.11355673205506178,626.0,-0.02755944679266653,0.25114811900543754,0.223588672212771,1.3450690668697611,2000-2002,False
469,Jamal Mashburn,1.856718744546788,-0.003987219997942271,14039.0,1.963323980055533,-0.31679548502714455,1579.0,0.10660523550874501,-0.3128082650292023,-0.20620302952045727,1.8527315245488458,2000-2002,False
677,Eric Williams,-0.7107388836843369,-0.5433822153448798,9659.0,-0.7485903079434254,-0.7481682746269757,913.0,-0.037851424259088495,-0.2047860592820958,-0.2426374835411843,-1.2541210990292169,2000-2002,False
679,Jason Caffey,-1.9224656208494222,0.741336831912464,7651.0,-2.0905873632887504,0.6816726023654499,541.0,-0.1681217424393282,-0.059664229547014114,-0.22778597198634232,-1.1811287889369582,2000-2002,False
680,John Amaechi,-3.6383418006315145,1.8508536664721635,7806.0,-3.666304579400461,1.8771659556649585,57.0,-0.027962778768946706,0.026312289192794935,-0.0016504895761517702,-1.787488134159351,2000-2002,True
681,Donny Marshall,-2.1775597531446333,0.5351986861522445,294.0,-2.1841381588965474,0.5586520300040534,32.0,-0.00657840575191404,0.02345334385180886,0.01687493809989482,-1.6423610669923887,2000-2002,True
685,Cherokee Parks,-2.4339047800229996,0.2974183479829549,4003.0,-2.4481069865005822,0.29866372671726843,78.0,-0.014202206477582635,0.001245378734313518,-0.012956827743269117,-2.1364864320400447,2000-2002,True
688,Michael Curry,-2.4233445377003004,0.2034328644885418,9669.0,-2.648555440388349,0.019851178567637795,536.0,-0.22521090268804844,-0.18358168592090401,-0.40879258860895246,-2.2199116732117585,2000-2002,False
689,Theo Ratliff,-1.3036008787015294,-3.6298467347581456,7059.0,-1.171203269808533,-3.4928416575472276,676.0,0.13239760889299634,0.13700507721091792,0.26940268610391427,-4.933447613459675,2000-2002,False
690,Don Reid,-3.1796596736601552,-1.477206108455022,3955.0,-3.0778379840333296,-1.4435198298523257,123.0,0.10182168962682558,0.03368627860269635,0.13550796822952194,-4.656865782115178,2000-2002,True
692,Andrew DeClercq,-2.647915150486772,-2.2270559525861753,6631.0,-2.674960429506839,-2.2053552616399434,127.0,-0.027045279020066815,0.021700690946231838,-0.005344588073834977,-4.874971103072948,2000-2002,True
693,Joe Smith,-0.5864492244049653,-1.6178921591114903,11285.0,-0.6376214469564767,-1.5405680018706351,223.0,-0.05117222255151144,0.07732415724085517,0.026151934689343737,-2.2043413835164554,2000-2002,False
695,Eldridge Recasner,-1.7119491416097348,0.4242251889061478,886.0,-1.6929840813829862,0.3973199419268594,18.0,0.018965060226748598,-0.026905246979288422,-0.007940186752539824,-1.2877239527035869,2000-2002,True
696,Travis Best,0.6673175388180796,-0.403459302143627,11197.0,0.7033269370712234,-0.5793512618990885,1152.0,0.036009398253143754,-0.17589195975546146,-0.1398825615023177,0.26385823667445263,2000-2002,False
699,Brent Barry,2.8395259883924835,0.268066547426732,14499.0,2.7755913295440084,0.16921838369591918,555.0,-0.06393465884847505,-0.09884816373081284,-0.1627828225792879,3.1075925358192156,2000-2002,False
703,Kurt Thomas,-0.6746830230587705,-1.6926473144286915,12775.0,-0.7005112343581185,-1.658322175302594,760.0,-0.02582821129934798,0.03432513912609747,0.00849692782674949,-2.367330337487462,2000-2002,False
708,Kevin Garnett,3.563636368678388,-2.030130697552791,18386.0,3.4270765188521963,-2.309742531473303,857.0,-0.13655984982619174,-0.27961183392051225,-0.416171683746704,1.5335056711255972,2000-2002,False
711,Jerry Stackhouse,3.0762647129942895,1.6257988280023379,17912.0,2.8961859362168556,1.462727353240328,883.0,-0.1800787767774339,-0.1630714747620099,-0.3431502515394438,4.702063540996628,2000-2002,False
714,Michael Finley,2.3961374173011922,0.8834990572925929,18973.0,2.2928171170863765,1.0438335848499243,1559.0,-0.10332030021481575,0.16033452755733135,0.0570142273425156,3.279636474593785,2000-2002,False
717,Arvydas Sabonis,-0.3689566278797284,-3.563746796754832,5608.0,-0.3058372717304966,-3.6197762998511127,1063.0,0.06311935614923181,-0.05602950309628074,0.007089853052951067,-3.9327034246345605,2000-2002,False
718,Gary Trent,-1.038156880505631,1.1394178756877351,3328.0,-1.0254905076330083,1.0959243777388974,95.0,0.012666372872622622,-0.04349349794883772,-0.0308271250762151,0.10126099518210419,2000-2002,True
721,Tyus Edney,-1.0665550768988725,1.0889468029345881,544.0,-1.0780953534934712,1.0888003118214558,21.0,-0.011540276594598664,-0.00014649111313236318,-0.011686767707731027,0.022391726035715598,2000-2002,True
722,Corliss Williamson,-0.1338147895675561,-0.11006703464858325,10146.0,-0.17477552556480253,-0.18744898716485706,650.0,-0.04096073599724642,-0.0773819525162738,-0.11834268851352023,-0.24388182421613935,2000-2002,False
727,Eric Snow,-0.8617086377385075,-1.236990243749786,13095.0,-0.8047075164685636,-1.0148181320147365,1875.0,0.05700112126994383,0.22217211173504947,0.2791732330049933,-2.0986988814882936,2000-2002,False
731,Greg Ostertag,-2.6012741003722715,-2.3867684670259823,7747.0,-2.756756993676387,-2.42358086098423,606.0,-0.1554828933041157,-0.03681239395824765,-0.19229528726236333,-4.988042567398254,2000-2002,False
739,Rasheed Wallace,1.8500096037057812,-2.6418114362860328,16404.0,1.8406539834611275,-2.79819052113852,1569.0,-0.00935562024465364,-0.15637908485248708,-0.16573470509714072,-0.7918018325802516,2000-2002,False
757,Damon Stoudamire,1.546460433185443,0.6489053615494037,14848.0,1.4981778756642747,0.6336844212804342,1208.0,-0.04828255752116828,-0.015220940268969474,-0.06350349779013775,2.1953657947348466,2000-2002,False
760,Jerome Kersey,-2.428868673949379,-2.690573236812898,2955.0,-2.4604023906391705,-2.7172883404724875,43.0,-0.03153371668979155,-0.026715103659589623,-0.05824882034938117,-5.119441910762276,2000-2002,True
761,Matt Geiger,-2.7517246231645016,0.13525479239140226,3823.0,-2.559423096754393,0.3666975982338664,426.0,0.19230152641010845,0.23144280584246413,0.4237443322525726,-2.6164698307730996,2000-2002,False
762,Shawn Bradley,-2.823042215385363,-4.235107069253377,8974.0,-2.8744550705603538,-4.236154483720037,517.0,-0.051412855174990835,-0.0010474144666599017,-0.052460269641650736,-7.05814928463874,2000-2002,False
764,David Robinson,1.2374211684660756,-4.430384123942399,13515.0,1.1996734528995636,-4.5396612365588105,1189.0,-0.03774771556651202,-0.10927711261641182,-0.14702482818292384,-3.192962955476323,2000-2002,False
765,Hersey Hawkins,-1.753080903290774,0.25620761133822206,4307.0,-1.7131928848746014,0.19002571775834193,90.0,0.03988801841617251,-0.06618189357988014,-0.026293875163707625,-1.4968732919525518,2000-2002,True
779,Glen Rice,1.2396802114616592,-0.22453530158727775,10088.0,1.241807464275063,0.32677729500840924,1713.0,0.002127252813403757,0.551312596595687,0.5534398494090907,1.0151449098743814,2000-2002,False
781,Will Perdue,-3.6782867484679533,-0.4141149601600006,2035.0,-3.673341022193389,-0.4146653046484171,9.0,0.004945726274564244,-0.0005503444884165098,0.004395381786147734,-4.092401708627954,2000-2002,True
782,Mitch Richmond,1.5628731241789513,-0.5033577931211344,8417.0,1.5545842141931203,-0.4869488822214783,8.0,-0.008288909985830983,0.01640891089965607,0.008120000913825087,1.059515331057817,2000-2002,True
788,Kevin Willis,-3.0619858126804163,0.643837818703713,8329.0,-3.1026332630691464,0.5894796988059371,143.0,-0.04064745038873019,-0.05435811989777595,-0.09500557028650614,-2.418147993976703,2000-2002,True
891,Charles Oakley,-2.5252694749755813,-1.1729622715919403,12554.0,-2.495548297443232,-1.203820379355412,925.0,0.029721177532349152,-0.030858107763471754,-0.0011369302311226015,-3.6982317465675214,2000-2002,False
895,Tyrone Corbin,-1.8559226032932845,0.5146797625491975,2180.0,-1.8075264474716197,0.5466773467850068,42.0,0.04839615582166479,0.03199758423580934,0.08039374005747413,-1.341242840744087,2000-2002,True
896,Tim Hardaway,2.551962571047726,1.2832143261969944,11061.0,2.3463381739208815,1.3935924721697779,393.0,-0.20562439712684455,0.1103781459727835,-0.09524625115406105,3.8351768972447204,2000-2002,False
901,Otis Thorpe,-3.146348597043472,-0.6514342921248869,2686.0,-3.1808190375044565,-0.8225839377120241,345.0,-0.03447044046098435,-0.1711496455871372,-0.20562008604812154,-3.797782889168359,2000-2002,False
904,Chris Mullin,0.029879468205515514,-0.4888062715574016,1912.0,-0.005291308965027393,-0.4954416228163532,176.0,-0.035170777170542906,-0.006635351258951594,-0.0418061284294945,-0.45892680335188607,2000-2002,True
905,Dale Davis,0.0954632131041373,-0.8415050088145768,12693.0,0.12519851676322444,-0.922645090683435,1489.0,0.029735303659087137,-0.08114008186885824,-0.0514047782097711,-0.7460417957104395,2000-2002,False
907,Malik Sealy,0.5377146697089172,0.40922260123015236,4617.0,0.45966497235179066,0.4211781044977203,223.0,-0.07804969735712658,0.011955503267567946,-0.06609419408955863,0.9469372709390695,2000-2002,False
911,Ervin Johnson,-2.462295497822227,-2.5832487014025007,11010.0,-2.1499056364828184,-2.8951424433016033,1349.0,0.3123898613394087,-0.3118937418991026,0.000496119440306142,-5.045544199224728,2000-2002,False
913,Larry Johnson,-0.7851755169452179,-1.4017642530771548,8035.0,-0.7876376736103373,-1.5383879352536183,1022.0,-0.002462156665119397,-0.13662368217646348,-0.13908583884158288,-2.1869397700223727,2000-2002,False
915,Rodney Rogers,1.1695495154955464,-0.7454314501457059,12550.0,1.117551926635875,-0.32372643116144956,1418.0,-0.05199758885967132,0.42170501898425633,0.369707430124585,0.42411806534984053,2000-2002,False
916,Corie Blount,-2.858926458233965,0.276768605338722,6138.0,-2.7867365857127235,0.2768883644551845,468.0,0.07218987252124132,0.00011975911646250337,0.07230963163770382,-2.582157852895243,2000-2002,False
919,Loy Vaught,-2.2460821356686678,0.6544362521168585,1645.0,-2.306978670251952,0.6601198076469909,35.0,-0.06089653458328437,0.005683555530132334,-0.055212979053152034,-1.5916458835518092,2000-2002,True
920,A.C. Green,-2.826093532796369,-1.5792161699195542,6293.0,-2.89570749982807,-1.4127838962961106,812.0,-0.06961396703170086,0.1664322736234436,0.09681830659174273,-4.405309702715924,2000-2002,False
922,Elden Campbell,-1.225514203361045,-2.071305678248184,13255.0,-1.215947617248116,-1.977274976898259,1255.0,0.009566586112929043,0.09403070134992508,0.10359728746285413,-3.2968198816092293,2000-2002,False
923,Donyell Marshall,-0.7223470067505212,0.789274018480701,11942.0,-0.7474680771606862,0.7371860916801899,533.0,-0.02512107041016498,-0.05208792680051111,-0.07720899721067609,0.06692701173017979,2000-2002,False
927,John Salley,-2.7057376551085417,-1.190121038866472,599.0,-2.7408471085783064,-1.092033692739147,160.0,-0.035109453469764684,0.09808734612732506,0.06297789265756037,-3.895858693975014,2000-2002,True
932,Oliver Miller,-2.215586952912186,-1.062729815625662,2177.0,-2.2568207973708105,-0.9763684822301677,77.0,-0.041233844458624436,0.08636133339549423,0.0451274889368698,-3.278316768537848,2000-2002,True
934,Derrick Coleman,-0.7657723706385721,-0.26579539030950605,9730.0,-0.6773777108534587,-0.2937303156107422,812.0,0.0883946597851134,-0.027934925301236146,0.06045973448387726,-1.0315677609480782,2000-2002,False
935,Bryon Russell,1.9529409379849563,-0.2560266464853841,13888.0,1.7345771202254505,-0.20974965893439906,1295.0,-0.21836381775950575,0.04627698755098503,-0.17208683020852072,1.696914291499572,2000-2002,False
937,Scottie Pippen,1.617224447111693,-0.38948468659029645,12993.0,1.5934643446760655,-0.6561598258676897,1529.0,-0.02376010243562754,-0.2666751392773933,-0.2904352417130208,1.2277397605213967,2000-2002,False
947,Allen Iverson,3.863542823544788,-0.07399974991600178,16417.0,4.096569421445908,0.2721985358374915,3079.0,0.2330265979011199,0.34619828575349326,0.5792248836546132,3.7895430736287863,2000-2002,False
948,Marcus Camby,-1.0539961216894567,-1.0648148647087043,8692.0,-1.1916619652801292,-0.9712306045753214,936.0,-0.13766584359067258,0.09358426013338295,-0.04408158345728963,-2.1188109863981612,2000-2002,False
951,Ray Allen,5.174892155563609,0.2980124948908031,16934.0,5.437563912064015,0.1302210161926562,1780.0,0.2626717565004064,-0.16779147869814692,0.0948802778022595,5.472904650454412,2000-2002,False
952,Antoine Walker,1.9189643668375138,0.9890972962570652,19064.0,1.8503811287808791,0.8724896691554264,1323.0,-0.06858323805663469,-0.11660762710163886,-0.18519086515827354,2.9080616630945793,2000-2002,False
954,Kerry Kittles,1.263705122199577,-1.2351506573459938,8819.0,1.3155795462643007,-1.2673286555671222,1150.0,0.051874424064723756,-0.03217799822112832,0.019696425843595433,0.02855446485358315,2000-2002,False
955,Samaki Walker,-3.0404880654409325,0.6925456185283698,6860.0,-3.403183350264993,0.6380400588638413,826.0,-0.3626952848240603,-0.054505559664528525,-0.41720084448858885,-2.3479424469125627,2000-2002,False
959,Steve Nash,3.9685647080861752,0.913371554980529,13319.0,3.894968743963026,0.9194698968766312,1346.0,-0.0735959641231494,0.006098341896102144,-0.06749762222704725,4.881936263066704,2000-2002,False
960,Tony Delk,0.3715767664933367,1.1099916135354646,8826.0,0.29615453240779366,1.0964174097510158,883.0,-0.07542223408554305,-0.013574203784448846,-0.0889964378699919,1.4815683800288013,2000-2002,False
961,John Wallace,-2.1635673359963445,1.593266965234914,3540.0,-2.1746330969871197,1.5881533359663709,9.0,-0.011065760990775164,-0.005113629268543196,-0.01617939025931836,-0.5703003707614305,2000-2002,True
962,Walter McCarty,-0.7035111836226765,0.8251874449765849,4225.0,-0.755176135587905,0.9421288927592637,379.0,-0.05166495196522847,0.11694144778267879,0.06527649581745032,0.12167626135390841,2000-2002,False
965,Derek Fisher,1.1797757109246765,-1.1412232784487921,8774.0,1.204801600799889,-1.3524031366009113,2989.0,0.02502588987521248,-0.21117985815211915,-0.18615396827690667,0.03855243247588436,2000-2002,False
966,Jerome Williams,0.5504574495827522,-0.7492003691375878,9599.0,0.6406852690734687,-1.0246062619637875,690.0,0.09022781949071645,-0.27540589282619965,-0.1851780733354832,-0.19874291955483558,2000-2002,False
969,Travis Knight,-3.9148704579473153,-0.18314328518023618,2122.0,-3.9153058139840873,-0.1504515593515287,119.0,-0.0004353560367720277,0.03269172582870747,0.03225636979193544,-4.098013743127551,2000-2002,True
970,Othella Harrington,-1.585918409951469,-0.3732464817285919,11425.0,-1.7050606756371527,-0.4855105189709075,148.0,-0.11914226568568376,-0.11226403724231565,-0.2314063029279994,-1.9591648916800608,2000-2002,True
977,Kobe Bryant,5.860694796803953,0.8029575451515696,16315.0,6.233198252343914,0.8649992146067388,4552.0,0.37250345553996045,0.0620416694551692,0.43454512499512965,6.6636523419555225,2000-2002,False
978,Peja Stojakovic,2.925451230728878,0.5551739471526858,14685.0,2.831009984070804,0.6364772244785574,1559.0,-0.09444124665807418,0.08130327732587161,-0.01313796933220257,3.4806251778815636,2000-2002,False
979,Jermaine O'Neal,-1.4730815523412788,-1.5878214783888307,11730.0,-1.46427143808362,-1.5676797426261715,719.0,0.008810114257658874,0.020141735762659208,0.028951850020318082,-3.0609030307301097,2000-2002,False
988,Randy Livingston,-0.6166761164048841,-0.3181136071805939,2474.0,-0.674018909774213,-0.3125258137123548,265.0,-0.057342793369328904,0.005587793468239066,-0.05175499990108984,-0.934789723585478,2000-2002,False
990,Malik Rose,-1.2468248878780077,-0.6837094093206705,8185.0,-1.4419484830106537,-0.7925850364887592,1098.0,-0.195123595132646,-0.10887562716808874,-0.30399922230073473,-1.9305342971986783,2000-2002,False
998,Mark Pope,-2.161122238504076,-0.46051399905536694,2682.0,-2.167359288994113,-0.491528332414708,91.0,-0.006237050490037088,-0.031014333359341062,-0.03725138384937815,-2.621636237559443,2000-2002,True
1032,Darvin Ham,-1.62650278063566,-1.750454684183533,4923.0,-1.5813901674201896,-1.5870227532828218,522.0,0.04511261321547044,0.16343193090071106,0.2085445441161815,-3.376957464819193,2000-2002,False
1035,Shawnelle Scott,-2.008441491378144,0.016569177204165952,746.0,-2.0883477545022715,0.030573717451255134,30.0,-0.07990626312412763,0.014004540247089182,-0.06590172287703845,-1.9918723141739778,2000-2002,True
1051,Dean Garrett,-3.9367325378413023,-1.323403272610298,3108.0,-3.897981961980317,-1.302952486750403,98.0,0.0387505758609854,0.020450785859895015,0.05920136172088042,-5.2601358104516,2000-2002,True
1065,Erick Strickland,-0.9445590474569422,-0.36529928802350725,8962.0,-0.9368956093251883,-0.24348025842602616,232.0,0.0076634381317538525,0.12181902959748109,0.12948246772923494,-1.3098583354804494,2000-2002,False
1073,Reggie Slater,-0.5577030298897541,0.5907684809636489,1414.0,-0.5424476376818369,0.5100414054332651,94.0,0.015255392207917162,-0.08072707553038372,-0.06547168332246656,0.0330654510738948,2000-2002,True
1085,Ira Bowman,-1.3298243741599287,0.6636471272182184,127.0,-1.3305895169773634,0.6577561687046853,19.0,-0.0007651428174346719,-0.005890958513533051,-0.006656101330967723,-0.6661772469417103,2000-2002,True
1088,Chucky Atkins,0.517519945869813,2.321054423745349,12312.0,0.4235223087901703,2.1350031826302205,537.0,-0.0939976370796427,-0.18605124111512872,-0.2800488781947714,2.838574369615162,2000-2002,False
1110,Mark Strickland,-2.4882068045738106,0.9405515730277886,4012.0,-2.4896089349318204,0.9306129017905083,21.0,-0.0014021303580098454,-0.009938671237280317,-0.011340801595290162,-1.5476552315460221,2000-2002,True
1112,Ben Wallace,-0.5968953478568136,-4.2664222499576026,14824.0,-0.836970080331816,-4.316452011710019,731.0,-0.24007473247500233,-0.050029761752416135,-0.29010449422741846,-4.863317597814416,2000-2002,False
1114,Jaren Jackson,-0.42674216347042143,1.8375480371613087,3794.0,-0.41433594405746244,1.7784275469837467,52.0,0.012406219412958996,-0.059120490177561935,-0.04671427076460294,1.4108058736908873,2000-2002,True
1425,Aaron Williams,-1.4173872924230162,-0.5609762161699562,10414.0,-1.6371226693465584,-0.3961577135550777,809.0,-0.21973537692354217,0.16481850261487851,-0.054916874308663655,-1.9783635085929725,2000-2002,False
1442,Zeljko Rebraca,-0.9698315978426625,-0.7843446030886397,2213.0,-0.9469286409715425,-0.6831552765121034,122.0,0.022902956871119984,0.10118932657653634,0.12409228344765633,-1.7541762009313022,2000-2002,True
1444,Lawrence Funderburke,-1.0096099036869641,0.7240700330564205,4863.0,-1.0813224279547085,0.857586763300579,137.0,-0.07171252426774433,0.13351673024415855,0.06180420597641423,-0.28553987063054365,2000-2002,True
1477,Bruce Bowen,-0.6153912776887291,-1.7013934071485288,9700.0,-0.7795976493392084,-1.986881852007519,1012.0,-0.16420637165047924,-0.2854884448589903,-0.4496948165094695,-2.316784684837258,2000-2002,False
1495,Tim Duncan,2.4625680920416326,-4.729848105483991,17708.0,2.6325635456992176,-5.046922780764037,1662.0,0.16999545365758495,-0.31707467528004596,-0.147079221622461,-2.2672800134423583,2000-2002,False
1496,Keith Van Horn,1.7452987455155802,1.9292427952161604,13606.0,1.7970423866044953,2.0413694409829097,1247.0,0.05174364108891516,0.11212664576674936,0.16387028685566452,3.6745415407317408,2000-2002,False
1497,Chauncey Billups,1.4694757470577486,1.845060239769174,8444.0,1.4540465530090325,1.754730964353553,314.0,-0.015429194048716122,-0.09032927541562108,-0.1057584694643372,3.3145359868269226,2000-2002,False
1498,Antonio Daniels,1.7022499227618564,2.1908818144987077,10304.0,1.5698369592403758,2.227966059614144,1321.0,-0.13241296352148058,0.03708424511543651,-0.09532871840604407,3.893131737260564,2000-2002,False
1499,Tony Battie,-2.037407934228984,-1.8829476680810253,8115.0,-2.269948094199159,-2.1884033736065813,834.0,-0.23254015997017508,-0.305455705525556,-0.5379958654957311,-3.9203556023100092,2000-2002,False
1500,Ron Mercer,-1.2300269991791088,1.445451793922493,12735.0,-1.2087514838169304,1.5111689309410044,222.0,0.02127551536217842,0.06571713701851145,0.08699265238068987,0.21542479474338405,2000-2002,False
1501,Tim Thomas,0.6609028116272073,1.6349774223791775,11939.0,0.7278591604462871,1.4474801229879288,1164.0,0.06695634881907975,-0.1874972993912487,-0.12054095057216896,2.295880234006385,2000-2002,False
1503,Tracy McGrady,3.7165764134325405,-0.5957147771536995,16443.0,3.6150732747893177,-0.41738351626050646,883.0,-0.1015031386432228,0.178331260893193,0.07682812224997021,3.120861636278841,2000-2002,False
1506,Austin Croshere,0.49313803528863964,-0.1505937909359376,9743.0,0.4233212449885481,-0.2502718377021375,1306.0,-0.06981679030009152,-0.0996780467661999,-0.16949483706629143,0.34254424435270203,2000-2002,False
1507,Derek Anderson,1.0604560269256216,0.350481568181875,13260.0,0.9074360938762827,0.4473788624354666,510.0,-0.15301993304933892,0.09689729425359161,-0.056122638795747304,1.4109375951074965,2000-2002,False
1513,Scot Pollard,-1.107771827414194,-3.3819981509386015,9564.0,-1.2026437566145143,-3.219850518962634,780.0,-0.09487192920032017,0.1621476319759676,0.06727570277564743,-4.489769978352795,2000-2002,False
1517,Bobby Jackson,0.2565711159737186,-0.5099572556101701,8597.0,0.20364596196979468,-0.28228549849962664,1154.0,-0.05292515400392395,0.2276717571105435,0.17474660310661955,-0.2533861396364515,2000-2002,False
1519,John Thomas,-3.331047081511825,0.08333268039427238,959.0,-3.3310373223324063,0.07839087294415106,2.0,9.759179418811215e-06,-0.004941807450121322,-0.00493204827070251,-3.2477144011175527,2000-2002,True
1520,Charles Smith,-1.54443859981639,0.352317180865238,2202.0,-1.5673850737306254,0.3963147182324735,35.0,-0.02294647391423532,0.043997537367235495,0.021051063453000174,-1.1921214189511522,2000-2002,True
1521,Jacque Vaughn,-1.5638922492896603,0.9358512780474503,8216.0,-1.639113967289679,0.9633183586660428,233.0,-0.07522171800001876,0.027467080618592488,-0.04775463738142627,-0.62804097124221,2000-2002,False
1531,Marc Jackson,-2.0944935090657326,0.6182435908404772,3764.0,-2.097354704660636,0.6297917647403485,2.0,-0.0028611955949031653,0.011548173899871284,0.008686978304968118,-1.4762499182252555,2000-2002,True
1533,Anthony Johnson,-1.8479776113791084,0.10305250456987247,2943.0,-1.9433766436993336,0.0665434334666315,288.0,-0.09539903232022517,-0.036509071103240975,-0.13190810342346615,-1.744925106809236,2000-2002,False
1541,Alvin Williams,-0.22473124338177028,0.7275379419745629,11700.0,-0.08507537123081313,0.49069861644843693,1246.0,0.13965587215095715,-0.23683932552612597,-0.09718345337516882,0.5028066985927926,2000-2002,False
1542,Predrag Drobnjak,-1.8245101832131634,0.8372613982982572,2174.0,-1.828782971099348,0.9227634576241966,62.0,-0.00427278788618457,0.08550205932593946,0.08122927143975489,-0.9872487849149062,2000-2002,True
1548,Mark Blount,-3.1503350412711755,-1.4946261777217054,2922.0,-3.0931440229997356,-1.4830531470254105,73.0,0.05719101827143991,0.011573030696294895,0.0687640489677348,-4.644961218992881,2000-2002,True
1559,Adrian Griffin,0.34009076275417105,0.6839378814948114,7310.0,0.3526928639086228,0.7311801588251634,114.0,0.012602101154451761,0.04724227733035202,0.059844378484803784,1.0240286442489825,2000-2002,True
1563,Kevin Ollie,-1.7636732991716586,0.13047151378176441,5576.0,-1.73286535326409,0.20487091670562246,596.0,0.030807945907568524,0.07439940292385805,0.10520734883142657,-1.6332017853898941,2000-2002,False
1565,Michael Stewart,-3.9248211120366405,-0.279271105465417,1193.0,-3.957550145876965,-0.24297138885424344,27.0,-0.03272903384032455,0.036299716611173566,0.003570682770849015,-4.204092217502057,2000-2002,True
1594,Rick Brunson,-1.3809587289263519,0.9049207389557142,1934.0,-1.3940605107450508,0.8668627373591964,22.0,-0.013101781818698921,-0.03805800159651784,-0.051159783415216764,-0.4760379899706376,2000-2002,True
1601,Rusty LaRue,-1.646442199790266,1.868759325117988,1269.0,-1.6388828974115777,1.8562973053259624,110.0,0.007559302378688404,-0.012462019792025547,-0.004902717413337143,0.22231712532772185,2000-2002,True
1607,Troy Hudson,-0.0355369281081095,3.7440155016042493,8935.0,-0.07174286201919663,3.7254806583266897,319.0,-0.03620593391108713,-0.01853484327755961,-0.05474077718864674,3.70847857349614,2000-2002,False
1630,Mikki Moore,-1.484244977593948,-0.8744668161834239,3692.0,-1.5255041922464865,-0.864609548089745,75.0,-0.04125921465253857,0.009857268093678928,-0.03140194655885964,-2.358711793777372,2000-2002,True
1710,Mike Bibby,2.1761364954371802,1.8372575388413095,17653.0,2.3060713122223913,1.6640792710566632,1317.0,0.12993481678521102,-0.1731782677846463,-0.04324345099943527,4.013394034278489,2000-2002,False
1711,Raef LaFrentz,-0.07777831784083747,-1.8551221896435448,14241.0,-0.025577030274839846,-1.805736177939811,485.0,0.05220128756599762,0.04938601170373391,0.10158729926973153,-1.9329005074843824,2000-2002,False
1713,Vince Carter,5.4407764312946725,0.13890766488123396,16316.0,5.557002821674168,0.017336570992953063,1203.0,0.11622639037949511,-0.1215710938882809,-0.005344703508785784,5.579684096175907,2000-2002,False
1714,Robert Traylor,-1.3772150865043244,-0.23810824698624167,4483.0,-1.3760106375420744,-0.1374071207013925,132.0,0.0012044489622500265,0.10070112628484917,0.1019055752470992,-1.6153233334905661,2000-2002,True
1715,Jason Williams,0.7300946141154719,2.041079429626513,14942.0,0.5265063298662614,2.176876606466056,685.0,-0.2035882842492105,0.13579717683954318,-0.06779110740966732,2.771174043741985,2000-2002,False
1717,Dirk Nowitzki,4.13669384597387,-0.7745807036204865,17616.0,4.066324946303457,-0.5489367396060572,1461.0,-0.07036889967041304,0.22564396401442932,0.15527506434401628,3.362113142353383,2000-2002,False
1718,Paul Pierce,3.995980455643047,-1.417894167526649,17533.0,3.9192918588572447,-1.4844909893513825,1269.0,-0.07668859678580242,-0.06659682182473348,-0.1432854186105359,2.578086288116398,2000-2002,False
1719,Bonzi Wells,1.847929930075332,0.5099277432223887,10337.0,1.827187754575712,0.421752309665343,544.0,-0.020742175499619986,-0.08817543355704566,-0.10891760905666564,2.357857673297721,2000-2002,False
1720,Michael Doleac,-1.732330701314476,-0.19626387482222296,6750.0,-1.7489176083395053,-0.1285914427963088,84.0,-0.016586907025029296,0.06767243202591416,0.05108552500088487,-1.928594576136699,2000-2002,True
1721,Keon Clark,-1.4028903880054433,-1.0961231754349046,11132.0,-1.3021066307697853,-1.091624741678855,497.0,0.10078375723565802,0.004498433756049636,0.10528219099170766,-2.499013563440348,2000-2002,False
1723,Matt Harpring,-0.08343841289951903,-0.006094758963873792,7951.0,-0.03868739589863507,-0.052994067165144126,213.0,0.044751017000883964,-0.046899308201270334,-0.0021482912003863708,-0.08953317186339282,2000-2002,False
1724,Bryce Drew,-0.5440513028172262,1.0450764026986634,6456.0,-0.5335548900018233,1.0813557861974903,9.0,0.010496412815402922,0.03627938349882687,0.04677579631422979,0.5010250998814372,2000-2002,True
1725,Rasho Nesterovic,-1.9489034081235097,-2.8165281677545764,9883.0,-1.997930698258738,-2.949536746029889,494.0,-0.04902729013522822,-0.13300857827531276,-0.18203586841054098,-4.765431575878086,2000-2002,False
1726,Mirsad Turkcan,-1.1546642342278932,1.0234710928139574,167.0,-1.215940527754557,1.0456747744065764,22.0,-0.06127629352666375,0.022203681592618985,-0.039072611934044765,-0.1311931414139358,2000-2002,True
1727,Pat Garrity,0.1196725385665044,0.9004382696159071,10802.0,0.06795547544563892,1.0002345259597054,497.0,-0.05171706312086548,0.0997962563437983,0.04807919322293282,1.0201108081824115,2000-2002,False
1731,Tyronn Lue,-0.5228072367852485,1.2622166295032364,3954.0,-0.4525081772195904,1.254833932559226,255.0,0.07029905956565813,-0.007382696944010503,0.06291636262164763,0.7394093927179879,2000-2002,False
1732,Felipe Lopez,-0.9957284760252845,0.4925056800292755,5687.0,-1.0520223545610814,0.4129571778276791,163.0,-0.056293878535796926,-0.07954850220159643,-0.13584238073739335,-0.5032227959960089,2000-2002,True
1733,Al Harrington,-1.4414487405658325,-0.17948571965043647,7834.0,-1.4703658139527567,-0.07956058246360492,76.0,-0.028917073386924175,0.09992513718683155,0.07100806379990737,-1.620934460216269,2000-2002,True
1738,Ansu Sesay,-1.3561614286476964,1.1547778349316526,258.0,-1.2758511430094681,1.1520698474487148,108.0,0.08031028563822828,-0.002707987482937879,0.0776022981552904,-0.20138359371604375,2000-2002,True
1739,Ruben Patterson,1.6002837569242927,0.3092958525339813,11356.0,1.6833861714822729,0.30651519855724485,285.0,0.08310241455798018,-0.0027806539767364358,0.08032176058124374,1.909579609458274,2000-2002,False
1740,Rashard Lewis,2.945789371357585,0.11554130678788001,13275.0,2.924391121426988,0.06217430456056576,436.0,-0.021398249930597135,-0.05336700222731425,-0.07476525215791138,3.061330678145465,2000-2002,False
1741,Jelani McCoy,-3.512824958147158,-0.593620502863066,3835.0,-3.4975839378180904,-0.5676844377818928,48.0,0.015241020329067378,0.025936065081173187,0.041177085410240566,-4.106445461010224,2000-2002,True
1742,Shammond Williams,0.16122945136318137,1.7569361059463997,4581.0,0.15925562160221124,1.7522828436026012,255.0,-0.0019738297609701305,-0.004653262343798481,-0.0066270921047686115,1.918165557309581,2000-2002,False
1743,Bruno Sundov,-3.7244108741282043,0.5822182000252087,564.0,-3.714199727804841,0.5849709053659401,6.0,0.010211146323363174,0.002752705340731354,0.012963851664094528,-3.1421926741029953,2000-2002,True
1744,Jerome James,-3.5199550189102022,-2.4903528439417126,1756.0,-3.456079949528455,-2.3738950322681895,121.0,0.06387506938174736,0.11645781167352309,0.18033288105527046,-6.010307862851915,2000-2002,True
1747,Rafer Alston,-1.749609228526072,0.8913656573693387,2362.0,-1.8112748390719,0.9415020136350827,43.0,-0.061665610545827976,0.050136356265743975,-0.011529254280084,-0.8582435711567333,2000-2002,True
1753,Toby Bailey,-0.9912410969038172,0.5506914165187763,948.0,-1.012566131621401,0.5920548761678466,29.0,-0.021325034717583735,0.04136345964907029,0.020038424931486554,-0.44054968038504094,2000-2002,True
1760,Derrick Dial,-0.870198258357956,0.5381966800129873,1138.0,-0.8635417454529319,0.5222078047562744,14.0,0.0066565129050240035,-0.015988875256712887,-0.009332362351688883,-0.3320015783449687,2000-2002,True
1761,Greg Buckner,0.7316112353770954,0.6682935978934202,5115.0,0.7733859929876272,0.6349122032770024,373.0,0.04177475761053184,-0.03338139461641787,0.008393362994113973,1.3999048332705155,2000-2002,False
1800,Damon Jones,-0.01689400667580443,2.4199117175837035,6059.0,-0.08106169937271492,2.49986283386289,318.0,-0.06416769269691049,0.07995111627918661,0.01578342358227612,2.403017710907899,2000-2002,False
1802,Brad Miller,0.5446343065160648,-0.8536294087599692,8863.0,0.510710607551867,-0.8142921592874175,446.0,-0.03392369896419778,0.03933724947255168,0.005413550508353904,-0.30899510224390436,2000-2002,False
1853,Anthony Carter,-1.881614573399749,-0.5899139902834738,8525.0,-2.01395011774464,-0.706909763530218,627.0,-0.13233554434489125,-0.11699577324674415,-0.2493313175916354,-2.471528563683223,2000-2002,False
1884,Baron Davis,2.2547079677771285,-0.8858466561166658,15239.0,2.4971580235800173,-0.8760197511011593,1619.0,0.2424500558028888,0.009826905015506537,0.25227696081839535,1.3688613116604627,2000-2002,False
1886,Jonathan Bender,-2.2468353146467672,0.8618506259623769,4606.0,-2.300169117560127,0.7880769226893847,146.0,-0.05333380291335965,-0.07377370327299226,-0.12710750618635192,-1.3849846886843902,2000-2002,True
1887,Wally Szczerbiak,2.8693480418197743,0.03941239035280564,15654.0,2.721379669349697,-0.005485777872313885,699.0,-0.1479683724700771,-0.04489816822511952,-0.19286654069519663,2.90876043217258,2000-2002,False
1890,Shawn Marion,0.6159435361056371,-2.013918650965821,14060.0,0.37967151181848197,-2.0628635885943223,818.0,-0.23627202428715516,-0.04894493762850116,-0.2852169619156563,-1.397975114860184,2000-2002,False
1895,William Avery,-0.8610036973661696,2.2241391828395187,2379.0,-0.8671680374136949,2.1751761571454766,24.0,-0.006164340047525307,-0.048963025694042095,-0.0551273657415674,1.3631354854733493,2000-2002,True
1897,Metta World Peace,-0.6145605311696285,-1.2394197540669625,11800.0,-0.5595159543523945,-1.29908287890577,313.0,0.05504457681723396,-0.059663124838807535,-0.004618548021573576,-1.853980285236591,2000-2002,False
1900,Quincy Lewis,-2.2629976488826444,-0.06571142172432559,3401.0,-2.280767865649943,-0.15104050631891833,302.0,-0.017770216767298397,-0.08532908459459274,-0.10309930136189113,-2.32870907060697,2000-2002,False
1902,Jeff Foster,-1.854850268520298,-1.8856137073422008,5856.0,-1.8518015299013202,-1.867138910226302,248.0,0.0030487386189779198,0.018474797115898722,0.021523535734876642,-3.740463975862499,2000-2002,False
1904,Devean George,-0.5848923748548515,-0.15191337739951083,5261.0,-0.6537487737666094,-0.012518984366364339,787.0,-0.06885639891175799,0.1393943930331465,0.0705379941213885,-0.7368057522543623,2000-2002,False
1905,Andrei Kirilenko,0.7250201947753045,-2.4092150723636276,4130.0,0.7472285675558563,-2.4274269274000972,224.0,0.022208372780551766,-0.018211855036469604,0.003996517744082162,-1.684194877588323,2000-2002,False
1907,Vonteego Cummings,-0.9616539411287421,2.2998584090931375,7569.0,-0.959170916242596,2.2998584090931375,1.0,0.002483024886146157,0.0,0.002483024886146157,1.3382044679643954,2000-2002,True
1908,Jumaine Jones,-0.03558801669773681,-0.11073660272292873,6035.0,-0.05311096432533387,0.07881274585963344,827.0,-0.017522947627597055,0.18954934858256217,0.17202640095496513,-0.14632461942066555,2000-2002,False
1909,Scott Padgett,-0.7533905951116424,0.6248840953964648,3547.0,-0.7681074990913754,0.6286708196661083,204.0,-0.01471690397973302,0.0037867242696434378,-0.010930179710089583,-0.12850649971517758,2000-2002,False
1915,Evan Eschmeyer,-2.03307121425593,-1.7265857465510948,3902.0,-2.045483379986544,-1.6847003830776872,15.0,-0.012412165730613989,0.041885363473407544,0.029473197742793555,-3.7596569608070247,2000-2002,True
1916,Calvin Booth,-2.778268874584091,-1.648889689804314,2619.0,-2.8165199495687285,-1.4289325505907917,259.0,-0.03825107498463742,0.21995713921352222,0.1817060642288848,-4.427158564388405,2000-2002,False
1917,Wang Zhi-zhi,-0.5099770756390234,0.4803544387131696,1260.0,-0.45543405415560284,0.4220986513460997,134.0,0.05454302148342055,-0.05825578736706988,-0.003712765883649327,-0.029622636925853818,2000-2002,True
1924,Lee Nailon,-0.6906534301063498,0.9535793438583304,4498.0,-0.6231460588178307,1.1199224895850495,307.0,0.06750737128851914,0.16634314572671904,0.23385051701523818,0.2629259137519806,2000-2002,False
1928,Todd MacCulloch,-1.879498837109764,-0.8913104993343897,5254.0,-1.5557717715159884,-0.8115977201936311,998.0,0.3237270655937756,0.07971277914075858,0.4034398447345342,-2.7708093364441537,2000-2002,False
1934,Rodney Buford,-1.2204396470640277,2.4068286485873953,5238.0,-1.184449805319731,2.3160117078709237,176.0,0.03598984174429676,-0.09081694071647162,-0.05482709897217486,1.1863890015233676,2000-2002,True
1944,Eddie Robinson,0.7104959741894183,1.126367502296422,5740.0,0.8378832140619779,1.2098725275881992,436.0,0.1273872398725595,0.08350502529177728,0.2108922651643368,1.8368634764858403,2000-2002,False
1952,Raja Bell,-1.6570043664045597,1.2719963015998101,1804.0,-1.4704756696148655,1.0983206339469054,256.0,0.1865286967896942,-0.17367566765290476,0.012853029136789429,-0.3850080648047496,2000-2002,False
1953,Lazaro Borrell,-1.1402378072953274,0.4854714113127401,335.0,-1.114937351555117,0.4079264730878408,51.0,0.025300455740210337,-0.07754493822489927,-0.05224448248468894,-0.6547663959825873,2000-2002,True
1983,Jermaine Jackson,-1.8690827351851693,0.34903092976270506,674.0,-1.8936175178884311,0.3808576869855095,22.0,-0.024534782703261815,0.031826757222804425,0.00729197451954261,-1.5200518054224643,2000-2002,True
2030,Kenyon Martin,-0.809258591764096,-1.2827924630374266,9300.0,-0.6512426664468259,-1.326929079733892,1467.0,0.15801592531727005,-0.0441366166964654,0.11387930862080464,-2.0920510548015225,2000-2002,False
2034,Mike Miller,1.6106514407984038,0.5562052539614326,8850.0,1.4902310712688502,0.7275697952300149,357.0,-0.1204203695295536,0.17136454126858225,0.050944171739028654,2.1668566947598364,2000-2002,False
2038,Joel Przybilla,-3.447208481546057,-2.3577858984805093,2657.0,-3.4550000244155217,-2.3407110383174285,2.0,-0.007791542869464596,0.017074860163080796,0.0092833172936162,-5.804994380026566,2000-2002,True
2045,Hedo Turkoglu,1.0071817297645158,-0.22899040363012801,6361.0,0.9791172864447288,-0.038307424848878086,1170.0,-0.02806444331978697,0.19068297878124993,0.16261853546146296,0.7781913261343878,2000-2002,False
2046,Desmond Mason,-0.0017884141783282015,0.31532974190084484,7486.0,-0.04404573327713376,0.4461639099243248,370.0,-0.042257319098805556,0.13083416802347997,0.0885768489246744,0.31354132772251664,2000-2002,False
2048,Jamaal Magloire,-1.4571520926773514,-1.6383452825991704,5043.0,-1.2412332480485218,-1.6496695684643683,554.0,0.2159188446288296,-0.011324285865197847,0.20459455876363175,-3.095497375276522,2000-2002,False
2049,Speedy Claxton,-1.009495937218311,-0.2643072780673551,2912.0,-0.9917526870101405,-0.29527780844717366,93.0,0.01774325020817047,-0.03097053037981856,-0.013227280171648093,-1.2738032152856662,2000-2002,True
2050,Morris Peterson,1.469702994920898,0.2694140226898972,7197.0,1.552944721553073,0.2510885292278718,482.0,0.083241726632175,-0.018325493462025444,0.06491623317014955,1.7391170176107953,2000-2002,False
2052,DeShawn Stevenson,-1.6767053171598625,1.5192811843289584,2745.0,-1.6937584964410954,1.5071226057094067,14.0,-0.017053179281232955,-0.012158578619551719,-0.029211757900784674,-0.15742413283090406,2000-2002,True
2054,Jake Tsakalidis,-3.7691636657878185,-1.9097268725273362,4833.0,-3.8362788920534405,-2.0026009761780954,149.0,-0.06711522626562205,-0.09287410365075921,-0.15998932991638126,-5.678890538315155,2000-2002,True
2058,Mark Madsen,-1.507373043756487,0.7545470838448189,2519.0,-1.442544341066816,0.670155715448436,110.0,0.064828702689671,-0.08439136839638295,-0.019562665706711946,-0.752825959911668,2000-2002,True
2059,Eduardo Najera,0.7550956769712249,-0.28090651549936885,3523.0,0.8240330116837621,-0.3721361351166017,336.0,0.06893733471253716,-0.09122961961723286,-0.022292284904695703,0.4741891614718561,2000-2002,False
2067,Eddie House,-0.9040673206640277,2.047921749439773,3312.0,-0.9406745556868104,2.210704171383209,118.0,-0.036607235022782625,0.16278242194343617,0.12617518692065355,1.1438544287757453,2000-2002,True
2071,Olumide Oyedeji,-1.690782148869104,-0.6819991059726451,832.0,-1.6585840531254425,-0.6821171090305154,32.0,0.03219809574366139,-0.00011800305787024179,0.03208009268579115,-2.3727812548417493,2000-2002,True
2091,Daniel Santiago,-3.6262774484392484,-0.3395110088736502,1218.0,-3.61715785551915,-0.3860128367302857,23.0,0.009119592920098452,-0.04650182785663548,-0.03738223493653703,-3.9657884573128985,2000-2002,True
2098,Slava Medvedenko,-0.49433195701011146,0.3781151520553767,1505.0,-0.4716709438100763,0.4661015424696744,37.0,0.022661013200035163,0.08798639041429768,0.11064740361433284,-0.11621680495473474,2000-2002,True
2206,Rodney White,-1.1149967702110128,0.743812651866127,252.0,-1.119217835097168,0.7581390008736076,6.0,-0.004221064886155146,0.014326349007480643,0.010105284121325497,-0.37118411834488585,2000-2002,True
2208,Kedrick Brown,-0.6366022665307678,-0.9981304240912592,484.0,-0.6290616030966282,-0.9926378490921237,5.0,0.007540663434139616,0.005492574999135469,0.013033238433275085,-1.634732690622027,2000-2002,True
2209,Vladimir Radmanovic,0.7924671906444718,-0.27121097352252044,2338.0,0.7598521510359092,-0.22234740581826254,200.0,-0.0326150396085626,0.0488635677042579,0.016248528095695297,0.5212562171219514,2000-2002,False
2210,Richard Jefferson,-0.277686606655092,-1.0243981925368568,3678.0,-0.2598737174416019,-1.0115112552033532,851.0,0.017812889213490057,0.012886937333503656,0.030699826546993714,-1.3020847991919489,2000-2002,False
2213,Kirk Haston,-2.292233818330772,1.0396364133193343,162.0,-2.2824590976283052,1.0684771030673361,7.0,0.009774720702466766,0.028840689748001802,0.03861541045046857,-1.2525974050114377,2000-2002,True
2214,Michael Bradley,-2.646538954987637,0.8642868972720648,232.0,-2.640850044472762,0.865239887345194,7.0,0.0056889105148751895,0.0009529900731292118,0.006641900588004401,-1.7822520577155723,2000-2002,True
2215,Jason Collins,-1.6906928270955086,-1.5064388912711293,2638.0,-1.5808191564885015,-1.4695608282562218,431.0,0.10987367060700715,0.03687806301490748,0.14675173362191463,-3.197131718366638,2000-2002,False
2216,Zach Randolph,-0.20226752656210117,0.7584467197159357,448.0,-0.2000682614912014,0.7506877041095446,1.0,0.002199265070899764,-0.00775901560639114,-0.005559750535491376,0.5561791931538345,2000-2002,True
2222,Gerald Wallace,-0.39550387310139923,0.6995212242512291,902.0,-0.39347679485620163,0.7010109890266493,30.0,0.0020270782451976,0.001489764775420177,0.003516843020617777,0.30401735114982986,2000-2002,True
2224,Jamaal Tinsley,0.7568578241334623,-0.9699927791808478,4785.0,0.7095322389828664,-1.0032029578188968,168.0,-0.04732558515059582,-0.03321017863804898,-0.0805357637886448,-0.21313495504738555,2000-2002,True
2225,Tony Parker,-0.046635600754927536,0.21679079733541323,4296.0,0.10896218712759087,0.13455755999944669,618.0,0.1555977878825184,-0.08223323733596655,0.07336455054655186,0.1701551965804857,2000-2002,False
2243,Brian Scalabrine,-1.6150025674171835,0.42585866353547536,551.0,-1.630925243396641,0.44094051478664165,34.0,-0.015922675979457512,0.01508185125116629,-0.0008408247282912229,-1.1891439038817082,2000-2002,True
2249,Jamison Brewer,-1.1151909971431428,0.7703533206647772,91.0,-1.1086219558987715,0.7629076801652106,14.0,0.006569041244371299,-0.007445640499566641,-0.0008765992551953428,-0.3448376764783656,2000-2002,True
2260,Jarron Collins,-2.309994515567389,-1.7441020511376923,2716.0,-2.373888367966326,-1.676010694870241,79.0,-0.06389385239893697,0.06809135626745144,0.004197503868514474,-4.0540965667050815,2000-2002,True
2264,Alvin Jones,-3.3330017869654633,-0.6538152634275991,245.0,-3.337607672665614,-0.6513022121739571,8.0,-0.004605885700150747,0.0025130512536419847,-0.0020928344465087623,-3.9868170503930624,2000-2002,True
2349,Victor Alexander,-1.9726867709199194,0.9063936479353345,187.0,-1.9769078358060745,0.9207199969428151,6.0,-0.004221064886155146,0.014326349007480643,0.010105284121325497,-1.066293122984585,2000-2002,True
3,Grant Long,-2.348652620626547,-0.15857457790694332,926.0,-2.3674671849975275,-0.055257322194353545,66.0,-0.018814564370980502,0.10331725571258978,0.08450269134160927,-2.5072271985334904,2003-2005,True
15,Eric Piatkowski,0.43722159121894333,0.28223550338859094,5544.0,0.48231218722049196,0.33265375267649877,143.0,0.04509059600154863,0.050418249287907835,0.09550884528945647,0.7194570946075343,2003-2005,True
42,Monty Williams,-0.69898750856152,0.2672677602698629,557.0,-0.724716509381744,0.35542000395288276,180.0,-0.025729000820224,0.08815224368301988,0.06242324286279588,-0.43171974829165716,2003-2005,True
43,Chris Whitney,-1.3002709194367017,0.9684799030492562,2388.0,-1.3705747778389021,0.9602111837394061,211.0,-0.07030385840220044,-0.008268719309850181,-0.07857257771205062,-0.33179101638744546,2003-2005,False
56,Gary Payton,1.7399896483824877,0.5583834399328609,16626.0,1.7170554757683394,0.4882897256265618,2330.0,-0.022934172614148318,-0.07009371430629907,-0.09302788692044739,2.2983730883153486,2003-2005,False
57,Doug Christie,0.5660773109713935,-1.3177268535175692,14044.0,0.45177345566494964,-1.6392037290025776,1685.0,-0.11430385530644382,-0.32147687548500836,-0.4357807307914522,-0.7516495425461758,2003-2005,False
70,Steve Kerr,0.37849156324835853,0.7923427566554395,1825.0,0.4116904604795035,0.7705571561549315,93.0,0.03319889723114494,-0.02178560050050804,0.011413296730636902,1.170834319903798,2003-2005,True
72,Kenny Anderson,-1.3769863845631285,-0.07168186961186362,5220.0,-1.422566234854212,-0.06284772709260716,140.0,-0.04557985029108358,0.00883414251925646,-0.03674570777182712,-1.4486682541749922,2003-2005,True
84,Latrell Sprewell,0.8584495704584201,0.374876815128982,15900.0,1.0092120999896101,0.47226088352453216,1448.0,0.15076252953119007,0.09738406839555014,0.2481465979267402,1.2333263855874022,2003-2005,False
87,Dikembe Mutombo,-2.186810389468259,-3.697109080470141,6045.0,-2.218189526237232,-3.6716308755955196,442.0,-0.031379136768973304,0.02547820487462138,-0.005900931894351924,-5.8839194699384,2003-2005,False
89,Nick Van Exel,0.48244092556815144,2.7791890865668427,9367.0,0.42874737096426957,3.250714193812429,1324.0,-0.053693554603881866,0.4715251072455864,0.4178315526417045,3.261630012134994,2003-2005,False
95,Mark Bryant,-2.834781313337262,-0.5924360176983254,189.0,-2.825771817896216,-0.5834176786780045,3.0,0.00900949544104579,0.009018339020320898,0.018027834461366687,-3.427217331035587,2003-2005,True
109,Robert Horry,-0.18441380759341153,-2.3111516329432478,9631.0,0.2367451030343285,-2.1172131588633594,2274.0,0.42115891062774,0.1939384740798884,0.6150973847076284,-2.495565440536659,2003-2005,False
120,Steven Smith,0.3720009191246848,2.0848549312768165,5132.0,0.2638111205726027,2.0369667962180014,237.0,-0.1081897985520821,-0.04788813505881517,-0.15607793361089728,2.4568558504015012,2003-2005,False
123,Robert Pack,-1.1086823329817008,0.9482368952568709,1235.0,-1.0909676276923705,0.953866970480834,79.0,0.01771470528933028,0.0056300752239630825,0.02334478051329336,-0.1604454377248299,2003-2005,True
124,Vlade Divac,1.3973821026755335,-2.177937380547248,9496.0,1.2542229036463883,-2.520006957107424,1055.0,-0.1431591990291452,-0.342069576560176,-0.4852287755893212,-0.7805552778717144,2003-2005,False
133,David Wesley,-0.4399849651863379,-0.0992172139939389,14129.0,-0.4578402595516808,0.030285895791069106,1322.0,-0.01785529436534289,0.129503109785008,0.11164781541966512,-0.5392021791802768,2003-2005,False
136,P.J. Brown,-0.48798728629722465,-0.29247696236658793,15335.0,-0.49789775899321714,-0.08214623871685711,817.0,-0.00991047269599249,0.21033072364973082,0.20042025095373833,-0.7804642486638126,2003-2005,False
185,Chris Webber,-0.8013671304973901,-1.245023495290774,11636.0,-0.6557295128451398,-1.1682327631804459,1710.0,0.14563761765225025,0.07679073211032805,0.2224283497625783,-2.046390625788164,2003-2005,False
193,Anthony Mason,-1.7836512161086497,1.3526146165499566,4019.0,-1.771239253627146,1.4222956388792396,289.0,0.01241196248150378,0.06968102232928297,0.08209298481078675,-0.4310365995586931,2003-2005,False
198,Danny Ferry,-1.2164155501204925,0.8158389989177728,1175.0,-1.3325017894679279,0.8165137508884243,210.0,-0.11608623934743534,0.0006747519706514771,-0.11541148737678386,-0.40057655120271973,2003-2005,False
208,Sam Cassell,4.008181368688887,0.34596227238446575,13420.0,4.052347017502004,0.38514513655508015,1353.0,0.044165648813117464,0.039182864170614395,0.08334851298373186,4.354143641073353,2003-2005,False
213,Antonio Davis,-2.29230158689973,-0.9887029074707161,11892.0,-2.2886211809905452,-0.9105194956746577,341.0,0.003680405909184614,0.07818341179605837,0.08186381770524298,-3.281004494370446,2003-2005,False
216,Brian Shaw,-0.7219477409378718,0.25327595858147156,1744.0,-0.7276621220644979,0.012736235743832536,427.0,-0.005714381126626034,-0.24053972283763903,-0.24625410396426506,-0.4686717823564003,2003-2005,False
221,Clar. Weatherspoon,-1.852555544116648,0.4233744068886568,6407.0,-1.8774142261224196,0.3392640205597702,43.0,-0.024858682005771682,-0.08411038632888662,-0.1089690683346583,-1.429181137227991,2003-2005,True
224,Eddie Jones,0.93517656346809,-1.7561303942426059,14233.0,1.0758028616869872,-1.8818929409917635,2002.0,0.14062629821889727,-0.12576254674915766,0.014863751469739617,-0.8209538307745159,2003-2005,False
238,Tyrone Hill,-2.4017871928394587,-1.1965426252063445,2691.0,-2.38009864452918,-1.1357323870472293,251.0,0.021688548310278666,0.060810238159115126,0.08249878646939379,-3.598329818045803,2003-2005,False
239,Darrick Martin,-0.46819065320337827,0.6121396878398037,680.0,-0.488779037579747,0.7292129400260842,334.0,-0.02058838437636873,0.11707325218628051,0.09648486780991178,0.1439490346364254,2003-2005,False
243,Aaron McKie,-0.3279444076710115,-1.1267287012959872,10790.0,-0.39883371606868184,-1.0589828475150422,747.0,-0.07088930839767033,0.067745853780945,-0.0031434546167253274,-1.4546731089669986,2003-2005,False
248,George Lynch,-1.3523769642288161,-1.5731262381814477,7648.0,-1.255906973434371,-1.501106049895788,574.0,0.09646999079444507,0.0720201882856597,0.16849017908010477,-2.9255032024102636,2003-2005,False
252,Karl Malone,0.9669136486347654,0.11808955504496377,8297.0,0.8325595250319442,0.21951548910781676,1799.0,-0.13435412360282117,0.101425934062853,-0.03292818953996818,1.085003203679729,2003-2005,False
258,Brian Grant,-1.8694729849052063,-0.9306853459976481,11291.0,-1.9617380465553058,-1.0383059250396351,730.0,-0.09226506165009951,-0.10762057904198707,-0.19988564069208659,-2.800158330902854,2003-2005,False
278,Stacey Augmon,-0.6552084057295908,-0.23829129496593332,5628.0,-0.7258705033200032,-0.19467444779430293,432.0,-0.07066209759041242,0.04361684717163039,-0.02704525041878203,-0.8934997006955241,2003-2005,False
281,Scott Williams,-2.0880701566377464,-0.8783128990076388,2982.0,-2.188208362115555,-1.059549363826166,174.0,-0.10013820547780838,-0.18123646481852718,-0.28137467029633556,-2.966383055645385,2003-2005,True
283,Lindsey Hunter,-0.5848630475701865,-0.7746173033879553,4628.0,-0.651727949323839,-0.9135384822283682,1194.0,-0.06686490175365256,-0.13892117884041288,-0.20578608059406545,-1.3594803509581417,2003-2005,False
296,Rick Fox,0.1826215266453149,-0.30931210967697226,5879.0,0.009510519412292251,-0.048128362130598956,443.0,-0.17311100723302264,0.2611837475463733,0.08807274031335066,-0.12669058303165737,2003-2005,False
297,Alonzo Mourning,-2.1139688627716753,-1.2692324828594932,1685.0,-2.0856558231113995,-1.3518809225723718,488.0,0.028313039660275763,-0.08264843971287861,-0.054335400052602845,-3.3832013456311687,2003-2005,False
299,Glenn Robinson,0.09408485077183877,1.8919520143136583,7887.0,0.00786689006870088,1.6917411946132945,212.0,-0.08621796070313789,-0.2002108197003638,-0.2864287804035017,1.9860368650854971,2003-2005,False
304,John Stockton,3.6040143250421544,-1.0463575996534387,4270.0,3.507612878140759,-0.8785057001751118,279.0,-0.09640144690139518,0.1678518994783269,0.07145045257693172,2.557656725388716,2003-2005,False
324,Anthony Peeler,0.41909875562794363,0.9354660443447385,8048.0,0.23682635603094104,0.7506795703395288,872.0,-0.1822723995970026,-0.18478647400520964,-0.36705887360221223,1.3545647999726822,2003-2005,False
330,Danny Manning,-0.5454451385018949,-0.9710319121050124,174.0,-0.5307080078198396,-0.9648191426960133,30.0,0.014737130682055288,0.006212769408999064,0.020949900091054352,-1.5164770506069072,2003-2005,True
339,Tom Gugliotta,-2.437672857786172,0.11522690388391127,4189.0,-2.445522746705268,0.15948387549649798,19.0,-0.007849888919095882,0.04425697161258671,0.03640708269349083,-2.322445953902261,2003-2005,True
344,Dana Barros,-1.0732862945332111,0.22143882769982887,27.0,-1.0729794774730124,0.2217191170856376,2.0,0.00030681706019874966,0.0002802893858087352,0.0005871064460074849,-0.8518474668333822,2003-2005,True
349,Mark Jackson,-0.29920866160248116,-0.5582153311575827,3826.0,-0.25002166370271056,-0.41045575076714746,234.0,0.0491869978997706,0.14775958039043524,0.19694657829020584,-0.8574239927600639,2003-2005,False
353,Darrell Armstrong,0.2853252933324373,0.1271467042860286,10841.0,0.2195335773870732,0.21386894704906276,819.0,-0.0657917159453641,0.08672224276303417,0.020930526817670075,0.41247199761846587,2003-2005,False
358,Anfernee Hardaway,-1.1834752456489543,0.43559464744401083,9166.0,-1.214733292028302,0.41197614779724634,783.0,-0.031258046379347704,-0.02361849964676449,-0.054876546026112194,-0.7478805982049435,2003-2005,False
361,Clifford Robinson,-0.4005565083072008,0.13309804245257262,13786.0,-0.5967803227262932,0.22598325959694554,1082.0,-0.19622381441909242,0.09288521714437292,-0.1033385972747195,-0.2674584658546282,2003-2005,False
363,Christian Laettner,-0.8623384590062386,-1.0424877530138061,7416.0,-0.8702443315964231,-1.089996804110661,257.0,-0.007905872590184493,-0.04750905109685477,-0.055414923687039264,-1.9048262120200448,2003-2005,False
369,Charlie Ward,0.3091621182718345,-0.5221464169548679,5890.0,0.3193765214092841,-0.4776656154452294,28.0,0.01021440313744959,0.04448080150963846,0.05469520464708805,-0.21298429868303337,2003-2005,True
383,Kendall Gill,-1.252975665486627,-0.25554068514820805,7252.0,-1.2755130855543566,-0.31481005193951284,244.0,-0.02253742006772952,-0.05926936679130479,-0.08180678685903431,-1.5085163506348351,2003-2005,False
384,Calbert Cheaney,-0.5950749260012287,-0.8025021715217177,10019.0,-0.698534189724583,-0.6637340663275132,221.0,-0.10345926372335434,0.13876810519420446,0.035308841470850116,-1.3975770975229462,2003-2005,False
389,Toni Kukoc,1.771191962616738,-0.5457896879249458,8242.0,1.7274950272937828,-0.29707232067516887,556.0,-0.043696935322955266,0.2487173672497769,0.20502043192682162,1.2254022746917923,2003-2005,False
393,Rod Strickland,0.5808248678105711,1.321244532751312,4447.0,0.4844372738309123,1.3457807192354017,149.0,-0.09638759397965879,0.024536186484089617,-0.07185140749556918,1.9020694005618832,2003-2005,True
397,Reggie Miller,1.4726508097245088,0.13298781036469653,12140.0,1.1845866888261467,0.12217194320475454,1937.0,-0.2880641208983621,-0.010815867159941997,-0.29887998805830407,1.6056386200892052,2003-2005,False
406,Shaquille O'Neal,3.3280609898943743,-2.6963713195377608,14458.0,3.635661844634277,-2.681202920136007,3362.0,0.30760085473990273,0.015168399401753963,0.3227692541416567,0.6316896703566135,2003-2005,False
431,Shawn Kemp,-2.3056953951745496,-0.8077669008200995,3163.0,-2.304435495924386,-0.7720406256233314,126.0,0.0012598992501637873,0.035726275196768076,0.03698617444693186,-3.113462295994649,2003-2005,True
445,Wesley Person,0.21447745324458029,2.033178925907923,7094.0,0.18840554570027906,1.9911363107883184,108.0,-0.02607190754430122,-0.04204261511960472,-0.06811452266390594,2.2476563791525033,2003-2005,True
446,Lucious Harris,-0.1954407563922517,-0.14892004628407385,8713.0,-0.0632497096286932,0.0802717342786092,1154.0,0.1321910467635585,0.22919178056268305,0.36138282732624155,-0.3443608026763255,2003-2005,False
448,Bo Outlaw,-1.0872392805715148,-2.7099683294733063,6896.0,-1.1247461562627237,-2.7068480105971675,248.0,-0.03750687569120892,0.003120318876138839,-0.03438655681507008,-3.797207610044821,2003-2005,False
452,Vin Baker,-2.095129816597522,1.3874307826327117,4721.0,-2.0600656783485976,1.5217053475084126,104.0,0.035064138248924515,0.13427456487570089,0.1693387031246254,-0.7076990339648104,2003-2005,True
467,Jason Kidd,3.280633146391578,-2.1067346477086737,15164.0,3.2209124323004166,-2.33395183416894,2869.0,-0.05972071409116131,-0.22721718646026634,-0.28693790055142765,1.1738984986829042,2003-2005,False
468,Jon Barry,2.3011075600467494,-0.8453670876442014,7698.0,2.2475932319211545,-0.7476142309569365,864.0,-0.05351432812559498,0.09775285668726497,0.04423852856166999,1.455740472402548,2003-2005,False
469,Jamal Mashburn,1.928675615144822,0.4732606663861567,7644.0,1.9920554096995648,0.5160510010868166,305.0,0.06337979455474274,0.04279033470065985,0.10617012925540259,2.401936281530979,2003-2005,False
673,Alan Henderson,-2.6162262307471913,0.6530445122291602,5351.0,-2.6396160965425666,0.7286513655782147,170.0,-0.023389865795375275,0.07560685334905459,0.05221698755367932,-1.9631817185180311,2003-2005,True
677,Eric Williams,-0.07567009766498362,-1.0386515984334064,10581.0,-0.06430066803650779,-1.180834331021228,592.0,0.011369429628475827,-0.14218273258782155,-0.13081330295934573,-1.11432169609839,2003-2005,False
680,John Amaechi,-3.4056257972830037,0.1735286110304287,913.0,-3.4257746925613954,0.16803387350070373,32.0,-0.0201488952783917,-0.005494737529724958,-0.025643632808116656,-3.232097186252575,2003-2005,True
682,Bob Sura,1.0596238770828377,0.32578242054096485,9041.0,1.0074874198172725,0.29581592659118316,335.0,-0.05213645726556515,-0.02996649394978168,-0.08210295121534683,1.3854062976238026,2003-2005,False
686,Antonio McDyess,-1.511204192261344,-0.18983610314632798,5065.0,-1.4080586630127818,-0.38900629831874384,890.0,0.10314552924856213,-0.19917019517241585,-0.09602466592385372,-1.701040295407672,2003-2005,False
688,Michael Curry,-4.101332037653499,-1.1586552116722006,5486.0,-4.053576554546775,-1.2691647199386775,498.0,0.04775548310672395,-0.11050950826647687,-0.06275402515975292,-5.2599872493257,2003-2005,False
692,Andrew DeClercq,-0.855287902143092,-1.940785973321633,4911.0,-0.8491407873342289,-2.0232160167813547,184.0,0.006147114808863097,-0.0824300434597216,-0.0762829286508585,-2.796073875464725,2003-2005,True
693,Joe Smith,-0.48904572468345564,-0.8901631610284245,10839.0,-0.4577674488636049,-0.7418980751644169,407.0,0.031278275819850765,0.14826508586400766,0.17954336168385843,-1.37920888571188,2003-2005,False
696,Travis Best,-1.1109992561023518,0.374222160409356,7542.0,-1.0879713906757909,0.5729497587114868,151.0,0.02302786542656099,0.19872759830213077,0.22175546372869176,-0.7367770956929958,2003-2005,True
697,Fred Hoiberg,1.262886403787225,0.02267276104039151,7319.0,1.2188564016763312,-0.07216240869481051,833.0,-0.044030002110893696,-0.09483516973520202,-0.1388651718460957,1.2855591648276166,2003-2005,False
699,Brent Barry,1.3826952516662536,-0.5695015822789262,11344.0,1.2851167305928843,-0.4348372502056882,1009.0,-0.09757852107336928,0.13466433207323802,0.03708581099986874,0.8131936693873274,2003-2005,False
702,Voshon Lenard,0.7489141373686748,2.520617362172419,8190.0,0.8176897802239336,2.357006248985071,311.0,0.06877564285525872,-0.1636111131873479,-0.09483547033208917,3.2695314995410936,2003-2005,False
703,Kurt Thomas,0.25520039340689893,-1.025146295976461,15290.0,0.24167997849815612,-0.9198425260516753,271.0,-0.013520414908742812,0.10530376992478574,0.09178335501604293,-0.7699459025695621,2003-2005,False
708,Kevin Garnett,3.8402528410158947,-2.7708000535887667,18360.0,3.9812330604845703,-2.8054124793315856,1981.0,0.14098021946867556,-0.034612425742818864,0.1063677937258567,1.069452787427128,2003-2005,False
711,Jerry Stackhouse,0.3770774146604672,1.2526655460103315,9842.0,0.4612013959970062,1.3339677549316389,790.0,0.08412398133653903,0.08130220892130735,0.16542619025784638,1.6297429606707987,2003-2005,False
714,Michael Finley,1.643135142457089,-0.3748218863579424,15097.0,1.3130152965829498,-0.44956844636040216,2994.0,-0.33011984587413923,-0.07474656000245977,-0.404866405876599,1.2683132560991466,2003-2005,False
717,Arvydas Sabonis,0.5785593243217595,-1.9729750677448612,2263.0,0.6303192983441497,-2.091236923514489,171.0,0.05175997402239019,-0.118261855769628,-0.06650188174723781,-1.3944157434231017,2003-2005,True
718,Gary Trent,-1.1715540773748891,0.9119989678939844,4250.0,-1.2798526070470535,0.9230598762830818,223.0,-0.10829852967216436,0.011060908389097457,-0.0972376212830669,-0.25955510948090477,2003-2005,False
722,Corliss Williamson,-0.31333394722720587,-0.31426749879790017,9696.0,-0.46315073729806566,-0.06295972929193816,1112.0,-0.1498167900708598,0.251307769505962,0.10149097943510221,-0.627601446025106,2003-2005,False
727,Eric Snow,0.16812623309144392,-0.6013474271505493,14872.0,0.29014157157461645,-0.7841934537664812,756.0,0.12201533848317253,-0.18284602661593186,-0.060830688132759325,-0.4332211940591054,2003-2005,False
731,Greg Ostertag,-1.8631618290812328,-3.668859069059471,8498.0,-1.9120650848215741,-3.5930835098067404,327.0,-0.04890325574034127,0.0757755592527305,0.02687230351238923,-5.532020898140704,2003-2005,False
739,Rasheed Wallace,0.9747290275240592,-2.787828863819663,14280.0,1.2901746587592813,-2.992668909479161,3365.0,0.31544563123522207,-0.20484004565949787,0.1106055855757242,-1.813099836295604,2003-2005,False
754,Jim Jackson,-0.8179035841845053,-1.5015975669849855,12294.0,-0.5130934544887995,-1.1199090384530737,1912.0,0.30481012969570576,0.3816885285319118,0.6864986582276176,-2.319501151169491,2003-2005,False
757,Damon Stoudamire,1.5489797752653929,1.9030651111514434,13260.0,1.7113015421392253,1.7332700094909645,433.0,0.16232176687383237,-0.16979510166047884,-0.007473334786646468,3.4520448864168363,2003-2005,False
762,Shawn Bradley,-1.8863036066284775,-3.182096311594178,6462.0,-1.9617934712154448,-3.0421358643754353,513.0,-0.07548986458696727,0.1399604472187428,0.06447058263177552,-5.068399918222656,2003-2005,False
763,Tony Massenburg,-3.3231490867200444,0.9902570705999336,4274.0,-3.3850504163047823,1.0925400506164802,185.0,-0.06190132958473793,0.10228298001654657,0.040381650431808636,-2.3328920161201108,2003-2005,True
764,David Robinson,-0.7744964483574108,-3.020442440333195,3121.0,-0.7713403619241662,-3.3816331689262866,1015.0,0.0031560864332446092,-0.36119072859309176,-0.35803464215984715,-3.7949388886906057,2003-2005,False
788,Kevin Willis,-2.587503095601158,0.09880481552565024,3000.0,-2.6003530349605346,0.01677122923157602,232.0,-0.012849939359376616,-0.08203358629407421,-0.09488352565345083,-2.488698280075508,2003-2005,False
896,Tim Hardaway,1.3255497329804082,-0.003967033278760745,265.0,1.2655175409158512,0.02218972004653953,84.0,-0.06003219206455701,0.026156753325300274,-0.03387543873925673,1.3215826997016475,2003-2005,True
902,Bimbo Coles,-1.7784178564168864,0.6225912805913696,1603.0,-1.7987319977319642,0.6044376168695539,20.0,-0.020314141315077805,-0.018153663721815705,-0.03846780503689351,-1.1558265758255168,2003-2005,True
905,Dale Davis,-0.7234155607736757,-0.6388767328756865,9659.0,-0.7793928875263317,-0.9855699755529443,852.0,-0.05597732675265599,-0.3466932426772579,-0.40267056942991386,-1.3622922936493622,2003-2005,False
911,Ervin Johnson,-2.763541104239284,-1.6839062654435495,4693.0,-2.6863179101613377,-1.6824689857031778,793.0,0.0772231940779462,0.0014372797403716664,0.07866047381831787,-4.447447369682833,2003-2005,False
915,Rodney Rogers,-0.9414586832784844,-0.95821680071341,7770.0,-0.6896915333822953,-0.6606950566745315,1168.0,0.2517671498961891,0.29752174403887843,0.5492888939350675,-1.8996754839918943,2003-2005,False
922,Elden Campbell,-1.8050650171030815,-1.34938473320737,3941.0,-1.8762374563340196,-1.5498979059474174,326.0,-0.07117243923093808,-0.20051317274004732,-0.2716856119709854,-3.1544497503104516,2003-2005,False
932,Oliver Miller,-2.3426382082077355,-1.1385384222549546,969.0,-2.363621817901872,-1.0711220981653542,59.0,-0.020983609694136707,0.06741632408960041,0.0464327143954637,-3.48117663046269,2003-2005,True
934,Derrick Coleman,-0.8977436219265619,-2.70057562146187,4980.0,-0.7877307637494187,-2.7594125985605613,810.0,0.11001285817714312,-0.05883697709869118,0.051175881078451946,-3.598319243388432,2003-2005,False
935,Bryon Russell,-1.1706496127801573,-1.1340961712886046,6394.0,-1.1867745257107778,-1.0347528783218978,49.0,-0.01612491293062046,0.09934329296670685,0.08321838003608639,-2.304745784068762,2003-2005,True
937,Scottie Pippen,1.739226362208286,-1.733931285014048,4409.0,1.7541521218523326,-1.6409795835074965,133.0,0.014925759644046632,0.09295170150655152,0.10787746115059815,0.00529507719423794,2003-2005,True
947,Allen Iverson,2.4226644239684703,0.6919827180048137,17068.0,2.560833887284509,0.787751698668052,1454.0,0.13816946331603885,0.09576898066323825,0.2339384439792771,3.114647141973284,2003-2005,False
948,Marcus Camby,-1.0356426454138636,-3.0135097119069556,9333.0,-1.0132516868737291,-3.030071998451388,714.0,0.02239095854013451,-0.016562286544432592,0.005828671995701917,-4.0491523573208195,2003-2005,False
950,Stephon Marbury,2.4078867411963234,2.2523929322180694,18885.0,2.2638213636539537,2.2806370606165,857.0,-0.1440653775423697,0.02824412839843049,-0.11582124914393921,4.660279673414393,2003-2005,False
951,Ray Allen,4.615289553818997,2.059745588347336,15142.0,4.7390842722623745,2.1085264684780043,821.0,0.12379471844337786,0.04878088013066817,0.17257559857404603,6.675035142166333,2003-2005,False
952,Antoine Walker,-0.6776865425334082,1.787860320444516,17448.0,-0.753422433642211,1.067647649659714,1518.0,-0.07573589110880274,-0.720212670784802,-0.7959485618936047,1.1101737779111078,2003-2005,False
953,Lorenzen Wright,-2.324271514740527,-0.5262684745624413,11137.0,-2.3439230946340595,-0.5294238994762239,334.0,-0.01965157989353239,-0.003155424913782623,-0.022807004807315012,-2.8505399893029684,2003-2005,False
954,Kerry Kittles,0.5133347079304579,-0.2563562870387451,9618.0,0.6380446035460788,-0.492995556479371,1968.0,0.12470989561562096,-0.2366392694406259,-0.11192937382500495,0.2569784208917128,2003-2005,False
955,Samaki Walker,-3.120170674122816,-0.2520549869058074,3387.0,-3.146876147991057,-0.24953437517263521,114.0,-0.026705473868240848,0.0025206117331721956,-0.024184862135068652,-3.3722256610286236,2003-2005,True
956,Erick Dampier,-2.363831412976482,-2.930619408788585,11417.0,-2.370109735526155,-3.015308169644317,578.0,-0.006278322549672755,-0.08468876085573207,-0.09096708340540482,-5.294450821765067,2003-2005,False
958,Vitaly Potapenko,-3.077501836467585,0.8969530668772665,3958.0,-3.090533626932045,0.9307703356560592,69.0,-0.013031790464460347,0.03381726877879265,0.020785478314332306,-2.1805487695903185,2003-2005,True
959,Steve Nash,6.6157543767192735,1.485080070924913,15560.0,6.672289773103192,1.7150630406671168,3039.0,0.0565353963839188,0.22998296974220378,0.2865183661261226,8.100834447644186,2003-2005,False
960,Tony Delk,-0.4922564950109415,1.1115248537669316,7243.0,-0.24310537513781239,0.9004772769447639,710.0,0.2491511198731291,-0.21104757682216768,0.03810354305096142,0.6192683587559901,2003-2005,False
962,Walter McCarty,-0.7424421401587729,0.9284573515638685,9343.0,-0.4942624385904486,0.7277191246352948,1040.0,0.24817970156832425,-0.2007382269285738,0.04744147463975046,0.1860152114050957,2003-2005,False
965,Derek Fisher,0.11293523389789112,-0.09013699934160146,13271.0,0.19160327226397716,0.1632772480186292,1779.0,0.07866803836608605,0.25341424736023066,0.3320822857263167,0.022798234556289654,2003-2005,False
970,Othella Harrington,-1.5077304145552433,-0.933193378893574,7565.0,-1.5465150202561457,-0.7461990253279474,197.0,-0.038784605700902475,0.18699435356562666,0.14820974786472418,-2.4409237934488175,2003-2005,True
976,Jeff McInnis,0.529630687949413,2.259658082549626,11955.0,0.6246760187916014,2.2089448548791646,189.0,0.09504533084218836,-0.0507132276704616,0.044332103171726756,2.7892887704990392,2003-2005,True
977,Kobe Bryant,5.024535969567799,1.3271574948117393,16581.0,5.0437799417891345,1.3090886999172557,2806.0,0.01924397222133578,-0.018068794894483542,0.0011751773268522392,6.351693464379538,2003-2005,False
978,Peja Stojakovic,3.650499874901923,1.2757194434444683,16398.0,3.6128183197284223,1.0897787203852671,2366.0,-0.03768155517350058,-0.18594072305920117,-0.22362227823270175,4.926219318346391,2003-2005,False
979,Jermaine O'Neal,0.8520563798717469,-1.9111962539568883,13331.0,0.6650211882652313,-2.0462111740247253,2427.0,-0.1870351916065156,-0.135014920067837,-0.3220501116743526,-1.0591398740851414,2003-2005,False
983,Moochie Norris,-0.09504926876178957,0.7994019918336175,4721.0,-0.12440728259186806,0.8154155024730012,10.0,-0.029358013830078494,0.01601351063938372,-0.013344503190694773,0.704352723071828,2003-2005,True
990,Malik Rose,-1.242522447578962,-0.5772678635128713,8910.0,-1.4390978135563255,-0.5801638101385781,1201.0,-0.19657536597736347,-0.0028959466257068023,-0.19947131260307027,-1.8197903110918334,2003-2005,False
1000,Shandon Anderson,-0.07584204083719293,0.14209018725744266,9267.0,0.003494760494064178,0.19865952270106024,407.0,0.0793368013312571,0.056569335443617585,0.13590613677487468,0.06624814642024973,2003-2005,False
1005,Walt Williams,-0.12486847267763886,-0.09711928595790668,2221.0,-0.06776770420411088,-0.11922654304398642,447.0,0.05710076847352798,-0.022107257086079732,0.034993511387448245,-0.22198775863554554,2003-2005,False
1032,Darvin Ham,-2.3110451689116047,-0.9147111279255258,3175.0,-2.385558045835506,-1.0192090486790464,219.0,-0.0745128769239014,-0.1044979207535206,-0.179010797677422,-3.2257562968371305,2003-2005,False
1065,Erick Strickland,-0.43419221477269954,1.028019474341814,5467.0,-0.46884060933893523,1.0944391474568098,164.0,-0.034648394566235696,0.06641967311499575,0.03177127854876005,0.5938272595691145,2003-2005,True
1088,Chucky Atkins,0.7589961104866314,1.706278152985317,11159.0,0.5859070813981517,1.9926193453094774,831.0,-0.17308902908847967,0.28634119232416033,0.11325216323568066,2.4652742634719482,2003-2005,False
1112,Ben Wallace,-0.7322374862490881,-3.499832070510948,15757.0,-0.6024358997176192,-3.9496365013562182,4713.0,0.1298015865314689,-0.44980443084527044,-0.32000284431380155,-4.232069556760036,2003-2005,False
1425,Aaron Williams,-2.7752391372555616,-0.7185414786905788,6170.0,-2.7966630577612674,-0.4988487319246257,910.0,-0.02142392050570585,0.21969274676595313,0.19826882626024728,-3.4937806159461404,2003-2005,False
1442,Zeljko Rebraca,-1.1207904598496912,-0.6381349811492764,3079.0,-1.0724780087741226,-0.5942412640744096,57.0,0.048312451075568585,0.04389371707486678,0.09220616815043536,-1.7589254409989676,2003-2005,True
1444,Lawrence Funderburke,-1.3610281105889157,0.41160691437319635,497.0,-1.3335113515672035,0.47013598842803556,92.0,0.027516759021712245,0.0585290740548392,0.08604583307655145,-0.9494211962157193,2003-2005,True
1477,Bruce Bowen,-0.57055373817567,-1.9278555218789226,14463.0,-0.5672569207241274,-1.5675216956223208,3431.0,0.003296817451542644,0.3603338262566018,0.36363064370814446,-2.4984092600545926,2003-2005,False
1495,Tim Duncan,2.1978260125421545,-4.817098736893551,14698.0,2.190546790583294,-4.688130646453272,4241.0,-0.00727922195886066,0.1289680904402788,0.12168886848141813,-2.6192727243513967,2003-2005,False
1496,Keith Van Horn,0.7260044139194747,0.006516884592156769,11852.0,0.7788283795653621,-0.037275485215664324,1067.0,0.05282396564588743,-0.04379236980782109,0.009031595838066335,0.7325212985116314,2003-2005,False
1497,Chauncey Billups,2.5208909416897445,0.28862794393191415,14605.0,2.780478208074445,0.39904782375701914,4223.0,0.2595872663847003,0.11041987982510498,0.3700071462098053,2.8095188856216584,2003-2005,False
1498,Antonio Daniels,2.126603736284591,2.2983359687026956,8311.0,2.151501036140661,2.4734281934297577,812.0,0.02489729985606992,0.1750922247270621,0.19998952458313202,4.4249397049872865,2003-2005,False
1499,Tony Battie,-2.8323612730912875,-1.1918755780701753,9686.0,-2.6386608448381303,-1.3219743058275255,389.0,0.19370042825315714,-0.1300987277573502,0.06360170049580693,-4.024236851161463,2003-2005,False
1500,Ron Mercer,-2.536144445406663,1.4208909575441329,4854.0,-2.5943065152120566,1.5200698603341771,251.0,-0.058162069805393735,0.09917890279004427,0.04101683298465053,-1.11525348786253,2003-2005,False
1501,Tim Thomas,0.5189605103755729,0.2603640264621677,12204.0,0.5761244068287639,0.36080620178630735,409.0,0.05716389645319098,0.10044217532413963,0.1576060717773306,0.7793245368377406,2003-2005,False
1503,Tracy McGrady,5.446265898792727,0.8689777803940943,16880.0,5.386831285180895,0.9733327941317248,1123.0,-0.059434613611832,0.10435501373763045,0.044920400125798454,6.315243679186821,2003-2005,False
1504,Danny Fortson,-0.11982546879723688,0.25341924900354745,3549.0,-0.11465096786457052,0.26324740821983034,201.0,0.005174500932666359,0.009828159216282883,0.015002660148949243,0.13359378020631058,2003-2005,False
1505,Tariq Abdul-Wahad,-0.9882897490774185,0.6306564155289094,410.0,-0.9876324020490537,0.5025373573755598,169.0,0.0006573470283648408,-0.12811905815334956,-0.12746171112498472,-0.3576333335485091,2003-2005,True
1506,Austin Croshere,-0.08275215982876277,0.8073121782521817,6483.0,-0.05019844742744004,0.8576235373459206,616.0,0.03255371240132273,0.05031135909373885,0.08286507149506159,0.7245600184234189,2003-2005,False
1507,Derek Anderson,1.2795937481050252,0.1978272326701105,10436.0,1.2732138949928675,0.18529379981232738,39.0,-0.0063798531121577184,-0.012533432857783106,-0.018913285969940824,1.4774209807751357,2003-2005,True
1508,Maurice Taylor,-2.630859077150726,0.7699007270103605,8832.0,-2.670303277622347,0.8369799294149444,215.0,-0.039444200471621116,0.06707920240458387,0.027635001932962755,-1.8609583501403653,2003-2005,False
1509,Kelvin Cato,-2.30894706219453,-3.2532798658011544,8517.0,-2.4005757218714123,-3.2009698380270515,264.0,-0.0916286596768825,0.052310027774102874,-0.03931863190277962,-5.562226927995685,2003-2005,False
1510,Brevin Knight,-1.1368911736010594,-0.7603861249410717,7554.0,-1.1569324091653779,-0.8299514448846735,191.0,-0.02004123556431847,-0.06956531994360182,-0.0896065555079203,-1.8972772985421311,2003-2005,True
1513,Scot Pollard,-1.6684134986485848,-2.2765770463892627,3458.0,-1.6724920160147594,-2.355369603183645,317.0,-0.004078517366174594,-0.07879255679438213,-0.08287107416055672,-3.9449905450378475,2003-2005,False
1517,Bobby Jackson,1.3726635835961019,-0.2237400768498865,6691.0,1.4059256989192468,0.019135412943217578,818.0,0.033262115323144936,0.24287548979310408,0.276137605116249,1.1489235067462154,2003-2005,False
1521,Jacque Vaughn,-1.9025437797897777,1.0027543073924348,8358.0,-1.912410498167178,0.96764841993115,244.0,-0.009866718377400163,-0.035105887461284735,-0.0449726058386849,-0.899789472397343,2003-2005,False
1531,Marc Jackson,-0.9699124553215765,0.44619629064173566,7062.0,-1.029880710107252,0.4442697835225973,352.0,-0.05996825478567547,-0.0019265071191383876,-0.061894761904813855,-0.523716164679841,2003-2005,False
1533,Anthony Johnson,-0.2706879747716141,0.23706409861209288,7708.0,-0.4053467900399899,0.0008591029372972681,1366.0,-0.1346588152683758,-0.2362049956747956,-0.37086381094317145,-0.03362387615952123,2003-2005,False
1536,Stephen Jackson,1.407048862415761,0.396546011957205,13261.0,0.9422293067493882,0.06940044569728676,2382.0,-0.4648195556663729,-0.32714556625991825,-0.7919651219262911,1.8035948743729662,2003-2005,False
1548,Mark Blount,-2.521045761511384,-1.0070958889870272,11504.0,-2.679590569642431,-1.0351864237603485,632.0,-0.158544808131047,-0.028090534773321352,-0.18663534290436834,-3.5281416504984113,2003-2005,False
1559,Adrian Griffin,-1.0577739302396152,-1.490798483651143,4185.0,-0.9723430385580563,-1.2607313155239335,437.0,0.08543089168155893,0.2300671681272095,0.31549805980876844,-2.548572413890758,2003-2005,False
1565,Michael Stewart,-3.8309469818589306,-0.8643124239907792,1096.0,-3.8447190669685085,-0.8435915531179161,5.0,-0.013772085109577947,0.020720870872863117,0.00694878576328517,-4.6952594058497095,2003-2005,True
1607,Troy Hudson,1.6720162750613046,3.3048022907623986,9248.0,1.6811674829930041,3.318803829568428,436.0,0.009151207931699545,0.014001538806029501,0.023152746737729046,4.976818565823703,2003-2005,False
1709,Michael Olowokandi,-4.991542865824233,-3.0659313248827944,6544.0,-5.001426054124953,-2.9484482567110026,416.0,-0.009883188300720214,0.11748306817179177,0.10759987987107156,-8.057474190707026,2003-2005,False
1710,Mike Bibby,3.1523748141275645,1.6606674469800675,15748.0,3.122109602945267,1.5462330609529986,2176.0,-0.030265211182297413,-0.1144343860270689,-0.14469959720936632,4.813042261107632,2003-2005,False
1711,Raef LaFrentz,0.8812256258210645,-0.7208061483946231,8070.0,0.7984793008385959,-0.9777120963250479,1304.0,-0.08274632498246859,-0.25690594793042476,-0.33965227291289335,0.16041947742644136,2003-2005,False
1712,Antawn Jamison,2.5979802064008446,1.4228793571863205,16243.0,2.6200774395446924,1.380706939445336,960.0,0.022097233143847816,-0.04217241774098457,-0.020075184597136753,4.020859563587165,2003-2005,False
1713,Vince Carter,2.48137551937337,-0.7572900712078009,13339.0,2.368834440632655,-0.7386621958679511,346.0,-0.11254107874071506,0.018627875339849775,-0.09391320340086529,1.7240854481655692,2003-2005,False
1714,Robert Traylor,-1.0213385197544134,-0.6080717826584712,5895.0,-1.070945071076693,-0.6842608229616677,247.0,-0.049606551322279646,-0.07618904030319651,-0.12579559162547616,-1.6294103024128845,2003-2005,False
1715,Jason Williams,1.5678656017143195,2.800810525251564,12521.0,1.558544635496951,2.9477605986846553,472.0,-0.009320966217368554,0.14695007343309152,0.13762910721572297,4.368676126965884,2003-2005,False
1716,Larry Hughes,0.3267166167667054,-0.1062302675064107,12684.0,0.33541196649488586,-0.1549646545197199,773.0,0.00869534972818048,-0.04873438701330922,-0.04003903728512874,0.2204863492602947,2003-2005,False
1717,Dirk Nowitzki,5.13806078585797,-1.4821515123577154,17587.0,4.874977483042629,-1.3498125482187864,2915.0,-0.26308330281534076,0.13233896413892898,-0.13074433867641178,3.6559092735002547,2003-2005,False
1718,Paul Pierce,3.7382499886354106,-1.3915571883327964,17798.0,3.659993655761334,-1.8297464085824842,1660.0,-0.0782563328740764,-0.43818922024968776,-0.5164455531237642,2.3466928003026144,2003-2005,False
1719,Bonzi Wells,-0.2208518159636949,-0.39295613176444544,10869.0,-0.07596746469648832,-0.38838166409604336,725.0,0.14488435126720658,0.004574467668402082,0.14945881893560867,-0.6138079477281404,2003-2005,False
1720,Michael Doleac,-2.2946033712265845,0.4535477763384441,6120.0,-2.2716189371520783,0.41877663037145885,213.0,0.022984434074506233,-0.03477114596698527,-0.01178671189247904,-1.8410555948881404,2003-2005,False
1721,Keon Clark,-2.2546236405226097,-2.2116079470536096,3570.0,-2.135242851661832,-2.2281447261547265,340.0,0.11938078886077763,-0.01653677910111684,0.10284400975966079,-4.466231587576219,2003-2005,False
1723,Matt Harpring,1.949821849411729,1.662382406736246,11755.0,1.888229419707882,1.65159161569292,298.0,-0.06159242970384704,-0.010790791043326031,-0.07238322074717307,3.612204256147975,2003-2005,False
1725,Rasho Nesterovic,-1.4429598996378659,-3.7779982529287786,12093.0,-1.475544766161605,-3.5503520257915717,1007.0,-0.03258486652373915,0.22764622713720684,0.19506136061346768,-5.220958152566644,2003-2005,False
1727,Pat Garrity,0.20426725938975787,2.3404697868383417,7077.0,0.1106511203330721,2.497123756061692,308.0,-0.09361613905668577,0.1566539692233504,0.06303783016666463,2.5447370462280996,2003-2005,False
1729,Ricky Davis,0.08544525968977457,2.8279860682744244,16455.0,0.051212758791754506,2.6785137039964866,663.0,-0.03423250089802006,-0.14947236427793786,-0.1837048651759579,2.913431327964199,2003-2005,False
1730,Brian Skinner,-1.792121404773355,0.23789188024073527,7552.0,-1.8184204831964075,0.4237789762562405,321.0,-0.02629907842305257,0.18588709601550524,0.15958801759245267,-1.5542295245326196,2003-2005,False
1733,Al Harrington,-0.8107764629315404,0.671181758974846,13897.0,-0.8369878477962801,0.45643272762107356,968.0,-0.02621138486473973,-0.21474903135377243,-0.24096041621851216,-0.13959470395669438,2003-2005,False
1737,Nazr Mohammed,-2.5894480951499723,-0.4211064156460797,7627.0,-2.674179843190665,-0.3473201700398872,1141.0,-0.08473174804069261,0.07378624560619251,-0.010945502434500098,-3.010554510796052,2003-2005,False
1739,Ruben Patterson,0.5732971952237903,0.45399594490791034,9796.0,0.7610773993418041,0.42807344627096733,295.0,0.18778020411801377,-0.025922498636943014,0.16185770548107076,1.0272931401317007,2003-2005,False
1740,Rashard Lewis,3.145641979755398,0.524832471938874,16165.0,3.158239510702359,0.6001234376285666,588.0,0.012597530946961033,0.07529096568969262,0.08788849663665366,3.670474451694272,2003-2005,False
1742,Shammond Williams,-1.0514242580260817,0.6598861497340791,5154.0,-1.0457351840551026,0.671279437867526,36.0,0.005689073970979175,0.011393288133446866,0.01708236210442604,-0.39153810829200264,2003-2005,True
1744,Jerome James,-3.1980630736858613,-2.6569214106491903,5610.0,-3.09443104145619,-2.7265904100574607,538.0,0.1036320322296711,-0.06966899940827043,0.033963032821400674,-5.854984484335052,2003-2005,False
1747,Rafer Alston,0.8787754300787726,0.8894193160241581,12037.0,0.6874629876360439,0.7848213815317729,538.0,-0.19131244244272871,-0.10459793449238519,-0.2959103769351139,1.7681947461029308,2003-2005,False
1749,Cuttino Mobley,1.6467584997615021,-0.13705860562264027,16424.0,1.4735591429994284,-0.1702296644475823,683.0,-0.17319935676207376,-0.033171058824942035,-0.2063704155870158,1.509699894138862,2003-2005,False
1761,Greg Buckner,0.3875200516211479,0.10114355104435888,7266.0,0.35265045539272416,0.16151769647758477,400.0,-0.03486959622842373,0.06037414543322589,0.025504549204802163,0.4886636026655068,2003-2005,False
1763,Ryan Bowen,-1.3868424453283419,-2.2681445114299965,3699.0,-1.352694262628364,-2.379286585193675,237.0,0.03414818269997788,-0.11114207376367835,-0.07699389106370047,-3.6549869567583384,2003-2005,False
1800,Damon Jones,2.484713571339495,1.7157204855232508,10290.0,2.562230432853054,1.5432450606975707,1202.0,0.07751686151355885,-0.17247542482568012,-0.09495856331212127,4.200434056862746,2003-2005,False
1802,Brad Miller,1.9375162857477926,-1.4956599117575595,13639.0,1.793252223299511,-1.6476668192324235,1246.0,-0.1442640624482816,-0.152006907474864,-0.2962709699231456,0.44185637399023303,2003-2005,False
1863,Earl Boykins,1.242221730202044,2.872298711286594,10503.0,1.224054006632415,2.9854677008051715,515.0,-0.018167723569628924,0.11316898951857768,0.09500126594894875,4.114520441488638,2003-2005,False
1883,Steve Francis,2.1652892884675796,0.08656374119389308,18097.0,2.1281353520901636,0.03379086147460276,407.0,-0.03715393637741604,-0.05277287971929032,-0.08992681609670636,2.2518530296614725,2003-2005,False
1884,Baron Davis,4.036360691894304,-0.20521147658359107,11614.0,4.07805819642793,-0.27312464182409735,824.0,0.04169750453362653,-0.06791316524050628,-0.02621566070687975,3.8311492153107127,2003-2005,False
1885,Lamar Odom,0.41762683735683354,-0.2522455260094373,13206.0,0.3797542102900287,-0.2839334205980124,922.0,-0.03787262706680483,-0.03168789458857513,-0.06956052165537996,0.16538131134739625,2003-2005,False
1886,Jonathan Bender,-1.8458575556328571,0.12501770518387556,2217.0,-1.7011948685420122,0.19068003879549494,417.0,0.14466268709084495,0.06566233361161938,0.21032502070246434,-1.7208398504489817,2003-2005,False
1887,Wally Szczerbiak,1.520577848303831,1.4646254760501338,9570.0,1.474394943667038,1.4987745471939908,1068.0,-0.046182904636792976,0.03414907114385701,-0.012033833492935964,2.985203324353965,2003-2005,False
1888,Richard Hamilton,1.66587707700117,-0.02253895908619996,15457.0,1.8563160606526772,-0.5743157536924108,4805.0,0.19043898365150724,-0.5517767946062109,-0.36133781095470363,1.64333811791497,2003-2005,False
1889,Andre Miller,1.8186928744755915,1.1105548558152865,16816.0,1.8021478009977285,0.9089561336817655,678.0,-0.016545073477862937,-0.20159872213352092,-0.21814379561138386,2.9292477302908777,2003-2005,False
1890,Shawn Marion,1.9976086413193026,-1.4314546472566407,19086.0,2.1332110363687935,-1.6711431189058494,1807.0,0.1356023950494909,-0.2396884716492087,-0.1040860765997178,0.5661539940626619,2003-2005,False
1891,Jason Terry,2.7483405859580565,1.156838238187106,16381.0,2.773984799733574,1.0902582611322094,970.0,0.02564421377551751,-0.06657997705489671,-0.0409357632793792,3.9051788241451626,2003-2005,False
1897,Metta World Peace,1.9463703425294028,-2.4922734128373367,10014.0,1.894964662408819,-2.5590154606548556,1521.0,-0.051405680120583774,-0.06674204781751891,-0.11814772793810269,-0.545903070307934,2003-2005,False
1899,James Posey,-0.15614576416026782,-1.243992477887352,11972.0,-0.18273006365900507,-1.1256197160799586,420.0,-0.02658429949873725,0.11837276180739331,0.09178846230865606,-1.4001382420476198,2003-2005,False
1902,Jeff Foster,0.3762484650426945,-2.5091967332884733,8024.0,0.22523292130897657,-2.43336058683984,1078.0,-0.15101554373371792,0.07583614644863346,-0.07517939728508446,-2.1329482682457788,2003-2005,False
1903,Kenny Thomas,-0.7905611919625863,0.7376563284269659,13012.0,-0.6988146176034267,0.9371013765215123,988.0,0.09174657435915967,0.19944504809454633,0.291191622453706,-0.052904863535620406,2003-2005,False
1904,Devean George,-0.8307404985460425,-1.1918155067063378,7560.0,-0.6002093992308104,-1.2939899389586351,1436.0,0.23053109931523208,-0.10217443225229728,0.1283566670629348,-2.0225560052523806,2003-2005,False
1905,Andrei Kirilenko,3.1172612187961923,-1.47820335355327,12000.0,3.1982776670576043,-1.236696533835959,280.0,0.08101644826141197,0.24150681971731092,0.3225232679787229,1.6390578652429224,2003-2005,False
1908,Jumaine Jones,-0.05640129737250291,1.9500367002983607,8574.0,-0.09853975506609788,2.0455680656377733,53.0,-0.04213845769359498,0.09553136533941253,0.053392907645817556,1.8936354029258577,2003-2005,True
1909,Scott Padgett,-0.45197978181388954,-0.7696505312576705,5324.0,-0.38334431615804193,-0.5019812159858701,320.0,0.0686354656558476,0.2676693152718004,0.336304780927648,-1.22163031307156,2003-2005,False
1913,Michael Ruffin,-1.0264494170433422,-0.3829476740504632,3714.0,-1.0708094319549601,-0.24965437055893075,289.0,-0.044360014911617895,0.13329330349153246,0.08893328857991456,-1.4093970910938054,2003-2005,False
1915,Evan Eschmeyer,-2.464116209161618,-1.3950321242867134,263.0,-2.4565089486206397,-1.4302580262346256,65.0,0.007607260540978267,-0.0352259019479122,-0.02761864140693393,-3.8591483334483314,2003-2005,True
1917,Wang Zhi-zhi,-1.1595687025986536,1.5235935153252138,1183.0,-1.1539290293107103,1.4914950563765326,14.0,0.0056396732879433475,-0.03209845894868124,-0.026458785660737894,0.3640248127265602,2003-2005,True
1919,Laron Profit,-0.8949213670350625,0.1734777264333613,866.0,-0.9064798141683896,0.17694810074748663,12.0,-0.011558447133327099,0.003470374314125335,-0.008088072819201764,-0.7214436406017013,2003-2005,True
1921,Gordan Giricek,-0.10250358287765973,0.9887154733218348,11156.0,-0.17145025432249186,1.0592310541456529,422.0,-0.06894667144483213,0.07051558082381804,0.0015689093789859054,0.8862118904441751,2003-2005,False
1922,Francisco Elson,-2.213983951037482,-1.3438272519393077,3544.0,-2.2295495105459535,-1.436882183703126,123.0,-0.015565559508471605,-0.0930549317638183,-0.1086204912722899,-3.5578112029767897,2003-2005,True
1934,Rodney Buford,-2.31466626046494,1.7915254812040609,2768.0,-2.3402819075925914,1.7513122826153649,61.0,-0.025615647127651187,-0.040213198588695986,-0.06582884571634717,-0.5231407792608793,2003-2005,True
1938,Manu Ginobili,2.6791906175854665,-2.1880828946984927,11147.0,3.000362113832308,-2.2093261203556867,3288.0,0.3211714962468415,-0.021243225657193943,0.29992827058964755,0.4911077228869738,2003-2005,False
1952,Raja Bell,-1.0378623006411074,0.3033863046850329,9421.0,-0.9286022223496764,-0.005951903280828785,621.0,0.10926007829143103,-0.3093382079658617,-0.20007812967443067,-0.7344759959560745,2003-2005,False
2030,Kenyon Martin,-0.30352409467425845,-2.253688672359484,13732.0,-0.1759230621348068,-2.713534801972408,2531.0,0.12760103253945165,-0.45984612961292415,-0.3322450970734725,-2.5572127670337426,2003-2005,False
2031,Stromile Swift,-0.8976564671974764,-0.5072983549067784,8281.0,-0.8418457748523086,-0.3426082655527686,235.0,0.05581069234516778,0.16469008935400986,0.22050078169917764,-1.404954822104255,2003-2005,False
2034,Mike Miller,2.550015248304004,-0.41432026460030613,11975.0,2.4798816738779066,-0.37502282063280623,389.0,-0.07013357442609758,0.0392974439674999,-0.030836130458597677,2.135694983703698,2003-2005,False
2035,DerMarr Johnson,0.33096912611610113,0.0426405474806302,2958.0,0.2676665428695367,0.08624527611629455,178.0,-0.0633025832465644,0.04360472863566435,-0.019697854610900054,0.37360967359673136,2003-2005,True
2036,Chris Mihm,-3.256371887320446,-0.1304052270921674,7734.0,-3.253250318732294,-0.019432173737520722,126.0,0.003121568588152268,0.11097305335464668,0.11409462194279894,-3.3867771144126135,2003-2005,True
2038,Joel Przybilla,-3.0597844374491965,-1.3467272331368922,5193.0,-3.0332280480538953,-1.3753580039624518,63.0,0.02655638939530114,-0.028630770825559537,-0.0020743814302583985,-4.406511670586089,2003-2005,True
2039,Keyon Dooling,-0.737858607303252,1.1618265920774713,6242.0,-0.6528718386587585,1.1947862853566116,479.0,0.0849867686444935,0.03295969327914028,0.11794646192363378,0.42396798477421926,2003-2005,False
2040,Jerome Moiso,-3.023849571531934,-1.2782883366506124,2166.0,-2.9912062784938884,-1.3332544390629684,108.0,0.032643293038045584,-0.054966102412356,-0.022322809374310415,-4.302137908182546,2003-2005,True
2041,Etan Thomas,-2.3001802802080937,0.1472635506065017,6572.0,-2.360442656961433,0.3213317725810909,265.0,-0.06026237675333945,0.1740682219745892,0.11380584522124976,-2.152916729601592,2003-2005,False
2042,Courtney Alexander,-1.436223928188355,1.2435410491241499,2574.0,-1.452560871549853,1.255528759305097,80.0,-0.016336943361497935,0.011987710180947131,-0.0043492331805508044,-0.19268287906420523,2003-2005,True
2045,Hedo Turkoglu,0.5282354565849032,-0.25566350226174883,9741.0,0.47671830303246276,-0.1756485146412342,861.0,-0.051517153552440464,0.08001498762051462,0.028497834068074157,0.2725719543231544,2003-2005,False
2046,Desmond Mason,1.0199001444975648,1.3323769196668929,15665.0,1.1807922234215802,1.3369258798050216,751.0,0.16089207892401536,0.004548960138128777,0.16544103906214414,2.3522770641644577,2003-2005,False
2047,Quentin Richardson,1.4883371499045241,0.788210404164162,12908.0,1.6237544129797683,0.7551187893156367,1123.0,0.13541726307524415,-0.0330916148485253,0.10232564822671886,2.276547554068686,2003-2005,False
2048,Jamaal Magloire,-0.9227877412030268,-0.3136401048714873,11059.0,-0.9405575776713524,-0.27087894219717745,785.0,-0.01776983646832564,0.04276116267430985,0.02499132620598421,-1.236427846074514,2003-2005,False
2049,Speedy Claxton,0.1648718845850304,-1.069709830748453,7562.0,0.05558640339038039,-1.3995885960542427,647.0,-0.10928548119465002,-0.32987876530578975,-0.4391642465004398,-0.9048379461634225,2003-2005,False
2052,DeShawn Stevenson,-1.1762290316871185,3.034164535811648,8192.0,-1.189401857587202,3.129911046433187,77.0,-0.013172825900083618,0.09574651062153894,0.08257368472145532,1.8579355041245296,2003-2005,True
2054,Jake Tsakalidis,-3.558878389891523,-1.2594857404606903,2577.0,-3.565822243760745,-1.2565137588389212,5.0,-0.0069438538692221385,0.0029719816217690376,-0.003971872247453101,-4.818364130352213,2003-2005,True
2058,Mark Madsen,-0.967340191337898,-0.1417602168964957,4961.0,-1.2627803893329956,-0.3390932421535293,764.0,-0.2954401979950977,-0.1973330252570336,-0.4927732232521313,-1.1091004082343936,2003-2005,False
2059,Eduardo Najera,0.2745336294802294,-0.5662542719927125,5819.0,0.23591865184524624,-0.17189764834635185,899.0,-0.03861497763498317,0.39435662364636065,0.3557416460113775,-0.2917206425124831,2003-2005,False
2063,Jake Voskuhl,-2.1637893202277882,-1.3592206971809497,5643.0,-2.314944809351351,-1.3431744478113519,189.0,-0.1511554891235627,0.016046249369597865,-0.13510923975396483,-3.5230100174087378,2003-2005,True
2067,Eddie House,-0.7069434454412822,2.3636720143170447,5876.0,-0.7156658230605226,2.314702594578993,41.0,-0.00872237761924044,-0.04896941973805147,-0.05769179735729191,1.6567285688757625,2003-2005,True
2072,Michael Redd,3.2084764189265957,2.956147823304556,15802.0,3.2813676858370684,3.3184744215089528,601.0,0.07289126691047265,0.3623265982043966,0.43521786511486926,6.164624242231152,2003-2005,False
2073,Brian Cardinal,1.6558195109583376,-0.3724751046592383,5780.0,1.651003390663045,-0.28717453369609003,150.0,-0.0048161202952925475,0.08530057096314825,0.0804844506678557,1.2833444062990993,2003-2005,True
2074,Jabari Smith,-2.5557748754109846,0.5178194493242514,1582.0,-2.564175663348773,0.5331082784907651,25.0,-0.008400787937788312,0.015288829166513751,0.006888041228725439,-2.037955426086733,2003-2005,True
2078,Jason Hart,-1.0414801542103977,0.3039376558954841,4908.0,-1.0234709641178719,0.39064617999585566,114.0,0.018009190092525884,0.08670852410037155,0.10471771419289744,-0.7375424983149137,2003-2005,True
2091,Daniel Santiago,-2.5470273938492034,-0.9932279916952398,1558.0,-2.5467433789195644,-0.9933126212759645,2.0,0.0002840149296390315,-8.46295807247488e-05,0.00019938534891428272,-3.540255385544443,2003-2005,True
2098,Slava Medvedenko,-1.992479727111974,0.744357865280306,4764.0,-2.04242566654799,0.7543698733788382,565.0,-0.049945939436015774,0.010012008098532199,-0.039933931337483575,-1.248121861831668,2003-2005,False
2109,Eddie Gill,-1.2116729866716098,-0.4050689758172594,2129.0,-1.1908106419255864,-0.3742287142509357,80.0,0.020862344746023442,0.030840261566323746,0.05170260631234719,-1.6167419624888693,2003-2005,True
2124,Malik Allen,-3.253563701999487,0.6978816377729606,6418.0,-3.114514585382157,0.7010844614070114,249.0,0.13904911661733,0.0032028236340507776,0.14225194025138077,-2.5556820642265263,2003-2005,False
2198,Kwame Brown,-1.699298643981158,0.21288966493778522,9325.0,-1.7556489639330144,0.27446006470256507,124.0,-0.056350319951856465,0.06157039976477985,0.005220079812923384,-1.4864089790433728,2003-2005,True
2199,Tyson Chandler,-2.0605839973672966,-1.5910978490517778,9378.0,-1.9923682615211245,-1.4726012799784625,359.0,0.06821573584617213,0.1184965690733153,0.18671230491948743,-3.6516818464190743,2003-2005,False
2200,Pau Gasol,2.9843790461029673,0.8881203864944587,13820.0,3.05721040323428,1.0584772065156218,497.0,0.07283135713131283,0.17035682002116315,0.24318817715247598,3.872499432597426,2003-2005,False
2203,Shane Battier,0.900278812412727,-2.124822378907579,13165.0,0.881569435696902,-1.961720006747566,374.0,-0.018709376715824955,0.1631023721600131,0.14439299544418815,-1.224543566494852,2003-2005,False
2206,Rodney White,-2.302903184745415,0.41664254809314943,6338.0,-2.30130435170146,0.45735058800980766,50.0,0.001598833043955139,0.04070803991665822,0.04230687296061336,-1.8862606366522656,2003-2005,True
2207,Joe Johnson,1.7935392184669503,1.1077841763933047,17292.0,1.8673935559313826,0.7784071550151896,1010.0,0.07385433746443226,-0.3293770213781151,-0.2555226839136828,2.9013233948602553,2003-2005,False
2208,Kedrick Brown,-0.35817761079134947,-0.3897690177529407,3211.0,-0.37873266770794917,-0.40541668613692944,22.0,-0.0205550569165997,-0.015647668383988733,-0.036202725300588434,-0.7479466285442902,2003-2005,True
2209,Vladimir Radmanovic,1.9512098019344981,0.018138594800735652,11525.0,1.907817624144601,0.09830322174199618,248.0,-0.043392177789897124,0.08016462694126053,0.03677244915136341,1.9693483967352337,2003-2005,False
2210,Richard Jefferson,0.9997728982829396,0.13191920308484217,13971.0,1.1127953150503782,0.0023499933815766816,2498.0,0.11302241676743863,-0.1295692097032655,-0.016546792935826865,1.1316921013677819,2003-2005,False
2212,Steven Hunter,-2.547382455502561,-0.3097022754083992,4464.0,-2.3245044353808337,-0.2557828915553458,476.0,0.22287802012172708,0.05391938385305339,0.2767974039747805,-2.85708473091096,2003-2005,False
2215,Jason Collins,-1.4268952733307942,-3.6269017995980266,12485.0,-1.3831901797353945,-4.334869477648811,1735.0,0.04370509359539976,-0.707967678050784,-0.6642625844553842,-5.053797072928821,2003-2005,False
2216,Zach Randolph,0.3804920933928763,0.2294357290942758,11070.0,0.47659715482771536,-0.04635062472947571,392.0,0.09610506143483905,-0.2757863538237515,-0.17968129238891245,0.609927822487152,2003-2005,False
2217,Brendan Haywood,-1.253420324930043,-2.630617549933388,9955.0,-1.181671951745627,-2.848611637505591,561.0,0.07174837318441618,-0.21799408757220284,-0.14624571438778666,-3.884037874863431,2003-2005,False
2219,Jeryl Sasser,-1.5025401139501138,0.8916766265547151,1968.0,-1.5320230004421314,0.8778722352994981,47.0,-0.02948288649201758,-0.013804391255217041,-0.04328727774723462,-0.6108634873953986,2003-2005,True
2220,Brandon Armstrong,-1.4952134790916565,1.894173316716842,926.0,-1.4968091028723123,1.8714727277177938,61.0,-0.0015956237806558082,-0.022700588999048144,-0.024296212779703952,0.3989598376251855,2003-2005,True
2222,Gerald Wallace,-0.7196025442530936,-0.87567111739216,5942.0,-0.779777273721129,-0.846632616866793,80.0,-0.06017472946803548,0.02903850052536694,-0.031136228942668542,-1.5952736616452534,2003-2005,True
2223,Samuel Dalembert,-2.3736220662154017,-2.572866744608749,7607.0,-2.3125962040541252,-2.5137220592971024,353.0,0.06102586216127648,0.05914468531164685,0.12017054747292333,-4.946488810824151,2003-2005,False
2224,Jamaal Tinsley,1.7862351241264267,-0.5471937452849909,9385.0,1.7832055714857353,-0.4943373009886519,1573.0,-0.0030295526406913798,0.052856444296338956,0.049826891655647576,1.2390413788414358,2003-2005,False
2225,Tony Parker,3.1763688268590116,-0.15530549400867588,15212.0,3.3467309594693573,0.40365332776648455,3827.0,0.17036213261034572,0.5589588217751604,0.7293209543855061,3.0210633328503356,2003-2005,False
2229,Mike James,0.9902087638371407,-0.262811968020664,10938.0,0.9381948386131482,-0.488372092540888,703.0,-0.05201392522399251,-0.225560124520224,-0.2775740497442165,0.7273967958164768,2003-2005,False
2230,Maurice Evans,-0.5138487640005382,1.0419684490254861,2393.0,-0.44049334385894795,0.9957155201915956,110.0,0.0733554201415903,-0.04625292883389054,0.02710249130769976,0.5281196850249479,2003-2005,True
2239,Trenton Hassell,-1.8541260912646926,-0.28084099059569234,12007.0,-1.7242622320519339,-0.10733381837461134,890.0,0.12986385921275878,0.173507172221081,0.3033710314338398,-2.1349670818603848,2003-2005,False
2240,Gilbert Arenas,3.6048888764624873,1.5085358366703718,16293.0,3.6444457651853575,1.5364837825071975,873.0,0.03955688872287011,0.027947945836825694,0.0675048345596958,5.11342471313286,2003-2005,False
2243,Brian Scalabrine,-1.1013875373760083,-0.07650350915493431,5283.0,-1.1852277039863557,0.05683181382644953,291.0,-0.08384016661034743,0.13333532298138384,0.04949515637103641,-1.1778910465309425,2003-2005,False
2246,Mehmet Okur,-0.4323705718026165,-0.3077421005698253,9735.0,-0.6131688892298468,-0.2105969699095892,1060.0,-0.1807983174272303,0.09714513066023611,-0.08365318676699418,-0.7401126723724418,2003-2005,False
2248,Earl Watson,-0.22069997571970504,-1.788679093206172,9112.0,-0.21532416749686967,-1.6963595250511783,244.0,0.005375808222835371,0.09231956815499376,0.09769537637782913,-2.009379068925877,2003-2005,False
2254,Loren Woods,-3.1143674075571806,-0.5417316652365843,2959.0,-3.096137894213208,-0.5566935661893123,10.0,0.018229513343972492,-0.01496190095272798,0.003267612391244512,-3.656099072793765,2003-2005,True
2306,Carlos Arroyo,0.8450351777262245,1.722955006195007,6932.0,0.8585518949491396,1.659969664959021,343.0,0.013516717222915142,-0.06298534123598598,-0.04946862401307084,2.5679901839212316,2003-2005,False
2365,Chris Andersen,-2.1290714255669467,-1.5010108435199976,6389.0,-2.072589094825696,-1.569450028530867,65.0,0.05648233074125075,-0.06843918501086943,-0.011956854269618677,-3.6300822690869445,2003-2005,True
2366,Mike Wilks,-0.9042013084129737,0.5097565317327853,2040.0,-0.8799313578152843,0.5439757240214554,26.0,0.024269950597689438,0.0342191922886701,0.058489142886359535,-0.3944447766801884,2003-2005,True
2397,Yao,0.37325320607230317,-3.063239464792352,14029.0,0.34069143750072983,-3.103441469510155,753.0,-0.032561768571573335,-0.040202004717802886,-0.07276377328937622,-2.6899862587200487,2003-2005,False
2400,Drew Gooden,-0.8360061102979967,0.5831501455779736,12432.0,-0.8197351504453378,0.6930922588572483,431.0,0.016270959852658806,0.10994211327927472,0.12621307313193353,-0.25285596472002303,2003-2005,False
2403,Nene,-0.3887113479395887,-2.519914847222407,11789.0,-0.49529612333667,-2.4632623417532926,435.0,-0.10658477539708128,0.05665250546911427,-0.04993226992796701,-2.908626195161996,2003-2005,False
2405,Amar'e Stoudemire,1.6053711483295725,0.7713830342323276,14625.0,1.6541746724301407,0.7306173254427161,1577.0,0.04880352410056821,-0.0407657087896115,0.008037815310956709,2.3767541825619,2003-2005,False
2406,Caron Butler,0.02832955495914463,0.5925240795433214,14312.0,-0.004165730639745756,0.425847325816781,927.0,-0.03249528559889039,-0.16667675372654045,-0.19917203932543084,0.620853634502466,2003-2005,False
2407,Jared Jeffries,-1.3037111690366816,-1.0893239887444008,8208.0,-1.186480314491232,-1.0919107580252732,485.0,0.11723085454544968,-0.002586769280872314,0.11464408526457737,-2.3930351577810827,2003-2005,False
2409,Marcus Haislip,-2.370856055702226,0.7163745330731854,1574.0,-2.3362555044079985,0.7353019902673601,51.0,0.034600551294227344,0.018927457194174657,0.053528008488402,-1.6544815226290404,2003-2005,True
2410,Fred Jones,-0.43044930890243116,0.4010696231981072,7158.0,-0.43128945529599616,0.04923654422209339,882.0,-0.000840146393565,-0.3518330789760138,-0.3526732253695788,-0.029379685704323977,2003-2005,False
2411,Bostjan Nachbar,-0.9424930713209044,0.259938749046767,3592.0,-0.911318141199001,0.2699699927410097,78.0,0.03117493012190342,0.010031243694242686,0.04120617381614611,-0.6825543222741375,2003-2005,True
2412,Jiri Welsch,-0.2750577955798075,0.39094224176164805,7336.0,-0.3499368920509208,0.5224611844426926,197.0,-0.07487909647111335,0.13151894268104458,0.05663984620993123,0.11588444618184057,2003-2005,True
2413,Juan Dixon,-0.5665782993797915,2.5558357820873514,6167.0,-0.7435210394976091,2.648626296109992,420.0,-0.17694274011781752,0.09279051402264038,-0.08415222609517714,1.98925748270756,2003-2005,False
2415,Ryan Humphrey,-2.82604554191127,0.050788638619885196,1478.0,-2.825311200492303,0.051796720761599135,9.0,0.0007343414189673325,0.0010080821417139396,0.0017424235606812721,-2.775256903291385,2003-2005,True
2416,Kareem Rush,-0.8579637231990068,2.2034655945673114,5920.0,-0.8180442295441389,2.1818334108296766,708.0,0.03991949365486791,-0.021632183737634758,0.018287309917233152,1.3455018713683047,2003-2005,False
2417,Qyntel Woods,-1.3229982902790722,0.9853259330817123,1969.0,-1.3168127162023673,1.0365973920430565,34.0,0.006185574076704947,0.05127145896134411,0.057457033038049055,-0.3376723571973599,2003-2005,True
2418,Casey Jacobsen,-1.2808656542600119,0.2811859950173634,9231.0,-1.2485903043319035,0.31347565205153716,82.0,0.03227534992810832,0.03228965703417375,0.06456500696228207,-0.9996796592426485,2003-2005,True
2419,Tayshaun Prince,-0.07451739234010835,-0.9280859978829654,11349.0,0.18021389364097018,-1.2282569396119034,3954.0,0.2547312859810785,-0.300170941728938,-0.045439655747859464,-1.0026033902230738,2003-2005,False
2420,Nenad Krstic,-0.8679422836620739,-0.933004396345821,3667.0,-0.9554975234868477,-0.9171232533714672,292.0,-0.08755523982477376,0.015881142974353835,-0.07167409685041992,-1.800946680007895,2003-2005,False
2421,Frank Williams,-0.850435157272852,0.5986936032740823,1759.0,-0.8020821087787512,0.7213416790596601,134.0,0.048353048494100825,0.12264807578557779,0.17100112427967862,-0.25174155399876974,2003-2005,True
2422,John Salmons,-1.2099321414753934,-0.021693710300593028,5906.0,-1.1802440403400585,0.003964678273134917,42.0,0.029688101135334932,0.025658388573727944,0.05534648970906288,-1.2316258517759864,2003-2005,True
2429,Dan Gadzuric,-1.030215906643541,-1.5684658385958627,7238.0,-1.0284536298634592,-1.5508238024738763,19.0,0.001762276780081784,0.01764203612198645,0.019404312902068233,-2.5986817452394035,2003-2005,True
2436,Flip Murray,-0.6672868195969559,2.100312172634601,5626.0,-0.6343934476531673,2.0637113600496133,118.0,0.03289337194378861,-0.03660081258498771,-0.0037074406411991,1.433025353037645,2003-2005,True
2443,Darius Songaila,0.9989982598963366,0.1840775858497637,5084.0,0.9779698239309413,0.06337364983844769,313.0,-0.021028435965395276,-0.120703936011316,-0.1417323719767113,1.1830758457461004,2003-2005,False
2446,Rasual Butler,-1.559683109410152,0.44330886860106744,6365.0,-1.5364420967844823,0.47882512122361465,433.0,0.023241012625669688,0.035516252622547206,0.058757265248216894,-1.1163742408090847,2003-2005,False
2447,Tamar Slay,-0.9396994804489356,0.6994871770097617,979.0,-0.9888852016267347,0.7049751181204553,44.0,-0.04918572117779907,0.005487941110693617,-0.04369778006710545,-0.24021230343917388,2003-2005,True
2452,J.R. Bremer,0.4101504252516226,1.3518286507075523,3673.0,0.32011179565248854,1.3550578338340902,282.0,-0.09003862959913406,0.00322918312653786,-0.0868094464725962,1.761979075959175,2003-2005,False
2457,Jannero Pargo,-0.5617630434351111,2.0904164484939862,2533.0,-0.5130832614876261,2.119376175354875,423.0,0.04867978194748501,0.028959726860888768,0.07763950880837378,1.5286534050588751,2003-2005,False
2466,Maurice Carter,-1.4386260777734663,1.1074321564997496,208.0,-1.4483583192484941,1.122636211016929,4.0,-0.009732241475027825,0.015204054517179433,0.005471813042151608,-0.3311939212737167,2003-2005,True
2469,Pat Burke,-3.5898395226833966,0.5319281133307023,1545.0,-3.6350727187138707,0.5991248359219457,75.0,-0.045233196030474154,0.06719672259124332,0.021963526560769164,-3.0579114093526942,2003-2005,True
2484,Devin Brown,-0.7061641764399733,0.8177893538048336,3756.0,-0.7800053034546445,1.0502174044044246,363.0,-0.07384112701467116,0.23242805059959093,0.15858692358491977,0.11162517736486033,2003-2005,False
2501,Reggie Evans,-0.851059493916247,-0.8214881511109532,8283.0,-0.7974808737795325,-0.8177695388300382,375.0,0.05357862013671455,0.003718612280914968,0.05729723241762952,-1.6725476450272003,2003-2005,False
2545,Darko Milicic,-2.9479715049720814,-0.8197926549890835,779.0,-2.9560231479970205,-0.7397078062293867,75.0,-0.008051643024939104,0.08008484875969679,0.07203320573475769,-3.767764159961165,2003-2005,True
2546,Carmelo Anthony,2.599605435386881,0.7953325360633562,11051.0,2.536271266689196,0.8011748834528033,616.0,-0.06333416869768538,0.005842347389447111,-0.05749182130823827,3.3949379714502372,2003-2005,False
2548,Dwyane Wade,3.1832259138727133,-0.1126903810101737,9680.0,3.37096531788646,-0.2868648444594002,1996.0,0.18773940401374656,-0.1741744634492265,0.013564940564520067,3.0705355328625394,2003-2005,False
2550,Kirk Hinrich,0.28743009180552015,-0.8405033867009699,10583.0,0.2541029115320792,-0.6891154302688062,430.0,-0.03332718027344095,0.15138795643216374,0.11806077615872279,-0.5530732948954498,2003-2005,False
2552,Michael Sweetney,-0.23582290183171317,0.4851071423203236,3766.0,-0.19754968691474278,0.6063665272724141,100.0,0.03827321491697039,0.12125938495209054,0.15953259986906093,0.24928424048861042,2003-2005,True
2555,Nick Collison,-1.0150174880954208,-0.7590922845773865,2584.0,-1.0189086025370035,-0.7392123505839219,407.0,-0.0038911144415827437,0.01987993399346466,0.015988819551881917,-1.7741097726728072,2003-2005,False
2556,Marcus Banks,-0.3738580778238348,-0.40052914897622,4995.0,-0.48281448658413767,-0.49901730131598765,309.0,-0.10895640876030288,-0.09848815233976765,-0.20744456110007053,-0.7743872268000548,2003-2005,False
2557,Luke Ridnour,0.2976775235471866,1.3674538979509205,6854.0,0.34901642906171104,1.4055909161381541,689.0,0.05133890551452447,0.038137018187233584,0.08947592370175805,1.6651314214981072,2003-2005,False
2561,David West,-2.4719281503629897,-0.22668131444550205,2749.0,-2.5283683491295417,-0.20435595073706284,201.0,-0.05644019876655193,0.02232536370843921,-0.03411483505811272,-2.698609464808492,2003-2005,False
2563,Dahntay Jones,-1.3703727973560849,0.5739782121036157,1498.0,-1.3132152280888156,0.7041035434753702,132.0,0.057157569267269226,0.13012533137175453,0.18728290063902375,-0.7963945852524692,2003-2005,True
2565,Zoran Planinic,-1.007366953154298,0.7921873897346928,1812.0,-1.0387571903828836,0.810696240769853,35.0,-0.03139023722858569,0.0185088510351602,-0.012881386193425493,-0.2151795634196051,2003-2005,True
2567,Brian Cook,-0.13283365563286043,-0.11748137623064503,2949.0,-0.12135315777854885,-0.0889702935148795,81.0,0.011480497854311572,0.028511082715765523,0.039991580570077095,-0.25031503186350545,2003-2005,True
2570,Kendrick Perkins,-1.985093192090295,-0.6508570514606119,1116.0,-2.0218435414624567,-0.6235102181254576,49.0,-0.036750349372161706,0.027346833335154308,-0.009403516037007398,-2.635950243550907,2003-2005,True
2571,Leandro Barbosa,0.6777521510651645,0.3998656943581458,5151.0,0.6299552390486353,0.483077123201351,233.0,-0.04779691201652925,0.0832114288432052,0.03541451682667596,1.0776178454233103,2003-2005,False
2572,Josh Howard,1.3706336855796626,-0.31095160356803686,7876.0,1.314294470296911,-0.5536381820379973,1020.0,-0.05633921528275154,-0.24268657846996045,-0.299025793752712,1.0596820820116257,2003-2005,False
2575,Luke Walton,-0.4737425684359876,0.36131657976427195,2857.0,-0.4558932217378724,0.3685469879709795,267.0,0.01784934669811522,0.0072304082067075615,0.025079754904822782,-0.11242598867171566,2003-2005,False
2581,Steve Blake,-0.6150104347049519,1.3834828995784585,3973.0,-0.6332434105649107,1.3188087922861425,33.0,-0.018232975859958866,-0.06467410729231604,-0.08290708315227491,0.7684724648735066,2003-2005,True
2584,Willie Green,-1.5574412439974734,1.2533739348031114,3588.0,-1.5193694384090246,1.2593896652290617,117.0,0.038071805588448804,0.006015730425950272,0.044087536014399076,-0.304067309194362,2003-2005,True
2592,James Jones,-0.3702246002274719,0.10912666494475776,2495.0,-0.4600303779950664,0.08625524150268948,380.0,-0.08980577776759452,-0.022871423442068273,-0.11267720120966279,-0.26109793528271413,2003-2005,False
2594,Kyle Korver,0.014472597375738028,-0.18463206388562872,7041.0,0.06903198041856788,-0.08857915450441507,279.0,0.054559383042829854,0.09605290938121365,0.1506122924240435,-0.1701594665098907,2003-2005,False
2599,Brandon Hunter,-2.138913988699787,0.7382234009921067,1259.0,-2.151055527469835,0.7863766668801143,19.0,-0.012141538770047866,0.04815326588800761,0.036011727117959746,-1.4006905877076803,2003-2005,True
2605,Marquis Daniels,8.056865222173804e-05,1.2713114044645075,4806.0,-0.03618163780259775,1.1166997374557859,716.0,-0.036262206454819486,-0.15461166700872164,-0.19087387346354112,1.2713919731167294,2003-2005,False
2617,Udonis Haslem,0.11916413200289855,-0.09938633626715945,8401.0,0.11295874954840662,-0.21714762509074798,1357.0,-0.006205382454491926,-0.11776128882358852,-0.12396667127808045,0.019777795735739095,2003-2005,False
2648,Ronald Dupree,-1.6296721049141143,0.9980541391984616,2656.0,-1.6361517980068907,1.0175155815338046,69.0,-0.006479693092776406,0.01946144233534297,0.012981749242566565,-0.6316179657156527,2003-2005,True
2668,Josh Davis,-1.1953707353537693,0.3614256810928711,703.0,-1.1871555801303564,0.3508506936100674,11.0,0.008215155223412873,-0.010574987482803722,-0.0023598322593908483,-0.8339450542608982,2003-2005,True
2732,Ben Gordon,1.055562886218504,0.9543846170772922,3953.0,1.136758870007034,1.072577206257939,306.0,0.08119598378852988,0.1181925891806469,0.19938857296917678,2.009947503295796,2003-2005,False
2734,Devin Harris,0.5864842446141432,0.12832319449735446,2369.0,0.582088040405938,0.1160384031812285,156.0,-0.00439620420820519,-0.012284791316125962,-0.016680995524331152,0.7148074391114976,2003-2005,True
2738,Andre Iguodala,1.1096604482497356,-1.6068631754603693,5353.0,1.2052795237774439,-1.6186406805823024,352.0,0.09561907552770821,-0.011777505121933096,0.08384157040577511,-0.49720272721063363,2003-2005,False
2744,Al Jefferson,-1.1514018554551775,0.2118844642463577,2044.0,-1.162826599996585,0.05308138963029979,240.0,-0.011424744541407517,-0.15880307461605792,-0.17022781915746543,-0.9395173912088197,2003-2005,False
2753,Delonte West,0.1841956505266687,-0.07718556248858541,998.0,0.10193265305105871,-0.1670907359500948,207.0,-0.08226299747560999,-0.08990517346150939,-0.1721681709371194,0.10701008803808329,2003-2005,False
2754,Tony Allen,-0.13252948871870562,-0.9256069478245814,2504.0,-0.1374482156550775,-0.9496948897387664,162.0,-0.004918726936371881,-0.02408794191418495,-0.029006668850556833,-1.058136436543287,2003-2005,True
2757,Beno Udrih,2.0228694377399514,0.3390442418791382,2134.0,1.841568799680009,0.31318908095526204,446.0,-0.18130063805994245,-0.02585516092387613,-0.20715579898381858,2.3619136796190894,2003-2005,False
2766,Antonio Burks,-1.1019895255045535,0.5452572050436822,397.0,-1.0951116770721168,0.5570923859322161,5.0,0.006877848432436773,0.011835180888533858,0.01871302932097063,-0.5567323204608713,2003-2005,True
2768,Chris Duhon,0.4172265594903735,-1.2997488021964456,4175.0,0.34493337477903985,-1.140397403101471,324.0,-0.07229318471133367,0.15935139909497464,0.08705821438364097,-0.8825222427060722,2003-2005,False
2770,Justin Reed,-0.1372825707905764,0.6784592360093582,232.0,-0.15374442839810218,0.7226069973497103,36.0,-0.016461857607525776,0.04414776134035214,0.027685903732826367,0.5411766652187818,2003-2005,True
2804,Andres Nocioni,-1.596242993703633,0.8858070923099552,3700.0,-1.626164233092395,0.8948445410917142,392.0,-0.02992123938876201,0.009037448781758939,-0.020883790607003072,-0.7104359013936778,2003-2005,False
2863,Damien Wilkins,-0.5336964574704158,0.5344347950069576,954.0,-0.4773646343924243,0.5110923530887853,255.0,0.056331823077991505,-0.023342441918172252,0.03298938115981925,0.0007383375365417333,2003-2005,False
2873,Billy Thomas,-0.2740357941360291,0.926102601478202,676.0,-0.2768309475142778,0.9360172801845531,2.0,-0.002795153378248705,0.009914678706351099,0.007119525328102394,0.6520668073421729,2003-2005,True
2876,Jared Reiner,-2.9634081241194217,-0.3026922135862138,273.0,-2.98369170015119,-0.28395345097681685,16.0,-0.020283576031768114,0.01873876260939694,-0.0015448134223711718,-3.2661003377056357,2003-2005,True
15,Eric Piatkowski,-0.7276923205602046,0.8468174384230552,828.0,-0.7710154726130848,0.9113511153556372,71.0,-0.043323152052880176,0.06453367693258194,0.021210524879701764,0.11912511786285063,2006-2008,True
56,Gary Payton,-1.055474881071801,-0.2761411733868442,7220.0,-1.1755034979732013,-0.5129476003875646,1112.0,-0.12002861690140021,-0.2368064270007204,-0.3568350439021206,-1.3316160544586453,2006-2008,False
87,Dikembe Mutombo,-1.9100049636137995,-2.989822849530266,5189.0,-1.83808216863788,-2.9716545648459647,286.0,0.07192279497591936,0.018168284684301206,0.09009107966022056,-4.899827813144065,2006-2008,False
89,Nick Van Exel,-1.0211269202489421,0.6016825481116441,1800.0,-1.038253088069173,0.5895421691792379,238.0,-0.017126167820230798,-0.01214037893240627,-0.029266546752637068,-0.419444372137298,2006-2008,False
109,Robert Horry,-0.99807863859185,-1.9725286970458358,5412.0,-1.1123875006250066,-2.0153336616337145,1403.0,-0.1143088620331566,-0.04280496458787875,-0.15711382662103535,-2.970607335637686,2006-2008,False
136,P.J. Brown,-2.3237539944027503,-2.2925686473507714,7622.0,-2.372909880289059,-2.111718765483192,1009.0,-0.04915588588630859,0.18084988186757922,0.13169399598127063,-4.616322641753522,2006-2008,False
147,Jalen Rose,-0.9895064799904163,1.6118272999144463,4273.0,-0.9723004309594352,1.6518887227564314,15.0,0.017206049030981108,0.040061422841985106,0.057267471872966214,0.62232081992403,2006-2008,True
185,Chris Webber,-0.7489581599593992,0.3675264079229622,9230.0,-0.7065158966463683,0.514624793059486,708.0,0.042442263313030915,0.14709838513652385,0.18954064844955476,-0.381431752036437,2006-2008,False
208,Sam Cassell,1.065109753012246,1.0956471519135034,10279.0,1.1615468329487688,1.0934558886815602,1259.0,0.09643707993652284,-0.0021912632319431857,0.09424581670457965,2.1607569049257496,2006-2008,False
224,Eddie Jones,-0.008190190132446706,-1.8611655833267577,9105.0,-0.08987607221446327,-1.5671800067865744,380.0,-0.08168588208201656,0.2939855765401833,0.21229969445816677,-1.8693557734592043,2006-2008,False
239,Darrick Martin,0.7892420794698072,0.8110490793851675,1372.0,0.7887618221884624,0.7869577074873063,17.0,-0.00048025728134482026,-0.024091371897861147,-0.024571629179205967,1.6002911588549746,2006-2008,True
243,Aaron McKie,-1.6206870637227166,-0.031909394564938104,479.0,-1.6154618204842293,0.023664561487169215,12.0,0.005225243238487387,0.05557395605210732,0.060799199290594706,-1.6525964582876547,2006-2008,True
255,Grant Hill,0.09126772421542406,-0.8734330964804058,9429.0,0.11147198640266147,-0.9636745309767815,394.0,0.020204262187237407,-0.09024143449637567,-0.07003717230913827,-0.7821653722649817,2006-2008,False
258,Brian Grant,-2.617248154558046,-0.15932550969599726,488.0,-2.6528162794795795,-0.11251426859297767,26.0,-0.035568124921533606,0.046811241103019596,0.01124311618148599,-2.7765736642540433,2006-2008,True
283,Lindsey Hunter,-0.12199213267678166,-0.03925024987377118,2439.0,-0.2404704157871474,0.011695027444941601,854.0,-0.11847828311036573,0.05094527731871278,-0.06753300579165294,-0.16124238255055284,2006-2008,False
297,Alonzo Mourning,-0.7720155067322438,-3.0438936154904184,6219.0,-0.5877263690213981,-2.9803584272440404,521.0,0.18428913771084576,0.06353518824637794,0.2478243259572237,-3.815909122222662,2006-2008,False
353,Darrell Armstrong,0.005577660570120879,0.43716931733693387,4815.0,-0.03955651198578394,0.45219833618522515,93.0,-0.04513417255590482,0.015029018848291276,-0.030105153707613547,0.44274697790705475,2006-2008,True
361,Clifford Robinson,-1.936796412674693,-0.37027553243249867,5399.0,-1.9565624453390584,-0.22157036124474788,397.0,-0.019766032664365385,0.14870517118775078,0.1289391385233854,-2.3070719451071917,2006-2008,False
389,Toni Kukoc,0.6659568138799207,0.1302711692227423,1987.0,0.7034662229699158,0.1803836379324523,96.0,0.037509409089995116,0.050112468709710006,0.08762187779970512,0.796227983102663,2006-2008,True
406,Shaquille O'Neal,1.4092995322604174,-2.378449606497067,8836.0,1.317580577060358,-2.8158818230255984,1927.0,-0.09171895520005946,-0.43743221652853137,-0.5291511717285908,-0.9691500742366497,2006-2008,False
436,Juwan Howard,-2.5197260344215833,1.2214550037197998,9327.0,-2.5218327956031583,1.263363259427204,295.0,-0.0021067611815750453,0.041908255707404196,0.03980149452582915,-1.2982710307017835,2006-2008,False
441,Lamond Murray,-1.2036734397913942,0.6622552544787449,1084.0,-1.139286667760717,0.6541480088560055,363.0,0.06438677203067722,-0.008107245622739345,0.056279526407937874,-0.5414181853126493,2006-2008,False
467,Jason Kidd,2.0578975575712954,-1.1032626168802329,16912.0,2.1937328794574147,-1.361731945449816,2071.0,0.13583532188611924,-0.25846932856958316,-0.12263400668346391,0.9546349406910626,2006-2008,False
673,Alan Henderson,-1.497789100709428,-0.25980927806769183,1813.0,-1.504377752258023,-0.2795898566791983,18.0,-0.006588651548595115,-0.01978057861150645,-0.026369230160101564,-1.7575983787771197,2006-2008,True
686,Antonio McDyess,-0.195201130887797,-0.8052795968915232,10452.0,-0.36636815020210456,-0.7433435544095987,2109.0,-0.17116701931430756,0.061936042481924525,-0.10923097683238303,-1.0004807277793202,2006-2008,False
689,Theo Ratliff,-3.246343077446912,-1.9783073495944739,3261.0,-3.2168213569986945,-1.862091236586882,238.0,0.029521720448217437,0.11621611300759183,0.14573783345580926,-5.224650427041386,2006-2008,False
693,Joe Smith,-1.5965829820220128,0.0018117792092263163,7912.0,-1.4944277653545406,0.08593788307799462,683.0,0.10215521666747218,0.0841261038687683,0.18628132053624047,-1.5947712028127865,2006-2008,False
699,Brent Barry,1.6595254581833387,-0.024524530873221366,6550.0,1.5738700919767723,0.4157898623178907,1426.0,-0.08565536620656644,0.4403143931911121,0.35465902698454566,1.6350009273101174,2006-2008,False
703,Kurt Thomas,-2.141125070429895,-2.9619190025418565,8182.0,-2.2685509301635762,-3.2178454822350955,903.0,-0.12742585973368126,-0.255926479693239,-0.38335233942692026,-5.103044072971752,2006-2008,False
708,Kevin Garnett,2.7444046208461996,-4.707602368447015,15559.0,2.858204161666759,-4.893341370323953,1774.0,0.11379954082055921,-0.18573900187693848,-0.07193946105637927,-1.9631977476008151,2006-2008,False
711,Jerry Stackhouse,-0.06653728795739404,1.883022932435474,8731.0,-0.14267197377993,1.9888265840628112,1870.0,-0.07613468582253595,0.10580365162733729,0.029668965804801342,1.81648564447808,2006-2008,False
714,Michael Finley,-0.23063765246981055,0.6180713960360127,11268.0,0.005354593753901626,0.9468853346385513,2505.0,0.23599224622371218,0.3288139386025386,0.5648061848262508,0.38743374356620214,2006-2008,False
722,Corliss Williamson,-1.5331238979333732,-0.23816136436482516,3312.0,-1.5506228538395777,-0.21522917708534567,23.0,-0.017498955906204428,0.022932187279479488,0.00543323137327506,-1.7712852622981985,2006-2008,True
727,Eric Snow,-2.3429496304053146,-1.3805819360949458,8571.0,-2.5905791742927686,-1.6427212549544266,1177.0,-0.24762954388745406,-0.2621393188594807,-0.5097688627469348,-3.7235315665002604,2006-2008,False
739,Rasheed Wallace,0.2894164640120436,-3.4298829404778868,13617.0,0.31712094775828803,-3.3041918268504276,3149.0,0.027704483746244457,0.12569111362745922,0.15339559737370367,-3.140466476465843,2006-2008,False
754,Jim Jackson,-2.0032984387741632,0.5422729457842074,1028.0,-1.9874225125247407,0.5257205234615134,39.0,0.01587592624942258,-0.016552422322693938,-0.0006764960732713599,-1.4610254929899558,2006-2008,True
757,Damon Stoudamire,-0.6579504181589234,0.6164647468301145,6470.0,-0.7218330836975646,0.6206255490856445,61.0,-0.06388266553864119,0.0041608022555299495,-0.05972186328311124,-0.04148567132880887,2006-2008,True
905,Dale Davis,-1.768656159834292,-1.6726556865226438,1188.0,-1.8232693964160316,-1.6668396791736455,167.0,-0.054613236581739555,0.005816007348998342,-0.04879722923274121,-3.441311846356936,2006-2008,True
911,Ervin Johnson,-2.765672255149889,-0.646233970673658,151.0,-2.7813564061774345,-0.620721704969813,27.0,-0.01568415102754539,0.025512265703844905,0.009828114676299515,-3.411906225823547,2006-2008,True
923,Donyell Marshall,-1.0476958380435575,0.6899697942743797,7321.0,-0.9384033224461505,0.4296727817979235,1001.0,0.10929251559740694,-0.26029701247645615,-0.1510044968790492,-0.3577260437691778,2006-2008,False
947,Allen Iverson,2.5367133932955612,0.7849408441868486,18838.0,2.4794921121338507,0.8258455239752194,740.0,-0.05722128116171055,0.04090467978837076,-0.01631660137333979,3.32165423748241,2006-2008,False
948,Marcus Camby,-0.6353504662782737,-3.2587218009845835,14383.0,-0.7796283437496627,-3.2543974055276594,927.0,-0.14427787747138898,0.0043243954569240906,-0.1399534820144649,-3.894072267262857,2006-2008,False
949,Shareef Abdur-Rahim,-0.9869100460859911,0.1654689489190033,7805.0,-0.8688858635106842,0.21270969787167915,224.0,0.11802418257530689,0.047240748952675854,0.16526493152798274,-0.8214410971669878,2006-2008,False
951,Ray Allen,4.243605148586273,1.6203096442107858,15017.0,4.207771018351671,1.4149326252630299,1783.0,-0.03583413023460125,-0.20537701894775595,-0.2412111491823572,5.8639147927970585,2006-2008,False
952,Antoine Walker,-0.7955732062789613,0.10360663342765608,9397.0,-0.7291028804773699,-0.3478704241876038,1823.0,0.0664703258015914,-0.45147705761525986,-0.38500673181366846,-0.6919665728513053,2006-2008,False
953,Lorenzen Wright,-2.849026870049947,-2.641011876145731,5180.0,-2.926983208008056,-2.6039142590030835,146.0,-0.07795633795810897,0.037097617142647366,-0.0408587208154616,-5.490038746195678,2006-2008,True
956,Erick Dampier,-1.7609297759070077,-2.7521668262125596,10312.0,-1.7847242119073,-2.591157284501712,1095.0,-0.023794436000292185,0.1610095417108477,0.1372151057105555,-4.5130966021195675,2006-2008,False
958,Vitaly Potapenko,-3.7577365767408106,0.41068017430070114,670.0,-3.788027555625463,0.42122444742428206,20.0,-0.030290978884652375,0.010544273123580916,-0.01974670576107146,-3.3470564024401095,2006-2008,True
959,Steve Nash,6.432516383523891,0.8338782538363794,16599.0,6.5799036234247525,0.8400303804268469,2700.0,0.1473872399008611,0.006152126590467488,0.1535393664913286,7.266394637360271,2006-2008,False
960,Tony Delk,0.09641794604905272,1.333231957981361,720.0,0.06792702370974465,1.4019384667595438,254.0,-0.02849092233930807,0.06870650877818285,0.04021558643887478,1.4296499040304136,2006-2008,False
962,Walter McCarty,-1.4915171140248975,-0.18338275584193542,683.0,-1.4786689033446565,-0.2119953004141153,26.0,0.012848210680241001,-0.028612544572179877,-0.015764333891938875,-1.674899869866833,2006-2008,True
965,Derek Fisher,0.4335222255680642,-1.204901293358541,14019.0,0.6673575327330485,-1.4359582852448867,2155.0,0.23383530716498435,-0.23105699188634565,0.002778315278638699,-0.7713790677904768,2006-2008,False
970,Othella Harrington,-2.9164775973958896,-0.8508096828734768,2321.0,-2.898770525522367,-0.8856592093980777,26.0,0.01770707187352283,-0.03484952652460094,-0.01714245465107811,-3.7672872802693664,2006-2008,True
977,Kobe Bryant,5.822066072091481,1.023739466519511,18941.0,5.720027277529081,0.7946194889406215,2714.0,-0.10203879456240017,-0.22911997757888947,-0.33115877214128964,6.845805538610992,2006-2008,False
978,Peja Stojakovic,2.1073181934363188,1.0961298623221767,10922.0,2.3219249864671907,1.0843009311689868,923.0,0.21460679303087193,-0.011828931153189837,0.2027778618776821,3.2034480557584954,2006-2008,False
979,Jermaine O'Neal,-1.5463739833042887,-2.797897606023823,10472.0,-1.3941996753463655,-2.6031214281698767,385.0,0.1521743079579232,0.1947761778539463,0.3469504858118695,-4.344271589328112,2006-2008,False
980,Zydrunas Ilgauskas,-1.297067969605157,-2.6541343143757405,12240.0,-1.5394872207451114,-2.7016511184761085,2436.0,-0.24241925113995433,-0.04751680410036796,-0.2899360552403223,-3.951202283980898,2006-2008,False
1000,Shandon Anderson,-1.1228530331195143,0.04496119752353531,1199.0,-1.1038907266745754,-0.060843157976686796,180.0,0.018962306444938903,-0.1058043555002221,-0.0868420490552832,-1.077891835595979,2006-2008,True
1088,Chucky Atkins,0.5383627873703503,2.444384462074534,8030.0,0.5044984123519488,2.5191386008068744,184.0,-0.03386437501840145,0.07475413873234027,0.04088976371393882,2.982747249444884,2006-2008,True
1112,Ben Wallace,-1.6543889318788563,-3.0209980529733027,14624.0,-1.5271833457237733,-3.305137913608383,2364.0,0.12720558615508293,-0.28413986063508023,-0.1569342744799973,-4.6753869848521585,2006-2008,False
1442,Zeljko Rebraca,-2.8210945579500426,-0.6954739429992298,803.0,-2.86634718452295,-0.7483135460776508,46.0,-0.045252626572907406,-0.05283960307842095,-0.09809222965132836,-3.5165685009492726,2006-2008,True
1477,Bruce Bowen,-0.05059156808390963,-2.1588736292914215,14126.0,-0.09654957584285054,-2.2657864815131816,3027.0,-0.045958007758940905,-0.10691285222176017,-0.15287085998070107,-2.209465197375331,2006-2008,False
1495,Tim Duncan,1.5378107172164444,-4.311919816979133,14963.0,1.7705334323302204,-4.0735868707499705,3498.0,0.23272271511377607,0.23833294622916235,0.4710556613429384,-2.7741090997626885,2006-2008,False
1496,Keith Van Horn,-1.082456336020268,1.289496524640997,2067.0,-1.2660164485777732,1.4771821207088676,331.0,-0.18356011255750526,0.1876855960678705,0.004125483510365235,0.20704018862072915,2006-2008,False
1497,Chauncey Billups,4.966029344045987,0.9233759884758139,14506.0,4.986097594257932,1.0628669019063155,3268.0,0.020068250211944694,0.13949091343050157,0.15955916364244627,5.889405332521801,2006-2008,False
1498,Antonio Daniels,1.2871300684616414,1.091530093544476,11900.0,1.4196903512249635,1.2591616452218692,1012.0,0.1325602827633221,0.1676315516773932,0.3001918344407153,2.3786601620061174,2006-2008,False
1499,Tony Battie,-3.2049997265826127,-1.2442361227685608,6885.0,-3.1690026122327475,-1.2406393598958305,150.0,0.03599711434986519,0.0035967628727302525,0.03959387722259544,-4.449235849351173,2006-2008,True
1501,Tim Thomas,-0.27832778138025205,0.6757550975827766,9021.0,-0.1124563364245704,0.7173074428076037,1216.0,0.16587144495568165,0.04155234522482709,0.20742379018050874,0.3974273162025246,2006-2008,False
1502,Adonal Foyle,-3.9507265052025384,-2.465846312038152,5946.0,-3.957977700813279,-2.425201991222113,31.0,-0.007251195610740613,0.04064432081603897,0.03339312520529836,-6.416572817240691,2006-2008,True
1503,Tracy McGrady,3.3257388338205063,-0.23255955779645499,12711.0,3.1603824720465195,0.06618511222147361,966.0,-0.16535636177398683,0.2987446700179286,0.13338830824394177,3.0931792760240513,2006-2008,False
1506,Austin Croshere,-0.5248741465951074,-0.2530874030136519,4503.0,-0.48663217688941185,0.007050562283346107,383.0,0.0382419697056956,0.260137965296998,0.2983799350026936,-0.7779615496087593,2006-2008,False
1507,Derek Anderson,-0.01855512903087091,0.21235752615850806,4949.0,-0.08444520247601638,0.23047975141366134,124.0,-0.06589007344514547,0.01812222525515328,-0.04776784818999219,0.19380239712763714,2006-2008,True
1509,Kelvin Cato,-3.85573056614461,-1.1926131151929824,811.0,-3.8448372313982397,-1.2038033376834119,34.0,0.010893334746370442,-0.011190222490429447,-0.00029688774405900453,-5.048343681337593,2006-2008,True
1513,Scot Pollard,-1.2132464620353784,-2.151594661177498,1942.0,-1.2192479632521098,-2.119868142468621,31.0,-0.006001501216731375,0.03172651870887666,0.025725017492145286,-3.3648411232128765,2006-2008,True
1515,Anthony Parker,2.185221350344531,-0.8674294999780886,9691.0,2.0228028236284183,-0.5653785428830223,824.0,-0.16241852671611268,0.30205095709506635,0.13963243037895368,1.3177918503664423,2006-2008,False
1517,Bobby Jackson,0.9239730315842978,-1.1819452868897704,8363.0,0.7667222735921246,-1.1531236610582214,424.0,-0.15725075799217314,0.028821625831549014,-0.12842913216062413,-0.25797225530547263,2006-2008,False
1519,John Thomas,-3.3295532040245033,-0.1280082717868468,228.0,-3.322874286981471,-0.17185101025866528,107.0,0.00667891704303214,-0.04384273847181849,-0.03716382142878635,-3.45756147581135,2006-2008,True
1521,Jacque Vaughn,-2.3284703202279666,-0.23452946448111966,5847.0,-2.3119102318195446,-0.23479071047910058,855.0,0.016560088408422047,-0.0002612459979809134,0.016298842410441133,-2.562999784709086,2006-2008,False
1533,Anthony Johnson,-1.0623108443057716,0.19536691174891974,9139.0,-0.9602564660776735,0.2946025879929619,439.0,0.10205437822809815,0.09923567624404217,0.20129005447214032,-0.8669439325568519,2006-2008,False
1536,Stephen Jackson,1.2590215642315887,-0.3583867305312643,16385.0,1.4227172502841088,-0.42628207343869695,1326.0,0.16369568605252005,-0.06789534290743265,0.0958003431450874,0.9006348337003245,2006-2008,False
1559,Adrian Griffin,-0.674186008361152,-1.4885694145923574,4018.0,-0.659903300978754,-1.531656264941554,678.0,0.014282707382397897,-0.04308685034919657,-0.028804142966798674,-2.1627554229535093,2006-2008,False
1563,Kevin Ollie,-1.966448724081094,0.7827033117781148,4334.0,-1.9897992593166343,0.754878551520855,37.0,-0.023350535235540315,-0.027824760257259773,-0.05117529549280009,-1.1837454123029791,2006-2008,True
1630,Mikki Moore,0.01211376179123791,0.14253855831648665,9733.0,0.08487373731148493,-0.3634178905786106,733.0,0.07275997552024702,-0.5059564488950973,-0.43319647337485023,0.15465232010772456,2006-2008,False
1710,Mike Bibby,1.4243555748398238,1.2946025837613986,14879.0,1.5711579134701805,1.420981435927397,923.0,0.14680233863035674,0.1263788521659983,0.27318119079635506,2.7189581586012226,2006-2008,False
1712,Antawn Jamison,2.211454676222961,0.364740472006277,17453.0,2.2365182151051823,0.5824857037309507,1230.0,0.025063538882221348,0.21774523172467364,0.24280877060689499,2.576195148229238,2006-2008,False
1713,Vince Carter,2.509567281222437,-0.7709080829252394,17205.0,2.708262565505326,-1.0306881970554589,1741.0,0.19869528428288907,-0.2597801141302195,-0.061084829847330435,1.7386591982971975,2006-2008,False
1715,Jason Williams,-0.7013678797983804,1.0845660607819636,10738.0,-0.707365679630283,1.1862622744393718,1526.0,-0.005997799831902517,0.10169621365740822,0.0956984138255057,0.38319818098358316,2006-2008,False
1716,Larry Hughes,-0.15163640147263002,0.5276056779323581,11318.0,-0.28903719470846084,0.540714340802214,1773.0,-0.13740079323583082,0.013108662869855903,-0.12429213036597492,0.3759692764597281,2006-2008,False
1717,Dirk Nowitzki,5.43484123994553,-0.6700707139979962,16186.0,5.151354314442927,-0.777377030251041,2692.0,-0.28348692550260246,-0.10730631625304476,-0.3907932417556472,4.764770525947533,2006-2008,False
1718,Paul Pierce,3.8656626410800037,-0.016442173148676187,14812.0,3.9818989456818015,0.09859397827818675,1785.0,0.11623630460179779,0.11503615142686294,0.23127245602866073,3.8492204679313273,2006-2008,False
1719,Bonzi Wells,-0.6714390805673023,-0.565035595098165,7283.0,-0.4850901997611832,-0.4424659877643022,758.0,0.18634888080611905,0.12256960733386285,0.3089184881399819,-1.2364746756654674,2006-2008,False
1720,Michael Doleac,-3.0723997884781067,-0.19386004252206607,2514.0,-3.157430089167419,-0.25229478864063254,141.0,-0.08503030068931228,-0.05843474611856647,-0.14346504680787875,-3.266259831000173,2006-2008,True
1723,Matt Harpring,0.03257859185573275,0.8119149595216304,10064.0,0.16348286032801249,0.7522103750336577,1218.0,0.13090426847227973,-0.05970458448797267,0.07119968398430707,0.8444935513773631,2006-2008,False
1725,Rasho Nesterovic,-1.8187722540993754,-3.2968273318248915,8703.0,-1.7526985969966897,-2.9763807082867433,488.0,0.06607365710268565,0.32044662353814823,0.3865202806408339,-5.115599585924267,2006-2008,False
1727,Pat Garrity,-1.5994366092674253,0.999453336034738,2804.0,-1.6043021876462185,0.9507340269719735,13.0,-0.0048655783787932005,-0.04871930906276445,-0.05358488744155765,-0.5999832732326873,2006-2008,True
1730,Brian Skinner,-3.760663809878502,0.06146365163771117,6425.0,-3.774410246047364,0.10484590126868612,39.0,-0.013746436168861731,0.04338224963097495,0.02963581346211322,-3.699200158240791,2006-2008,True
1731,Tyronn Lue,0.07872809255683474,2.726781178739758,6513.0,0.08974869587297252,2.736831797234457,5.0,0.011020603316137773,0.010050618494699126,0.0210712218108369,2.8055092712965926,2006-2008,True
1733,Al Harrington,-0.15507300269746038,0.46730116463769056,14857.0,-0.0839033768270965,0.3994350004827647,537.0,0.07116962587036388,-0.06786616415492586,0.003303461715438022,0.3122281619402302,2006-2008,False
1737,Nazr Mohammed,-2.7264948480885223,-0.0033472944609094224,7137.0,-2.773191982293114,0.00493599897525126,189.0,-0.04669713420459187,0.008283293436160683,-0.03841384076843119,-2.7298421425494315,2006-2008,True
1739,Ruben Patterson,0.5101565104484099,0.8277585403502439,8826.0,0.43593341600505076,0.9207519398384301,112.0,-0.07422309444335917,0.09299339948818619,0.018770305044827018,1.337915050798654,2006-2008,True
1740,Rashard Lewis,3.061972197472123,0.4774048824281566,16062.0,3.1718440063559825,0.5502180821590505,770.0,0.1098718088838595,0.07281319973089395,0.18268500861475345,3.5393770799002797,2006-2008,False
1742,Shammond Williams,-0.5136932460207059,0.5483014980560135,656.0,-0.5262908765684954,0.7041473175112261,157.0,-0.012597630547789507,0.1558458194552126,0.14324818890742308,0.034608252035307596,2006-2008,True
1747,Rafer Alston,0.8481429618528886,-0.631684109553203,15161.0,0.6466401861914648,-0.47694820622704676,798.0,-0.20150277566142383,0.15473590332615622,-0.046766872335267606,0.21645885229968564,2006-2008,False
1749,Cuttino Mobley,-0.5299498742895067,0.19268783498156267,16343.0,-0.41924037398323644,0.09514389807560161,921.0,0.11070950030627025,-0.09754393690596105,0.013165563400309194,-0.337262039307944,2006-2008,False
1752,Sean Marks,-2.376683772688266,0.3561566342288154,642.0,-2.3862874399193537,0.35918474914465115,4.0,-0.00960366723108752,0.0030281149158357668,-0.006575552315251754,-2.0205271384594505,2006-2008,True
1761,Greg Buckner,-0.8088457322995689,-0.02546252958592629,7098.0,-1.069711447354042,-0.14677935408060813,360.0,-0.2608657150544732,-0.12131682449468184,-0.38218253954915504,-0.8343082618854952,2006-2008,False
1763,Ryan Bowen,-1.3287072698173006,-1.2152521440641246,2391.0,-1.2799219619134294,-1.2487581388748208,67.0,0.048785307903871145,-0.03350599481069616,0.015279313093174984,-2.543959413881425,2006-2008,True
1800,Damon Jones,0.3873385992285505,2.27431153262896,8786.0,0.5219320902594415,2.1118405462190166,629.0,0.13459349103089102,-0.1624709864099434,-0.027877495379052375,2.6616501318575105,2006-2008,False
1802,Brad Miller,1.033338241325764,-2.364818444639365,14133.0,1.033900874641261,-2.298886349512918,308.0,0.0005626333154971075,0.06593209512644682,0.06649472844194393,-1.331480203313601,2006-2008,False
1853,Anthony Carter,-0.47492638137164517,-0.52655045672571,5261.0,-0.541310547928206,-0.46926709626296154,148.0,-0.06638416655656082,0.057283360462748456,-0.009100806093812364,-1.001476838097355,2006-2008,True
1863,Earl Boykins,0.2326642514866908,3.2204842841206736,8215.0,0.08540078838127518,3.2793697328753306,274.0,-0.1472634631054156,0.058885448754657066,-0.08837801435075854,3.4531485356073643,2006-2008,False
1882,Elton Brand,1.9550253822082575,-0.7871683942059688,12434.0,2.2192496371826413,-0.9298543554172336,1005.0,0.26422425497438384,-0.14268596121126476,0.12153829376311909,1.1678569880022887,2006-2008,False
1884,Baron Davis,3.5923795722719887,-0.8559738242153827,15093.0,3.8022605967625602,-1.1369231589552442,884.0,0.20988102449057155,-0.2809493347398615,-0.07106831024928995,2.736405748056606,2006-2008,False
1885,Lamar Odom,0.6899209708402243,-2.6366465391256546,16347.0,0.5268204786986123,-2.9178692750627784,2516.0,-0.16310049214161204,-0.28122273593712377,-0.4443232280787358,-1.9467255682854303,2006-2008,False
1887,Wally Szczerbiak,1.0764723126482334,1.3946425791547985,10235.0,0.9572114159869364,1.2056604940315752,681.0,-0.11926089666129702,-0.18898208512322334,-0.30824298178452036,2.471114891803032,2006-2008,False
1888,Richard Hamilton,2.0232925629763487,0.3157021688235872,14589.0,2.103061359373614,0.2768977714671895,3551.0,0.07976879639726508,-0.03880439735639768,0.040964399040867405,2.3389947317999358,2006-2008,False
1889,Andre Miller,1.2315524863897371,0.6615801328079822,17204.0,1.0149669484542192,0.7075831500363987,769.0,-0.21658553793551794,0.04600301722841649,-0.17058252070710145,1.8931326191977194,2006-2008,False
1890,Shawn Marion,0.9747516693846225,-2.364073208345832,17291.0,1.051007248054845,-2.158975763671346,2533.0,0.07625557867022237,0.20509744467448598,0.28135302334470835,-1.3893215389612095,2006-2008,False
1891,Jason Terry,3.13284375945901,0.11178085625006151,15289.0,2.9461623986455434,0.21642666838731145,2353.0,-0.18668136081346676,0.10464581213724994,-0.08203554867621682,3.2446246157090717,2006-2008,False
1894,Corey Maggette,0.9270314223824474,0.3545954994774063,11192.0,1.0592390995094083,0.1831132903504569,570.0,0.1322076771269609,-0.17148220912694942,-0.03927453199998851,1.2816269218598537,2006-2008,False
1897,Metta World Peace,2.244844046700308,-2.5790452352047923,13700.0,2.285568835168017,-2.4848115474300303,357.0,0.04072478846770888,0.09423368777476204,0.13495847624247093,-0.3342011885044842,2006-2008,False
1899,James Posey,0.04498637886898327,-0.16263716049476912,10769.0,0.14742070271008595,-0.18815330729602386,2478.0,0.10243432384110268,-0.025516146801254747,0.07691817703984793,-0.11765078162578585,2006-2008,False
1902,Jeff Foster,-0.37947230945189736,-1.4381724119289367,10015.0,-0.40123080049655063,-1.373854406780028,143.0,-0.021758491044653272,0.06431800514890873,0.04255951410425546,-1.8176447213808342,2006-2008,True
1903,Kenny Thomas,-2.845246937597503,-0.682011266562735,7728.0,-2.7834405463435177,-0.6119398399032135,258.0,0.06180639125398546,0.07007142665952149,0.13187781791350695,-3.5272582041602383,2006-2008,False
1904,Devean George,-1.4729845823032695,-0.060157622955598136,6869.0,-1.5053767744660465,-0.12952517010484893,569.0,-0.032392192162777,-0.0693675471492508,-0.1017597393120278,-1.5331422052588677,2006-2008,False
1905,Andrei Kirilenko,1.1656969239715913,-2.1467198069364106,13098.0,1.319315834520638,-2.2186335468103557,1738.0,0.15361891054904664,-0.07191373987394512,0.08170517067510152,-0.9810228829648193,2006-2008,False
1909,Scott Padgett,-1.1359273720907959,-0.08735072161571122,1781.0,-1.1364742005376895,-0.1271528245047645,18.0,-0.0005468284468936879,-0.03980210288905328,-0.04034893133594697,-1.223278093706507,2006-2008,True
1913,Michael Ruffin,-1.630429550144821,-0.5637128676663178,3690.0,-1.6245807386705393,-0.5446135694150964,183.0,0.005848811474281623,0.019099298251221364,0.024948109725502987,-2.194142417811139,2006-2008,True
1916,Calvin Booth,-2.89827794539028,-1.4932067363321329,1648.0,-2.8746762528437664,-1.530973854106287,32.0,0.023601692546513675,-0.03776711777415409,-0.014165425227640416,-4.391484681722413,2006-2008,True
1921,Gordan Giricek,-0.840711436469341,-0.10577151709921717,5657.0,-0.8763322305794652,-0.41119130291427874,756.0,-0.0356207941101242,-0.3054197858150616,-0.34104057992518577,-0.9464829535685582,2006-2008,False
1922,Francisco Elson,-2.7007050321249206,-2.3256105897055313,7093.0,-2.801132627587206,-2.1718147407552637,562.0,-0.10042759546228552,0.15379584895026754,0.05336825348798202,-5.026315621830452,2006-2008,False
1938,Manu Ginobili,4.208775178432845,-1.3605113782156222,11714.0,4.24820428869587,-1.5483286630957571,3021.0,0.039429110263025535,-0.18781728488013494,-0.1483881746171094,2.8482638002172225,2006-2008,False
1952,Raja Bell,0.6970172448153606,-1.031206940203287,17083.0,0.830994348631868,-0.8297488768753201,2583.0,0.1339771038165074,0.201458063327967,0.3354351671444744,-0.3341896953879264,2006-2008,False
1956,Ira Newble,-1.7509308353076978,0.5205043040520311,2292.0,-1.7487724966036164,0.5103581577601669,56.0,0.0021583387040813307,-0.010146146291864166,-0.007987807587782836,-1.2304265312556666,2006-2008,True
1983,Jermaine Jackson,-1.760495715553853,0.8894781192615716,411.0,-1.7584591187703529,0.8731531217783364,9.0,0.0020365967835000998,-0.016324997483235237,-0.014288400699735138,-0.8710175962922814,2006-2008,True
2030,Kenyon Martin,-0.7796286589912463,-1.7167695661005178,7601.0,-0.833254471509416,-1.6624573594557126,299.0,-0.05362581251816967,0.05431220664480518,0.0006863941266355145,-2.496398225091764,2006-2008,False
2034,Mike Miller,1.1768759010068865,1.843892840401292,14428.0,1.0440314952846452,1.9283371556357138,193.0,-0.13284440572224132,0.08444431523442186,-0.04840009048781946,3.0207687414081787,2006-2008,True
2035,DerMarr Johnson,-1.6474528210756219,-0.39578085654482864,2750.0,-1.6957415502455326,-0.33765374021392297,66.0,-0.04828872916991078,0.05812711633090567,0.009838387160994888,-2.0432336776204503,2006-2008,True
2036,Chris Mihm,-2.449290667317901,-0.6861958210609689,3516.0,-2.453331722523762,-0.6515070610076856,5.0,-0.004041055205861177,0.03468876005328325,0.030647704847422075,-3.13548648837887,2006-2008,True
2039,Keyon Dooling,0.12574754070622735,0.9899252007883395,7410.0,0.012827176562495143,0.9954428276516007,386.0,-0.1129203641437322,0.0055176268632612935,-0.10740273728047091,1.1156727414945669,2006-2008,False
2041,Etan Thomas,-2.5481180000807635,-0.9234867115944881,4571.0,-2.5564512472559615,-0.8452737243631968,181.0,-0.00833324717519801,0.07821298723129133,0.06987974005609332,-3.4716047116752518,2006-2008,True
2045,Hedo Turkoglu,2.1081123165139934,0.011122797672347608,14997.0,2.232019774923876,0.2683961864995043,1010.0,0.12390745840988249,0.2572733888271567,0.3811808472370392,2.119235114186341,2006-2008,False
2048,Jamaal Magloire,-2.987659476415011,-0.5241339837937384,8243.0,-2.8979961644232857,-0.5788064323041068,247.0,0.08966331199172517,-0.05467244851036834,0.034990863481356826,-3.5117934602087493,2006-2008,False
2050,Morris Peterson,0.4166660829487189,0.724949401054236,12379.0,0.5735434796535761,0.5545185309026601,859.0,0.15687739670485723,-0.17043087015157588,-0.013553473446718645,1.1416154840029549,2006-2008,False
2052,DeShawn Stevenson,1.1200517280500282,2.1968240231422085,14545.0,1.093142166460518,2.111098896007686,584.0,-0.026909561589510078,-0.08572512713452252,-0.1126346887240326,3.316875751192237,2006-2008,False
2054,Jake Tsakalidis,-2.1111340609709317,-1.0921848949380721,2036.0,-2.057369219223617,-0.9846962667814926,112.0,0.05376484174731466,0.10748862815657956,0.16125346990389422,-3.203318955909004,2006-2008,True
2059,Eduardo Najera,-0.006133284216335411,-1.2434177790783938,9729.0,-0.08606913003501404,-1.2760466683033742,515.0,-0.07993584581867863,-0.03262888922498042,-0.11256473504365905,-1.2495510632947293,2006-2008,False
2067,Eddie House,0.16929323143773906,0.566798684237286,7545.0,0.15416653084730325,0.8582816472531947,603.0,-0.015126700590435804,0.2914829630159087,0.2763562624254729,0.736091915675025,2006-2008,False
2072,Michael Redd,3.3179185617124607,1.5267513107497699,15233.0,3.4459177624997133,1.657376218096814,338.0,0.12799920078725258,0.13062490734704402,0.2586241081342966,4.84466987246223,2006-2008,False
2073,Brian Cardinal,-0.2775646516434042,-0.45229312205757266,2246.0,-0.28144820460860837,-0.45749684628191994,41.0,-0.003883552965204151,-0.005203724224347284,-0.009087277189551435,-0.7298577737009768,2006-2008,True
2078,Jason Hart,-1.379260357673853,-0.4050326752138388,4361.0,-1.44039996888417,-0.3390529488388877,96.0,-0.06113961121031708,0.06597972637495109,0.004840115164634007,-1.7842930328876916,2006-2008,True
2109,Eddie Gill,-1.339251541248049,-0.05107466696438295,550.0,-1.3483044968099256,-0.041325724469405495,5.0,-0.009052955561876574,0.009748942494977458,0.0006959869331008839,-1.390326208212432,2006-2008,True
2124,Malik Allen,-2.383658883332111,-0.5476865948582359,4673.0,-2.4954132550271084,-0.563085960914377,329.0,-0.11175437169499736,-0.015399366056141117,-0.12715373775113847,-2.931345478190347,2006-2008,False
2137,Ime Udoka,0.07835715025582352,-0.5971103311869399,6623.0,-0.0444979117352442,-0.6922712081259517,444.0,-0.12285506199106772,-0.09516087693901176,-0.21801593893007948,-0.5187531809311163,2006-2008,False
2198,Kwame Brown,-2.2215574562166034,-1.3485264600653322,7327.0,-2.3540414021488605,-1.3003012653389219,682.0,-0.1324839459322571,0.04822519472641029,-0.0842587512058468,-3.5700839162819356,2006-2008,False
2199,Tyson Chandler,0.5791697569130205,-2.0684149084251393,14091.0,0.880700179967221,-2.2537111681196347,942.0,0.3015304230542005,-0.18529625969449537,0.11623416335970516,-1.4892451515121188,2006-2008,False
2200,Pau Gasol,2.488656972576706,-0.9310989926031283,14555.0,2.5730545760090577,-0.9485301724036752,1910.0,0.0843976034323517,-0.01743117980054687,0.06696642363180483,1.5575579799735777,2006-2008,False
2202,Jason Richardson,1.4028149935394651,0.9605161703830942,15207.0,1.6125951127226845,0.8069459428775709,853.0,0.20978011918321937,-0.1535702275055233,0.05620989167769608,2.3633311639225596,2006-2008,False
2203,Shane Battier,0.6453744028625887,-3.0536749358096973,16297.0,0.3898167729138143,-2.684678714991293,1169.0,-0.25555762994877446,0.3689962208184041,0.11343859086962965,-2.4083005329471083,2006-2008,False
2205,DeSagana Diop,-1.9760974621751157,-3.6160525364031866,7971.0,-2.058013186472958,-3.8415739764329313,1012.0,-0.08191572429784211,-0.22552144002974472,-0.30743716432758683,-5.592149998578302,2006-2008,False
2207,Joe Johnson,1.4841207148308029,1.3495016166924616,17069.0,1.423811831981616,1.4180313046398227,487.0,-0.060308882849186896,0.06852968794736114,0.008220805098174244,2.8336223315232645,2006-2008,False
2209,Vladimir Radmanovic,0.706048488587421,0.630963969692941,8782.0,0.8951822932195194,0.23731330309176135,1408.0,0.1891338046320984,-0.39365066660117964,-0.20451686196908125,1.337012458280362,2006-2008,False
2210,Richard Jefferson,0.8416014982645946,1.1760911127017182,15702.0,1.023152587193889,0.9709821020671593,1719.0,0.18155108892929428,-0.20510901063455889,-0.023557921705264606,2.017692610966313,2006-2008,False
2212,Steven Hunter,-3.145227744663541,0.2328815485116601,5792.0,-3.159430206851826,0.1811891117699711,11.0,-0.014202462188285025,-0.051692436741688996,-0.06589489892997402,-2.912346196151881,2006-2008,True
2215,Jason Collins,-3.425719312500009,-2.4914365527971847,9253.0,-3.194899030779875,-2.7597244493525164,1157.0,0.2308202817201339,-0.2682878965553317,-0.03746761483519778,-5.917155865297193,2006-2008,False
2217,Brendan Haywood,-2.1078792529174764,-3.0600989637099225,11095.0,-2.1862448032073227,-3.149483121044498,665.0,-0.07836555028984638,-0.0893841573345755,-0.16774970762442187,-5.167978216627398,2006-2008,False
2223,Samuel Dalembert,-1.7349552207399557,-2.0899053326242867,13226.0,-1.83371858692426,-2.114883610217865,347.0,-0.09876336618430437,-0.02497827759357829,-0.12374164377788266,-3.8248605533642426,2006-2008,False
2224,Jamaal Tinsley,-0.14263987333045802,0.14561105255592133,9134.0,-0.1709871687668935,0.19776155348821825,14.0,-0.028347295436435466,0.05215050093229692,0.023803205495861457,0.002971179225463305,2006-2008,True
2225,Tony Parker,2.606867670572406,0.252158510251285,14015.0,2.611585037001131,0.5909566909585073,3524.0,0.0047173664287250006,0.33879818070722234,0.34351554713594734,2.8590261808236908,2006-2008,False
2229,Mike James,1.2628816332745596,2.0129901526565055,10918.0,1.269497031909569,1.9871025936845679,46.0,0.006615398635009484,-0.02588755897193762,-0.019272160336928135,3.275871785931065,2006-2008,True
2230,Maurice Evans,0.6961397146903954,1.1888746033011013,8797.0,0.6903284108423868,1.162826495025414,889.0,-0.005811303848008542,-0.026048108275687376,-0.03185941212369592,1.8850143179914967,2006-2008,False
2240,Gilbert Arenas,4.308244586202377,0.6517141224579097,13383.0,4.218319611195009,0.7292313361892716,713.0,-0.08992497500736718,0.07751721373136189,-0.012407761276005291,4.959958708660286,2006-2008,False
2246,Mehmet Okur,1.3734143079012355,0.33719467261572567,15172.0,1.435738436475244,0.3706769812980535,1980.0,0.062324128574008375,0.03348230868232782,0.0958064372563362,1.710608980516961,2006-2008,False
2250,Bobby Simmons,-0.39503438404612845,-0.08789715790118602,7767.0,-0.3069602034577375,-0.08920974659981702,295.0,0.08807418058839095,-0.0013125886986310037,0.08676159188975995,-0.48293154194731447,2006-2008,False
2254,Loren Woods,-2.146427349094231,-0.7429569176877524,651.0,-2.1471572287193967,-0.7338632160954427,2.0,-0.0007298796251657969,0.009093701592309711,0.008363821967143914,-2.8893842667819833,2006-2008,True
2260,Jarron Collins,-2.488645371755819,-2.1432111944885537,6273.0,-2.451442952266109,-2.156665369662588,245.0,0.037202419489709815,-0.013454175174034244,0.02374824431567557,-4.631856566244373,2006-2008,False
2294,Charlie Bell,0.1362152466966334,1.4249989238081828,11118.0,0.1577268166337938,1.5125226236453582,210.0,0.021511569937160385,0.08752369983717534,0.10903526977433572,1.5612141705048161,2006-2008,False
2306,Carlos Arroyo,0.6892477776939908,0.7272002275347023,7063.0,0.6765217118770219,0.8133804307844948,122.0,-0.01272606581696889,0.08618020324979259,0.0734541374328237,1.416448005228693,2006-2008,True
2397,Yao,0.3573280415269392,-3.1501972023023415,10578.0,0.14143005647780252,-2.9089614973029074,484.0,-0.21589798504913668,0.24123570499943403,0.02533771995029735,-2.7928691607754024,2006-2008,False
2400,Drew Gooden,-1.5360453934274445,-0.11453076372922627,12280.0,-1.6763071196429846,-0.15893607104250237,1577.0,-0.14026172621554012,-0.044405307313276104,-0.18466703352881622,-1.6505761571566708,2006-2008,False
2401,Nikoloz Tskitishvili,-1.988749798355709,0.9390946355026195,202.0,-1.9598975719885843,0.9638322391823484,16.0,0.0288522263671247,0.02473760367972888,0.05358983004685358,-1.0496551628530895,2006-2008,True
2403,Nene,-1.4568228498977913,-2.0945474176640135,4005.0,-1.5580965417738926,-2.095524972221196,390.0,-0.10127369187610125,-0.000977554557182625,-0.10225124643328387,-3.551370267561805,2006-2008,False
2405,Amar'e Stoudemire,2.1156689229400354,-0.645808361105785,10865.0,2.261494560962223,-0.7386291169819816,1070.0,0.1458256380221874,-0.09282075587619665,0.05300488214599075,1.4698605618342504,2006-2008,False
2406,Caron Butler,1.7183915887727976,0.08412240065675322,14556.0,1.674923562348894,0.06733230988660205,943.0,-0.04346802642390357,-0.016790090770151173,-0.060258117194054744,1.8025139894295508,2006-2008,False
2407,Jared Jeffries,-0.35960086568460825,-1.886315388266945,8777.0,-0.34833431429333334,-1.8179131186970712,406.0,0.011266551391274915,0.06840226956987383,0.07966882096114875,-2.2459162539515534,2006-2008,False
2408,Melvin Ely,-2.298227506563633,-0.636185091383463,4352.0,-2.344663628098872,-0.6310546119688607,108.0,-0.04643612153523913,0.005130479414602318,-0.04130564212063681,-2.9344125979470963,2006-2008,True
2410,Fred Jones,-1.7044918817195636,1.3891558214824709,9470.0,-1.778591079651803,1.5324588166012938,303.0,-0.0740991979322394,0.14330299511882294,0.06920379718658354,-0.3153360602370927,2006-2008,False
2411,Bostjan Nachbar,-1.5694536038837756,1.4299333234291334,7178.0,-1.5663169003645685,1.2846249534745329,540.0,0.00313670351920714,-0.1453083699546005,-0.14217166643539336,-0.13952028045464226,2006-2008,False
2412,Jiri Welsch,-1.716525836540948,1.1364941167871025,1730.0,-1.7247319913426846,1.182522871232186,35.0,-0.008206154801736698,0.046028754445083475,0.03782259964334678,-0.5800317197538454,2006-2008,True
2413,Juan Dixon,0.024537934881560863,1.4240671593934127,8530.0,-0.10663642728857675,1.353131553820064,139.0,-0.13117436217013762,-0.07093560557334877,-0.20210996774348639,1.4486050942749735,2006-2008,True
2419,Tayshaun Prince,1.7448747058906815,-1.0419894827821075,15595.0,1.7372542197536123,-1.0050207469751142,3695.0,-0.007620486137069227,0.036968735806993225,0.029348249669923998,0.702885223108574,2006-2008,False
2420,Nenad Krstic,-1.404298917548362,-1.9447284561469562,7810.0,-1.3300987164401068,-1.842552039038942,681.0,0.0742002011082552,0.10217641710801417,0.17637661821626938,-3.349027373695318,2006-2008,False
2427,Roger Mason Jr.,-0.16781011208842722,1.4513115506155532,4227.0,-0.020342082264850375,1.5660682790201506,350.0,0.14746802982357685,0.11475672840459739,0.26222475822817426,1.283501438527126,2006-2008,False
2429,Dan Gadzuric,-1.8611930165350283,-0.7222880334297015,4349.0,-1.8459792700838957,-0.7277128494403263,33.0,0.015213746451132604,-0.005424816010624833,0.00978893044050777,-2.58348104996473,2006-2008,True
2430,Carlos Boozer,2.293559270361092,1.286858299971736,12531.0,2.461693598422703,1.4254064875061654,2104.0,0.168134328061611,0.13854818753442943,0.30668251559604043,3.580417570332828,2006-2008,False
2436,Flip Murray,-0.16771470185195309,1.4031519710559741,8521.0,-0.2476280630438802,1.2912162989662825,964.0,-0.0799133611919271,-0.11193567208969157,-0.19184903328161867,1.235437269204021,2006-2008,False
2440,Matt Barnes,0.1146825621350605,1.0377429387171362,8048.0,0.29508576770671163,0.893906606747509,660.0,0.18040320557165113,-0.1438363319696272,0.03656687360202393,1.1524255008521966,2006-2008,False
2443,Darius Songaila,-0.5808795600428678,-1.091883897800058,6881.0,-0.5173549158193982,-0.91297947273518,316.0,0.0635246442234696,0.17890442506487803,0.24242906928834762,-1.6727634578429258,2006-2008,False
2449,Luis Scola,-0.824609046304641,-0.1413591280412969,3828.0,-0.863112023321259,-0.03725516366178308,393.0,-0.03850297701661798,0.10410396437951383,0.06560098736289585,-0.965968174345938,2006-2008,False
2457,Jannero Pargo,-0.7027905527277712,0.5111186028673464,7296.0,-0.6485931224168875,0.42219729643523324,524.0,0.054197430310883754,-0.08892130643211321,-0.03472387612122946,-0.1916719498604248,2006-2008,False
2469,Pat Burke,-2.6509586030838768,0.4862873686355452,1030.0,-2.618791339789529,0.5394691932323236,27.0,0.032167263294347936,0.05318182459677834,0.08534908789112627,-2.1646712344483316,2006-2008,True
2470,Smush Parker,-0.04070279883050923,1.3436277514085946,11432.0,-0.24551654512245538,1.1433783559309587,623.0,-0.20481374629194615,-0.20024939547763587,-0.405063141769582,1.3029249525780853,2006-2008,False
2484,Devin Brown,-1.1530144881542412,0.5196994750712294,9640.0,-1.201155781562132,0.5695815303050836,171.0,-0.04814129340789086,0.04988205523385425,0.0017407618259633884,-0.6333150130830119,2006-2008,True
2501,Reggie Evans,-1.492100532676074,-0.9340400704845991,8373.0,-1.5470717941072607,-0.899030364052618,408.0,-0.0549712614311868,0.03500970643198109,-0.01996155499920571,-2.426140603160673,2006-2008,False
2544,LeBron James,6.65529678611877,-0.00014442321266132027,18159.0,6.589039957574729,-0.3931946880438768,3673.0,-0.06625682854404058,-0.39305026483121547,-0.45930709337525605,6.655152362906109,2006-2008,False
2545,Darko Milicic,-2.9852128664141944,-1.0171583135156026,8307.0,-2.9134369301258167,-0.9522525832874947,207.0,0.07177593628837764,0.06490573022810786,0.1366816665164855,-4.002371179929797,2006-2008,False
2546,Carmelo Anthony,3.3205218496256004,1.7852467927172444,16725.0,3.0445883752067036,1.5988560931476776,1060.0,-0.2759334744188968,-0.18639069956956678,-0.4623241739884636,5.105768642342845,2006-2008,False
2547,Chris Bosh,3.2214267101342955,-1.1750722546164967,14844.0,3.0076879987231493,-0.8950708720261391,803.0,-0.2137387114111462,0.28000138259035756,0.06626267117921136,2.0463544555177986,2006-2008,False
2548,Dwyane Wade,5.078895089163609,0.5190637018984406,13072.0,5.246451529410215,0.1352704499280541,2138.0,0.16755644024660565,-0.38379325197038655,-0.2162368117237809,5.59795879106205,2006-2008,False
2549,Chris Kaman,-2.4373247037930406,-1.7950709921986894,12856.0,-2.374873393209081,-2.03476669349966,623.0,0.062451310583959696,-0.23969570130097084,-0.17724439071701115,-4.23239569599173,2006-2008,False
2550,Kirk Hinrich,0.3955630076837169,-1.6893630954866954,15848.0,0.6569141043040474,-1.5930636589786065,1132.0,0.2613510966203305,0.09629943650808892,0.35765053312841943,-1.2938000878029785,2006-2008,False
2551,T.J. Ford,-0.05957067127078708,-0.08168070760418578,11550.0,-0.049637451089972716,0.19439954565451056,792.0,0.009933220180814363,0.27608025325869634,0.2860134734395107,-0.14125137887497285,2006-2008,False
2552,Michael Sweetney,-2.585855672578732,-1.6285455474304817,3092.0,-2.5625210743774858,-1.6371251774083018,240.0,0.02333459820124606,-0.008579629977820025,0.014754968223426035,-4.214401220009213,2006-2008,False
2553,Jarvis Hayes,0.15348575209388082,1.5324725164680535,6631.0,0.10672382725743611,1.593081592500247,384.0,-0.046761924836444715,0.060609076032193565,0.01384715119574885,1.6859582685619343,2006-2008,False
2554,Mickael Pietrus,-1.3106430885285918,0.6740296564018607,9095.0,-1.1701715591944093,0.6098661430203483,415.0,0.1404715293341825,-0.0641635133815125,0.07630801595267,-0.636613432126731,2006-2008,False
2556,Marcus Banks,-1.132451535999056,2.3590319166895473,5017.0,-1.1149512361320095,2.4054921963922085,12.0,0.017500299867046376,0.0464602797026612,0.06396057956970758,1.2265803806904914,2006-2008,True
2561,David West,0.6978204061014177,-0.30635189286136394,13826.0,0.8304936387765036,-0.424477759342168,894.0,0.1326732326750859,-0.11812586648080409,0.014547366194281819,0.3914685132400538,2006-2008,False
2562,Sasha Pavlovic,-1.5757519471262282,-1.2943936879983227,6732.0,-1.6618020387454349,-1.3764735976391935,1317.0,-0.08605009161920663,-0.08207990964087086,-0.1681300012600775,-2.870145635124551,2006-2008,False
2563,Dahntay Jones,-1.3672087357833393,0.5111882029722716,5436.0,-1.4032129511735192,0.5372721761026229,84.0,-0.03600421539017984,0.026083973130351268,-0.009920242259828571,-0.8560205328110677,2006-2008,True
2564,Boris Diaw,0.5016045725426339,-0.46302209348890433,14902.0,0.5023654472396645,-0.43477994527696984,2362.0,0.0007608746970305669,0.028242148211934492,0.02900302290896506,0.03858247905372958,2006-2008,False
2565,Zoran Planinic,-2.0009463793131,0.5296464678497597,1116.0,-1.999769243213937,0.5069363121521675,13.0,0.0011771360991630342,-0.02271015569759216,-0.021533019598429126,-1.4712999114633403,2006-2008,True
2567,Brian Cook,-0.019592787139225243,-0.4935033951812389,6145.0,0.03755527786561041,-0.40526428151746374,248.0,0.05714806500483565,0.08823911366377518,0.14538717866861084,-0.5130961823204642,2006-2008,False
2568,Carlos Delfino,-0.5016204000579008,0.7342407644217686,7633.0,-0.5471699292859599,0.889459579001741,537.0,-0.045549529228059105,0.15521881457997244,0.10966928535191334,0.2326203643638678,2006-2008,False
2570,Kendrick Perkins,-2.205635000490464,-2.9332159033775493,9127.0,-2.2858480071169938,-3.2895800736448724,1121.0,-0.08021300662652964,-0.35636417026732303,-0.43657717689385267,-5.138850903868013,2006-2008,False
2571,Leandro Barbosa,2.818997355263666,2.282463030768906,13381.0,2.6377831312471436,2.4713990439049742,2218.0,-0.18121422401652243,0.18893601313606823,0.007721789119545797,5.1014603860325725,2006-2008,False
2572,Josh Howard,2.8494913376635855,-0.8385729773971013,13313.0,2.6592498645324865,-1.016792451749713,2315.0,-0.19024147313109907,-0.17821947435261176,-0.36846094748371083,2.0109183602664844,2006-2008,False
2574,Jason Kapono,-0.35604565643038755,1.0080562905965147,7584.0,-0.35419056512220987,1.127278598617848,436.0,0.001855091308177681,0.11922230802133327,0.12107739932951095,0.6520106341661271,2006-2008,False
2575,Luke Walton,0.12118262012863956,0.07500900079882944,9983.0,0.04169406400847611,-0.016301518285974564,1406.0,-0.07948855612016345,-0.091310519084804,-0.17079907520496745,0.196191620927469,2006-2008,False
2581,Steve Blake,1.1194883110612524,1.4071221698801928,12134.0,1.1446773317236316,1.297306236509616,335.0,0.02518902066237927,-0.10981593337057682,-0.08462691270819755,2.526610480941445,2006-2008,False
2584,Willie Green,-0.7660834037636828,1.2132547713474857,7550.0,-0.8588691950218209,1.2684197543659306,254.0,-0.09278579125813813,0.05516498301844486,-0.03762080823969327,0.44717136758380294,2006-2008,False
2585,Zaza Pachulia,-0.8557545376402772,-0.17834749827892035,10157.0,-0.7443648284036715,-0.14643777819559348,189.0,0.11138970923660574,0.031909720083326876,0.14329942931993261,-1.0341020359191975,2006-2008,True
2586,Keith Bogans,-0.29245970764018253,-0.8384137007619923,9843.0,-0.2109971788863422,-0.8750467467082288,533.0,0.08146252875384033,-0.03663304594623651,0.04482948280760382,-1.1308734084021748,2006-2008,False
2588,Matt Bonner,-0.19317229994300678,0.19723486247784655,6123.0,-0.2282045080176543,0.24446796308181443,60.0,-0.03503220807464752,0.047233100603967876,0.012200892529320356,0.004062562534839775,2006-2008,True
2590,Mo Williams,1.238082262167592,1.0680881865743141,12367.0,1.2129471110320866,1.1835324740864255,152.0,-0.02513515113550535,0.11544428751211133,0.09030913637660598,2.306170448741906,2006-2008,True
2592,James Jones,1.1596764551472667,0.20083322225953026,8616.0,1.1482805604095285,0.22474013145573932,1006.0,-0.011395894737738166,0.023906909196209053,0.012511014458470887,1.3605096774067968,2006-2008,False
2594,Kyle Korver,0.1587958157038763,0.3839849917878285,12814.0,0.22836668771665708,0.43469610869948977,490.0,0.06957087201278078,0.05071111691166125,0.12028198892444203,0.5427808074917049,2006-2008,False
2605,Marquis Daniels,-0.07729804976455584,-0.4363895445236603,7994.0,-0.17680220585898457,-0.42391744070198867,435.0,-0.09950415609442873,0.012472103821671632,-0.0870320522727571,-0.5136875942882162,2006-2008,False
2617,Udonis Haslem,-0.8161822862535902,-0.35699146897136724,12958.0,-0.8760547341747739,-0.32501270465939597,1427.0,-0.059872447921183625,0.031978764311971275,-0.02789368360921235,-1.1731737552249575,2006-2008,False
2624,Quinton Ross,-1.01063414907747,-0.7527158732004295,9061.0,-0.7317698575263911,-0.8345795179468154,572.0,0.27886429155107884,-0.08186364474638586,0.19700064680469298,-1.7633500222778995,2006-2008,False
2694,Josh Powell,-2.9757722635290347,2.301329787938087,3880.0,-3.0027652082516547,2.342292205999053,60.0,-0.026992944722620038,0.04096241806096579,0.01396947333834575,-0.6744424755909475,2006-2008,True
2730,Dwight Howard,1.831959382226658,-0.8749876993126904,17345.0,1.8852487363677854,-0.8249225154311699,1077.0,0.053289354141127454,0.05006518388152048,0.10335453802264793,0.9569716829139676,2006-2008,False
2732,Ben Gordon,1.6985372702091257,1.2624548761640533,14668.0,1.9105004939672128,1.2740087872976533,1216.0,0.21196322375808707,0.011553911133600048,0.22351713489168712,2.960992146373179,2006-2008,False
2733,Shaun Livingston,-0.4772457177364269,0.9258464015687933,6024.0,-0.39492851389192785,0.5318219452402804,653.0,0.08231720384449903,-0.3940244563285129,-0.3117072524840139,0.4486006838323664,2006-2008,False
2734,Devin Harris,2.2486036223896004,-0.6226863049293967,10220.0,2.0308107828535955,-0.6420604397832419,1384.0,-0.21779283953600492,-0.019374134853845204,-0.23716697438985013,1.6259173174602037,2006-2008,False
2735,Josh Childress,0.5038862699604661,2.1258663850990045,12538.0,0.595240939045311,2.2114296422709865,369.0,0.0913546690848448,0.08556325717198199,0.17691792625682679,2.6297526550594705,2006-2008,False
2736,Luol Deng,1.7008134917737674,-0.703661947639843,15214.0,1.7826617785031504,-0.5902015061260574,1119.0,0.08184828672938305,0.11346044151378565,0.1953087282431687,0.9971515441339244,2006-2008,False
2737,Rafael Araujo,-3.6381495467610065,-0.5093387685733238,1636.0,-3.579015097676875,-0.42222439145553914,50.0,0.05913444908413146,0.08711437711778469,0.14624882620191615,-4.14748831533433,2006-2008,True
2738,Andre Iguodala,2.00910228223343,-0.8573910246352123,17985.0,1.9044386234356097,-0.8586175767933127,418.0,-0.10466365879782025,-0.0012265521581004135,-0.10589021095592066,1.1517112575982176,2006-2008,False
2739,Luke Jackson,-1.2629061755093705,0.708073747730485,1301.0,-1.249746208053507,0.6642478983315885,23.0,0.013159967455863564,-0.043825849398896555,-0.03066588194303299,-0.5548324277788854,2006-2008,True
2740,Andris Biedrins,0.4352668712529154,-1.648895602618145,11104.0,0.47952787048604767,-1.8933820791275469,525.0,0.04426099923313226,-0.24448647650940192,-0.20022547727626966,-1.2136287313652296,2006-2008,False
2743,Kris Humphries,-2.268401969386982,0.6162540208478839,4247.0,-2.314433056135864,0.5435829717887568,132.0,-0.04603108674888201,-0.07267104905912714,-0.11870213580800915,-1.6521479485390982,2006-2008,True
2745,Kirk Snyder,0.4911231088502509,0.05570437883630952,4940.0,0.4601559691050671,0.10743774707553629,16.0,-0.03096713974518378,0.051733368239226765,0.020766228494042985,0.5468274876865604,2006-2008,True
2746,Josh Smith,0.438508081316357,-2.2070093940607656,15388.0,0.39103091114875066,-2.138528541416837,427.0,-0.04747717016760633,0.06848085264392845,0.021003682476322116,-1.7685013127444087,2006-2008,False
2747,JR Smith,2.093599697223133,1.2173970519029085,7875.0,2.020453769144588,1.3641482020695626,319.0,-0.07314592807854536,0.14675115016665408,0.07360522208810871,3.3109967491260415,2006-2008,False
2748,Dorell Wright,-1.7707332283652475,1.0764921847112146,4816.0,-1.775104021783599,1.0837316135163089,1.0,-0.0043707934183514485,0.007239428805094317,0.0028686353867428682,-0.6942410436540329,2006-2008,True
2749,Jameer Nelson,0.9266415385706966,-0.08296138600998604,11691.0,1.1040319191547596,-0.07832134439675677,850.0,0.17739038058406298,0.0046400416132292704,0.18203042219729226,0.8436801525607106,2006-2008,False
2753,Delonte West,-0.20020124580396825,0.5731902385029929,11955.0,-0.21161905890211993,0.33988054184945765,820.0,-0.01141781309815168,-0.23330969665353524,-0.24472750975168692,0.37298899269902464,2006-2008,False
2754,Tony Allen,-0.5707155876844143,-1.51697079070137,6152.0,-0.5372836765151823,-1.4661064225883251,136.0,0.033431911169232054,0.050864368113044955,0.08429627928227701,-2.0876863783857846,2006-2008,True
2755,Kevin Martin,1.5953153201371009,1.9383789429618141,13875.0,1.7262307254653475,2.0288429303505784,365.0,0.13091540532824664,0.09046398738876427,0.2213793927170109,3.5336942630989148,2006-2008,False
2756,Sasha Vujacic,1.3705164530041398,1.6843237263085111,7029.0,1.3501244454969372,1.6048787368737005,1221.0,-0.020392007507202603,-0.0794449894348106,-0.0998369969420132,3.054840179312651,2006-2008,False
2757,Beno Udrih,0.6789166067870294,0.8839656700892495,7004.0,0.7336498192908261,0.9356340453105526,130.0,0.0547332125037967,0.051668375221303076,0.10640158772509978,1.562882276876279,2006-2008,True
2758,David Harrison,-3.107702323562596,-2.1090911269384787,3811.0,-3.190745939019575,-2.1107938433561997,64.0,-0.08304361545697914,-0.0017027164177210175,-0.08474633187470015,-5.216793450501075,2006-2008,True
2760,Anderson Varejao,-0.906330357819345,-2.330789756336347,7598.0,-0.9834538115190676,-2.758347654676583,1690.0,-0.07712345369972262,-0.4275578983402357,-0.5046813520399583,-3.237120114155692,2006-2008,False
2766,Antonio Burks,-2.0135426761208914,0.6760958723440997,1046.0,-1.993310805314235,0.6331930810381206,23.0,0.02023187080665645,-0.04290279130597918,-0.022670920499322733,-1.3374468037767917,2006-2008,True
2768,Chris Duhon,-0.3265067472071058,0.16626389093965788,10883.0,-0.38816826129520826,0.23362236022955413,584.0,-0.06166151408810244,0.06735846928989625,0.005696955201793807,-0.16024285626744794,2006-2008,False
2772,Trevor Ariza,0.11099358967584078,-1.040880008217016,5447.0,0.05886874511782199,-0.9921128942841718,176.0,-0.05212484455801879,0.048767113932844164,-0.0033577306251746236,-0.9298864185411753,2006-2008,True
2774,Bernard Robinson,-1.5461290076304557,-0.21403255198064866,3176.0,-1.5697714509355847,-0.19343135153171567,11.0,-0.02364244330512899,0.020601200448932988,-0.0030412428561960025,-1.7601615596111044,2006-2008,True
2779,Vassilis Spanoulis,-1.4154336258094378,0.5433284519950458,523.0,-1.3892705182037657,0.5262318462483857,6.0,0.026163107605672087,-0.017096605746660054,0.009066501859012033,-0.872105173814392,2006-2008,True
2788,DJ Mbenga,-3.1984121796988205,-1.2318938777174626,1272.0,-3.165158144499733,-1.2339404577812745,111.0,0.03325403519908754,-0.0020465800638118647,0.031207455135275675,-4.430306057416283,2006-2008,True
2804,Andres Nocioni,-0.5714960308019263,1.014839062064462,11194.0,-0.5133429677291692,0.9341739344231162,833.0,0.05815306307275714,-0.08066512764134581,-0.022512064568588674,0.4433430312625357,2006-2008,False
2873,Billy Thomas,-0.47203420718791395,0.23421478507931168,354.0,-0.45199631752621544,0.21197464492704654,44.0,0.020037889661698505,-0.022240140152265137,-0.002202250490566632,-0.23781942210860227,2006-2008,True
101106,Andrew Bogut,-0.00610583273280256,-1.6102349883999034,14021.0,0.07718327963154123,-1.479866831844442,312.0,0.08328911236434379,0.13036815655546152,0.2136572689198053,-1.616340821132706,2006-2008,False
101107,Marvin Williams,-0.16013485281765127,0.6991270866195223,13196.0,-0.268440226508438,0.790509566446919,363.0,-0.10830537369078674,0.09138247982739678,-0.016922893863389965,0.538992233801871,2006-2008,False
101108,Chris Paul,4.695778699700415,0.033796134436783865,15620.0,4.937401634001575,-0.1290747179408902,892.0,0.24162293430116044,-0.16287085237767407,0.07875208192348637,4.729574834137199,2006-2008,False
101114,Deron Williams,2.8197525325503925,0.7957185214032898,15968.0,3.004981974435001,0.6651620671614489,2226.0,0.18522944188460855,-0.13055645424184092,0.05467298764276762,3.6154710539536823,2006-2008,False
101115,Andrew Bynum,-1.8068464655705083,-0.9862811854840716,6164.0,-1.8555536693643606,-0.9418138391074256,116.0,-0.048707203793852294,0.044467346376646066,-0.0042398574172062276,-2.79312765105458,2006-2008,True
101120,Antoine Wright,-2.5836517322662917,1.0352839347387213,5249.0,-2.671444667926169,0.8664969133330819,356.0,-0.08779293565987745,-0.1687870214056394,-0.25657995706551684,-1.5483677975275705,2006-2008,False
101121,Joey Graham,-1.091361889847208,1.493990868507415,6246.0,-1.148602185998691,1.4607672953004454,207.0,-0.05724029615148307,-0.03322357320696967,-0.09046386935845274,0.4026289786602071,2006-2008,False
101122,Danny Granger,0.22321707565543197,-0.697968817985612,14655.0,0.20964599337547477,-0.564229229886478,299.0,-0.013571082279957208,0.133739588099134,0.12016850581917679,-0.47475174233017997,2006-2008,False
101124,Hakim Warrick,-2.354523499252519,2.1798191184468494,9079.0,-2.39267504356901,2.087180971875313,77.0,-0.03815154431649104,-0.09263814657153624,-0.13078969088802728,-0.1747043808056694,2006-2008,True
101128,Francisco Garcia,-0.2020490616669812,0.2790700829868905,9501.0,-0.2716626539606898,0.31524135287858046,79.0,-0.06961359229370859,0.03617126989168995,-0.03344232240201864,0.07702102131990932,2006-2008,True
101129,Luther Head,-0.07411578859592455,0.17501176500175175,11134.0,-0.1690493262248548,0.1251543813226034,342.0,-0.09493353762893025,-0.049857383679148354,-0.1447909213080786,0.1008959764058272,2006-2008,False
101131,Jason Maxiell,-0.6172896730451729,-0.33549222030349357,5356.0,-0.5007151828009555,-0.5257151715790604,936.0,0.1165744902442174,-0.19022295127556688,-0.07364846103134948,-0.9527818933486665,2006-2008,False
101132,Linas Kleiza,0.33886740836280793,0.7099235339046516,8065.0,0.29205788388155285,0.7777092017964505,403.0,-0.04680952448125508,0.06778566789179896,0.02097614341054388,1.0487909422674595,2006-2008,False
101134,Wayne Simien,-2.1577534873741215,0.005093474409635035,976.0,-2.1636096059071033,-0.008231128664737028,12.0,-0.005856118532981736,-0.013324603074372063,-0.019180721607353797,-2.1526600129644864,2006-2008,True
101136,Salim Stoudamire,-0.8536779082761597,2.8796751620785805,5238.0,-0.8391634039017768,2.9305745567525943,55.0,0.014514504374382953,0.05089939467401372,0.06541389904839667,2.0259972538024207,2006-2008,True
101137,Daniel Ewing,-0.889781152476915,-0.19164628264930628,3208.0,-0.8557815840856183,-0.1835828175431034,14.0,0.0339995683912967,0.008063465106202872,0.04206303349749957,-1.0814274351262214,2006-2008,True
101138,Brandon Bass,-2.3120350916790073,0.9608387888274311,3762.0,-2.3498491159192074,0.9669083386272038,245.0,-0.037814024240200084,0.0060695497997727,-0.031744474440427384,-1.351196302851576,2006-2008,False
101139,CJ Miles,0.19505365689494342,0.5626970561679668,2503.0,0.158334283358461,0.6364588234307011,69.0,-0.036719373536482414,0.07376176726273431,0.0370423937262519,0.7577507130629102,2006-2008,True
101142,Ronny Turiaf,-0.8253260076451373,-0.7224852033293472,5332.0,-1.0194407007285848,-0.8017903251786985,491.0,-0.19411469308344753,-0.07930512184935135,-0.2734198149327989,-1.5478112109744844,2006-2008,False
101145,Monta Ellis,1.7564294022136784,0.5296767397509566,13674.0,1.6933690087857045,0.6083777095282281,494.0,-0.06306039342797387,0.07870096977727148,0.015640576349297608,2.286106141964635,2006-2008,False
101150,Lou Williams,0.6693997131509576,1.4439460956403531,5253.0,0.6653297215983267,1.3564097363826118,257.0,-0.0040699915526308805,-0.08753635925774139,-0.09160635081037227,2.1133458087913106,2006-2008,False
101154,Andray Blatche,-1.8676448245824298,-0.4837410424336721,4858.0,-1.8754111187853222,-0.5046730933912413,208.0,-0.007766294202892432,-0.020932050957569226,-0.028698345160461658,-2.351385867016102,2006-2008,False
101161,Amir Johnson,0.14066792560589592,-2.171067937808446,1787.0,0.11459485283504087,-2.137806350624533,85.0,-0.02607307277085505,0.03326158718391303,0.007188514413057984,-2.03040001220255,2006-2008,True
101162,Marcin Gortat,-1.5578493275001344,0.677639143010094,75.0,-1.5304485061679667,0.5945149286901691,82.0,0.027400821332167702,-0.0831242143199249,-0.05572339298775719,-0.8802101844900404,2006-2008,True
101177,Fabricio Oberto,-0.9490056489281788,-1.311175279191796,6526.0,-0.7243689992989872,-1.4070014656188494,1444.0,0.2246366496291916,-0.09582618642705332,0.1288104632021383,-2.2601809281199747,2006-2008,False
101179,Ronnie Price,-0.024161321376557188,-0.27639502073122935,2553.0,-0.06426118426582739,-0.2711450608275129,153.0,-0.0400998628892702,0.005249959903716461,-0.03484990298555374,-0.30055634210778653,2006-2008,True
101180,Sarunas Jasikevicius,-0.521081679707041,0.1236514872265555,4965.0,-0.5924595261939383,0.16907017471932306,133.0,-0.07137784648689727,0.04541868749276756,-0.025959158994129705,-0.3974301924804855,2006-2008,True
101181,Jose Calderon,1.286498523605646,1.6746543782784253,10705.0,1.2529356795514026,1.7102189353607558,494.0,-0.03356284405424348,0.03556455708233042,0.0020017130280869377,2.9611529018840717,2006-2008,False
101182,Donell Taylor,-1.551380054173889,0.2007301637299493,1610.0,-1.5639919179045916,0.16933539594511987,37.0,-0.012611863730702666,-0.03139476778482944,-0.04400663151553211,-1.3506498904439397,2006-2008,True
101183,Shavlik Randolph,-1.0648201669429456,-1.1178588468045105,1356.0,-1.0833169157064961,-1.1421509268735797,9.0,-0.018496748763550563,-0.024292080069069133,-0.042788828832619696,-2.182679013747456,2006-2008,True
101189,James Singleton,-0.9659594491662211,-0.39412568341198134,2160.0,-0.969101661055369,-0.3633552380470826,26.0,-0.0031422118891478723,0.030770445364898757,0.027628233475750885,-1.3600851325782024,2006-2008,True
101195,Luke Schenscher,-3.492081857166453,-0.29189464754251726,519.0,-3.478901448220861,-0.29305376629521995,34.0,0.013180408945592248,-0.0011591187527026925,0.012021290192889555,-3.7839765047089706,2006-2008,True
101204,Dwayne Jones,-1.6614776780499727,-0.30230847376125136,1097.0,-1.695701365026534,-0.30466077500313793,42.0,-0.03422368697656131,-0.0023523012418865674,-0.036575988218447875,-1.963786151811224,2006-2008,True
101235,Kelenna Azubuike,-0.46011178442840744,1.2772124629314288,5015.0,-0.4637145057200742,1.2914268583349995,33.0,-0.0036027212916667772,0.014214395403570723,0.010611674111903946,0.8171006785030213,2006-2008,True
101236,Chuck Hayes,-0.6948193386900519,-4.352140552070838,7218.0,-0.9468429754553834,-4.146771706941983,568.0,-0.25202363676533157,0.2053688451288549,-0.04665479163647668,-5.04695989076089,2006-2008,False
101249,John Lucas III,-0.6934001876039148,0.48666264046856117,930.0,-0.68567438122522,0.49103320151837077,16.0,0.0077258063786947995,0.004370561049809596,0.012096367428504395,-0.20673754713535358,2006-2008,True
200081,Jamario Moon,0.9836841129135545,-1.915933075378029,4045.0,0.9261185830064242,-1.8078797741704322,201.0,-0.057565529907130264,0.10805330120759682,0.050487771300466555,-0.9322489624644745,2006-2008,False
200745,Andrea Bargnani,0.43253456905255316,0.2875603402604096,6695.0,0.2468531434787144,0.40821749177109196,544.0,-0.18568142557383877,0.12065715151068235,-0.06502427406315642,0.7200949093129627,2006-2008,False
200748,Tyrus Thomas,-1.2781985141436318,-2.1001755580905983,4531.0,-1.305589629076239,-2.011187856005193,237.0,-0.027391114932607152,0.0889877020854053,0.06159658715279814,-3.37837407223423,2006-2008,False
200755,JJ Redick,0.34728380731464004,1.9482561858528644,1743.0,0.3149148766391284,1.9474333440017786,39.0,-0.03236893067551161,-0.0008228418510858315,-0.03319177252659744,2.2955399931675045,2006-2008,True
200756,Hilton Armstrong,-2.5496213250462105,-1.1446735294477715,2536.0,-2.517216426005344,-1.184843727203004,133.0,0.03240489904086674,-0.04017019775523245,-0.007765298714365709,-3.694294854493982,2006-2008,True
200757,Thabo Sefolosha,-1.0006058797026658,-1.288971900839265,4585.0,-1.0263632708597876,-1.366520864889224,198.0,-0.025757391157121834,-0.07754896404995892,-0.10330635520708076,-2.289577780541931,2006-2008,True
200758,Ronnie Brewer,1.503947441607223,-0.4319169679024551,5476.0,1.6112908561888997,-0.3834890223762172,649.0,0.10734341458167673,0.048427945526237914,0.15577136010791465,1.072030473704768,2006-2008,False
200760,Rodney Carney,-1.1949654790428388,0.8426439570394068,4269.0,-1.1808963784439108,0.8120151156212808,160.0,0.014069100598927964,-0.03062884141812594,-0.016559740819197977,-0.35232152200343203,2006-2008,True
200762,Oleksiy Pecherov,-0.9789503291346412,1.445257093978499,597.0,-0.9858527838127848,1.414411007685678,19.0,-0.006902454678143655,-0.03084608629282104,-0.037748540970964695,0.4663067648438578,2006-2008,True
200765,Rajon Rondo,0.4984581508878338,-1.3786825030175363,7942.0,0.43714861251319626,-1.4138757619845894,1517.0,-0.06130953837463754,-0.035193258967053165,-0.0965027973416907,-0.8802243521297024,2006-2008,False
200766,Marcus Williams,-0.00936982185644597,1.7329456724959893,4198.0,-0.04419244745153429,1.6684157816463463,150.0,-0.03482262559508832,-0.064529890849643,-0.09935251644473132,1.7235758506395433,2006-2008,True
200767,Josh Boone,-1.3084414683870496,0.4486462730537719,4721.0,-1.2977217293584629,0.4670305722056184,222.0,0.010719739028586694,0.018384299151846473,0.029104038180433167,-0.8597951953332776,2006-2008,False
200769,Shannon Brown,-1.732993781415697,1.7235884029819681,830.0,-1.727989678651352,1.72756794057216,1.0,0.005004102764345042,0.003979537590191873,0.008983640354536915,-0.009405378433728906,2006-2008,True
200770,Jordan Farmar,1.7855803469784395,0.5669080278285916,5447.0,1.5458775734926586,0.48981262025101724,920.0,-0.23970277348578084,-0.07709540757757438,-0.3167981810633552,2.352488374807031,2006-2008,False
200772,Maurice Ager,-2.695569995358669,1.295196027733955,760.0,-2.713061013352657,1.3296599533610665,44.0,-0.01749101799398778,0.034463925627111536,0.016972907633123757,-1.4003739676247142,2006-2008,True
200779,Steve Novak,-0.26974766124700034,1.1633568652297928,888.0,-0.26692103338293105,1.2217691448738797,38.0,0.0028266278640692866,0.058412279644086906,0.06123890750815619,0.8936092039827924,2006-2008,True
200780,Solomon Jones,-2.3539502652049205,0.9774037136261927,1574.0,-2.360974788472755,1.0704957898487286,61.0,-0.007024523267834759,0.0930920762225359,0.08606755295470114,-1.3765465515787279,2006-2008,True
200788,James Augustine,-1.4711867389449749,0.2531154488979315,306.0,-1.4580166973396664,0.2383754860611764,4.0,0.013170041605308436,-0.014739962836755133,-0.001569921231446697,-1.2180712900470434,2006-2008,True
200789,Daniel Gibson,0.6478829198582334,0.5834549249515102,5167.0,0.8591602709091928,0.5344474662078365,1254.0,0.21127735105095935,-0.04900745874367374,0.1622698923072856,1.2313378448097436,2006-2008,False
200793,Dee Brown,-0.7935931511351355,0.7148498834540581,889.0,-0.7839966431470817,0.7406561510987136,103.0,0.009596507988053782,0.025806267644655545,0.03540277563270933,-0.07874326768107742,2006-2008,True
200794,Paul Millsap,0.7642854638392844,-1.7714114105139616,6107.0,0.8029339011542297,-1.8647807324805399,894.0,0.03864843731494527,-0.09336932196657832,-0.05472088465163305,-1.0071259466746771,2006-2008,False
200796,Leon Powe,-0.6483359082886746,-0.7050400886700292,2935.0,-0.5935417999088344,-0.5496799081403354,481.0,0.05479410837984022,0.1553601805296938,0.21015428890953403,-1.3533759969587038,2006-2008,False
200801,Hassan Adams,-0.915378061112947,0.2600464556598771,979.0,-0.9528679279253545,0.26795198884863725,17.0,-0.03748986681240751,0.007905533188760139,-0.029584333623647374,-0.6553316054530698,2006-2008,True
200811,Lou Amundson,-2.50198978759391,-0.5658453297657908,300.0,-2.4805665063331634,-0.566643547910602,20.0,0.021423281260746663,-0.0007982181448111803,0.020625063115935482,-3.067835117359701,2006-2008,True
200821,Yakhouba Diawara,-1.4822631106495443,0.4013481715131054,3565.0,-1.5003716545182524,0.3418355875214678,23.0,-0.018108543868708082,-0.05951258399163761,-0.0776211278603457,-1.0809149391364388,2006-2008,True
200826,J.J. Barea,-0.7561770241409561,1.2560942408757505,1258.0,-0.7669576843187621,1.254937858229513,18.0,-0.01078066017780599,-0.0011563826462375193,-0.011937042824043509,0.4999172167347944,2006-2008,True
200835,Walter Herrmann,-0.38836790440347974,1.300407186775358,2557.0,-0.40781144110114126,1.319801085062785,50.0,-0.019443536697661523,0.019393898287427103,-4.9638410234420505e-05,0.9120392823718781,2006-2008,True
200839,Mike Harris,-1.0310866513659622,0.7921604598601938,295.0,-1.03107395914605,0.7920515082834091,19.0,1.2692219912180391e-05,-0.00010895157678469936,-9.625935687251896e-05,-0.23892619150576844,2006-2008,True
200978,Jeremy Richardson,-1.3971047487043826,1.4676433028528404,308.0,-1.400698403154989,1.4456668493274916,15.0,-0.0035936544506063317,-0.021976453525348827,-0.02557010797595516,0.07053855414845778,2006-2008,True
201143,Al Horford,-0.48032749562639593,-1.669055068260604,4811.0,-0.5363143138053835,-1.5733655172520633,492.0,-0.055986818178987596,0.09568955100854071,0.03970273282955311,-2.149382563887,2006-2008,False
201151,Acie Law,-1.2522604485997024,1.0917106866468747,1658.0,-1.2592740831138054,1.1329897447821553,109.0,-0.007013634514102973,0.041279058135280655,0.03426542362117768,-0.16054976195282777,2006-2008,True
201152,Thaddeus Young,1.5314859230366047,-0.1406191528538917,3007.0,1.4428695631652881,-0.08834132902282504,296.0,-0.08861635987131655,0.05227782383106666,-0.03633853604024989,1.390866770182713,2006-2008,False
201153,Julian Wright,0.3731445911289634,0.26727727032551474,1195.0,0.4365246321918289,0.2132492625984263,232.0,0.06338004106286549,-0.054028007727088434,0.009352033335777055,0.6404218614544781,2006-2008,False
201155,Rodney Stuckey,0.01932436067706332,0.4007162165162897,1992.0,0.09784627550806975,0.480515503647022,692.0,0.07852191483100643,0.07979928713073231,0.15832120196173874,0.420040577193353,2006-2008,False
201156,Nick Young,-1.2330465971625297,1.7348546396735565,2221.0,-1.234359871137165,1.6985084007515594,39.0,-0.0013132739746353206,-0.036346238921997065,-0.037659512896632386,0.5018080425110267,2006-2008,True
201160,Jason Smith,-2.287694983223116,-0.331369787123147,2151.0,-2.284418431797367,-0.2546454574486111,152.0,0.003276551425749119,0.07672432967453591,0.08000088110028503,-2.619064770346263,2006-2008,True
201166,Aaron Brooks,0.44661955077424503,0.9825090701378074,1135.0,0.3986677992205739,1.0533612472678846,92.0,-0.04795175155367115,0.07085217713007719,0.022900425576406036,1.4291286209120524,2006-2008,True
201167,Arron Afflalo,-0.46716987454899195,-0.15578640923559228,1840.0,-0.5071261951293536,-0.13050239997979887,161.0,-0.03995632058036169,0.02528400925579341,-0.014672311324568282,-0.6229562837845842,2006-2008,True
201171,Carl Landry,0.0026545124698114653,0.7022222877661786,1348.0,-0.07084681389054209,0.5963226918721021,194.0,-0.07350132636035356,-0.10589959589407649,-0.17940092225443005,0.70487680023599,2006-2008,True
201175,Glen Davis,-1.5771932016856076,-1.0888513940596725,1772.0,-1.5546055079582035,-0.9280312101642558,257.0,0.0225876937274041,0.16082018389541664,0.18340787762282074,-2.66604459574528,2006-2008,False
201187,Dominic McGuire,-1.9066844352765053,0.5477970801012731,1314.0,-1.8905433153252775,0.5131876144296946,32.0,0.0161411199512278,-0.03460946567157852,-0.01846834572035072,-1.358887355175232,2006-2008,True
201199,DJ Strawberry,-1.1187027589369236,0.7309576122598935,542.0,-1.1438886409081257,0.7439684855733594,8.0,-0.025185881971202084,0.013010873313465843,-0.012175008657736242,-0.3877451466770301,2006-2008,True
201207,Coby Karl,-0.45216431527557893,0.599569311577068,153.0,-0.46999099628150637,0.6057381372659861,6.0,-0.017826681005927436,0.006168825688918078,-0.011657855317009358,0.14740499630148912,2006-2008,True
201238,Mario West,-0.8169894268161817,-0.051580865781094276,565.0,-0.8140856181118777,-0.10275815727500928,14.0,0.002903808704303956,-0.051177291493915006,-0.04827348278961105,-0.868570292597276,2006-2008,True
87,Dikembe Mutombo,-2.669312946239855,-1.789235993397245,176.0,-2.642891770907082,-1.8421947217598675,33.0,0.026421175332773217,-0.0529587283626225,-0.02653755302984928,-4.4585489396371,2009-2011,True
255,Grant Hill,0.7658412379528604,-0.2692625895632358,14542.0,1.1026175829946288,-0.32236924195394384,860.0,0.33677634504176834,-0.05310665239070805,0.2836696926510603,0.4965786483896246,2009-2011,False
283,Lindsey Hunter,-0.8648727671614153,0.7749577265251049,728.0,-0.8181618731194066,0.7217700051794783,53.0,0.04671089404200868,-0.05318772134562655,-0.006476827303617871,-0.0899150406363104,2009-2011,True
406,Shaquille O'Neal,0.8968162583518564,-2.2519139512586035,8218.0,0.8086705991197862,-2.163239206604932,490.0,-0.08814565923207018,0.08867474465367131,0.0005290854216011276,-1.355097692906747,2009-2011,False
436,Juwan Howard,-2.5473982339475754,1.0848103422390505,4890.0,-2.5182805345940324,1.126477192319316,266.0,0.029117699353542914,0.041666850080265494,0.07078454943380841,-1.4625878917085249,2009-2011,False
467,Jason Kidd,1.8484336489343078,-2.5490095637669645,16308.0,2.285450779851022,-2.628410968240842,2549.0,0.4370171309167141,-0.07940140447387734,0.3576157264428368,-0.7005759148326567,2009-2011,False
686,Antonio McDyess,-0.33687670139744064,-1.3758124951819493,9042.0,-0.6063496976274796,-1.3252135025204639,958.0,-0.26947299623003895,0.050598992661485376,-0.21887400356855358,-1.7126891965793898,2009-2011,False
689,Theo Ratliff,-2.259151410914616,-0.972644447564008,2698.0,-2.2084043990366204,-1.0236878612821765,253.0,0.05074701187799535,-0.05104341371816845,-0.00029640184017309945,-3.2317958584786237,2009-2011,False
693,Joe Smith,-2.226270680306969,0.36906477445539687,3363.0,-2.21775284365163,0.15731611744564464,445.0,0.008517836655339117,-0.21174865700975223,-0.20323082035441312,-1.857205905851572,2009-2011,False
699,Brent Barry,-0.19974077672826784,-0.04772319304868228,1622.0,-0.23552312509255616,-0.021864788017053587,69.0,-0.03578234836428831,0.02585840503162869,-0.009923943332659623,-0.24746396977695012,2009-2011,True
703,Kurt Thomas,-2.318730072083661,-2.572010103372158,6800.0,-2.344231434036604,-2.3661211376978852,639.0,-0.025501361952942947,0.20588896567427284,0.1803876037213299,-4.89074017545582,2009-2011,False
708,Kevin Garnett,0.8297841961364504,-4.232633459966735,11572.0,0.8712262441730588,-4.53163297533702,2028.0,0.04144204803660845,-0.29899951537028535,-0.2575574673336769,-3.4028492638302845,2009-2011,False
711,Jerry Stackhouse,-0.7714781945359226,0.549613673928767,2049.0,-0.8269032930290361,0.4848068280441965,273.0,-0.0554250984931135,-0.06480684588457053,-0.12023194437768403,-0.22186452060715556,2009-2011,False
714,Michael Finley,-0.18068821364802135,0.631033211117065,5630.0,-0.31300997814998377,0.5629466076702017,467.0,-0.13232176450196242,-0.06808660344686335,-0.20040836794882577,0.45034499746904366,2009-2011,False
739,Rasheed Wallace,-0.8252869777280745,-1.6378141132386161,7253.0,-0.9831544139419156,-1.675032626037184,958.0,-0.15786743621384114,-0.037218512798567804,-0.19508594901240894,-2.4631010909666906,2009-2011,False
923,Donyell Marshall,0.6987244093464002,0.2558865028921369,366.0,0.6986627447707554,0.27010764658169656,99.0,-6.166457564482641e-05,0.014221143689559679,0.014159479113914852,0.9546109122385371,2009-2011,True
948,Marcus Camby,-1.6060269853183806,-3.82236594527827,10922.0,-1.7297780928193858,-3.545267953659462,610.0,-0.12375110750100515,0.2770979916188079,0.15334688411780273,-5.428392930596651,2009-2011,False
950,Stephon Marbury,-1.7931090370644696,0.8309857208554746,777.0,-1.8978275360547836,0.8924079682603862,331.0,-0.10471849899031405,0.061422247404911534,-0.04329625158540251,-0.9621233162089949,2009-2011,False
951,Ray Allen,2.3149025646740666,-0.645637900920339,16271.0,2.474512005826356,-0.6995010898757095,3439.0,0.15960944115228948,-0.053863188955370456,0.10574625219691902,1.6692646637537276,2009-2011,False
956,Erick Dampier,-2.3074465921153795,-2.417110446877113,7477.0,-2.2074721167309037,-2.1933119841508013,686.0,0.09997447538447579,0.22379846272631188,0.32377293811078767,-4.724557038992493,2009-2011,False
959,Steve Nash,4.94685233019392,1.3098811337055776,15321.0,5.243632778618571,1.1540937176308774,1038.0,0.29678044842465123,-0.15578741607470015,0.1409930323499511,6.256733463899497,2009-2011,False
965,Derek Fisher,-0.08145168696379423,-0.9860840725788491,13449.0,0.10278993637500539,-0.9990520858126279,3231.0,0.18424162333879962,-0.01296801323377883,0.1712736101050208,-1.0675357595426433,2009-2011,False
977,Kobe Bryant,5.15942930575333,1.5154885456082732,16607.0,5.447667291587052,1.436591508255282,4173.0,0.28823798583372273,-0.07889703735299114,0.2093409484807316,6.674917851361602,2009-2011,False
978,Peja Stojakovic,0.9261177650172242,0.8951797668449443,8871.0,0.8765570027657135,1.03087002231249,938.0,-0.04956076225151074,0.13569025546754576,0.08612949321603502,1.8212975318621685,2009-2011,False
979,Jermaine O'Neal,-2.1668585030080583,-2.4569331555059817,8266.0,-2.1645802817619972,-2.868240143552781,858.0,0.0022782212460610296,-0.4113069880467992,-0.4090287668007382,-4.62379165851404,2009-2011,False
980,Zydrunas Ilgauskas,-1.8022365119895525,-1.8946849654339788,7904.0,-1.8117847648454168,-1.946837045490727,1048.0,-0.009548252855864359,-0.052152080056748096,-0.061700332912612454,-3.6969214774235315,2009-2011,False
1112,Ben Wallace,-1.1707249603588903,-4.291058309157973,8256.0,-1.1666256034935272,-4.134063124827477,309.0,0.004099356865363113,0.15699518433049597,0.1610945411958591,-5.461783269516863,2009-2011,False
1477,Bruce Bowen,-2.5423965092718865,-1.1302819540231548,2809.0,-2.4833576622480087,-1.2733430069432117,238.0,0.05903884702387785,-0.14306105292005689,-0.08402220589617904,-3.6726784632950413,2009-2011,False
1495,Tim Duncan,0.38828461672786296,-3.3123852004985492,13451.0,0.32728197707624235,-3.154382844277599,1394.0,-0.061002639651620616,0.15800235622095027,0.09699971656932965,-2.924100583770686,2009-2011,False
1497,Chauncey Billups,3.1756848620351503,1.634476947751524,14908.0,3.4236764476758053,1.4368880863995304,1681.0,0.24799158564065493,-0.1975888613519936,0.05040272428866133,4.810161809786674,2009-2011,False
1498,Antonio Daniels,-1.0297257730521012,1.168350408041925,1890.0,-1.0878762319607036,1.1251501791233962,117.0,-0.058150458908602376,-0.043200228918528705,-0.10135068782713108,0.1386246349898237,2009-2011,True
1499,Tony Battie,-2.9751596021499584,-0.5350621760075246,3272.0,-3.0222257364035046,-0.47637221128269036,307.0,-0.04706613425354611,0.05868996472483423,0.011623830471288121,-3.510221778157483,2009-2011,False
1501,Tim Thomas,-0.3086417868497019,0.3920462866147522,3030.0,-0.3271056883717789,0.40398678011390377,28.0,-0.018463901522076998,0.01194049349915155,-0.006523408022925448,0.08340449976505032,2009-2011,True
1502,Adonal Foyle,-3.0777002221465706,-1.3176473026470041,124.0,-3.086140124088906,-1.3068917613616582,11.0,-0.00843990194233557,0.010755541285345949,0.0023156393430103783,-4.395347524793575,2009-2011,True
1510,Brevin Knight,-2.202757633069486,-0.7860081303082642,1862.0,-2.2440368498448797,-0.7383821954478447,31.0,-0.04127921677539392,0.04762593486041955,0.006346718085025627,-2.9887657633777502,2009-2011,True
1515,Anthony Parker,-0.11943703889009238,-0.9885391465172326,13534.0,-0.20608314207127573,-0.8454344214786556,655.0,-0.08664610318118335,0.14310472503857707,0.056458621857393726,-1.107976185407325,2009-2011,False
1521,Jacque Vaughn,-1.9508331141464552,0.5495136521625283,530.0,-1.9381434449561947,0.48987873200356374,35.0,0.012689669190260489,-0.0596349201589646,-0.04694525096870411,-1.4013194619839269,2009-2011,True
1533,Anthony Johnson,-0.6817169101363347,-0.2476035534809603,3606.0,-0.6025465567415245,-0.4317860791335976,517.0,0.07917035339481027,-0.18418252565263732,-0.10501217225782705,-0.929320463617295,2009-2011,False
1536,Stephen Jackson,1.2103382476557587,0.3830240504531396,15354.0,1.1332764426866095,0.4352796498441596,278.0,-0.07706180496914916,0.052255599391020036,-0.024806205578129126,1.5933622981088984,2009-2011,False
1563,Kevin Ollie,-1.5185755768503486,0.04027027993279619,2112.0,-1.5314921956059553,0.07994889217128039,10.0,-0.01291661875560668,0.0396786122384842,0.02676199348287752,-1.4783052969175525,2009-2011,True
1630,Mikki Moore,-2.4028593659265765,-0.7837054098639467,3139.0,-2.4628593103960807,-0.7473140940293789,132.0,-0.059999944469504296,0.03639131583456778,-0.023608628634936513,-3.186564775790523,2009-2011,True
1710,Mike Bibby,0.03085050730035821,0.5135762489644922,13489.0,-0.25766242695773034,0.454662610171298,1925.0,-0.28851293425808855,-0.05891363879319417,-0.3474265730512827,0.5444267562648504,2009-2011,False
1712,Antawn Jamison,0.8342659132053498,1.4785358443098273,14225.0,0.8658910371117239,1.63118263728359,725.0,0.031625123906374064,0.1526467929737627,0.18427191688013678,2.312801757515177,2009-2011,False
1713,Vince Carter,1.9279472196164196,-0.8704947538920126,13964.0,2.0265597072035053,-1.2259144180909887,866.0,0.09861248758708574,-0.3554196641989761,-0.25680717661189034,1.057452465724407,2009-2011,False
1715,Jason Williams,0.5631315656208513,0.462795324272832,3876.0,0.608718940578845,0.3660377721175796,329.0,0.0455873749579937,-0.09675755215525239,-0.05117017719725869,1.0259268898936833,2009-2011,False
1716,Larry Hughes,-1.1936163796370316,1.0189459254608744,5156.0,-1.2162807330165801,1.0565231004100177,103.0,-0.02266435337954853,0.037577174949143366,0.014912821569594836,-0.17467045417615723,2009-2011,True
1717,Dirk Nowitzki,3.599865110480619,-0.8013803707339262,16519.0,4.142890045743203,-0.6411690729392467,2685.0,0.5430249352625842,0.16021129779467946,0.7032362330572637,2.798484739746693,2009-2011,False
1718,Paul Pierce,2.2081399146779255,-1.7084343822844918,15642.0,2.112849959745858,-1.9062582884894963,3427.0,-0.09528995493206738,-0.19782390620500445,-0.29311386113707183,0.4997055323934336,2009-2011,False
1723,Matt Harpring,-1.4469818643076173,-0.3177543440335367,1293.0,-1.483091006306625,-0.3600688577639231,101.0,-0.03610914199900761,-0.042314513730386416,-0.07842365572939403,-1.764736208341154,2009-2011,True
1731,Tyronn Lue,-0.8909918192615419,1.1210617026780356,1014.0,-0.8833866716716833,1.124573472244142,11.0,0.007605147589858641,0.0035117695661064374,0.011116917155965078,0.2300698834164937,2009-2011,True
1733,Al Harrington,0.0933107105093206,1.7429919686328506,12854.0,0.07404154775169064,1.7380605939051026,135.0,-0.019269162757629965,-0.004931374727747961,-0.024200537485377926,1.8363026791421713,2009-2011,True
1737,Nazr Mohammed,-1.692046649726322,-1.171166872938382,4871.0,-1.6228537209244525,-1.2503242723743888,371.0,0.06919292880186956,-0.07915739943600686,-0.009964470634137301,-2.863213522664704,2009-2011,False
1740,Rashard Lewis,0.6816054530922356,-1.5530943290611083,13636.0,1.0374473122332386,-1.6703191230481476,2761.0,0.35584185914100297,-0.11722479398703922,0.23861706515396375,-0.8714888759688727,2009-2011,False
1747,Rafer Alston,-1.201220821770375,-0.22434267576309627,7468.0,-1.1389963947085446,-0.15670249511038684,1388.0,0.0622244270618304,0.06764018065270944,0.12986460771453984,-1.4255634975334712,2009-2011,False
1752,Sean Marks,-4.023303968657414,-0.45424403832585825,2103.0,-4.071433085281831,-0.42723356504764526,154.0,-0.0481291166244171,0.027010473278212987,-0.021118643346204113,-4.477548006983272,2009-2011,True
1763,Ryan Bowen,-1.5898405772282365,-0.8358393024691472,431.0,-1.5849390410685005,-0.827659167108409,4.0,0.004901536159735986,0.008180135360738139,0.013081671520474125,-2.4256798796973835,2009-2011,True
1802,Brad Miller,-0.6357951222641287,-0.17165397899306606,9925.0,-0.6238607182933862,-0.33382529224620083,541.0,0.011934403970742524,-0.16217131325313477,-0.15023690928239225,-0.8074491012571947,2009-2011,False
1853,Anthony Carter,-1.127405428698793,-0.3371603368634021,6219.0,-0.960429236457899,-0.38817714910223927,550.0,0.16697619224089388,-0.051016812238837195,0.11595938000205669,-1.4645657655621949,2009-2011,False
1882,Elton Brand,-1.2806768245834432,-2.0043392469143777,11454.0,-1.1620362035910736,-2.008529457572959,325.0,0.1186406209923696,-0.004190210658581162,0.11445041033378844,-3.2850160714978207,2009-2011,False
1885,Lamar Odom,0.9737309959131113,-2.6346783644766654,14636.0,1.388884393370578,-2.6807762874751364,3194.0,0.4151533974574666,-0.04609792299847104,0.36905547445899556,-1.660947368563554,2009-2011,False
1887,Wally Szczerbiak,-0.4040683424400376,0.4377341536289465,2845.0,-0.3927118783292022,0.5057315063134855,284.0,0.011356464110835407,0.06799735268453899,0.0793538167953744,0.033665811188908934,2009-2011,False
1888,Richard Hamilton,-0.1827534287770572,1.337328744738489,9933.0,-0.364344433665203,1.4580274121695576,265.0,-0.18159100488814583,0.12069866743106861,-0.06089233745707723,1.1545753159614318,2009-2011,False
1889,Andre Miller,1.7042625169762395,0.035587485396080476,14945.0,1.5749467165094815,0.5195722220747603,1186.0,-0.12931580046675806,0.4839847366786798,0.35466893621192175,1.73985000237232,2009-2011,False
1890,Shawn Marion,-0.6957630333732816,-0.31656503757589904,13706.0,-0.4577584704024379,-0.6074472119349061,1538.0,0.2380045629708437,-0.2908821743590071,-0.05287761138816338,-1.0123280709491806,2009-2011,False
1891,Jason Terry,1.660092912104811,1.6308932839644275,14654.0,2.1675973328139695,2.0725673952793113,2221.0,0.5075044207091586,0.4416741113148839,0.9491785320240425,3.2909861960692384,2009-2011,False
1897,Metta World Peace,0.2324934268963365,-2.00064048332442,14212.0,0.47294510742045404,-1.8377457797209205,2990.0,0.24045168052411753,0.16289470360349934,0.40334638412761686,-1.7681470564280832,2009-2011,False
1899,James Posey,-1.3034037954552122,-0.08002624089241778,8904.0,-1.4780597939933502,-0.09820195466752776,236.0,-0.17465599853813796,-0.018175713775109986,-0.19283171231324794,-1.38343003634763,2009-2011,False
1902,Jeff Foster,-0.22167409807699945,-1.8357353808561485,5999.0,-0.11966824403664983,-1.891336234350378,168.0,0.10200585404034962,-0.055600853494229385,0.046405000546120234,-2.057409478933148,2009-2011,True
1905,Andrei Kirilenko,0.5425039206543338,-1.847362669742258,10723.0,0.45258588099445374,-1.8136245754056257,325.0,-0.0899180396598801,0.03373809433663233,-0.05617994532324777,-1.3048587490879242,2009-2011,False
1913,Michael Ruffin,-2.003708420703773,-0.6782589665703571,68.0,-1.9928083271893862,-0.6723101672621143,8.0,0.010900093514387033,0.005948799308242769,0.016848892822629802,-2.6819673872741303,2009-2011,True
1938,Manu Ginobili,4.213651173113263,-0.8654557803483396,11248.0,4.031742425393373,-0.8525179371489751,996.0,-0.18190874771988952,0.01293784319936453,-0.168970904520525,3.3481953927649233,2009-2011,False
2030,Kenyon Martin,-1.0583858761011549,-2.255645940659018,10548.0,-0.8863225493526123,-2.1940643814416245,1748.0,0.17206332674854252,0.06158155921739361,0.23364488596593613,-3.314031816760173,2009-2011,False
2034,Mike Miller,-0.43992823684686877,1.2445017777108844,9577.0,-0.46172601649305073,1.0157277351190461,403.0,-0.02179777964618196,-0.2287740425918383,-0.25057182223802027,0.8045735408640157,2009-2011,False
2037,Jamal Crawford,2.1630245758043016,3.0786157203590823,14237.0,2.0413930007733154,3.5144931458870903,1298.0,-0.1216315750309862,0.435877425528008,0.3142458504970218,5.241640296163384,2009-2011,False
2038,Joel Przybilla,-3.2370442963850268,-3.8662396065786093,5713.0,-3.2328670001671065,-3.7340406122553658,269.0,0.00417729621792029,0.13219899432324356,0.13637629054116385,-7.103283902963636,2009-2011,False
2041,Etan Thomas,-3.77138150433196,0.02548323988805623,1321.0,-3.7554180337336986,0.1070032226942293,45.0,0.01596347059826142,0.08151998280617306,0.09748345340443448,-3.7458982644439036,2009-2011,True
2045,Hedo Turkoglu,1.058799173298818,-0.06687834559895617,14626.0,1.0502066472663139,0.07436754636539611,2082.0,-0.008592526032504155,0.14124589196435228,0.13265336593184812,0.9919208276998619,2009-2011,False
2047,Quentin Richardson,0.1874821326773347,0.25298864406914545,9549.0,0.0955816469829689,0.16982202062478063,473.0,-0.0919004856943658,-0.08316662344436482,-0.17506710913873064,0.44047077674648016,2009-2011,False
2048,Jamaal Magloire,-2.345940688404202,-1.0450155395324314,2245.0,-2.35798670705312,-0.8992813849694501,127.0,-0.012046018648918189,0.14573415456298133,0.13368813591406314,-3.390956227936633,2009-2011,True
2049,Speedy Claxton,-1.0224922827503156,-0.058596572397687084,28.0,-1.0119514828505207,-0.07600135567545722,6.0,0.01054079989979484,-0.01740478327777014,-0.006863983377975301,-1.0810888551480027,2009-2011,True
2050,Morris Peterson,-0.8111772652304192,0.9872044486416611,2892.0,-0.8598003028851031,1.02123250160574,39.0,-0.0486230376546839,0.03402805296407885,-0.01459498469060505,0.1760271834112419,2009-2011,True
2052,DeShawn Stevenson,-1.041976904135447,0.9688750588882289,5613.0,-1.1992183868449295,0.7108360790531312,606.0,-0.15724148270948257,-0.2580389798350977,-0.4152804625445803,-0.07310184524721808,2009-2011,False
2056,Primoz Brezec,-3.370260878509601,-0.002937547233852228,191.0,-3.3916051661307396,0.011142106335554635,48.0,-0.02134428762113849,0.014079653569406863,-0.007264634051731628,-3.3731984257434533,2009-2011,True
2059,Eduardo Najera,-1.9126629557370114,-0.9457168662188887,2645.0,-1.9740916412761753,-0.9747046038772281,69.0,-0.06142868553916392,-0.028987737658339396,-0.09041642319750332,-2.8583798219559,2009-2011,True
2067,Eddie House,0.6771601498861342,0.7454292248746901,6976.0,0.5672890532467707,0.8256487671291647,553.0,-0.10987109663936345,0.08021954225447459,-0.029651554384888867,1.4225893747608243,2009-2011,False
2073,Brian Cardinal,-0.03209822066510065,-0.01923000441371714,3458.0,0.03515447839480444,-0.024756038575506033,74.0,0.0672526990599051,-0.005526034161788894,0.0617266648981162,-0.05132822507881779,2009-2011,True
2078,Jason Hart,-2.1133740524114994,0.27583923877059857,718.0,-2.129421984239627,0.29659487440538895,42.0,-0.01604793182812747,0.02075563563479038,0.004707703806662911,-1.8375348136409009,2009-2011,True
2124,Malik Allen,-3.074847554842294,0.4220666542597393,2347.0,-3.0764027784334225,0.46858114920783167,38.0,-0.001555223591128474,0.046514494948092344,0.04495927135696387,-2.6527809005825547,2009-2011,True
2137,Ime Udoka,-0.06164080446918152,-1.1108141386518773,4070.0,-0.04346334808160733,-1.128947952827559,191.0,0.01817745638757419,-0.018133814175681717,4.3642211892472305e-05,-1.1724549431210587,2009-2011,True
2198,Kwame Brown,-3.01709177033337,-0.2413157140086739,6111.0,-3.0328927068716323,-0.1317450127873258,80.0,-0.01580093653826209,0.1095707012213481,0.09376976468308601,-3.258407484342044,2009-2011,True
2199,Tyson Chandler,-1.3830757238044726,-1.8708274984110482,8744.0,-1.2805553951517965,-1.9775124520420104,1501.0,0.10252032865267613,-0.1066849536309622,-0.004164624978286069,-3.253903222215521,2009-2011,False
2200,Pau Gasol,2.385759208237388,-0.7049075496542551,16307.0,2.5940970754606942,-0.8349048331053717,4154.0,0.20833786722330627,-0.1299972834511166,0.07834058377218966,1.680851658583133,2009-2011,False
2202,Jason Richardson,1.3090836869901832,0.9484381849110646,15056.0,1.4461516841196866,0.8483764515115014,1299.0,0.13706799712950346,-0.10006173339956315,0.037006263729940314,2.2575218719012478,2009-2011,False
2203,Shane Battier,0.4849188109274176,-1.35643041980945,12671.0,0.4989028068011551,-1.4821885934568235,1561.0,0.013983995873737498,-0.12575817364737363,-0.11177417777363613,-0.8715116088820323,2009-2011,False
2207,Joe Johnson,2.653764207625429,1.2654965498111546,15934.0,2.3491672069245455,1.397815926659255,2385.0,-0.3045970007008836,0.13231937684810036,-0.17227762385278322,3.9192607574365836,2009-2011,False
2210,Richard Jefferson,0.14411156250178114,-0.7180563546591869,15161.0,-0.052821062921564854,-0.7006606148483022,964.0,-0.196932625423346,0.017395739810884714,-0.17953688561246128,-0.5739447921574058,2009-2011,False
2211,Troy Murphy,-0.24501661509023578,0.6166887263330526,10595.0,-0.2552694525427448,0.6280241327697834,7.0,-0.010252837452509017,0.01133540643673081,0.0010825689842217934,0.37167211124281685,2009-2011,True
2215,Jason Collins,-4.124980676475585,-2.217644193576626,2094.0,-4.210860511830651,-2.3342367787815443,295.0,-0.08587983535506627,-0.11659258520491855,-0.20247242055998482,-6.3426248700522105,2009-2011,False
2216,Zach Randolph,1.2758325122528718,-0.4304732578959768,14520.0,1.393961996144776,-0.31755594817872607,957.0,0.11812948389190425,0.11291730971725072,0.23104679360915498,0.845359254356895,2009-2011,False
2217,Brendan Haywood,-2.666255145845059,-1.6391077163800265,7368.0,-2.2454924725863643,-1.6108969866371585,760.0,0.4207626732586949,0.02821072974286798,0.44897340300156285,-4.305362862225086,2009-2011,False
2222,Gerald Wallace,0.08418260672847702,-2.7603427305726873,15835.0,0.07516403210221567,-2.6062191640279986,690.0,-0.00901857462626135,0.15412356654468873,0.14510499191842738,-2.6761601238442103,2009-2011,False
2223,Samuel Dalembert,-2.4987764674204542,-2.1397091656703657,11609.0,-2.5609491719114588,-2.1130698878302994,243.0,-0.06217270449100454,0.026639277840066367,-0.03553342665093817,-4.63848563309082,2009-2011,False
2225,Tony Parker,1.5022519344346013,-0.3267248063696553,12791.0,1.4699192044559042,-0.21748663894951015,1393.0,-0.03233272997869707,0.10923816742014514,0.07690543744144807,1.175527128064946,2009-2011,False
2230,Maurice Evans,-0.4292769645086205,0.9334269705522327,9061.0,-0.6698509184949772,1.3174833054826087,726.0,-0.24057395398635673,0.38405633493037605,0.14348238094401933,0.5041500060436122,2009-2011,False
2240,Gilbert Arenas,0.24656847915100172,0.27203739098414603,5931.0,0.26080556357281254,0.33689163464467275,145.0,0.01423708442181082,0.06485424366052672,0.07909132808233754,0.5186058701351477,2009-2011,True
2243,Brian Scalabrine,-1.4899197592821103,0.044776137013890105,2061.0,-1.4110628910352887,0.17292301135646462,454.0,0.07885686824682159,0.12814687434257452,0.2070037425893961,-1.4451436222682201,2009-2011,False
2246,Mehmet Okur,-0.08783054913981574,-1.0951514187631162,9253.0,-0.06435555319147389,-1.0367700139654694,101.0,0.023474995948341848,0.05838140479764675,0.0818564007459886,-1.1829819679029319,2009-2011,True
2260,Jarron Collins,-3.379565779758788,-0.6517011415552699,1259.0,-3.425865674317447,-0.9137477623144579,278.0,-0.046299894558659016,-0.26204662075918794,-0.30834651531784696,-4.031266921314058,2009-2011,False
2294,Charlie Bell,-0.8468750997289689,0.10778253764554824,6940.0,-0.8398356713245656,0.13273840368027004,19.0,0.007039428404403303,0.024955866034721802,0.031995294439125105,-0.7390925620834207,2009-2011,True
2306,Carlos Arroyo,-1.6780732949081774,0.09583568375074136,5109.0,-1.7553841482728387,-0.03270920477426867,207.0,-0.07731085336466137,-0.12854488852501003,-0.2058557418896714,-1.5822376111574359,2009-2011,False
2365,Chris Andersen,-0.283463149529249,-2.0824737502364656,7770.0,-0.056220277876478236,-2.094107988509275,1005.0,0.22724287165277077,-0.011634238272809405,0.21560863337996136,-2.365936899765715,2009-2011,False
2397,Yao,1.367821237144577,-3.3479575958230448,5022.0,1.2913317366058212,-3.480761561127841,576.0,-0.0764895005387558,-0.1328039653047961,-0.2092934658435519,-1.9801363586784677,2009-2011,False
2399,Mike Dunleavy,-0.04138692807273392,-0.266333941292916,7445.0,0.041700621956118636,-0.28480457423547256,139.0,0.08308755002885256,-0.018470632942556575,0.06461691708629598,-0.3077208693656499,2009-2011,True
2400,Drew Gooden,-2.5477283725667483,0.0009910257319806354,7393.0,-2.5925319879779143,-0.0363910581275811,131.0,-0.044803615411165953,-0.03738208385956174,-0.08218569927072769,-2.546737346834768,2009-2011,True
2403,Nene,1.415751573718111,-3.3103597317162183,14778.0,1.4969327225020084,-3.406046934189116,1669.0,0.08118114878389737,-0.09568720247289786,-0.014506053689000487,-1.8946081579981073,2009-2011,False
2405,Amar'e Stoudemire,1.5894828958282783,-0.20901703177533115,15231.0,1.7691577996496601,-0.2165994279135347,1357.0,0.17967490382138185,-0.007582396138203551,0.1720925076831783,1.380465864052947,2009-2011,False
2406,Caron Butler,0.5942176116942348,-0.16681251904130986,12025.0,0.5018572529690118,-0.22973894352683985,382.0,-0.09236035872522297,-0.06292642448552999,-0.15528678321075295,0.4274050926529249,2009-2011,False
2407,Jared Jeffries,-1.0380903041517495,-2.135519665929459,7243.0,-1.0406974702335223,-2.1765639840794555,158.0,-0.002607166081772805,-0.04104431814999643,-0.04365148423176923,-3.1736099700812086,2009-2011,True
2419,Tayshaun Prince,0.7588695004538188,0.47838221512658563,13283.0,0.6343188878367945,0.5392967073763739,219.0,-0.12455061261702438,0.06091449224978829,-0.0636361203672361,1.2372517155804044,2009-2011,False
2420,Nenad Krstic,-2.9970583346387962,-1.178834107682758,8644.0,-3.1492710943070223,-1.080135497484574,344.0,-0.15221275966822612,0.09869861019818393,-0.05351414947004218,-4.175892442321555,2009-2011,False
2422,John Salmons,-0.8118928724488261,0.3171354830435846,15928.0,-0.7994868382606636,0.37172322149784787,1109.0,0.012406034188162551,0.05458773845426329,0.06699377264242584,-0.49475738940524155,2009-2011,False
2427,Roger Mason Jr.,-0.07638494065904575,0.4084887139578308,8106.0,-0.1304471368498163,0.7310250590425673,430.0,-0.054062196190770545,0.3225363450847365,0.2684741488939659,0.33210377329878504,2009-2011,False
2429,Dan Gadzuric,-1.9207163174898185,-2.154435278695153,3328.0,-1.9554706591891364,-2.186116475847626,142.0,-0.0347543416993179,-0.03168119715247286,-0.06643553885179077,-4.075151596184972,2009-2011,True
2430,Carlos Boozer,0.5115617713870247,-0.4204282043819184,11163.0,0.5999611719502334,-0.3855239149979375,2079.0,0.08839940056320861,0.034904289383980935,0.12330368994718954,0.09113356700510633,2009-2011,False
2436,Flip Murray,0.32862218299175305,0.5699828657476846,6968.0,0.36245030000509826,0.6346447597093118,768.0,0.033828117013345205,0.06466189396162714,0.09849001097497234,0.8986050487394377,2009-2011,False
2440,Matt Barnes,1.0194568739710508,0.6458266049987927,10195.0,1.1291483368825315,0.5401182836216988,832.0,0.10969146291148069,-0.10570832137709396,0.003983141534386725,1.6652834789698434,2009-2011,False
2446,Rasual Butler,-1.285336047946974,0.22756567544863696,11578.0,-1.396286102053508,0.3594001190926094,306.0,-0.11095005410653402,0.13183444364397243,0.020884389537438403,-1.057770372498337,2009-2011,False
2449,Luis Scola,0.4321868712919936,-0.9782057032555245,14740.0,0.3997115341195496,-1.0888218287903262,772.0,-0.032475337172444,-0.11061612553480171,-0.1430914627072457,-0.5460188319635308,2009-2011,False
2457,Jannero Pargo,-1.1135465215089815,1.7762119847255597,1631.0,-1.1246881774489554,1.7721043279199404,15.0,-0.01114165593997396,-0.004107656805619309,-0.015249312745593269,0.6626654632165783,2009-2011,True
2484,Devin Brown,-1.3913188473154654,-0.3881540691911289,3667.0,-1.4627837677626985,-0.3709418654960853,68.0,-0.07146492044723307,0.01721220369504356,-0.05425271675218951,-1.7794729165065943,2009-2011,True
2501,Reggie Evans,-1.759719315056737,-0.3355482220728221,4242.0,-1.8186228636295882,-0.29521816221916153,69.0,-0.058903548572851294,0.04033005985366056,-0.018573488719190734,-2.0952675371295593,2009-2011,True
2544,LeBron James,7.891987471163427,-1.6354354545264784,17305.0,7.777802968716452,-1.6522037054278553,3585.0,-0.11418450244697453,-0.016768250901376902,-0.13095275334835144,6.256552016636949,2009-2011,False
2546,Carmelo Anthony,3.21987253031582,1.083196448914672,15175.0,3.5776922314432733,0.9255853439515922,1991.0,0.3578197011274531,-0.15761110496307973,0.20020859616437336,4.303068979230492,2009-2011,False
2547,Chris Bosh,1.8801997492913893,-1.0646101202663507,15803.0,1.5132430298720934,-1.4389848799278686,1481.0,-0.366956719419296,-0.3743747596615179,-0.7413314790808139,0.8155896290250386,2009-2011,False
2548,Dwyane Wade,5.980657903836134,-0.7736525513121973,16572.0,5.589401935816919,-0.9833718562535028,2397.0,-0.39125596801921514,-0.20971930494130542,-0.6009752729605206,5.207005352523937,2009-2011,False
2550,Kirk Hinrich,-1.1268599326594866,-0.8347749809120355,11596.0,-1.18623432052651,-0.8846675076984887,1108.0,-0.059374387867023426,-0.04989252678645317,-0.1092669146534766,-1.961634913571522,2009-2011,False
2551,T.J. Ford,-0.9480225512853859,0.05585752428220225,8480.0,-0.9352930666895851,0.007904830311889627,26.0,0.01272948459580081,-0.047952693970312626,-0.035223209374511816,-0.8921650270031837,2009-2011,True
2554,Mickael Pietrus,-1.1167752931709283,0.16540146460127447,7936.0,-0.9119936231525805,0.06956611331810927,1661.0,0.2047816700183478,-0.0958353512831652,0.1089463187351826,-0.9513738285696538,2009-2011,False
2555,Nick Collison,-1.2935958072258429,-2.072698869483778,9542.0,-0.9858841113044348,-2.2512012325333415,1026.0,0.3077116959214081,-0.17850236304956368,0.12920933287184444,-3.3662946767096207,2009-2011,False
2557,Luke Ridnour,0.15676383273231007,0.41928020094046636,11696.0,0.05660119320417943,0.525736825735566,223.0,-0.10016263952813063,0.10645662479509965,0.006293985266969018,0.5760440336727765,2009-2011,False
2561,David West,1.116763977464021,0.2872465175549994,15718.0,0.9704257861819028,0.36975439350538786,330.0,-0.14633819128211822,0.08250787595038844,-0.06383031533172978,1.4040104950190204,2009-2011,False
2562,Sasha Pavlovic,-2.394703148782286,1.30653729106254,4477.0,-2.4360085623795507,1.151972810349047,181.0,-0.041305413597264806,-0.15456448071349294,-0.19586989431075774,-1.088165857719746,2009-2011,True
2563,Dahntay Jones,-2.2813714478128633,0.2279802033505783,7810.0,-2.1793757149971893,0.0762540140320685,619.0,0.10199573281567398,-0.1517261893185098,-0.049730456502835835,-2.053391244462285,2009-2011,False
2564,Boris Diaw,-0.2706043743595413,-0.04031644167623682,15806.0,-0.334727910454065,0.021711260196281987,279.0,-0.0641235360945237,0.062027701872518805,-0.0020958342220048984,-0.31092081603577815,2009-2011,False
2566,Travis Outlaw,-1.1888326261322288,1.0847068406808948,10018.0,-1.2440104006378216,1.0542006402895836,313.0,-0.0551777745055928,-0.030506200391311245,-0.08568397489690405,-0.104125785451334,2009-2011,False
2567,Brian Cook,-1.3814505581892418,0.3809009018584396,1313.0,-1.4377921740003459,0.42220753362149566,64.0,-0.056341615811104084,0.041306631763056045,-0.015034984048048039,-1.000549656330802,2009-2011,True
2568,Carlos Delfino,-0.23310418054437376,-0.3920950884691212,7302.0,-0.23155081451194723,-0.23340609992475717,395.0,0.0015533660324265341,0.15868898854436406,0.1602423545767906,-0.625199269013495,2009-2011,False
2570,Kendrick Perkins,-1.7145294567843807,-1.3956824745457903,9746.0,-1.8549420900385285,-1.6284831690929766,2927.0,-0.14041263325414777,-0.23280069454718633,-0.3732133278013341,-3.110211931330171,2009-2011,False
2571,Leandro Barbosa,0.7247989944735136,1.9106469665683272,7814.0,0.815709770280267,1.7241902105560756,463.0,0.09091077580675344,-0.18645675601225165,-0.0955459802054982,2.6354459610418406,2009-2011,False
2572,Josh Howard,0.5926337087410443,-0.2520371109291826,5809.0,0.6469285983387778,-0.14876085981752013,562.0,0.05429488959773354,0.10327625111166244,0.15757114070939598,0.3405965978118617,2009-2011,False
2575,Luke Walton,-0.9632825442629431,-0.034337273410472324,3720.0,-0.9095713458988685,-0.26527010065251844,814.0,0.053711198364074675,-0.2309328272420461,-0.17722162887797144,-0.9976198176734155,2009-2011,False
2581,Steve Blake,0.5225746305543697,0.49004936629351264,10977.0,0.4751877764832005,0.6454740370053547,654.0,-0.047386854071169215,0.15542467071184202,0.1080378166406728,1.0126239968478823,2009-2011,False
2584,Willie Green,-1.2417283943953157,0.024992631857297054,9519.0,-1.2469706997698111,0.2678855960625891,422.0,-0.005242305374495437,0.24289296420529205,0.2376506588307966,-1.2167357625380186,2009-2011,False
2585,Zaza Pachulia,-1.6343199075402322,-0.4294396802705409,7112.0,-1.6864777810570306,-0.31096268795089627,1076.0,-0.05215787351679846,0.11847699231964465,0.06631911880284619,-2.063759587810773,2009-2011,False
2586,Keith Bogans,-0.2980618889079609,-0.5915941018256005,8213.0,-0.44613411027005,-0.8853000538175415,656.0,-0.14807222136208908,-0.29370595199194105,-0.44177817335403013,-0.8896559907335614,2009-2011,False
2588,Matt Bonner,2.2574731708721036,-1.2408922675553837,8501.0,2.0593759948510924,-1.0785839666790453,760.0,-0.1980971760210113,0.1623083008763384,-0.03578887514467288,1.01658090331672,2009-2011,False
2590,Mo Williams,0.8349521984982049,-0.09473754718273664,13131.0,1.1068807232138171,-0.1160751083244483,1739.0,0.27192852471561224,-0.02133756114171166,0.2505909635739006,0.7402146513154683,2009-2011,False
2592,James Jones,-0.16937019494894068,0.6565057648758078,5045.0,-0.13896594787615815,0.6578293413374015,906.0,0.030404247072782525,0.0013235764615936452,0.03172782353437617,0.48713556992686713,2009-2011,False
2594,Kyle Korver,0.8597183859635422,-0.597351863564931,8704.0,0.9575731883061765,-0.6804334134103653,1214.0,0.09785480234263433,-0.08308154984543437,0.014773252497199962,0.26236652239861125,2009-2011,False
2605,Marquis Daniels,-0.5917506684329874,-0.44974424610888136,6952.0,-0.5968310851781724,-0.47042788115426265,75.0,-0.005080416745185001,-0.020683635045381288,-0.02576405179056629,-1.0414949145418688,2009-2011,True
2617,Udonis Haslem,-1.7670042807824469,-0.521506577154256,9634.0,-1.884039507293578,-0.47404676385509664,1157.0,-0.11703522651113119,0.047459813299159326,-0.06957541321197186,-2.2885108579367026,2009-2011,False
2669,Linton Johnson,-2.568433544396926,0.5815310992602704,104.0,-2.5356891807842104,0.5557334967589352,20.0,0.0327443636127156,-0.025797602501335115,0.006946761111380484,-1.9869024451366557,2009-2011,True
2679,Matt Carroll,-2.077868991505221,1.0136529975695658,2526.0,-2.0933335443512995,0.9906425953108162,33.0,-0.015464552846078394,-0.023010402258749618,-0.03847495510482801,-1.0642159939356552,2009-2011,True
2694,Josh Powell,-3.6308896287306154,1.8897263492477174,3794.0,-3.6496014615829218,2.0827793112071182,329.0,-0.018711832852306376,0.1930529619594008,0.17434112910709443,-1.741163279482898,2009-2011,False
2730,Dwight Howard,2.4734787159390246,-4.135537215344643,16441.0,2.4129276888941025,-4.173888558217031,3019.0,-0.0605510270449221,-0.03835134287238784,-0.09890236991730994,-1.6620584994056182,2009-2011,False
2731,Emeka Okafor,-2.3519486640596705,-1.9013795671563511,13734.0,-2.3825324302102806,-1.8281144729018637,332.0,-0.030583766150610092,0.07326509425448746,0.04268132810387737,-4.253328231216022,2009-2011,False
2732,Ben Gordon,0.9679016958233373,2.1961311459347255,13093.0,0.9743860146622858,2.127162520055824,590.0,0.006484318838948511,-0.06896862587890151,-0.062484307039953,3.164032841758063,2009-2011,False
2736,Luol Deng,0.3943769874782854,-1.7384190474131695,14508.0,0.46398005374877604,-2.098645463900559,1645.0,0.06960306627049062,-0.3602264164873896,-0.290623350216899,-1.3440420599348841,2009-2011,False
2738,Andre Iguodala,1.4015156487394405,-1.5195218187670456,17004.0,1.3800261007380104,-1.4382648257195079,817.0,-0.021489548001430103,0.08125699304753775,0.05976744504610765,-0.11800617002760516,2009-2011,False
2746,Josh Smith,1.1799390544008062,-2.610915773462629,14804.0,0.8154550406075707,-2.3570941681079782,2174.0,-0.3644840137932355,0.2538216053546507,-0.11066240843858477,-1.4309767190618228,2009-2011,False
2747,JR Smith,2.6863177658525554,0.2519322672367502,12592.0,2.804699044517979,0.46987905039030853,1336.0,0.11838127866542347,0.2179467831535583,0.3363280618189818,2.9382500330893055,2009-2011,False
2748,Dorell Wright,0.4881812937498831,0.056936364240940604,9193.0,0.45817675104140887,0.04128790401545451,214.0,-0.030004542708474247,-0.01564846022548609,-0.04565300293396034,0.5451176579908237,2009-2011,False
2749,Jameer Nelson,1.7184927040530604,-0.8328921050335829,10451.0,1.6652214081110812,-1.024637277075132,1441.0,-0.05327129594197921,-0.19174517204154906,-0.24501646798352827,0.8856005990194775,2009-2011,False
2753,Delonte West,0.1406412906757435,-0.9771443727055913,7681.0,0.18265595350960614,-0.8589475030940055,1874.0,0.042014662833862654,0.11819686961158582,0.16021153244544847,-0.8365030820298478,2009-2011,False
2754,Tony Allen,-0.25000392350184597,-2.162857800592583,6331.0,-0.33576230902932047,-2.439049946032344,1488.0,-0.0857583855274745,-0.2761921454397607,-0.3619505309672352,-2.4128617240944292,2009-2011,False
2756,Sasha Vujacic,-0.3462996282383439,0.8141829593655423,6886.0,-0.332938044541665,0.6621502011039615,644.0,0.013361583696678947,-0.1520327582615808,-0.13867117456490186,0.4678833311271984,2009-2011,False
2760,Anderson Varejao,-0.06011613961659279,-1.6832480192872108,10249.0,0.1518146471589544,-1.8111414139280768,1240.0,0.2119307867755472,-0.12789339464086602,0.08403739213468117,-1.7433641589038036,2009-2011,False
2767,Royal Ivey,-0.9107398717756359,1.007502659041221,2645.0,-0.9095453161781556,1.0227246208841843,121.0,0.0011945555974802735,0.015221961842963205,0.01641651744044348,0.09676278726558518,2009-2011,True
2768,Chris Duhon,-0.6495922477992336,1.0605023348809641,11448.0,-0.6446806978450681,1.0691764470016771,9.0,0.004911549954165539,0.008674112120713007,0.013585662074878546,0.4109100870817305,2009-2011,True
2772,Trevor Ariza,-0.1921195592884669,-1.2728444476769147,14017.0,-0.09577517795681567,-1.3815898264180293,1798.0,0.09634438133165124,-0.10874537874111456,-0.012400997409463321,-1.4649640069653818,2009-2011,False
2788,DJ Mbenga,-3.473644823807162,-1.8536012155019028,1651.0,-3.4304514538877617,-1.8829344951510871,107.0,0.04319336991940048,-0.029333279649184307,0.013860090270216174,-5.327246039309065,2009-2011,True
2804,Andres Nocioni,-0.46959320587525943,1.6697364079708668,8669.0,-0.48493321502064735,1.6841596714423153,17.0,-0.015340009145387912,0.01442326347144851,-0.0009167456739394009,1.2001432020956073,2009-2011,True
2853,Earl Barron,-1.2810787020400023,0.23325169266934184,1009.0,-1.2788320999106964,0.23325169266934184,1.0,0.0022466021293059413,0.0,0.0022466021293059413,-1.0478270093706605,2009-2011,True
2863,Damien Wilkins,-2.328996840566046,0.15094152558317395,5708.0,-2.3006966409643823,0.11988841450170183,72.0,0.028300199601663856,-0.031053111081472115,-0.0027529114798082593,-2.1780553149828723,2009-2011,True
101107,Marvin Williams,-0.34739122136466477,-0.33440191701526073,11943.0,-0.5552120668508574,-0.17873259026308685,1189.0,-0.20782084548619267,0.15566932675217388,-0.0521515187340188,-0.6817931383799255,2009-2011,False
101108,Chris Paul,5.486760994393564,-1.5223037063100944,14239.0,5.3739762479259925,-1.4165558066770818,829.0,-0.11278474646757175,0.10574789963301257,-0.007036846834559185,3.96445728808347,2009-2011,False
101109,Raymond Felton,1.2507644118956822,-0.33960819616644916,16262.0,1.2239934063677262,-0.17594892232328135,546.0,-0.02677100552795597,0.1636592738431678,0.13688826831521184,0.911156215729233,2009-2011,False
101110,Martell Webster,0.15141926580048543,0.524271335053017,5907.0,0.09092685905189606,0.5761687036414048,283.0,-0.06049240674858937,0.05189736858838778,-0.008595038160201587,0.6756906008535024,2009-2011,False
101112,Channing Frye,1.1047270575175911,-0.2530469850974665,10731.0,1.3683840973252368,-0.32442913351531716,885.0,0.26365703980764565,-0.07138214841785068,0.19227489138979498,0.8516800724201247,2009-2011,False
101114,Deron Williams,3.936368781718712,2.047095263331,15135.0,3.9351110241887426,2.0167929995838954,1215.0,-0.0012577575299692612,-0.03030226374710443,-0.03156002127707369,5.983464045049711,2009-2011,False
101115,Andrew Bynum,-0.4037090261213365,-2.0549651254703107,9360.0,-0.5652198118891554,-2.1221788497822165,2319.0,-0.16151078576781885,-0.06721372431190575,-0.2287245100797246,-2.458674151591647,2009-2011,False
101120,Antoine Wright,0.17947184658773052,0.8064355133564216,5742.0,0.21010645807875133,0.8730710638622703,314.0,0.030634611491020813,0.06663555050584868,0.0972701619968695,0.9859073599441521,2009-2011,False
101121,Joey Graham,-2.511049710848795,0.15641287332320786,5627.0,-2.5146707063317986,0.15884504829489876,64.0,-0.003620995483003764,0.0024321749716909036,-0.0011888205113128603,-2.354636837525587,2009-2011,True
101122,Danny Granger,2.8387014491193128,-0.8876430554187982,14956.0,2.761401326324985,-0.8550754449011659,348.0,-0.07730012279432774,0.03256761051763224,-0.0447325122766955,1.9510583937005146,2009-2011,False
101123,Gerald Green,-1.6491885963667423,0.8046995787982909,748.0,-1.6812826314125267,0.7923223853251152,47.0,-0.03209403504578434,-0.012377193473175674,-0.044471228518960015,-0.8444890175684514,2009-2011,True
101124,Hakim Warrick,-2.166252961393304,2.375937251706878,9691.0,-2.1673127270157666,2.3879581502310097,62.0,-0.0010597656224624608,0.012020898524131685,0.010961132901669224,0.20968429031357383,2009-2011,True
101126,Nate Robinson,0.6753176916134974,1.35094835603079,8625.0,0.660342506390661,1.4017564827013267,249.0,-0.014975185222836362,0.05080812667053669,0.03583294144770033,2.0262660476442873,2009-2011,False
101127,Jarrett Jack,0.5815636403839916,1.5380942889437565,13120.0,0.5966370702166968,1.5921369951447797,194.0,0.01507342983270521,0.05404270620102314,0.06911613603372835,2.119657929327748,2009-2011,True
101130,Johan Petro,-4.02770826890443,-0.2933706862484787,3636.0,-3.9804980308452755,-0.22344473598718895,146.0,0.047210238059154364,0.06992595026128973,0.11713618832044409,-4.321078955152909,2009-2011,True
101131,Jason Maxiell,-1.2223655827543431,0.8843971879058529,7144.0,-1.2191956472838175,0.9154667086872291,113.0,0.0031699354705256866,0.03106952078137626,0.034239456251901945,-0.3379683948484903,2009-2011,True
101132,Linas Kleiza,-1.2073156026922214,1.28327537223837,5704.0,-1.0685920893762273,1.226573760833369,415.0,0.13872351331599408,-0.05670161140500096,0.08202190191099312,0.07595976954614869,2009-2011,False
101133,Ian Mahinmi,-1.355195676845296,-1.0905821877362891,1267.0,-1.4056973963943045,-1.053863967165055,103.0,-0.050501719549008506,0.036718220571234195,-0.013783498977774311,-2.445777864581585,2009-2011,True
101138,Brandon Bass,-0.9257465561099023,-0.9802938462158927,7987.0,-0.9385502668745161,-1.0035237915457296,696.0,-0.01280371076461384,-0.02322994532983691,-0.03603365609445075,-1.9060404023257949,2009-2011,False
101139,CJ Miles,0.7333134805975587,0.051022886889877814,9863.0,0.7055258524613809,0.10769052392633385,767.0,-0.027787628136177855,0.05666763703645604,0.028880008900278184,0.7843363674874365,2009-2011,False
101141,Ersan Ilyasova,0.19986132821700175,-0.8972756136261691,6551.0,0.1353949884963287,-0.812495519012805,290.0,-0.06446633972067306,0.08478009461336411,0.02031375489269105,-0.6974142854091674,2009-2011,False
101142,Ronny Turiaf,-1.0520396219802697,-1.5017010180460009,7482.0,-1.0653524682032702,-1.511022298884332,141.0,-0.013312846223000552,-0.00932128083833117,-0.02263412706133172,-2.5537406400262705,2009-2011,True
101143,Travis Diener,0.2838704392178517,1.0029848329704873,1567.0,0.27824601911747976,1.0211545649435545,14.0,-0.005624420100371952,0.01816973197306715,0.012545311872695197,1.286855272188339,2009-2011,True
101144,Von Wafer,-0.6565907750212309,-0.047761997613424034,3395.0,-0.7999540991181681,-0.03406297484061799,354.0,-0.1433633240969372,0.013699022772806047,-0.12966430132413115,-0.7043527726346549,2009-2011,False
101150,Lou Williams,1.438346909186003,2.4417006945613404,10772.0,1.338487325468117,2.5381204256690455,512.0,-0.09985958371788595,0.09641973110770508,-0.0034398526101808713,3.8800476037473435,2009-2011,False
101161,Amir Johnson,0.7918728553284226,-2.6056581364756415,8055.0,0.8115193417608664,-2.656294654876283,25.0,0.01964648643244382,-0.05063651840064143,-0.030990031968197607,-1.813785281147219,2009-2011,True
101162,Marcin Gortat,-1.9391887825855683,-1.7425698811040735,7530.0,-1.6273178620061073,-1.838452055426416,900.0,0.311870920579461,-0.09588217432234258,0.2159887462571184,-3.6817586636896418,2009-2011,False
101177,Fabricio Oberto,-1.7954330070904785,-0.37684222563010905,2569.0,-1.7959892675419704,-0.3923337512147224,36.0,-0.00055626045149193,-0.015491525584613364,-0.016047786036105294,-2.1722752327205876,2009-2011,True
101179,Ronnie Price,-1.273894057442271,-0.9024101949207926,4295.0,-1.1970121126056599,-0.822226627695855,204.0,0.07688194483661115,0.08018356722493758,0.15706551206154873,-2.176304252363064,2009-2011,False
101189,James Singleton,-1.3155731621231446,-0.45264780137236904,3575.0,-1.3511081813727097,-0.3197533364021691,83.0,-0.03553501924956515,0.13289446497019997,0.09735944572063482,-1.7682209634955135,2009-2011,True
101194,Anthony Roberson,-0.8755878511928481,1.3527885430028226,565.0,-0.8564258723178904,1.339643097575974,9.0,0.01916197887495774,-0.013145445426848479,0.0060165334481092625,0.4772006918099745,2009-2011,True
101198,Will Bynum,-0.31935933987726756,2.214176727404496,6683.0,-0.31538290013141795,2.3085144270559743,134.0,0.003976439745849603,0.09433769965147842,0.09831413939732803,1.8948173875272283,2009-2011,True
101204,Dwayne Jones,-2.9255637496343043,-0.15446506288297024,114.0,-2.9430767049381803,-0.17708632508342423,22.0,-0.017512955303875977,-0.02262126220045399,-0.040134217504329966,-3.0800288125172743,2009-2011,True
101211,Stephen Graham,-2.09590303708331,1.119194323509439,4723.0,-2.0968624990340916,1.1003847445900794,11.0,-0.0009594619507815594,-0.018809578919359637,-0.019769040870141197,-0.976708713573871,2009-2011,True
101214,Jawad Williams,-1.6014322260862375,1.4561641037673154,2223.0,-1.626681018236596,1.4303275417297425,8.0,-0.02524879215035858,-0.025836562037572897,-0.051085354187931475,-0.14526812231892205,2009-2011,True
101236,Chuck Hayes,-0.6062883180941919,-2.746777576118095,9067.0,-0.6102339696117359,-2.869109272988643,319.0,-0.003945651517544002,-0.12233169687054835,-0.12627734838809235,-3.353065894212287,2009-2011,False
200081,Jamario Moon,-0.0782231367644543,-1.1075038361454559,8005.0,-0.06419166134162675,-1.138619322333017,296.0,0.014031475422827552,-0.031115486187561103,-0.01708401076473355,-1.1857269729099102,2009-2011,False
200746,LaMarcus Aldridge,2.0871027567283043,-1.8703782943085234,16653.0,1.8312620438774816,-1.4035795221559435,1264.0,-0.25584071285082266,0.4667987721525799,0.21095805930175726,0.21672446241978083,2009-2011,False
200747,Adam Morrison,-1.8123255498703186,1.3688632808353172,1792.0,-1.802911607724906,1.4053528521230658,26.0,0.009413942145412468,0.03648957128774866,0.045903513433161125,-0.4434622690350014,2009-2011,True
200748,Tyrus Thomas,-2.33933625559121,-1.8401962236943563,8247.0,-2.307154157308599,-1.860360933175398,487.0,0.03218209828261065,-0.020164709481041765,0.012017388801568885,-4.179532479285566,2009-2011,False
200749,Shelden Williams,-2.5019943240107785,0.36054882590060877,3966.0,-2.586833395972947,0.26432829106153277,113.0,-0.08483907196216833,-0.096220534839076,-0.18105960680124433,-2.1414454981101696,2009-2011,True
200750,Brandon Roy,4.516289659195928,0.7903355214199573,12099.0,4.231839926351346,1.0931773020228939,815.0,-0.28444973284458186,0.30284178060293654,0.01839204775835468,5.306625180615885,2009-2011,False
200755,JJ Redick,0.9313308434838019,1.234949552311488,8627.0,0.9446362011936321,1.0771260921299872,1332.0,0.013305357709830212,-0.15782346018150073,-0.14451810247167052,2.16628039579529,2009-2011,False
200756,Hilton Armstrong,-3.365941374613746,-1.1443356351328848,3610.0,-3.3988662347391116,-1.1134128166560848,171.0,-0.03292486012536555,0.030922818476800007,-0.0020020416485655446,-4.5102770097466305,2009-2011,True
200757,Thabo Sefolosha,-0.635171127789805,-2.0541534735790115,11498.0,-0.9722006977701828,-2.2097455312878926,900.0,-0.3370295699803778,-0.15559205770888118,-0.492621627689259,-2.6893246013688166,2009-2011,False
200758,Ronnie Brewer,0.11572472659269631,-1.0785076397531037,11917.0,0.07250763344719988,-1.2258212820520686,776.0,-0.04321709314549643,-0.14731364229896493,-0.19053073544446136,-0.9627829131604074,2009-2011,False
200761,Shawne Williams,-0.18547746099484247,0.5640379569197425,2971.0,-0.18153617509388967,0.4127689015715209,196.0,0.003941285900952801,-0.15126905534822155,-0.14732776944726875,0.3785604959249,2009-2011,True
200764,Renaldo Balkman,-0.7325440161358807,-1.6760830598300438,1878.0,-0.7225198225606656,-1.725712501099257,45.0,0.010024193575215112,-0.04962944126921309,-0.03960524769399798,-2.4086270759659243,2009-2011,True
200765,Rajon Rondo,1.8622750541878603,0.06697208752263872,15550.0,1.8831996058066178,-0.4086822036023904,3591.0,0.020924551618757503,-0.4756542911250291,-0.4547297395062716,1.929247141710499,2009-2011,False
200768,Kyle Lowry,1.3998313602685912,-0.9089126618987393,11568.0,1.32631851326482,-0.9657500313659563,483.0,-0.07351284700377114,-0.05683736946721696,-0.1303502164709881,0.4909186983698519,2009-2011,False
200769,Shannon Brown,-1.2912606580692905,0.38269172164454274,7264.0,-1.1834316452547442,0.4451162401239008,1456.0,0.10782901281454627,0.06242451847935804,0.1702535312939043,-0.9085689364247478,2009-2011,False
200770,Jordan Farmar,-0.2300523757340034,0.26380362312486894,8727.0,-0.28007004015804265,0.2690302261345268,1067.0,-0.050017664424039265,0.005226603009657882,-0.04479106141438138,0.033751247390865546,2009-2011,False
200771,Sergio Rodriguez,0.23294478938500435,0.8456870663288898,4332.0,0.20801570514939466,0.8067511881938879,51.0,-0.02492908423560969,-0.03893587813500188,-0.06386496237061157,1.078631855713894,2009-2011,True
200778,James White,-1.7555162560324162,-0.37368422757182884,23.0,-1.762359555526348,-0.35943222382803924,26.0,-0.006843299493931809,0.014252003743789599,0.007408704249857789,-2.129200483604245,2009-2011,True
200779,Steve Novak,-0.934255051840617,3.466816248862078,3423.0,-0.937880837930583,3.4609189192179426,12.0,-0.003625786089965999,-0.005897329644135585,-0.009523115734101584,2.532561197021461,2009-2011,True
200780,Solomon Jones,-3.3702028530676196,-0.44909545041274146,3783.0,-3.4247079518962713,-0.34829751621461574,144.0,-0.05450509882865173,0.10079793419812572,0.046292835369473984,-3.819298303480361,2009-2011,True
200789,Daniel Gibson,0.670774342067511,-0.01925809575432469,9002.0,0.6799416869123834,0.018183103326110957,367.0,0.009167344844872471,0.037441199080435646,0.04660854392530812,0.6515162463131863,2009-2011,False
200794,Paul Millsap,1.1671820653973632,-1.460489388756884,13914.0,1.2027234972800094,-1.2743488761624646,942.0,0.035541431882646135,0.18614051259441933,0.22168194447706546,-0.2933073233595207,2009-2011,False
200796,Leon Powe,-0.8189242764610873,-1.0934130924604468,3348.0,-0.8989578988153548,-1.0605007666758142,98.0,-0.08003362235426748,0.03291232578463266,-0.04712129656963482,-1.9123373689215342,2009-2011,True
200797,Ryan Hollins,-3.174950171701312,0.3209265914231948,5565.0,-3.256505383126135,0.40472296317617706,163.0,-0.0815552114248228,0.08379637175298227,0.002241160328159464,-2.8540235802781173,2009-2011,True
200809,Chris Quinn,-0.4957678180125147,1.628525772356966,2729.0,-0.5070800441524544,1.6155932031653175,44.0,-0.011312226139939763,-0.012932569191648424,-0.024244795331588187,1.1327579543444513,2009-2011,True
200811,Lou Amundson,-1.3655642779331378,-1.5476781941537698,5776.0,-1.3379425089524302,-1.6818634464703146,366.0,0.027621768980707673,-0.13418525231654477,-0.1065634833358371,-2.9132424720869077,2009-2011,False
200814,Tarence Kinsey,-0.909472274753965,0.07646667511061908,563.0,-0.9089897035572568,0.05242150882922625,25.0,0.000482571196708137,-0.024045166281392832,-0.023562595084684695,-0.8330055996433459,2009-2011,True
200821,Yakhouba Diawara,-1.6246980556760908,0.6376090283132521,1661.0,-1.646342099185081,0.6141790796093802,39.0,-0.021644043508990185,-0.023429948703871828,-0.04507399221286201,-0.9870890273628388,2009-2011,True
200826,J.J. Barea,0.35208928657981364,1.3608160775101261,9141.0,0.6820461967082494,1.7251380081867917,1303.0,0.32995691012843575,0.36432193067666563,0.6942788408051014,1.7129053640899397,2009-2011,False
200835,Walter Herrmann,-0.2626852565383015,1.0804502181102325,1161.0,-0.245673169365619,1.0653239865858946,41.0,0.01701208717268249,-0.015126231524337896,0.001885855648344592,0.8177649615719309,2009-2011,True
200978,Jeremy Richardson,-2.2363976105044685,1.3013087770386405,180.0,-2.228161113084752,1.2947935101617793,5.0,0.00823649741971666,-0.006515266876861103,0.0017212305428555563,-0.935088833465828,2009-2011,True
201043,Randolph Morris,-2.7625954579118086,-0.35883833821636,455.0,-2.7707180761271344,-0.3160388219965298,33.0,-0.008122618215325783,0.04279951621983025,0.034676898004504464,-3.1214337961281684,2009-2011,True
201141,Greg Oden,0.4003023621242572,-1.8592385226248251,3240.0,0.3174018097273809,-2.009646266988274,169.0,-0.08290055239687627,-0.15040774436344906,-0.23330829676032533,-1.458936160500568,2009-2011,True
201142,Kevin Durant,3.7668128427905287,0.24824759238488264,18067.0,3.7494144460438172,0.13263950970351984,1842.0,-0.01739839674671151,-0.1156080826813628,-0.1330064794280743,4.015060435175411,2009-2011,False
201143,Al Horford,1.070226992610083,-1.4426490758058927,14411.0,0.884227815077706,-1.1472766466748499,1950.0,-0.18599917753237694,0.2953724291310429,0.10937325159866595,-0.3724220831958098,2009-2011,False
201144,Mike Conley,1.734177047512407,0.24131742865884254,15164.0,1.8201319440130423,0.27576358412269536,945.0,0.08595489650063537,0.03444615546385282,0.12040105196448819,1.9754944761712494,2009-2011,False
201145,Jeff Green,-1.2525636209612896,0.6244609238008657,16231.0,-1.406025003126921,0.6482166607656196,746.0,-0.15346138216563143,0.02375573696475386,-0.12970564520087757,-0.6281026971604239,2009-2011,False
201147,Corey Brewer,-0.9000886303984985,-0.380583164883323,8665.0,-0.909048222391747,-0.371683186263295,45.0,-0.008959591993248472,0.008899978620028004,-5.9613373220468446e-05,-1.2806717952818216,2009-2011,True
201149,Joakim Noah,-0.11197986076983762,-1.4244742472839966,10440.0,-0.09409588484939227,-1.6677407371299502,1840.0,0.017883975920445355,-0.24326648984595356,-0.2253825139255082,-1.5364541080538343,2009-2011,False
201150,Spencer Hawes,-1.8101363596441133,-0.38153280556831154,11421.0,-1.7255801350596736,-0.37879023196502626,167.0,0.08455622458443979,0.002742573603285281,0.08729879818772507,-2.1916691652124247,2009-2011,True
201151,Acie Law,-1.6649900140118332,1.774564615265374,2943.0,-1.6821238896847448,1.8077526530867387,55.0,-0.01713387567291158,0.0331880378213647,0.01605416214845312,0.1095746012535408,2009-2011,True
201152,Thaddeus Young,0.502464218804251,-1.103713418723681,13149.0,0.3079811606955626,-0.9284477317937102,652.0,-0.19448305810868838,0.1752656869299708,-0.01921737117871758,-0.60124919991943,2009-2011,False
201153,Julian Wright,-0.7154470031044446,-0.3279857248363006,4592.0,-0.7762407673589725,-0.28468597231263965,62.0,-0.06079376425452787,0.04329975252366097,-0.0174940117308669,-1.0434327279407452,2009-2011,True
201155,Rodney Stuckey,1.3515857684916215,0.6530403764780566,13198.0,1.2418841368773428,0.7269994305693094,220.0,-0.1097016316142787,0.07395905409125281,-0.0357425775230259,2.004626144969678,2009-2011,False
201158,Marco Belinelli,0.33666425770704683,0.7146955940972799,7714.0,0.3067088150127638,0.6519019901414602,315.0,-0.02995544269428302,-0.06279360395581968,-0.0927490466501027,1.0513598518043268,2009-2011,False
201160,Jason Smith,-2.258865985542591,-0.312962235041008,3377.0,-2.1826507944768014,-0.21062503352716208,108.0,0.07621519106578978,0.10233720151384593,0.1785523925796357,-2.5718282205835994,2009-2011,True
201161,Daequan Cook,0.23270981631980683,0.7923688463171887,5901.0,0.26435961991444945,0.8553070801271806,657.0,0.03164980359464262,0.06293823380999186,0.09458803740463448,1.0250786626369957,2009-2011,False
201162,Jared Dudley,1.8984704533730974,0.5842312806288292,10399.0,2.1666234247853926,0.3648840109800391,720.0,0.2681529714122952,-0.21934726964879014,0.04880570176350507,2.4827017340019264,2009-2011,False
201163,Wilson Chandler,-0.16265698722609423,-0.773378200132516,14953.0,-0.17843244122799004,-0.8301986964917181,232.0,-0.01577545400189581,-0.056820496359202055,-0.07259595036109787,-0.9360351873586102,2009-2011,False
201164,Rudy Fernandez,0.4094497360311721,0.030119694285434484,9755.0,0.23129378981780133,0.18896146697201122,661.0,-0.17815594621337075,0.15884177268657673,-0.019314173526794015,0.43956943031660656,2009-2011,False
201166,Aaron Brooks,1.2349856841240194,2.2653565204490094,12024.0,1.1785684115213444,2.213032596124593,818.0,-0.05641727260267504,-0.05232392432441646,-0.1087411969270915,3.5003422045730286,2009-2011,False
201167,Arron Afflalo,0.420287612661519,0.8459260963959132,11238.0,0.3401663562284638,0.9642200182956664,532.0,-0.08012125643305518,0.11829392189975318,0.03817266546669801,1.2662137090574321,2009-2011,False
201168,Tiago Splitter,-0.9536076592443291,-0.3017843209702721,1434.0,-0.9795976691832842,-0.2706771553919467,94.0,-0.02599000993895506,0.03110716557832538,0.005117155639370319,-1.2553919802146012,2009-2011,True
201171,Carl Landry,-0.5498573696506376,0.9207676004583564,11374.0,-0.6338428767155094,0.8012121219999642,815.0,-0.08398550706487184,-0.1195554784583922,-0.20354098552326405,0.3709102308077188,2009-2011,False
201172,Gabe Pruitt,-0.9166900631266883,0.09601973856962032,702.0,-0.9401400933898642,0.09283395353815678,22.0,-0.023450030263175825,-0.0031857850314635366,-0.02663581529463936,-0.820670324557068,2009-2011,True
201175,Glen Davis,-1.8222584459849247,0.07298117423167932,9037.0,-1.825641014729979,0.11812274659789417,2189.0,-0.0033825687450543818,0.04514157236621484,0.04175900362116046,-1.7492772717532454,2009-2011,False
201177,Josh McRoberts,0.10121191088592008,-0.12742463091377126,4870.0,0.13277723153683801,-0.0962910338836799,149.0,0.03156532065091794,0.03113359703009136,0.0626989176810093,-0.02621272002785119,2009-2011,True
201178,Kyrylo Fesenko,-2.879383295160561,-1.0653621677958387,1946.0,-2.8438132365304636,-1.2142608969776045,361.0,0.035570058630097545,-0.14889872918176583,-0.11332867055166829,-3.9447454629563996,2009-2011,False
201181,Chris Richard,-3.2710407136945316,-0.8001102547216087,444.0,-3.2630423384200875,-0.8121881681040727,12.0,0.007998375274444136,-0.012077913382464,-0.0040795381080198645,-4.07115096841614,2009-2011,True
201188,Marc Gasol,-0.4297906067311531,-1.8877862135361898,14331.0,-0.3637262769114205,-1.929007103313959,975.0,0.06606432981973259,-0.041220889777769276,0.024843440041963316,-2.317576820267343,2009-2011,False
201189,Aaron Gray,-1.9787975858590612,-0.37389965090020744,2989.0,-1.8808995207222297,-0.3790969880679442,175.0,0.09789806513683152,-0.0051973371677367375,0.09270072796909479,-2.3526972367592687,2009-2011,True
201202,Joel Anthony,-3.532869039615076,-1.6156289770528454,7112.0,-3.4915540209086156,-1.9874255002830081,1305.0,0.04131501870646037,-0.37179652323016277,-0.3304815045237024,-5.148498016667921,2009-2011,False
201228,C.J. Watson,0.06797375184104518,-0.3312870171542299,9748.0,0.03485918970746578,-0.334592281815792,241.0,-0.0331145621335794,-0.0033052646615620573,-0.036419826795141455,-0.2633132653131848,2009-2011,False
201234,Trey Johnson,-2.262177191332183,1.1753101026572572,206.0,-2.2785197491837494,1.204410620488768,21.0,-0.016342557851566575,0.029100517831510686,0.012757959979944111,-1.0868670886749257,2009-2011,True
201238,Mario West,-0.7748545205682053,-0.2068686833034566,1073.0,-0.7942066181155226,-0.01896109852936842,136.0,-0.01935209754731737,0.18790758477408817,0.1685554872267708,-0.9817232038716619,2009-2011,True
201242,Thomas Gardner,-1.9602889037662208,0.8145155139746307,201.0,-1.939108020830713,0.79962435110982,37.0,0.021180882935507794,-0.014891162864810736,0.006289720070697058,-1.14577338979159,2009-2011,True
201563,Michael Beasley,0.01798567936574791,0.10533103682166206,12881.0,-0.1739707951560201,0.022327415029190265,574.0,-0.191956474521768,-0.0830036217924718,-0.2749600963142398,0.12331671618740997,2009-2011,False
201564,O.J. Mayo,1.7294532313161985,2.423714899265052,15612.0,1.9588010336433366,2.5715313796437975,693.0,0.22934780232713803,0.1478164803787454,0.3771642827058834,4.153168130581251,2009-2011,False
201565,Derrick Rose,3.401731837618955,1.5548460056814526,17206.0,3.358933417071837,1.1881101906453744,2203.0,-0.04279842054711791,-0.3667358150360782,-0.4095342355831961,4.9565778433004075,2009-2011,False
201566,Russell Westbrook,2.49451334567237,0.7900388146067824,16406.0,2.4792205452722396,0.7413076813246339,1619.0,-0.015292800400130258,-0.04873113328214851,-0.06402393368227877,3.2845521602791523,2009-2011,False
201568,Danilo Gallinari,1.5190123017291226,0.02229285125022276,10438.0,1.5226702966499912,0.06290255713774152,285.0,0.0036579949208686013,0.04060970588751876,0.044267700808387364,1.5413051529793453,2009-2011,False
201571,D.J. Augustin,0.8874647549482553,2.1846529902699094,11496.0,0.8996604427993499,2.162466877381198,123.0,0.012195687851094594,-0.022186112888711307,-0.009990425037616713,3.072117745218165,2009-2011,True
201573,Jerryd Bayless,0.03806370371148515,2.609766427396333,6503.0,-0.037620846611285425,2.695611276073307,323.0,-0.07568455032277058,0.08584484867697384,0.010160298354203262,2.6478301311078183,2009-2011,False
201575,Brandon Rush,-1.568628949417329,0.3986206130934116,12108.0,-1.5004693392326716,0.4065100387973301,102.0,0.06815961018465755,0.007889425703918485,0.07604903588857603,-1.1700083363239175,2009-2011,True
201577,Robin Lopez,-2.1207763530365122,-0.8648850202690129,5154.0,-2.0223163458795077,-0.8142338984005848,198.0,0.09846000715700454,0.05065112186842813,0.14911112902543266,-2.985661373305525,2009-2011,True
201578,Marreese Speights,-1.6714400831220724,1.9634197542806966,5789.0,-1.7091009706231135,1.9825673530275292,98.0,-0.03766088750104113,0.019147598746832584,-0.018513288754208546,0.2919796711586242,2009-2011,True
201579,Roy Hibbert,-1.637070954072491,-2.7358310968542483,10522.0,-1.727098247018973,-2.7754453408265762,251.0,-0.09002729294648204,-0.039614243972327934,-0.12964153691880997,-4.372902050926739,2009-2011,False
201581,JJ Hickson,-1.9960375523121492,1.81114011131059,8948.0,-2.0150275796813495,1.8475563795273546,158.0,-0.018990027369200302,0.03641626821676458,0.01742624084756428,-0.18489744100155914,2009-2011,True
201583,Ryan Anderson,1.1829144165508179,-0.6635339555645077,6989.0,1.1072343045163935,-0.684188059518882,427.0,-0.07568011203442437,-0.02065410395437428,-0.09633421598879865,0.5193804609863102,2009-2011,False
201584,Courtney Lee,0.3928344006318213,0.8467967895113709,11696.0,0.5593928552712255,0.753029067226244,1024.0,0.16655845463940422,-0.09376772228512698,0.07279073235427724,1.2396311901431922,2009-2011,False
201585,Kosta Koufos,-2.6088576396209953,0.7368515969914953,2350.0,-2.6019651405421174,0.6751730908228799,70.0,0.006892499078877901,-0.061678506168615366,-0.054786007089737465,-1.8720060426295,2009-2011,True
201586,Serge Ibaka,-1.1701631897365403,-0.7519652194975679,6827.0,-1.1585664899857397,-0.8397046866583368,1226.0,0.011596699750800576,-0.08773946716076886,-0.07614276740996828,-1.9221284092341082,2009-2011,False
201587,Nicolas Batum,1.8848310257001142,-0.07622131175840413,9006.0,1.8572832555664054,0.3510795188166753,628.0,-0.027547770133708793,0.42730083057507945,0.39975306044137066,1.80860971394171,2009-2011,False
201588,George Hill,0.8347954246744154,-0.20701273823342026,10825.0,0.6392657611429492,0.06682430935854783,1152.0,-0.19552966353146617,0.2738370475919681,0.07830738406050192,0.6277826864409951,2009-2011,False
201589,Darrell Arthur,-3.0367803892533622,-1.1884804120217691,6763.0,-3.0535172936982313,-1.1737512697130845,387.0,-0.016736904444869083,0.014729142308684606,-0.0020077621361844766,-4.225260801275131,2009-2011,False
201596,Mario Chalmers,-0.4765836692042137,-1.0758465769899639,11341.0,-0.507941089493737,-1.1867235581859952,1568.0,-0.03135742028952326,-0.11087698119603129,-0.14223440148555455,-1.5524302461941777,2009-2011,False
201600,Omer Asik,-1.4849575961875827,-2.6033338590492257,1849.0,-1.5002895800974216,-2.6587970166449626,260.0,-0.01533198390983892,-0.055463157595736945,-0.07079514150557586,-4.088291455236808,2009-2011,False
201601,Luc Mbah a Moute,-1.0118105629371077,-2.6722702929315436,11489.0,-1.0418946642594193,-2.6709512078288107,312.0,-0.03008410132231165,0.001319085102732931,-0.02876501621957872,-3.6840808558686513,2009-2011,False
201602,Kyle Weaver,-1.1881169826358233,0.20562397424063386,2754.0,-1.171170767398401,0.2139696929310711,22.0,0.016946215237422235,0.008345718690437237,0.025291933927859472,-0.9824930083951895,2009-2011,True
201607,Patrick Ewing,-1.6390018546742506,0.9251962896619152,37.0,-1.6387292806646219,0.9284236547161685,5.0,0.00027257400962876766,0.0032273650542532506,0.0034999390638820183,-0.7138055650123354,2009-2011,True
201609,Goran Dragic,0.4074811645921997,0.7541002705954989,6703.0,0.5211606378754398,0.6580481831737801,440.0,0.11367947328324007,-0.09605208742171878,0.017627385861521294,1.1615814351876985,2009-2011,False
201611,Henry Walker,0.31977065806453464,0.5743411875404099,3531.0,0.3694532943356049,0.550686006768162,187.0,0.04968263627107028,-0.02365518077224782,0.02602745549882246,0.8941118456049445,2009-2011,True
201616,Darnell Jackson,-2.6111868629570556,0.24221042074002122,2071.0,-2.636078736945666,0.26315810063368417,48.0,-0.02489187398861059,0.020947679893662946,-0.003944194094947645,-2.3689764422170345,2009-2011,True
201629,Othello Hunter,-2.723380402658094,-0.15500412150196557,256.0,-2.6957399392030448,-0.1662823286277031,28.0,0.027640463455049336,-0.011278207125737516,0.01636225632931182,-2.87838452416006,2009-2011,True
201632,Hamed Haddadi,-2.512937733263431,-0.9621934108815723,1051.0,-2.481716245312698,-1.0070670129699946,64.0,0.03122148795073265,-0.04487360208842228,-0.01365211413768963,-3.4751311441450032,2009-2011,True
201785,Othyus Jeffers,-0.23154011153085674,-0.10610522639418912,792.0,-0.20332129448086197,-0.08254602393839235,23.0,0.028218817049994765,0.023559202455796777,0.05177801950579154,-0.33764533792504586,2009-2011,True
201814,Gary Forbes,-0.8159659854055159,1.0776404442894414,1643.0,-0.8171661932851163,1.0623858041057808,4.0,-0.0012002078796004012,-0.015254640183660628,-0.01645484806326103,0.2616744588839255,2009-2011,True
201935,James Harden,2.864466320294883,-0.4372769825160262,7650.0,3.2131503595808377,-0.19406705474646133,1281.0,0.3486840392859549,0.24320992776956488,0.5918939670555198,2.4271893377788567,2009-2011,False
201943,Brandon Jennings,1.5559701107223713,0.00027684984777731625,9196.0,1.5737574164108108,0.0193151336047131,438.0,0.017787305688439448,0.019038283756935784,0.03682558944537523,1.5562469605701486,2009-2011,False
201946,Tyler Hansbrough,-1.233312895780233,0.9657540038417923,4063.0,-1.250144345956782,0.914541825746157,310.0,-0.016831450176548968,-0.051212178095635275,-0.06804362827218424,-0.26755889193844073,2009-2011,False
201947,Earl Clark,-2.7025459022318707,0.8742487795912016,1692.0,-2.750730348791602,0.8593413005645135,42.0,-0.04818444655973142,-0.014907479026688097,-0.06309192558641952,-1.8282971226406692,2009-2011,True
201949,James Johnson,-1.7391800864574027,-0.3552664359906304,3112.0,-1.7568262008489604,-0.3383362741204219,41.0,-0.01764611439155761,0.016930161870208515,-0.0007159525213490947,-2.0944465224480333,2009-2011,True
201950,Jrue Holiday,1.9392110184836198,-0.29278893657999894,8946.0,1.9777196912491575,-0.2819283137127542,336.0,0.03850867276553771,0.010860622867244762,0.04936929563278247,1.6464220819036208,2009-2011,False
201951,Ty Lawson,2.9467773822422876,1.655767560182976,6905.0,2.9730711393655245,1.8209969213959352,565.0,0.026293757123236894,0.16522936121295917,0.19152311833619606,4.602544942425263,2009-2011,False
201952,Jeff Teague,-0.9620022620752476,0.45859816151092236,3297.0,-0.9985325401688021,0.6715432037709619,542.0,-0.03653027809355447,0.21294504226003952,0.17641476416648505,-0.5034041005643253,2009-2011,False
201953,Eric Maynor,-0.1894449766143998,-0.1826889662593053,4760.0,-0.152558316678611,-0.14186210273403504,583.0,0.036886659935788796,0.04082686352527026,0.07771352346105906,-0.3721339428737051,2009-2011,False
201954,Darren Collison,0.8921135732148475,2.785239026488455,8836.0,0.8995209982797929,2.8089125077055717,274.0,0.007407425064945405,0.023673481217116876,0.03108090628206228,3.677352599703302,2009-2011,False
201957,Byron Mullens,-3.60993899318439,0.257894087309968,286.0,-3.6275120946048274,0.28592422182492205,8.0,-0.017573101420437442,0.028030134514954064,0.010457033094516621,-3.352044905874422,2009-2011,True
201958,Rodrigue Beaubois,0.27000858996244004,0.29013071095748666,2409.0,0.30562648921560887,0.27371329541395173,61.0,0.03561789925316883,-0.01641741554353493,0.019200483709633898,0.5601393009199267,2009-2011,True
201959,Taj Gibson,-1.6442274218698019,-1.6299447042607218,7498.0,-1.7355745576609423,-2.0622367905869723,792.0,-0.0913471357911404,-0.4322920863262505,-0.5236392221173909,-3.274172126130524,2009-2011,False
201962,Toney Douglas,0.7663334947711702,1.47607630250853,6104.0,0.7233370692368507,1.488571448017772,207.0,-0.04299642553431948,0.012495145509242134,-0.03050128002507735,2.2424097972797004,2009-2011,False
201965,Jeff Pendergraph,-2.018724947433724,-0.30888592841996343,741.0,-2.014164994262151,-0.31447427152376367,35.0,0.0045599531715732056,-0.005588343103800242,-0.0010283899322270362,-2.3276108758536873,2009-2011,True
201967,Dante Cunningham,-1.366254598926457,-0.23770117186285544,4345.0,-1.417426102616091,-0.24635148320576006,89.0,-0.05117150368963408,-0.008650311342904615,-0.059821815032538694,-1.6039557707893124,2009-2011,True
201970,Sam Young,-1.1589397254523812,0.598155827073184,5632.0,-1.244537062722464,0.4777042816631653,480.0,-0.08559733727008267,-0.12045154541001873,-0.2060488826801014,-0.5607838983791972,2009-2011,False
201971,DeJuan Blair,-0.14771860495070288,-0.5560633073284695,6241.0,-0.24308086740519144,-0.5653764618419033,279.0,-0.09536226245448856,-0.00931315451343373,-0.10467541696792229,-0.7037819122791724,2009-2011,False
201974,Derrick Brown,-0.9634617631622174,0.32073095024808107,2142.0,-0.9610332028558802,0.31683622016858026,3.0,0.002428560306337202,-0.0038947300795008077,-0.0014661697731636059,-0.6427308129141364,2009-2011,True
201975,Jodie Meeks,1.1025050109445447,0.958557658125404,5435.0,1.074117193810922,0.8907929153806649,232.0,-0.028387817133622706,-0.0677647427447392,-0.09615255987836191,2.0610626690699485,2009-2011,False
201980,Danny Green,-0.43951467587371185,0.72681926647633,406.0,-0.44328620218434006,0.7123102573765839,19.0,-0.003771526310628215,-0.014509009099746062,-0.018280535410374277,0.28730459060261815,2009-2011,True
201985,AJ Price,0.22495197002937023,0.30679686335926304,3338.0,0.2150093676908276,0.29336838860254244,148.0,-0.009942602338542633,-0.013428474756720599,-0.023371077095263232,0.5317488333886333,2009-2011,True
201988,Patty Mills,-0.42789598234092585,2.4372958202839703,1567.0,-0.4256272388957841,2.4372736185374553,36.0,0.0022687434451417743,-2.220174651501594e-05,0.0022465416986267583,2.0093998379430444,2009-2011,True
202066,Garrett Temple,-1.5123032932710518,0.29786993012836355,1089.0,-1.565500851058234,0.2919654310971662,37.0,-0.05319755778718216,-0.00590449903119733,-0.05910205681837949,-1.2144333631426882,2009-2011,True
202083,Wesley Matthews,0.6991973226432384,0.31511754771057127,9111.0,0.8068196243276435,0.5451815215920257,1094.0,0.10762230168440512,0.23006397388145444,0.33768627556585956,1.0143148703538096,2009-2011,False
202178,Sundiata Gaines,-0.12793395673915564,0.33703991901786884,1010.0,-0.10977998300303839,0.3627706325994353,17.0,0.018153973736117254,0.025730713581566478,0.04388468731768373,0.2091059622787132,2009-2011,True
202323,Evan Turner,-1.2538538226289293,0.11902452416350362,3482.0,-1.307017200056113,0.10479973112636856,177.0,-0.0531633774271838,-0.014224793037135058,-0.06738817046431886,-1.1348292984654256,2009-2011,True
202331,Paul George,0.1651598400968814,0.17971264170444456,2531.0,0.12900123637164929,0.07174819706143998,250.0,-0.03615860372523211,-0.10796444464300459,-0.1441230483682367,0.34487248180132596,2009-2011,False
202347,Quincy Pondexter,-1.3638738163258362,0.8646526497522964,1323.0,-1.3648034980103414,0.8405285086196436,17.0,-0.0009296816845052458,-0.02412414113265282,-0.025053822817158067,-0.49922116657353977,2009-2011,True
202349,Greivis Vasquez,-0.8829133078216935,0.8452932638941124,1651.0,-0.8659076259699438,0.8402165169095202,280.0,0.017005681851749777,-0.005076746984592262,0.011928934867157515,-0.037620043927581115,2009-2011,False
202356,Armon Johnson,-1.3674817044403593,0.6818264458903043,546.0,-1.369408353074548,0.6836114809266527,2.0,-0.0019266486341886768,0.0017850350363484146,-0.00014161359784026217,-0.685655258550055,2009-2011,True
202361,Landry Fields,1.4744583041924533,0.9364296870447898,5075.0,1.4209675400909114,0.8884489970110464,136.0,-0.053490764101541854,-0.04798069003374339,-0.10147145413528524,2.410887991237243,2009-2011,True
202377,Pape Sy,-1.0701634036419914,1.1033470954955076,43.0,-1.0507786512396626,1.0826093362389266,20.0,0.01938475240232873,-0.020737759256580945,-0.0013530068542522145,0.03318369185351622,2009-2011,True
202390,Gary Neal,0.8597678936370473,1.195194444561785,3254.0,0.8377349888000982,1.37396166930131,217.0,-0.022032904836949085,0.1787672247395249,0.1567343199025758,2.0549623381988322,2009-2011,False
202397,Ish Smith,-1.557425913145747,1.0858516051264433,883.0,-1.5677486741816125,1.1026004520993777,22.0,-0.01032276103586538,0.01674884697293444,0.006426085937069059,-0.4715743080193038,2009-2011,True
202419,Chris Johnson,-2.381246854198749,-0.9546666818680956,273.0,-2.3662615738605983,-1.021098884225668,35.0,0.01498528033815072,-0.06643220235757252,-0.051446922019421804,-3.335913536066845,2009-2011,True
255,Grant Hill,-0.2614250343125287,-0.3057941398985575,3504.0,-0.22296061740680523,-0.2949753937005221,37.0,0.0384644169057235,0.010818746198035412,0.04928316310375891,-0.5672191742110863,2012-2014,True
436,Juwan Howard,-2.0531550224133714,0.3489964135812962,469.0,-2.0165190165154177,0.3489438547679708,47.0,0.036636005897953794,-5.2558813325387366e-05,0.03658344708462841,-1.7041586088320753,2012-2014,True
467,Jason Kidd,0.9543357970596213,-1.4274355466759117,6497.0,0.7955427114403048,-1.5327677956812473,728.0,-0.1587930856193166,-0.10533224900533567,-0.26412533462465226,-0.4730997496162903,2012-2014,False
708,Kevin Garnett,-0.5433474664589193,-4.410378545110184,9326.0,-0.44899927470758483,-5.03326007922457,2183.0,0.09434819175133446,-0.6228815341143861,-0.5285333423630516,-4.9537260115691035,2012-2014,False
711,Jerry Stackhouse,0.2304731932517523,0.8572500611223188,1563.0,0.17301315428016872,0.8443432109891725,54.0,-0.05746003897158358,-0.012906850133146297,-0.07036688910472988,1.0877232543740711,2012-2014,True
948,Marcus Camby,-1.218112851356042,-1.696269043006188,3000.0,-1.2236525641503102,-1.6934787666043207,6.0,-0.005539712794268237,0.002790276401867242,-0.0027494363924009946,-2.91438189436223,2012-2014,True
951,Ray Allen,1.4702854060164443,1.5442665471665236,10458.0,2.016976722714593,1.4026560317011216,3116.0,0.5466913166981489,-0.14161051546540193,0.4050808012327469,3.014551953182968,2012-2014,False
956,Erick Dampier,-2.312851150733105,-0.7374101283806854,160.0,-2.3759172137062277,-0.8197357967412716,96.0,-0.06306606297312278,-0.08232566836058619,-0.14539173133370897,-3.05026127911379,2012-2014,True
959,Steve Nash,3.512575817012769,0.6523379777366073,7749.0,3.4852627283064557,0.6132928377689858,110.0,-0.027313088706313327,-0.03904513996762149,-0.06635822867393482,4.164913794749376,2012-2014,True
965,Derek Fisher,-0.21711397699669316,-0.7468172536956178,6864.0,-0.32419111112958715,-1.033850134733734,1975.0,-0.10707713413289399,-0.2870328810381163,-0.3941100151710103,-0.9639312306923109,2012-2014,False
977,Kobe Bryant,4.311617248043565,1.694608114326014,10645.0,4.3042394195684865,1.8665160740188826,904.0,-0.007377828475078729,0.17190795969286854,0.1645301312177898,6.006225362369579,2012-2014,False
979,Jermaine O'Neal,-2.288146100558345,-1.9704052800805312,4506.0,-2.4445094343061977,-1.9258645445591767,162.0,-0.15636333374785272,0.04454073552135451,-0.1118225982264982,-4.258551380638876,2012-2014,True
1495,Tim Duncan,0.7604177703702495,-4.443003479679865,11374.0,1.0213940366821017,-4.888419412941288,3683.0,0.2609762663118522,-0.44541593326142337,-0.18443966694957115,-3.682585709309615,2012-2014,False
1497,Chauncey Billups,1.4051357587729283,0.04826316839266831,2526.0,1.37661228708766,0.28392040887143016,205.0,-0.028523471685268253,0.23565724047876185,0.2071337687934936,1.4533989271655967,2012-2014,False
1503,Tracy McGrady,0.1909059046901994,-0.943389742580061,1570.0,0.11165480110407963,-1.036416478719281,215.0,-0.07925110358611978,-0.09302673613922008,-0.17227783972533986,-0.7524838378898616,2012-2014,False
1536,Stephen Jackson,-0.45589174517045067,-0.9221811939957991,4707.0,-0.3175422117635357,-0.8908441469027738,590.0,0.13834953340691497,0.031337047093025316,0.1696865804999403,-1.3780729391662498,2012-2014,False
1710,Mike Bibby,-0.8547577983067305,-0.3533185952450132,1081.0,-0.8539340765858706,-0.2837819634257287,214.0,0.0008237217208598713,0.06953663181928449,0.07036035354014436,-1.2080763935517438,2012-2014,False
1712,Antawn Jamison,0.8580165060502856,1.0729273281809641,7859.0,0.7694330501692052,1.1259750568314142,158.0,-0.08858345588108041,0.05304772865045004,-0.035535727230630365,1.9309438342312497,2012-2014,True
1713,Vince Carter,1.8138073492914097,-1.260133025956877,11003.0,1.7410198375787473,-1.5305639220011826,591.0,-0.0727875117126624,-0.2704308960443056,-0.343218407756968,0.5536743233345327,2012-2014,False
1717,Dirk Nowitzki,3.3453350164456754,-1.0106229377267986,12343.0,3.501026158290408,-0.7979999155129018,793.0,0.15569114184473243,0.21262302221389673,0.36831416405862916,2.334712078718877,2012-2014,False
1718,Paul Pierce,1.6879605601670893,-1.7028506252679918,12838.0,1.5526023978720127,-1.9329833924176931,2607.0,-0.13535816229507658,-0.23013276714970132,-0.3654909294447779,-0.014890065100902516,2012-2014,False
1733,Al Harrington,0.39990448407078805,0.21765888101655273,4695.0,0.3338284385117494,0.11210162261922933,428.0,-0.06607604555903862,-0.1055572583973234,-0.171633303956362,0.6175633650873408,2012-2014,False
1737,Nazr Mohammed,-2.718920697908857,-1.525291996951581,3624.0,-2.6722335297229383,-1.4345519308269425,365.0,0.04668716818591889,0.09074006612463847,0.13742723431055737,-4.244212694860439,2012-2014,False
1740,Rashard Lewis,-1.1014181200599775,-0.22543273217976623,4765.0,-1.0346590920929508,-0.4045281262118566,674.0,0.06675902796702671,-0.17909539403209035,-0.11233636606506364,-1.3268508522397437,2012-2014,False
1882,Elton Brand,-0.856821595921561,-1.961881466290111,8933.0,-1.0281782182914854,-1.9676351272852812,805.0,-0.17135662236992433,-0.005753660995170273,-0.1771102833650946,-2.818703062211672,2012-2014,False
1884,Baron Davis,0.4752450470547819,-0.48007852360038955,1135.0,0.3847061041220058,-0.5128508270808589,172.0,-0.09053894293277609,-0.03277230348046939,-0.12331124641324548,-0.004833476545607673,2012-2014,True
1885,Lamar Odom,-0.910682396753099,-0.9524901957091167,5037.0,-0.9216085897031475,-0.8296190054342749,196.0,-0.010926192950048486,0.12287119027484183,0.11194499732479335,-1.8631725924622158,2012-2014,True
1888,Richard Hamilton,0.10487885236236208,0.29150455980814227,3340.0,0.07168910400064174,0.38385075128160967,436.0,-0.03318974836172034,0.0923461914734674,0.05915644311174706,0.3963834121705043,2012-2014,False
1889,Andre Miller,1.7363894870269074,0.1788216396740041,9629.0,1.6730583583690413,0.2073221829670197,886.0,-0.06333112865786616,0.0285005432930156,-0.034830585364850564,1.9152111267009115,2012-2014,False
1890,Shawn Marion,-0.4485408647907867,-0.9097734828886666,12317.0,-0.3948829594729603,-1.0345418392145975,646.0,0.05365790531782638,-0.12476835632593097,-0.07111045100810459,-1.3583143476794532,2012-2014,False
1891,Jason Terry,0.013989144312268553,1.4326865993804403,8984.0,-0.10815582366970729,1.3426845166085835,607.0,-0.12214496798197584,-0.09000208277185684,-0.21214705075383267,1.446675743692709,2012-2014,False
1897,Metta World Peace,0.1908133983582586,-1.159710068382101,8986.0,0.23520567898855038,-1.1390270203296338,584.0,0.04439228063029177,0.020683048052467123,0.06507532868275889,-0.9688966700238423,2012-2014,False
1905,Andrei Kirilenko,0.21743151986350573,-1.8840480889165565,5556.0,0.3307480899412936,-1.6855321516982764,264.0,0.11331657007778789,0.1985159372182801,0.311832507296068,-1.6666165690530508,2012-2014,False
1938,Manu Ginobili,4.233577198441962,-0.2310360938396006,7540.0,4.451352463471305,-0.38952936366935154,3007.0,0.21777526502934297,-0.15849326982975093,0.05928199519959204,4.002541104602361,2012-2014,False
2030,Kenyon Martin,-1.3888445727370082,-1.8017227856145648,3691.0,-1.5148301342844614,-1.654703812052848,822.0,-0.12598556154745322,0.14701897356171667,0.021033412014263453,-3.190567358351573,2012-2014,False
2034,Mike Miller,0.4308360505410962,1.1753838662954548,6356.0,0.6287452350964327,1.0611880006228367,1449.0,0.19790918455533646,-0.11419586567261808,0.08371331888271838,1.606219916836551,2012-2014,False
2037,Jamal Crawford,1.4215845313490383,1.9919819264753227,11640.0,1.458737633141271,2.3437219715741153,944.0,0.037153101792232635,0.35174004509879264,0.3888931468910253,3.413566457824361,2012-2014,False
2039,Keyon Dooling,-1.38404813350266,1.5394872102732007,1384.0,-1.2691295231300874,1.6483598523574952,588.0,0.11491861037257256,0.10887264208429448,0.22379125245686704,0.1554390767705407,2012-2014,False
2045,Hedo Turkoglu,0.6240108986748062,-0.11711485865336335,4178.0,0.6126845663216784,-0.0321894151460759,355.0,-0.011326332353127744,0.08492544350728745,0.07359911115415971,0.5068960400214428,2012-2014,False
2047,Quentin Richardson,-1.191105759422843,-0.32608194651518835,1646.0,-1.258370111949737,-0.3752245744205674,167.0,-0.06726435252689411,-0.049142627905379044,-0.11640698043227315,-1.5171877059380312,2012-2014,True
2052,DeShawn Stevenson,-1.0683529165234043,-0.2775174927598777,4004.0,-1.0571896905744036,-0.24731661837393187,86.0,0.011163225949000655,0.03020087438594582,0.041364100334946474,-1.345870409283282,2012-2014,True
2073,Brian Cardinal,-1.6427879398680496,-0.010920327446457434,562.0,-1.6506915090718355,-0.03707799618598405,16.0,-0.007903569203785876,-0.026157668739526616,-0.03406123794331249,-1.653708267314507,2012-2014,True
2199,Tyson Chandler,-0.6078258476258653,-2.274647302470597,11186.0,-0.7908466521144877,-2.4945976478458483,917.0,-0.18302080448862235,-0.21995034537525138,-0.4029711498638737,-2.8824731500964624,2012-2014,False
2200,Pau Gasol,-0.16090528128908543,-0.4450301058587718,11771.0,-0.23551063647689582,-0.47162487771834183,1090.0,-0.07460535518781039,-0.026594771859570043,-0.10120012704738043,-0.6059353871478572,2012-2014,False
2202,Jason Richardson,0.7743896093856538,-0.6497650340812574,4756.0,0.7894731087212449,-0.5442338830138614,251.0,0.015083499335591055,0.10553115106739597,0.12061465040298702,0.12462457530439641,2012-2014,False
2203,Shane Battier,0.251170573268397,-1.5798703991220717,8996.0,0.5807448221296131,-1.2955176102893755,2475.0,0.3295742488612161,0.2843527888326962,0.6139270376939123,-1.3286998258536746,2012-2014,False
2207,Joe Johnson,2.4568067181451463,0.4609990935210695,13713.0,2.435235669798177,0.6128782891526597,1797.0,-0.021571048346969324,0.15187919563159025,0.13030814728462092,2.9178058116662156,2012-2014,False
2209,Vladimir Radmanovic,-0.8751335090447492,0.34030351106964585,1715.0,-0.895653364051653,0.3085963816577109,50.0,-0.020519855006903787,-0.03170712941193493,-0.05222698441883872,-0.5348299979751033,2012-2014,True
2210,Richard Jefferson,-1.035543352936302,-0.08615155633404988,8662.0,-1.0288994409573162,-0.11526086387628139,81.0,0.006643911978985839,-0.02910930754223151,-0.02246539556324567,-1.1216949092703519,2012-2014,True
2211,Troy Murphy,-1.2376217934573872,0.5533488728708351,2284.0,-1.2277539623540639,0.5734747587914492,31.0,0.009867831103323343,0.02012588592061404,0.029993717023937383,-0.6842729205865521,2012-2014,True
2215,Jason Collins,-2.7304896722590795,-1.1826111788590292,1642.0,-2.739593664466111,-1.1722532551954912,158.0,-0.00910399220703173,0.010357923663538049,0.0012539314565063187,-3.9131008511181085,2012-2014,True
2216,Zach Randolph,0.43591431801677005,-0.006863045663807882,11178.0,0.4233091745476683,-0.1422556711882136,1862.0,-0.012605143469101743,-0.13539262552440573,-0.14799776899350747,0.42905127235296214,2012-2014,False
2217,Brendan Haywood,-2.4548581583022413,-1.9938669185436857,4365.0,-2.3850750256426214,-1.9210481151638275,112.0,0.06978313265961988,0.07281880337985824,0.14260193603947813,-4.4487250768459266,2012-2014,True
2222,Gerald Wallace,-0.7898049485953078,-1.7781918392867166,10607.0,-0.662974016266507,-1.693898631559318,443.0,0.12683093232880083,0.08429320772739857,0.2111241400561994,-2.5679967878820245,2012-2014,False
2223,Samuel Dalembert,-1.992099832176128,-2.325717523560404,7409.0,-1.9772751304773533,-2.231153067645212,267.0,0.014824701698774811,0.09456445591519191,0.10938915761396673,-4.317817355736532,2012-2014,False
2224,Jamaal Tinsley,-0.7244861348473197,-0.2662116641783874,3467.0,-0.7553087533787126,-0.27555871160762463,126.0,-0.030822618531392898,-0.009347047429237254,-0.04016966596063015,-0.9906977990257071,2012-2014,True
2225,Tony Parker,2.275117731371827,-0.42028235018337357,11891.0,2.489189998874424,-0.6643921651388254,3751.0,0.21407226750259722,-0.2441098149554518,-0.030037547452854585,1.8548353811884533,2012-2014,False
2240,Gilbert Arenas,-0.3823666882168746,0.13507213199656878,399.0,-0.38730120489891506,0.15138445784258167,49.0,-0.0049345166820404796,0.016312325846012887,0.011377809163972408,-0.2472945562203058,2012-2014,True
2248,Earl Watson,-1.255586460723491,-0.9710478885437586,3885.0,-1.2898672250176981,-0.9363559211927888,30.0,-0.03428076429420712,0.0346919673509698,0.00041120305676267677,-2.2266343492672496,2012-2014,True
2250,Bobby Simmons,-1.1261950498400255,0.6866178950033465,788.0,-1.1033770043239628,0.7312330822901763,65.0,0.0228180455160627,0.04461518728682978,0.06743323280289248,-0.43957715483667903,2012-2014,True
2365,Chris Andersen,-0.253104788319171,-1.668794787719189,4749.0,0.09900372618391817,-1.8059767168623566,1093.0,0.35210851450308916,-0.1371819291431675,0.21492658535992165,-1.9218995760383601,2012-2014,False
2399,Mike Dunleavy,0.3802178787142752,-1.0363510068116604,11623.0,0.22535897342669317,-0.8833465587505576,463.0,-0.15485890528758203,0.1530044480611028,-0.001854457226479228,-0.6561331280973852,2012-2014,False
2400,Drew Gooden,0.07823289825202023,1.3992761396780224,3940.0,0.16523459979649063,1.1937372175881467,264.0,0.0870017015444704,-0.2055389220898758,-0.11853722054540539,1.4775090379300426,2012-2014,False
2403,Nene,-0.3935638514356955,-3.417667092992825,8421.0,-0.45391579636727514,-3.5514242090168167,591.0,-0.06035194493157964,-0.13375711602399187,-0.1941090609555715,-3.8112309444285204,2012-2014,False
2404,Chris Wilcox,-1.5192944030640323,-0.053965553736771754,2537.0,-1.5469621139238992,-0.05552945099622325,12.0,-0.027667710859866856,-0.0015638972594514966,-0.029231608119318353,-1.573259956800804,2012-2014,True
2405,Amar'e Stoudemire,-1.8631513519636633,0.5818728359288212,6996.0,-1.8585853722509842,0.6076373048225379,309.0,0.004565979712679136,0.02576446889371664,0.030330448606395777,-1.281278516034842,2012-2014,False
2406,Caron Butler,0.17160620683862718,0.38493027915245415,9813.0,-0.3181168208146943,0.962569486976676,1548.0,-0.48972302765332143,0.5776392078242218,0.08791618017090042,0.5565364859910813,2012-2014,False
2407,Jared Jeffries,-1.681165568626193,-1.417252245207477,2073.0,-1.7391975511730713,-1.3543264070118683,61.0,-0.05803198254687825,0.0629258381956086,0.00489385564873035,-3.09841781383367,2012-2014,True
2419,Tayshaun Prince,-0.38549185781417106,0.06717596141608485,12354.0,-0.23587988931425347,-0.1413904351721354,1016.0,0.1496119684999176,-0.20856639658822024,-0.058954428088302646,-0.3183158963980862,2012-2014,False
2422,John Salmons,-1.253918858213495,-0.0053178757438226976,10231.0,-1.3561287963434365,0.09400997812754741,144.0,-0.1022099381299415,0.09932785387137011,-0.0028820842585713935,-1.2592367339573176,2012-2014,True
2430,Carlos Boozer,-1.5869896334295288,0.046689379515825025,12482.0,-1.6869177467619147,0.29521191404793934,1381.0,-0.09992811333238594,0.24852253453211431,0.14859442119972838,-1.5403002539137038,2012-2014,False
2440,Matt Barnes,1.218586358855606,-0.47279328217425337,10279.0,1.3782149583352266,-0.36619495968778826,1467.0,0.1596285994796205,0.10659832248646511,0.2662269219660856,0.7457930766813528,2012-2014,False
2446,Rasual Butler,-1.754782957413557,0.5003772165246305,1597.0,-1.7357762139875856,0.5321411973752828,135.0,0.019006743425971306,0.03176398085065224,0.05077072427662355,-1.2544057408889264,2012-2014,True
2449,Luis Scola,-1.4851187142326854,-0.6543741656342272,10682.0,-1.668848932990004,-0.5919001531950645,450.0,-0.18373021875731865,0.06247401243916273,-0.12125620631815592,-2.1394928798669124,2012-2014,False
2457,Jannero Pargo,0.23283471805147826,1.0519329162703197,2722.0,0.1271049935215291,1.0297546863601275,86.0,-0.10572972452994917,-0.02217822991019225,-0.1279079544401414,1.284767634321798,2012-2014,True
2501,Reggie Evans,-1.068615834948083,-1.0010671549742693,6741.0,-0.9676596780840948,-0.8894673001487932,747.0,0.10095615686398818,0.11159985482547619,0.21255601168946436,-2.0696829899223523,2012-2014,False
2544,LeBron James,6.827992746642381,-0.4242115361609652,15572.0,7.2699760544677305,-0.46799016929517484,4958.0,0.44198330782534967,-0.043778633134209655,0.39820467469114,6.403781210481416,2012-2014,False
2546,Carmelo Anthony,3.348618415454647,0.7904331968257958,13965.0,3.1207078185371877,0.7256893571516609,1246.0,-0.22791059691745907,-0.06474383967413488,-0.29265443659159396,4.139051612280443,2012-2014,False
2547,Chris Bosh,1.0472899209377027,-1.4544158513441992,13239.0,0.9404821992527737,-1.5621783708675083,3412.0,-0.10680772168492902,-0.10776251952330917,-0.2145702412082382,-0.4071259304064965,2012-2014,False
2548,Dwyane Wade,2.0726078595597666,-1.0081117367932835,11077.0,2.1418248703604466,-1.0419099039091908,4325.0,0.06921701080067999,-0.03379816711590733,0.03541884368477266,1.064496122766483,2012-2014,False
2550,Kirk Hinrich,-0.8355309053067257,-1.506188003611568,9628.0,-0.8820846017265235,-1.4510570541363683,872.0,-0.046553696419797785,0.0551309494751997,0.008577253055401912,-2.3417189089182937,2012-2014,False
2554,Mickael Pietrus,-1.383914606401029,0.16540846461368236,2470.0,-1.3337112740325687,0.0342371045800233,718.0,0.05020333236846031,-0.13117136003365906,-0.08096802766519876,-1.2185061417873466,2012-2014,False
2555,Nick Collison,0.6874856023544531,-1.849325809726963,8326.0,0.35048013796441274,-2.445168605616154,1346.0,-0.33700546439004037,-0.595842795889191,-0.9328482602792314,-1.1618402073725098,2012-2014,False
2557,Luke Ridnour,-0.8229321542734586,1.068921498319272,10298.0,-0.8287775052760266,1.0750758626799597,69.0,-0.005845351002568,0.006154364360687614,0.00030901335811961417,0.24598934404581352,2012-2014,True
2561,David West,0.8890145649830711,-0.7775659786680682,13046.0,1.0757493331151569,-0.882328743987792,3296.0,0.18673476813208578,-0.10476276531972384,0.08197200281236194,0.11144858631500287,2012-2014,False
2562,Sasha Pavlovic,-2.0273984898886717,-0.8292569723433881,1992.0,-2.051637760671295,-0.7957799019420231,76.0,-0.024239270782623556,0.03347707040136505,0.009237799618741493,-2.8566554622320597,2012-2014,True
2563,Dahntay Jones,-1.2952304622842201,1.0461763854235224,3969.0,-1.3887986419618445,1.1041864771179006,151.0,-0.09356817967762443,0.05801009169437821,-0.03555808798324622,-0.2490540768606977,2012-2014,True
2564,Boris Diaw,-0.2984539576651661,-0.35972138134310727,10008.0,0.042388450212389295,-0.9539471620068662,2349.0,0.3408424078775554,-0.594225780663759,-0.2533833727862036,-0.6581753390082734,2012-2014,False
2568,Carlos Delfino,0.8261112328854245,-0.21850981940594016,6356.0,0.7679764116007564,-0.1304369317116149,243.0,-0.05813482128466818,0.08807288769432525,0.02993806640965707,0.6076014134794844,2012-2014,False
2570,Kendrick Perkins,-4.170720957118232,-1.8178343237429615,9640.0,-4.265611288178947,-1.8260098146488124,2100.0,-0.0948903310607152,-0.008175490905850902,-0.1030658219665661,-5.988555280861194,2012-2014,False
2571,Leandro Barbosa,-0.15883681096640678,0.9379322318553514,4371.0,-0.2919013977397126,1.029111535165618,419.0,-0.1330645867733058,0.09117930331026658,-0.04188528346303921,0.7790954208889446,2012-2014,False
2572,Josh Howard,-0.6821665462005768,0.41451421182359016,2284.0,-0.798056278217385,0.4870867469519036,124.0,-0.11588973201680819,0.07257253512831346,-0.043317196888494724,-0.26765233437698666,2012-2014,True
2581,Steve Blake,-0.8294969068809068,0.33143386107337247,7710.0,-0.9146403820825634,0.5417038335928357,808.0,-0.08514347520165655,0.21026997251946322,0.12512649731780667,-0.49806304580753435,2012-2014,False
2584,Willie Green,-0.9625639784841682,0.3757752371353568,5688.0,-1.0329654923531675,0.47651108162709066,189.0,-0.07040151386899929,0.10073584449173384,0.03033433062273455,-0.5867887413488113,2012-2014,True
2586,Keith Bogans,-0.7509802063687255,0.5636284013862154,2895.0,-0.7546702840084868,0.6293993112677321,40.0,-0.003690077639761258,0.06577090988151668,0.062080832241755424,-0.18735180498251014,2012-2014,True
2588,Matt Bonner,1.4780915458947599,-0.39777491715458724,5692.0,1.524459773329159,-0.5076853080490288,1096.0,0.046368227434399056,-0.10991039089444155,-0.06354216346004249,1.0803166287401726,2012-2014,False
2590,Mo Williams,0.18766718525870602,0.9214777623571959,9142.0,0.07038710885745698,1.1873980170662746,804.0,-0.11728007640124903,0.26592025470907865,0.1486401783078296,1.1091449476159019,2012-2014,False
2592,James Jones,-0.3114001239025147,-0.10491248787086305,2145.0,-0.30841083377354267,0.13265421554828122,624.0,0.002989290128972033,0.23756670341914427,0.2405559935481163,-0.41631261177337775,2012-2014,False
2594,Kyle Korver,1.4668897793306432,-0.21709428127169145,11800.0,1.4111073513092216,-0.33916678160796426,1003.0,-0.05578242802142164,-0.12207250033627282,-0.17785492835769445,1.2497954980589518,2012-2014,False
2605,Marquis Daniels,-1.7482997732792094,-0.8155524031441221,3042.0,-1.6820581484511128,-0.7338441375214981,228.0,0.06624162482809659,0.08170826562262401,0.1479498904507206,-2.5638521764233317,2012-2014,False
2617,Udonis Haslem,-2.153481771382493,-0.8545585178673353,6872.0,-2.2218650428288313,-0.4799586039646408,1784.0,-0.06838327144633816,0.3745999139026945,0.3062166424563563,-3.0080402892498284,2012-2014,False
2730,Dwight Howard,-0.2901691076573005,-3.025289927919736,13916.0,-0.2976799770504743,-2.8833208244970967,682.0,-0.007510869393173802,0.14196910342263935,0.13445823402946555,-3.3154590355770366,2012-2014,False
2733,Shaun Livingston,-0.966762029702982,-0.1880365987639576,8601.0,-0.9133832790637608,0.07829739836368158,591.0,0.05337875063922115,0.26633399712763917,0.3197127477668603,-1.1547986284669396,2012-2014,False
2734,Devin Harris,1.2568163383250692,0.37546070784180685,7672.0,1.1787312249167428,0.44985416232910524,1014.0,-0.07808511340832647,0.0743934544872984,-0.0036916589210280737,1.632277046166876,2012-2014,False
2736,Luol Deng,0.4434103859911068,-1.4119873306173627,13718.0,0.49207359142055196,-1.3243291069929313,835.0,0.04866320542944513,0.08765822362443143,0.13632142905387656,-0.9685769446262559,2012-2014,False
2738,Andre Iguodala,1.5348266897200686,-2.854912288723493,13694.0,1.3758177313390385,-2.5935763033554284,1927.0,-0.15900895838103013,0.26133598536806435,0.10232702698703422,-1.3200855990034241,2012-2014,False
2740,Andris Biedrins,-3.091482351952177,-1.722954450234135,2442.0,-3.0965106869862264,-1.6882691997093155,29.0,-0.005028335034049647,0.03468525052481941,0.029656915490769764,-4.814436802186312,2012-2014,True
2743,Kris Humphries,-1.0155722086916636,0.4036159010043172,8920.0,-1.05060041969706,0.4513064959941434,147.0,-0.035028211005396326,0.047690594989826196,0.01266238398442987,-0.6119563076873464,2012-2014,True
2744,Al Jefferson,1.1857194586488191,-0.9331017681460816,13745.0,1.0623210818550526,-0.887840351496791,472.0,-0.12339837679376653,0.04526141664929062,-0.07813696014447591,0.2526176905027375,2012-2014,False
2746,Josh Smith,0.11739122658245542,-1.8651986912861436,14961.0,0.08139475501658539,-1.765019850156593,735.0,-0.035996471565870033,0.10017884112955056,0.06418236956368052,-1.747807464703688,2012-2014,False
2747,JR Smith,1.534803654444395,1.065504687549744,11508.0,1.4075638181399786,1.2617881195651697,964.0,-0.1272398363044165,0.19628343201542564,0.06904359571100915,2.600308341994139,2012-2014,False
2748,Dorell Wright,-0.1627776318087712,-0.021104777503112127,8582.0,-0.2418503601004325,0.04066527436982798,174.0,-0.07907272829166132,0.06177005187294011,-0.017302676418721206,-0.18388240931188332,2012-2014,True
2749,Jameer Nelson,1.7014862707168508,0.5666183042811577,11202.0,1.6438473186664158,0.6654145958460298,316.0,-0.05763895205043501,0.09879629156487213,0.04115733951443712,2.2681045749980084,2012-2014,False
2753,Delonte West,-0.9346607815409221,-0.9215109773965837,2011.0,-0.9975204720904791,-0.8771851577149192,169.0,-0.06285969054955698,0.04432581968166449,-0.018533870867892488,-1.856171758937506,2012-2014,True
2754,Tony Allen,-0.26122865170407966,-3.1504253508893054,9147.0,0.14988683694390253,-3.551435870966775,1518.0,0.4111154886479822,-0.4010105200774694,0.010104968570512796,-3.411654002593385,2012-2014,False
2755,Kevin Martin,1.4990160912278476,0.8443225881242843,11175.0,1.512148738606693,0.843455081924708,644.0,0.013132647378845341,-0.0008675061995763178,0.012265141179269023,2.343338679352132,2012-2014,False
2757,Beno Udrih,-0.1206590217539544,0.9749582838408479,6198.0,-0.1007451660171618,0.8718806250876079,214.0,0.019913855736792607,-0.10307765875324004,-0.08316380301644744,0.8542992620868936,2012-2014,False
2767,Royal Ivey,-1.209361535532997,-0.14046148220912769,2036.0,-1.2117951454254505,-0.13720436264456978,39.0,-0.0024336098924535587,0.003257119564557903,0.0008235096721043444,-1.3498230177421247,2012-2014,True
2768,Chris Duhon,-0.9499506195132499,0.4680057088583055,3874.0,-0.973482452212733,0.5697201936871312,247.0,-0.023531832699483113,0.10171448482882572,0.07818265212934261,-0.4819449106549444,2012-2014,False
2772,Trevor Ariza,-0.4098208313174446,-0.21659050476756087,10753.0,-0.367290687207164,-0.470864192250299,753.0,0.04253014411028061,-0.25427368748273815,-0.21174354337245754,-0.6264113360850054,2012-2014,False
101106,Andrew Bogut,-1.9029136596563467,-3.4875992013720296,5749.0,-1.7097786375189574,-3.611041523675489,621.0,0.1931350221373893,-0.1234423223034593,0.06969269983393,-5.390512861028377,2012-2014,False
101107,Marvin Williams,-0.6564270323339868,0.05924722414962573,9244.0,-0.7008332276844683,0.0798035825410279,261.0,-0.044406195350481514,0.02055635839140217,-0.023849836959079343,-0.5971798081843611,2012-2014,False
101108,Chris Paul,4.66348985616901,-0.8237785136100584,12912.0,4.715664840336178,-0.6169877278131184,2135.0,0.05217498416716815,0.20679078579694,0.25896576996410814,3.8397113425589513,2012-2014,False
101109,Raymond Felton,1.6788043709781735,0.7489333097370388,11769.0,1.549761887121472,0.537827736872881,830.0,-0.12904248385670147,-0.21110557286415776,-0.34014805672085924,2.4277376807152122,2012-2014,False
101110,Martell Webster,0.5206986609511008,1.0881669370860672,10694.0,0.46659459317325247,0.9965223344299943,365.0,-0.054104067777848375,-0.09164460265607288,-0.14574867043392126,1.608865598037168,2012-2014,False
101114,Deron Williams,3.476780165792574,1.1342189247512642,13045.0,3.582319511695659,1.0603927150024977,1322.0,0.10553934590308511,-0.07382620974876652,0.03171313615431859,4.610999090543839,2012-2014,False
101115,Andrew Bynum,-0.4206629325904404,-1.6841196773178955,5001.0,-0.4033340415479845,-1.4923755248714339,853.0,0.017328891042455885,0.1917441524464616,0.20907304348891748,-2.104782609908336,2012-2014,False
101122,Danny Granger,1.0660710087522158,0.19281222297647604,5785.0,1.1907273230221378,-0.016421913995115195,1021.0,0.12465631426992196,-0.20923413697159124,-0.08457782270166928,1.2588832317286918,2012-2014,False
101123,Gerald Green,0.05470436152055416,0.9066564614526293,8277.0,0.008648107161962786,1.0100002736514322,197.0,-0.04605625435859138,0.10334381219880284,0.057287557840211466,0.9613608229731835,2012-2014,True
101126,Nate Robinson,1.3403260850970589,1.1389067184315989,7908.0,1.464659388470116,1.3647338404080516,724.0,0.12433330337305715,0.22582712197645272,0.35016042534950986,2.4792328035286575,2012-2014,False
101127,Jarrett Jack,-0.8872797879616237,2.144110288076332,11852.0,-0.8008414115968561,2.1051489083674277,831.0,0.08643837636476759,-0.03896137970890434,0.047476996655863246,1.2568305001147084,2012-2014,False
101128,Francisco Garcia,-1.106949552060858,0.2835420841920042,5787.0,-1.0469487383935754,0.3170239989930923,366.0,0.060000813667282715,0.033481914801088086,0.0934827284683708,-0.8234074678688539,2012-2014,False
101130,Johan Petro,-3.3093091395459733,0.43536138731982965,2429.0,-3.3873775886084316,0.45308883098922725,195.0,-0.07806844906245836,0.017727443669397602,-0.060341005393060754,-2.873947752226144,2012-2014,True
101133,Ian Mahinmi,-3.552493080029208,-2.5943576420745047,7073.0,-3.653739930299486,-2.7272793959243993,873.0,-0.10124685027027835,-0.13292175384989457,-0.23416860412017293,-6.1468507221037125,2012-2014,False
101135,David Lee,0.7322321194641219,-0.6859520970798053,14410.0,0.5471263088512032,-0.7952087819094907,562.0,-0.18510581061291875,-0.10925668482968542,-0.2943624954426042,0.04628002238431661,2012-2014,False
101138,Brandon Bass,-1.2189196371081108,0.4931906837413945,12080.0,-1.2381403308209573,0.22333080841558867,1491.0,-0.019220693712846515,-0.26985987532580585,-0.28908056903865237,-0.7257289533667163,2012-2014,False
101141,Ersan Ilyasova,0.24768856403833206,0.1528464363379901,10143.0,0.22759840969749484,0.14447211722597078,220.0,-0.02009015434083722,-0.00837431911201933,-0.028464473452856548,0.40053500037632217,2012-2014,False
101142,Ronny Turiaf,-2.012931374697093,-1.8218600970839907,3067.0,-2.0464494667791184,-1.8893433730017983,324.0,-0.0335180920820255,-0.06748327591780767,-0.10100136799983317,-3.8347914717810836,2012-2014,False
101144,Von Wafer,-1.3096922488727323,1.5741867734932917,868.0,-1.3243192997624307,1.5639637528500774,12.0,-0.0146270508896984,-0.010223020643214342,-0.024850071532912743,0.26449452462055945,2012-2014,True
101145,Monta Ellis,1.852148973735431,1.2400823608811664,16299.0,1.7869145590499629,1.3648619048751927,770.0,-0.0652344146854682,0.12477954399402624,0.05954512930855804,3.0922313346165975,2012-2014,False
101150,Lou Williams,1.105452479131477,1.1835635614399083,8207.0,1.1563094361553887,1.0825502383360244,925.0,0.050856957023911686,-0.10101332310388389,-0.0501563660799722,2.2890160405713855,2012-2014,False
101154,Andray Blatche,-0.897972667469498,0.5791553179589741,7218.0,-0.8322447666122494,0.474921156082443,580.0,0.06572790085724856,-0.10423416187653112,-0.03850626101928256,-0.3188173495105239,2012-2014,False
101161,Amir Johnson,0.6755221073647661,-2.473700224551635,11445.0,0.6068995905640174,-2.334520784909568,352.0,-0.06862251680074871,0.13917943964206714,0.07055692284131843,-1.798178117186869,2012-2014,False
101162,Marcin Gortat,-0.6226967238250518,-2.514103411521761,12826.0,-0.5205980502057429,-2.7125097141783696,692.0,0.10209867361930891,-0.19840630265660852,-0.09630762903729961,-3.136800135346813,2012-2014,False
101181,Jose Calderon,1.4250983110079767,1.939884621340294,12247.0,1.550877980456777,1.9703594905123523,369.0,0.12577966944880026,0.030474869172058217,0.15625453862085847,3.364982932348271,2012-2014,False
101183,Shavlik Randolph,-0.8912578429041564,-0.6584768529395738,567.0,-0.9183225379686459,-0.6560095180251853,6.0,-0.027064695064489497,0.0024673349143885526,-0.024597360150100944,-1.5497346958437301,2012-2014,True
101187,Alan Anderson,-0.5453475184004135,1.4534851423863422,7018.0,-0.5915911547868395,1.2986305394757907,491.0,-0.046243636386426035,-0.15485460291055153,-0.20109823929697757,0.9081376239859287,2012-2014,False
101235,Kelenna Azubuike,-2.032141399916412,1.1183329693514588,37.0,-2.0284545940171683,1.0845732102552128,9.0,0.0036868058992438613,-0.033759759096245956,-0.030072953197002095,-0.9138084305649534,2012-2014,True
101236,Chuck Hayes,-1.0068272802006946,-0.21859914734483837,5756.0,-1.032943254902623,-0.24107584640118704,69.0,-0.02611597470192839,-0.022476699056348665,-0.048592673758277055,-1.2254264275455329,2012-2014,True
101249,John Lucas III,-0.594926842757561,1.048185425938121,4013.0,-0.5951452954819488,1.0793927390986335,174.0,-0.0002184527243878076,0.031207313160512618,0.03098886043612481,0.4532585831805599,2012-2014,True
200746,LaMarcus Aldridge,1.598579970668061,-1.8075228289215444,14052.0,1.6055581616455143,-1.6758321997756425,865.0,0.006978190977453336,0.1316906291459019,0.13866882012335524,-0.20894285825348335,2012-2014,False
200751,Randy Foye,-0.14240899669409957,1.2444710428538417,12572.0,-0.22346740067661225,1.3444333962219006,536.0,-0.08105840398251268,0.09996235336805892,0.018903949385546237,1.1020620461597421,2012-2014,False
200752,Rudy Gay,0.6937284314831932,-0.9891928880661289,14584.0,0.7269614071883376,-1.0372226838547023,508.0,0.033232975705144385,-0.04802979578857336,-0.014796820083428974,-0.29546445658293574,2012-2014,False
200755,JJ Redick,2.27131209391951,2.4125512950322077,9940.0,2.256794947457634,2.412786323939337,1062.0,-0.014517146461876074,0.00023502890712912006,-0.014282117554746954,4.683863388951718,2012-2014,False
200756,Hilton Armstrong,-0.8730702652112843,-0.5299857144934234,199.0,-0.8647095824676881,-0.4828354492460815,40.0,0.008360682743596137,0.04715026524734184,0.055510947990937975,-1.4030559797047077,2012-2014,True
200757,Thabo Sefolosha,-0.5728929712798446,-2.449567360702936,9408.0,-0.6330828377459743,-2.4840424793025067,1899.0,-0.06018986646612967,-0.03447511859957064,-0.09466498506570031,-3.0224603319827805,2012-2014,False
200758,Ronnie Brewer,0.4316277176238287,-0.2389337237469097,5004.0,0.3810386548973219,-0.2794962137584623,171.0,-0.05058906272650676,-0.0405624900115526,-0.09115155273805936,0.192693993876919,2012-2014,True
200765,Rajon Rondo,-0.546580467059409,1.0065522064648176,8462.0,-0.3272715884732589,0.9686875019223253,1501.0,0.2193088785861501,-0.037864704542492245,0.18144417404365787,0.4599717394054086,2012-2014,False
200768,Kyle Lowry,2.884712624817338,-0.4368568711310014,12417.0,2.819969889019883,-0.352020940746125,512.0,-0.06474273579745482,0.08483593038487641,0.020093194587421592,2.4478557536863366,2012-2014,False
200777,Joel Freeland,-2.1653063406851016,0.02641435910604853,2336.0,-2.204168368885937,0.04027468887857642,45.0,-0.0388620282008354,0.013860329772527893,-0.025001698428307503,-2.1388919815790532,2012-2014,True
200778,James White,-1.5049103735897844,0.7803829383154685,840.0,-1.5006302579919397,0.7626685939524019,19.0,0.004280115597844691,-0.017714344363066514,-0.013434228765221823,-0.724527435274316,2012-2014,True
200779,Steve Novak,0.7167098122806483,0.7669317844266466,6137.0,0.539893925706936,0.7486614807369594,291.0,-0.1768158865737124,-0.018270303689687184,-0.19508619026339957,1.483641596707295,2012-2014,False
200794,Paul Millsap,1.151361242450816,-1.3040724584583345,13437.0,0.9865993111499258,-1.4474261303247469,777.0,-0.16476193130089012,-0.14335367186641235,-0.30811560316730247,-0.15271121600751858,2012-2014,False
200797,Ryan Hollins,-3.18834383041127,-1.6289495245171608,3233.0,-3.157753963490761,-1.5892591069398043,398.0,0.030589866920509134,0.039690417577356474,0.07028028449786561,-4.817293354928431,2012-2014,False
200811,Lou Amundson,-1.4883355891935208,-1.215259311458698,2475.0,-1.5829800698278071,-1.102090048841981,183.0,-0.09464448063428632,0.11316926261671711,0.018524781982430794,-2.703594900652219,2012-2014,True
201141,Greg Oden,-1.6102937173379805,-0.5719649163082832,406.0,-1.590032578788617,-0.5311686716919414,16.0,0.020261138549363622,0.04079624461634179,0.061057383165705414,-2.1822586336462635,2012-2014,True
201142,Kevin Durant,6.4833664529432085,0.2141813692347705,17478.0,6.357851630548613,-0.04237863687890664,4152.0,-0.12551482239459588,-0.25656000611367713,-0.382074828508273,6.697547822177979,2012-2014,False
201143,Al Horford,0.6593021612923594,-1.8517871420106937,7701.0,0.575963556486393,-1.721723307101259,605.0,-0.08333860480596644,0.13006383490943474,0.046725230103468296,-1.1924849807183344,2012-2014,False
201144,Mike Conley,2.9883347146575026,-1.001954075898053,13748.0,3.0268313823869484,-1.0812789604185973,2045.0,0.03849666772944582,-0.07932488452054431,-0.04082821679109849,1.9863806387594496,2012-2014,False
201145,Jeff Green,-1.2775805888759053,0.9843813734465287,9780.0,-1.4956245410356068,0.8666830072410165,466.0,-0.21804395215970152,-0.1176983662055121,-0.3357423183652136,-0.29319921542937666,2012-2014,False
201146,Yi,-2.899153858311335,0.0797288921926711,416.0,-2.895467052412091,0.04596913309642524,9.0,0.0036868058992438613,-0.03375975909624586,-0.030072953197001998,-2.819424966118664,2012-2014,True
201147,Corey Brewer,0.8612083829446457,-0.6294145032804993,12019.0,0.8991551807643942,-0.5121608384192492,525.0,0.03794679781974841,0.1172536648612501,0.15520046268099852,0.23179387966414644,2012-2014,False
201148,Brandan Wright,0.8073241268433848,0.817506483929062,5875.0,0.7775199226593432,0.774329941786379,230.0,-0.029804204184041616,-0.04317654214268296,-0.07298074632672458,1.6248306107724468,2012-2014,False
201149,Joakim Noah,0.38897089853393935,-3.001334200241809,13514.0,0.3404402822400796,-2.7328183543886038,1304.0,-0.04853061629385974,0.2685158458532051,0.21998522955934535,-2.6123633017078696,2012-2014,False
201150,Spencer Hawes,-1.707106622694369,-0.414729711729913,11029.0,-1.7858581068934083,-0.3344817300232139,611.0,-0.07875148419903932,0.08024798170669911,0.0014964975076597886,-2.121836334424282,2012-2014,False
201152,Thaddeus Young,0.24509742969025355,0.05182717830662581,13899.0,0.22156361639304473,0.16547086620321225,509.0,-0.023533813297208828,0.11364368789658644,0.09010987459937761,0.29692460799687936,2012-2014,False
201156,Nick Young,0.10009047082869899,2.3654547413326155,9760.0,0.19034903683068505,2.3637241888269274,385.0,0.09025856600198606,-0.0017305525056880988,0.08852801349629796,2.4655452121613144,2012-2014,False
201157,Sean Williams,-1.172627992575156,-0.6044764544595895,207.0,-1.1655531387971911,-0.5866717790391558,11.0,0.007074853777964796,0.017804675420433735,0.02487952919839853,-1.7771044470347455,2012-2014,True
201158,Marco Belinelli,0.7720821332687459,1.8000700667448466,11115.0,0.6135850396917399,2.173672840547816,1291.0,-0.15849709357700592,0.37360277380296947,0.21510568022596355,2.5721522000135923,2012-2014,False
201161,Daequan Cook,-1.2903547534541893,0.5328207901513611,2791.0,-1.246389175292246,0.643786625851491,263.0,0.04396557816194324,0.11096583570012997,0.1549314138620732,-0.7575339633028282,2012-2014,False
201162,Jared Dudley,0.21865822077731517,0.03957163906025951,11248.0,0.2528944091358824,0.12419548316097347,90.0,0.03423618835856723,0.08462384410071395,0.11886003245928119,0.2582298598375747,2012-2014,True
201163,Wilson Chandler,0.004714923593531262,0.27396849007888846,6503.0,-0.026743182771890146,0.20186076682745283,422.0,-0.03145810636542141,-0.07210772325143563,-0.10356582961685704,0.2786834136724197,2012-2014,False
201166,Aaron Brooks,0.06797261796388399,1.3845585278553656,5140.0,0.07884426228324641,1.4425573934853397,134.0,0.010871644319362425,0.05799886562997414,0.06887050994933656,1.4525311458192496,2012-2014,True
201167,Arron Afflalo,0.22390720779490758,1.8246866698341635,13454.0,0.216549933885221,1.8624911300372047,425.0,-0.007357273909686574,0.03780446020304118,0.030447186293354606,2.048593877629071,2012-2014,False
201168,Tiago Splitter,0.005871732843761079,-2.699394438259839,8569.0,-0.09742617362263808,-2.803726857288419,2046.0,-0.10329790646639916,-0.10433241902858015,-0.2076303254949793,-2.6935227054160777,2012-2014,False
201171,Carl Landry,-0.6961084943306932,1.7487666661631867,5999.0,-0.690825487589794,1.8713968975650057,483.0,0.00528300674089921,0.12263023140181906,0.12791323814271827,1.0526581718324934,2012-2014,False
201175,Glen Davis,-2.306459878046127,-0.9004801269208109,7826.0,-2.3921204891298893,-0.7922717346721319,646.0,-0.0856606110837621,0.10820839224867906,0.022547781164916958,-3.2069400049669383,2012-2014,False
201177,Josh McRoberts,-0.1490472660721249,-0.5871734756904923,8676.0,-0.09606220246234293,-0.7072900892394828,323.0,0.052985063609781974,-0.1201166135489905,-0.06713154993920853,-0.7362207417626172,2012-2014,False
201188,Marc Gasol,-0.2236072278404015,-3.3295321645795792,13265.0,-0.1230650559422642,-3.6229285513040033,2151.0,0.10054217189813729,-0.29339638672442403,-0.19285421482628673,-3.553139392419981,2012-2014,False
201196,Ramon Sessions,0.7738783746558304,2.1816658349057096,10817.0,0.7613621640699206,2.137556391371364,705.0,-0.012516210585909793,-0.04410944353434543,-0.05662565412025522,2.9555442095615403,2012-2014,False
201202,Joel Anthony,-1.975433731710458,-2.161051878505793,4015.0,-1.8590498128889772,-2.068694195007332,725.0,0.1163839188214808,0.09235768349846118,0.208741602319942,-4.136485610216251,2012-2014,False
201228,C.J. Watson,-0.0398159191629111,-0.3186877474174317,7312.0,-0.15312404083582623,-0.059983144884628414,1249.0,-0.11330812167291512,0.2587046025328033,0.14539648085988818,-0.35850366658034283,2012-2014,False
201229,Anthony Tolliver,-0.8930720981461496,-0.31314359018969196,6171.0,-0.8717989646136443,-0.383123644144756,178.0,0.021273133532505373,-0.06998005395506407,-0.0487069204225587,-1.2062156883358415,2012-2014,True
201274,Ivan Johnson,-1.5452029557742364,-0.6393707072637762,3765.0,-1.6704325060471727,-0.7780589512119604,316.0,-0.12522955027293636,-0.13868824394818424,-0.2639177942211206,-2.1845736630380124,2012-2014,False
201336,Blake Ahearn,-2.687708043386965,1.1873101344231578,63.0,-2.6633344534520718,1.1928001108646649,14.0,0.024373589934893136,0.005489976441507061,0.029863566376400197,-1.500397908963807,2012-2014,True
201563,Michael Beasley,-1.668181069877845,1.7874061481346422,6533.0,-1.6284126601885733,1.8093016774793875,47.0,0.039768409689271644,0.021895529344745368,0.06166393903401701,0.11922507825679718,2012-2014,True
201564,O.J. Mayo,-0.5628923689001546,1.339687338218232,11774.0,-0.6046250305540887,1.2769418769642833,315.0,-0.04173266165393408,-0.06274546125394864,-0.10447812290788272,0.7767949693180773,2012-2014,False
201565,Derrick Rose,2.961751557268678,0.3168049298825967,3208.0,2.9943651116905676,0.33420958732268685,72.0,0.032613554421889734,0.017404657440090177,0.05001821186197991,3.2785564871512745,2012-2014,True
201566,Russell Westbrook,4.048360988279231,-0.20153795549119652,13142.0,4.246597501215771,-0.31066528524983106,3069.0,0.19823651293654,-0.10912732975863454,0.08910918317790545,3.846823032788034,2012-2014,False
201568,Danilo Gallinari,2.4270052486502687,-1.3690701059276087,7137.0,2.303493587902422,-1.265258352650791,418.0,-0.12351166074784681,0.10381175327681769,-0.01969990747102912,1.05793514272266,2012-2014,False
201571,D.J. Augustin,-0.1571953719084621,2.108256629428734,8692.0,-0.18527410832233146,2.2703869018318397,840.0,-0.02807873641386935,0.16213027240310574,0.1340515359892364,1.951061257520272,2012-2014,False
201572,Brook Lopez,0.7743601740958195,-1.792238395525924,5457.0,0.8748463056674662,-1.7211914479637747,489.0,0.10048613157164676,0.07104694756214935,0.17153307913379612,-1.0178782214301045,2012-2014,False
201573,Jerryd Bayless,0.24327491860645856,1.798589550864295,7846.0,0.26945807942253863,2.0216774968379863,615.0,0.026183160816080076,0.2230879459736912,0.24927110678977127,2.0418644694707537,2012-2014,False
201576,Anthony Randolph,-1.9038102252393259,0.3981380785240676,2817.0,-1.9051948948703972,0.4147108383643172,61.0,-0.0013846696310713114,0.01657275984024964,0.015188090209178329,-1.5056721467152583,2012-2014,True
201577,Robin Lopez,-0.8012486110260201,-1.903034054837871,10758.0,-0.7890303492452394,-1.769725866713133,701.0,0.01221826178078067,0.133308188124738,0.14552644990551866,-2.704282665863891,2012-2014,False
201578,Marreese Speights,-2.6823099963291037,0.06519606666681041,7001.0,-2.761666228221873,-0.011900109010477597,325.0,-0.07935623189276919,-0.077096175677288,-0.15645240757005718,-2.617113929662293,2012-2014,False
201579,Roy Hibbert,-1.165507611884725,-2.998779446655357,12496.0,-1.051336089376745,-3.1195636669808504,2838.0,0.11417152250798002,-0.12078422032549341,-0.006612697817513391,-4.164287058540082,2012-2014,False
201580,JaVale McGee,-2.3915855911164545,0.38468847538350304,6028.0,-2.258141459594949,0.30887202388004675,569.0,0.13344413152150558,-0.07581645150345628,0.0576276800180493,-2.0068971157329516,2012-2014,False
201583,Ryan Anderson,2.543746363254833,1.5421473523042453,9832.0,2.519942184466094,1.6039295958997632,308.0,-0.023804178788739083,0.06178224359551798,0.0379780648067789,4.085893715559078,2012-2014,False
201584,Courtney Lee,0.011101245660777082,0.32115161791203883,10723.0,-0.07993100016653529,0.3243410681493007,494.0,-0.09103224582731237,0.0031894502372618594,-0.08784279559005051,0.3322528635728159,2012-2014,False
201585,Kosta Koufos,-1.1214873217715984,-1.8979988647917667,7574.0,-1.3038867065928388,-1.7797533223353066,346.0,-0.1823993848212404,0.11824554245646013,-0.06415384236478028,-3.0194861865633653,2012-2014,False
201586,Serge Ibaka,-0.5574946087231089,-2.8618318263972107,13735.0,-0.291994312313819,-2.6303260375850384,2875.0,0.26550029640928985,0.23150578881217232,0.49700608522146217,-3.4193264351203196,2012-2014,False
201587,Nicolas Batum,1.6664613087424334,0.7061624209425603,14714.0,1.665814151995452,0.743492232641588,901.0,-0.0006471567469814588,0.037329811699027715,0.036682654952046256,2.3726237296849937,2012-2014,False
201588,George Hill,1.350209787045676,0.2774727016661312,11950.0,1.5430224704121536,0.0004286034525775029,3139.0,0.1928126833664776,-0.2770440982135537,-0.08423141484707608,1.627682488711807,2012-2014,False
201589,Darrell Arthur,-2.709284503587444,-0.8987349914175249,4222.0,-2.5990686405576526,-0.7919585301770214,335.0,0.11021586302979136,0.10677646124050344,0.2169923242702948,-3.608019495004969,2012-2014,False
201591,DJ White,-2.4598834154835894,1.1600961720049274,2273.0,-2.4705113194867265,1.1237771215366212,4.0,-0.010627904003137179,-0.03631905046830619,-0.04694695447144337,-1.299787243478662,2012-2014,True
201596,Mario Chalmers,0.7153578729009001,-1.4361216462884647,11620.0,0.8496525598710316,-1.2656522702690096,3642.0,0.13429468697013147,0.1704693760194551,0.3047640629895866,-0.7207637733875646,2012-2014,False
201599,DeAndre Jordan,0.38957758278129995,-2.3959374638141804,12755.0,0.32609669171473976,-2.2225413788778883,1575.0,-0.06348089106656019,0.1733960849362921,0.10991519386973192,-2.00635988103288,2012-2014,False
201600,Omer Asik,-1.4147393405719406,-3.541946915281822,8599.0,-1.3103108603167466,-3.5922349707839207,927.0,0.10442848025519402,-0.05028805550209858,0.05414042475309544,-4.9566862558537625,2012-2014,False
201601,Luc Mbah a Moute,-1.5196731411279418,-1.010304862791174,6571.0,-1.5611567646136242,-0.9510150976152111,253.0,-0.04148362348568235,0.05928976517596285,0.017806141690280497,-2.5299780039191155,2012-2014,False
201604,Chris Douglas-Roberts,-0.7079675337880612,0.5402356197698426,2098.0,-0.73885355065904,0.5014235804774065,126.0,-0.030886016870978805,-0.03881203929243604,-0.06969805616341485,-0.16773191401821863,2012-2014,True
201632,Hamed Haddadi,-2.7367793625001307,-1.9528401903353312,935.0,-2.705382844177439,-1.9219733161230674,35.0,0.03139651832269186,0.03086687421226375,0.06226339253495561,-4.689619552835461,2012-2014,True
201858,Cartier Martin,-0.9700001743147589,0.4426507189422575,3787.0,-0.9448434178374634,0.4493414616675742,30.0,0.02515675647729554,0.006690742725316723,0.03184749920261226,-0.5273494553725014,2012-2014,True
201880,Greg Stiemsma,-3.175533707830524,-2.41073741589349,5640.0,-3.246925408414892,-2.177142117694664,255.0,-0.07139170058436806,0.23359529819882585,0.1622035976144578,-5.586271123724014,2012-2014,False
201933,Blake Griffin,4.2720564399855885,-0.75282078157175,15109.0,4.231456068079185,-0.531484837721838,1957.0,-0.040600371906403865,0.22133594384991206,0.1807355719435082,3.5192356584138382,2012-2014,False
201934,Hasheem Thabeet,-2.761361770533087,-2.0654691487716614,2151.0,-2.806966676402219,-2.019561401317228,71.0,-0.04560490586913213,0.0459077474544336,0.0003028415853014721,-4.826830919304749,2012-2014,True
201935,James Harden,6.247820537907328,1.892848008974294,15392.0,6.4882784263911075,1.7067369573860267,2217.0,0.24045788848377914,-0.18611105158826735,0.054346836895511785,8.140668546881622,2012-2014,False
201939,Stephen Curry,5.596156767851671,-1.0613989254037506,13117.0,5.929833382721414,-1.117147717606086,1561.0,0.3336766148697432,-0.05574879220233542,0.2779278226674078,4.53475784244792,2012-2014,False
201941,Jordan Hill,-1.6096408452130067,0.6824212174846729,4969.0,-1.661403419350026,0.7901218237082849,465.0,-0.051762574137019346,0.107700606223612,0.05593803208659265,-0.9272196277283338,2012-2014,False
201942,DeMar DeRozan,1.2186503399519428,1.067503808029277,15516.0,1.1854909284428987,1.224020972453181,518.0,-0.03315941150904411,0.15651716442390406,0.12335775291485995,2.28615414798122,2012-2014,False
201943,Brandon Jennings,1.3726497535486264,2.29584659701922,15800.0,1.3563771909287166,2.3612123756980123,250.0,-0.016272562619909836,0.06536577867879245,0.049093216058882616,3.668496350567846,2012-2014,False
201944,Terrence Williams,-0.9906063062342718,1.4386196685534813,1676.0,-1.05393001077926,1.3924308509195709,91.0,-0.06332370454498815,-0.04618881763391047,-0.10951252217889862,0.4480133623192095,2012-2014,True
201945,Gerald Henderson,-0.8380769608978059,0.5261888387007653,12292.0,-0.8367517021668955,0.4506347827844732,225.0,0.0013252587309103836,-0.07555405591629205,-0.07422879718538167,-0.31188812219704065,2012-2014,False
201946,Tyler Hansbrough,-1.3100935953897919,0.2579284438038187,7164.0,-1.4087852283131705,0.09420092153710494,802.0,-0.09869163292337868,-0.16372752226671375,-0.2624191551900924,-1.0521651515859731,2012-2014,False
201947,Earl Clark,-3.017866390666206,0.6611130718371112,5237.0,-3.1753793176170193,0.7410198466136092,315.0,-0.1575129269508131,0.07990677477649799,-0.0776061521743151,-2.356753318829095,2012-2014,False
201948,Austin Daye,-1.7444847255903508,0.3040706584090018,2776.0,-1.7204252014360144,0.40411788194297266,51.0,0.02405952415433643,0.10004722353397083,0.12410674768830726,-1.440414067181349,2012-2014,True
201949,James Johnson,-1.5309076162635709,-0.0994348692767888,6480.0,-1.5972050247739493,-0.09136030399915776,60.0,-0.06629740851037846,0.008074565277631035,-0.05822284323274743,-1.6303424855403597,2012-2014,True
201950,Jrue Holiday,1.126985156324802,-0.7638585982243475,11910.0,0.9770884003328264,-0.6346488787480109,921.0,-0.1498967559919755,0.12920971947633664,-0.020687036515638857,0.36312655810045436,2012-2014,False
201951,Ty Lawson,3.5598481140617233,0.5001462145331507,13754.0,3.5355086063909424,0.6603441828182062,938.0,-0.024339507670780858,0.1601979682850555,0.13585846061427465,4.059994328594874,2012-2014,False
201952,Jeff Teague,1.086806466032212,0.09779831149285512,14195.0,0.8763321391199662,0.04958519042190072,1287.0,-0.21047432691224588,-0.0482131210709544,-0.25868744798320026,1.1846047775250672,2012-2014,False
201954,Darren Collison,0.9245064785462728,1.7489812686146453,12385.0,0.7257219864228206,2.0682821600311154,896.0,-0.19878449212345217,0.3193008914164701,0.12051639929301794,2.673487747160918,2012-2014,False
201958,Rodrigue Beaubois,-0.5024276389779715,0.6241574230593696,3318.0,-0.48907818605920095,0.591895507962172,22.0,0.013349452918770544,-0.03226191509719756,-0.018912462178427014,0.12172978408139812,2012-2014,True
201959,Taj Gibson,-0.5892298516721132,-2.2405926326684336,9490.0,-0.5466321603914518,-2.064651368945511,895.0,0.042597691280661376,0.17594126372292251,0.2185389550035839,-2.829822484340547,2012-2014,False
201960,DeMarre Carroll,0.7586591270925661,-1.1429140672390425,7356.0,0.7101686348039091,-1.3508339363731592,600.0,-0.04849049228865698,-0.20791986913411664,-0.2564103614227736,-0.38425494014647643,2012-2014,False
201961,Wayne Ellington,0.012630720948590746,1.2037054219850218,5841.0,0.0046968141173975,1.1622990543508005,26.0,-0.007933906831193245,-0.04140636763422134,-0.049340274465414585,1.2163361429336126,2012-2014,True
201962,Toney Douglas,0.13575863608192706,0.6850361211429757,5169.0,0.1495653853560727,0.7631386228286124,69.0,0.01380674927414563,0.0781025016856367,0.09190925095978233,0.8207947572249028,2012-2014,True
201963,Christian Eyenga,-2.043994098977773,0.12358904765220752,185.0,-2.0178167441574506,0.11367770694346192,22.0,0.026177354820322574,-0.009911340708745595,0.01626601411157698,-1.9204050513255657,2012-2014,True
201964,Victor Claver,-1.3004928264580873,0.8183038863284366,1911.0,-1.3330510936187316,0.8119809964821124,16.0,-0.03255826716064436,-0.006322889846324231,-0.03888115700696859,-0.48218894012965063,2012-2014,True
201965,Jeff Ayres,-0.975113417143953,0.08573257795824714,2821.0,-1.011401164203216,0.19556293350919937,285.0,-0.036287747059262854,0.10983035555095223,0.07354260849168938,-0.8893808391857059,2012-2014,False
201967,Dante Cunningham,-0.8448824925641515,0.0033162387965489093,9292.0,-0.862867171872939,0.019449090191205252,95.0,-0.017984679308787554,0.016132851394656342,-0.001851827914131212,-0.8415662537676025,2012-2014,True
201970,Sam Young,-2.2660606406341146,0.9178253441687296,2063.0,-2.250023387447518,0.9535520025100293,241.0,0.016037253186596434,0.03572665834129962,0.051763911527896056,-1.348235296465385,2012-2014,False
201971,DeJuan Blair,-1.0003930220523733,-0.3063596398221622,6770.0,-0.7473510685480919,-0.3651668716940013,460.0,0.2530419535042815,-0.058807231871839116,0.19423472163244238,-1.3067526618745355,2012-2014,False
201975,Jodie Meeks,0.6135093601193113,1.346731908168008,11667.0,0.5887963654106312,1.3545692707609123,238.0,-0.024712994708680158,0.00783736259290424,-0.016875632115775918,1.9602412682873194,2012-2014,False
201976,Patrick Beverley,1.5186116706110382,-0.8932330630415876,4817.0,1.5499909914712107,-0.9308101088433247,786.0,0.03137932086017248,-0.03757704580173715,-0.006197724941564675,0.6253786075694506,2012-2014,False
201977,Marcus Thornton,0.6448377230584371,2.208862736403602,10275.0,0.6840420354102248,2.2732675459386513,223.0,0.039204312351787673,0.06440480953504935,0.10360912188683702,2.853700459462039,2012-2014,False
201980,Danny Green,0.9179229144297226,-2.2835012793142466,10494.0,1.146746996138792,-2.68527857512564,2790.0,0.22882408170906932,-0.4017772958113932,-0.1729532141023239,-1.365578364884524,2012-2014,False
201985,AJ Price,-0.5027125013357074,0.4635890098237542,3704.0,-0.5183901719880221,0.5028547493488181,13.0,-0.015677670652314624,0.03926573952506396,0.023588068872749335,-0.03912349151195327,2012-2014,True
201986,Nando De Colo,-1.0408832835862785,0.08598983081257111,2762.0,-1.0389056119585443,0.08880858587770085,36.0,0.001977671627734212,0.002818755065129741,0.004796426692863953,-0.9548934527737074,2012-2014,True
201988,Patty Mills,2.166393922562111,-0.10853914886656124,4869.0,2.4339514532164737,-0.31077872126758843,819.0,0.2675575306543627,-0.2022395724010272,0.06531795825333553,2.0578547736955497,2012-2014,False
202066,Garrett Temple,-1.4186774565341866,-0.8617126212685964,3419.0,-1.3977910319297706,-0.8470621214420238,30.0,0.020886424604416032,0.014650499826572627,0.03553692443098866,-2.280390077802783,2012-2014,True
202083,Wesley Matthews,1.881839468446811,0.56325890335917,14357.0,1.8667338069284007,0.7687020448548005,838.0,-0.015105661518410196,0.2054431414956306,0.1903374799772204,2.445098371805981,2012-2014,False
202227,Terrel Harris,-2.1704039320766437,0.7001815581191646,856.0,-2.1516645500232148,0.7010912320862908,18.0,0.018739382053428955,0.0009096739671261567,0.01964905602055511,-1.4702223739574791,2012-2014,True
202322,John Wall,2.575501101548429,0.19705621980360233,13732.0,2.625907880991453,-0.050097594670398454,779.0,0.050406779443024075,-0.24715381447400078,-0.1967470350309767,2.772557321352031,2012-2014,False
202323,Evan Turner,-0.8839180790224068,0.16400095821459082,13726.0,-1.1625167416836484,0.3366848197165767,1120.0,-0.27859866266124156,0.1726838615019859,-0.10591480115925567,-0.719917120807816,2012-2014,False
202324,Derrick Favors,-0.9531326399832227,-0.7315550150953306,10228.0,-0.9509890242474499,-0.7564024771408372,224.0,0.002143615735772819,-0.024847462045506585,-0.022703846309733766,-1.6846876550785534,2012-2014,False
202327,Ekpe Udoh,-1.692384307840157,-1.1207238977704135,6581.0,-1.6859351365873034,-1.01350292894052,101.0,0.006449171252853603,0.10722096882989351,0.11367014008274712,-2.8131082056105705,2012-2014,True
202330,Gordon Hayward,1.759595031463395,1.27594955390841,13322.0,1.667180057659937,1.4123439674341032,238.0,-0.09241497380345809,0.13639441352569315,0.04397943972223506,3.035544585371805,2012-2014,False
202331,Paul George,1.6375251819577117,-2.777443029304834,14977.0,1.6972054600469682,-3.112607856127674,3550.0,0.05968027808925647,-0.3351648268228402,-0.27548454873358375,-1.1399178473471223,2012-2014,False
202332,Cole Aldrich,-1.9727978581320655,-0.8334125675173321,1786.0,-1.9638220615442104,-0.8114798179613272,45.0,0.00897579658785519,0.021932749556004882,0.03090854614386007,-2.8062104256493976,2012-2014,True
202334,Ed Davis,-1.778136749938994,0.03611645394623564,7689.0,-1.7895998155367567,0.048753000184928764,129.0,-0.011463065597762778,0.012636546238693126,0.001173480640930348,-1.7420202959927584,2012-2014,True
202335,Patrick Patterson,-0.13409308118768137,0.3128426319318436,9357.0,-0.08255788710037884,0.3541568149909754,383.0,0.05153519408730253,0.041314183059131815,0.09284937714643435,0.1787495507441622,2012-2014,False
202336,Larry Sanders,-2.3318139919621372,-3.8214357374398347,6174.0,-2.4390653998784275,-3.8796616942230746,212.0,-0.10725140791629029,-0.05822595678323994,-0.16547736469953023,-6.153249729401972,2012-2014,False
202338,Kevin Seraphin,-4.374947666176346,-0.16122829960394666,6646.0,-4.390863985033167,-0.12275856057424964,13.0,-0.015916318856821654,0.038469739029697025,0.02255342017287537,-4.536175965780292,2012-2014,True
202339,Eric Bledsoe,0.19932825561896228,-2.390517113683312,6679.0,0.4860095132694351,-2.362140306540588,533.0,0.2866812576504728,0.028376807142723948,0.31505806479319676,-2.1911888580643497,2012-2014,False
202340,Avery Bradley,-0.06039170145973094,-0.8570197679739229,8896.0,-0.08239157855462953,-1.2294795907161042,803.0,-0.02199987709489859,-0.37245982274218137,-0.39445969983707996,-0.9174114694336538,2012-2014,False
202341,James Anderson,-0.5391402622097126,1.0366352145398476,6837.0,-0.507899035023505,1.0901393656161398,96.0,0.031241227186207587,0.05350415107629214,0.08474537826249973,0.4974949523301351,2012-2014,True
202344,Trevor Booker,-0.25694985600107434,1.191266261959297,7096.0,-0.2501061763277859,1.1922325791724058,261.0,0.006843679673288416,0.0009663172131086917,0.007809996886397108,0.9343164059582227,2012-2014,False
202347,Quincy Pondexter,-0.27617747938869225,1.0149352161289005,4771.0,-0.3048272365754779,1.0056489981481838,890.0,-0.02864975718678564,-0.009286217980716716,-0.037935975167502356,0.7387577367402083,2012-2014,False
202348,Jordan Crawford,-0.5636379481626954,2.256535108431774,10472.0,-0.6275586901122576,2.190407899433822,229.0,-0.06392074194956221,-0.0661272089979521,-0.1300479509475143,1.6928971602690788,2012-2014,False
202349,Greivis Vasquez,1.3217144346014424,0.6531606922146622,11524.0,1.3135726499901723,0.6520654162361453,358.0,-0.00814178461127013,-0.0010952759785168853,-0.009237060589787016,1.9748751268161047,2012-2014,False
202350,Daniel Orton,-2.1286759128204253,-0.3666113312094451,1083.0,-2.1530906840909556,-0.3925131209485031,19.0,-0.024414771270530267,-0.02590178973905799,-0.050316561009588257,-2.4952872440298703,2012-2014,True
202351,Lazar Hayward,-2.5141432663178627,0.5565249426752394,338.0,-2.5100577901013983,0.5782030611391205,35.0,0.004085476216464379,0.021678118463881013,0.025763594680345392,-1.9576183236426232,2012-2014,True
202354,Dexter Pittman,-2.125330600525984,0.004986513081537115,666.0,-2.1143691511819487,0.018705753375630116,15.0,0.010961449344035312,0.013719240294093,0.024680689638128313,-2.120344087444447,2012-2014,True
202361,Landry Fields,0.10727978249035464,0.11843393027707311,6287.0,0.017107705555036934,0.02728360852526404,273.0,-0.0901720769353177,-0.09115032175180907,-0.18132239868712677,0.22571371276742774,2012-2014,False
202362,Lance Stephenson,0.42141087738557,-0.21473797359139346,10400.0,0.4498383803945937,-0.36895234110582015,2553.0,0.02842750300902369,-0.1542143675144267,-0.125786864505403,0.20667290379417652,2012-2014,False
202365,Devin Ebanks,-1.7582287637648504,0.16724223507547015,1156.0,-1.7789608845544882,0.046510674428923524,241.0,-0.02073212078963782,-0.12073156064654662,-0.14146368143618443,-1.5909865286893803,2012-2014,False
202366,Jerome Jordan,-0.960964230995565,-0.0035626170659668263,225.0,-0.9769544899100119,-0.019700393379910922,7.0,-0.01599025891444683,-0.016137776313944096,-0.03212803522839093,-0.9645268480615319,2012-2014,True
202379,Jeremy Evans,-0.8653082495073875,-0.5168125136315296,3167.0,-0.8451708034015801,-0.5113225371900225,13.0,0.020137446105807366,0.005489976441507061,0.025627422547314427,-1.382120763138917,2012-2014,True
202388,Donald Sloan,-2.2548774267088962,2.528440504064589,2507.0,-2.246948467731415,2.5465790676684414,33.0,0.007928958977481138,0.018138563603852464,0.026067522581333602,0.27356307735569274,2012-2014,True
202389,Timofey Mozgov,-2.051525800248282,-0.8017121673334643,5705.0,-2.028349406032292,-0.7309751503617353,184.0,0.023176394215989937,0.07073701697172896,0.0939134111877189,-2.8532379675817463,2012-2014,True
202390,Gary Neal,0.6097087480317592,2.15484013865174,7436.0,0.7019713094991601,2.1340169322788367,1373.0,0.09226256146740086,-0.020823206372903247,0.07143935509449761,2.764548886683499,2012-2014,False
202391,Jeremy Lin,0.8632840882421026,-0.7412188413120965,11329.0,0.6947994953256538,-0.6414856512264319,520.0,-0.1684845929164488,0.09973319008566461,-0.06875140283078418,0.12206524693000609,2012-2014,False
202397,Ish Smith,-1.5524912970360505,-0.08150992818586233,3466.0,-1.5585280306492006,-0.08962949687357123,34.0,-0.006036733613150158,-0.008119568687708897,-0.014156302300859055,-1.6340012252219127,2012-2014,True
202683,Enes Kanter,-1.972297168862899,1.4940545992243028,7847.0,-2.0102480390994653,1.4469540109786674,82.0,-0.03795087023656629,-0.047100588245635455,-0.08505145848220175,-0.4782425696385961,2012-2014,True
202685,Jonas Valanciunas,-1.197307632163436,-0.6605536662724568,7116.0,-1.2917486581321733,-0.5274935237899017,365.0,-0.09444102596873738,0.13306014248255515,0.038619116513817775,-1.8578612984358926,2012-2014,False
202687,Bismack Biyombo,-3.0581695756103358,0.030297836500193798,8903.0,-3.0845996702488296,-0.04584100075881628,87.0,-0.026430094638493884,-0.07613883725901008,-0.10256893189750396,-3.027871739110142,2012-2014,True
202689,Kemba Walker,0.6061772431016346,0.035649707737794856,13899.0,0.6037235993863556,-0.023266329591764168,285.0,-0.002453643715279008,-0.05891603732955902,-0.06136968104483803,0.6418269508394294,2012-2014,False
202691,Klay Thompson,1.5168120105804554,0.6391675106402007,14648.0,1.593803340985072,0.5432526094366428,1480.0,0.07699133040461659,-0.09591490120355795,-0.018923570798941358,2.1559795212206563,2012-2014,False
202692,Alec Burks,0.8984792248683365,1.194092166325522,8242.0,0.8258966676485784,1.1045157591483694,121.0,-0.07258255721975815,-0.08957640717715254,-0.1621589643969107,2.0925713911938586,2012-2014,True
202695,Kawhi Leonard,1.5903232930208793,-1.4316600099914858,10237.0,1.7809089589725,-2.0022288849525816,3576.0,0.19058566595162074,-0.5705688749610958,-0.379983209009475,0.15866328302939348,2012-2014,False
202696,Nikola Vučević,-1.2175232033317918,-0.671741279168412,9914.0,-1.2191148849197206,-0.6883943396807799,5.0,-0.0015916815879288837,-0.016653060512367923,-0.018244742100296807,-1.8892644825002036,2012-2014,True
202697,Iman Shumpert,0.49077112439453663,-1.608320205601622,8808.0,0.4399874708714608,-1.8103211825958472,649.0,-0.050783653523075845,-0.20200097699422526,-0.2527846305173011,-1.1175490812070854,2012-2014,False
202700,Donatas Motiejunas,-1.4618972784176136,0.14398233129764237,3017.0,-1.4631297300733623,0.1564434858633179,11.0,-0.0012324516557487009,0.012461154565675536,0.011228702909926835,-1.3179149471199714,2012-2014,True
202702,Kenneth Faried,1.3953266633031562,0.2631693009743077,10816.0,1.3189419921118766,0.39732872635816385,646.0,-0.07638467119127967,0.13415942538385617,0.057774754192576494,1.658495964277464,2012-2014,False
202704,Reggie Jackson,0.3514185093485216,-0.38161581424239865,7508.0,0.15917628290282154,-0.3077161944208808,1748.0,-0.19224222644570005,0.07389961982151788,-0.11834260662418217,-0.030197304893877064,2012-2014,False
202705,MarShon Brooks,-1.309532587755899,1.8752794552580987,5473.0,-1.2489192130821543,1.870402323474057,72.0,0.060613374673744724,-0.0048771317840416994,0.055736242889703025,0.5657468675021997,2012-2014,True
202706,Jordan Hamilton,-0.2544337126841402,0.9463703210120566,3400.0,-0.2597856117208437,0.9391371647039963,18.0,-0.005351899036703467,-0.007233156308060318,-0.012585055344763785,0.6919366083279164,2012-2014,True
202708,Norris Cole,-1.1568466171024236,1.0697263061747355,9148.0,-0.9265170507886741,0.8439965884805374,1824.0,0.23032956631374957,-0.22572971769419814,0.004599848619551428,-0.08712031092768813,2012-2014,False
202709,Cory Joseph,-0.3057275462829855,1.2222401100650857,3146.0,-0.21266448285064857,0.8256071482569891,554.0,0.09306306343233692,-0.3966329618080966,-0.30356989837575965,0.9165125637821002,2012-2014,False
202710,Jimmy Butler III,0.9850055744291804,-0.3745811393366677,9506.0,0.8538091203566347,-0.11053189811865127,1298.0,-0.13119645407254565,0.26404924121801643,0.13285278714547077,0.6104244350925127,2012-2014,False
202712,Justin Harper,-2.026728634361624,0.7457522631339767,161.0,-2.037636862572434,0.7218596630298616,10.0,-0.010908228210809945,-0.02389260010411509,-0.034800828314925036,-1.2809763712276472,2012-2014,True
202714,Shelvin Mack,-0.45168437310919773,0.48848869873428324,5215.0,-0.33521206282688293,0.40514571296244517,260.0,0.1164723102823148,-0.08334298577183807,0.03312932451047673,0.03680432562508551,2012-2014,False
202718,Chandler Parsons,0.9033187436840744,-0.171459457081946,14565.0,0.9361400905644055,0.05770142449878837,949.0,0.032821346880331115,0.22916088158073436,0.26198222846106545,0.7318592866021284,2012-2014,False
202720,Jon Leuer,-0.7716412748560209,0.4187861642069054,2685.0,-0.777969135496508,0.4377807106888167,68.0,-0.006327860640487182,0.01899454648191129,0.012666685841424108,-0.35285511064911546,2012-2014,True
202721,Darius Morris,-1.469550595768093,0.6708033233019672,2290.0,-1.4896596790222898,0.7992277476344724,224.0,-0.020109083254196802,0.12842442433250512,0.10831534107830831,-0.7987472724661258,2012-2014,False
202725,Josh Harrellson,-1.50590036213917,-1.0948952899076476,1767.0,-1.5312235009522044,-1.0970099647102955,45.0,-0.025323138813034385,-0.002114674802647931,-0.027437813615682316,-2.6007956520468176,2012-2014,True
202726,Andrew Goudelock,-1.3265032644029415,2.0064738742174066,781.0,-1.3575146748156874,2.24914777773015,177.0,-0.03101141041274591,0.2426739035127432,0.2116624930999973,0.6799706098144651,2012-2014,True
202730,Lavoy Allen,-2.5721272659278207,-0.45533410530311536,6477.0,-2.3821074572674976,-0.42406237765402494,462.0,0.1900198086603231,0.03127172764909042,0.2212915363094135,-3.027461371230936,2012-2014,False
202732,DeAndre Liggins,-1.4650902946151725,-0.3099915958199033,800.0,-1.5105052060394861,-0.34345001340899955,135.0,-0.04541491142431364,-0.033458417589096234,-0.07887332901340988,-1.7750818904350758,2012-2014,True
202734,E'Twaun Moore,-2.148469181337104,0.2270864573749124,6860.0,-2.187236393442629,0.2581885895974393,40.0,-0.03876721210552514,0.03110213222252689,-0.007665079882998249,-1.9213827239621915,2012-2014,True
202918,Xavier Silas,-1.8039666661004707,1.2852008496865264,74.0,-1.7908413233602776,1.2522451714973974,7.0,0.013125342740193169,-0.03295567818912892,-0.019830335448935754,-0.5187658164139444,2012-2014,True
202933,Julyan Stone,-1.0776088169017732,0.04892460242510155,643.0,-1.0684246453305735,0.0815207825032295,36.0,0.009184171571199773,0.03259618007812795,0.041780351649327724,-1.0286842144766717,2012-2014,True
202952,Malcolm Thomas,-1.9835067793063428,0.022243583693907235,267.0,-1.9966108146274757,0.02161161784954039,11.0,-0.013104035321132912,-0.0006319658443668455,-0.013736001165499757,-1.9612631956124356,2012-2014,True
202962,Greg Smith,-1.363883193469219,-0.17400940919891286,2555.0,-1.4315943368415558,-0.0639539397392577,123.0,-0.06771114337233675,0.11005546945965516,0.04234432608731842,-1.5378926026681319,2012-2014,True
202970,Gustavo Ayon,-1.0064035353797591,-0.6775924601929448,4289.0,-1.005181818378173,-0.6652704430779603,15.0,0.0012217170015860201,0.012322017114984485,0.013543734116570505,-1.683995995572704,2012-2014,True
203077,Michael Kidd-Gilchrist,-0.4776668711219865,-2.0807709026766346,6616.0,-0.46609236654060415,-2.21735709502054,169.0,0.011574504581382372,-0.13658619234390557,-0.1250116877625232,-2.5584377737986213,2012-2014,True
203078,Bradley Beal,0.7914392385577504,0.4697556829057601,8215.0,0.86722685747727,0.20631274311798098,828.0,0.07578761891951957,-0.2634429397877791,-0.18765532086825953,1.2611949214635105,2012-2014,False
203080,Thomas Robinson,-1.6277442394601744,1.0752080350076065,3751.0,-1.6486087944063113,1.0232726604707778,245.0,-0.020864554946136815,-0.05193537453682873,-0.07279992948296554,-0.5525362044525679,2012-2014,False
203081,Damian Lillard,3.3552575337304216,1.7637191471347484,11912.0,3.4568982505421646,1.8840996635614187,908.0,0.10164071681174303,0.12038051642667025,0.22202123323841327,5.11897668086517,2012-2014,False
203082,Terrence Ross,0.26903231601559596,0.8567604947025209,6511.0,0.24816430292670114,0.929779793527453,296.0,-0.020868013088894827,0.07301929882493208,0.05215128573603725,1.1257928107181168,2012-2014,False
203084,Harrison Barnes,-1.442660379570622,-0.23857642622812725,8533.0,-1.1178182393062488,-0.47049610389819685,1207.0,0.3248421402643733,-0.2319196776700696,0.0929224625943037,-1.6812368057987492,2012-2014,False
203086,Meyers Leonard,-2.868194243275408,1.6502039880579347,3059.0,-2.88568357363806,1.634730072920855,17.0,-0.017489330362651767,-0.015473915137079741,-0.03296324549973151,-1.2179902552174735,2012-2014,True
203087,Jeremy Lamb,0.29757235510669783,1.017532440498905,3338.0,0.22593952015436702,1.0010050046776264,195.0,-0.0716328349523308,-0.01652743582127858,-0.08816027077360938,1.3151047956056028,2012-2014,True
203089,John Henson,-2.006932694927815,1.5942086040553012,5184.0,-2.027504039078134,1.6200572263709858,63.0,-0.02057134415031925,0.025848622315684633,0.005277278165365384,-0.4127240908725136,2012-2014,True
203093,Terrence Jones,0.6697475892615956,0.38288699538372384,4665.0,0.6517924336443075,0.5135350891439995,346.0,-0.01795515561728811,0.13064809376027564,0.11269293814298753,1.0526345846453196,2012-2014,False
203095,Evan Fournier,0.16461093961916035,0.9994146567323277,4016.0,0.09942214377537309,0.9648958844020238,111.0,-0.06518879584378726,-0.03451877233030387,-0.09970756817409113,1.164025596351488,2012-2014,True
203098,John Jenkins,-0.8865987732960958,1.33158702715617,2076.0,-0.8499871869411801,1.339428579259864,46.0,0.03661158635491568,0.00784155210369386,0.04445313845860954,0.44498825386007423,2012-2014,True
203100,Tony Wroten,-0.766109031405676,1.9479244811570795,4202.0,-0.78551421297635,1.9675945964607287,41.0,-0.019405181570674057,0.01967011530364915,0.00026493373297509226,1.1818154497514035,2012-2014,True
203103,Perry Jones III,-1.136168666665906,0.2946542386142833,2071.0,-1.2117732169925153,0.3802637225734116,114.0,-0.07560455032660918,0.08560948395912832,0.010004933632519142,-0.8415144280516228,2012-2014,True
203104,Marquis Teague,-2.8270933410942494,0.9282136859522416,1564.0,-2.8867840527493778,0.9913795142444319,132.0,-0.0596907116551284,0.0631658282921903,0.0034751166370619035,-1.8988796551420077,2012-2014,True
203105,Festus Ezeli,-2.566325296769717,-2.0021224041367036,2180.0,-2.45063887921391,-2.1527888793190915,271.0,0.115686417555807,-0.15066647518238785,-0.03498005762658085,-4.568447700906421,2012-2014,False
203108,Bernard James,-2.2375299501455896,-0.5472342350087696,1226.0,-2.225765980367297,-0.589323776548251,14.0,0.011763969778292527,-0.04208954153948141,-0.030325571761188885,-2.7847641851543594,2012-2014,True
203109,Jae Crowder,0.23928529177825353,-0.8958158536881047,5161.0,0.2782070419334764,-0.966952129878005,154.0,0.03892175015522287,-0.07113627618990037,-0.032214526034677504,-0.6565305619098512,2012-2014,True
203110,Draymond Green,-1.0310649518164734,-1.423110454002504,5789.0,-0.759771765112816,-1.5802213277495722,903.0,0.27129318670365743,-0.15711087374706834,0.1141823129565891,-2.4541754058189773,2012-2014,False
203111,Orlando Johnson,-1.5833223583546174,0.5247051122745627,1925.0,-1.6045871820061222,0.5589705612972211,55.0,-0.021264823651504727,0.03426544902265838,0.013000625371153651,-1.0586172460800547,2012-2014,True
203115,Will Barton,-2.570711727926531,1.3505680488864786,2497.0,-2.6785842669416073,1.353217717801979,174.0,-0.10787253901507654,0.002649668915500447,-0.1052228700995761,-1.2201436790400522,2012-2014,True
203116,Tyshawn Taylor,-2.2481644313516242,1.7306531835659849,957.0,-2.2432112157869697,1.7195300093828614,4.0,0.004953215564654556,-0.011123174183123474,-0.006169958618468918,-0.5175112477856394,2012-2014,True
203118,Mike Scott,-0.9536892271059195,2.3310875082586713,3680.0,-0.9391725822906015,2.293999836936437,323.0,0.014516644815318003,-0.03708767132223434,-0.022571026506916336,1.3773982811527516,2012-2014,False
203135,Robert Sacre,-2.655367388093458,-0.19378497075998574,2680.0,-2.666287604654327,-0.2275250057959918,9.0,-0.010920216560869278,-0.03374003503600606,-0.04466025159687534,-2.8491523588534435,2012-2014,True
203136,Ognjen Kuzmic,-2.4307288994168927,-0.14066970257589184,198.0,-2.4361076632596874,-0.1168210421299831,16.0,-0.005378763842794676,0.023848660445908748,0.018469896603114072,-2.571398601992785,2012-2014,True
203141,Mirza Teletovic,-0.16842056761782476,1.6386848092296358,3654.0,-0.1392483734743587,1.670995279450179,396.0,0.029172194143466057,0.03231047022054323,0.06148266436400929,1.470264241611811,2012-2014,False
203142,Chris Copeland,0.7353991966378987,1.374061635082708,2110.0,0.7429541139541262,1.39185878582096,333.0,0.007554917316227594,0.017797150738251943,0.025352068054479537,2.1094608317206065,2012-2014,False
203143,Pablo Prigioni,1.3793860673459963,-1.350564438534883,4725.0,1.5102452060129816,-1.4509812574440069,397.0,0.1308591386669853,-0.1004168189091239,0.03044231975786138,0.028821628811113387,2012-2014,False
203145,Kent Bazemore,-1.5597886597835224,0.6614746462689768,2502.0,-1.5946325007660407,0.6193664219778268,39.0,-0.03484384098251825,-0.04210822429115002,-0.07695206527366827,-0.8983140135145457,2012-2014,True
203159,Scott Machado,-1.7950852572107387,0.5099961645967988,47.0,-1.8142726048837305,0.517308599535476,19.0,-0.019187347672991795,0.007312434938677281,-0.011874912734314513,-1.28508909261394,2012-2014,True
203162,Ben Hansbrough,-1.8073480340567738,0.5151029008134794,408.0,-1.8392963760288819,0.5638201766507064,43.0,-0.03194834197210805,0.04871727583722696,0.016768933865118907,-1.2922451332432945,2012-2014,True
203268,Jorge Gutierrez,-1.8690853743667748,0.7970019670415478,469.0,-1.8643074996151257,0.7997959051820517,7.0,0.004777874751649147,0.002793938140503882,0.007571812892153029,-1.072083407325227,2012-2014,True
203382,Aron Baynes,-2.3315437046349827,0.3334977277324529,1279.0,-2.2387304310040124,0.1012840206382937,251.0,0.09281327363097036,-0.2322137070941592,-0.13940043346318884,-1.9980459769025298,2012-2014,False
203460,Andre Roberson,-1.3172827704544725,-0.3899545703202878,797.0,-1.3288336860819245,-0.3586242156526212,15.0,-0.01155091562745203,0.03133035466766659,0.019779439040214564,-1.7072373407747603,2012-2014,True
203468,CJ McCollum,-0.8941086075883086,1.0695558230597404,961.0,-0.9465159535858423,1.0670329599801913,49.0,-0.052407345997533716,-0.002522863079549076,-0.05493020907708279,0.17544721547143183,2012-2014,True
203469,Cody Zeller,-1.664075329233838,-0.9152016814990335,2807.0,-1.7035022512679976,-0.8232508404331033,100.0,-0.03942692203415965,0.09195084106593021,0.05252391903177056,-2.5792770107328713,2012-2014,True
203471,Dennis Schröder,-1.9632242656823997,1.8433490364062561,1259.0,-1.9465784098092755,1.8201738654983075,14.0,0.01664585587312417,-0.023175170907948628,-0.006529315034824457,-0.11987522927614358,2012-2014,True
203479,Jamaal Franklin,-1.9090485234071282,0.43383941936730663,313.0,-1.8980360272872907,0.4212057866718378,7.0,0.011012496119837456,-0.012633632695468855,-0.001621136575631399,-1.4752091040398216,2012-2014,True
203486,Mason Plumlee,-0.8415120628977728,-0.1651959145526108,2442.0,-0.8851458078039118,-0.06912736720555109,209.0,-0.04363374490613903,0.0960685473470597,0.05243480244092068,-1.0067079774503835,2012-2014,False
203488,Mike Muscala,-2.6801743850985567,0.7639759240776933,431.0,-2.6649581763664285,0.7373421298123972,11.0,0.015216208732128145,-0.026633794265296107,-0.011417585533167962,-1.9161984610208633,2012-2014,True
203490,Otto Porter Jr.,-1.7123466336321842,0.7746115138451698,623.0,-1.7216234178160585,0.819596927508571,15.0,-0.009276784183874343,0.04498541366340125,0.03570862947952691,-0.9377351197870144,2012-2014,True
203493,Reggie Bullock Jr.,-1.9465237446376817,0.5866084434616063,809.0,-1.9664745243052153,0.6105117121802641,11.0,-0.019950779667533558,0.023903268718657777,0.0039524890511242194,-1.3599153011760754,2012-2014,True
203499,Shane Larkin,-0.7332292143437394,0.3513558249533307,967.0,-0.7241894393758939,0.3204142779370446,18.0,0.009039774967845582,-0.030941547016286097,-0.021901772048440515,-0.38187338939040877,2012-2014,True
203500,Steven Adams,-0.7764601180190922,-0.9181822344863058,2360.0,-0.9874048487027978,-0.9693798253866919,652.0,-0.21094473068370556,-0.051197590900386114,-0.2621423215840917,-1.694642352505398,2012-2014,False
203503,Tony Snell,-1.963560687890913,0.8006868353096461,2316.0,-1.9413678637997496,0.8366057476033173,86.0,0.02219282409116352,0.03591891229367117,0.05811173638483469,-1.162873852581267,2012-2014,True
203517,Nemanja Nedovic,-1.9619878765643433,1.2700046081165488,296.0,-1.9600969008075286,1.2741094780351725,1.0,0.001890975756814628,0.004104869918623688,0.005995845675438316,-0.6919832684477945,2012-2014,True
203524,Solomon Hill,-0.9196115066266226,0.5464900159220255,426.0,-0.9237933028044805,0.5491076399847626,1.0,-0.004181796177857855,0.002617624062737134,-0.001564172115120721,-0.3731214907045971,2012-2014,True
203544,Pero Antic,-0.5619423144096762,-0.3559999689121053,1845.0,-0.5356831855581877,-0.5918914969335227,315.0,0.02625912885148851,-0.23589152802141744,-0.20963239916992893,-0.9179422833217815,2012-2014,False
203584,Troy Daniels,0.33064661154042463,1.2512485013214596,146.0,0.3686188536795306,1.2241917652573189,136.0,0.037972242139105994,-0.02705673606414072,0.010915506074965275,1.5818951128618841,2012-2014,True
1495,Tim Duncan,0.3136134884265477,-3.734355195969534,7318.0,0.46300047125055876,-3.772089906462227,894.0,0.14938698282401108,-0.03773471049269306,0.11165227233131803,-3.420741707542986,2015-2017,False
1713,Vince Carter,0.8517178930006235,-0.05555347204138278,7627.0,0.879415857628881,-0.05160530567770789,882.0,0.027697964628257465,0.003948166363674892,0.03164613099193236,0.7961644209592407,2015-2017,False
1717,Dirk Nowitzki,1.7142430439646468,-0.7402671004993723,11918.0,1.8388556369502291,-0.3243510311084537,698.0,0.12461259298558236,0.4159160693909186,0.5405286623765009,0.9739759434652745,2015-2017,False
1718,Paul Pierce,-0.6258246705102658,-0.6623399563634355,6748.0,-0.5468024384982535,-0.6674225505866993,884.0,0.0790222320120123,-0.005082594223263848,0.07393963778874846,-1.2881646268737013,2015-2017,False
1737,Nazr Mohammed,-2.6354949717175393,-0.5726884184313125,290.0,-2.6252663892793273,-0.6604442295696118,46.0,0.010228582438212008,-0.08775581113829933,-0.07752722870008733,-3.208183390148852,2015-2017,True
1882,Elton Brand,-1.6039798584680702,-1.4871888549675722,1417.0,-1.5964288368324737,-1.5216086321320244,10.0,0.007551021635596511,-0.0344197771644521,-0.026868755528855592,-3.0911687134356427,2015-2017,True
1889,Andre Miller,1.5069686740380805,0.7083738428686492,3244.0,1.5657925258893306,0.7682039156675843,67.0,0.05882385185125005,0.05983007279893504,0.1186539246501851,2.2153425169067296,2015-2017,True
1890,Shawn Marion,-0.9005770533318057,-0.28660729418406367,2110.0,-0.8942250198061699,-0.2864053002521981,51.0,0.006352033525635847,0.0002019939318655406,0.006554027457501388,-1.1871843475158694,2015-2017,True
1891,Jason Terry,0.20719514503133904,0.2665398976575525,8557.0,0.3459490921945388,0.42166788277040124,1426.0,0.13875394716319975,0.15512798511284875,0.29388193227604853,0.47373504268889155,2015-2017,False
1938,Manu Ginobili,2.20056533348953,-1.4354919357264981,8181.0,2.233446105646224,-1.3028644292451395,1213.0,0.03288077215669416,0.13262750648135868,0.16550827863805284,0.7650733977630317,2015-2017,False
2034,Mike Miller,-2.1291169936561776,0.5985033970347555,2427.0,-2.15928849774163,0.5171213982250085,119.0,-0.030171504085452217,-0.08138199880974706,-0.11155350289519927,-1.530613596621422,2015-2017,True
2037,Jamal Crawford,0.7367504243346705,2.3008868712233697,12002.0,0.9338039816759888,2.3541071063081835,1567.0,0.19705355734131824,0.05322023508481388,0.2502737924261321,3.0376372955580404,2015-2017,False
2045,Hedo Turkoglu,0.37341742764340713,-0.2467456845438569,1382.0,0.296123063596213,-0.2663949268251853,109.0,-0.07729436404719414,-0.01964924228132839,-0.09694360632852253,0.12667174309955023,2015-2017,True
2199,Tyson Chandler,-1.0736076930442533,-2.360526987232019,10476.0,-1.040381635536481,-2.2833279884388027,337.0,0.0332260575077723,0.07719899879321623,0.11042505630098853,-3.434134680276272,2015-2017,False
2200,Pau Gasol,0.43601763097731094,-0.47945521030674887,12992.0,0.6827639043732189,-0.8264932673550459,1314.0,0.24674627339590793,-0.34703805704829704,-0.10029178365238911,-0.043437579329437925,2015-2017,False
2207,Joe Johnson,1.5578994990237784,0.6155911013361715,14187.0,1.4221314349345913,0.5193083258640155,2043.0,-0.13576806408918718,-0.09628277547215591,-0.2320508395613431,2.17349060035995,2015-2017,False
2210,Richard Jefferson,-0.6088125951821642,-0.2527636539217286,8336.0,-0.4216453996702472,-0.15769426142567028,1192.0,0.18716719551191702,0.09506939249605834,0.28223658800797535,-0.8615762491038929,2015-2017,False
2216,Zach Randolph,0.7267539091701342,-0.19092905487568776,11657.0,0.5253731394690097,-0.5367997836648073,1294.0,-0.2013807697011245,-0.3458707287891195,-0.547251498490244,0.5358248542944464,2015-2017,False
2217,Brendan Haywood,-3.201157381362615,-1.1872076533408467,238.0,-3.189697135320155,-1.1815184912319499,5.0,0.01146024604246021,0.005689162108896806,0.017149408151357015,-4.388365034703462,2015-2017,True
2222,Gerald Wallace,-1.6185276539832874,-0.11720758423006067,568.0,-1.6339269258995703,-0.13255326325991262,8.0,-0.015399271916282986,-0.015345679029851955,-0.03074495094613494,-1.735735238213348,2015-2017,True
2225,Tony Parker,0.49959412718944884,0.6741613643823428,10631.0,0.6038054025485404,0.6907818781895818,1279.0,0.10421127535909158,0.016620513807239057,0.12083178916633064,1.1737554915717916,2015-2017,False
2365,Chris Andersen,-0.8502010766737137,-1.1416258547975742,3140.0,-0.871949387654629,-1.2351407054020944,144.0,-0.021748310980915342,-0.09351485060452025,-0.11526316158543559,-1.9918269314712878,2015-2017,True
2399,Mike Dunleavy,-0.45546027926461363,-0.50474425247364,6590.0,-0.2593184126940229,-0.7155679998982862,846.0,0.19614186657059074,-0.21082374742464627,-0.014681880854055529,-0.9602045317382536,2015-2017,False
2400,Drew Gooden,-1.5283926420977558,0.29953866866894474,2276.0,-1.4582185529013414,0.21629173652376993,351.0,0.07017408919641444,-0.08324693214517481,-0.013072842948760377,-1.228853973428811,2015-2017,False
2403,Nene,-0.6180981341989372,-2.4037517769478063,8148.0,-0.7335088729561523,-2.6200037541929837,830.0,-0.11541073875721508,-0.21625197724517742,-0.3316627160023925,-3.0218499111467434,2015-2017,False
2405,Amar'e Stoudemire,-0.7819621009686553,-0.5282754721960894,3850.0,-0.8079494741030436,-0.30355260183571386,312.0,-0.02598737313438837,0.22472287036037553,0.19873549722598716,-1.3102375731647447,2015-2017,False
2440,Matt Barnes,0.0640314855712039,0.24418144624388183,12310.0,0.027139699161702044,0.3663771889878358,1219.0,-0.03689178640950186,0.12219574274395395,0.08530395633445209,0.30821293181508574,2015-2017,False
2446,Rasual Butler,-0.02190539118748157,0.5232619657275043,3776.0,-0.02562837738722221,0.5240974190231911,15.0,-0.0037229861997406383,0.0008354532956867944,-0.002887532904053844,0.5013565745400227,2015-2017,True
2449,Luis Scola,-0.6518462083572183,-0.15238461477696422,7384.0,-0.8133343338075051,-0.2561000727594927,268.0,-0.1614881254502868,-0.10371545798252849,-0.26520358343281525,-0.8042308231341825,2015-2017,False
2544,LeBron James,6.369936535125719,-1.9458710178246519,15658.0,7.005901723553261,-2.2232766238736437,4609.0,0.6359651884275417,-0.2774056060489918,0.3585595823785499,4.424065517301067,2015-2017,False
2548,Dwyane Wade,1.7496163198231542,0.7333662373442981,11713.0,1.6540594467948275,0.572477108421764,1262.0,-0.09555687302832672,-0.16088912892253404,-0.25644600195086076,2.4829825571674524,2015-2017,False
2549,Chris Kaman,-2.509590872236313,-0.31907300769161195,2936.0,-2.5417961381321725,-0.2705408489824582,134.0,-0.03220526589585937,0.04853215870915373,0.016326892813294358,-2.828663879927925,2015-2017,True
2550,Kirk Hinrich,-1.3412665341801815,0.14123880450397117,4383.0,-1.3787281757786578,0.26864388992172056,283.0,-0.037461641598476314,0.1274050854177494,0.08994344381927308,-1.2000277296762103,2015-2017,False
2555,Nick Collison,-1.56174970017321,-1.603627969888019,3844.0,-1.5152502169712243,-1.5802389570120106,152.0,0.0464994832019856,0.023389012876008364,0.06988849607799397,-3.165377670061229,2015-2017,True
2561,David West,0.0005186366773183293,-2.2718917764706292,8140.0,-0.0641248881472316,-2.2308019016725935,770.0,-0.06464352482454994,0.04108987479803572,-0.023553650026514217,-2.271373139793311,2015-2017,False
2563,Dahntay Jones,-2.2488855699761965,0.2961649388927844,350.0,-2.2633454076678357,0.19049239247662508,210.0,-0.014459837691639166,-0.10567254641615931,-0.12013238410779847,-1.952720631083412,2015-2017,False
2564,Boris Diaw,-0.2998172177417458,-1.1031191023412141,9066.0,-0.14849904379078216,-1.0481803137749726,1073.0,0.15131817395096364,0.05493878856624157,0.2062569625172052,-1.4029363200829599,2015-2017,False
2570,Kendrick Perkins,-3.4843364706043176,0.014470102117015993,3372.0,-3.477417742412493,0.07827985340993551,69.0,0.006918728191824819,0.06380975129291952,0.07072847948474434,-3.4698663684873017,2015-2017,True
2571,Leandro Barbosa,0.3072889568095085,0.5153890610895288,6214.0,0.40587098742036687,0.41524988704284843,961.0,0.09858203061085835,-0.10013917404668032,-0.0015571434358219727,0.8226780178990373,2015-2017,False
2581,Steve Blake,-0.20639933437678745,0.17233625567368693,4996.0,-0.17898527893240326,0.30234310950528764,160.0,0.02741405544438419,0.1300068538316007,0.1574209092759849,-0.03406307870310052,2015-2017,True
2585,Zaza Pachulia,-0.7094222335774384,-2.261405452827668,9854.0,-0.7449894050628274,-2.249399749531077,896.0,-0.035567171485389015,0.012005703296591008,-0.023561468188798007,-2.9708276864051064,2015-2017,False
2588,Matt Bonner,0.21754863332813457,-0.08772031448354886,2217.0,0.21326823539279927,-0.13784312068689178,80.0,-0.0042803979353353006,-0.05012280620334292,-0.05440320413867822,0.1298283188445857,2015-2017,True
2590,Mo Williams,-0.16555814700641147,1.1993776307239918,5377.0,-0.273355353329631,1.1222571920923057,133.0,-0.10779720632321954,-0.07712043863168616,-0.1849176449549057,1.0338194837175805,2015-2017,True
2592,James Jones,-0.8813166968724827,1.2877157162584263,2984.0,-0.8575149850224101,1.305209966168641,765.0,0.023801711850072627,0.017494249910214643,0.04129596176028727,0.4063990193859436,2015-2017,False
2594,Kyle Korver,0.7551302886332757,0.3558389647133664,13197.0,0.6040815157795772,0.01101971855799111,2335.0,-0.15104877285369844,-0.3448192461553753,-0.49586801900907373,1.1109692533466422,2015-2017,False
2617,Udonis Haslem,-2.556676344785591,0.30581806779320964,2652.0,-2.5895455812429367,0.2254842894985325,161.0,-0.03286923645734552,-0.08033377829467714,-0.11320301475202266,-2.2508582769923815,2015-2017,True
2730,Dwight Howard,-1.648866327099437,-1.9110172786297828,11377.0,-1.3561132505422695,-1.8953523649956439,1852.0,0.29275307655716754,0.01566491363413891,0.30841799019130645,-3.55988360572922,2015-2017,False
2733,Shaun Livingston,-0.7748294123470479,0.6008400371561734,8666.0,-0.32069935905008295,0.77359377098068,2239.0,0.454130053296965,0.17275373382450665,0.6268837871214716,-0.17398937519087454,2015-2017,False
2734,Devin Harris,0.49781882018620077,-0.19740800896652935,8119.0,0.5702461848567453,0.11348529764068008,395.0,0.0724273646705445,0.31089330660720943,0.38332067127775393,0.3004108112196714,2015-2017,False
2736,Luol Deng,0.33820596601551245,0.13893362415361918,12361.0,0.3433850270295095,-0.15208438487222806,936.0,0.005179061013997066,-0.29101800902584724,-0.28583894801185017,0.47713959016913166,2015-2017,False
2738,Andre Iguodala,1.020959935947391,-0.9443690438508169,11992.0,1.1379052390984825,-0.4670787625744383,3687.0,0.11694530315109142,0.47729028127637857,0.59423558442747,0.07659089209657421,2015-2017,False
2743,Kris Humphries,-2.2134682110343404,-0.20683336276312536,5680.0,-2.1372182132378845,-0.18723007072272196,126.0,0.07624999779645592,0.019603292040403397,0.09585328983685931,-2.420301573797466,2015-2017,True
2744,Al Jefferson,-1.6472916249883198,-0.6955796217804568,7851.0,-1.700514146216154,-0.6058631374738122,305.0,-0.05322252122783411,0.0897164843066447,0.03649396307881059,-2.3428712467687767,2015-2017,False
2746,Josh Smith,-2.009121268814447,-1.2814132196972785,6474.0,-1.7039074689406097,-1.1733259157077434,917.0,0.30521379987383734,0.10808730398953514,0.4133011038633725,-3.2905344885117254,2015-2017,False
2747,JR Smith,0.7848307935924316,0.8362597921593244,11008.0,1.4070840079143558,0.3613922695242771,3417.0,0.6222532143219243,-0.47486752263504733,0.14738569168687693,1.6210905857517561,2015-2017,False
2748,Dorell Wright,-0.15546463010304926,-0.15403137035271308,1192.0,-0.15276923691395214,-0.18833477544536062,36.0,0.0026953931890971172,-0.03430340509264754,-0.03160801190355042,-0.3094960004557623,2015-2017,True
2754,Tony Allen,0.15165432017369573,-2.7353368131695666,9937.0,0.20858626582036752,-3.015019753602999,721.0,0.05693194564667178,-0.2796829404334322,-0.22275099478676044,-2.583682492995871,2015-2017,False
2755,Kevin Martin,-0.36204459027909286,2.063847882096086,4781.0,-0.3767445782083877,2.086172985064409,95.0,-0.014699987929294833,0.02232510296832313,0.007625115039028296,1.7018032918169932,2015-2017,True
2757,Beno Udrih,0.09577627075244881,0.2338356965152949,5343.0,0.08608751604242568,0.2160724772287214,326.0,-0.009688754710023131,-0.01776321928657351,-0.027451973996596643,0.3296119672677437,2015-2017,False
2760,Anderson Varejao,-1.4544165761574646,0.06760534313379007,2402.0,-1.3603359224146856,0.12075122111909067,181.0,0.09408065374277896,0.0531458779853006,0.14722653172807956,-1.3868112330236744,2015-2017,True
2772,Trevor Ariza,0.2615947016183464,-0.3929384036728986,17397.0,0.19102668914772555,-0.15081647309556076,2579.0,-0.07056801247062086,0.24212193057733786,0.171553918106717,-0.1313437020545522,2015-2017,False
101106,Andrew Bogut,-2.2521170355006284,-4.84467363155567,7276.0,-2.589125340203233,-4.700999852373744,1550.0,-0.33700830470260446,0.1436737791819258,-0.19333452552067865,-7.096790667056299,2015-2017,False
101107,Marvin Williams,-0.07181799300787228,-0.535959133457684,13130.0,-0.1991591664117878,-0.45275973162037486,431.0,-0.12734117340391551,0.08319940183730912,-0.0441417715666064,-0.6077771264655563,2015-2017,False
101108,Chris Paul,5.928294704877407,-1.7528507424692372,14239.0,5.865572891058524,-1.7909715073125776,1628.0,-0.0627218138188832,-0.03812076484334037,-0.10084257866222357,4.1754439624081705,2015-2017,False
101109,Raymond Felton,-0.26794045940605576,1.248016146883148,8314.0,-0.25509137993855713,1.4102340828350362,647.0,0.012849079467498636,0.16221793595188805,0.17506701541938668,0.9800756874770924,2015-2017,False
101110,Martell Webster,-1.4383343116793026,0.6600150637388349,692.0,-1.4519665820986747,0.6616210119827721,10.0,-0.013632270419372094,0.0016059482439372275,-0.012026322175434867,-0.7783192479404677,2015-2017,True
101111,Charlie Villanueva,-0.6451042141137511,1.6250429461536604,2743.0,-0.6079513616153747,1.6692591936006431,145.0,0.03715285249837641,0.044216247446982715,0.08136909994535912,0.9799387320399093,2015-2017,True
101112,Channing Frye,-0.1401984573001296,0.003183647602413936,8751.0,0.2009574228661945,0.10870140625207193,751.0,0.3411558801663241,0.105517758649658,0.4466736388159821,-0.13701480969771565,2015-2017,False
101114,Deron Williams,1.030584495777504,0.08295705110801166,11410.0,1.0565038627592729,0.05241317054649461,999.0,0.025919366981768777,-0.03054388056151705,-0.004624513579748274,1.1135415468855157,2015-2017,False
101123,Gerald Green,-0.26035282221900646,1.6169133905957682,7045.0,-0.2958134563568816,1.3228359347432503,574.0,-0.03546063413787515,-0.2940774558525179,-0.329538089990393,1.3565605683767616,2015-2017,False
101127,Jarrett Jack,-1.3766764355212626,1.2703047537376277,6478.0,-1.2644523217269505,1.1359201668009202,309.0,0.11222411379431207,-0.13438458693670752,-0.022160473142395443,-0.10637168178363487,2015-2017,False
101133,Ian Mahinmi,-2.030382815529468,-2.9719234756646244,7008.0,-2.1475422376254394,-2.938880767638932,449.0,-0.11715942209597152,0.03304270802569231,-0.08411671407027921,-5.002306291194092,2015-2017,False
101135,David Lee,-0.41775806072391797,-0.8442244371271962,6630.0,-0.28106113224626533,-0.6853060585188728,725.0,0.13669692847765263,0.15891837860832336,0.295615307085976,-1.2619824978511143,2015-2017,False
101138,Brandon Bass,-0.5182979332792637,0.9627797463631077,7677.0,-0.5314108646802567,1.0809426305970913,168.0,-0.013112931400993011,0.11816288423398358,0.10504995283299057,0.44448181308384405,2015-2017,True
101139,CJ Miles,0.3754093192121689,0.04300663338903982,10232.0,0.45960234695213487,0.2940555600949584,331.0,0.08419302773996595,0.2510489267059186,0.33524195444588456,0.41841595260120873,2015-2017,False
101141,Ersan Ilyasova,0.03032335968655664,-0.2697984017055165,10744.0,-0.041500340458008,-0.2110512318959029,463.0,-0.07182370014456464,0.058747169809613586,-0.013076530334951056,-0.23947504201895986,2015-2017,False
101145,Monta Ellis,0.5099788468489196,0.13910494642808768,15010.0,0.6539233459312077,0.25223512550187976,1001.0,0.14394449908228812,0.11313017907379208,0.2570746781560802,0.6490837932770073,2015-2017,False
101150,Lou Williams,2.824395239726395,2.3470576276976107,12016.0,2.85456816331625,2.288855130015835,757.0,0.030172923589854683,-0.05820249768177588,-0.028029574091921194,5.171452867424006,2015-2017,False
101161,Amir Johnson,0.17080380105964604,-1.8600842708688208,10607.0,-0.1143052382383149,-1.6553373134173546,753.0,-0.28510903929796094,0.2047469574514662,-0.08036208184649474,-1.6892804698091748,2015-2017,False
101162,Marcin Gortat,-0.7228029972167729,-1.8378638844899216,14571.0,-0.4926419920062185,-1.9213187665700409,1428.0,0.23016100521055438,-0.08345488208011931,0.14670612313043507,-2.5606668817066947,2015-2017,False
101181,Jose Calderon,-0.4068368650466774,0.8422916283292459,7389.0,-0.43130562491340485,0.8182237801283692,147.0,-0.024468759866727474,-0.024067848200876707,-0.04853660806760418,0.4354547632825685,2015-2017,True
101187,Alan Anderson,-0.8489726166963447,0.4212709128063713,4418.0,-0.7994981194232286,0.513154711247789,288.0,0.04947449727311615,0.0918837984414177,0.14135829571453384,-0.4277017038899734,2015-2017,False
101198,Will Bynum,-0.6618836294214511,0.7607598793364767,105.0,-0.6884781163070463,0.7696668367702002,66.0,-0.02659448688559518,0.008906957433723495,-0.017687529451871686,0.09887624991502564,2015-2017,True
200746,LaMarcus Aldridge,1.2613020869674756,-1.450512778405399,13821.0,1.0924894318055869,-1.2528429862665478,2074.0,-0.1688126551618887,0.19766979213885127,0.028857136976962572,-0.18921069143792346,2015-2017,False
200751,Randy Foye,-0.8788844514004994,0.31529725880698134,8126.0,-0.9062538622165894,0.2011153386701894,370.0,-0.027369410816090012,-0.11418192013679193,-0.14155133095288194,-0.5635871925935181,2015-2017,False
200755,JJ Redick,2.912302144206204,0.3969422794819693,13279.0,2.7213492593580195,0.5997356654907142,1820.0,-0.1909528848481843,0.2027933860087449,0.011840501160560624,3.309244423688173,2015-2017,False
200757,Thabo Sefolosha,-0.43072732651025575,-2.021040081449036,8652.0,-0.3743114926246091,-2.1462539087833066,415.0,0.05641583388564664,-0.12521382733427044,-0.0687979934486238,-2.451767407959292,2015-2017,False
200765,Rajon Rondo,-0.6089655809734069,-0.1691477122527169,13097.0,-0.5954287123241521,-0.2370555317519799,213.0,0.013536868649254852,-0.067907819499263,-0.05437095085000815,-0.7781132932261239,2015-2017,False
200768,Kyle Lowry,4.1133970275824785,-2.1121289126253684,14591.0,3.915800686910883,-2.5165771855083157,2250.0,-0.1975963406715957,-0.40444827288294727,-0.602044613554543,2.00126811495711,2015-2017,False
200770,Jordan Farmar,-0.5061525324898357,0.9340202693619761,1689.0,-0.5536539990570176,0.9361155370362836,210.0,-0.047501466567181905,0.002095267674307455,-0.04540619889287445,0.4278677368721404,2015-2017,False
200777,Joel Freeland,-2.6643894258592886,-0.6794062118011037,1205.0,-2.679376752430284,-0.6983529972586648,14.0,-0.014987326570995219,-0.01894678545756112,-0.03393411202855634,-3.343795637660392,2015-2017,True
200782,P.J. Tucker,-0.7547856704144245,-0.7273505176946957,14549.0,-0.9227781285580219,-0.9787476016769368,487.0,-0.16799245814359742,-0.25139708398224103,-0.41938954212583845,-1.4821361881091202,2015-2017,False
200794,Paul Millsap,1.619898365292016,-2.2248967967056847,14817.0,1.6676468881245752,-2.403107909620877,2276.0,0.04774852283255915,-0.17821111291519243,-0.13046259008263328,-0.6049984314136687,2015-2017,False
200826,J.J. Barea,1.3518120011586667,1.391170300908405,7497.0,1.5166490355142994,1.6242758613758672,509.0,0.16483703435563268,0.23310556046746211,0.3979425948230948,2.742982302067072,2015-2017,False
201142,Kevin Durant,4.636640602219547,-0.4246063271298937,11508.0,5.096418664254545,-0.42075080490846534,2559.0,0.4597780620349976,0.0038555222214283758,0.463633584256426,4.212034275089653,2015-2017,False
201143,Al Horford,0.7778628416838645,-1.1821232443369551,14239.0,0.4360810507703776,-1.3146299971976698,2845.0,-0.3417817909134869,-0.13250675286071467,-0.4742885437742016,-0.4042604026530906,2015-2017,False
201144,Mike Conley,2.9659865067429227,-0.48234773018670507,12044.0,3.0338674354652304,-0.7351851128450365,867.0,0.06788092872230767,-0.25283738265833144,-0.18495645393602378,2.4836387765562176,2015-2017,False
201145,Jeff Green,-1.624304943796958,0.8353323214606998,12265.0,-1.5049838105328794,0.5919018972781799,892.0,0.11932113326407845,-0.24343042418251992,-0.12410929091844147,-0.7889726223362581,2015-2017,False
201147,Corey Brewer,-0.5154581297321917,-0.19023470090074834,10430.0,-0.5462528156974288,0.14483777980443713,1082.0,-0.030794685965237045,0.33507248070518547,0.3042777947399484,-0.7056928306329401,2015-2017,False
201148,Brandan Wright,-0.2791213606390104,-0.28485974827716654,4145.0,-0.3070312361481356,-0.2923220506940769,24.0,-0.027909875509125215,-0.007462302416910371,-0.035372177926035586,-0.5639811089161769,2015-2017,True
201149,Joakim Noah,-0.9861757382541289,-1.5674561160730944,7217.0,-0.9109325324189059,-1.6533466550670934,719.0,0.07524320583522293,-0.08589053899399901,-0.010647333158776084,-2.5536318543272234,2015-2017,False
201150,Spencer Hawes,-2.182627432800629,-0.2737712752598529,6174.0,-2.1900113803405294,-0.308529942242366,259.0,-0.0073839475399002374,-0.03475866698251312,-0.04214261452241336,-2.4563987080604823,2015-2017,False
201152,Thaddeus Young,-0.27958008641463905,-0.32030159154970306,14002.0,-0.26705002291036595,-0.5903548166153022,639.0,0.012530063504273103,-0.27005322506559915,-0.25752316156132604,-0.5998816779643421,2015-2017,False
201155,Rodney Stuckey,-0.18552236265427824,0.49991767257735287,7578.0,-0.18848672694130453,0.47278536351345624,231.0,-0.0029643642870262887,-0.02713230906389663,-0.03009667335092292,0.31439530992307463,2015-2017,False
201158,Marco Belinelli,-0.16540037379651723,2.2591605995097837,9775.0,-0.17490733725878763,2.1578839835660104,235.0,-0.009506963462270396,-0.10127661594377324,-0.11078357940604364,2.0937602257132664,2015-2017,False
201160,Jason Smith,-1.4289461552809695,0.823468943791973,7928.0,-1.5764316744567217,0.9391815540084513,324.0,-0.14748551917575226,0.11571261021647827,-0.03177290895927398,-0.6054772114889965,2015-2017,False
201162,Jared Dudley,-0.3170750717829933,-2.0254952536303996,10469.0,-0.3433111004028841,-2.059092713529212,214.0,-0.026236028619890772,-0.03359745989881224,-0.059833488518703015,-2.342570325413393,2015-2017,False
201166,Aaron Brooks,0.3971077828988309,1.0087694305833648,7594.0,0.33458819333225487,1.2009011811231238,258.0,-0.06251958956657605,0.19213175053975906,0.129612160973183,1.4058772134821957,2015-2017,False
201167,Arron Afflalo,0.1134842323938774,2.059304111390586,12631.0,-0.003556943628154577,2.0985565053892272,116.0,-0.11704117602203197,0.03925239399864111,-0.07778878202339086,2.1727883437844637,2015-2017,True
201168,Tiago Splitter,-0.016743940017448278,-1.2275370687751848,3328.0,-0.13469412804671033,-1.3059745032471513,237.0,-0.11795018802926205,-0.0784374344719665,-0.19638762250122854,-1.244281008792633,2015-2017,False
201175,Glen Davis,-2.836739883845578,-0.9687527717288781,1781.0,-2.829090486299003,-0.9109476696712634,302.0,0.00764939754657501,0.05780510205761469,0.0654544996041897,-3.805492655574456,2015-2017,False
201177,Josh McRoberts,-0.808679738068878,0.42921927064822696,2419.0,-0.7957370286273304,0.23629337650173907,254.0,0.012942709441547628,-0.1929258941464879,-0.17998318470494026,-0.3794604674206511,2015-2017,False
201188,Marc Gasol,0.7840570741349264,-1.4764401813031076,13438.0,0.9446288850466191,-1.7456031491615978,1233.0,0.1605718109116927,-0.26916296785849014,-0.10859115694679744,-0.6923831071681812,2015-2017,False
201196,Ramon Sessions,-0.5722921325221593,1.8732227000227213,7380.0,-0.5065490268798435,1.6937785000873151,431.0,0.06574310564231578,-0.17944419993540617,-0.11370109429309039,1.300930567500562,2015-2017,False
201202,Joel Anthony,-2.6184804008902316,-2.0064203789851627,1216.0,-2.6229306342028096,-2.0046716194184517,32.0,-0.004450233312577989,0.0017487595667109446,-0.0027014737458670446,-4.624900779875395,2015-2017,True
201229,Anthony Tolliver,0.2740295836329537,0.26032817887070087,8409.0,0.2455742141719488,0.286633514402807,46.0,-0.02845536946100491,0.026305335532106122,-0.002150033928898787,0.5343577625036546,2015-2017,True
201563,Michael Beasley,-1.3560939332861477,1.1918642598408118,3595.0,-1.4229338531407156,1.2234833026330212,264.0,-0.06683991985456794,0.031619042792209395,-0.03522087706235855,-0.1642296734453359,2015-2017,False
201564,O.J. Mayo,-0.9295156068558368,0.6715009895108085,5512.0,-0.9484700700901597,0.6402276193502985,305.0,-0.018954463234322927,-0.03127337016051002,-0.050227833394832944,-0.2580146173450283,2015-2017,False
201565,Derrick Rose,0.6628157710601178,1.984428248252111,11411.0,0.8619697131919853,1.7209231411674781,851.0,0.19915394213186755,-0.2635051070846328,-0.06435116495276527,2.647244019312229,2015-2017,False
201566,Russell Westbrook,6.5564107650717265,0.3426500643174323,16122.0,6.967922089394302,0.5785479037790061,1754.0,0.41151132432257587,0.23589783946157383,0.6474091637841497,6.899060829389159,2015-2017,False
201567,Kevin Love,1.843609223666725,-0.4025430084676477,13329.0,2.3500387972684025,-0.43779142575231833,2501.0,0.5064295736016775,-0.03524841728467065,0.47118115631700686,1.4410662151990774,2015-2017,False
201569,Eric Gordon,0.9201720089210987,0.5352324242274239,11696.0,1.1012900861829704,0.6062109130816999,1005.0,0.18111807726187168,0.07097848885427605,0.2520965661161477,1.4554044331485225,2015-2017,False
201572,Brook Lopez,0.11095818159996729,-1.3667535858911144,13591.0,0.10659850696184467,-1.4583705099759836,449.0,-0.004359674638122618,-0.09161692408486921,-0.09597659872299183,-1.2557954042911472,2015-2017,False
201573,Jerryd Bayless,-1.0279688985468023,1.624491883158604,6410.0,-1.0235139915810871,1.5531873754011634,227.0,0.004454906965715155,-0.07130450775744057,-0.06684960079172542,0.5965229846118016,2015-2017,False
201574,Jason Thompson,-1.2752623922579736,-0.36379106517294785,4850.0,-1.2916315092945752,-0.3191748918531878,105.0,-0.0163691170366016,0.04461617331976003,0.028247056283158434,-1.6390534574309215,2015-2017,True
201575,Brandon Rush,-0.9964236136244911,2.105707309105411,4761.0,-0.95259196520277,2.0252090254219492,237.0,0.04383164842172105,-0.08049828368346157,-0.03666663526174052,1.1092836954809198,2015-2017,False
201577,Robin Lopez,-1.1365877910403923,-1.8427322969342983,11911.0,-1.3673106912647839,-1.734404073246886,524.0,-0.23072290022439157,0.10832822368741235,-0.12239467653697922,-2.9793200879746906,2015-2017,False
201578,Marreese Speights,-0.4185694255378306,-0.26043734618006775,6776.0,-0.5809915413721523,-0.20829712809504314,728.0,-0.16242211583432165,0.052140218085024614,-0.11028189774929703,-0.6790067717178984,2015-2017,False
201580,JaVale McGee,-1.3618673620322492,-0.04717477266374748,2832.0,-1.2039196985877696,-0.05444199012328901,353.0,0.15794766344447964,-0.007267217459541529,0.1506804459849381,-1.4090421346959967,2015-2017,False
201582,Alexis Ajinca,-2.0970172541940455,-1.020808332644831,4722.0,-2.0864797361906535,-0.998316383620127,18.0,0.010537518003391977,0.022491949024703972,0.03302946702809595,-3.1178255868388765,2015-2017,True
201583,Ryan Anderson,2.1554174360471414,1.1587746488000832,11701.0,2.202482504244734,1.171733965060641,852.0,0.047065068197592375,0.012959316260557907,0.06002438445815028,3.3141920848472246,2015-2017,False
201584,Courtney Lee,0.2971081831411524,0.9499713841345699,13978.0,0.2651110563715192,0.6378960922837387,1207.0,-0.03199712676963318,-0.31207529185083127,-0.34407241862046445,1.2470795672757222,2015-2017,False
201585,Kosta Koufos,-2.718053765207488,-1.9573170506907434,8383.0,-2.6775315876913326,-1.9806497463933417,230.0,0.04052217751615528,-0.023332695702598327,0.01718948181355695,-4.675370815898232,2015-2017,False
201586,Serge Ibaka,-0.2848023211001067,-1.7056723254450026,14049.0,-0.039726387777263894,-1.8455397830494373,1780.0,0.24507593332284283,-0.13986745760443475,0.10520847571840808,-1.9904746465451093,2015-2017,False
201587,Nicolas Batum,1.7291385016955099,-0.17434701644218126,14801.0,1.4899529692374482,0.17263285412799184,670.0,-0.23918553245806162,0.3469798705701731,0.10779433811211148,1.5547914852533287,2015-2017,False
201588,George Hill,1.6120083899945128,-1.258902152068673,10404.0,1.78304851684574,-1.2333816740283263,960.0,0.17104012685122716,0.025520478040346628,0.1965606048915738,0.35310623792583984,2015-2017,False
201595,Joey Dorsey,-1.5978924831449406,-1.1017754509523043,1740.0,-1.6369857034165558,-1.105030829927287,29.0,-0.039093220271615214,-0.0032553789749827367,-0.04234859924659795,-2.6996679340972447,2015-2017,True
201599,DeAndre Jordan,1.4187150112522882,-2.4651879591627512,15716.0,1.2858326730648697,-2.695644210625163,1851.0,-0.13288233818741846,-0.23045625146241155,-0.36333858964983,-1.046472947910463,2015-2017,False
201600,Omer Asik,-2.0031975558073336,-1.4088029127481156,7031.0,-2.0186479177915793,-1.4501240246764424,152.0,-0.015450361984245653,-0.04132111192832677,-0.05677147391257242,-3.4120004685554495,2015-2017,True
201601,Luc Mbah a Moute,-1.9144232445117537,-2.3792078642548935,9748.0,-2.109459885701364,-2.4367348013876073,576.0,-0.19503664118961028,-0.05752693713271384,-0.2525635783223241,-4.293631108766647,2015-2017,False
201609,Goran Dragic,2.1882073371484685,0.2791183586972811,14813.0,1.987877713487389,0.029196389089141767,892.0,-0.20032962366107943,-0.2499219696081393,-0.4502515932692187,2.4673256958457497,2015-2017,False
201627,Anthony Morrow,0.9308334522074967,1.285129476426283,7003.0,0.8712562296344907,1.3146703926737096,212.0,-0.05957722257300602,0.029540916247426496,-0.03003630632557952,2.21596292863378,2015-2017,False
201628,Bobby Brown,-0.20871873377159675,1.5816421451180538,265.0,-0.23790989642042407,1.5935269985082336,43.0,-0.029191162648827318,0.011884853390179861,-0.017306309258647457,1.372923411346457,2015-2017,True
201880,Greg Stiemsma,-1.8163961666084614,0.06271172926410284,124.0,-1.8115149618392923,0.03112984827879152,5.0,0.00488120476916909,-0.031581880985311325,-0.026700676216142236,-1.7536844373443585,2015-2017,True
201933,Blake Griffin,3.1708668373223325,0.2361961252767068,11135.0,3.0356996643243517,0.1486543610358611,1579.0,-0.13516717299798087,-0.0875417642408457,-0.22270893723882657,3.4070629625990394,2015-2017,False
201935,James Harden,6.552231924840556,0.7357286392800785,18545.0,6.5382673848660415,1.150737085877548,2581.0,-0.013964539974514523,0.4150084465974696,0.4010439066229551,7.287960564120635,2015-2017,False
201936,Tyreke Evans,1.1853197429561586,0.5578885145084951,8210.0,1.2220361321387132,0.6724903525925177,241.0,0.0367163891825546,0.11460183808402258,0.15131822726657718,1.7432082574646537,2015-2017,False
201939,Stephen Curry,8.058983748427252,-0.9345515679160854,16837.0,7.9364438324250015,-0.5747573236270969,4202.0,-0.12253991600225067,0.35979424428898854,0.23725432828673787,7.124432180511167,2015-2017,False
201941,Jordan Hill,-1.6090442853945177,1.428050317885695,6784.0,-1.595692889493449,1.4475291089166307,31.0,0.013351395901068708,0.01947879103093575,0.03283018693200446,-0.1809939675088228,2015-2017,True
201942,DeMar DeRozan,2.1452031110929517,1.9089448966790354,14777.0,1.6072238698916146,1.644400421200575,2453.0,-0.5379792412013371,-0.2645444754784605,-0.8025237166797976,4.054148007771987,2015-2017,False
201943,Brandon Jennings,0.7403025960968388,1.2471425106329161,7768.0,0.615643403138207,1.2893598376119784,372.0,-0.12465919295863181,0.04221732697906222,-0.0824418659795696,1.987445106729755,2015-2017,False
201945,Gerald Henderson,-1.1429956188805839,-0.14960210401065643,10745.0,-1.1718781290597569,-0.04601090691094065,469.0,-0.028882510179172982,0.10359119709971579,0.0747086869205428,-1.2925977228912404,2015-2017,False
201946,Tyler Hansbrough,-0.20539278905636893,-0.42375432211778874,2692.0,-0.263963154888645,-0.45229964578525367,100.0,-0.058570365832276094,-0.028545323667464928,-0.08711568949974102,-0.6291471111741577,2015-2017,True
201947,Earl Clark,-2.8516715042109193,-0.10145368055117313,192.0,-2.8774312326408706,-0.038599755569133476,25.0,-0.025759728429951334,0.06285392498203965,0.037094196552088315,-2.9531251847620923,2015-2017,True
201949,James Johnson,0.07297368830289586,-1.0126352064168205,8634.0,-0.0783039388183231,-0.8506002408654006,209.0,-0.15127762712121895,0.16203496555141983,0.01075733843020088,-0.9396615181139246,2015-2017,False
201950,Jrue Holiday,1.336493657740979,-0.5716256886619795,10723.0,1.3063191680223023,-0.6078147847675834,112.0,-0.030174489718676645,-0.036189096105603946,-0.06636358582428059,0.7648679690789995,2015-2017,True
201951,Ty Lawson,0.5964604935297372,1.8539280392351545,11724.0,0.5181838736942354,1.9213999590656612,140.0,-0.07827661983550183,0.06747191983050671,-0.010804700004995116,2.4503885327648915,2015-2017,True
201952,Jeff Teague,1.876273901470634,0.08241157134240873,14349.0,1.8989087737404493,-0.3350585291651374,1877.0,0.02263487226981531,-0.4174701005075461,-0.3948352282377308,1.9586854728130427,2015-2017,False
201959,Taj Gibson,-0.7959715197124141,-1.2603633414947253,10982.0,-0.77618485603051,-1.0788041476686319,758.0,0.01978666368190407,0.18155919382609342,0.2013458575079975,-2.0563348612071395,2015-2017,False
201960,DeMarre Carroll,1.1192417680961677,-0.8304585627023631,9524.0,1.0783059764533411,-1.1030755608290743,2496.0,-0.04093579164282657,-0.27261699812671125,-0.3135527897695378,0.28878320539380464,2015-2017,False
201965,Jeff Ayres,-1.7613932296812271,0.8827713195489222,965.0,-1.7407131331112469,0.8664792893567448,31.0,0.020680096569980266,-0.016292030192177398,0.004388066377802868,-0.878621910132305,2015-2017,True
201967,Dante Cunningham,-0.871261387067239,0.7092523872990982,10398.0,-0.7768700245426583,0.7271635334193906,148.0,0.09439136252458069,0.01791114612029232,0.11230250864487301,-0.16200899976814076,2015-2017,True
201973,Jonas Jerebko,-0.02927647107310649,-0.14527120009611016,7274.0,-0.06847462874885554,-0.18643262456269297,725.0,-0.03919815767574905,-0.0411614244665828,-0.08035958214233185,-0.17454767116921666,2015-2017,False
201975,Jodie Meeks,0.5572999157490487,1.1549062452161158,4450.0,0.5611309527806522,1.1684088331677045,3.0,0.003831037031603479,0.013502587951588652,0.01733362498319213,1.7122061609651644,2015-2017,True
201976,Patrick Beverley,1.1732711161565224,-0.6131140771717027,11740.0,1.0530426078433357,-0.3660065633653208,891.0,-0.12022850831318665,0.24710751380638196,0.1268790054931953,0.5601570389848196,2015-2017,False
201979,Nick Calathes,-1.4702153676016483,-1.4056277481441608,1617.0,-1.3908427249479067,-1.5322227274673692,239.0,0.07937264265374155,-0.1265949793232084,-0.04722233666946685,-2.875843115745809,2015-2017,False
201980,Danny Green,1.1418745733955002,-2.5117578638994136,11918.0,1.2642637086578978,-2.526365961733809,1741.0,0.12238913526239759,-0.014608097834395206,0.10778103742800238,-1.3698832905039133,2015-2017,False
201988,Patty Mills,1.5523577161136795,-0.4148145474092715,8523.0,1.6316355963494202,-0.20890816748189456,1391.0,0.07927788023574078,0.20590637992737693,0.2851842601631177,1.137543168704408,2015-2017,False
201991,Lester Hudson,-1.1464817316069995,-0.6980531360253939,108.0,-1.1506674639752965,-0.7637539179174789,84.0,-0.004185732368297002,-0.06570078189208506,-0.06988651426038206,-1.8445348676323934,2015-2017,True
202066,Garrett Temple,-1.4754110178066262,-0.9868807096033548,8884.0,-1.4888384876581542,-0.9879790890505392,55.0,-0.013427469851527984,-0.0010983794471843833,-0.014525849298712368,-2.462291727409981,2015-2017,True
202083,Wesley Matthews,0.525592564605976,-0.36899559261846815,13971.0,0.48689359081524275,-0.09797870243190382,335.0,-0.03869897379073328,0.27101689018656433,0.23231791639583105,0.15659697198750788,2015-2017,False
202087,Alonzo Gee,-2.26659497358562,0.39392449778626926,4853.0,-2.2676279417674037,0.37237752810305175,5.0,-0.0010329681817835557,-0.02154696968321751,-0.022579937865001065,-1.8726704757993509,2015-2017,True
202322,John Wall,3.2536384513096204,-0.24198998603599914,17182.0,3.401827992925713,-0.2712076620801695,1572.0,0.14818954161609277,-0.02921767604417036,0.11897186557192241,3.011648465273621,2015-2017,False
202323,Evan Turner,-1.9561547615951733,-0.08300094179684248,12594.0,-2.225963150046284,-0.2978983105146592,933.0,-0.26980838845111066,-0.21489736871781673,-0.4847057571689274,-2.039155703392016,2015-2017,False
202324,Derrick Favors,-0.6045394326456397,-1.970818880530118,10261.0,-0.5350686579494087,-1.927569936831753,425.0,0.06947077469623097,0.04324894369836496,0.11271971839459594,-2.575358313175758,2015-2017,False
202325,Wesley Johnson,-1.4358724128007903,-0.8530782450852064,9399.0,-1.4337265049007393,-1.0097355446188012,177.0,0.0021459079000509806,-0.15665729953359486,-0.15451139163354388,-2.2889506578859966,2015-2017,True
202327,Ekpe Udoh,-2.3422129871103494,-0.7657566426269095,258.0,-2.314109550667712,-0.8296068839155668,27.0,0.028103436442637353,-0.06385024128865735,-0.03574680484602,-3.107969629737259,2015-2017,True
202328,Greg Monroe,0.9653295934804291,0.20550258097125232,12275.0,0.9633988948672544,-0.04478782419763985,258.0,-0.0019306986131747417,-0.25029040516889217,-0.2522211037820669,1.1708321744516814,2015-2017,False
202329,Al-Farouq Aminu,0.31897994990878065,-1.3293593084487307,11004.0,0.39336098492095023,-1.3704831328927287,1316.0,0.07438103501216958,-0.04112382444399798,0.0332572105681716,-1.01037935853995,2015-2017,False
202330,Gordon Hayward,3.4122662939633313,-0.21171058126462994,15292.0,3.329318061513596,-0.28240445799430713,800.0,-0.08294823244973504,-0.0706938767296772,-0.15364210917941223,3.2005557126987014,2015-2017,False
202331,Paul George,2.3173072427869013,-0.6656314997301849,11326.0,2.5209739734035357,-0.6286564964219546,848.0,0.20366673061663443,0.036975003308230225,0.24064173392486465,1.6516757430567164,2015-2017,False
202332,Cole Aldrich,-1.7903587275565163,-0.6643851076104277,4490.0,-1.7878235739516477,-0.7085269859813577,150.0,0.0025351536048685563,-0.04414187837092998,-0.04160672476606142,-2.454743835166944,2015-2017,True
202334,Ed Davis,-0.3745094491646701,-0.25827789052284333,8533.0,-0.2896365885161156,-0.2283896360155121,407.0,0.08487286064855448,0.029888254507331236,0.11476111515588572,-0.6327873396875134,2015-2017,False
202335,Patrick Patterson,2.2596309484120125,0.386934278481721,11244.0,1.869679001941247,0.5457795410197013,1651.0,-0.3899519464707655,0.15884526253798026,-0.23110668393278522,2.6465652268937334,2015-2017,False
202338,Kevin Seraphin,-4.177874928042835,-0.4701284608119149,4495.0,-4.144387278502326,-0.43697589528529174,260.0,0.033487649540508535,0.03315256552662316,0.06664021506713169,-4.648003388854749,2015-2017,False
202340,Avery Bradley,0.5086637769422352,-0.09378569462407274,13803.0,0.5300864097646226,0.25835519520977535,1591.0,0.021422632822387433,0.35214088983384806,0.3735635226562355,0.4148780823181625,2015-2017,False
202347,Quincy Pondexter,-0.37923716529514917,1.0620602100828276,3428.0,-0.335491778247911,1.071531583350112,248.0,0.04374538704723818,0.009471373267284422,0.053216760314522604,0.6828230447876784,2015-2017,False
202349,Greivis Vasquez,-0.2186760996849621,2.0637986377742368,4789.0,-0.35245294098609203,2.149179997663925,203.0,-0.13377684130112993,0.0853813598896882,-0.04839548141144173,1.8451225380892746,2015-2017,False
202355,Hassan Whiteside,-0.008926652923420209,-1.581074544575276,11213.0,0.08511812028471832,-1.7111688875611821,540.0,0.09404477320813853,-0.13009434298590605,-0.03604956977776752,-1.5900011974986963,2015-2017,False
202362,Lance Stephenson,-1.687686856336045,1.0818118403814043,6511.0,-1.470143445199238,1.2020681865596952,389.0,0.21754341113680709,0.12025634617829084,0.3377997573150979,-0.6058750159546407,2015-2017,False
202366,Jerome Jordan,-1.043257645667185,0.31059683880339084,759.0,-1.0645190373768398,0.33417728322349166,9.0,-0.02126139170965491,0.02358044442010082,0.0023190527104459124,-0.7326608068637941,2015-2017,True
202389,Timofey Mozgov,-1.4394422804122131,-2.6859215322825634,8788.0,-1.6019861566156532,-2.8102853348442456,1133.0,-0.16254387620344013,-0.12436380256168222,-0.28690767876512235,-4.1253638126947765,2015-2017,False
202391,Jeremy Lin,0.6321584590590004,-0.6915546553808113,9832.0,0.5893828643168858,-0.6598825884131773,363.0,-0.042775594742114564,0.03167206696763403,-0.011103527774480537,-0.05939619632181092,2015-2017,False
202681,Kyrie Irving,4.624443172374787,1.6574788300604908,13593.0,5.07698968122209,1.6872738824735862,3663.0,0.45254650884730285,0.029795052413095435,0.4823415612603983,6.2819220024352775,2015-2017,False
202682,Derrick Williams,-0.9578214976528525,2.154788912044323,7367.0,-0.9318179493074319,2.2420036148642764,74.0,0.026003548345420624,0.08721470281995325,0.11321825116537387,1.1969674143914706,2015-2017,True
202683,Enes Kanter,1.086850086323441,2.1853958892486824,10672.0,1.1005117258566441,2.1313782856048875,723.0,0.013661639533203207,-0.05401760364379493,-0.040355964110591724,3.2722459755721234,2015-2017,False
202684,Tristan Thompson,-0.5619237877683416,-0.5417871081805399,13238.0,-0.1902069615507353,-0.905285636944964,3656.0,0.3717168262176063,-0.3634985287644241,0.0082182974531822,-1.1037108959488815,2015-2017,False
202685,Jonas Valančiūnas,-0.7999966067670387,-0.47146675922807235,11049.0,-0.96924886299223,-0.8472445370698066,1249.0,-0.16925225622519136,-0.3757777778417343,-0.5450300340669256,-1.271463365995111,2015-2017,False
202687,Bismack Biyombo,-2.9289262841512054,-2.3635283864666676,9360.0,-2.9673836434645473,-2.32951659518008,942.0,-0.03845735931334193,0.03401179128658782,-0.00444556802675411,-5.2924546706178734,2015-2017,False
202689,Kemba Walker,2.5904846864534163,0.28736637732084014,15268.0,2.4979575009496875,0.33959386587359985,489.0,-0.09252718550372885,0.052227488552759715,-0.04029969695096913,2.8778510637742567,2015-2017,False
202691,Klay Thompson,4.135035931407803,0.9581137687627699,16088.0,3.9182343487630775,0.8342119592499988,4448.0,-0.21680158264472515,-0.12390180951277108,-0.34070339215749623,5.093149700170573,2015-2017,False
202693,Markieff Morris,-0.3051652867848832,-1.2527266052713673,13331.0,-0.2124615256440449,-1.5277933569807565,744.0,0.09270376114083828,-0.2750667517093892,-0.18236299056855093,-1.5578918920562503,2015-2017,False
202694,Marcus Morris Sr.,-0.07327245824001294,0.1733582278963805,14861.0,0.0019006243364299014,0.16273192902820038,262.0,0.07517308257644284,-0.010626298868180117,0.06454678370826272,0.10008576965636756,2015-2017,False
202695,Kawhi Leonard,4.668856306285493,-2.9089969638095017,13463.0,4.839573489793561,-2.57824845080345,1947.0,0.17071718350806808,0.3307485130060517,0.5014656965141198,1.7598593424759912,2015-2017,False
202697,Iman Shumpert,-0.050392780661177694,0.005120472454846009,9377.0,0.17683056663574806,-0.022437981073499102,2550.0,0.22722334729692575,-0.02755845352834511,0.19966489376858065,-0.045272308206331685,2015-2017,False
202699,Tobias Harris,0.06324792008639646,-0.21185649535016227,14689.0,0.2021016145962859,-0.22873124612978707,283.0,0.13885369450988944,-0.016874750779624803,0.12197894373026463,-0.1486085752637658,2015-2017,False
202700,Donatas Motiejunas,-1.1040236066829436,-0.688504553845231,6107.0,-1.175656608548871,-0.6638540285396606,194.0,-0.07163300186592747,0.024650525305570437,-0.046982476560357034,-1.7925281605281747,2015-2017,True
202703,Nikola Mirotic,0.9276499326766915,-0.4803430068164451,9882.0,0.8764585123797713,-0.17473629728952395,621.0,-0.05119142029692014,0.30560670952692115,0.254415289230001,0.4473069258602464,2015-2017,False
202704,Reggie Jackson,1.6086549169491073,1.1204989147480338,12087.0,1.698936440097069,1.083884024062017,264.0,0.09028152314796167,-0.036614890686016865,0.05366663246194481,2.729153831697141,2015-2017,False
202708,Norris Cole,-0.8735190675939142,1.8736242274150157,6107.0,-0.8355992108757312,1.902963595899087,258.0,0.03791985671818299,0.02933936848407126,0.06725922520225425,1.0001051598211015,2015-2017,False
202709,Cory Joseph,-0.016680405640094653,-0.27338676267048656,10813.0,-0.46741180696225443,-0.2865718107783235,1302.0,-0.4507314013221598,-0.013185048107836939,-0.4639164494299967,-0.2900671683105812,2015-2017,False
202710,Jimmy Butler III,3.1192086258745344,-0.9106206680872931,15411.0,3.135913129420187,-0.98145289781579,1407.0,0.01670450354565256,-0.0708322297284969,-0.05412772618284434,2.208587957787241,2015-2017,False
202711,Bojan Bogdanovic,-0.3811028139167358,2.746789968233655,12111.0,-0.5013082534422324,2.822605874717699,943.0,-0.12020543952549662,0.0758159064840438,-0.04438953304145282,2.3656871543169196,2015-2017,False
202713,Kyle Singler,-1.3429708525131607,0.7712676146369285,6217.0,-1.3806267694296663,0.7509147769312733,125.0,-0.037655916916505605,-0.020352837705655213,-0.05800875462216082,-0.5717032378762322,2015-2017,True
202714,Shelvin Mack,0.09478735498066987,0.5246345445222923,5971.0,-0.02669600503426464,0.6516147821829477,498.0,-0.12148336001493451,0.12698023766065536,0.005496877645720849,0.6194218995029621,2015-2017,False
202718,Chandler Parsons,1.2857379182333046,0.60268392260034,9147.0,1.2375396960061147,0.5849175466717773,85.0,-0.048198222227189946,-0.017766375928562672,-0.06596459815575262,1.8884218408336446,2015-2017,True
202720,Jon Leuer,-1.7799123007767328,-0.604985516495173,8053.0,-1.793388739793614,-0.6173850614285854,14.0,-0.013476439016881114,-0.012399544933412443,-0.025875983950293557,-2.3848978172719058,2015-2017,True
202721,Darius Morris,-1.962438970561109,1.5613085522236634,590.0,-1.9837003622707639,1.5848889966437643,9.0,-0.02126139170965491,0.023580444420100877,0.002319052710445968,-0.40113041833744556,2015-2017,True
202722,Davis Bertans,-0.11066192900535032,0.03627665051688521,1631.0,-0.02222712982032611,0.13451065590664346,228.0,0.08843479918502421,0.09823400538975825,0.18666880457478247,-0.07438527848846511,2015-2017,False
202726,Andrew Goudelock,-1.7058084190424063,-0.33251951248730366,102.0,-1.7322958809686295,-0.3482182951400113,24.0,-0.0264874619262232,-0.015698782652707632,-0.04218624457893083,-2.03832793152971,2015-2017,True
202730,Lavoy Allen,-0.5593097748598179,-0.7552281058783428,6933.0,-0.6269005186475888,-0.6838677528360273,120.0,-0.06759074378777086,0.07136035304231547,0.0037696092545446147,-1.3145378807381607,2015-2017,True
202734,E'Twaun Moore,-0.4815378224977322,0.21044823463886075,7270.0,-0.4801497587762544,0.1721576317444665,19.0,0.0013880637214778169,-0.03829060289439426,-0.03690253917291644,-0.27108958785887144,2015-2017,True
202738,Isaiah Thomas,5.138072560697781,2.6805149908530357,14204.0,4.795471577367846,3.0104806795299344,1719.0,-0.3426009833299348,0.3299656886768987,-0.012635294653036144,7.8185875515508165,2015-2017,False
202962,Greg Smith,-2.6976974613675972,0.167941680562456,1089.0,-2.693281469109635,0.17330212364307795,2.0,0.004415992257962298,0.005360443080621946,0.009776435338584244,-2.529755780805141,2015-2017,True
203076,Anthony Davis,2.2106254952699205,-2.214450113845489,14616.0,2.2558729590423043,-2.236313875452996,336.0,0.04524746377238387,-0.021863761607507026,0.02338370216487684,-0.0038246185755683726,2015-2017,False
203078,Bradley Beal,2.539882798287796,0.6999149922358187,13047.0,2.7573794220413412,0.6221473707551598,1819.0,0.2174966237535454,-0.07776762148065886,0.13972900227288654,3.2397977905236144,2015-2017,False
203079,Dion Waiters,0.7426089423920821,0.18537027640949366,11602.0,0.9057378284142091,0.16368642019502974,976.0,0.16312888602212705,-0.02168385621446392,0.14144502980766313,0.9279792188015757,2015-2017,False
203081,Damian Lillard,5.364605216580447,1.3630666979138306,16668.0,5.161090340782166,1.551256890742395,1614.0,-0.2035148757982812,0.1881901928285643,-0.015324682969716896,6.727671914494278,2015-2017,False
203082,Terrence Ross,1.1645721578808068,1.0611228964142536,11352.0,0.7872222541353776,1.218869603237049,844.0,-0.3773499037454292,0.15774670682279535,-0.21960319692263386,2.2256950542950604,2015-2017,False
203083,Andre Drummond,-0.33005437528129616,-2.0047685506213595,14869.0,-0.2327967749588861,-2.074259516159724,238.0,0.09725760032241007,-0.06949096553836442,0.027766634784045646,-2.334822925902656,2015-2017,False
203084,Harrison Barnes,-0.21616989723810268,-0.8236658318698606,14352.0,-0.45138198805865815,-0.6780638993356032,2824.0,-0.23521209082055547,0.14560193253425746,-0.08961015828629801,-1.0398357291079634,2015-2017,False
203085,Austin Rivers,-1.0386744097902982,1.2286282175936176,10138.0,-1.1303698045725477,1.21548410595868,987.0,-0.09169539478224942,-0.01314411163493756,-0.10483950641718698,0.18995380780331939,2015-2017,False
203086,Meyers Leonard,-1.500242347754928,0.041152456322744335,6823.0,-1.4660160074408384,0.07427758459590271,260.0,0.034226340314089665,0.033125128273158375,0.06735146858724804,-1.4590898914321837,2015-2017,False
203087,Jeremy Lamb,-0.41994473135399796,0.26186150570377387,5930.0,-0.44349774619994226,0.2386939221966615,24.0,-0.023553014845944298,-0.02316758350711237,-0.04672059835305667,-0.1580832256502241,2015-2017,True
203089,John Henson,-2.962704739660732,-0.8737250410547311,6444.0,-3.064133790669782,-0.8144803901128385,314.0,-0.10142905100905031,0.059244650941892685,-0.042184400067157624,-3.836429780715463,2015-2017,False
203090,Maurice Harkless,0.14336560593019487,-0.5330870698925626,8733.0,-0.044255866308658715,-0.6826314202240903,750.0,-0.1876214722388536,-0.1495443503315277,-0.3371658225703813,-0.38972146396236773,2015-2017,False
203092,Tyler Zeller,-1.7469832379122563,-0.365641571184961,5999.0,-1.7307738135435602,-0.3382311728880059,401.0,0.0162094243686961,0.027410398296955074,0.043619822665651176,-2.112624809097217,2015-2017,False
203093,Terrence Jones,-1.6954958513823617,0.703189721634866,6468.0,-1.6637178617651178,0.9044219364165372,838.0,0.031777989617243874,0.2012322147816712,0.23301020439891507,-0.9923061297474957,2015-2017,False
203096,Jared Sullinger,-0.3500331596126954,-1.3055736759296197,7231.0,-0.39829906721210867,-1.103986196406609,331.0,-0.048265907599413294,0.2015874795230106,0.1533215719235973,-1.655606835542315,2015-2017,False
203098,John Jenkins,-1.2180503497762971,1.3386890952215866,1637.0,-1.1862188381071601,1.3139329498595795,41.0,0.031831511669137,-0.024756145362007098,0.0070753663071299044,0.12063874544528952,2015-2017,True
203101,Miles Plumlee,-2.2314485367402286,0.03581247123323161,5009.0,-2.2423607560244387,0.047727659633578834,30.0,-0.010912219284210156,0.01191518840034722,0.0010029691161370646,-2.195636065506997,2015-2017,True
203105,Festus Ezeli,-2.1008987469971965,-1.3740455567670233,2615.0,-2.0633249777897555,-1.3456929355871337,797.0,0.03757376920744093,0.02835262117988968,0.06592639038733061,-3.47494430376422,2015-2017,False
203107,Tomas Satoransky,-1.3549212615551842,-0.34603610159220355,1394.0,-1.3562371533316626,-0.3414424767937754,76.0,-0.001315891776478395,0.004593624798428175,0.0032777330219497802,-1.7009573631473878,2015-2017,True
203108,Bernard James,-1.9461088372159987,-1.2896444960224915,312.0,-1.9501629084273264,-1.2984593030081422,4.0,-0.0040540712113277255,-0.008814806985650625,-0.01286887819697835,-3.23575333323849,2015-2017,True
203109,Jae Crowder,1.7922490412478511,0.08903291480198997,12786.0,1.5078595663561838,-0.014282125076661906,1765.0,-0.2843894748916673,-0.10331503987865187,-0.3877045147703192,1.881281956049841,2015-2017,False
203110,Draymond Green,1.9964273659104554,-4.045372477903061,16238.0,2.0985533557599187,-4.478735268320329,4592.0,0.1021259898494633,-0.43336279041726833,-0.331236800567805,-2.048945111992605,2015-2017,False
203114,Khris Middleton,1.9681690748063012,-1.1661856507849582,12003.0,1.7252889266387084,-1.3248906657637303,885.0,-0.24288014816759285,-0.1587050149787721,-0.40158516314636494,0.801983424021343,2015-2017,False
203118,Mike Scott,-1.0890536481387083,0.04843629821392903,4887.0,-1.0978483345792958,0.11496620641676508,658.0,-0.008794686440587451,0.06652990820283605,0.0577352217622486,-1.0406173499247793,2015-2017,False
203123,Kostas Papanikolaou,-1.4310674936726646,0.062005772967597544,2164.0,-1.4869567274559992,0.039864100753325554,47.0,-0.055889233783334547,-0.02214167221427199,-0.07803090599760654,-1.369061720705067,2015-2017,True
203141,Mirza Teletovic,-0.1855324746206684,0.5447992158467022,7485.0,-0.23937326276516582,0.5754359334856689,87.0,-0.053840788144497415,0.030636717638966693,-0.02320407050553072,0.3592667412260338,2015-2017,True
203143,Pablo Prigioni,-0.06471169893703699,-0.7422633266445003,3952.0,-0.07503060724964965,-0.6302839046906592,673.0,-0.01031890831261266,0.11197942195384114,0.10166051364122848,-0.8069750255815373,2015-2017,False
203145,Kent Bazemore,-1.504807632250993,-0.9932705910583347,10783.0,-1.5752130505617785,-0.7178446983914017,1565.0,-0.07040541831078562,0.27542589266693296,0.20502047435614734,-2.4980782233093275,2015-2017,False
203148,Brian Roberts,-1.0142357836274467,1.2094798286287554,4291.0,-0.9381161117111513,1.1418569869991735,82.0,0.07611967191629543,-0.06762284162958188,0.008496830286713553,0.19524404500130865,2015-2017,True
203200,Justin Holiday,-1.205381680183565,-0.3975918042210298,6206.0,-1.222951668444447,-0.42073100743708075,21.0,-0.017569988260881964,-0.023139203216050952,-0.040709191476932916,-1.6029734844045949,2015-2017,True
203210,JaMychal Green,-1.334642368289291,-0.30309348919117896,7231.0,-1.1940750027420817,-0.2405046485299236,364.0,0.14056736554720928,0.06258884066125536,0.20315620620846464,-1.63773585748047,2015-2017,False
203268,Jorge Gutierrez,-1.8997516482820238,0.7075237917773408,482.0,-1.9490320113372557,0.7097689940744287,44.0,-0.04928036305523187,0.0022452022970879115,-0.04703516075814396,-1.192227856504683,2015-2017,True
203382,Aron Baynes,-1.7598520466726153,-1.6434061849563186,6979.0,-1.7974637172670584,-1.5555293403889836,166.0,-0.03761167059444315,0.08787684456733502,0.050265173972891874,-3.403258231628934,2015-2017,True
203459,Allen Crabbe,-0.6488886170740193,1.7489095416566292,10250.0,-0.5001425275847095,1.9306944000862725,887.0,0.1487460894893099,0.18178485842964331,0.3305309479189532,1.1000209245826098,2015-2017,False
203460,Andre Roberson,-0.5401531346964332,-2.9071438144792623,10524.0,-0.4847862758249755,-2.9099042304471006,1319.0,0.0553668588714577,-0.00276041596783827,0.05260644290361943,-3.4472969491756955,2015-2017,False
203468,CJ McCollum,1.8778612408266993,-0.862538068151678,13178.0,1.925470969375891,-0.7687876420688188,1506.0,0.047609728549191654,0.09375042608285922,0.14136015463205087,1.0153231726750214,2015-2017,False
203469,Cody Zeller,0.34844426838414766,-2.3328119126829368,9814.0,0.2742473027499194,-2.3695269388968736,274.0,-0.07419696563422828,-0.03671502621393685,-0.11091199184816514,-1.9843676442987892,2015-2017,False
203471,Dennis Schröder,0.8646715412597226,0.45279172969299886,11191.0,0.8070665231595117,0.9141262975378545,1354.0,-0.0576050181002109,0.4613345678448556,0.4037295497446447,1.3174632709527214,2015-2017,False
203473,Dewayne Dedmon,-2.3666447219867255,-1.707647906912238,5623.0,-2.4042902814633695,-1.6195717551031878,195.0,-0.03764555947664405,0.08807615180905004,0.05043059233240599,-4.074292628898963,2015-2017,True
203477,Isaiah Canaan,-1.2830485046741693,1.430143050846869,6928.0,-1.3776519293500822,1.617329410422337,184.0,-0.09460342467591287,0.18718635957546792,0.09258293489955505,0.1470945461726998,2015-2017,True
203481,Jeff Withey,-0.9669304084764268,-0.8337308265502454,2593.0,-0.974456164975986,-0.8479132965722731,38.0,-0.007525756499559222,-0.01418247002202766,-0.021708226521586882,-1.8006612350266722,2015-2017,True
203482,Kelly Olynyk,-0.4408213260349842,-1.2821094178510553,8894.0,-0.5502794417027391,-1.1863089987500586,858.0,-0.10945811566775493,0.09580041910099668,-0.013657696566758248,-1.7229307438860395,2015-2017,False
203484,Kentavious Caldwell-Pope,1.3558880816090655,0.36268366902095295,15674.0,1.4423549501836315,0.39052122589827865,293.0,0.08646686857456598,0.027837556877325698,0.11430442545189168,1.7185717506300184,2015-2017,False
203486,Mason Plumlee,0.7011308149705364,-0.37339845440299735,11803.0,0.7255211818416064,-0.41816663218589,719.0,0.02439036687106999,-0.04476817778289266,-0.02037781091182267,0.32773236056753907,2015-2017,False
203487,Michael Carter-Williams,-1.6189645594003554,-0.9094133994847032,9186.0,-1.8383226634011576,-0.8025593581696921,481.0,-0.21935810400080213,0.10685404131501108,-0.11250406268579105,-2.528377958885059,2015-2017,False
203488,Mike Muscala,-1.217326701434477,-0.4865696671066664,4602.0,-1.2596795033052537,-0.25179207895226524,488.0,-0.04235280187077661,0.23477758815440114,0.19242478628362453,-1.7038963685411435,2015-2017,False
203490,Otto Porter Jr.,0.6691287172502743,-0.18657236463741417,12739.0,1.027532169733766,-0.5832972916956722,1511.0,0.3584034524834917,-0.39672492705825807,-0.03832147457476637,0.4825563526128602,2015-2017,False
203493,Reggie Bullock Jr.,-0.8329725695411817,0.7139933210964874,2422.0,-0.8168792139625033,0.7262816870749601,40.0,0.016093355578678414,0.012288365978472715,0.02838172155715113,-0.11897924844469432,2015-2017,True
203497,Rudy Gobert,-0.7576704160303289,-4.000740687399224,12867.0,-0.9179396351804283,-4.073213514511133,479.0,-0.1602692191500994,-0.07247282711190906,-0.23274204626200845,-4.7584111034295535,2015-2017,False
203500,Steven Adams,-0.948864559596313,-2.2216509452940874,12397.0,-0.7224291556940867,-2.0998683900688473,1408.0,0.22643540390222627,0.12178255522524006,0.34821795912746634,-3.1705155048904006,2015-2017,False
203501,Tim Hardaway Jr.,0.3045733709421928,1.4225030199810564,9356.0,0.24121352061757617,1.3900248453705288,569.0,-0.0633598503246166,-0.0324781746105276,-0.0958380249351442,1.7270763909232492,2015-2017,False
203503,Tony Snell,-0.35923284472227135,0.06837063771482216,9980.0,-0.4606525048642932,-0.07209309764324262,619.0,-0.10141966014202186,-0.14046373535806478,-0.24188339550008664,-0.2908622070074492,2015-2017,False
203504,Trey Burke,0.15094360305124432,1.8120007373554492,8303.0,0.14618575347688517,1.8149682860865533,39.0,-0.004757849574359152,0.0029675487311040527,-0.0017903008432550993,1.9629443404066935,2015-2017,True
203506,Victor Oladipo,0.32166225941169907,-0.4786014892982744,14386.0,0.25966960493525315,-0.29271175657422455,371.0,-0.06199265447644592,0.18588973272404985,0.12389707824760393,-0.15693922988657533,2015-2017,False
203507,Giannis Antetokounmpo,1.7173584486916371,-0.9143485444606891,16084.0,1.4844433671437716,-1.1330037462703684,837.0,-0.23291508154786555,-0.21865520180967923,-0.4515702833575448,0.803009904230948,2015-2017,False
203512,Lucas Nogueira,-0.6137347905900259,-0.898567318141627,2665.0,-0.649009591301208,-0.9089080948740554,66.0,-0.035274800711182164,-0.010340776732428392,-0.045615577443610555,-1.512302108731653,2015-2017,True
203515,Phil Pressey,-1.2212323267092542,-0.059923198039483,1813.0,-1.2237427440626474,-0.0721164054238515,8.0,-0.0025104173533931906,-0.012193207384368507,-0.014703624737761697,-1.2811555247487372,2015-2017,True
203516,James Ennis III,-0.6271662121082935,0.11252737544809832,5543.0,-0.6393132705344935,0.24973069044938692,282.0,-0.012147058426200008,0.1372033150012886,0.1250562565750886,-0.5146388366601952,2015-2017,False
203518,Alex Abrines,-0.1798124263734313,0.8206248687516252,2172.0,-0.230087506558055,0.9181909177046765,166.0,-0.05027508018462368,0.09756604895305132,0.047290968768427644,0.6408124423781939,2015-2017,True
203521,Matthew Dellavedova,0.4048505450125135,0.2127876871554233,10223.0,0.35079655343887167,-0.2778721598910223,1700.0,-0.054053991573641824,-0.4906598470464456,-0.5447138386200874,0.6176382321679368,2015-2017,False
203524,Solomon Hill,-0.3105380951242819,0.24957124797388552,11160.0,-0.23212850431471457,0.23199018701493088,369.0,0.0784095908095673,-0.017581060958954647,0.060828529850612656,-0.06096684715039635,2015-2017,False
203526,Raul Neto,-0.4243498959317252,-0.14563778555262485,3482.0,-0.5384110336218477,-0.20920768750849436,122.0,-0.11406113769012255,-0.0635699019558695,-0.17763103964599206,-0.5699876814843501,2015-2017,True
203530,Joffrey Lauvergne,-1.8565836363802122,2.2126537335976435,4576.0,-1.8755501319406265,2.2463801713357836,54.0,-0.018966495560414298,0.0337264377381401,0.014759942177725804,0.3560700972174313,2015-2017,True
203540,Gigi Datome,-0.5075418128573399,0.3129025100818048,403.0,-0.5237851750500326,0.33304616774309737,34.0,-0.016243362192692734,0.020143657661292558,0.0039002954685998237,-0.1946393027755351,2015-2017,True
203544,Pero Antic,-0.5927318020831046,-0.6301642718044849,2075.0,-0.6687285597713859,-0.7190073973849441,397.0,-0.07599675768828129,-0.08884312558045926,-0.16483988326874055,-1.2228960738875894,2015-2017,False
203546,Ian Clark,-0.8502416108827775,2.0315725768398796,3902.0,-0.9609601795999476,1.854353952971865,764.0,-0.11071856871717012,-0.17721862386801468,-0.2879371925851848,1.181330965957102,2015-2017,False
203584,Troy Daniels,-0.9784284580189853,2.0499461432778654,4104.0,-0.9485251455524156,2.0262405535224453,164.0,0.02990331246656963,-0.023705589755420142,0.006197722711149489,1.0715176852588801,2015-2017,True
203613,Jonathon Simmons,-1.029724379908122,-0.11903316979352685,4399.0,-0.9637914182483927,-0.10065928930413331,653.0,0.06593296165972928,0.018373880489393535,0.08430684214912282,-1.148757549701649,2015-2017,False
203798,PJ Hairston,-1.5857830647734048,0.3608615975507548,3930.0,-1.5808616648425071,0.32338296981880293,40.0,0.004921399930897685,-0.037478627731951875,-0.03255722780105419,-1.22492146722265,2015-2017,True
203893,Russ Smith,-1.843717625805731,0.24215112049569962,285.0,-1.8336972896652277,0.23749985021660347,6.0,0.01002033614050335,-0.004651270279096148,0.005369065861407202,-1.6015665053100314,2015-2017,True
203894,Shabazz Napier,-0.46617642939977944,0.31199037254098405,4086.0,-0.40370130645155167,0.3678354040876119,97.0,0.06247512294822777,0.055845031546627844,0.11832015449485561,-0.15418605685879538,2015-2017,True
203895,Jordan McRae,-1.095306415219147,1.5333901214511896,1139.0,-1.072711937835991,1.5247556552263501,9.0,0.022594477383155898,-0.008634466224839432,0.013960011158316465,0.4380837062320426,2015-2017,True
203898,Tyler Ennis,-1.1346556179721492,0.08124997315816429,3317.0,-1.1455678372563591,0.09316516155851151,30.0,-0.010912219284209934,0.01191518840034722,0.0010029691161372867,-1.053405644813985,2015-2017,True
203900,Markel Brown,-0.6716141477375478,1.4510112099993977,3454.0,-0.7002436169798922,1.4842234783107124,20.0,-0.02862946924234444,0.03321226831131474,0.0045827990689703,0.7793970622618499,2015-2017,True
203902,Semaj Christon,-1.6924680057777592,1.4151803721015832,1912.0,-1.7182510702437055,1.4670599857035487,41.0,-0.025783064465946248,0.05187961360196547,0.02609654913601922,-0.27728763367617604,2015-2017,True
203909,KJ McDaniels,-1.7510464572045477,0.7791788694333108,4254.0,-1.7901257028633828,0.7131877489911451,78.0,-0.03907924565883514,-0.06599112044216571,-0.10507036610100084,-0.9718675877712368,2015-2017,True
203910,Nick Johnson,-2.0742607952123135,0.6927097044034489,552.0,-2.122321790824309,0.7097704348768189,103.0,-0.048060995611995505,0.01706073047336998,-0.031000265138625527,-1.3815510908088646,2015-2017,True
203912,C.J. Wilcox,-1.4701909565695335,0.8857806423529935,765.0,-1.4550951929621494,0.8524632305229289,15.0,0.015095763607384072,-0.033317411830064536,-0.018221648222680464,-0.58441031421654,2015-2017,True
203915,Spencer Dinwiddie,-1.5255288547709975,-0.0315272527757654,3932.0,-1.521697817739394,-0.018024664824176733,3.0,0.003831037031603479,0.013502587951588669,0.017333624983192148,-1.5570561075467628,2015-2017,True
203918,Rodney Hood,0.6947197550733726,0.03807870545230452,9755.0,0.6351802767946868,0.20484027954949205,529.0,-0.059539478278685776,0.16676157409718753,0.10722209581850176,0.7327984605256771,2015-2017,False
203919,Jordan Adams,-0.5506666567118892,-0.11578508560046412,519.0,-0.5376671312893733,-0.15418208233933622,16.0,0.012999525422515923,-0.038396996738872105,-0.025397471316356182,-0.6664517423123533,2015-2017,True
203922,Glenn Robinson III,-0.8112833111186228,0.12975603813060987,4332.0,-0.7702391586695888,0.13964600166473465,82.0,0.04104415244903403,0.009889963534124774,0.050934115983158806,-0.681527272988013,2015-2017,True
203923,James Young,-0.8299844644825418,1.5068940729147304,1519.0,-0.8140665703490183,1.5377225116736073,97.0,0.015917894133523514,0.030828438758876864,0.04674633289240038,0.6769096084321886,2015-2017,True
203924,Jerami Grant,-1.756311260216444,0.3093117062101778,9941.0,-1.8413378627416317,0.5158110899310164,229.0,-0.08502660252518779,0.20649938372083865,0.12147278119565086,-1.4469995540062661,2015-2017,False
203925,Joe Harris,-1.9602764297787978,2.1167364643270092,3453.0,-1.9935126846287596,2.133499785443045,33.0,-0.033236254849961844,0.016763321116035623,-0.01647293373392622,0.15646003454821145,2015-2017,True
203926,Doug McDermott,-1.4217525531649113,2.356275901866396,7391.0,-1.4382982722285096,2.3576238089599886,159.0,-0.016545719063598252,0.0013479070935926707,-0.015197811970005581,0.9345233487014846,2015-2017,True
203934,Lamar Patterson,-1.4722553308212911,0.5889220183874097,885.0,-1.4719710526947942,0.5955446045853838,36.0,0.0002842781264968952,0.0066225861979741785,0.006906864324471074,-0.8833333124338815,2015-2017,True
203935,Marcus Smart,0.18099818852162605,-0.6929504501177031,11984.0,0.03372871554440282,-0.5812560303726916,1631.0,-0.14726947297722323,0.11169441974501149,-0.035575053232211745,-0.511952261596077,2015-2017,False
203937,Kyle Anderson,-0.5248002674067627,-1.2005892841856367,5144.0,-0.4938873075650438,-0.9855550518887484,651.0,0.03091295984171888,0.21503423229688834,0.24594719213860722,-1.7253895515923994,2015-2017,False
203939,Dwight Powell,-1.5779999107812746,0.29551049152735376,5057.0,-1.5640646198501185,0.2892172343931258,124.0,0.013935290931156086,-0.006293257134227959,0.007642033796928127,-1.282489419253921,2015-2017,True
203943,Noah Vonleh,-2.9582632993795253,-0.9112787581767906,5319.0,-2.977179740648426,-0.8035689125863156,233.0,-0.018916441268900908,0.10770984559047503,0.08879340432157412,-3.8695420575563158,2015-2017,False
203948,Johnny O'Bryant III,-3.0483502103993105,1.4496635282786683,2530.0,-3.074077558608598,1.4750763140828684,20.0,-0.02572734820928746,0.025412785804200144,-0.00031456240508731526,-1.5986866821206422,2015-2017,True
203949,James McAdoo,-1.0724483965893694,-0.08935020859848923,1756.0,-1.1107074670332424,-0.12925409932539647,224.0,-0.038259070443873,-0.03990389072690724,-0.07816296117078024,-1.1617986051878586,2015-2017,False
203957,Dante Exum,-1.005973724624507,-0.07730296647551638,5719.0,-0.9821905901919838,-0.07778936216435903,169.0,0.023783134432523223,-0.00048639568884265016,0.023296738743680573,-1.0832766911000236,2015-2017,True
203962,Josh Huestis,-1.444291844850736,0.03545147614621637,179.0,-1.4555274819383173,0.006063551967679992,19.0,-0.01123563708758124,-0.029387924178536376,-0.04062356126611762,-1.4088403687045197,2015-2017,True
203991,Clint Capela,0.010590640283600572,-1.7012921053953594,6281.0,-0.19941880016310307,-1.5530694208811011,921.0,-0.21000944044670364,0.14822268451425824,-0.0617867559324454,-1.6907014651117587,2015-2017,False
203994,Jusuf Nurkić,-1.1746011229351003,-1.8475613034220397,6122.0,-1.153752587861551,-1.8826364961452386,34.0,0.020848535073549224,-0.03507519272319892,-0.014226657649649699,-3.02216242635714,2015-2017,True
204020,Tyler Johnson,-0.871615817272355,0.22131483352591058,7231.0,-0.8178044181081872,0.27594763798239996,112.0,0.053811399164167883,0.05463280445648938,0.10844420362065726,-0.6503009837464444,2015-2017,True
204025,Tim Frazier,-0.8754296876487868,0.47242111015421123,5069.0,-0.8726290943305011,0.4524498768238278,7.0,0.002800593318285749,-0.01997123333038342,-0.01717064001209767,-0.4030085774945756,2015-2017,True
204060,Joe Ingles,-0.11504879408631515,-0.16323326519371434,9337.0,-0.10646180339674188,-0.36487962385271167,627.0,0.008586990689573262,-0.20164635865899733,-0.19305936796942408,-0.27828205928002947,2015-2017,False
204098,Xavier Munford,-1.3464067437667904,0.3204761603950773,481.0,-1.3641024344151071,0.2497667485249516,171.0,-0.017695690648316775,-0.07070941187012572,-0.0884051025184425,-1.025930583371713,2015-2017,True
1626147,Justin Anderson,-1.3813879641525366,1.1977917238966846,3744.0,-1.295590217373975,1.2340386372625067,181.0,0.08579774677856156,0.03624691336582209,0.12204466014438364,-0.18359624025585197,2015-2017,True
1626149,Montrezl Harrell,-0.4104667883029457,0.29433454370975076,2984.0,-0.45287164528016016,0.26081577457310984,67.0,-0.04240485697721447,-0.033518769136640925,-0.07592362611385539,-0.11613224459319493,2015-2017,True
1626150,Andrew Harrison,-0.7279304219345015,0.2168349637120929,2853.0,-0.6780243665224112,0.4441044826713737,206.0,0.04990605541209037,0.2272695189592808,0.2771755743713712,-0.5110954582224086,2015-2017,False
1626151,Aaron Harrison,-1.1246814871701165,0.38900015563916057,236.0,-1.1429881757952054,0.3850314555364296,16.0,-0.018306688625088885,-0.003968700102730982,-0.022275388727819867,-0.7356813315309559,2015-2017,True
1626153,Delon Wright,-0.24305883263127098,-0.15565346164059257,1316.0,-0.28452354880065606,-0.22230572325802123,256.0,-0.041464716169385074,-0.06665226161742865,-0.10811697778681373,-0.39871229427186355,2015-2017,False
1626154,RJ Hunter,-1.8872173166388868,0.11763986651140135,667.0,-1.885799516309084,0.1265048890615106,81.0,0.0014178003298028763,0.008865022550109264,0.01028282287991214,-1.7695774501274855,2015-2017,True
1626155,Sam Dekker,0.34730736750810076,0.30390957563940335,2976.0,0.30830671782029084,0.3828199727744741,62.0,-0.03900064968780992,0.07891039713507075,0.039909747447260835,0.6512169431475041,2015-2017,True
1626159,Justise Winslow,-1.1060856955550973,-1.1584885680217631,5618.0,-1.2065202799909382,-1.1063733729549527,612.0,-0.10043458443584097,0.052115195066810394,-0.048319389369030574,-2.2645742635768604,2015-2017,False
1626162,Kelly Oubre Jr.,-0.641814587266808,0.31614849464188016,4637.0,-0.776894055040918,0.6627002982732568,382.0,-0.13507946777411006,0.34655180363137666,0.2114723358572666,-0.3256660926249278,2015-2017,False
1626163,Frank Kaminsky,-0.2848845265044543,0.3535798867088989,7329.0,-0.3707635373704476,0.21450714941932914,356.0,-0.08587901086599331,-0.13907273728956976,-0.22495174815556307,0.06869536020444461,2015-2017,False
1626166,Cameron Payne,-0.8348137213844522,0.5878197802249329,2320.0,-0.897993454982452,0.5679912393187788,136.0,-0.06317973359799978,-0.019828540906154046,-0.08300827450415382,-0.24699394115951934,2015-2017,True
1626167,Myles Turner,-1.1590664874958967,-1.2403340904409623,7891.0,-1.0178854755261901,-1.3449230944192152,627.0,0.14118101196970656,-0.10458900397825288,0.03659200799145368,-2.3994005779368592,2015-2017,False
1626168,Trey Lyles,-1.345190567824327,0.5465981161258864,4813.0,-1.3436596407308126,0.559399599811407,20.0,0.0015309270935144337,0.012801483685520587,0.01433241077903502,-0.7985924516984406,2015-2017,True
1626169,Stanley Johnson,-1.160750427511998,-0.24917678473955052,6117.0,-1.1072442699123535,-0.2316577237504292,139.0,0.0535061575996445,0.017519060989121316,0.07102521858876581,-1.4099272122515485,2015-2017,True
1626170,Jerian Grant,-0.800485034197973,-0.08093288308566726,4515.0,-0.8599823976453695,-0.1260139793248386,101.0,-0.059497363447396534,-0.04508109623917134,-0.10457845968656787,-0.8814179172836403,2015-2017,True
1626171,Bobby Portis,-1.5255322460414464,1.1730955336966629,4194.0,-1.584672479769631,1.0911658699742743,240.0,-0.059140233728184555,-0.08192966372238852,-0.14106989745057308,-0.3524367123447836,2015-2017,False
1626173,Rashad Vaughn,-1.7865567996287104,1.3771082251667506,2872.0,-1.7999148611066853,1.4140902004567426,20.0,-0.013358061477974914,0.03698197528999203,0.023623913812017117,-0.4094485744619598,2015-2017,True
1626175,Jordan Mickey,-2.2794775642180087,-0.11586828453863354,403.0,-2.238771089131631,-0.10111674824778503,54.0,0.040706475086377925,0.014751536290848508,0.05545801137722643,-2.395345848756642,2015-2017,True
1626179,Terry Rozier,-1.3766554855786617,0.33383375703262086,3184.0,-1.366234783872001,0.34637169082665675,755.0,0.010420701706660651,0.012537933794035894,0.022958635500696545,-1.0428217285460408,2015-2017,False
1626181,Norman Powell,0.34121213987214194,0.5111770195800349,4111.0,0.14139089350655706,0.1979365513546299,830.0,-0.19982124636558488,-0.313240468225405,-0.5130617145909899,0.8523891594521769,2015-2017,False
1626185,Jarell Martin,-2.9765874023357086,0.26797577122870087,1858.0,-2.9840383287164722,0.2733695287163335,110.0,-0.007450926380763612,0.0053937574876326555,-0.002057168893130956,-2.708611631107008,2015-2017,True
1626192,Pat Connaughton,-1.4913075887580003,1.2878363635503145,921.0,-1.4769982019132268,1.296487989305718,64.0,0.014309386844773453,0.008651625755403458,0.02296101260017691,-0.2034712252076858,2015-2017,True
1626196,Josh Richardson,-0.4105666196329287,-0.5139816075661778,5342.0,-0.2473689855920921,-0.5716969853183681,727.0,0.16319763404083656,-0.05771537775219027,0.1054822562886463,-0.9245482271991066,2015-2017,False
1626202,Joe Young,-1.6497084548784413,1.6543985962009797,1067.0,-1.6498668614858452,1.6691538340917424,21.0,-0.00015840660740384926,0.014755237890762718,0.014596831283358869,0.004690141322538421,2015-2017,True
1626242,Luis Montero,-2.3537484774598743,1.5653611453560121,81.0,-2.328171966958915,1.5658515611566386,14.0,0.025576510500959326,0.0004904158006264758,0.026066926301585802,-0.7883873321038621,2015-2017,True
1626245,Cristiano Felicio,-1.1229416228460734,-0.12718252530285912,2708.0,-1.1761836718128627,-0.21996896334283345,166.0,-0.0532420489667893,-0.09278643803997433,-0.14602848700676363,-1.2501241481489325,2015-2017,True
1626246,Boban Marjanovic,0.71621886584033,-0.19526225840163075,1575.0,0.7528905866561301,-0.17291462015416711,80.0,0.03667172081580006,0.022347638247463636,0.05901935906326369,0.5209566074386993,2015-2017,True
1626257,Salah Mejri,-1.4208295220782086,-2.6182238771423005,2488.0,-1.4413769921055624,-2.6420187125580314,146.0,-0.020547470027353798,-0.02379483541573091,-0.044342305443084706,-4.039053399220509,2015-2017,True
1627098,Malcolm Delaney,-1.4805211254495383,0.16766498410730346,2520.0,-1.4742274968506317,0.1704642202733331,8.0,0.0062936285989065865,0.002799236166029645,0.009092864764936232,-1.3128561413422348,2015-2017,True
1627362,Briante Weber,-1.6875282558871936,0.5794374371231749,722.0,-1.6660292708623718,0.5363026944663019,12.0,0.021498985024821726,-0.043134742656873004,-0.021635757632051278,-1.1080908187640186,2015-2017,True
1627734,Domantas Sabonis,-2.1916708238337272,-1.2290041592961727,3267.0,-2.2196089670679258,-1.244928786991255,13.0,-0.02793814323419852,-0.015924627695082405,-0.043862770929280925,-3.4206749831299,2015-2017,True
1627735,Wade Baldwin IV,-2.1670240055497656,0.926543902461265,807.0,-2.162179906190053,0.9967263026070409,24.0,0.00484409935971275,0.07018240014577593,0.07502649950548868,-1.2404801030885007,2015-2017,True
1627738,Deyonta Davis,-2.7158477144980084,-0.7674200586839448,468.0,-2.706594493825102,-0.7102831299508588,23.0,0.009253220672906348,0.05713692873308596,0.0663901494059923,-3.4832677731819532,2015-2017,True
1627745,Damian Jones,-3.020835276974944,-0.07848593106734356,169.0,-3.022739391264271,-0.11909276587626641,44.0,-0.001904114289327019,-0.040606834808922854,-0.04251094909824987,-3.099321208042287,2015-2017,True
1627748,Thon Maker,-0.506710523853735,-0.7062603216386187,1070.0,-0.5606421762904374,-0.7564527380611241,222.0,-0.05393165243670239,-0.05019241642250538,-0.10412406885920777,-1.2129708454923538,2015-2017,False
1627749,Dejounte Murray,-0.8207594937172705,0.7188264665537725,630.0,-0.6938446072355684,0.789952140249035,342.0,0.12691488648170213,0.07112567369526257,0.1980405601769647,-0.10193302716349806,2015-2017,False
1627751,Jakob Poeltl,-0.9016595198074935,-0.7276544255275641,1226.0,-0.8175715823704758,-0.7583275244588452,52.0,0.0840879374370177,-0.030673098931281118,0.053414838505736584,-1.6293139453350576,2015-2017,True
1627752,Taurean Prince,-2.1472750724873118,-0.8858939195049246,2008.0,-2.0699768384119897,-0.9251620500367667,375.0,0.0772982340753221,-0.03926813053184208,0.03803010354348002,-3.033168991992236,2015-2017,False
1627756,Denzel Valentine,-0.9590938526182968,0.2834794642240151,1968.0,-0.9938017326290014,0.23073082104145942,44.0,-0.03470788001070457,-0.05274864318255568,-0.08745652319326025,-0.6756143883942818,2015-2017,True
1627759,Jaylen Brown,-1.2330068170680657,0.5636861372849861,2714.0,-1.2087634562893415,0.6759056622055265,431.0,0.024243360778724243,0.11221952492054044,0.13646288569926468,-0.6693206797830796,2015-2017,False
1627762,Joel Bolomboy,-1.3313748462745734,0.29971552890610703,105.0,-1.327458484388572,0.31251701259162756,18.0,0.003916361886001418,0.012801483685520532,0.01671784557152195,-1.0316593173684663,2015-2017,True
1627763,Malcolm Brogdon,1.305801495895585,0.5686398071455142,3888.0,1.2279816661871308,0.5485601418563937,342.0,-0.07781982970845425,-0.02007966528912053,-0.09789949499757478,1.8744413030410993,2015-2017,False
1627774,Jake Layman,-1.584334975990083,0.8175995953376597,512.0,-1.5814789528841846,0.8374210651790642,30.0,0.0028560231058984975,0.019821469841404538,0.022677492947303035,-0.7667353806524234,2015-2017,True
1627775,Patrick McCaw,-1.3539154975042265,1.0651010147188176,2259.0,-1.3814817145844682,0.8124125686980834,386.0,-0.02756621708024176,-0.25268844602073415,-0.2802546631009759,-0.2888144827854089,2015-2017,False
1627782,Wayne Selden,-1.4021817354747406,0.845813909108087,459.0,-1.3097799382428847,0.8611700958529953,191.0,0.09240179723185582,0.015356186744908351,0.10775798397676417,-0.5563678263666536,2015-2017,True
1627783,Pascal Siakam,-2.248056365696023,-1.4955120895425753,1689.0,-2.2047326677484764,-1.4905021354169028,22.0,0.043323697947546425,0.005009954125672511,0.048333652073218936,-3.743568455238598,2015-2017,True
1627786,Troy Williams,-1.603191020653133,0.1222437477019716,1109.0,-1.6357894248865041,0.11701088674208547,37.0,-0.032598404233371125,-0.005232860959886135,-0.03783126519325726,-1.4809472729511615,2015-2017,True
1627787,Kyle Wiltjer,-1.511482561947274,0.5247862348130544,99.0,-1.527653824231012,0.5304991483955808,12.0,-0.016171262283737997,0.005712913582526347,-0.01045834870121165,-0.9866963271342196,2015-2017,True
1627815,Sheldon McClellan,-1.7333745656220638,0.6483975507015209,555.0,-1.711602993575771,0.6289023167191382,36.0,0.021771572046292764,-0.01949523398238273,0.002276338063910033,-1.0849770149205429,2015-2017,True
1627817,Tim Quarterman,-0.8270144309999119,0.6844969808137239,164.0,-0.8105789501097004,0.7074343983387126,13.0,0.016435480890211518,0.02293741752498868,0.0393728984152002,-0.142517450186188,2015-2017,True
1627819,Isaiah Taylor,-2.3218962851624223,0.5827073941079213,109.0,-2.3280521224691397,0.5896091040363652,17.0,-0.006155837306717427,0.0069017099284439665,0.0007458726217265399,-1.739188891054501,2015-2017,True
1627832,Fred VanVleet,-1.7465359320389817,0.31830947218770894,597.0,-1.6774018610332373,0.2889622033863588,61.0,0.06913407100574442,-0.029347268801350135,0.03978680220439429,-1.4282264598512728,2015-2017,True
1627835,Paul Zipser,-1.6040207903191275,0.33967508488612747,1678.0,-1.6349689977435837,0.3751490423299097,263.0,-0.030948207424456253,0.035473957443782234,0.00452575001932598,-1.264345705433,2015-2017,False
1627849,Daniel Ochefu,-2.9143620841551967,0.723978921119236,139.0,-2.916806103068621,0.7219432128852381,10.0,-0.002444018913424273,-0.0020357082339979016,-0.0044797271474221745,-2.1903831630359605,2015-2017,True
1627854,Bryn Forbes,-1.843010051019287,1.4468995399695581,560.0,-1.7782068161549405,1.528413031556704,154.0,0.06480323486434658,0.08151349158714583,0.1463167264514924,-0.39611051104972894,2015-2017,True
1891,Jason Terry,-0.6039891009750336,-0.4586912884760252,1642.0,-0.6107945548687391,-0.4033634855973768,89.0,-0.006805453893705571,0.05532780287864841,0.04852234898494284,-1.0626803894510588,2018-2020,True
1938,Manu Ginobili,1.1048876913065149,0.409930526719848,2648.0,1.1239968016866706,0.5072329137729524,218.0,0.019109110380155725,0.09730238705310446,0.11641149743326018,1.5148182180263627,2018-2020,False
2037,Jamal Crawford,-0.7131618929792061,3.918207516000046,5904.0,-0.6852349090964095,3.980522445358336,246.0,0.027926983882796574,0.06231492935829008,0.09024191324108666,3.20504562302084,2018-2020,False
2200,Pau Gasol,-1.0683064275676704,-1.7710308386218871,4316.0,-1.0870243153284194,-1.5822762137432145,179.0,-0.018717887760749008,0.18875462487867267,0.17003673711792366,-2.8393372661895575,2018-2020,True
2207,Joe Johnson,-1.6092170953448157,0.3721207563069626,2430.0,-1.7085988371775385,0.43038412259400965,108.0,-0.09938174183272275,0.058263366287047036,-0.04111837554567571,-1.237096339037853,2018-2020,True
2225,Tony Parker,0.1712079141624402,1.0655004220609663,4186.0,0.08786916016664409,1.1759067119138897,133.0,-0.0833387539957961,0.11040628985292344,0.027067535857127345,1.2367083362234066,2018-2020,True
2403,Nene,-0.2538771573661013,-1.34229180228468,2707.0,-0.14285636171059207,-1.4709652424885384,326.0,0.11102079565550921,-0.1286734402038585,-0.017652644548349306,-1.596168959650781,2018-2020,False
2544,LeBron James,4.857901416662705,-1.3795868824792055,15147.0,5.289156107641851,-1.6344549429379096,3290.0,0.4312546909791459,-0.25486806045870414,0.1763866305204418,3.4783145341835,2018-2020,False
2546,Carmelo Anthony,0.2002963633258047,0.5063438160165079,9616.0,-0.06996064381993533,0.6819981982798886,774.0,-0.27025700714574,0.1756543822633807,-0.09460262488235932,0.7066401793423126,2018-2020,False
2548,Dwyane Wade,-0.1735970619270697,1.2113448131379758,7106.0,-0.18995474714840743,1.1291896458938853,273.0,-0.016357685221337737,-0.08215516724409055,-0.09851285246542829,1.0377477512109061,2018-2020,False
2561,David West,-0.06435923977312585,-1.6531425951827077,1953.0,-0.027011856159254714,-1.5330346011162483,348.0,0.03734738361387114,0.12010799406645933,0.15745537768033047,-1.7175018349558335,2018-2020,False
2585,Zaza Pachulia,-1.0995279796910131,-1.2570976796936268,3782.0,-1.0882003809926832,-1.2205830961348767,100.0,0.011327598698329888,0.03651458355875015,0.047842182257080035,-2.35662565938464,2018-2020,True
2594,Kyle Korver,0.8827561812736838,-0.633760236440527,8192.0,0.7197175709720253,-0.6239206585873963,1296.0,-0.16303861030165856,0.009839577853130721,-0.15319903244852784,0.2489959448331568,2018-2020,False
2730,Dwight Howard,-0.6546406227094022,-1.8318812561736306,8191.0,-0.5601079480530562,-1.8294619365143605,554.0,0.09453267465634596,0.002419319659270114,0.09695199431561607,-2.4865218788830328,2018-2020,False
2731,Emeka Okafor,-1.519654408360768,-1.9336654145280419,755.0,-1.5369944296519187,-1.924010235009323,10.0,-0.017340021291150753,0.009655179518718748,-0.007684841772432005,-3.45331982288881,2018-2020,True
2733,Shaun Livingston,-0.4658817526118904,0.15860823923904446,4277.0,-0.39259829810715846,0.27966411137510716,1346.0,0.07328345450473195,0.1210558721360627,0.19433932664079465,-0.3072735133728459,2018-2020,False
2738,Andre Iguodala,-0.47233759660191293,-1.0732635527145356,7585.0,-0.048856693542685015,-1.3608510351168877,2959.0,0.4234809030592279,-0.2875874824023521,0.13589342065687582,-1.5456011493164485,2018-2020,False
2747,JR Smith,-0.663672934163031,1.0749935491463316,5191.0,-0.5392333354033205,1.2832735460462477,1513.0,0.12443959875971045,0.20827999689991605,0.3327195956596265,0.41132061498330064,2018-2020,False
2772,Trevor Ariza,-0.7247638152896319,-0.39958769397145977,12589.0,-0.7366139565574951,-0.9546483709252035,1135.0,-0.011850141267863212,-0.5550606769537437,-0.5669108182216069,-1.1243515092610916,2018-2020,False
101106,Andrew Bogut,-2.9178538669749052,-1.3310307442061031,726.0,-2.8977936185371003,-1.3321270063403712,354.0,0.02006024843780496,-0.0010962621342680556,0.018963986303536906,-4.248884611181008,2018-2020,False
101107,Marvin Williams,-0.3293542153878595,-0.452009560967101,10794.0,-0.31098607617793395,-0.40800412399537933,379.0,0.018368139209925527,0.044005436971721656,0.06237357618164718,-0.7813637763549605,2018-2020,False
101108,Chris Paul,4.146156459082801,-2.06519952620119,12064.0,3.761679675942514,-2.478055478498583,2379.0,-0.38447678314028666,-0.4128559522973929,-0.7973327354376796,2.0809569328816107,2018-2020,False
101109,Raymond Felton,-0.35820389239803907,0.42342002051924155,3453.0,-0.4263403260465213,0.374758703807958,270.0,-0.06813643364848221,-0.04866131671128354,-0.11679775035976575,0.06521612812120248,2018-2020,False
101123,Gerald Green,0.44380431484284366,1.6842862428035519,4931.0,0.31215214423209775,1.7403354287393789,742.0,-0.1316521706107459,0.05604918593582697,-0.07560298467491894,2.1280905576463955,2018-2020,False
101133,Ian Mahinmi,-1.7542385960841227,-1.7791473265675082,4979.0,-1.7586257170880504,-1.8004354147548136,107.0,-0.004387121003927685,-0.02128808818730543,-0.025675209191233117,-3.5333859226516307,2018-2020,True
101139,CJ Miles,-0.5467769765398399,0.4554819028436106,4912.0,-0.6153445468628094,0.5699949882938476,448.0,-0.06856757032296945,0.11451308545023703,0.04594551512726758,-0.0912950736962293,2018-2020,False
101141,Ersan Ilyasova,0.44036202419409765,-1.4726135727835648,8333.0,0.6464679920562897,-1.8087103967164473,1090.0,0.20610596786219204,-0.33609682393288254,-0.1299908560706905,-1.0322515485894672,2018-2020,False
101150,Lou Williams,3.4472226406245827,2.7723922553266576,13741.0,3.4576399768841077,2.9038698602652073,1089.0,0.010417336259525012,0.13147760493854976,0.14189494119807478,6.21961489595124,2018-2020,False
101161,Amir Johnson,-0.794579869000806,-1.5790691047112255,3561.0,-0.7752403653647002,-1.4616048210120876,244.0,0.019339503636105815,0.11746428369913797,0.1368037873352438,-2.3736489737120317,2018-2020,False
101162,Marcin Gortat,-1.8960495637957506,-1.632860546954044,5705.0,-1.7962462668232038,-1.7728671514909913,314.0,0.09980329697254686,-0.14000660453694724,-0.04020330756440038,-3.528910110749795,2018-2020,False
101181,Jose Calderon,-1.3696540795062793,0.056152187942395626,3122.0,-1.4533735545665516,-0.0003284979350497638,224.0,-0.08371947506027233,-0.05648068587744539,-0.14020016093771773,-1.3135018915638836,2018-2020,False
200746,LaMarcus Aldridge,0.9764806941168916,-1.882136670580134,13908.0,0.8828295845687631,-1.8399639222989455,822.0,-0.0936511095481285,0.042172748281188444,-0.051478361266940054,-0.9056559764632423,2018-2020,False
200752,Rudy Gay,-0.8470876716260851,-0.764370827475405,9333.0,-0.8831669887731007,-0.6417320023599995,649.0,-0.03607931714701562,0.12263882511540547,0.08655950796838985,-1.6114584991014902,2018-2020,False
200755,JJ Redick,1.842631600117274,1.3085777902110745,12990.0,1.9771124125993618,1.0895149904931893,1469.0,0.13448081248208776,-0.21906279971788511,-0.08458198723579735,3.1512093903283485,2018-2020,False
200757,Thabo Sefolosha,-0.2848436455624739,-1.7103273845947564,3820.0,-0.3437927280633184,-1.7070513017505615,86.0,-0.05894908250084452,0.003276082844194894,-0.055672999656649624,-1.9951710301572303,2018-2020,True
200765,Rajon Rondo,-0.8709808338589542,0.14140841996633888,8597.0,-0.5648010977336997,0.11081651173192691,1453.0,0.3061797361252545,-0.030591908234411963,0.2755878278908426,-0.7295724138926153,2018-2020,False
200768,Kyle Lowry,3.2385692449819796,-1.4002196416699553,14126.0,3.360722191487069,-1.3286168632024289,3309.0,0.12215294650508923,0.07160277846752638,0.19375572497261562,1.8383496033120243,2018-2020,False
200782,P.J. Tucker,-0.32915514467604023,-0.8970136500891818,15490.0,-0.2594239579054505,-1.3566642960703892,2800.0,0.06973118677058976,-0.4596506459812074,-0.38991945921061766,-1.226168794765222,2018-2020,False
200794,Paul Millsap,0.014850612627661186,-2.434652511561719,8620.0,0.16817361606952425,-2.2811728972327687,1788.0,0.15332300344186306,0.1534796143289503,0.30680261777081336,-2.419801898934058,2018-2020,False
200826,J.J. Barea,1.4513903141823308,0.6219740294338765,5696.0,1.4379589512050475,0.6513526870055434,12.0,-0.013431362977283312,0.02937865757166691,0.0159472945943836,2.0733643436162073,2018-2020,True
201142,Kevin Durant,5.451090744968123,0.08642213881186711,10641.0,5.70626040331154,-0.32392924478484697,2534.0,0.25516965834341665,-0.4103513835967141,-0.15518172525329743,5.537512883779991,2018-2020,False
201143,Al Horford,0.4631773470857669,-1.836337090906134,12733.0,0.5286730096619044,-1.797259765451526,2199.0,0.06549566257613754,0.03907732545460796,0.1045729880307455,-1.373159743820367,2018-2020,False
201144,Mike Conley,1.5067722366497696,-0.01992913659439577,8215.0,1.572924848975912,-0.05800695615914718,312.0,0.06615261232614245,-0.03807781956475141,0.028074792761391035,1.4868431000553737,2018-2020,False
201145,Jeff Green,-0.884720970557086,0.9115180920579796,10193.0,-0.8501982812202041,0.8563544608506585,1710.0,0.03452268933688185,-0.05516363120732115,-0.0206409418704393,0.02679712150089364,2018-2020,False
201147,Corey Brewer,-0.9686579942393517,-0.8484203461076045,3682.0,-1.0168344890731964,-0.88337696898238,313.0,-0.048176494833844674,-0.03495662287477552,-0.0831331177086202,-1.8170783403469564,2018-2020,False
201149,Joakim Noah,-0.7529570805737413,-0.8563602989239245,1613.0,-0.7531388352711532,-0.8662613684088969,4.0,-0.00018175469741188444,-0.00990106948497238,-0.010082824182384265,-1.6093173794976658,2018-2020,True
201152,Thaddeus Young,-0.9528848620821629,-1.2300162871965459,13513.0,-0.9968593438151996,-1.5439388063514112,699.0,-0.04397448173303664,-0.31392251915486535,-0.357897000887902,-2.1829011492787087,2018-2020,False
201156,Nick Young,-0.1638040329357922,1.1883916225250921,2976.0,-0.20804107525496107,1.1043935323618679,422.0,-0.04423704231916886,-0.08399809016322424,-0.1282351324823931,1.0245875895893,2018-2020,False
201158,Marco Belinelli,0.45350031682280467,1.7035573473070154,9728.0,0.654940422598951,1.8089218963299318,827.0,0.20144010577614635,0.10536454902291648,0.3068046547990628,2.15705766412982,2018-2020,False
201160,Jason Smith,-2.788229202738349,0.030928604576269614,1011.0,-2.7915191005688222,0.04590801329669088,5.0,-0.0032898978304731763,0.014979408720421264,0.011689510889948088,-2.7573005981620793,2018-2020,True
201162,Jared Dudley,-0.732681316691707,-0.881201169004239,4637.0,-0.8224148539898489,-0.8541825297495621,249.0,-0.08973353729814193,0.027018639254676846,-0.06271489804346508,-1.613882485695946,2018-2020,False
201163,Wilson Chandler,-0.5039184904192469,-0.1632204364680814,8744.0,-0.4719238311242189,-0.16950991668788865,107.0,0.03199465929502798,-0.006289480219807242,0.02570517907522074,-0.6671389268873282,2018-2020,True
201166,Aaron Brooks,-0.9750771950051088,0.9850843633328931,386.0,-0.9762223436903715,0.9841720550488171,5.0,-0.0011451486852627202,-0.0009123082840759578,-0.002057456969338678,0.010007168327784255,2018-2020,True
201188,Marc Gasol,-0.7090282613255564,-2.8508138323728125,11990.0,-0.8455991145073711,-2.8570857088685515,1913.0,-0.13657085318181472,-0.006271876495739015,-0.14284272967755374,-3.559842093698369,2018-2020,False
201565,Derrick Rose,1.0260582559406313,1.235544845536715,6545.0,1.0872844028068382,1.303385220817001,235.0,0.061226146866206976,0.06784037528028586,0.12906652214649283,2.2616031014773466,2018-2020,False
201566,Russell Westbrook,2.0032094416056365,-0.6318119630843312,16148.0,1.6268518189174397,-0.8096820722065836,1438.0,-0.37635762268819684,-0.17787010912225243,-0.5542277318104493,1.3713974785213052,2018-2020,False
201567,Kevin Love,1.4127436387648635,0.5392321826200666,8211.0,1.408944145150483,0.5695547804146349,1242.0,-0.003799493614380589,0.030322597794568362,0.026523104180187773,1.95197582138493,2018-2020,False
201568,Danilo Gallinari,2.6004665822385005,0.4622381927726106,9370.0,2.4363466114291885,0.5353171933863291,878.0,-0.16411997080931195,0.07307900061371853,-0.09104097019559343,3.062704775011111,2018-2020,False
201569,Eric Gordon,2.3057936960360386,0.9819128466814302,11018.0,1.8455512477122258,0.7665446620017289,2780.0,-0.4602424483238128,-0.2153681846797013,-0.6756106330035141,3.2877065427174688,2018-2020,False
201571,D.J. Augustin,0.19365041937321292,1.3106141614196083,11116.0,0.1602109823586978,1.3101450651470272,545.0,-0.03343943701451513,-0.000469096272581071,-0.0339085332870962,1.5042645807928212,2018-2020,False
201572,Brook Lopez,-0.5189031086850924,-3.603726304215809,12499.0,-0.55265416278541,-3.7413470854017086,1578.0,-0.033751054100317646,-0.1376207811858996,-0.17137183528621724,-4.122629412900901,2018-2020,False
201573,Jerryd Bayless,-1.845521184909579,1.7410010444895634,3271.0,-1.8451434174392358,1.7258681336566761,4.0,0.00037776747034312663,-0.015132910832887259,-0.014755143362544132,-0.10452014042001556,2018-2020,True
201577,Robin Lopez,-1.908590616835964,-1.2572342482777452,8789.0,-1.9177382122013686,-1.2757579450381336,42.0,-0.009147595365404548,-0.018523696760388342,-0.02767129212579289,-3.1658248651137093,2018-2020,True
201580,JaVale McGee,-1.203299841008775,-1.8296877358373256,7202.0,-1.1482106336369293,-1.8416691252373167,575.0,0.05508920737184564,-0.01198138939999116,0.04310781797185448,-3.0329875768461005,2018-2020,False
201583,Ryan Anderson,-0.6840646292934776,0.38959579900363106,4172.0,-0.7844461736989345,0.5151108150661412,197.0,-0.10038154440545699,0.12551501606251014,0.025133471657053152,-0.2944688302898465,2018-2020,True
201586,Serge Ibaka,-0.47404403309267695,-0.3678080916406694,11490.0,-0.23531424323330635,-0.18964686961270155,2023.0,0.2387297898593706,0.17816122202796786,0.41689101188733846,-0.8418521247333464,2018-2020,False
201588,George Hill,1.221482604454369,-0.8580915982351669,9035.0,1.4243328963569841,-1.0916241336217336,2436.0,0.20285029190261517,-0.2335325353865667,-0.030682243483951543,0.36339100621920206,2018-2020,False
201601,Luc Mbah a Moute,-0.6585725491183914,-1.3363972431456028,3371.0,-0.8441243892262108,-1.2013045038664807,312.0,-0.18555184010781944,0.13509273927912213,-0.05045910082869731,-1.9949697922639942,2018-2020,False
201609,Goran Dragic,1.0579627346881395,0.3193076878706465,10295.0,1.3139262388105466,0.1360916131474266,1431.0,0.2559635041224071,-0.1832160747232199,0.07274742939918719,1.377270422558786,2018-2020,False
201933,Blake Griffin,2.273942740440419,0.2310091906062664,10353.0,2.3026078744856378,0.32475201806903714,123.0,0.028665134045218643,0.09374282746277074,0.12240796150798938,2.5049519310466857,2018-2020,True
201935,James Harden,6.110270972875974,-0.42123820829202463,16220.0,6.097750175149369,-0.9894110048711682,2998.0,-0.012520797726605082,-0.5681727965791435,-0.5806935943057486,5.68903276458395,2018-2020,False
201936,Tyreke Evans,1.08336012470759,-0.16276076185080224,6038.0,1.0164805942111117,-0.1860591188649685,168.0,-0.06687953049647821,-0.02329835701416627,-0.09017788751064448,0.9205993628567877,2018-2020,True
201937,Ricky Rubio,1.0968691467352512,-2.4933888797985224,12694.0,1.1212315820936791,-2.663396583420029,712.0,0.02436243535842797,-0.1700077036215064,-0.14564526826307844,-1.3965197330632713,2018-2020,False
201939,Stephen Curry,6.637969074741859,-0.112926720447337,8839.0,6.861926156919722,-0.2209206321346104,2866.0,0.22395708217786314,-0.10799391168727342,0.11596317049058973,6.525042354294522,2018-2020,False
201942,DeMar DeRozan,2.4371436106763475,1.0197960317998582,15810.0,2.350462814678747,1.2627506468531764,1191.0,-0.08668079599760059,0.24295461505331817,0.15627381905571758,3.4569396424762058,2018-2020,False
201943,Brandon Jennings,-0.8188983486681132,0.8487786985989157,423.0,-0.8063680659891331,0.8823783393787449,8.0,0.012530282678980043,0.03359964077982913,0.046129923458809174,0.029880349930802574,2018-2020,True
201949,James Johnson,-0.4557789777840553,-0.06718040158522343,7611.0,-0.47304481445938507,0.03567501010443702,337.0,-0.01726583667532977,0.10285541168966045,0.08558957501433068,-0.5229593793692787,2018-2020,False
201950,Jrue Holiday,2.13257267106311,-2.009256953980673,15820.0,2.0988248083045047,-2.3348242374573083,751.0,-0.03374786275860542,-0.32556728347663544,-0.35931514623524086,0.12331571708243727,2018-2020,False
201952,Jeff Teague,0.1584302628041834,1.3280517621387058,10457.0,0.1345177131547995,1.3291518063767034,297.0,-0.023912549649383913,0.0011000442379975883,-0.022812505411386325,1.4864820249428892,2018-2020,False
201954,Darren Collison,1.0096433621954923,0.03611119138115826,8400.0,0.9018646606749068,-0.2700639991006204,655.0,-0.10777870152058555,-0.30617519048177866,-0.4139538920023642,1.0457545535766506,2018-2020,False
201959,Taj Gibson,-0.6228167773359135,-1.2030492389345249,11041.0,-0.6920237293645972,-1.1562185979758617,229.0,-0.06920695202868377,0.04683064095866318,-0.022376311070020583,-1.8258660162704383,2018-2020,False
201960,DeMarre Carroll,0.22242282035889135,0.12556643006349097,8673.0,0.2038217577377878,0.30705498573634016,272.0,-0.01860106262110356,0.1814885556728492,0.16288749305174563,0.3479892504223823,2018-2020,False
201961,Wayne Ellington,-0.4258145167964311,0.31763885793025515,7786.0,-0.614955041436677,0.5548181122692388,492.0,-0.1891405246402459,0.23717925433898368,0.04803872969873779,-0.10817565886617597,2018-2020,False
201967,Dante Cunningham,-1.562060648509087,-0.12907635344703966,5160.0,-1.5562010510144073,-0.16053396529464534,22.0,0.005859597494679791,-0.031457611847605677,-0.025598014352925885,-1.6911370019561267,2018-2020,True
201973,Jonas Jerebko,-0.41121161486447644,-0.18478082392386147,4761.0,-0.4062159336536444,-0.08335586080883714,379.0,0.004995681210832048,0.10142496311502433,0.10642064432585638,-0.595992438788338,2018-2020,False
201975,Jodie Meeks,0.30991054854100164,1.593498955960918,2488.0,0.21700987932032165,1.6657589008423954,148.0,-0.09290066922068,0.07225994488147736,-0.020640724339202637,1.9034095045019197,2018-2020,True
201976,Patrick Beverley,0.8968352569703535,-2.2699009995740105,7934.0,0.7796552892951035,-2.5247592655035853,754.0,-0.11717996767524996,-0.25485826592957483,-0.3720382336048248,-1.373065742603657,2018-2020,False
201980,Danny Green,0.7078922326704207,-1.6575560114436831,11613.0,1.1478114785464757,-1.9463095309759624,2589.0,0.439919245876055,-0.28875351953227923,0.15116572634377579,-0.9496637787732625,2018-2020,False
201988,Patty Mills,1.875126522439291,1.5147322532083756,11408.0,1.8096466854720812,1.5786909356957943,616.0,-0.06547983696720983,0.06395868248741876,-0.0015211544797910648,3.3898587756476664,2018-2020,False
202066,Garrett Temple,-1.9200955324269078,-0.7872170538606414,10983.0,-1.8718762775344293,-0.8005753316307916,428.0,0.04821925489247847,-0.013358277770150195,0.034860977122328274,-2.707312586287549,2018-2020,False
202083,Wesley Matthews,-0.6940114313039489,-0.6918316257220971,12112.0,-0.6919820895367732,-0.7788563962782935,741.0,0.0020293417671757297,-0.0870247705561964,-0.08499542878902067,-1.385843057026046,2018-2020,False
202322,John Wall,0.5956757196510356,-0.8996536858485047,5284.0,0.6459098628549848,-0.9946575572090548,470.0,0.050234143203949144,-0.09500387136055011,-0.04476972815660096,-0.3039779661974691,2018-2020,False
202323,Evan Turner,-2.5402107896995823,0.5986551978359985,7978.0,-2.515030607285889,0.6338362674222996,668.0,0.02518018241369324,0.03518106958630107,0.060361251999994314,-1.9415555918635836,2018-2020,False
202324,Derrick Favors,-0.6469618024712339,-1.6061781855021184,10538.0,-0.513967553914583,-1.7840179146156954,783.0,0.13299424855665087,-0.17783972911357693,-0.044845480556926054,-2.2531399879733525,2018-2020,False
202326,DeMarcus Cousins,-0.36517616192117097,-1.7752162567006327,5173.0,-0.4953547697763576,-1.7740738965411849,265.0,-0.13017860785518665,0.0011423601594477972,-0.12903624769573885,-2.1403924186218037,2018-2020,False
202327,Ekpe Udoh,-1.004695475733423,-1.7804891042920667,2298.0,-1.014638826659112,-1.729129451028366,65.0,-0.009943350925688987,0.051359653263700844,0.04141630233801186,-2.78518458002549,2018-2020,True
202328,Greg Monroe,-1.3968165549241829,1.10761568345634,3136.0,-1.4633522026901682,1.1176681170764198,402.0,-0.0665356477659853,0.010052433620079793,-0.056483214145905514,-0.2892008714678429,2018-2020,False
202329,Al-Farouq Aminu,-0.27972455433373844,-1.6764291655923633,9712.0,-0.3888397587705882,-1.51544737234397,1075.0,-0.10911520443684974,0.16098179324839323,0.05186658881154349,-1.9561537199261019,2018-2020,False
202330,Gordon Hayward,1.4581190415291732,0.1781851938306359,7551.0,1.4780990389277653,0.2580955301888447,882.0,0.01997999739859213,0.07991033635820877,0.0998903337568009,1.636304235359809,2018-2020,False
202331,Paul George,3.2429052291604528,-2.112840253766343,14980.0,3.0058900726275497,-2.3585087728095413,1903.0,-0.23701515653290306,-0.24566851904319842,-0.4826836755761015,1.1300649753941099,2018-2020,False
202334,Ed Davis,-1.5581053108072587,-1.8435736996976226,6474.0,-1.5052322560873685,-1.7808424405987795,224.0,0.05287305471989012,0.06273125909884314,0.11560431381873326,-3.401679010504881,2018-2020,False
202335,Patrick Patterson,-1.302797647868224,-0.08449807111429092,5982.0,-1.3135621626876557,-0.09174957698784933,143.0,-0.010764514819431747,-0.0072515058735584115,-0.01801602069299016,-1.3872957189825148,2018-2020,True
202337,Luke Babbitt,-0.6534566190715805,0.5934375884661784,1451.0,-0.6670316597360344,0.6139076969037557,7.0,-0.013575040664453919,0.02047010843757724,0.00689506777312332,-0.060019030605402035,2018-2020,True
202339,Eric Bledsoe,1.7431174059105439,-1.4692571970530837,13154.0,1.742287534375709,-1.4573212884202067,1846.0,-0.0008298715348349361,0.011935908632876968,0.011106037098042032,0.2738602088574602,2018-2020,False
202344,Trevor Booker,-0.7443217611924473,0.2868254622774559,2386.0,-0.6995404079950684,0.34869739126964616,113.0,0.04478135319737886,0.06187192899219024,0.1066532821895691,-0.4574962989149914,2018-2020,True
202347,Quincy Pondexter,-1.6244043354864588,0.5461041163932919,1014.0,-1.6158583731904774,0.5190891547710377,20.0,0.008545962295981369,-0.027014961622254252,-0.018468999326272884,-1.0783002190931668,2018-2020,True
202348,Jordan Crawford,-0.0838339230930773,1.3613028431801937,117.0,-0.10214471841450457,1.3824635275638384,33.0,-0.018310795321427265,0.021160684383644712,0.0028498890622174478,1.2774689200871163,2018-2020,True
202355,Hassan Whiteside,-0.6455333978262174,-2.823024950153508,10287.0,-0.746481413228745,-2.6950397250815707,382.0,-0.10094801540252751,0.12798522507193733,0.027037209669409812,-3.4685583479797257,2018-2020,False
202357,Nemanja Bjelica,1.296069540137257,-0.5306564325097638,10714.0,1.2293034323115861,-0.5314002718181635,102.0,-0.06676610782567094,-0.0007438393083997186,-0.06750994713407066,0.7654131076274933,2018-2020,True
202362,Lance Stephenson,-0.8471555199380955,2.5445297673741063,6125.0,-0.80472073620238,2.6982138917337792,279.0,0.04243478373571541,0.15368412435967294,0.19611890809538834,1.6973742474360107,2018-2020,False
202391,Jeremy Lin,-1.0014244442798517,1.0380170649411231,3171.0,-1.1097511498221377,1.1069395021054476,65.0,-0.10832670554228607,0.06892243716432445,-0.039404268377961627,0.03659262066127145,2018-2020,True
202397,Ish Smith,0.4863425691853406,1.1581138690810961,10467.0,0.3299690264472365,1.1666286581956282,169.0,-0.15637354273810405,0.008514789114532073,-0.14785875362357198,1.6444564382664368,2018-2020,True
202498,Lance Thomas,-2.6409547864557883,0.46240425275311037,4544.0,-2.648665389702502,0.4618654949197261,37.0,-0.007710603246713799,-0.0005387578333842513,-0.00824936108009805,-2.178550533702678,2018-2020,True
202681,Kyrie Irving,4.096330334293947,0.8641065438144071,9953.0,3.97567514848842,0.8349490716793596,694.0,-0.12065518580552714,-0.02915747213504749,-0.14981265794057463,4.9604368781083545,2018-2020,False
202683,Enes Kanter,0.0926420959607891,0.659184061806237,9021.0,0.26850838208545014,0.5694434154696936,1127.0,0.17586628612466104,-0.08974064633654344,0.0861256397881176,0.7518261577670261,2018-2020,False
202684,Tristan Thompson,-1.9122187436411044,0.20697977174604895,8063.0,-1.6680414699897137,0.3324738503182758,786.0,0.24417727365139075,0.12549407857222686,0.3696713522236176,-1.7052389718950556,2018-2020,False
202685,Jonas Valančiūnas,0.43668922276747113,-1.2813210248061226,9617.0,0.46306872837804763,-1.211697568759821,493.0,0.026379505610576504,0.0696234560463016,0.0960029616568781,-0.8446318020386515,2018-2020,False
202689,Kemba Walker,4.556439301202734,-0.03020899369695973,15049.0,4.685719932278712,0.19627995237277,1251.0,0.12928063107597776,0.22648894606972972,0.35576957714570745,4.526230307505775,2018-2020,False
202691,Klay Thompson,1.5681544726066097,0.09240379432593626,10700.0,1.6132057008081981,-0.2635943296090004,3246.0,0.04505122820158847,-0.3559981239349367,-0.3109468957333482,1.6605582669325458,2018-2020,False
202692,Alec Burks,-0.7333455094051677,1.2885026938513098,8555.0,-0.6748714072557653,1.369090599968161,432.0,0.05847410214940241,0.0805879061168513,0.1390620082662537,0.555157184446142,2018-2020,False
202693,Markieff Morris,-1.8409569346286312,0.9538315189130692,9051.0,-1.7695215685926562,0.43452368495233673,1253.0,0.071435366035975,-0.5193078339607324,-0.44787246792475743,-0.887125415715562,2018-2020,False
202694,Marcus Morris Sr.,-0.1732863267339425,-0.045099594138369004,11177.0,-0.09712956011387612,-0.3317723978544757,2418.0,0.07615676662006639,-0.2866728037161067,-0.21051603709604033,-0.2183859208723115,2018-2020,False
202695,Kawhi Leonard,4.597287882342737,-1.0872130524742403,8426.0,4.657468397715864,-1.3339645134995979,2903.0,0.060180515373127186,-0.2467514610253576,-0.18657094565223042,3.510074829868497,2018-2020,False
202696,Nikola Vučević,1.214740201128759,-2.3068092784527487,12728.0,1.1575848749642283,-2.266308063787559,684.0,-0.05715532616453056,0.040501214665189966,-0.016654111499340596,-1.0920690773239898,2018-2020,False
202697,Iman Shumpert,-1.0439461089084134,-0.04101794351825103,4228.0,-0.9369847588959799,0.035197198806299,226.0,0.10696135001243356,0.07621514232455003,0.18317649233698358,-1.0849640524266644,2018-2020,False
202699,Tobias Harris,0.8857201412845346,-0.048195727952609735,16374.0,0.9868195509279951,0.026198708368852783,1196.0,0.10109940964346054,0.07439443632146252,0.17549384596492307,0.8375244133319248,2018-2020,False
202700,Donatas Motiejunas,-1.7152467971949705,0.4065148506457348,27.0,-1.711848438456741,0.37649386822090153,31.0,0.003398358738229579,-0.030020982424833254,-0.026622623686603675,-1.3087319465492357,2018-2020,True
202702,Kenneth Faried,-0.9909535446710042,0.25737957343621454,2443.0,-1.0076555139922745,0.21609163253009017,119.0,-0.016701969321270327,-0.041287940906124365,-0.05798991022739469,-0.7335739712347896,2018-2020,True
202703,Nikola Mirotic,1.7702172235836133,0.49079347278419244,5842.0,1.7723730273285425,0.11131096406509072,1306.0,0.0021558037449291856,-0.3794825087191017,-0.37732670497417253,2.261010696367806,2018-2020,False
202704,Reggie Jackson,1.3777319915582042,-0.06531401372885648,8524.0,1.5180358596572923,0.1319761802707113,581.0,0.140303868099088,0.1972901939995678,0.33759406209865583,1.3124179778293477,2018-2020,False
202709,Cory Joseph,-0.5246842814549143,-0.10009700711377745,12210.0,-0.49025360196690904,-0.05624213549831874,421.0,0.03443067948800527,0.04385487161545871,0.07828555110346397,-0.6247812885686918,2018-2020,False
202710,Jimmy Butler III,3.3281996924732433,-1.696425159776854,12834.0,3.777568888477674,-1.7125510478972832,2781.0,0.4493691960044308,-0.016125888120429144,0.43324330788400167,1.6317745326963893,2018-2020,False
202711,Bojan Bogdanovic,1.490922250784778,0.7697822663664703,14436.0,1.4704559763048506,0.5156021033061937,745.0,-0.020466274479927327,-0.2541801630602766,-0.2746464375402039,2.260704517151248,2018-2020,False
202720,Jon Leuer,-2.978953277603831,0.23269744934783515,1104.0,-2.958390463795443,0.2612296907172974,10.0,0.020562813808388203,0.028532241369462252,0.049095055177850455,-2.746255828255996,2018-2020,True
202722,Davis Bertans,1.7994550613900135,-0.30007463433613213,9000.0,1.8439048984555146,-0.32957068331714195,323.0,0.0444498370655011,-0.029496048981009826,0.01495378808449127,1.4993804270538815,2018-2020,False
202732,DeAndre Liggins,-2.644535828145677,-0.5573866098372388,1447.0,-2.7157664359700338,-0.47316565019833545,33.0,-0.07123060782435697,0.0842209596389033,0.01299035181454633,-3.2019224379829154,2018-2020,True
202734,E'Twaun Moore,0.34940355295564485,0.745947484061091,10717.0,0.3460701715788508,0.46998481287380495,607.0,-0.0033333813767940645,-0.27596267118728607,-0.27929605256408013,1.0953510370167359,2018-2020,False
202954,Brad Wanamaker,0.29855774780224,0.5325186865724258,3560.0,0.25429031278366176,0.6385792862821555,599.0,-0.044267435018578216,0.1060605997097297,0.06179316469115148,0.8310764343746658,2018-2020,False
203076,Anthony Davis,2.524075553172269,-2.2080382714213553,14217.0,2.82230720145121,-2.7401362696545672,2329.0,0.29823164827894066,-0.5320979982332119,-0.23386634995427125,0.31603728175091383,2018-2020,False
203077,Michael Kidd-Gilchrist,-1.0632159549824656,-1.2257262114541423,6768.0,-1.0702096068790519,-1.2563695043196967,115.0,-0.006993651896586295,-0.03064329286555445,-0.037636944762140745,-2.288942166436608,2018-2020,True
203078,Bradley Beal,3.578295767451385,1.2077729504934827,16801.0,3.525558412183713,1.0461236413638941,439.0,-0.05273735526767176,-0.16164930912958853,-0.21438666439726028,4.786068717944867,2018-2020,False
203079,Dion Waiters,-1.0976849536946958,0.052266191945705365,4559.0,-1.0870640486559273,0.04942631259323301,78.0,0.010620905038768447,-0.0028398793524723534,0.007781025686296093,-1.0454187617489903,2018-2020,True
203081,Damian Lillard,6.047203960103527,0.40797797156901505,16619.0,5.839772544540298,0.84670545523775,1966.0,-0.20743141556322886,0.43872748366873493,0.23129606810550607,6.455181931672542,2018-2020,False
203082,Terrence Ross,-0.252494582936025,0.4349112209638366,9582.0,-0.25117701646258045,0.3302003986149907,579.0,0.0013175664734445536,-0.10471082234884593,-0.10339325587540138,0.1824166380278116,2018-2020,False
203083,Andre Drummond,-0.20518202409802277,-1.3835042042202812,14465.0,-0.27722532318425996,-1.157971532181368,265.0,-0.07204329908623719,0.22553267203891325,0.15348937295267606,-1.5886862283183039,2018-2020,False
203085,Austin Rivers,0.5386847495121094,1.801255818133569,11746.0,0.5772864078787734,1.7297983708576041,873.0,0.03860165836666396,-0.07145744727596481,-0.032855788909300854,2.3399405676456784,2018-2020,False
203086,Meyers Leonard,-0.48050511377117844,0.5034658116922106,4386.0,-0.36276424489149006,0.6235287282792666,426.0,0.11774086887968838,0.12006291658705603,0.2378037854667444,0.02296069792103217,2018-2020,False
203089,John Henson,-1.4324802713022862,-0.5151658530248566,5574.0,-1.4011888337679816,-0.4298143491332845,143.0,0.03129143753430452,0.08535150389157214,0.11664294142587667,-1.9476461243271428,2018-2020,True
203090,Maurice Harkless,-1.2762845433026164,-1.1138824273847583,8494.0,-1.304465003692113,-1.2620090056794107,895.0,-0.02818046038949662,-0.14812657829465237,-0.176307038684149,-2.3901669706873747,2018-2020,False
203092,Tyler Zeller,-1.4175564890606758,-0.4040852743554443,2458.0,-1.5063776557749686,-0.24105318305875018,124.0,-0.08882116671429285,0.1630320912966941,0.07421092458240125,-1.8216417634161202,2018-2020,True
203095,Evan Fournier,1.0638028039944531,1.0787127569064372,13251.0,0.9160771894852933,1.1250222500924458,704.0,-0.14772561450915989,0.04630949318600863,-0.10141612132315125,2.1425155609008906,2018-2020,False
203107,Tomas Satoransky,0.012856992831404679,-0.049167875723594975,11684.0,-0.021517460909179477,-0.10926044363234462,124.0,-0.034374453740584156,-0.060092567908749644,-0.0944670216493338,-0.036310882892190297,2018-2020,True
203109,Jae Crowder,-0.11375498835319829,0.28825992692206626,12791.0,-0.21648607961291694,0.2686966228515774,2235.0,-0.10273109125971865,-0.01956330407048884,-0.12229439533020749,0.17450493856886795,2018-2020,False
203110,Draymond Green,-0.5077326494179455,-2.886424461064364,11712.0,-0.1927297258966284,-3.465328573070842,3384.0,0.3150029235213171,-0.578904112006478,-0.26390118848516086,-3.3941571104823094,2018-2020,False
203114,Khris Middleton,2.6233723184804942,-0.46600521550178764,15152.0,2.828676811219277,-0.46883343372946296,2306.0,0.2053044927387826,-0.0028282182276753165,0.20247627451110728,2.1573671029787067,2018-2020,False
203115,Will Barton,-0.3361968792209201,1.127339032735181,11753.0,-0.5356483711817626,1.2526442600615864,645.0,-0.19945149196084244,0.12530522732640526,-0.07414626463443719,0.791142153514261,2018-2020,False
203118,Mike Scott,-0.5451529218048629,1.4039962219395379,8319.0,-0.4341672358232833,1.4080875259202377,708.0,0.11098568598157954,0.00409130398069979,0.11507698996227933,0.858843300134675,2018-2020,False
203121,Darius Miller,0.2769700012183527,2.1633869994503856,7845.0,0.24893730515491147,2.2308647813538083,347.0,-0.02803269606344122,0.06747778190342268,0.039445085839981464,2.4403570006687385,2018-2020,False
203124,Kyle O'Quinn,-0.5211178585793826,0.14726748425052816,4230.0,-0.5358691057511982,0.11840111502389467,16.0,-0.01475124717181553,-0.028866369226633493,-0.04361761639844902,-0.3738503743288545,2018-2020,True
203200,Justin Holiday,-0.7326995776757446,-0.5539677334366697,13830.0,-0.772948275968734,-0.5871493355485453,264.0,-0.04024869829298949,-0.0331816021118756,-0.07343030040486509,-1.2866673111124143,2018-2020,False
203210,JaMychal Green,-1.559240276647901,0.41106595796859613,8640.0,-1.5055007939676486,0.4409782726712579,760.0,0.053739482680252415,0.029912314702661758,0.08365179738291417,-1.1481743186793048,2018-2020,False
203382,Aron Baynes,-1.7080198026236497,-2.3494201954420237,6568.0,-1.8022392502364017,-2.2971834013871293,973.0,-0.09421944761275203,0.05223679405489445,-0.041982653557857574,-4.057439998065673,2018-2020,False
203457,Nerlens Noel,-2.4577290313153006,-1.6543163462317403,5473.0,-2.5128626989304528,-1.8241262427856042,336.0,-0.05513366761515215,-0.16980989655386391,-0.22494356416901606,-4.112045377547041,2018-2020,False
203460,Andre Roberson,-1.4475760569841372,-2.668960726206333,2234.0,-1.4470996865540005,-2.6338252910771627,6.0,0.00047637043013670777,0.03513543512917039,0.0356118055593071,-4.116536783190471,2018-2020,True
203463,Ben McLemore,-0.6367206050163792,1.3719277287504896,6026.0,-0.48215128560366016,1.3696957629879627,263.0,0.154569319412719,-0.002231965762526933,0.15233735365019208,0.7352071237341105,2018-2020,False
203464,Brandon Paul,-2.218694460880626,-0.0680157127700485,1179.0,-2.204410192741248,-0.05088111102880574,7.0,0.014284268139377776,0.01713460174124276,0.03141886988062054,-2.2867101736506745,2018-2020,True
203468,CJ McCollum,2.105207003025912,0.3356303659458631,16138.0,2.036031201318426,0.5942749782837173,2015.0,-0.06917580170748616,0.25864461233785424,0.18946881063036808,2.440837368971775,2018-2020,False
203471,Dennis Schröder,0.685471193808465,0.25988563077616766,13340.0,0.5345734434188205,0.2814677373526301,793.0,-0.15089775038964448,0.021582106576462423,-0.12931564381318206,0.9453568245846327,2018-2020,False
203476,Gorgui Dieng,-1.9174422356346945,-0.9135871070733774,7168.0,-1.9314003236749613,-0.9061765277164278,137.0,-0.01395808804026677,0.007410579356949665,-0.006547508683317105,-2.8310293427080717,2018-2020,True
203482,Kelly Olynyk,1.0423861656734061,-0.7573423126766854,9931.0,1.164250269737117,-0.5874161811678876,821.0,0.12186410406371095,0.16992613150879776,0.2917902355725087,0.28504385299672075,2018-2020,False
203484,Kentavious Caldwell-Pope,0.22309796357322179,1.232901998460189,13180.0,0.5339061086737299,1.026852192228185,1215.0,0.31080814510050814,-0.20604980623200397,0.10475833886850416,1.4559999620334108,2018-2020,False
203485,Lorenzo Brown,-1.8949741228826493,-0.1942063628032682,723.0,-1.9304529920623237,-0.17753584567253416,53.0,-0.035478869179674355,0.01667051713073403,-0.018808352048940324,-2.0891804856859175,2018-2020,True
203486,Mason Plumlee,-0.06664042894122224,-1.7063993714148114,8615.0,-0.2681448130398314,-1.5950872088182868,845.0,-0.20150438409860916,0.11131216259652454,-0.09019222150208461,-1.7730398003560337,2018-2020,False
203487,Michael Carter-Williams,-0.6508919487353233,-0.17648532896771962,4173.0,-0.7455579371527019,-0.2059218012287833,188.0,-0.09466598841737861,-0.02943647226106369,-0.1241024606784423,-0.8273772777030429,2018-2020,True
203488,Mike Muscala,-1.0895425416733542,-0.11128401306654623,6209.0,-1.0900903609866228,-0.07056232255043678,41.0,-0.0005478193132686382,0.04072169051610945,0.040173871202840813,-1.2008265547399004,2018-2020,True
203490,Otto Porter Jr.,1.8548475240455302,-1.1671999318731296,9144.0,1.8649469481354917,-1.3252278508859265,324.0,0.01009942408996145,-0.1580279190127969,-0.14792849492283544,0.6876475921724006,2018-2020,False
203496,Robert Covington,0.17171887740502034,-3.021469136801935,12288.0,-0.20462846885635194,-3.2322001423847775,1350.0,-0.3763473462613723,-0.21073100558284263,-0.5870783518442149,-2.8497502593969144,2018-2020,False
203497,Rudy Gobert,0.00010566747786966424,-4.163421297442236,13749.0,0.133725249566834,-4.079976025100216,1602.0,0.13361958208896432,0.08344527234201937,0.2170648544309837,-4.163315629964366,2018-2020,False
203498,Shabazz Muhammad,-1.700873668757545,1.632778775949534,837.0,-1.6860488170984755,1.6470744820432794,56.0,0.014824851659069438,0.01429570609374542,0.029120557752814857,-0.06809489280801095,2018-2020,True
203499,Shane Larkin,-1.659212986203589,0.10994386992487132,1525.0,-1.6310730027661704,0.08622844563887015,300.0,0.028139983437418525,-0.023715424286001166,0.004424559151417359,-1.5492691162787176,2018-2020,False
203500,Steven Adams,0.899970493847495,-1.0986016055194907,14228.0,0.5316825297537299,-1.0816807569145308,1167.0,-0.3682879640937651,0.016920848604959904,-0.35136711548880517,-0.19863111167199576,2018-2020,False
203501,Tim Hardaway Jr.,1.5438666840885524,0.43060076359892796,12487.0,1.4523292373709198,0.467187531880761,441.0,-0.09153744671763264,0.03658676828183305,-0.054950678435799594,1.9744674476874804,2018-2020,False
203503,Tony Snell,-0.8785212448160682,1.7881621384483488,10186.0,-0.8889105317954956,1.7255344321712953,329.0,-0.010389286979427426,-0.0626277062770535,-0.07301699325648092,0.9096408936322806,2018-2020,False
203504,Trey Burke,1.3002634380037938,2.1234194331593157,4961.0,1.3791094302821738,2.167589240654899,327.0,0.07884599227837996,0.04416980749558341,0.12301579977396337,3.4236828711631095,2018-2020,False
203506,Victor Oladipo,1.8818598473457941,-1.960310359600467,8561.0,1.9126429032849541,-2.116329306067822,738.0,0.030783055939159976,-0.15601894646735515,-0.12523589052819517,-0.07845051225467281,2018-2020,False
203507,Giannis Antetokounmpo,3.654694128825384,-3.560911451127734,14788.0,3.5689195591535894,-3.4947589617003776,2197.0,-0.08577456967179442,0.06615248942735663,-0.01962208024443779,0.09378267769764959,2018-2020,False
203512,Lucas Nogueira,-1.0965980772947912,-2.0799693776266563,842.0,-1.1290607823981051,-2.0272606441619967,47.0,-0.03246270510331395,0.05270873346465965,0.020246028361345703,-3.1765674549214475,2018-2020,True
203516,James Ennis III,-0.6632664706257657,1.5323672665622279,8319.0,-0.5606672713682247,1.5490212397584937,728.0,0.10259919925754102,0.016653973196265826,0.11925317245380684,0.8691007959364622,2018-2020,False
203518,Alex Abrines,-0.7919170251152632,0.291212364002817,3521.0,-0.7594481316308334,0.36442197103611373,226.0,0.03246889348442983,0.07320960703329671,0.10567850051772654,-0.5007046611124462,2018-2020,False
203521,Matthew Dellavedova,-1.7896885665923574,0.4729941510014206,4757.0,-1.8369620698586848,0.46891414914611257,161.0,-0.0472735032663274,-0.004080001855308046,-0.051353505121635445,-1.3166944155909368,2018-2020,True
203524,Solomon Hill,-1.001927821421986,1.0126385839113072,4609.0,-0.9314763898788769,1.1204011104961646,333.0,0.07045143154310907,0.10776252658485741,0.17821395812796648,0.010710762489321235,2018-2020,False
203526,Raul Neto,-0.09655432487606919,0.009735681296678123,3381.0,-0.20086014413898684,0.01786365937460138,251.0,-0.10430581926291765,0.008127978077923259,-0.0961778411849944,-0.08681864357939106,2018-2020,False
203530,Joffrey Lauvergne,-1.2625307205568892,1.3004946710407328,1093.0,-1.2698527002757425,1.3098030053966636,12.0,-0.007321979718853289,0.009308334355930814,0.0019863546370775254,0.0379639504838436,2018-2020,True
203546,Ian Clark,-1.1408349608555912,1.4170229760511368,5143.0,-1.2407797766465913,1.5496610739178853,412.0,-0.09994481579100012,0.13263809786674852,0.0326932820757484,0.2761880151955456,2018-2020,False
203552,Seth Curry,1.4221334695211298,0.6862146563104274,6139.0,1.6237847215985663,0.6107326585299154,1020.0,0.2016512520774365,-0.07548199778051201,0.1261692542969245,2.108348125831557,2018-2020,False
203584,Troy Daniels,-1.360785185557311,2.437513382546965,6054.0,-1.3438679702964909,2.4389320589370787,62.0,0.01691721526082013,0.0014186763901138377,0.018335891650933966,1.0767281969896538,2018-2020,True
203585,Rodney McGruder,-0.6951143719507866,-0.26401247412302586,5659.0,-0.7219954329746545,-0.2851631791073673,68.0,-0.02688106102386789,-0.021150704984341462,-0.04803176600820935,-0.9591268460738125,2018-2020,True
203613,Jonathon Simmons,-1.215558246083019,1.2305905489751987,6392.0,-1.3067193566365982,1.3118639515023531,117.0,-0.09116111055357923,0.08127340252715443,-0.009887708026424802,0.015032302892179716,2018-2020,True
203658,Norvel Pelle,-3.334383445727352,-1.1831258323066387,476.0,-3.3654582908533754,-1.184553225005562,15.0,-0.031074845126023654,-0.0014273926989232244,-0.03250223782494688,-4.517509278033991,2018-2020,True
203894,Shabazz Napier,-0.2769403425101853,-0.058257969702253026,7967.0,-0.2494384196991719,-0.06042228641294098,142.0,0.02750192281101338,-0.0021643167106879524,0.025337606100325427,-0.33519831221243834,2018-2020,True
203903,Jordan Clarkson,0.5446102631272054,2.4960939600473284,11930.0,0.669052473515373,2.3567825597279137,932.0,0.1244422103881676,-0.1393114003194147,-0.014869189931247084,3.040704223174534,2018-2020,False
203914,Gary Harris,-0.4388034451201158,0.6804828926486131,11586.0,-0.49183399982161263,0.7152937951859986,1740.0,-0.05303055470149681,0.0348109025373855,-0.01821965216411131,0.24167944752849724,2018-2020,False
203915,Spencer Dinwiddie,1.5747085450156695,0.9833560984249224,12866.0,1.5286907753590897,1.1597810834181959,284.0,-0.04601776965657978,0.17642498499327341,0.13040721533669364,2.558064643440592,2018-2020,False
203918,Rodney Hood,-0.46392844410192957,1.0071933594090068,8340.0,-0.5977153029744314,1.1488836720109954,1226.0,-0.13378685887250186,0.1416903126019886,0.007903453729486754,0.5432649153070772,2018-2020,False
203920,Khem Birch,-0.7721089224279845,0.14609203276238633,4357.0,-0.8400938161606332,-0.08642976489693899,379.0,-0.06798489373264871,-0.23252179765932532,-0.30050669139197406,-0.6260168896655981,2018-2020,False
203922,Glenn Robinson III,-0.7434678584517354,0.7288888533098372,5610.0,-0.7982634961503836,0.8438772485141924,86.0,-0.05479563769864826,0.11498839520435522,0.06019275750570696,-0.014579005141898138,2018-2020,True
203924,Jerami Grant,-0.5858828229206736,-0.42216989288852685,12772.0,-0.61986306358688,-0.2607480295369009,1908.0,-0.03398024066620642,0.16142186335162595,0.12744162268541953,-1.0080527158092005,2018-2020,False
203925,Joe Harris,0.8448055835197814,0.5917721377057843,13284.0,0.7405422449548438,0.8060094625163156,473.0,-0.10426333856493764,0.21423732481053126,0.10997398624559362,1.4365777212255657,2018-2020,False
203926,Doug McDermott,-0.2031406166596632,0.37620008897876245,9223.0,-0.23993984154403186,0.40728286737600206,163.0,-0.03679922488436865,0.031082778397239608,-0.0057164464871290455,0.17305947231909924,2018-2020,True
203932,Aaron Gordon,0.1960876987269387,-1.0217599507071164,13425.0,0.1272498387138997,-0.9395033686887329,323.0,-0.06883786001303902,0.0822565820183836,0.01341872200534458,-0.8256722519801778,2018-2020,False
203933,T.J. Warren,-0.051910834735656664,0.467786919620674,11785.0,-0.1067186904833283,0.5020207023660823,317.0,-0.054807855747671635,0.03423378274540834,-0.0205740730022633,0.4158760848850173,2018-2020,False
203935,Marcus Smart,0.0036805744672631646,-0.8796267254747003,11843.0,0.11955246160692076,-0.8887702096393207,2246.0,0.1158718871396576,-0.009143484164620408,0.10672840297503719,-0.8759461510074371,2018-2020,False
203937,Kyle Anderson,-1.4183392776977042,-1.8698684960724865,9283.0,-1.4414226745080085,-1.7424905775167998,146.0,-0.023083396810304357,0.1273779185556867,0.10429452174538234,-3.288207773770191,2018-2020,True
203943,Noah Vonleh,-1.6159985244830508,-0.5368683134726094,6126.0,-1.6285555578322783,-0.5410609501218157,6.0,-0.012557033349227531,-0.004192636649206216,-0.016749669998433747,-2.1528668379556604,2018-2020,True
203952,Andrew Wiggins,0.43041924987307223,0.8937980524471523,15259.0,0.35998042293116667,1.0048663001889004,319.0,-0.07043882694190556,0.11106824774174817,0.04062942079984261,1.3242173023202244,2018-2020,False
203953,Jabari Parker,-0.4392264926553855,1.1998908243268471,7125.0,-0.49969686431636273,1.3605379601895202,330.0,-0.06047037166097724,0.1606471358626731,0.10017676420169586,0.7606643316714616,2018-2020,False
203954,Joel Embiid,1.46102038903881,-2.6543715956644176,11625.0,1.5956434909078496,-2.832723645292953,1522.0,0.13462310186903959,-0.17835204962853535,-0.04372894775949576,-1.1933512066256076,2018-2020,False
203957,Dante Exum,-1.6359187211971338,-0.11437364630502012,2869.0,-1.6031153752904006,-0.08461871801828617,237.0,0.03280334590673317,0.029754928286733942,0.06255827419346711,-1.750292367502154,2018-2020,False
203960,JaKarr Sampson,-1.596267436140287,-0.39286378751974915,1924.0,-1.6143363074079604,-0.3706824592994387,98.0,-0.018068871267673314,0.022181328220310437,0.004112456952637122,-1.9891312236600363,2018-2020,True
203961,Eric Moreland,-2.008608316076696,-2.156738817140777,1649.0,-2.1166008375826837,-2.069961435273372,65.0,-0.1079925215059876,0.08677738186740491,-0.02121513963858268,-4.165347133217473,2018-2020,True
203962,Josh Huestis,-1.074205049909245,-0.7467058059873096,1925.0,-1.0558529992505041,-0.742780345765125,43.0,0.018352050658740904,0.003925460222184651,0.022277510880925555,-1.8209108558965545,2018-2020,True
203967,Dario Saric,0.2495617254885954,-0.0759435079915517,12423.0,0.24834967707615677,0.03413955989430732,661.0,-0.0012120484124386322,0.11008306788585902,0.10887101947342039,0.1736182174970437,2018-2020,False
203991,Clint Capela,-0.33517540442151733,-1.6257348250634893,11297.0,-0.36359489407883644,-1.7617549700442554,1673.0,-0.028419489657319108,-0.1360201449807661,-0.1644396346380852,-1.9609102294850067,2018-2020,False
203994,Jusuf Nurkić,-0.24099118587740126,-3.2643264549382467,8846.0,-0.3699591474157544,-3.0255379527800126,538.0,-0.12896796153835316,0.2387885021582341,0.10982054061988095,-3.505317640815648,2018-2020,False
203998,Bruno Caboclo,-1.1451391915882425,-0.7815214644824752,2367.0,-1.1607303945988008,-0.7874216123841292,17.0,-0.015591203010558274,-0.0059001479016540515,-0.021491350912212326,-1.9266606560707178,2018-2020,True
203999,Nikola Jokić,4.33193257388704,-1.1442278978324771,14564.0,4.445092967542821,-0.9738467264195284,2424.0,0.11316039365578057,0.17038117141294873,0.2835415650687293,3.187704676054563,2018-2020,False
204001,Kristaps Porziņģis,1.61413203339551,-1.8893663526494195,6891.0,1.6367169117799618,-1.890975429138314,208.0,0.02258487838445178,-0.001609076488894523,0.020975801895557256,-0.2752343192539095,2018-2020,False
204020,Tyler Johnson,-1.3058777576955365,0.4223033295061016,8786.0,-1.2984424071056984,0.5983883912388749,364.0,0.00743535058983813,0.17608506173277327,0.1835204123226114,-0.8835744281894349,2018-2020,False
204025,Tim Frazier,-1.5445624732316745,0.04404780827088961,4788.0,-1.5735343811274234,0.02413950453893432,102.0,-0.028971907895748883,-0.01990830373195529,-0.04888021162770417,-1.500514664960785,2018-2020,True
204028,Tarik Black,-2.371313046129882,-0.5266573141432805,1110.0,-2.39157550962911,-0.4429914272116764,33.0,-0.02026246349922811,0.08366588693160415,0.06340342343237604,-2.8979703602731623,2018-2020,True
204038,Langston Galloway,-0.24736308137111807,1.0629356266930807,8783.0,-0.3762164390865798,1.038041835919518,235.0,-0.12885335771546175,-0.024893790773562685,-0.15374714848902443,0.8155725453219627,2018-2020,False
204060,Joe Ingles,0.935626821520961,-1.1523849170168508,14879.0,1.129260284342159,-1.5505054756887056,1516.0,0.1936334628211981,-0.3981205586718548,-0.20448709585065672,-0.21675809549588976,2018-2020,False
204065,David Stockton,-1.9137687617963803,0.8824358463859189,21.0,-1.901054664307717,0.8853014990988212,11.0,0.012714097488663256,0.002865652712902289,0.015579750201565545,-1.0313329154104616,2018-2020,True
204456,T.J. McConnell,-0.220077214907415,0.31883289233504597,9435.0,-0.24415903408455827,0.2744513730464769,531.0,-0.024081819177143277,-0.04438151928856909,-0.06846333846571237,0.09875567742763097,2018-2020,False
1626144,Emmanuel Mudiay,-1.1665385534489026,1.590333169467927,7678.0,-1.1560447812898744,1.543914920012658,64.0,0.010493772159028136,-0.046418249455268956,-0.03592447729624082,0.42379461601902446,2018-2020,True
1626145,Tyus Jones,0.4918992594832604,-0.3184375715244516,8855.0,0.4676354178009732,-0.25361448538810194,104.0,-0.024263841682287235,0.06482308613634968,0.04055924445406245,0.17346168795880879,2018-2020,True
1626147,Justin Anderson,-1.3218827768714954,0.8526038167413568,2326.0,-1.3589490007971339,0.8203415602996719,130.0,-0.03706622392563852,-0.0322622564416849,-0.06932848036732342,-0.4692789601301386,2018-2020,True
1626149,Montrezl Harrell,0.9394276237024493,-0.19239509658518866,11107.0,0.6981789170383388,0.1561328294361587,845.0,-0.24124870666411047,0.34852792602134736,0.10727921935723689,0.7470325271172606,2018-2020,False
1626153,Delon Wright,0.2727361874891072,-0.3109089105599509,9633.0,0.15597453989518056,-0.18557690022946288,532.0,-0.11676164759392665,0.12533201033048802,0.008570362736561365,-0.038172723070843684,2018-2020,False
1626156,D'Angelo Russell,1.355938532577342,1.028846980719314,10812.0,1.1950037693235827,1.1890366412162554,315.0,-0.16093476325375944,0.1601896604969415,-0.0007451027568179391,2.384785513296656,2018-2020,False
1626157,Karl-Anthony Towns,4.618289853467915,-0.9159176333280984,13613.0,4.5936941280605765,-0.8315957033850575,330.0,-0.024595725407338342,0.08432192994304089,0.05972620453570254,3.7023722201398166,2018-2020,False
1626158,Richaun Holmes,-0.6619834562366488,-0.8059538303539459,6536.0,-0.6833813366544137,-0.8082278985465982,27.0,-0.021397880417764914,-0.002274068192652301,-0.023671948610417215,-1.4679372865905946,2018-2020,True
1626159,Justise Winslow,-0.6169712124882203,-1.3743650070856883,8101.0,-0.6041439342608022,-1.3461835860169304,263.0,0.012827278227418137,0.028181421068757873,0.04100869929617601,-1.9913362195739086,2018-2020,False
1626162,Kelly Oubre Jr.,-0.33010838042635715,0.997324953315195,12760.0,-0.3299231655025426,0.9372593309400065,303.0,0.0001852149238145695,-0.06006562237518853,-0.05988040745137396,0.6672165728888378,2018-2020,False
1626167,Myles Turner,-1.0471470207631017,-2.7146835251121124,11664.0,-1.1821752254413176,-2.9332544045359468,924.0,-0.13502820467821586,-0.21857087942383435,-0.3535990841020502,-3.761830545875214,2018-2020,False
1626168,Trey Lyles,-0.41526465343663366,0.4120257846357299,7737.0,-0.3880865974267715,0.43765204816277226,17.0,0.027178056009862173,0.025626263527042337,0.05280431953690451,-0.003238868800903738,2018-2020,True
1626169,Stanley Johnson,-2.667120401393093,-1.2209979608707393,6670.0,-2.6499201396412446,-1.2574640750333825,44.0,0.017200261751848522,-0.036466114162643226,-0.019265852410794704,-3.8881183622638327,2018-2020,True
1626170,Jerian Grant,-1.6119676372211593,0.3791295688896965,5482.0,-1.6179522826260726,0.33041957787572523,33.0,-0.00598464540491328,-0.04870999101397128,-0.05469463641888456,-1.2328380683314628,2018-2020,True
1626172,Kevon Looney,0.14269601562615963,-0.6235661060304089,5533.0,0.3684791578602199,-0.9388169298472335,1686.0,0.22578314223406026,-0.3152508238168247,-0.08946768158276441,-0.4808700904042492,2018-2020,False
1626177,Dakari Johnson,-1.094345437693803,-0.40138009922242013,316.0,-1.062456946963341,-0.39286463186146336,7.0,0.03188849073046218,0.008515467360956763,0.040403958091418946,-1.4957255369162232,2018-2020,True
1626178,Rondae Hollis-Jefferson,-0.5094861428541124,-0.6416012498358463,8918.0,-0.43063967843048373,-0.5398068690193101,228.0,0.07884646442362869,0.10179438081653625,0.18064084524016494,-1.1510873926899587,2018-2020,False
1626179,Terry Rozier,-1.5222592561619561,1.0895469454838551,12135.0,-1.4816684093213661,0.9622971739859724,1674.0,0.04059084684059,-0.12724977149788275,-0.08665892465729275,-0.432712310678101,2018-2020,False
1626181,Norman Powell,-0.5152587859438285,0.18860690776614958,7665.0,-0.5374308040020351,0.2901221432329437,1379.0,-0.022172018058206677,0.10151523546679414,0.07934321740858746,-0.3266518781776789,2018-2020,False
1626185,Jarell Martin,-2.569485236471274,-0.04781134524225952,3982.0,-2.5683040736197142,-0.1002406346570118,40.0,0.0011811628515596695,-0.05242928941475228,-0.05124812656319261,-2.6172965817135334,2018-2020,True
1626187,Michael Frazier II,-2.859032233567831,0.9298643950823455,324.0,-2.858115411103223,0.945498595706123,28.0,0.0009168224646076695,0.015634200623777517,0.016551023088385186,-1.9291678384854853,2018-2020,True
1626188,Quinn Cook,-0.617729345407681,1.1512696451398898,4754.0,-0.644270040979025,1.2928924101176813,796.0,-0.026540695571343975,0.14162276497779147,0.1150820694064475,0.5335402997322088,2018-2020,False
1626192,Pat Connaughton,0.3083503608726168,0.6065590883147798,8440.0,0.1474433148069425,0.5068084908285289,1180.0,-0.1609070460656743,-0.09975059748625092,-0.2606576435519252,0.9149094491873966,2018-2020,False
1626196,Josh Richardson,0.1971181473355007,-1.279038912770967,13994.0,0.22163040311473237,-0.9363438761747678,556.0,0.024512255779231662,0.34269503659619915,0.3672072923754308,-1.0819207654354663,2018-2020,False
1626202,Joe Young,-1.6273852664700639,1.815028184166808,1123.0,-1.6132098950251836,1.8265420996982353,5.0,0.014175371444880236,0.011513915531427443,0.02568928697630768,0.18764291769674402,2018-2020,True
1626203,Treveon Graham,-1.835235473259318,0.05813129837287673,5614.0,-1.7282165455183487,0.18039537914878573,169.0,0.10701892774096922,0.122264080775909,0.22928300851687822,-1.7771041748864411,2018-2020,True
1626204,Larry Nance Jr.,-0.9545699227794175,-0.7418656733454405,9552.0,-1.1118133813401794,-0.7482408975001039,595.0,-0.15724345856076183,-0.006375224154663406,-0.16361868271542523,-1.696435596124858,2018-2020,False
1626209,Mario Hezonja,-1.9642458211838796,0.9204604064071646,7705.0,-1.9870185970166017,1.0514565692458513,145.0,-0.02277277583272208,0.13099616283868665,0.10822338700596457,-1.043785414776715,2018-2020,True
1626220,Royce O'Neale,-0.08183965740592747,-0.8746307162562124,9926.0,-0.2550954556126176,-0.8667171856530722,1285.0,-0.17325579820669013,0.007913530603140151,-0.16534226760354997,-0.9564703736621398,2018-2020,False
1626224,Cedi Osman,-0.40273955726147426,0.9774602117894262,10223.0,-0.3784696976022343,1.0481371145722544,117.0,0.024269859659239945,0.07067690278282823,0.09494676244206818,0.574720654527952,2018-2020,True
1626246,Boban Marjanovic,0.0008163051329065085,-0.3238297212024017,3001.0,0.11062331826003727,-0.17588946864718977,394.0,0.10980701312713076,0.14794025255521195,0.25774726568234274,-0.3230134160694952,2018-2020,False
1626259,Malcolm Miller,-0.7762737319511683,0.9285638881524245,744.0,-0.9060911513008815,0.9861885526240962,80.0,-0.12981741934971314,0.057624664471671694,-0.07219275487804144,0.1522901562012562,2018-2020,True
1627732,Ben Simmons,1.3752722250347815,-0.637516388571679,15683.0,1.3967498848923696,-0.6790602247639954,1616.0,0.021477659857588094,-0.041543836192316386,-0.020066176334728292,0.7377558364631025,2018-2020,False
1627734,Domantas Sabonis,0.48323612902394486,-0.5469450554430695,11720.0,0.46465338705537107,-0.552930433450582,492.0,-0.01858274196857379,-0.005985378007512532,-0.024568119976086322,-0.06370892641912462,2018-2020,False
1627735,Wade Baldwin IV,-2.5252584601584047,0.702649534106554,360.0,-2.5326855372171586,0.6693214855769901,45.0,-0.007427077058753895,-0.033328048529563836,-0.04075512558831773,-1.8226089260518508,2018-2020,True
1627736,Malik Beasley,0.5489333867695485,0.9818309623531367,7647.0,0.6099285731372259,1.040246168741839,557.0,0.06099518636767742,0.058415206388702234,0.11941039275637966,1.5307643491226852,2018-2020,False
1627745,Damian Jones,-1.9055308815639176,0.33987025341286925,2900.0,-1.9459973259956433,0.33908287004525856,42.0,-0.04046644443172576,-0.0007873833676106945,-0.04125382779933645,-1.5656606281510483,2018-2020,True
1627746,Skal Labissiere,-1.887037306613934,0.9716134232423475,4073.0,-1.9236379167523365,0.9501542928566652,21.0,-0.036600610138402434,-0.021459130385682257,-0.05805974052408469,-0.9154238833715866,2018-2020,True
1627747,Caris LeVert,0.3452007916023934,0.4442420158469041,8904.0,0.33352051212488837,0.5668535592857707,613.0,-0.011680279477505051,0.12261154343886665,0.1109312639613616,0.7894428074492975,2018-2020,False
1627748,Thon Maker,-1.5616571756196334,0.44012761222003355,6008.0,-1.4837256871591011,0.439708417929711,383.0,0.07793148846053222,-0.0004191942903225554,0.07751229417020966,-1.1215295633995999,2018-2020,False
1627749,Dejounte Murray,-0.4165463533075741,-1.884490190298691,6913.0,-0.43685202557574776,-1.8602304401969685,181.0,-0.020305672268173647,0.024259750101722544,0.003954077833548897,-2.301036543606265,2018-2020,True
1627750,Jamal Murray,3.3150670176225034,0.45907019688827594,13922.0,3.5733651163781612,0.6685460156484844,2440.0,0.2582980987556578,0.20947581876020843,0.4677739175158662,3.7741372145107794,2018-2020,False
1627751,Jakob Poeltl,1.0017883887881731,-1.7319417930058423,8181.0,1.0109344412850212,-1.6474734480665725,607.0,0.009146052496848078,0.0844683449392698,0.09361439743611788,-0.7301534042176692,2018-2020,False
1627753,Zhou,-2.4809077645994932,-0.25690642011585074,264.0,-2.492742619717157,-0.2734641178624954,7.0,-0.01183485511766369,-0.016557697746644673,-0.028392552864308362,-2.737814184715344,2018-2020,True
1627759,Jaylen Brown,0.390508524878487,-0.6947668362575388,12277.0,0.36921104416440526,-0.5535111182440693,3021.0,-0.021297480714081718,0.14125571801346948,0.11995823729938776,-0.3042583113790518,2018-2020,False
1627763,Malcolm Brogdon,1.349423248517886,0.20284489549527157,10138.0,1.3976149584053839,0.38988930393632626,1084.0,0.04819170988749777,0.1870444084410547,0.23523611832855246,1.5522681440131576,2018-2020,False
1627767,Cheick Diallo,-1.5815908477864915,0.3824171038025711,4170.0,-1.655351658372497,0.4486022748484952,102.0,-0.07376081058600548,0.06618517104592408,-0.007575639540081391,-1.1991737439839203,2018-2020,True
1627774,Jake Layman,-0.9919933906674528,-0.36889266461568637,4193.0,-1.0386021483851593,-0.391407760903896,61.0,-0.04660875771770645,-0.022515096288209635,-0.06912385400591609,-1.3608860552831392,2018-2020,True
1627775,Patrick McCaw,-2.053842503427607,0.6879689589624486,4707.0,-2.0871867794964243,0.8002504788032486,145.0,-0.03334427606881718,0.11228151984080004,0.07893724377198286,-1.3658735444651584,2018-2020,True
1627777,Georges Niang,-0.11673706945284187,1.5413591234140598,3059.0,0.025480346393444847,1.3944702965033948,338.0,0.14221741584628672,-0.14688882691066496,-0.004671411064378239,1.424622053961218,2018-2020,False
1627778,Chinanu Onuaku,-3.667906528030105,0.5913785761440516,39.0,-3.6797413831477686,0.574820878397407,7.0,-0.01183485511766369,-0.016557697746644617,-0.028392552864308307,-3.076527951886053,2018-2020,True
1627783,Pascal Siakam,1.5919701708233451,-1.0132629981191712,13062.0,1.462228244061973,-0.9043359624689291,2956.0,-0.1297419267613722,0.10892703565024209,-0.020814891111130107,0.5787071727041739,2018-2020,False
1627788,Furkan Korkmaz,0.6799135493265993,0.7784703599686422,4886.0,0.706996577724747,0.7501943842614346,168.0,0.02708302839814769,-0.028275975707207635,-0.001192947309059944,1.4583839092952415,2018-2020,True
1627789,Timothe Luwawu-Cabarrot,-2.2296680242211444,0.61972537515097,4914.0,-2.1491252226301985,0.6803966526696582,281.0,0.08054280159094596,0.06067127751868817,0.14121407910963413,-1.6099426490701743,2018-2020,False
1627790,Ante Zizic,-0.8361286412809068,0.45114608092373204,3078.0,-0.8344333457625895,0.45830387183913324,46.0,0.0016952955183172636,0.0071577909154011965,0.00885308643371846,-0.38498256035717476,2018-2020,True
1627820,Tyrone Wallace,-1.713867693858493,0.590540132794624,3526.0,-1.7042312916935511,0.5828006801504303,23.0,0.00963640216494177,-0.007739452644193734,0.001896949520748037,-1.1233275610638689,2018-2020,True
1627823,Juancho Hernangomez,-0.8354522563844375,0.7274714022694,5105.0,-0.8190462192788812,0.7427991913296271,29.0,0.016406037105556326,0.015327789060227137,0.03173382616578346,-0.10798085411503755,2018-2020,True
1627824,Guerschon Yabusele,-1.4191892147127012,0.21444731758076807,1006.0,-1.4202922940200309,0.32564484295985285,129.0,-0.0011030793073296685,0.11119752537908478,0.11009444607175511,-1.204741897131933,2018-2020,True
1627826,Ivica Zubac,-1.2763920120100036,-2.5794480530438766,5763.0,-1.1313418338204213,-2.943139599130189,722.0,0.14505017818958232,-0.3636915460863124,-0.21864136789673005,-3.85584006505388,2018-2020,False
1627827,Dorian Finney-Smith,0.023205243374485207,-0.28077594632380587,9325.0,-0.029696942212213556,-0.3570568303606348,405.0,-0.05290218558669876,-0.07628088403682892,-0.12918306962352769,-0.25757070294932066,2018-2020,False
1627832,Fred VanVleet,1.1666701485675681,-0.8970812030514591,10650.0,1.1102242298813625,-0.5851541272421688,2255.0,-0.05644591868620563,0.31192707580929036,0.2554811571230847,0.269588945516109,2018-2020,False
1627846,Abdel Nader,-2.9737434887259018,0.7886041498047851,4349.0,-3.0646740930351646,0.8005154515449269,133.0,-0.09093060430926281,0.011911301740141766,-0.07901930256912104,-2.1851393389211164,2018-2020,True
1627854,Bryn Forbes,-0.2770294843538527,0.9951337835514892,10876.0,-0.32643735252834233,0.9932405951310465,510.0,-0.04940786817448961,-0.0018931884204427263,-0.05130105659493234,0.7181042991976365,2018-2020,False
1627863,Danuel House Jr.,0.34552038755946557,0.13393190129723892,6921.0,0.289364689589844,0.19404711927056995,859.0,-0.056155697969621554,0.060115217973331025,0.003959520003709471,0.4794522888567045,2018-2020,False
1627875,Marcus Georges-Hunt,-2.534049000802482,0.6718371048367211,472.0,-2.5351941494877446,0.6709247965526451,5.0,-0.0011451486852624981,-0.0009123082840759578,-0.002057456969338456,-1.862211895965761,2018-2020,True
1627884,Derrick Jones Jr.,-0.1251893227275943,0.3526061399806853,5622.0,-0.16297145816303094,0.3602669913915411,202.0,-0.037782135435436626,0.007660851410855818,-0.030121284024580808,0.22741681725309099,2018-2020,False
1627936,Alex Caruso,-0.5505839428913857,-0.7418693562819472,4772.0,-0.44977739493143765,-0.9990515912489277,1058.0,0.10080654795994803,-0.25718223496698056,-0.15637568700703253,-1.2924532991733328,2018-2020,False
1628035,Alfonzo McKinnie,-1.3689715459210556,0.9269641918769714,3479.0,-1.1782366706353482,1.1361310825474729,494.0,0.19073487528570743,0.20916689067050143,0.39990176595620885,-0.4420073540440842,2018-2020,False
1628365,Markelle Fultz,-0.47166528241212957,-0.25431187135846284,5575.0,-0.5232373755866219,-0.3585965777734763,364.0,-0.051572093174492295,-0.10428470641501347,-0.15585679958950577,-0.7259771537705924,2018-2020,False
1628369,Jayson Tatum,2.24216904069214,-1.7017601261493551,14565.0,2.2535586272126094,-1.8133230411584784,3299.0,0.011389586520469397,-0.1115629150091233,-0.1001733284886539,0.5404089145427848,2018-2020,False
1628371,Jonathan Isaac,-0.7998940677564695,-2.4881653338326597,7130.0,-0.8868596378353449,-2.548432671756119,269.0,-0.0869655700788754,-0.06026733792345951,-0.1472329080023349,-3.288059401589129,2018-2020,False
1628378,Donovan Mitchell,2.375544390202409,0.11883413156177114,15549.0,2.4650375739246253,0.016201998789583144,1729.0,0.08949318372221615,-0.102632132772188,-0.013138949049971843,2.4943785217641805,2018-2020,False
1628379,Luke Kennard,0.856447070506748,1.2699846082810589,7628.0,0.785592901040812,1.3885760325143515,276.0,-0.07085416946593592,0.11859142423329261,0.047737254767356685,2.1264316787878066,2018-2020,False
1628380,Zach Collins,-0.15536928803398098,-0.5334742415044944,5421.0,-0.25730031873316617,-0.6960153441019675,673.0,-0.10193103069918519,-0.16254110259747312,-0.2644721332966583,-0.6888435295384754,2018-2020,False
1628382,Justin Jackson,-0.8330660163577084,1.2576193870202912,8587.0,-0.871281255722693,1.2707242072785407,35.0,-0.03821523936498461,0.01310482025824955,-0.02511041910673506,0.4245533706625828,2018-2020,True
1628384,OG Anunoby,-0.33284632690794447,-1.0716185381999572,10153.0,-0.2363185946657292,-0.7079400616920412,1265.0,0.09652773224221528,0.36367847650791607,0.46020620875013135,-1.4044648651079017,2018-2020,False
1628386,Jarrett Allen,0.022673111044468675,-0.9990289743266483,11208.0,-0.09996879539960399,-0.9726331275279918,513.0,-0.12264190644407266,0.026395846798656475,-0.09624605964541619,-0.9763558632821796,2018-2020,False
1628388,T.J. Leaf,-1.5673020004624127,1.1708840830493852,2542.0,-1.5410039374499893,1.1223836201215178,24.0,0.026298063012423434,-0.04850046292786736,-0.022202399915443927,-0.39641791741302757,2018-2020,True
1628389,Bam Adebayo,0.06481161589167489,-1.3991086160365795,11456.0,0.39051230918784113,-1.5532188454933293,1521.0,0.32570069329616624,-0.1541102294567498,0.17159046383941645,-1.3342970001449046,2018-2020,False
1628390,Terrance Ferguson,-1.3105697128163085,0.05648323507089725,8172.0,-1.33202636742251,-0.007855694389070758,367.0,-0.021456654606201386,-0.06433892945996801,-0.0857955840661694,-1.2540864777454113,2018-2020,False
1628391,D.J. Wilson,-1.4396323495953212,-0.21490067280947556,2837.0,-1.477181988685417,-0.26138196195454405,92.0,-0.03754963909009579,-0.046481289145068494,-0.08403092823516428,-1.6545330224047967,2018-2020,True
1628392,Isaiah Hartenstein,-0.8365375165271391,-0.6306162819540403,1031.0,-0.8455395151039375,-0.6256679990802135,6.0,-0.009001998576798398,0.004948282873826759,-0.004053715702971639,-1.4671537984811795,2018-2020,True
1628395,Jordan Bell,-0.4749719852386486,-0.1689422849128101,3888.0,-0.280658855973443,0.018446544050791908,560.0,0.1943131292652056,0.187388828963602,0.3817019582288076,-0.6439142701514586,2018-2020,False
1628396,Tony Bradley,-0.7045775972890256,0.5991448620134314,1533.0,-0.6607199046940435,0.46441109715181794,95.0,0.04385769259498207,-0.13473376486161348,-0.09087607226663141,-0.10543273527559416,2018-2020,True
1628398,Kyle Kuzma,-0.24354105818235722,0.3282870384650699,13225.0,-0.10854639308901956,0.24003884704033646,997.0,0.13499466509333766,-0.08824819142473345,0.04674647366860421,0.08474598028271269,2018-2020,False
1628400,Semi Ojeleye,-2.077373666006011,0.15143272609496838,5611.0,-2.107719684862118,0.227293206347515,786.0,-0.030346018856107104,0.0758604802525466,0.0455144613964395,-1.9259409399110425,2018-2020,False
1628401,Derrick White,0.45466977388703417,-1.3659272550186818,7309.0,0.5411321347163965,-1.3255920245014599,407.0,0.08646236082936237,0.04033523051722199,0.12679759134658436,-0.9112574811316476,2018-2020,False
1628403,Caleb Swanigan,-3.2138599125929,0.34374280392582035,1366.0,-3.1974360991184807,0.32599706501764436,19.0,0.016423813474419457,-0.01774573890817599,-0.0013219254337565323,-2.87011710866708,2018-2020,True
1628408,PJ Dozier,-0.6571401469470837,0.18915980348245237,972.0,-0.6574421397774061,0.28719069269882713,250.0,-0.0003019928303223951,0.09803088921637476,0.09772889638605237,-0.4679803434646313,2018-2020,False
1628410,Edmond Sumner,-1.5827593964592765,0.7429301529120848,1397.0,-1.650207184035142,0.7078714667371556,85.0,-0.06744778757586545,-0.03505868617492913,-0.10250647375079458,-0.8398292435471918,2018-2020,True
1628411,Wes Iwundu,-1.8577995917370624,0.04211857022969928,6555.0,-1.874398556555578,-0.13464105762407647,289.0,-0.016598964818515638,-0.17675962785377575,-0.19335859267229139,-1.815681021507363,2018-2020,False
1628412,Frank Mason III,-1.2035544105260993,0.9950949730187092,3118.0,-1.1808039530959362,0.9955513237696679,5.0,0.02275045743016313,0.0004563507509587339,0.023206808181121863,-0.20845943750739016,2018-2020,True
1628413,Jonah Bolden,-1.5512104181067088,-0.40865294887171844,1488.0,-1.6312906172157162,-0.4194662509876631,173.0,-0.08008019910900743,-0.010813302115944667,-0.0908935012249521,-1.9598633669784271,2018-2020,True
1628414,Sindarius Thornwell,-2.050395458601859,-0.7942620077231544,3178.0,-2.049529919982906,-0.7959281429264964,26.0,0.00086553861895311,-0.001666135203342023,-0.0008005965843889129,-2.8446574663250135,2018-2020,True
1628420,Monte Morris,0.5473214420354837,0.8125343169472221,7394.0,0.39238537645364313,1.1786863783955421,1259.0,-0.1549360655818406,0.36615206144832,0.21121599586647943,1.3598557589827058,2018-2020,False
1628425,Sterling Brown,-1.5718959487351993,0.2864702530692425,5477.0,-1.535485850391011,0.27371833668618495,373.0,0.0364100983441884,-0.01275191638305756,0.023658181961130842,-1.2854256956659569,2018-2020,False
1628430,Nigel Williams-Goss,-1.582167238780373,0.5352842519833442,105.0,-1.5947682295944974,0.5307016547038454,5.0,-0.012600990814124469,-0.0045825972794987235,-0.017183588093623192,-1.0468829867970286,2018-2020,True
1628449,Chris Boucher,0.5950040192916511,-0.10669603733049882,2074.0,0.5662340325491734,-0.19379002053184033,106.0,-0.02876998674247777,-0.08709398320134151,-0.11586396994381928,0.4883079819611523,2018-2020,True
1628464,Daniel Theis,-0.8109083763011772,-1.9489981478561478,6940.0,-0.861837210308813,-1.919257225565124,1038.0,-0.050928834007635815,0.029740922291023875,-0.02118791171661194,-2.759906524157325,2018-2020,False
1628467,Maxi Kleber,-0.5052947330614204,-0.4742492008475276,9403.0,-0.6253017658285551,-0.3658218214083309,433.0,-0.12000703276713476,0.10842737943919667,-0.011579653327938089,-0.979543933908948,2018-2020,False
1628470,Torrey Craig,-0.4074679084541666,0.11398133594690485,6476.0,-0.22416029291292777,0.5330796953773977,1380.0,0.1833076155412388,0.4190983594304929,0.6024059749717317,-0.29348657250726173,2018-2020,False
1628499,Antonius Cleveland,-3.20193197180932,-0.48542542000009825,352.0,-3.2212772698207237,-0.5135099207604313,19.0,-0.0193452980114035,-0.028084500760333087,-0.04742979877173659,-3.6873573918094182,2018-2020,True
1628778,Paul Watson,-0.9467389442214376,0.3877937366960697,193.0,-0.9247467157457749,0.3834524916711027,19.0,0.021992228475662623,-0.004341245024967022,0.0176509834506956,-0.5589452075253678,2018-2020,True
1628935,Aaron Jackson,-1.605805478442722,0.941197144545252,66.0,-1.625863641021299,0.9654774282668694,30.0,-0.020058162578576955,0.02428028372161739,0.004222121143040436,-0.66460833389747,2018-2020,True
1628960,Grayson Allen,-1.0825108843752833,2.3976098808951702,2422.0,-1.1310315058319476,2.4201810187427784,32.0,-0.04852062145666425,0.022571137847608114,-0.025949483609056134,1.315098996519887,2018-2020,True
1628966,Keita Bates-Diop,-1.7800650543217247,1.709170371836233,2615.0,-1.7873948085798674,1.7417342055740144,46.0,-0.007329754258142751,0.03256383373778138,0.025234079479638627,-0.07089468248549169,2018-2020,True
1628971,Bruce Brown,-1.5074840519801327,-0.7171593839160919,6192.0,-1.5322740633168208,-0.6834118686480977,118.0,-0.024790011336688123,0.033747515267994244,0.008957503931306121,-2.2246434358962244,2018-2020,True
1628977,Hamidou Diallo,-1.9512153646813868,0.4097710577527619,2984.0,-2.001716185230111,0.43756250242166234,53.0,-0.05050082054872407,0.027791444668900434,-0.022709375879823634,-1.541444306928625,2018-2020,True
1628978,Donte DiVincenzo,0.5172680717662113,-1.1953435019791774,4224.0,0.3660270245829498,-1.1947333624070944,346.0,-0.15124104718326148,0.0006101395720830016,-0.15063090761117848,-0.6780754302129661,2018-2020,False
1628980,Jacob Evans,-2.677884272252285,0.6262845983197659,1308.0,-2.656358978131182,0.6139161157012817,38.0,0.021525294121103045,-0.012368482618484222,0.009156811502618822,-2.051599673932519,2018-2020,True
1628982,Melvin Frazier Jr.,-1.6758940330262808,0.9027344497067873,361.0,-1.6805515430224367,0.8618176412995686,34.0,-0.004657509996155884,-0.040916808407218674,-0.04557431840337456,-0.7731595833194935,2018-2020,True
1628983,Shai Gilgeous-Alexander,1.0743502766809285,0.7168710611795854,9544.0,0.8599082527639831,0.6740309157336654,950.0,-0.21444202391694545,-0.042840145445920075,-0.2572821693628655,1.791221337860514,2018-2020,False
1628988,Aaron Holiday,0.44479975271050487,0.5532505865814863,4675.0,0.43541056138622014,0.7077684974205656,173.0,-0.00938919132428473,0.1545179108390793,0.14512871951479456,0.9980503392919912,2018-2020,True
1628993,Alize Johnson,-1.505125125903866,0.20020281653991842,391.0,-1.5075829060297423,0.19230325918634214,2.0,-0.0024577801258762744,-0.00789955735357628,-0.010357337479452555,-1.3049223093639477,2018-2020,True
1629003,Shake Milton,1.017116639265873,1.8129357083916156,2202.0,1.0182304345182391,2.030616409173232,249.0,0.001113795252366101,0.2176807007816164,0.2187944960339825,2.830052347657489,2018-2020,False
1629008,Michael Porter Jr.,0.33694194966047025,0.40085137024835144,1866.0,0.4881944555416381,0.39667682982032165,896.0,0.15125250588116784,-0.004174540428029783,0.14707796545313806,0.7377933199088217,2018-2020,False
1629010,Jerome Robinson,-1.2833506748234886,0.618875930702082,2837.0,-1.236806225696377,0.672106004480722,94.0,0.04654444912711164,0.053230073778639975,0.09977452290575162,-0.6644747441214066,2018-2020,True
1629013,Landry Shamet,0.47588194515589477,1.0995487458640159,6874.0,0.4112830733771006,1.1835867761970138,878.0,-0.06459887177879414,0.08403803033299795,0.019439158554203806,1.5754306910199105,2018-2020,False
1629014,Anfernee Simons,-1.4776533435133792,2.6489882347087694,3368.0,-1.4416045314176158,2.7315385215347914,204.0,0.03604881209576338,0.08255028682602195,0.11859909892178533,1.1713348911953902,2018-2020,False
1629015,Zhaire Smith,-0.5292884265580257,0.6544705575040053,306.0,-0.5360097561212568,0.5800473315801161,13.0,-0.0067213295632311265,-0.07442322592388917,-0.0811445554871203,0.12518213094597963,2018-2020,True
1629017,Khyri Thomas,-2.0874606262757314,0.9085961902612272,521.0,-2.077282165110931,0.8831604857870092,30.0,0.010178461164800368,-0.025435704474217946,-0.015257243309417579,-1.1788644360145042,2018-2020,True
1629018,Gary Trent Jr.,1.3378657818308812,1.4721622891714183,3041.0,1.210093100464786,1.7194694530098569,334.0,-0.12777268136609532,0.24730716383843854,0.11953448247234322,2.8100280710022996,2018-2020,False
1629020,Jarred Vanderbilt,-1.4821159932171788,-0.04912597437845331,257.0,-1.4712988651928283,-0.05687615523055854,10.0,0.01081712802435053,-0.007750180852105229,0.0030669471722453018,-1.5312419675956321,2018-2020,True
1629022,Lonnie Walker IV,-0.8140345564106956,1.2999601437229824,2312.0,-0.799501976038412,1.2908648781905088,38.0,0.014532580372283554,-0.00909526553247364,0.005437314839809915,0.48592558731228686,2018-2020,True
1629029,Luka Dončić,4.170309252759461,1.553685119905662,9071.0,4.086201422158398,1.602147588910482,455.0,-0.08410783060106297,0.048462469004819875,-0.0356453615962431,5.723994372665123,2018-2020,False
1629033,Theo Pinson,-1.8607547287805652,0.3180102002847595,1216.0,-1.8124790572904566,0.3227469804998006,54.0,0.048275671490108696,0.004736780215041092,0.05301245170514979,-1.5427445284958057,2018-2020,True
1629035,Carsen Edwards,-1.722976207050095,0.7214144690382651,745.0,-1.729904632881519,0.702947805681161,8.0,-0.006928425831424168,-0.01846666335710412,-0.025395089188528286,-1.0015617380118298,2018-2020,True
1629056,Terence Davis,0.9168461953891486,0.4740949175772793,2530.0,0.9805552516085372,0.4060288869752055,186.0,0.0637090562193886,-0.06806603060207378,-0.004356974382685175,1.390941112966428,2018-2020,True
1629057,Robert Williams III,-0.6246849874185485,-1.251988685833019,1387.0,-0.593659317439295,-1.2454070243020878,334.0,0.03102566997925349,0.006581661530931093,0.03760733151018458,-1.8766736732515674,2018-2020,False
1629058,Dzanan Musa,-0.8354076827260617,0.3471812872133099,1134.0,-0.7787460941564065,0.4215595581262928,123.0,0.0566615885696552,0.07437827091298294,0.13103985948263813,-0.4882263955127518,2018-2020,True
1629066,Rodions Kurucs,-0.8599535875103242,-0.36558689870147015,4263.0,-0.9450533649701883,-0.12864582564353463,283.0,-0.08509977745986408,0.23694107305793552,0.15184129559807144,-1.2255404862117945,2018-2020,False
1629076,Tyler Cook,-1.421265574729666,0.45073387712633034,114.0,-1.4166296365120283,0.4614326965580042,6.0,0.004635938217637747,0.010698819431673834,0.015334757649311581,-0.9705316976033358,2018-2020,True
1629109,Gary Clark,-1.0173105858929614,1.115226975275462,2503.0,-1.0565732021540573,0.9680546585837855,315.0,-0.03926261626109584,-0.14717231669167652,-0.18643493295277236,0.09791638938250058,2018-2020,False
1629117,Wenyen Gabriel,-1.9925707576388327,-0.20011680594157705,500.0,-2.010148403082695,-0.1847733115195405,109.0,-0.01757764544386209,0.015343494422036558,-0.002234151021825531,-2.1926875635804097,2018-2020,True
1629121,Jaylen Adams,-1.0062359060256116,0.8903344388952454,941.0,-0.9617680950045818,0.8694931745015655,43.0,0.04446781102102981,-0.020841264393679948,0.023626546627349865,-0.1159014671303662,2018-2020,True
1629126,Deonte Burton,-3.138406462378601,0.11145839983952982,1269.0,-3.157381194276684,0.09861382656055967,16.0,-0.018974731898083075,-0.01284457327897015,-0.031819305177053225,-3.0269480625390712,2018-2020,True
1629130,Duncan Robinson,1.0314377639590764,-0.4739315606133683,4743.0,1.2786750678943313,-0.3623055546361265,1196.0,0.2472373039352549,0.11162600597724176,0.35886330991249665,0.5575062033457081,2018-2020,False
1629134,Kendrick Nunn,0.10214281213796506,0.5815219353113633,3971.0,0.06172337946222713,0.5771577920640423,485.0,-0.04041943267573792,-0.0043641432473210395,-0.04478357592305896,0.6836647474493284,2018-2020,False
1629168,BJ Johnson,-1.7862632958967888,0.93103632735193,288.0,-1.77067995563761,0.9064860176574795,8.0,0.015583340259178735,-0.02455030969445049,-0.008966969435271754,-0.8552269685448588,2018-2020,True
1629185,Chris Chiozza,-0.5286376295966934,-0.07711318049911275,931.0,-0.5620967517094645,0.044262761055679056,145.0,-0.033459122112771134,0.12137594155479181,0.08791681944202068,-0.6057508100958061,2018-2020,True
1629216,Gabe Vincent,-1.6372964761439965,0.74190944793763,167.0,-1.6347131380137563,0.74190944793763,1.0,0.0025833381302402536,0.0,0.0025833381302402536,-0.8953870282063665,2018-2020,True
1629598,Chris Clemons,-0.6824848248014035,1.461895963783967,636.0,-0.6841344312476789,1.4845955409544993,22.0,-0.0016496064462754312,0.02269957717053228,0.02104997072425685,0.7794111389825635,2018-2020,True
1629599,Amir Coffey,-1.4333477815561348,0.5195437718042255,337.0,-1.3885691037384573,0.5087980870805533,17.0,0.044778677817677526,-0.01074568472367221,0.034032993094005315,-0.9138040097519093,2018-2020,True
1629605,Tacko Fall,-2.3203815533556433,-0.37471217694194436,68.0,-2.3134839036170796,-0.38997435077262327,6.0,0.006897649738563771,-0.015262173830678905,-0.008364524092115133,-2.6950937302975877,2018-2020,True
1629611,Terance Mann,-1.5183100650172343,-0.1738422544026253,784.0,-1.5075929739149672,-0.2238378707899623,65.0,0.010717091102267151,-0.049995616387337016,-0.039278525285069865,-1.6921523194198596,2018-2020,True
1629626,Bol Bol,-0.6722019956182452,-0.10381896145197382,177.0,-0.6426084954349385,-0.11882641980469862,43.0,0.029593500183306753,-0.015007458352724795,0.014586041830581958,-0.776020957070219,2018-2020,True
1629639,Tyler Herro,0.5293108909817007,2.4587520919640555,3109.0,0.6290459266893903,2.5854450408379983,1403.0,0.0997350357076896,0.12669294887394278,0.22642798458163238,2.988062982945756,2018-2020,False
1629641,Romeo Langford,-1.4948891779326572,0.06500204802659759,773.0,-1.4501099568991023,0.030903854092403787,94.0,0.04477922103355492,-0.034098193934193805,0.010681027099361112,-1.4298871299060596,2018-2020,True
1629647,Darius Bazley,-1.7687258447800298,0.32686012595212155,2334.0,-1.8556347762335466,0.21832400163386512,256.0,-0.08690893145351675,-0.10853612431825643,-0.19544505577177318,-1.4418657188279083,2018-2020,False
1629652,Luguentz Dort,-0.4821339158119812,0.08649866538855511,1666.0,-0.609344588784468,-0.0879205345908689,367.0,-0.12721067297248678,-0.174419199979424,-0.3016298729519108,-0.39563525042342607,2018-2020,False
1629658,Jaylen Hoard,-0.5004073483293032,0.7122282087235259,219.0,-0.4462013327890105,0.7155902612522772,85.0,0.05420601554029275,0.0033620525287513248,0.057568068069044076,0.21182086039422265,2018-2020,True
1629659,Talen Horton-Tucker,-0.5186015813562035,0.458648364202325,173.0,-0.5302954381884879,0.43123483819395086,40.0,-0.01169385683228441,-0.027413526008374156,-0.03910738284065857,-0.05995321715387847,2018-2020,True
1629671,Miye Oni,-0.866191477467015,0.6212584524145564,222.0,-0.8715917102680458,0.643488440859,27.0,-0.0054002328010308576,0.022229988444443682,0.016829755643412825,-0.24493302505245862,2018-2020,True
1629680,Matisse Thybulle,-0.485070452141014,-0.7810931895342028,2670.0,-0.5360322024947897,-0.6553032183210995,147.0,-0.05096175035377565,0.1257899712131033,0.07482822085932767,-1.2661636416752169,2018-2020,True
1629682,Tremont Waters,-0.8189864212011561,0.06195295512297286,245.0,-0.830629005454494,0.04631094220803064,6.0,-0.011642584253337973,-0.015642012914942216,-0.02728459716828019,-0.7570334660781832,2018-2020,True
1629684,Grant Williams,-1.1005220893073726,-0.28444557084057914,2210.0,-1.0438674304564057,-0.38170889473327463,343.0,0.05665465885096688,-0.09726332389269549,-0.04060866504172861,-1.3849676601479517,2018-2020,False
1629714,Jarrell Brantley,-1.9376573001903057,0.017717469376485682,199.0,-1.947379938298928,0.027638886919320073,25.0,-0.009722638108622395,0.00992141754283439,0.00019877943421199584,-1.91993983081382,2018-2020,True
1629724,Vic Law,-1.977845907638072,0.818439760120809,127.0,-1.9622625673788934,0.7938894504263585,8.0,0.015583340259178735,-0.02455030969445049,-0.008966969435271754,-1.159406147517263,2018-2020,True
1629725,Jeremiah Martin,-0.04092406080675934,0.8396232288286816,213.0,-0.04171104466435135,0.8260363719175505,58.0,-0.0007869838575920093,-0.01358685691113104,-0.01437384076872305,0.7986991680219222,2018-2020,True
1629729,Josh Reaves,-1.7322685543593481,0.674395672939628,57.0,-1.7516138523707516,0.6463111721792949,19.0,-0.0193452980114035,-0.028084500760333087,-0.04742979877173659,-1.05787288141972,2018-2020,True
1629730,Rayjon Tucker,-1.1758831849579023,0.7626498633935738,340.0,-1.1770500152868577,0.775315591623543,23.0,-0.0011668303289553705,0.012665728229969253,0.011498897901013883,-0.41323332156432857,2018-2020,True
1629738,Vincent Poirier,-2.3464974708397577,-0.3143739721345571,284.0,-2.3543460068774635,-0.322364002632799,4.0,-0.007848536037705856,-0.007990030498241929,-0.015838566535947785,-2.6608714429743148,2018-2020,True
1629743,Donta Hall,-1.6757526408793086,-0.2340488790177437,276.0,-1.6709689020389962,-0.19982946478204797,45.0,0.004783738840312468,0.034219414235695744,0.03900315307600821,-1.9098015198970524,2018-2020,True
1629744,Matt Thomas,-0.34652401617720413,0.899881437750985,936.0,-0.2714336089613554,0.7868736276052595,183.0,0.07509040721584875,-0.11300781014572547,-0.03791740292987672,0.5533574215737809,2018-2020,True
1629750,Javonte Green,-1.235838678941916,0.029128966014317515,980.0,-1.2320261629330194,8.142058870963531e-05,13.0,0.003812516008896649,-0.02904754542560788,-0.02523502941671123,-1.2067097129275985,2018-2020,True
1629752,Juwan Morgan,-1.5409340195917123,0.06741904659222464,291.0,-1.3845861348351443,0.09799897614352196,171.0,0.15634788475656802,0.03057992955129732,0.18692781430786534,-1.4735149729994876,2018-2020,True
2544,LeBron James,4.446491779902348,-1.407674650127801,11471.0,4.529307963273783,-1.631823839658424,1700.0,0.0828161833714347,-0.2241491895306229,-0.1413330061591882,3.038817129774547,2021-2023,False
2546,Carmelo Anthony,0.49983931508613205,2.1374562697371275,7204.0,0.4808190882053957,2.2923718953720824,282.0,-0.019020226880736346,0.15491562563495487,0.13589539875421852,2.6372955848232595,2021-2023,False
2617,Udonis Haslem,-2.706470387946439,-0.22111300716344506,333.0,-2.72861038079488,-0.22819360499082578,7.0,-0.022139992848440926,-0.0070805978273807135,-0.02922059067582164,-2.9275833951098837,2021-2023,True
2730,Dwight Howard,-1.8590242222746627,-0.7528557055050062,4421.0,-1.9771522067283511,-0.6314601797357174,308.0,-0.11812798445368844,0.1213955257692888,0.003267541315600364,-2.611879927779669,2021-2023,False
2738,Andre Iguodala,-0.9554998363433429,-1.6346204087004756,4150.0,-0.9336607889621318,-1.5019113349669921,269.0,0.02183904738121112,0.1327090737334835,0.15454812111469463,-2.5901202450438188,2021-2023,False
2772,Trevor Ariza,-0.8024509245101148,-0.16869484024480474,2627.0,-1.0007848974369131,-0.11267722124372465,202.0,-0.19833397292679833,0.0560176190010801,-0.14231635392571823,-0.9711457647549195,2021-2023,False
101108,Chris Paul,2.9783369136314084,-1.6313466758134156,12572.0,3.0334279973518865,-1.5380154071236554,2697.0,0.05509108372047811,0.09333126868976027,0.14842235241023838,1.3469902378179928,2021-2023,False
101141,Ersan Ilyasova,-0.7066867634783227,-0.8737442137934396,295.0,-0.702419177138594,-0.8437782821741096,6.0,0.0042675863397286795,0.029965931619330033,0.03423351795905871,-1.5804309772717624,2021-2023,True
101150,Lou Williams,0.5873300203665283,1.3589727469758845,4564.0,0.5392864154963708,1.4482396878555623,545.0,-0.048043604870157464,0.08926694087967779,0.04122333600952033,1.946302767342413,2021-2023,False
200765,Rajon Rondo,-1.4814223598658374,0.06715608061654027,2989.0,-1.4714415102430887,0.24191635130617548,417.0,0.0099808496227487,0.1747602706896352,0.1847411203123839,-1.414266279249297,2021-2023,False
200768,Kyle Lowry,1.4858236556969657,-1.6940811863392453,11061.0,1.7302508643586263,-1.729354202184538,1744.0,0.24442720866166057,-0.03527301584529274,0.20915419281636782,-0.2082575306422796,2021-2023,False
200782,P.J. Tucker,-0.9934748868666936,-1.0748009809192935,10540.0,-0.8129612599148276,-1.5818309556070664,2893.0,0.180513626951866,-0.5070299746877729,-0.3265163477359069,-2.068275867785987,2021-2023,False
200794,Paul Millsap,0.041273914899702835,-1.6968814399750787,3072.0,0.084634311772225,-1.674688857933049,216.0,0.04336039687252216,0.022192582042029674,0.06555297891455183,-1.655607525075376,2021-2023,False
201142,Kevin Durant,5.1361130945812,-1.2257677387218622,10141.0,5.124910493682634,-1.0028455318345488,2274.0,-0.011202600898565507,0.22292220688731335,0.21171960598874784,3.9103453558593375,2021-2023,False
201143,Al Horford,-0.42831322936975647,-2.770788759539385,9535.0,-0.3504961699482958,-3.011290759048596,2823.0,0.07781705942146067,-0.24050199950921103,-0.16268494008775036,-3.199101988909142,2021-2023,False
201144,Mike Conley,2.8848065862546832,-1.5520514418881675,11371.0,2.870688614620938,-1.439406117069246,1049.0,-0.014117971633745174,0.11264532481892142,0.09852735318517625,1.3327551443665158,2021-2023,False
201145,Jeff Green,-1.1265646142851864,0.6790625393132979,9794.0,-1.092947759988514,0.5338815406077599,1191.0,0.03361685429667238,-0.1451809987055379,-0.11156414440886553,-0.44750207497188854,2021-2023,False
201152,Thaddeus Young,-0.36309936990951863,-0.17802958700948635,6695.0,-0.34659979307897004,-0.21300062225403513,174.0,0.01649957683054859,-0.03497103524454878,-0.01847145841400019,-0.541128956919005,2021-2023,True
201162,Jared Dudley,-1.3727631627679708,-0.8273678828605968,162.0,-1.3767505509192477,-0.8410174802686339,10.0,-0.0039873881512768605,-0.013649597408037062,-0.017636985559313922,-2.2001310456285674,2021-2023,True
201188,Marc Gasol,-1.8045334032333125,-2.5643750641305703,2024.0,-1.8800617315432218,-2.568644700902047,167.0,-0.0755283283099093,-0.004269636771476737,-0.07979796508138604,-4.368908467363883,2021-2023,True
201229,Anthony Tolliver,-1.0598346790254265,-0.8625123474869215,209.0,-1.0648978299905008,-0.860886621280524,3.0,-0.005063150965074259,0.0016257262063975597,-0.0034374247586766993,-1.9223470265123481,2021-2023,True
201565,Derrick Rose,0.17668414087417517,-0.11410467449920769,4559.0,-0.06300821862098177,-0.1793376889568834,351.0,-0.23969235949515694,-0.06523301445767571,-0.30492537395283265,0.06257946637496747,2021-2023,False
201566,Russell Westbrook,0.19509132177159894,0.7261136131909905,15349.0,0.3267853464078916,1.0090481077786713,793.0,0.13169402463629265,0.2829344945876807,0.41462851922397337,0.9212049349625895,2021-2023,False
201567,Kevin Love,0.45741085875656134,0.2689069223197038,7144.0,0.4924986564857948,0.1030814633346204,714.0,0.03508779772923343,-0.1658254589850834,-0.13073766125584999,0.7263177810762651,2021-2023,False
201568,Danilo Gallinari,1.2242205971332771,0.8141688638366728,5863.0,0.9649750920707165,0.9291689369217042,1109.0,-0.2592455050625606,0.11500007308503146,-0.14424543197752915,2.0383894609699498,2021-2023,False
201569,Eric Gordon,0.015368629918482757,0.7321067704407669,9253.0,0.014236952304283065,0.6474313991620149,311.0,-0.0011316776141996922,-0.08467537127875202,-0.08580704889295171,0.7474754003592496,2021-2023,False
201572,Brook Lopez,-0.9567195481520235,-3.404070145063689,9589.0,-1.22577462707835,-3.9253490552666728,2393.0,-0.2690550789263265,-0.5212789102029838,-0.7903339891293103,-4.360789693215713,2021-2023,False
201577,Robin Lopez,-2.2029242619829965,-0.4754823856908432,4735.0,-2.262923830540513,-0.4598732823905496,174.0,-0.059999568557516536,0.015609103300293636,-0.0443904652572229,-2.6784066476738397,2021-2023,True
201580,JaVale McGee,-2.0366741510926767,-1.4067998922552394,4532.0,-1.9672015223496786,-1.3214628944813782,333.0,0.06947262874299809,0.08533699777386117,0.15480962651685926,-3.443474043347916,2021-2023,False
201586,Serge Ibaka,-1.5988222520981443,-0.5440832658323763,4104.0,-1.5978350700495696,-0.49216120562379195,82.0,0.0009871820485747307,0.051922060208584364,0.052909242257159095,-2.1429055179305205,2021-2023,True
201587,Nicolas Batum,-0.6030251136104396,-0.7937495882580905,10258.0,-0.0977784603650439,-0.9000908488318686,1269.0,0.5052466532453957,-0.10634126057377813,0.3989053926716176,-1.3967747018685301,2021-2023,False
201588,George Hill,0.1901408613247174,-0.29691650169983674,5674.0,-0.006552372889835484,-0.23796504502773214,586.0,-0.19669323421455287,0.05895145667210461,-0.13774177754244826,-0.10677564037511936,2021-2023,False
201599,DeAndre Jordan,-2.8952776918272076,-0.6501749755126726,5049.0,-2.929393087942684,-0.5578143198891536,86.0,-0.034115396115476315,0.09236065562351892,0.0582452595080426,-3.5454526673398803,2021-2023,True
201609,Goran Dragic,0.09923245436691072,1.4837843547486753,5572.0,0.04487367631455716,1.478614494696813,408.0,-0.05435877805235356,-0.005169860051862374,-0.059528638104215936,1.583016809115586,2021-2023,False
201933,Blake Griffin,0.08999530198472977,-0.9222116701975138,5526.0,0.08787138227389332,-1.0368278741690322,687.0,-0.002123919710836447,-0.1146162039715184,-0.11674012368235484,-0.8322163682127841,2021-2023,False
201935,James Harden,3.9588474240760143,0.5460320073274856,12429.0,3.979240566627736,0.7088876715512775,2326.0,0.020393142551721866,0.16285566422379194,0.1832488067755138,4.5048794314035,2021-2023,False
201937,Ricky Rubio,-1.050229356767691,-0.7720150966190051,6882.0,-1.1045197252062215,-0.8280870245722919,33.0,-0.05429036843853052,-0.05607192795328675,-0.11036229639181727,-1.8222444533866962,2021-2023,True
201939,Stephen Curry,6.413510432160206,-0.1269424159714222,13443.0,6.5853089892350996,-0.10187539287308843,2611.0,0.17179855707489367,0.025067023098333766,0.19686558017322742,6.286568016188784,2021-2023,False
201942,DeMar DeRozan,1.8106332084252261,0.5827786834991964,15313.0,1.6692987340208805,0.48541058191832526,424.0,-0.14133447440434566,-0.09736810158087111,-0.23870257598521677,2.3934118919244227,2021-2023,False
201950,Jrue Holiday,4.271547529491301,-1.7762229864229226,13232.0,4.111789600900929,-2.04130713663716,3177.0,-0.15975792859037163,-0.26508415021423737,-0.424842078804609,2.495324543068378,2021-2023,False
201952,Jeff Teague,-0.12883106245809878,0.1454683538458631,1973.0,-0.1635810379657559,0.19115355496363698,236.0,-0.03474997550765713,0.04568520111777388,0.010935225610116756,0.01663729138776432,2021-2023,False
201959,Taj Gibson,-1.3386095048887892,-1.6319267487103128,4709.0,-1.4200834035682781,-1.6474583854856168,265.0,-0.08147389867948895,-0.015531636775304003,-0.09700553545479296,-2.970536253599102,2021-2023,False
201976,Patrick Beverley,0.13063077344607596,-1.3053166896812374,8406.0,0.1333736431960128,-1.6979668640706926,1029.0,0.0027428697499368437,-0.39265017438945526,-0.3899073046395184,-1.1746859162351615,2021-2023,False
201980,Danny Green,0.48064823192234507,-1.3223411406959242,7027.0,0.6570067022309982,-1.2512696396775598,1095.0,0.17635847030865315,0.07107150101836446,0.2474299713270176,-0.8416929087735792,2021-2023,False
201988,Patty Mills,-0.3395038955888712,1.7840236525821918,9526.0,-0.2990454834048741,1.8359086511985783,157.0,0.040458412183997094,0.05188499861638651,0.09234341080038361,1.4445197569933206,2021-2023,True
202066,Garrett Temple,-1.9804640519956611,0.016006010149996586,5785.0,-1.971018894394055,0.03173478837655175,6.0,0.009445157601606136,0.015728778226555162,0.025173935828161298,-1.9644580418456645,2021-2023,True
202083,Wesley Matthews,-0.5850026554777004,-0.019241993374355518,6143.0,-0.7721541724267384,-0.12639147776214005,1014.0,-0.1871515169490381,-0.10714948438778453,-0.29430100133682263,-0.6042446488520559,2021-2023,False
202324,Derrick Favors,-2.411804879189033,-1.1148788723796001,3440.0,-2.309261183583489,-1.0525364216315587,296.0,0.1025436956055441,0.062342450748041456,0.16488614635358556,-3.5266837515686333,2021-2023,False
202326,DeMarcus Cousins,-0.2580425617729907,-1.7203769330481842,2949.0,-0.16134509927643975,-1.5564148009393124,229.0,0.09669746249655092,0.16396213210887178,0.2606595946054227,-1.9784194948211749,2021-2023,False
202328,Greg Monroe,-0.3987992962122877,-0.20246447501413412,399.0,-0.4147454664104905,-0.21482304881115222,14.0,-0.01594617019820277,-0.012358573797018102,-0.02830474399522087,-0.6012637712264218,2021-2023,True
202331,Paul George,2.6511066294321877,-2.8187362333392505,9766.0,2.974711542026485,-3.042592631437273,1501.0,0.32360491259429747,-0.2238563980980226,0.09974851449627486,-0.16762960390706283,2021-2023,False
202355,Hassan Whiteside,-0.7334298821639951,-1.2416421457411149,3485.0,-0.7758683033448612,-1.2455940100647656,116.0,-0.04243842118086616,-0.003951864323650689,-0.04639028550451685,-1.97507202790511,2021-2023,True
202357,Nemanja Bjelica,0.04898498705819687,0.07109396918968647,3545.0,-0.04768020916949135,0.12996415558720492,358.0,-0.09666519622768822,0.058870186397518454,-0.03779500983016977,0.12007895624788334,2021-2023,False
202397,Ish Smith,-0.3425094285709651,0.19183603999931803,5119.0,-0.3833918796356657,0.21186916058063282,264.0,-0.040882451064700565,0.02003312058131479,-0.020849330483385775,-0.15067338857164708,2021-2023,False
202681,Kyrie Irving,5.042886815326131,0.45865604617117794,10700.0,5.19987745403481,0.4608503887277726,992.0,0.15699063870867835,0.002194342556594675,0.15918498126527303,5.50154286149731,2021-2023,False
202683,Enes Freedom,0.08693606576769919,0.0877823565455466,4362.0,0.07677782394496976,0.19747528777363654,104.0,-0.010158241822729425,0.10969293122808994,0.09953468940536052,0.1747184223132458,2021-2023,True
202684,Tristan Thompson,-1.3773163966000694,-0.34646844108445785,4447.0,-1.4778094547364153,-0.23573982940910354,400.0,-0.1004930581363459,0.1107286116753543,0.010235553539008402,-1.7237848376845273,2021-2023,False
202685,Jonas Valančiūnas,-0.2571515408038395,-0.8274143871369692,12111.0,-0.07987563789480459,-0.4816688365691495,670.0,0.17727590290903492,0.34574555056781975,0.5230214534768547,-1.0845659279408086,2021-2023,False
202687,Bismack Biyombo,-3.203371626904933,-1.7809049957121088,5513.0,-3.176585270145626,-1.658795466118333,330.0,0.026786356759306962,0.12210952959377575,0.1488958863530827,-4.984276622617042,2021-2023,False
202689,Kemba Walker,0.8618351708888433,0.36122077597962626,4992.0,0.8165662450545865,0.41903966559894923,185.0,-0.04526892583425679,0.057818889619322966,0.012549963785066176,1.2230559468684696,2021-2023,True
202691,Klay Thompson,1.31719657745401,0.22096780996090282,6806.0,1.3046553769906066,0.08708943283826695,2582.0,-0.012541200463403346,-0.13387837712263587,-0.1464195775860392,1.5381643874149127,2021-2023,False
202692,Alec Burks,0.9152330422405759,0.7974855239116057,9487.0,0.8961593114148237,0.65169929567537,247.0,-0.019073730825752144,-0.14578622823623566,-0.1648599590619878,1.7127185661521815,2021-2023,False
202693,Markieff Morris,-1.6279092710552843,-0.07209592537855702,3824.0,-1.6996847575767666,-0.03268190342213441,79.0,-0.07177548652148236,0.039414021956422615,-0.03236146456505974,-1.7000051964338412,2021-2023,True
202694,Marcus Morris Sr.,0.06877510482531746,1.6120786566121061,9841.0,-0.10007807611745112,1.309280182283398,1327.0,-0.16885318094276858,-0.3027984743287082,-0.4716516552714768,1.6808537614374237,2021-2023,False
202695,Kawhi Leonard,6.2709764528965435,-1.2878957317478807,7111.0,6.326065208314823,-1.4580288882748649,1007.0,0.05508875541827951,-0.17013315652698413,-0.11504440110870462,4.983080721148663,2021-2023,False
202696,Nikola Vučević,-0.6667762010616931,-1.3587470910787718,15287.0,-0.8011186789877771,-1.4803449592625828,374.0,-0.134342477926084,-0.12159786818381102,-0.255940346109895,-2.025523292140465,2021-2023,False
202699,Tobias Harris,-0.1730625566634338,-0.7047112661336348,14021.0,-0.14355453285230566,-0.5374993146669805,2521.0,0.02950802381112813,0.16721195146665424,0.19671997527778237,-0.8777738227970686,2021-2023,False
202704,Reggie Jackson,0.15861519571323124,-0.3772704973965679,11184.0,0.570258860537963,-0.41550213261268537,1238.0,0.4116436648247318,-0.03823163521611744,0.37341202960861436,-0.2186553016833367,2021-2023,False
202710,Jimmy Butler III,3.2610834446206907,-1.6563712309221876,11613.0,3.3287495664993805,-1.3092893969367552,3267.0,0.06766612187868981,0.34708183398543246,0.4147479558641223,1.604712213698503,2021-2023,False
202711,Bojan Bogdanovic,1.802113543546316,1.358188730238242,12769.0,1.985878807032497,1.6729260637442067,1186.0,0.18376526348618105,0.31473733350596467,0.4985025969921457,3.1603022737845583,2021-2023,False
202722,Davis Bertans,0.34232375629626477,1.0698983271962685,5840.0,0.40726138864191547,1.0800681821855866,612.0,0.0649376323456507,0.010169854989318106,0.0751074873349688,1.4122220834925332,2021-2023,False
202734,E'Twaun Moore,-0.9589583997844869,0.31491691189728255,805.0,-1.0193014316813442,0.2745813716731114,97.0,-0.0603430318968573,-0.04033554022417113,-0.10067857212102843,-0.6440414878872044,2021-2023,True
203076,Anthony Davis,0.35833263748500577,-2.4556442612924334,9322.0,0.48944928869489535,-2.7630041565485963,1529.0,0.13111665120988958,-0.3073598952561629,-0.17624324404627334,-2.0973116238074274,2021-2023,False
203078,Bradley Beal,2.815654089583972,0.29584861551575753,10997.0,2.8773192505602614,0.6120962437213932,419.0,0.06166516097628927,0.3162476282056356,0.3779127891819249,3.1115027050997295,2021-2023,False
203081,Damian Lillard,5.716497869144977,1.2748806271599844,11472.0,5.881595554447544,1.2093820000079931,493.0,0.16509768530256697,-0.06549862715199128,0.09959905815057568,6.991378496304961,2021-2023,False
203082,Terrence Ross,-1.2262313819169424,2.595476397350866,8537.0,-1.2208203529460082,2.5970774864742188,146.0,0.005411028970934151,0.0016010891233526614,0.007012118094286812,1.3692450154339237,2021-2023,True
203083,Andre Drummond,-1.567551717402799,-1.8729801428847308,7127.0,-1.6594887889113283,-1.8060113382119116,325.0,-0.09193707150852926,0.06696880467281918,-0.024968266835710073,-3.44053186028753,2021-2023,False
203084,Harrison Barnes,0.5426252400067593,0.3664368229549284,15279.0,0.37502280033331636,0.4001337229390597,430.0,-0.1676024396734429,0.03369689998413128,-0.13390553968931163,0.9090620629616877,2021-2023,False
203085,Austin Rivers,-0.6555011002978334,1.3597399705614879,6818.0,-0.8812653557697787,1.453177156603354,937.0,-0.22576425547194534,0.09343718604186613,-0.1323270694300792,0.7042388702636545,2021-2023,False
203086,Meyers Leonard,-1.5721682292756538,0.07693379642137613,297.0,-1.5659957809874203,0.07682331118397742,10.0,0.00617244828823349,-0.0001104852373987053,0.006061963050834784,-1.4952344328542777,2021-2023,True
203095,Evan Fournier,-0.21822042742357256,0.7407158876763794,8326.0,-0.09253430805076102,0.9249142039397957,331.0,0.12568611937281154,0.18419831626341632,0.30988443563622786,0.5224954602528069,2021-2023,False
203109,Jae Crowder,-0.2544925566296885,-2.137105648265833,7983.0,-0.07763838465305087,-2.1503472199039426,2274.0,0.17685417197663764,-0.013241571638109573,0.16361260033852806,-2.3915982048955216,2021-2023,False
203110,Draymond Green,-0.1392631596926278,-3.1949529094778395,11909.0,0.020501804958958925,-3.3678175959954637,2179.0,0.15976496465158674,-0.1728646865176242,-0.013099721866037473,-3.334216069170467,2021-2023,False
203114,Khris Middleton,2.0152199430625246,-0.49575820889036126,11011.0,1.885322462014919,-0.8509266812370481,2360.0,-0.12989748104760568,-0.3551684723466868,-0.4850659533942925,1.5194617341721632,2021-2023,False
203115,Will Barton,-1.3892590723883895,0.3913071854237786,10152.0,-1.3856813922645872,0.38703680827522335,522.0,0.0035776801238023292,-0.004270377148555271,-0.0006926970247529418,-0.9979518869646109,2021-2023,False
203118,Mike Scott,-1.6675155039668146,-0.42823377189889406,1766.0,-1.677911426335907,-0.44384463953727304,71.0,-0.01039592236909237,-0.015610867638378989,-0.02600679000747136,-2.0957492758657086,2021-2023,True
203210,JaMychal Green,-1.3853750496579162,-0.17532792401009156,6123.0,-1.347523534873604,-0.07520777438077667,590.0,0.037851514784312146,0.1001201496293149,0.13797166441362704,-1.5607029736680078,2021-2023,False
203457,Nerlens Noel,-2.6423577226713397,-1.7289140171448178,4607.0,-2.77390248370091,-1.835263645132157,185.0,-0.13154476102957036,-0.10634962798733905,-0.2378943890169094,-4.371271739816158,2021-2023,True
203458,Alex Len,-3.239787739924416,-1.816959299998967,3784.0,-3.167207196578038,-1.6198554502177214,201.0,0.07258054334637798,0.19710384978124562,0.2696843931276236,-5.056747039923383,2021-2023,False
203463,Ben McLemore,-1.6646382498963055,2.099081677010413,4564.0,-1.7031534923455982,2.1708055931450754,72.0,-0.03851524244929272,0.07172391613466234,0.033208673685369616,0.43444342711410755,2021-2023,True
203468,CJ McCollum,2.5943197875709814,1.5565892134810668,13023.0,2.779397894750043,1.6671244861824142,923.0,0.18507810717906148,0.11053527270134733,0.2956133798804088,4.150909001052048,2021-2023,False
203469,Cody Zeller,-0.9198582398018098,0.16153332642847185,3218.0,-0.8491841894116976,0.36169085964273046,345.0,0.07067405039011221,0.2001575332142586,0.2708315836043708,-0.758324913373338,2021-2023,False
203471,Dennis Schröder,-0.24959181700504063,0.13348828018560405,11814.0,-0.2956305633375166,-0.12255415253957369,1237.0,-0.046038746332475955,-0.25604243272517774,-0.3020811790576537,-0.11610353681943658,2021-2023,False
203473,Dewayne Dedmon,-1.6158468672650055,-0.5833079920725297,3419.0,-1.58003381131393,-0.5022411115017916,395.0,0.03581305595107542,0.08106688057073808,0.1168799365218135,-2.1991548593375354,2021-2023,False
203476,Gorgui Dieng,-1.7413650525062778,-0.08095942783892485,2651.0,-1.732954880717901,-0.05771064012719873,24.0,0.008410171788376886,0.023248787711726115,0.031658959500103,-1.8223244803452028,2021-2023,True
203484,Kentavious Caldwell-Pope,-0.06843223184735736,-0.31704995447610257,13545.0,-0.018871646902683066,-0.47258854423612784,1606.0,0.049560584944674295,-0.15553858976002527,-0.10597800481535097,-0.38548218632345993,2021-2023,False
203486,Mason Plumlee,-0.32370007289582714,-0.9577925806965877,10984.0,-0.1874920022003199,-0.9340652486006592,185.0,0.13620807069550725,0.023727332095928477,0.15993540279143573,-1.281492653592415,2021-2023,True
203488,Mike Muscala,0.10589636231386823,-0.5401204087904782,4618.0,0.17473074092809626,-0.5745648133533123,45.0,0.06883437861422803,-0.03444440456283415,0.03438997405139388,-0.43422404647660995,2021-2023,True
203490,Otto Porter Jr.,-0.44524254629575355,-0.8112012124347026,4447.0,-0.16252422989989251,-1.0352496225676897,743.0,0.28271831639586104,-0.22404841013298715,0.05866990626287388,-1.2564437587304562,2021-2023,False
203493,Reggie Bullock Jr.,-0.35033264324248076,0.25338832068418365,12331.0,-0.3315497563058088,0.09994516872602041,1661.0,0.01878288693667196,-0.15344315195816324,-0.13466026502149128,-0.0969443225582971,2021-2023,False
203496,Robert Covington,0.07391160488663628,-2.4802336855121254,10173.0,0.20631654520172726,-2.514026766904283,465.0,0.13240494031509098,-0.03379308139215764,0.09861185892293334,-2.4063220806254892,2021-2023,False
203497,Rudy Gobert,-0.7754611387954151,-3.6378467732956663,13185.0,-0.6078683028495897,-3.338014752027052,1467.0,0.1675928359458254,0.2998320212686143,0.4674248572144397,-4.413307912091081,2021-2023,False
203500,Steven Adams,1.2334005072032843,-1.8748057511708422,9696.0,1.3280860057684187,-1.8158285787648556,239.0,0.09468549856513442,0.058977172405986655,0.15366267097112107,-0.6414052439675579,2021-2023,False
203501,Tim Hardaway Jr.,0.34829420187071536,0.7242784955206352,10790.0,0.43416202192343134,0.7424023482439346,504.0,0.08586782005271598,0.018123852723299416,0.1039916727760154,1.0725726973913505,2021-2023,False
203503,Tony Snell,-1.654574412826671,0.39075852168234454,3658.0,-1.7407305089388079,0.5133856563203272,136.0,-0.08615609611213682,0.12262713463798264,0.03647103852584582,-1.2638158911443265,2021-2023,True
203504,Trey Burke,-0.6068788646157184,1.908661607311152,2740.0,-0.6672301074480004,1.8548873619623247,112.0,-0.06035124283228199,-0.05377424534882724,-0.11412548818110924,1.3017827426954336,2021-2023,True
203506,Victor Oladipo,-0.7542648142496371,-0.6343321218860416,4811.0,-0.691739015748773,-0.9030969756931995,825.0,0.06252579850086415,-0.26876485380715787,-0.20623905530629372,-1.3885969361356787,2021-2023,False
203507,Giannis Antetokounmpo,3.1253091590214908,-1.8241722665275457,13208.0,2.7500239515192564,-2.249396665645362,2729.0,-0.3752852075022344,-0.4252243991178162,-0.8005096066200506,1.301136892493945,2021-2023,False
203524,Solomon Hill,-0.7372255397023844,0.3852277799491186,3367.0,-0.8957483506537545,0.39015158373044906,301.0,-0.1585228109513701,0.004923803781330449,-0.15359900717003966,-0.35199775975326575,2021-2023,False
203526,Raul Neto,-0.044416085388193194,0.1906917571803334,6812.0,-0.07803891915523926,0.27382867146072926,257.0,-0.03362283376704607,0.08313691428039585,0.04951408051334978,0.1462756717921402,2021-2023,False
203552,Seth Curry,0.7283233422609474,0.43519152296550745,10091.0,0.9315275197159968,0.5573393896449557,1138.0,0.20320417745504937,0.12214786667944821,0.3253520441344976,1.1635148652264549,2021-2023,False
203648,Thanasis Antetokounmpo,-1.7503824039225104,-0.03265561661909633,2622.0,-1.7795576218739888,-0.050098859943744176,156.0,-0.02917521795147837,-0.017443243324647847,-0.04661846127612622,-1.7830380205416068,2021-2023,True
203897,Zach LaVine,2.351970997278429,1.0853354618508004,14661.0,2.2111503593835837,1.0677117629334194,314.0,-0.1408206378948451,-0.017623698917381025,-0.15844433681222614,3.4373064591292293,2021-2023,False
203901,Elfrid Payton,-1.4565995669670813,0.16558741653454684,4091.0,-1.4502591153099236,0.12984711572963983,46.0,0.006340451657157686,-0.035740300804907005,-0.02939984914774932,-1.2910121504325345,2021-2023,True
203903,Jordan Clarkson,2.264096904936281,1.1644336814099512,12212.0,2.22568949808133,1.3548048194098388,924.0,-0.03840740685495092,0.19037113799988759,0.15196373114493666,3.4285305863462323,2021-2023,False
203915,Spencer Dinwiddie,0.14240056945193558,-0.06887662043386356,9474.0,0.20418653444223164,-0.1358638767399012,1269.0,0.061785964990296066,-0.06698725630603763,-0.0052012913157415686,0.07352394901807202,2021-2023,False
203917,Nik Stauskas,-1.505965250302878,0.9201378950488481,84.0,-1.489957154327257,0.9144189728658678,46.0,0.01600809597562103,-0.005718922182980313,0.010289173792640716,-0.5858273552540298,2021-2023,True
203920,Khem Birch,-0.8025293192975798,-0.4987716450516469,5406.0,-0.7781001769247463,-0.5592778152123387,118.0,0.024429142372833446,-0.06050617016069176,-0.03607702778785832,-1.3013009643492266,2021-2023,True
203925,Joe Harris,-0.07866267505928953,0.40970518735124317,8445.0,-0.049493415466708345,0.34623390963627054,940.0,0.02916925959258119,-0.06347127771497263,-0.03430201812239144,0.33104251229195364,2021-2023,False
203932,Aaron Gordon,1.1644395526529119,-0.22776341150792928,11882.0,1.3069647016309487,-0.5790437800698574,2331.0,0.1425251489780368,-0.35128036856192807,-0.20875521958389126,0.9366761411449827,2021-2023,False
203933,T.J. Warren,-1.091505577770248,0.5449571555271578,1690.0,-1.0783156818120874,0.5060509475042944,163.0,0.013189895958160669,-0.03890620802286349,-0.025716312064702818,-0.5465484222430902,2021-2023,True
203935,Marcus Smart,0.6936385311673515,-1.51981712937265,12021.0,0.7774121964926288,-1.5544891074589309,3242.0,0.0837736653252773,-0.034671978086280975,0.04910168723899633,-0.8261785982052984,2021-2023,False
203937,Kyle Anderson,-0.7943179552618612,-0.6756351763824515,11149.0,-0.7946642881679563,-0.49281209301662365,979.0,-0.0003463329060950926,0.18282308336582787,0.18247675045973277,-1.4699531316443126,2021-2023,False
203939,Dwight Powell,0.05239400614392331,-1.601545974980104,8283.0,0.07115280083836312,-1.7379650416014647,552.0,0.018758794694439807,-0.13641906662136072,-0.11766027192692091,-1.5491519688361808,2021-2023,False
203944,Julius Randle,1.2255849893091124,0.6506200287686663,16014.0,1.0386539745575323,0.7154321118681156,985.0,-0.18693101475158014,0.0648120830994493,-0.12211893165213084,1.8762050180777787,2021-2023,False
203952,Andrew Wiggins,-1.2791144934002645,-1.4862495214997749,12289.0,-1.0704464031527081,-1.810110030119663,2478.0,0.2086680902475564,-0.32386050861988824,-0.11519241837233185,-2.7653640149000394,2021-2023,False
203953,Jabari Parker,-2.1466193017354835,0.4859331558285572,562.0,-2.112851929163197,0.31054122519487737,120.0,0.03376737257228646,-0.1753919306336798,-0.14162455806139335,-1.6606861459069264,2021-2023,True
203954,Joel Embiid,3.283790377947753,-2.032231519094787,12446.0,3.418539686957615,-2.2715464281977296,2119.0,0.13474930900986193,-0.2393149091029425,-0.10456560009308058,1.2515588588529658,2021-2023,False
203967,Dario Saric,0.003069562823672878,0.2874556759404173,3440.0,0.034933853533486325,0.3362513343080148,285.0,0.03186429070981345,0.04879565836759747,0.08065994907741092,0.2905252387640902,2021-2023,False
203991,Clint Capela,-0.2788487205819479,-2.097402113776474,11668.0,-0.3824327432063861,-2.379009968625461,1528.0,-0.10358402262443822,-0.2816078548489873,-0.38519187747342554,-2.3762508343584217,2021-2023,False
203992,Bogdan Bogdanović,1.9792424957357486,0.7167989542448164,9544.0,1.9904898419436226,0.3502837172926475,1716.0,0.011247346207873932,-0.3665152369521689,-0.355267890744295,2.696041449980565,2021-2023,False
203994,Jusuf Nurkić,-1.092335549769649,-3.4690820006948875,7872.0,-0.9544770197504504,-3.640509804480914,344.0,0.13785853001919857,-0.17142780378602662,-0.033569273766828056,-4.561417550464537,2021-2023,False
203999,Nikola Jokić,6.613682558662155,-1.733483348789469,14897.0,6.581576322271329,-1.9575641823194465,2620.0,-0.03210623639082577,-0.22408083352997754,-0.2561870699208033,4.880199209872686,2021-2023,False
204001,Kristaps Porziņģis,1.5505661886401385,-1.310857455440946,9979.0,1.6472362605396298,-1.3237894911439574,449.0,0.09667007189949128,-0.01293203570301138,0.0837380361964799,0.2397087331991925,2021-2023,False
204020,Tyler Johnson,-0.6329914999403324,1.1299408806652618,1600.0,-0.638459633071081,1.175945970399892,140.0,-0.005468133130748565,0.046005089734630245,0.04053695660388168,0.49694938072492933,2021-2023,True
204038,Langston Galloway,-0.9577697354635023,0.7951327860699358,1130.0,-0.9604885152621465,0.812658067641809,32.0,-0.002718779798644211,0.017525281571873275,0.014806501773229064,-0.16263694939356654,2021-2023,True
204060,Joe Ingles,1.0816133446704397,-0.35947678320000065,8344.0,1.2013457134733914,-0.125044064447741,809.0,0.11973236880295168,0.23443271875225966,0.35416508755521137,0.722136561470439,2021-2023,False
1626145,Tyus Jones,0.5343973914294291,0.9193673494630087,9784.0,0.33938993180391674,0.908808471327511,892.0,-0.19500745962551236,-0.010558878135497718,-0.20556633776101008,1.4537647408924377,2021-2023,False
1626149,Montrezl Harrell,0.23753248665262822,0.5556596518842933,7962.0,0.15061096918602643,0.5603078770064263,92.0,-0.08692151746660179,0.004648225122132921,-0.08227329234446887,0.7931921385369216,2021-2023,True
1626153,Delon Wright,0.5896175230795581,-1.2011276293899493,8942.0,0.6221617714798727,-1.0358892926364722,265.0,0.03254424840031467,0.1652383367534771,0.19778258515379177,-0.6115101063103913,2021-2023,False
1626156,D'Angelo Russell,1.2714978635260175,1.2134642997941856,11669.0,1.3014064867816526,0.9918865986333721,1385.0,0.029908623255635147,-0.22157770116081343,-0.1916690779051783,2.484962163320203,2021-2023,False
1626157,Karl-Anthony Towns,2.687032407956154,-1.000842574819253,10720.0,2.6400104696757314,-0.9692870691804445,812.0,-0.04702193828042267,0.0315555056388086,-0.01546643264161407,1.686189833136901,2021-2023,False
1626159,Justise Winslow,-1.727908690607321,-1.065754257034137,4293.0,-1.74034930212646,-1.1007531129045922,6.0,-0.012440611519138889,-0.03499885587045526,-0.04743946738959415,-2.793662947641458,2021-2023,True
1626161,Willie Cauley-Stein,-1.8649206516556265,-1.1830222647224213,2202.0,-1.9498996847249819,-1.1282862013929031,124.0,-0.08497903306935539,0.05473606332951819,-0.0302429697398372,-3.047942916378048,2021-2023,True
1626163,Frank Kaminsky,-0.8088305703711663,0.23995010785521514,2299.0,-0.8476899011041235,0.16151445683338594,139.0,-0.03885933073295711,-0.0784356510218292,-0.11729498175478631,-0.5688804625159511,2021-2023,True
1626164,Devin Booker,4.737086095932904,1.333326537175593,13247.0,4.730536742739995,1.2407427829320428,3415.0,-0.00654935319290928,-0.09258375424355014,-0.09913310743645942,6.070412633108496,2021-2023,False
1626166,Cameron Payne,0.5221978419900988,-0.2729734670006325,6867.0,0.4243102059621212,-0.0699524208309451,1468.0,-0.09788763602797756,0.2030210461696874,0.10513341014170985,0.24922437498946626,2021-2023,False
1626168,Trey Lyles,-0.7508328218148188,0.507117172867014,6505.0,-0.6631315431896696,0.45158442775210444,261.0,0.0877012786251492,-0.05553274511490952,0.03216853351023968,-0.24371564894780484,2021-2023,False
1626171,Bobby Portis,0.27482426889557376,-0.1310448037580063,10920.0,0.3021174447604277,-0.4125307953547954,1586.0,0.027293175864853914,-0.2814859915967891,-0.2541928157319352,0.14377946513756745,2021-2023,False
1626172,Kevon Looney,0.6745892002168725,-1.1367119446224354,9982.0,0.8276972365897386,-1.158078833305768,1595.0,0.15310803637286607,-0.021366888683332697,0.13174114768953338,-0.4621227444055629,2021-2023,False
1626178,Rondae Hollis-Jefferson,-1.2578232923399333,-0.3385944666672041,219.0,-1.3266902176795674,-0.31664415682696095,61.0,-0.06886692533963412,0.021950309840243154,-0.04691661549939097,-1.5964177590071373,2021-2023,True
1626181,Norman Powell,-0.6377047174305326,1.6364616718413207,10843.0,-0.460233623185207,1.4503493836543682,776.0,0.1774710942453256,-0.18611228818695258,-0.00864119394162699,0.9987569544107882,2021-2023,False
1626192,Pat Connaughton,0.21237901870253806,0.7345510959585551,9940.0,0.09445675015329577,0.7561542404842417,1931.0,-0.11792226854924229,0.02160314452568668,-0.09631912402355561,0.9469301146610931,2021-2023,False
1626195,Willy Hernangomez,0.1633056285871376,1.4590573597374292,4500.0,0.17275078618874368,1.4747861379639844,6.0,0.00944515760160608,0.015728778226555162,0.025173935828161242,1.622362988324567,2021-2023,True
1626196,Josh Richardson,-0.42435203546723477,0.0556265756794371,10035.0,-0.5433819080064961,0.20122670480942348,176.0,-0.11902987253926134,0.14560012912998638,0.02657025659072504,-0.3687254597877977,2021-2023,True
1626204,Larry Nance Jr.,-1.2550612848223508,-1.5054275820076706,7100.0,-1.1659993943422955,-1.3126848774655357,259.0,0.0890618904800553,0.19274270454213482,0.28180459502219013,-2.7604888668300216,2021-2023,False
1626220,Royce O'Neale,0.10179648462772439,-1.1166095867768076,14259.0,0.18775178663890008,-0.8048080190167605,1379.0,0.08595530201117568,0.3118015677600471,0.39775686977122277,-1.0148131021490832,2021-2023,False
1626224,Cedi Osman,-0.6308180255019026,0.990349900925154,9090.0,-0.7060152865790849,1.0981599271866915,176.0,-0.07519726107718228,0.10781002626153757,0.0326127651843553,0.3595318754232514,2021-2023,True
1626246,Boban Marjanovic,-0.7212801902312269,-0.3020043396261045,1155.0,-0.7424780549415712,-0.36897830750365623,177.0,-0.02119786471034424,-0.06697396787755172,-0.08817183258789596,-1.0232845298573314,2021-2023,True
1626253,Axel Toupane,-1.8595286324406541,-0.4711857002790577,130.0,-1.8574137324039706,-0.47449186281630645,18.0,0.0021149000366835757,-0.003306162537248747,-0.0011912625005651711,-2.3307143327197117,2021-2023,True
1627732,Ben Simmons,0.4427128214434653,-1.931619134129817,6171.0,0.7037344380064914,-2.023438403214244,848.0,0.2610216165630261,-0.09181926908442684,0.16920234747859925,-1.4889063126863518,2021-2023,False
1627734,Domantas Sabonis,1.3643035805818908,-1.181481038457239,14685.0,1.2056177811621427,-1.0942783114061088,523.0,-0.15868579941974814,0.08720272705113019,-0.07148307236861795,0.18282254212465188,2021-2023,False
1627736,Malik Beasley,-0.15266258149575246,1.408929190994503,11109.0,-0.3034896785903867,1.4449047007381695,448.0,-0.15082709709463427,0.03597550974366648,-0.11485158735096779,1.2562666094987505,2021-2023,False
1627737,Marquese Chriss,-2.5223305039765043,-0.5513194674347551,774.0,-2.53388295221806,-0.5977627172399496,65.0,-0.01155244824155588,-0.04644324980519443,-0.05799569804675031,-3.0736499714112595,2021-2023,True
1627739,Kris Dunn,-0.7562243641763857,0.6655166202435583,2023.0,-0.7768834446047724,0.6842212268517941,70.0,-0.02065908042838671,0.018704606608235808,-0.0019544738201509038,-0.09070774393282743,2021-2023,True
1627742,Brandon Ingram,2.1958558302191453,0.7619940670497133,11218.0,2.387613498870315,1.0515684498135056,466.0,0.1917576686511695,0.2895743827637923,0.4813320514149618,2.9578498972688587,2021-2023,False
1627747,Caris LeVert,0.43714038326868,0.8646288477765434,11221.0,0.2925815134246558,0.9799331743881261,321.0,-0.14455886984402416,0.11530432661158274,-0.02925454323244142,1.3017692310452234,2021-2023,False
1627749,Dejounte Murray,1.2418715485117349,-0.4854060780052142,14916.0,1.281988528963193,-0.5459416456959799,402.0,0.04011698045145806,-0.060535567690765735,-0.020418587239307673,0.7564654705065207,2021-2023,False
1627750,Jamal Murray,3.2069480290356767,0.9115902159863449,7735.0,3.415453771750843,0.6063146085402359,1581.0,0.20850574271516642,-0.30527560744610904,-0.09676986473094262,4.118538245022021,2021-2023,False
1627752,Taurean Prince,-0.3463208326032226,0.03589958505660945,6959.0,-0.5241107568821752,0.045359508376683455,352.0,-0.17778992427895263,0.009459923320074004,-0.16833000095887862,-0.31042124754661315,2021-2023,False
1627759,Jaylen Brown,1.1109357576143317,0.4234029959687291,13574.0,1.1082720696720731,0.28282818978485263,3301.0,-0.0026636879422585746,-0.14057480618387647,-0.14323849412613504,1.5343387535830608,2021-2023,False
1627763,Malcolm Brogdon,1.0879876652692104,0.2458431693492198,10023.0,1.197876980663006,0.3393934073693062,953.0,0.10988931539379565,0.09355023802008638,0.20343955341388203,1.3338308346184302,2021-2023,False
1627777,Georges Niang,-0.12708788258245995,-0.15840009629706708,8988.0,-0.11627099988179918,-0.019274606112325177,953.0,0.01081688270066078,0.1391254901847419,0.14994237288540269,-0.28548797887952704,2021-2023,False
1627780,Gary Payton II,-0.3165094974863678,-1.236033269958575,3389.0,-0.21125955072603597,-1.315889881247382,803.0,0.10524994676033184,-0.07985661128880706,0.02539333547152478,-1.5525427674449428,2021-2023,False
1627783,Pascal Siakam,2.3301292357850203,-0.6585344117054734,14590.0,2.330810541792075,-0.605128662539954,490.0,0.0006813060070545163,0.053405749165519434,0.05408705517257395,1.6715948240795468,2021-2023,False
1627788,Furkan Korkmaz,-0.6811397821302421,0.34122180079621933,5791.0,-0.7133652853367072,0.38987162023552185,562.0,-0.03222550320646511,0.04864981943930252,0.01642431623283741,-0.33991798133402273,2021-2023,False
1627789,Timothe Luwawu-Cabarrot,-0.9912862203712632,0.6413553140270145,3652.0,-0.9916627935399936,0.614689645482884,103.0,-0.0003765731687304097,-0.02666566854413055,-0.02704224171286096,-0.3499309063442487,2021-2023,True
1627812,Yogi Ferrell,-0.7793043630571143,0.5708828146904332,279.0,-0.7805296155821909,0.6116420042687106,29.0,-0.0012252525250766588,0.0407591895782774,0.03953393705320074,-0.20842154836668103,2021-2023,True
1627814,Damion Lee,-0.7194181981619667,-0.1941738651381305,7965.0,-0.7647856448927038,-0.11260625458110912,434.0,-0.045367446730737115,0.08156761055702139,0.03620016382628427,-0.9135920633000972,2021-2023,False
1627823,Juancho Hernangomez,-0.526870038768354,1.948447700014514,4013.0,-0.5370626231561275,1.9659769224047097,104.0,-0.010192584387773485,0.01752922239019572,0.0073366380024222355,1.42157766124616,2021-2023,True
1627826,Ivica Zubac,-1.579522729600962,-1.732410471157139,11321.0,-1.6115276052342158,-1.9101424135818672,847.0,-0.032004875633253826,-0.17773194242472812,-0.20973681805798194,-3.311933200758101,2021-2023,False
1627827,Dorian Finney-Smith,0.7087872456186691,-1.0472314202088633,12976.0,1.15024842310622,-1.2939737556150699,2022.0,0.44146117748755087,-0.2467423354062066,0.19471884208134427,-0.33844417459019416,2021-2023,False
1627832,Fred VanVleet,1.659792736415715,-1.029759560205472,13978.0,1.6662338052546675,-0.9544956695490864,255.0,0.006441068838952457,0.07526389065638572,0.08170495949533818,0.6300331762102429,2021-2023,False
1627846,Abdel Nader,-2.7599775839928675,-0.22773458353381665,1067.0,-2.778617267435589,-0.23884831156797,63.0,-0.018639683442721378,-0.011113728034153364,-0.02975341147687474,-2.9877121675266842,2021-2023,True
1627854,Bryn Forbes,0.3801672692231645,1.271349680089349,6091.0,0.2878205183348261,1.3923622809553933,722.0,-0.09234675088833844,0.12101260086604437,0.028665849977705937,1.6515169493125135,2021-2023,False
1627863,Danuel House Jr.,-1.1856821115990488,1.0056488183387327,5113.0,-1.2215830463713122,0.9860160601687211,299.0,-0.035900934772263415,-0.019632758170011533,-0.05553369294227495,-0.18003329326031614,2021-2023,False
1627884,Derrick Jones Jr.,-0.9393918463883291,-0.3274796204982138,6380.0,-0.9968943751104918,-0.4371409527710429,145.0,-0.05750252872216277,-0.10966133227282915,-0.16716386099499192,-1.2668714668865428,2021-2023,True
1627885,Shaquille Harrison,-2.2174294486872186,0.15500933978701814,1000.0,-2.152537700400091,0.15768549983180077,146.0,0.06489174828712763,0.002676160044782633,0.06756790833191026,-2.0624201089002003,2021-2023,True
1627936,Alex Caruso,-0.6786122658145324,-3.786714716503567,8041.0,-0.8485935872636823,-3.9037062673723497,464.0,-0.1699813214491499,-0.11699155086878266,-0.28697287231793256,-4.4653269823181,2021-2023,False
1628035,Alfonzo McKinnie,-1.1187265347737738,0.9135287538904617,952.0,-1.1359087151659124,0.9250205262845765,26.0,-0.01718218039213859,0.011491772394114808,-0.005690407998023783,-0.2051977808833121,2021-2023,True
1628368,De'Aaron Fox,2.7510043727998186,1.8124013572721598,13766.0,2.722207056427413,1.8155039603137346,589.0,-0.028797316372405568,0.0031026030415748362,-0.025694713330830732,4.563405730071978,2021-2023,False
1628369,Jayson Tatum,5.249101099390721,-0.33405287721677923,15766.0,5.269791762788413,-0.23783268710512573,3904.0,0.020690663397692433,0.0962201901116535,0.11691085350934594,4.915048222173942,2021-2023,False
1628370,Malik Monk,0.4129132104124089,1.4154570419486827,9907.0,0.49222364578593447,1.469730370571055,445.0,0.07931043537352556,0.05427332862237222,0.13358376399589778,1.8283702523610916,2021-2023,False
1628373,Frank Ntilikina,-1.809444154970546,-0.44647941844135464,3286.0,-1.8348662325031297,-0.5749438255506305,260.0,-0.025422077532583742,-0.12846440710927587,-0.1538864846418596,-2.2559235734119008,2021-2023,False
1628378,Donovan Mitchell,4.041939176596343,0.13095596778436436,13070.0,4.0660993370304945,0.35498673862053365,1516.0,0.02416016043415148,0.2240307708361693,0.24819093127032077,4.172895144380707,2021-2023,False
1628379,Luke Kennard,1.3210329900175375,1.3671762096890199,9074.0,1.3950552722855398,1.342370033223678,650.0,0.07402228226800234,-0.024806176465341778,0.04921610580266056,2.6882091997065576,2021-2023,False
1628381,John Collins,-0.9870452382949728,-0.5968566875437766,11614.0,-1.126167481492003,-0.7544770982476579,1743.0,-0.13912224319703026,-0.15762041070388122,-0.2967426539009115,-1.5839019258387494,2021-2023,False
1628382,Justin Jackson,-1.8739664198661565,0.9712546562492141,1520.0,-1.9234364312769712,0.9625242377772799,33.0,-0.04947001141081464,-0.008730418471934231,-0.05820042988274887,-0.9027117636169424,2021-2023,True
1628384,OG Anunoby,-0.20864116811944416,-1.800592203188296,11215.0,-0.2664051345725914,-1.842651776864588,405.0,-0.05776396645314724,-0.042059573676292095,-0.09982354012943934,-2.00923337130774,2021-2023,False
1628385,Harry Giles III,-2.589423403111886,-0.09159305519233829,731.0,-2.5883542421660737,-0.10583736539094141,7.0,0.0010691609458124418,-0.014244310198603116,-0.013175149252790674,-2.6810164583042244,2021-2023,True
1628386,Jarrett Allen,-0.07368790150212129,-1.72602275101687,11797.0,-0.213887479825281,-1.5353870971919192,356.0,-0.1401995783231597,0.19063565382495073,0.05043607550179102,-1.7997106525189912,2021-2023,False
1628388,T.J. Leaf,-3.0387662919673284,0.5331620704861506,86.0,-3.0290063447929776,0.5042680952416831,16.0,0.009759947174350803,-0.028893975244467462,-0.01913402807011666,-2.505604221481178,2021-2023,True
1628389,Bam Adebayo,0.15465423900482478,-1.350389253749717,13097.0,0.35386122920994467,-1.5414132285670068,3118.0,0.1992069902051199,-0.19102397481728972,0.008183015387830173,-1.1957350147448924,2021-2023,False
1628392,Isaiah Hartenstein,-0.1972291488046356,-1.9429603774040076,6928.0,-0.1844995005255914,-1.9026352001843536,418.0,0.012729648279044214,0.04032517721965401,0.05305482549869822,-2.1401895262086432,2021-2023,False
1628396,Tony Bradley,-0.9537333379552835,-0.5978959253165668,2629.0,-0.9439279252890862,-0.6154622543420075,18.0,0.009805412666197277,-0.017566329025440752,-0.007760916359243475,-1.5516292632718502,2021-2023,True
1628398,Kyle Kuzma,-1.3581496547913852,0.4045024245678716,13070.0,-1.48525042065819,0.34466429993248976,260.0,-0.12710076586680485,-0.05983812463538185,-0.1869388905021867,-0.9536472302235135,2021-2023,False
1628400,Semi Ojeleye,-2.4265303004084524,0.9995259837157696,2742.0,-2.4489680013391446,0.9890019034339467,24.0,-0.022437700930692195,-0.010524080281822945,-0.03296178121251514,-1.427004316692683,2021-2023,True
1628401,Derrick White,1.1626117840409684,-1.5119782000228166,11387.0,1.0182141710189163,-1.553277934113207,2335.0,-0.14439761302205212,-0.04129973409039045,-0.18569734711244257,-0.34936641598184814,2021-2023,False
1628404,Josh Hart,0.8819673439081569,-0.6724585073684681,11456.0,0.868282805630362,-0.7380152874611062,677.0,-0.013684538277794922,-0.0655567800926381,-0.07924131837043302,0.20950883653968877,2021-2023,False
1628408,PJ Dozier,-1.4474453603847048,-1.190163425245378,3065.0,-1.4349954375677105,-1.1926149037713187,11.0,0.012449922816994308,-0.0024514785259406313,0.009998444291053676,-2.637608785630083,2021-2023,True
1628410,Edmond Sumner,-0.8790359282395472,0.4805185329798888,3391.0,-0.8845345022724661,0.4850233894294728,9.0,-0.005498574032918868,0.004504856449584038,-0.00099371758333483,-0.39851739525965846,2021-2023,True
1628415,Dillon Brooks,0.12878474073566115,-1.8502137681610993,10658.0,0.06553064705590038,-1.9922943801048558,1407.0,-0.06325409367976077,-0.14208061194375654,-0.2053347056235173,-1.721429027425438,2021-2023,False
1628418,Thomas Bryant,-1.9937419118405264,1.016621610002517,3725.0,-1.9946156920187743,1.0159943845776898,2.0,-0.0008737801782479071,-0.0006272254248271825,-0.0015010056030750896,-0.9771203018380095,2021-2023,True
1628420,Monte Morris,1.666959920337326,0.7280368830955085,10405.0,1.6866364336076682,0.791335182416366,886.0,0.019676513270342255,0.06329829932085751,0.08297481259119976,2.3949968034328344,2021-2023,False
1628425,Sterling Brown,-1.7079858998071884,-0.467190620722636,3899.0,-1.7100118417687553,-0.5595052837184129,59.0,-0.0020259419615669128,-0.0923146629957769,-0.09434060495734381,-2.1751765205298246,2021-2023,True
1628427,Vlatko Čančar,-1.7161914483634508,0.7455541914080974,2795.0,-1.7293158806331606,0.7500127786905383,84.0,-0.013124432269709718,0.004458587282440862,-0.008665844987268856,-0.9706372569553534,2021-2023,True
1628436,Luke Kornet,-1.3748938570633842,-0.3302221232138909,2594.0,-1.3366027259842064,-0.29467786281997477,116.0,0.03829113107917781,0.035544260393916116,0.07383539147309393,-1.705115980277275,2021-2023,True
1628449,Chris Boucher,0.6588027381696321,-0.4752120051252847,9455.0,0.6891315945902351,-0.4665905271863318,252.0,0.030328856420603012,0.008621477938952904,0.038950334359555916,0.18359073304434737,2021-2023,False
1628455,Mike James,-0.5730843344488947,1.1163210623614204,484.0,-0.6599932839474493,0.955725139868173,213.0,-0.08690894949855454,-0.1605959224932474,-0.24750487199180193,0.5432367279125256,2021-2023,False
1628464,Daniel Theis,-1.562866939472641,-1.6868872814286058,5472.0,-1.6370076874274275,-1.7019156590889837,406.0,-0.07414074795478642,-0.0150283776603779,-0.08916912561516432,-3.249754220901247,2021-2023,False
1628467,Maxi Kleber,-1.749306434367576,-1.05202543924384,7478.0,-1.5362827500349652,-0.925140645830556,1242.0,0.21302368433261076,0.12688479341328396,0.3399084777458947,-2.801331873611416,2021-2023,False
1628470,Torrey Craig,-0.7648015171811139,0.947022935335003,8847.0,-0.7126683526451623,0.9139271382587382,1057.0,0.052133164535951626,-0.033095797076264866,0.01903736745968676,0.18222141815388915,2021-2023,False
1628960,Grayson Allen,-0.5358181827077582,0.09403576103783205,10453.0,-0.7163808140497233,0.17130168333317777,1185.0,-0.18056263134196515,0.07726592229534572,-0.10329670904661943,-0.4417824216699261,2021-2023,False
1628962,Udoka Azubuike,-2.918635227836174,0.06853267433051333,1288.0,-2.921246334449781,0.057387101289947964,2.0,-0.0026111066136071948,-0.011145573040565362,-0.013756679654172557,-2.8501025535056606,2021-2023,True
1628964,Mo Bamba,-2.5274346040995828,-0.7947462101600951,6781.0,-2.5323704780785907,-0.8325147444637002,22.0,-0.004935873979007965,-0.03776853430360516,-0.04270440828261313,-3.322180814259678,2021-2023,True
1628969,Mikal Bridges,1.9529227384880037,-0.658173171730776,16603.0,1.9825985196193436,-0.7119152797378673,2647.0,0.02967578113133995,-0.05374210800709123,-0.024066326875751276,1.2947495667572277,2021-2023,False
1628971,Bruce Brown,-0.2741299289021297,-0.546428788584903,11233.0,-0.05163439778821613,-0.7750832427796632,1857.0,0.2224955311139136,-0.22865445419476027,-0.006158923080846673,-0.8205587174870327,2021-2023,False
1628972,Troy Brown Jr.,-0.48735781304027265,0.5488296804812637,7116.0,-0.5101369762816058,0.5719762870533173,334.0,-0.022779163241333167,0.023146606572053585,0.00036744333072041835,0.061471867440991035,2021-2023,False
1628973,Jalen Brunson,2.5633334373940286,0.8560401347096994,13134.0,2.7593351118938965,1.0926293947569576,2253.0,0.19600167449986783,0.23658926004725822,0.43259093454712605,3.419373572103728,2021-2023,False
1628975,Jevon Carter,-0.9161932953564227,-0.06982237255851548,7113.0,-0.8252367454603715,-0.2232914796780445,410.0,0.09095654989605118,-0.15346910711952902,-0.06251255722347784,-0.9860156679149381,2021-2023,False
1628978,Donte DiVincenzo,0.1865965803445374,-0.37194642477266426,10003.0,-0.06555584004920562,-0.3093139307599008,652.0,-0.252152420393743,0.06263249401276344,-0.1895199263809796,-0.18534984442812685,2021-2023,False
1628981,Bruno Fernando,-3.155978342600183,-0.6771783721595708,1630.0,-3.1461784034655484,-0.6517457103534415,20.0,0.009799939134634617,0.025432661806129242,0.03523260094076386,-3.833156714759754,2021-2023,True
1628984,Devonte' Graham,0.04349316748131038,0.5129463642860178,10511.0,0.10216561602685625,0.6873096360669373,109.0,0.058672448545545874,0.17436327178091948,0.23303572032646536,0.5564395317673282,2021-2023,True
1628988,Aaron Holiday,-0.8686424237327021,-0.2454015201825036,6332.0,-0.7647570991525061,-0.21234662104592184,52.0,0.10388532458019595,0.03305489913658177,0.13694022371677772,-1.1140439439152057,2021-2023,True
1628989,Kevin Huerter,2.1192444124425567,-0.5962729638917484,13342.0,1.645051728452775,-0.5640827941481888,1812.0,-0.47419268398978165,0.032190169743559593,-0.44200251424622206,1.5229714485508081,2021-2023,False
1628990,Chandler Hutchison,-2.7352103465687527,0.9390770278409062,803.0,-2.789410550513209,0.9252626728022241,36.0,-0.05420020394445624,-0.013814355038682113,-0.06801455898313835,-1.7961333187278465,2021-2023,True
1628991,Jaren Jackson Jr.,0.8329082573349744,-2.7376844555692483,8708.0,0.5985161293506307,-2.574727661452223,1443.0,-0.23439212798434372,0.16295679411702535,-0.07143533386731837,-1.904776198234274,2021-2023,False
1628993,Alize Johnson,-0.9592804191624353,1.019088286514103,785.0,-0.9587876383459483,0.9807883773696359,50.0,0.0004927808164870706,-0.03829990914446724,-0.037807128327980166,0.059807867351667765,2021-2023,True
1628995,Kevin Knox II,-2.3472526694288023,1.176666121734824,3435.0,-2.3270186507861075,1.1689817702677872,29.0,0.020234018642694807,-0.007684351467036832,0.012549667175657975,-1.1705865476939783,2021-2023,True
1628997,Caleb Martin,-0.851748774906065,-0.23267620264445638,8587.0,-0.42031134899321543,0.05808917047800588,1761.0,0.4314374259128496,0.29076537312246226,0.7222027990353119,-1.0844249775505215,2021-2023,False
1629001,De'Anthony Melton,0.24899620680256335,-1.3067844709566414,10037.0,0.02240536797318396,-1.5571050829956796,1071.0,-0.2265908388293794,-0.2503206120390382,-0.4769114508684176,-1.0577882641540781,2021-2023,False
1629002,Chimezie Metu,-1.7631627041189404,-0.4939985263907912,5158.0,-1.750712781301946,-0.49645000491673186,11.0,0.012449922816994308,-0.0024514785259406313,0.009998444291053676,-2.2571612305097317,2021-2023,True
1629003,Shake Milton,0.21165357309297983,0.7326879116772946,8656.0,0.19225628979596796,1.155050013361624,604.0,-0.019397283297011875,0.4223621016843293,0.40296481838731746,0.9443414847702745,2021-2023,False
1629004,Svi Mykhailiuk,-1.1840539608708598,0.4572948861022344,5212.0,-1.1867503492602998,0.4972281201061007,13.0,-0.0026963883894399743,0.03993323400386628,0.037236845614426306,-0.7267590747686254,2021-2023,True
1629006,Josh Okogie,-0.9151703099415284,-1.9023850465076548,6400.0,-1.0219665124733577,-1.7491642006829724,359.0,-0.10679620253182931,0.15322084582468243,0.04642464329285312,-2.817555356449183,2021-2023,False
1629008,Michael Porter Jr.,1.8819291428617324,0.04175144776582919,8100.0,2.0285355923575565,0.03911285551114539,1953.0,0.14660644949582413,-0.002638592254683797,0.14396785724114033,1.9236805906275616,2021-2023,False
1629011,Mitchell Robinson,-0.5028189560654107,-1.5412061481225512,8491.0,-0.5552748182396368,-1.6061679450893642,573.0,-0.05245586217422604,-0.06496179696681303,-0.11741765914103908,-2.044025104187962,2021-2023,False
1629013,Landry Shamet,-0.17744123888678845,0.03426500147719902,7555.0,-0.20538512619682056,0.29876899407616136,1175.0,-0.02794388731003211,0.26450399259896235,0.23656010528893023,-0.14317623740958943,2021-2023,False
1629014,Anfernee Simons,2.0508417104069956,1.9312634302436358,10036.0,1.991557121960769,2.085823647556958,209.0,-0.05928458844622653,0.15456021731332203,0.09527562886709551,3.9821051406506314,2021-2023,False
1629018,Gary Trent Jr.,0.4256080170730377,1.070798037720255,12973.0,0.39038121677621035,1.1753973673540759,381.0,-0.03522680029682734,0.10459932963382079,0.06937252933699345,1.4964060547932927,2021-2023,False
1629020,Jarred Vanderbilt,-0.25279377134592784,-0.2310424973001991,10155.0,-0.28007426156555043,-0.31767598130780633,778.0,-0.02728049021962259,-0.08663348400760723,-0.11391397422722982,-0.48383626864612694,2021-2023,False
1629022,Lonnie Walker IV,-1.2897497992121925,2.2462282588169504,9197.0,-1.230879318420065,2.0453442615791375,356.0,0.05887048079212742,-0.20088399723781292,-0.1420135164456855,0.956478459604758,2021-2023,False
1629027,Trae Young,6.553560305630229,2.3434401913785003,15348.0,6.24688283122464,2.1258110440132114,2074.0,-0.3066774744055891,-0.21762914736528893,-0.5243066217708781,8.89700049700873,2021-2023,False
1629028,Deandre Ayton,-0.6063851696289648,-0.24093433676974324,11876.0,-0.6193204818937911,-0.1689138913312573,2986.0,-0.012935312264826249,0.07202044543848593,0.05908513317365968,-0.847319506398708,2021-2023,False
1629029,Luka Dončić,5.660185352560156,1.6362285297433792,14010.0,5.851330784939886,1.489214245543227,1604.0,0.19114543237972992,-0.14701428420015228,0.04413114817957764,7.296413882303535,2021-2023,False
1629035,Carsen Edwards,-1.2701316992132208,1.483368547279807,733.0,-1.2784014360143958,1.4869554684142923,13.0,-0.008269736801175043,0.0035869211344852214,-0.004682815666689821,0.21323684806658627,2021-2023,True
1629056,Terence Davis,0.0006529217709013713,-0.6686068415914672,5155.0,0.0735167048123209,-0.6407375096519681,121.0,0.07286378304141952,0.027869331939499142,0.10073311498091866,-0.6679539198205658,2021-2023,True
1629057,Robert Williams III,-0.13475634964652194,-1.3076223804768135,7265.0,0.0445147005582259,-1.416456085551327,1701.0,0.17927105020474784,-0.10883370507451362,0.07043734513023422,-1.4423787301233353,2021-2023,False
1629060,Rui Hachimura,-1.454762588001271,0.5020939561892762,8868.0,-1.3209880270308485,0.5108076037657973,1159.0,0.1337745609704224,0.008713647576521044,0.14248820854694344,-0.9526686318119947,2021-2023,False
1629067,Isaac Bonga,-2.382466322447887,-0.7083638895727664,1064.0,-2.4153692291593654,-0.7417776751586148,25.0,-0.03290290671147833,-0.0334137855858484,-0.06631669229732673,-3.0908302120206534,2021-2023,True
1629091,Elijah Bryant,-2.0512986977696417,0.4775661399906609,70.0,-2.171943947959098,0.4702258200986288,105.0,-0.12064525018945638,-0.007340319892032099,-0.12798557008148848,-1.573732557778981,2021-2023,True
1629111,Jock Landale,-0.782775496495556,-0.3140366886014394,3272.0,-0.7339473761521463,-0.3030352507801019,219.0,0.048828120343409664,0.0110014378213375,0.059829558164747165,-1.0968121850969954,2021-2023,False
1629117,Wenyen Gabriel,-0.8325492696397563,-0.5843294997526369,3386.0,-0.8705712450078997,-0.6028228010895739,76.0,-0.038021975368143446,-0.01849330133693694,-0.056515276705080386,-1.4168787693923932,2021-2023,True
1629130,Duncan Robinson,0.05554353926617839,-0.4136998938610257,9941.0,0.2926360275758886,-0.09868183686205945,1332.0,0.2370924883097102,0.31501805699896623,0.5521105453086764,-0.3581563545948473,2021-2023,False
1629134,Kendrick Nunn,-0.055098116470136585,0.7766716085978245,5318.0,-0.16918162428000227,0.914998434237077,198.0,-0.11408350780986569,0.13832682563925258,0.024243317829386893,0.7215734921276878,2021-2023,True
1629139,Yuta Watanabe,-1.2232793142409508,0.18871025541605352,4353.0,-1.2416497413161722,0.22429400420852158,34.0,-0.018370427075221407,0.03558374879246806,0.017213321717246655,-1.0345690588248972,2021-2023,True
1629162,Jordan McLaughlin,-0.9648447048689672,-0.7983219113021804,5402.0,-1.0127972435641734,-0.7853323013802463,211.0,-0.047952538695206215,0.012989609921934098,-0.03496292877327212,-1.7631666161711477,2021-2023,False
1629185,Chris Chiozza,-1.1358853669400808,0.3270879975868402,1220.0,-1.1600790287551856,0.28895547553183365,40.0,-0.02419366181510485,-0.03813252205500656,-0.06232618387011141,-0.8087973693532406,2021-2023,True
1629216,Gabe Vincent,-0.8250296267529014,0.2995071581427925,8001.0,-0.4565529864832529,0.42570143151174067,2178.0,0.3684766402696485,0.12619427336894817,0.49467091363859667,-0.5255224686101089,2021-2023,False
1629308,Juan Toscano-Anderson,-1.6164072647154657,-0.5111319870742895,5829.0,-1.6915189570149953,-0.49265190406344345,104.0,-0.07511169229952963,0.018480083010846082,-0.05663160928868355,-2.1275392517897553,2021-2023,True
1629312,Haywood Highsmith,-2.4886120378087995,-0.09881621548016371,2284.0,-2.347284059581869,-0.07595542148199819,383.0,0.14132797822693055,0.022860793998165527,0.1641887722250961,-2.587428253288963,2021-2023,False
1629599,Amir Coffey,-1.3534573179236324,0.8897431140237267,5292.0,-1.3612983470585953,0.9437229728276287,34.0,-0.007841029134962874,0.05397985880390199,0.04613882966893912,-0.4637142038999057,2021-2023,True
1629603,Mamadi Diakite,-2.799887071142731,-0.8585904984004893,1014.0,-2.8830985760463785,-0.9286654334469261,76.0,-0.0832115049036477,-0.0700749350464368,-0.1532864399500845,-3.65847756954322,2021-2023,True
1629604,CJ Elleby,-1.8153068840681796,1.0720600019690298,2830.0,-1.8100010947900944,1.0505077095697555,17.0,0.005305789278085227,-0.021552292399274364,-0.016246503121189138,-0.7432468820991498,2021-2023,True
1629605,Tacko Fall,-1.2016809341944534,-1.441496882788115,402.0,-1.2046953817090131,-1.4359468427199218,2.0,-0.003014447514559704,0.005550040068193152,0.002535592553633448,-2.6431778169825684,2021-2023,True
1629610,DaQuan Jeffries,-1.56720488731365,0.15421588775104483,1073.0,-1.591859691463607,0.13834610070590644,9.0,-0.02465480414995702,-0.01586978704513839,-0.04052459119509541,-1.412988999562605,2021-2023,True
1629611,Terance Mann,0.03844449258737226,0.09038957196441977,11075.0,0.5619973363877232,0.04649497579152436,1002.0,0.5235528438003509,-0.04389459617289541,0.4796582476274555,0.12883406455179203,2021-2023,False
1629617,Reggie Perry,-1.8909573220884055,0.747902905215377,811.0,-1.8990627162620015,0.7179225564830413,49.0,-0.008105394173596014,-0.029980348732335682,-0.0380857429059317,-1.1430544168730286,2021-2023,True
1629622,Max Strus,-0.03127904602406992,0.9751896377902526,8725.0,0.023158545641091335,0.5211568275361064,2293.0,0.05443759166516125,-0.4540328102541462,-0.39959521858898495,0.9439105917661826,2021-2023,False
1629626,Bol Bol,-2.45433531419946,-0.08241451043649528,3642.0,-2.4561134540159846,-0.08571644891491649,11.0,-0.0017781398165244156,-0.0033019384784212097,-0.005080078294945625,-2.5367498246359554,2021-2023,True
1629628,RJ Barrett,0.4847222637746412,0.6509483770519388,14898.0,0.30795826085240363,0.7477811983301339,1032.0,-0.1767640029222376,0.09683282127819515,-0.07993118164404245,1.13567064082658,2021-2023,False
1629629,Cam Reddish,-2.2913268258922637,1.8184297510871184,5686.0,-2.2628571859679862,1.9474532130580389,190.0,0.028469639924277423,0.12902346197092052,0.15749310189519794,-0.4728970748051453,2021-2023,True
1629630,Ja Morant,4.00288397615082,0.5192183317677639,12391.0,3.9992141999267,0.8049033453262406,1528.0,-0.003669776224120458,0.28568501355847675,0.2820152373343563,4.522102307918584,2021-2023,False
1629631,De'Andre Hunter,-1.8003117528905186,-0.35938189059944325,9152.0,-1.873134263399546,-0.4031271730822703,1100.0,-0.07282251050902744,-0.04374528248282705,-0.11656779299185449,-2.1596936434899616,2021-2023,False
1629632,Coby White,1.5537087257063245,1.0865284497393293,11463.0,1.3647995828256285,1.0473440343893718,206.0,-0.18890914288069593,-0.039184415349957424,-0.22809355823065336,2.6402371754456535,2021-2023,False
1629633,Jarrett Culver,-2.5571379061752593,0.11524414372251346,2055.0,-2.6179981297214767,0.15773050365215527,50.0,-0.06086022354621745,0.04248635992964181,-0.018373863616575642,-2.4418937624527457,2021-2023,True
1629634,Brandon Clarke,-0.6671969493647667,-0.6883899385279643,7921.0,-0.7639528915436565,-0.9994070779568767,658.0,-0.09675594217888983,-0.3110171394289124,-0.40777308160780223,-1.355586887892731,2021-2023,False
1629636,Darius Garland,2.7642545455638645,-0.2102905487558242,13347.0,2.5851834380775234,-0.05529300699102116,361.0,-0.17907110748634114,0.15499754176480304,-0.024073565721538098,2.55396399680804,2021-2023,False
1629637,Jaxson Hayes,-1.902803482925545,-0.21272641563093467,6133.0,-1.9223141145887364,-0.11431454657522223,158.0,-0.019510631663191447,0.09841186905571243,0.07890123739252099,-2.1155298985564794,2021-2023,True
1629638,Nickeil Alexander-Walker,-0.7620586310800703,-0.32774193312453026,6918.0,-0.7643262408754613,-0.3867319030497026,296.0,-0.002267609795390979,-0.05898996992517236,-0.06125757972056334,-1.0898005642046007,2021-2023,False
1629639,Tyler Herro,1.2908388667786828,1.1580894628272596,12307.0,1.2157001304825985,1.3622174076593823,983.0,-0.07513873629608425,0.2041279448321227,0.12898920853603846,2.448928329605942,2021-2023,False
1629641,Romeo Langford,-2.2790035451041,-0.28713201489029194,3918.0,-2.2032573956825923,-0.2799371214449001,215.0,0.0757461494215077,0.0071948934453918145,0.08294104286689952,-2.566135559994392,2021-2023,False
1629642,Nassir Little,-0.3526233531808427,0.9811208432720744,5463.0,-0.3569829644296563,0.9456015983858934,19.0,-0.004359611248813622,-0.03551924488618097,-0.03987885613499459,0.6284974900912317,2021-2023,True
1629644,KZ Okpala,-2.2996621745992942,-0.4647205745234988,1919.0,-2.292249958433839,-0.4528753010404252,10.0,0.007412216165455288,0.01184527348307357,0.019257489648528858,-2.764382749122793,2021-2023,True
1629646,Charles Bassey,-1.228472149681976,-0.5429489186178953,1412.0,-1.238834300125726,-0.529913868892528,26.0,-0.010362150443750107,0.013035049725367287,0.0026728992816171804,-1.7714210682998712,2021-2023,True
1629651,Nic Claxton,-0.980683768346717,-1.8364017012451714,7757.0,-0.8760913063571278,-1.8331611702260644,672.0,0.10459246198958916,0.0032405310191070402,0.1078329930086962,-2.8170854695918885,2021-2023,False
1629655,Daniel Gafford,-0.5643219048136516,-1.1430485269952817,7843.0,-0.456081148752883,-1.0618053657086581,245.0,0.1082407560607686,0.08124316128662357,0.18948391734739217,-1.7073704318089333,2021-2023,False
1629656,Quentin Grimes,0.4617292894824467,-0.07827759542245244,5815.0,0.4300574306831079,-0.09744709202168947,474.0,-0.03167185879933876,-0.01916949659923703,-0.05084135539857579,0.38345169405999424,2021-2023,False
1629659,Talen Horton-Tucker,-0.8870466461902793,-0.04928702518617356,8593.0,-0.9563643247248359,0.029176113781559626,96.0,-0.06931767853455661,0.07846313896773319,0.009145460433176572,-0.9363336713764528,2021-2023,True
1629661,Cameron Johnson,0.38883523713490725,-1.3019038522073472,8918.0,0.26677390508713306,-0.8372978627792123,1805.0,-0.1220613320477742,0.4646059894281349,0.3425446573803607,-0.9130686150724399,2021-2023,False
1629667,Jalen McDaniels,-0.9158526381135913,0.23835092431327318,7654.0,-0.9023258100307886,0.18844067454074298,191.0,0.0135268280828027,-0.049910249772530196,-0.036383421689727496,-0.6775017138003181,2021-2023,True
1629669,Jaylen Nowell,0.033154190376760845,1.1504776706999833,6347.0,-0.006311133233721691,1.356702834671939,150.0,-0.039465323610482536,0.20622516397195567,0.16675984036147312,1.1836318610767442,2021-2023,True
1629670,Jordan Nwora,-1.0494950628719306,2.210308506733357,5584.0,-1.1392795643961682,2.1880117200710645,110.0,-0.08978450152423756,-0.02229678666229251,-0.11208128818653007,1.1608134438614264,2021-2023,True
1629671,Miye Oni,-0.9981252072438858,0.22570279860749465,1163.0,-1.0257927839007945,0.23770166140061347,80.0,-0.027667576656908777,0.01199886279311882,-0.015668713863789957,-0.7724224086363911,2021-2023,True
1629672,Eric Paschall,-1.506534526966816,1.4309543066830743,2940.0,-1.5272727545096927,1.4431739260170828,51.0,-0.020738227542876686,0.012219619334008502,-0.008518608208868184,-0.07558022028374167,2021-2023,True
1629673,Jordan Poole,0.525501033099116,1.0015900698408085,11969.0,0.4777837519969774,0.8745111391562037,1835.0,-0.047717281102138576,-0.12707893068460474,-0.17479621178674332,1.5270911029399246,2021-2023,False
1629675,Naz Reid,-2.7491652183523057,-0.5516954146232517,8089.0,-2.879237926731104,-0.611021335252593,120.0,-0.13007270837879847,-0.05932592062934128,-0.18939862900813975,-3.3008606329755574,2021-2023,True
1629680,Matisse Thybulle,-0.9534612821332221,-2.330503262831167,8527.0,-1.1117740786932555,-2.047623286638662,729.0,-0.1583127965600334,0.28287997619250493,0.12456717963247155,-3.283964544964389,2021-2023,False
1629682,Tremont Waters,-0.6900326677115571,0.35904661025774,607.0,-0.7030607126807593,0.3593942382819472,14.0,-0.01302804496920218,0.00034762802420723604,-0.012680416944994943,-0.33098605745381715,2021-2023,True
1629684,Grant Williams,-0.7845083789656686,-1.0853666502025412,10291.0,-0.5279974898609074,-0.8751872071917344,1933.0,0.25651088910476116,0.21017944301080682,0.466690332115568,-1.8698750291682098,2021-2023,False
1629714,Jarrell Brantley,-0.9985433523025297,0.19764207054657762,376.0,-1.0180392255126058,0.19514653935923357,6.0,-0.019495873210076176,-0.002495531187344052,-0.021991404397420228,-0.800901281755952,2021-2023,True
1629717,Armoni Brooks,-1.306381999792661,1.357460648104079,2834.0,-1.3246128391161796,1.3909393400648342,18.0,-0.018230839323518655,0.03347869196075526,0.015247852637236603,0.05107864831141806,2021-2023,True
1629723,John Konchar,0.0493178609514503,-0.9008712271814059,6999.0,-0.16510767488993655,-0.8648935969783422,221.0,-0.21442553584138685,0.03597763020306366,-0.1784479056383232,-0.8515533662299556,2021-2023,False
1629726,Garrison Mathews,-0.5661983184215935,0.9900835714033238,7249.0,-0.5939519902168235,0.9296866744470804,32.0,-0.027753671795230028,-0.060396896956243395,-0.08815056875147342,0.4238852529817303,2021-2023,True
1629730,Rayjon Tucker,-1.034889326774461,0.1259951050281869,312.0,-1.0868960785479396,0.12585519798050043,44.0,-0.05200675177347858,-0.00013990704768646056,-0.05214665882116504,-0.9088942217462741,2021-2023,True
1629731,Dean Wade,-2.044286257290116,-1.2821516385609502,6208.0,-2.0988392801411537,-1.315701034526589,26.0,-0.0545530228510378,-0.03354939596563877,-0.08810241881667658,-3.326437895851066,2021-2023,True
1629740,Nicolo Melli,-1.441728829298016,0.03155346802550357,1111.0,-1.475416684306522,0.09449663128203216,34.0,-0.03368785500850602,0.06294316325652859,0.02925530824802257,-1.4101753612725123,2021-2023,True
1629744,Matt Thomas,-1.7323712631397592,1.7781906157671128,1626.0,-1.7475995500101065,1.8056610161990987,12.0,-0.015228286870347274,0.027470400431985897,0.012242113561638623,0.04581935262735359,2021-2023,True
1629750,Javonte Green,-0.11898602567190308,-1.4593752375478375,5096.0,-0.17486393562377323,-1.4722591015947981,156.0,-0.05587790995187014,-0.012883864046960625,-0.06876177399883077,-1.5783612632197406,2021-2023,True
1629752,Juwan Morgan,-1.955766560599571,0.5193732428067181,370.0,-1.986078881139257,0.563078583075258,37.0,-0.0303123205396858,0.043705340268539894,0.013393019728854094,-1.436393317792853,2021-2023,True
1629833,Keljin Blevins,-2.42437990983479,1.704915050560104,886.0,-2.4156891236062514,1.6902653855142398,9.0,0.00869078622853836,-0.01464966504586429,-0.00595887881732593,-0.7194648592746857,2021-2023,True
1630162,Anthony Edwards,2.3070464627247516,1.2308552863254507,15973.0,2.3102177867664775,1.255597219202326,868.0,0.0031713240417259314,0.024741932876875206,0.027913256918601137,3.537901749050202,2021-2023,False
1630167,Obi Toppin,-0.5479561819182692,-0.12745799113273837,5916.0,-0.605416066346988,-0.34473510639570637,456.0,-0.057459884428718744,-0.217277115262968,-0.27473699969168675,-0.6754141730510076,2021-2023,False
1630168,Onyeka Okongwu,-1.02666872999369,-0.3700320617377502,7107.0,-1.0901664180614346,-0.2926471838746555,817.0,-0.06349768806774447,0.07738487786309473,0.013887189795350252,-1.3967007917314402,2021-2023,False
1630171,Isaac Okoro,-0.6672252482633194,-0.14401469492333557,11646.0,-0.7547362223348059,-0.15797042875246992,145.0,-0.08751097407148645,-0.013955733829134342,-0.10146670790062079,-0.811239943186655,2021-2023,True
1630172,Patrick Williams,-1.4825526339505886,0.4742332167666337,9656.0,-1.6519281116336848,0.46336851069558554,318.0,-0.16937547768309624,-0.010864706071048169,-0.1802401837541444,-1.008319417183955,2021-2023,False
1630173,Precious Achiuwa,-1.9895405358155882,-0.10256020830441653,7221.0,-1.9947960735315124,-0.0702296252080682,336.0,-0.005255537715924241,0.03233058309634833,0.027075045380424087,-2.0921007441200046,2021-2023,False
1630174,Aaron Nesmith,-0.6227680266826082,-0.3238831728470377,6346.0,-0.6565094227908412,-0.3817230871997088,255.0,-0.03374139610823301,-0.05783991435267111,-0.09158131046090412,-0.9466511995296459,2021-2023,False
1630178,Tyrese Maxey,1.6434878536866067,2.0537808809249687,11227.0,1.4245509041974247,2.1065718096984303,2060.0,-0.21893694948918196,0.05279092877346159,-0.16614602071572038,3.6972687346115753,2021-2023,False
1630180,Saddiq Bey,-0.216536493821531,2.085667977831794,13906.0,-0.11888386485233539,2.2368241056470115,279.0,0.09765262896919562,0.15115612781521737,0.248808756784413,1.869131484010263,2021-2023,False
1630182,Josh Green,-0.6302510985564668,-0.6626081798115836,6152.0,-0.6289240832233832,-0.6820924962388544,251.0,0.0013270153330835477,-0.019484316427270776,-0.018157301094187228,-1.2928592783680504,2021-2023,False
1630183,Jaden McDaniels,-0.8380424744724897,-1.7677153653206463,12003.0,-0.7813080334332968,-1.8044333635367702,288.0,0.056734441039192895,-0.03671799821612387,0.020016442823069025,-2.605757839793136,2021-2023,False
1630187,Daniel Oturu,-1.7076824614322095,0.04432703129545085,378.0,-1.7042332873661834,0.08633983518333246,30.0,0.003449174066026073,0.04201280388788162,0.04546197795390769,-1.6633554301367586,2021-2023,True
1630188,Jalen Smith,-0.8531289122833483,0.3183937087962124,4936.0,-0.8532395577291313,0.34385288935605823,36.0,-0.00011064544578298641,0.025459180559845807,0.02534853511406282,-0.5347352034871359,2021-2023,True
1630192,Zeke Nnaji,-1.993723403614605,0.6362587540410903,3698.0,-2.01077652032503,0.6264187430799177,82.0,-0.017053116710425087,-0.009840010961172596,-0.026893127671597683,-1.3574646495735148,2021-2023,True
1630193,Immanuel Quickley,1.6280564188117854,-0.431215656547853,10736.0,1.4511554766253072,-0.6602722507508079,491.0,-0.17690094218647823,-0.22905659420295488,-0.4059575363894331,1.1968407622639323,2021-2023,False
1630194,Paul Reed,-0.8525910467237982,-1.145578611185551,2499.0,-0.7406000684999589,-0.9848372960559377,583.0,0.1119909782238393,0.16074131512961332,0.2727322933534526,-1.998169657909349,2021-2023,False
1630198,Isaiah Joe,0.9882112897286917,1.0517121946227435,4986.0,1.0166643424944015,1.1164963952593236,54.0,0.028453052765709863,0.06478420063658019,0.09323725340229005,2.0399234843514353,2021-2023,True
1630201,Malachi Flynn,-1.5146637165529704,0.5448022207859776,4429.0,-1.4864857726047247,0.5339093101496837,74.0,0.028177943948245687,-0.01089291063629394,0.017285033311951747,-0.9698614957669928,2021-2023,True
1630202,Payton Pritchard,-0.3414831459514751,0.5859956813800719,5880.0,-0.05069048248730473,0.4086747595638426,848.0,0.2907926634641704,-0.17732092181622927,0.1134717416479411,0.24451253542859674,2021-2023,False
1630205,Lamar Stevens,-2.054965821926427,0.1534075832491859,5248.0,-2.0626467396129597,0.13267938309014007,20.0,-0.007680917686532673,-0.020728200159045834,-0.028409117845578508,-1.9015582386772412,2021-2023,True
1630206,Jay Scrubb,-1.4292143234081787,0.8903592780476055,509.0,-1.4672361647574275,0.8975927831701275,17.0,-0.0380218413492488,0.007233505122521966,-0.03078833622672683,-0.5388550453605732,2021-2023,True
1630209,Omer Yurtseven,-1.0827766946683608,0.4413352819238179,1582.0,-1.0656921575668086,0.4888705268255337,113.0,0.017084537101552222,0.047535244901715845,0.06461978200326807,-0.6414414127445429,2021-2023,True
1630210,Markus Howard,-0.9362144484941406,1.5586225392159543,819.0,-0.8183893539442294,1.655388651237156,211.0,0.11782509454991119,0.09676611202120178,0.21459120657111297,0.6224080907218137,2021-2023,False
1630214,Xavier Tillman,-1.572131641395534,-1.8071371851414089,6178.0,-1.7613632900394278,-1.8081559286692208,707.0,-0.18923164864389386,-0.0010187435278119494,-0.1902503921717058,-3.3792688265369426,2021-2023,False
1630215,Jared Butler,0.280283645050302,1.0126442854390274,907.0,0.2829229863361773,1.0116234114868339,10.0,0.002639341285875285,-0.001020873952193524,0.0016184673336817612,1.2929279304893293,2021-2023,True
1630216,Cassius Winston,-1.5490981489178708,0.8220167462718423,282.0,-1.5662936249209423,0.8209786623334886,10.0,-0.017195476003071475,-0.0010380839383536955,-0.01823355994142517,-0.7270814026460285,2021-2023,True
1630217,Desmond Bane,1.8888439597754405,-0.0068585001969092285,11704.0,1.8951055860680355,-0.08368344398864141,1595.0,0.006261626292594968,-0.07682494379173219,-0.07056331749913722,1.8819854595785313,2021-2023,False
1630219,Skylar Mays,-0.058742688122587,1.2409837037370068,1384.0,-0.0690409098279652,1.2676291904338404,57.0,-0.010298221705378197,0.02664548669683353,0.016347264991455335,1.1822410156144199,2021-2023,True
1630228,Jonathan Kuminga,-0.599673164748477,0.6107794668110893,5365.0,-0.763017766279011,0.5988525640088204,417.0,-0.16334460153053398,-0.011926902802268935,-0.17527150433280292,0.011106302062612317,2021-2023,False
1630230,Naji Marshall,-1.3655443584688554,0.3114303252642836,6708.0,-1.2887483117934864,0.39604821151419145,113.0,0.07679604667536899,0.08461788624990785,0.16141393292527684,-1.0541140332045718,2021-2023,True
1630233,Nathan Knight,-1.5640193682179013,-0.20993292001270672,1769.0,-1.5968798997123317,-0.22582514898169712,38.0,-0.032860531494430356,-0.015892228968990396,-0.04875276046342075,-1.773952288230608,2021-2023,True
1630234,Ty-Shon Alexander,-1.7049999575205967,0.5476492384701654,95.0,-1.7111856757471864,0.538343789528189,3.0,-0.006185718226589643,-0.00930544894197649,-0.015491167168566133,-1.1573507190504313,2021-2023,True
1630235,Trent Forrest,-0.8677827461599811,0.6503746556428254,2681.0,-0.89749782308895,0.6827836339239329,17.0,-0.02971507692896891,0.03240897828110756,0.00269390135213865,-0.2174080905171557,2021-2023,True
1630237,Anthony Lamb,-1.3958507189675382,0.8594772184218538,3400.0,-1.4746241664149342,0.8833241951865511,64.0,-0.078773447447396,0.02384697676469738,-0.054926470682698625,-0.5363735005456844,2021-2023,True
1630238,Malik Fitts,-1.867233417239434,0.6680537080430883,157.0,-1.8757099111700921,0.6697385702740363,27.0,-0.00847649393065808,0.0016848622309479921,-0.006791631699710088,-1.1991797091963456,2021-2023,True
1630241,Sam Merrill,-1.0232868237226183,0.6105793552288477,734.0,-1.0856510469604728,0.5676395970256618,65.0,-0.06236422323785451,-0.04293975820318585,-0.10530398144104036,-0.4127074684937706,2021-2023,True
1630245,Ayo Dosunmu,-1.4943937821331916,-0.3056986506922913,8665.0,-1.6154218648985086,-0.403782598140205,181.0,-0.12102808276531696,-0.09808394744791371,-0.21911203021323067,-1.8000924328254828,2021-2023,True
1630264,Anthony Gill,-1.0110362719547068,-0.07114175823839909,2690.0,-1.0830398277708166,-0.08231910803234498,68.0,-0.07200355581610984,-0.011177349793945884,-0.08318090561005573,-1.0821780301931059,2021-2023,True
1630267,Facundo Campazzo,-1.5283239845482246,-1.0942136137249046,5398.0,-1.604604590133271,-1.1040255743128473,571.0,-0.07628060558504646,-0.009811960587942758,-0.08609256617298922,-2.622537598273129,2021-2023,False
1630527,Brandon Boston,-1.4880330818202268,1.053086999515245,2102.0,-1.4927038225354532,1.067050032623004,1.0,-0.00467074071522644,0.013963033107758926,0.009292292392532486,-0.4349460823049818,2021-2023,True
1630529,Herbert Jones,0.07266663250609062,-2.566684681760602,8729.0,0.15838259950503003,-2.3230426254870755,440.0,0.08571596699893941,0.24364205627352664,0.32935802327246605,-2.4940180492545116,2021-2023,False
1630530,Trey Murphy III,0.15257796553718006,0.43662290412162696,6821.0,0.3135425059285937,0.6183507904988492,236.0,0.1609645403914136,0.18172788637722226,0.34269242676863587,0.589200869658807,2021-2023,False
1630531,Jaden Springer,-0.7166706835180039,-0.2853498277652398,202.0,-0.7273268220853683,-0.24448258449416876,62.0,-0.01065613856736436,0.04086724327107105,0.030211104703706693,-1.0020205112832437,2021-2023,True
1630533,Ziaire Williams,-0.7380048099378622,1.153958475823407,4014.0,-0.7736320859393341,1.1180484497157634,396.0,-0.035627276001471864,-0.03591002610764349,-0.07153730210911535,0.4159536658855447,2021-2023,False
1630538,Bones Hyland,1.6405961210776328,1.513106790504299,4883.0,1.79764212620208,1.6392428842199693,337.0,0.15704600512444733,0.12613609371567036,0.2831820988401177,3.1537029115819317,2021-2023,False
1630540,Miles McBride,-0.17974373965410306,-0.19216565655237294,2274.0,-0.21734000098228096,-0.20467073388377857,41.0,-0.03759626132817789,-0.012505077331405628,-0.05010133865958352,-0.371909396206476,2021-2023,True
1630541,Moses Moody,-0.6704563082802978,0.7550403976416713,2974.0,-0.6835118219975715,0.8792346232994519,549.0,-0.013055513717273759,0.1241942256577806,0.11113871194050684,0.08458408936137352,2021-2023,False
1630549,Day'Ron Sharpe,-1.2217401075835965,0.7646020062118088,1945.0,-1.186035743702148,0.7915495345839595,38.0,0.035704363881448486,0.026947528372150642,0.06265189225359913,-0.4571381013717877,2021-2023,True
1630551,Justin Champagnie,0.4153767535884737,0.34900197033153085,638.0,0.4210414538919995,0.4072425802334125,20.0,0.005664700303525783,0.058240609901881624,0.0639053102054074,0.7643787239200046,2021-2023,True
1630552,Jalen Johnson,-1.4064841699006192,-0.6342721562397677,2440.0,-1.3896640219745249,-0.6570293507689232,137.0,0.01682014792609432,-0.022757194529155478,-0.005937046603061158,-2.0407563261403867,2021-2023,True
1630554,Jason Preston,-1.02213020188736,0.8580436886746645,259.0,-1.0268009426025864,0.8720067217824233,1.0,-0.00467074071522644,0.013963033107758815,0.009292292392532375,-0.1640865132126954,2021-2023,True
1630556,Kessler Edwards,-0.24005756543204737,-0.20595919746283156,2824.0,-0.22701414812150383,-0.21120702366598487,33.0,0.013043417310543537,-0.005247826203153311,0.007795591107390226,-0.4460167628948789,2021-2023,True
1630558,Davion Mitchell,-1.2631211078965159,0.6995918745938738,7296.0,-1.334051068463618,0.6604783792926333,302.0,-0.0709299605671021,-0.03911349530124053,-0.11004345586834263,-0.563529233302642,2021-2023,False
1630559,Austin Reaves,0.26405327837867487,0.587530228326168,6836.0,0.44645762747555134,0.2661631851839184,1179.0,0.18240434909687647,-0.32136704314224956,-0.1389626940453731,0.8515835067048428,2021-2023,False
1630560,Cam Thomas,-0.4399195810757739,2.8899787979874834,4376.0,-0.45938184252719555,2.93776315289075,29.0,-0.01946226145142166,0.047784354903266824,0.028322093451845165,2.4500592169117095,2021-2023,True
1630561,David Duke Jr.,-1.8340471577169928,0.24367594703445647,1178.0,-1.837632244996278,0.2481808034840405,10.0,-0.003585087279285304,0.004504856449584038,0.0009197691702987343,-1.5903712106825363,2021-2023,True
1630567,Scottie Barnes,0.7225790304561954,-1.0669030970500883,10605.0,0.7053873740182113,-1.0984548388236384,261.0,-0.01719165643798415,-0.031551741773550024,-0.04874339821153417,-0.3443240665938929,2021-2023,False
1630573,Sam Hauser,0.1985235687339273,0.22537970983026712,2997.0,0.27275013979685897,0.22679801687732087,239.0,0.07422657106293168,0.0014183070470537573,0.07564487810998544,0.4239032785641944,2021-2023,False
1630583,Santi Aldama,-0.6004147827292203,-0.34801919622435196,4293.0,-0.649232218864293,-0.20065226144395398,209.0,-0.04881743613507272,0.14736693478039797,0.09854949864532525,-0.9484339789535723,2021-2023,False
1630596,Evan Mobley,-0.3609072404049124,-3.8005520776437596,10022.0,-0.532313973688222,-3.734231840716917,356.0,-0.17140673328330958,0.06632023692684275,-0.10508649635646683,-4.161459318048672,2021-2023,False
1630625,Dalano Banton,-1.424681895215751,-0.13519471734261382,1997.0,-1.4377717987019496,-0.10171602538185859,20.0,-0.01308990348619865,0.03347869196075523,0.02038878847455658,-1.5598766125583647,2021-2023,True
1630631,Jose Alvarado,0.3591544958342434,-0.98158590905438,4459.0,0.35834189177973796,-0.916350169697193,227.0,-0.0008126040545054503,0.06523573935718707,0.06442313530268162,-0.6224314132201366,2021-2023,False
1630688,Ish Wainright,-0.5823136832553492,-0.49914540858155804,2652.0,-0.565575267984009,-0.4733926604054621,103.0,0.016738415271340124,0.025752748176095963,0.04249116344743609,-1.0814590918369071,2021-2023,True
1630699,MarJon Beauchamp,-1.6894182485587736,1.2828737419911878,1475.0,-1.6832458002705402,1.282763256753789,10.0,0.00617244828823349,-0.00011048523739876082,0.006061963050834729,-0.4065445065675859,2021-2023,True
1631099,Keegan Murray,1.514314631695958,-0.2646969500850228,4940.0,1.4227256958689147,-0.3334010427925238,423.0,-0.0915889358270432,-0.068704092707501,-0.1602930285345442,1.249617681610935,2021-2023,False
1631107,Nikola Jović,-0.47592937398788426,0.36094323302609044,406.0,-0.4566291646515226,0.39270197953766317,26.0,0.019300209336361673,0.03175874651157273,0.051058955847934406,-0.11498614096179383,2021-2023,True
1631108,Max Christie,-1.6845597046018845,0.7650681673793405,1079.0,-1.6603468072752774,0.715763965045497,69.0,0.02421289732660714,-0.04930420233384347,-0.02509130500723633,-0.9194915372225441,2021-2023,True
1631111,Wendell Moore Jr.,-1.2123401759347328,0.4047918669173384,331.0,-1.2240831522016655,0.40508180102770625,5.0,-0.01174297626693277,0.0002899341103678177,-0.011453042156564952,-0.8075483090173943,2021-2023,True
1631116,Patrick Baldwin Jr.,-0.4626004214222299,0.8499928472640035,470.0,-0.48678389134327416,0.8658104474010252,24.0,-0.024183469921044254,0.015817600137021715,-0.00836586978402254,0.3873924258417736,2021-2023,True
1631128,Christian Braun,-1.569375577140774,0.41226403547076373,2407.0,-1.5802943726096437,0.22975205230512277,484.0,-0.010918795468869646,-0.18251198316564096,-0.1934307786345106,-1.1571115416700102,2021-2023,False
1631169,Josh Minott,-0.6230342451699439,-0.2631624448738321,214.0,-0.6519003990304608,-0.27947542190540864,13.0,-0.02886615386051694,-0.016312977031576525,-0.045179130892093466,-0.886196690043776,2021-2023,True
1631212,Peyton Watson,-1.7458141791040591,0.3213466743472607,372.0,-1.7852079891518051,0.3341701993032049,28.0,-0.039393810047746,0.012823524955944188,-0.026570285091801815,-1.4244675047567985,2021-2023,True
1631223,David Roddy,-1.5552329816580828,1.084078734954058,2635.0,-1.6937871010137084,1.0750497880052918,158.0,-0.13855411935562567,-0.009028946948766103,-0.14758306630439177,-0.47115424670402484,2021-2023,True
1631254,Kenneth Lofton Jr.,0.42997266650487487,1.490890520411022,356.0,0.38171517121520726,1.4781013679991204,24.0,-0.04825749528966761,-0.012789152411901705,-0.06104664770156931,1.920863186915897,2021-2023,True
2544,LeBron James,3.189738697557046,-0.7807229157137725,14259.0,3.05287411426542,-0.5890170689297034,1524.0,-0.1368645832916262,0.1917058467840691,0.05484126349244289,2.409015781843274,2024-2026,False
200768,Kyle Lowry,-0.47223641250172266,-1.2430163216953192,4949.0,-0.3483536595830162,-1.1761510667376536,335.0,0.12388275291870648,0.0668652549576656,0.19074800787637208,-1.7152527341970418,2024-2026,False
200782,P.J. Tucker,-1.491279624040053,-0.8698014508391899,1079.0,-1.5087098517551463,-0.8651688436819975,65.0,-0.017430227715093283,0.004632607157192381,-0.012797620557900902,-2.361081074879243,2024-2026,True
201142,Kevin Durant,4.168428345572624,0.06174057142988365,16111.0,4.122689661075574,0.2643395429271367,409.0,-0.04573868449705021,0.20259897149725303,0.15686028700020282,4.230168917002508,2024-2026,False
201143,Al Horford,0.6617452346261937,-0.5291384479980988,8822.0,0.7627436384682948,-0.33077323188879126,1761.0,0.10099840384210113,0.19836521610930757,0.2993636199514087,0.13260678662809489,2024-2026,False
201144,Mike Conley,1.158617246596291,-0.9704436007897561,9877.0,1.4970828516398655,-1.2746581269753214,1914.0,0.3384656050435746,-0.3042145261855653,0.034251078858009265,0.18817364580653484,2024-2026,False
201145,Jeff Green,-1.0989321276153967,1.8534772007932947,3851.0,-1.166317065543294,1.9042618515875018,37.0,-0.06738493792789724,0.05078465079420713,-0.016600287133690106,0.754545073177898,2024-2026,True
201152,Thaddeus Young,0.33196589030770157,0.1315887946138684,881.0,0.3098585164094456,0.13013312627611148,8.0,-0.022107373898255955,-0.0014556683377569268,-0.023563042236012882,0.46355468492157,2024-2026,True
201566,Russell Westbrook,-0.40110252601381013,1.1225782879238682,11526.0,-0.5008058312907144,1.147619539934184,864.0,-0.0997033052769043,0.025041252010315818,-0.07466205326658848,0.721475761910058,2024-2026,False
201567,Kevin Love,1.0921835140377933,-0.16882346653483687,3700.0,1.0716912758463082,-0.14345436782338955,60.0,-0.020492238191485157,0.025369098711447324,0.004876860519962167,0.9233600475029564,2024-2026,True
201568,Danilo Gallinari,0.47316297179847083,0.9004938656646587,1299.0,0.5239020061697449,0.9439813297947759,68.0,0.05073903437127408,0.04348746413011717,0.09422649850139125,1.3736568374631295,2024-2026,True
201569,Eric Gordon,0.5596434585890041,0.3328405352044412,5593.0,0.586046478981304,0.5628846123008691,233.0,0.026403020392299914,0.23004407709642788,0.2564470974887278,0.8924839937934452,2024-2026,False
201572,Brook Lopez,-1.1470417819139438,-2.2266200247477745,13516.0,-1.1000641352197134,-1.9752722803908505,537.0,0.046977646694230435,0.2513477443569241,0.2983253910511545,-3.373661806661718,2024-2026,False
201587,Nicolas Batum,-0.08810478980314607,-0.611897204892681,8489.0,-0.11474888619431937,-0.6958209483843102,667.0,-0.026644096391173308,-0.08392374349162923,-0.11056783988280254,-0.700001994695827,2024-2026,False
201599,DeAndre Jordan,-1.8064733571214977,-1.2487216484427672,2581.0,-1.8152237887427156,-1.1663072205798413,92.0,-0.008750431621217913,0.08241442786292597,0.07366399624170805,-3.055195005564265,2024-2026,True
201935,James Harden,3.7436173270367124,0.605778036791924,15551.0,3.614223413568535,0.7974019516154662,2297.0,-0.1293939134681774,0.19162391482354224,0.06223000135536483,4.349395363828636,2024-2026,False
201939,Stephen Curry,6.105626049006848,1.174795648148989,12604.0,6.184985288494058,1.216370659943294,532.0,0.0793592394872098,0.041575011794305006,0.1209342512815148,7.2804216971558375,2024-2026,False
201949,James Johnson,-1.0923879996585777,-0.4724554604773978,172.0,-1.1117463637014593,-0.5007662780185634,42.0,-0.019358364042881604,-0.028310817541165656,-0.04766918158404726,-1.5648434601359755,2024-2026,True
201950,Jrue Holiday,0.7787273966747283,-1.7937769653946893,11721.0,0.8069185616806441,-1.825294355172752,2260.0,0.028191165005915786,-0.03151738977806273,-0.0033262247721469462,-1.015049568719961,2024-2026,False
201976,Patrick Beverley,-0.0946216774717018,-0.33555822479698744,2957.0,0.06416822398953931,-0.17327202391021476,391.0,0.1587899014612411,0.16228620088677267,0.32107610234801376,-0.43017990226868924,2024-2026,False
201988,Patty Mills,-0.3028557110716036,-0.02677074918996536,1520.0,-0.3231733037750079,-0.05352734074758872,102.0,-0.02031759270340433,-0.02675659155762336,-0.04707418426102769,-0.32962646026156894,2024-2026,True
202066,Garrett Temple,-1.2658500966958761,-0.6561907879912563,1243.0,-1.2695302484727282,-0.6511970449156175,3.0,-0.003680151776852103,0.0049937430756388235,0.0013135912987867204,-1.9220408846871324,2024-2026,True
202330,Gordon Hayward,-0.28017835218880505,0.8335492979324961,2583.0,-0.3058026879505767,0.7733697372420414,90.0,-0.025624335761771644,-0.060179560690454714,-0.08580389645222636,0.5533709457436911,2024-2026,True
202331,Paul George,1.7248915197340728,-2.2107719106546533,10038.0,1.6926339168669842,-2.0743472376644427,1180.0,-0.032257602867088675,0.13642467299021055,0.10416707012312187,-0.48588039092058044,2024-2026,False
202681,Kyrie Irving,4.458717195962607,0.21103777629447618,7890.0,4.8035721691683495,0.14245047938409966,1673.0,0.34485497320574243,-0.06858729691037652,0.2762676762953659,4.669754972257083,2024-2026,False
202684,Tristan Thompson,-1.3571315062202587,-0.2451762829678057,1762.0,-1.386776161974327,-0.1602863441743938,226.0,-0.029644655754068383,0.08488993879341189,0.05524528303934351,-1.6023077891880644,2024-2026,False
202685,Jonas Valanciunas,0.45373064270380037,-1.3136686624863003,8737.0,0.3639134783251981,-1.3071013668749338,220.0,-0.08981716437860227,0.006567295611366486,-0.08324986876723578,-0.8599380197825,2024-2026,False
202687,Bismack Biyombo,-3.2333561779592572,-1.0116734462658374,2969.0,-3.2594146201019756,-0.9843618576473127,50.0,-0.026058442142718352,0.027311588618524785,0.0012531464758064326,-4.2450296242250944,2024-2026,True
202692,Alec Burks,0.26052246885061664,1.4484153050997204,4213.0,0.31508804783964267,1.5647158149877487,262.0,0.05456557898902603,0.11630050988802831,0.17086608887705435,1.708937773950337,2024-2026,False
202693,Markieff Morris,-1.6792473806160932,0.6356687680170243,798.0,-1.6524515093560017,0.5895955070629026,24.0,0.02679587126009153,-0.046073260954121675,-0.019277389694030145,-1.043578612599069,2024-2026,True
202694,Marcus Morris Sr.,-1.3993504050900372,0.6962272008495616,1646.0,-1.430069187884577,0.7079516871790342,261.0,-0.03071878279453988,0.01172448632947265,-0.01899429646506723,-0.7031232042404756,2024-2026,False
202695,Kawhi Leonard,5.6614053973870515,-1.9851662680143063,11182.0,5.61588107060747,-1.9342472172681704,600.0,-0.045524326779581514,0.0509190507461359,0.005394723966554382,3.676239129372745,2024-2026,False
202696,Nikola Vučević,-0.36437055554238257,-0.08561280946042898,13887.0,-0.36253339631690057,-0.060453319672357515,228.0,0.001837159225481999,0.02515948978807147,0.02699664901355347,-0.44998336500281155,2024-2026,False
202699,Tobias Harris,0.7181550476507732,-1.5016376656993355,13168.0,0.8092749805012722,-1.6049140753681423,1816.0,0.09111993285049902,-0.1032764096688068,-0.012156476818307782,-0.7834826180485623,2024-2026,False
202704,Reggie Jackson,-0.37696231979647504,0.5185036727390744,4446.0,-0.48820924842333047,0.36546481472529924,237.0,-0.11124692862685542,-0.15303885801377515,-0.26428578664063057,0.14154135294259934,2024-2026,False
202709,Cory Joseph,-0.31020487544446435,0.2970036144573785,1834.0,-0.321246903198803,0.2656585240935901,234.0,-0.011042027754338657,-0.03134509036378841,-0.042387118118127065,-0.01320126098708585,2024-2026,False
202710,Jimmy Butler III,3.0482714209044066,-0.9714629172690061,10088.0,2.9410911829355424,-0.9236468224691852,772.0,-0.10718023796886422,0.04781609479982096,-0.05936414316904326,2.0768085036354007,2024-2026,False
202711,Bojan Bogdanovic,-0.285993790175912,2.188166711778539,2999.0,-0.25457974420667334,2.0995519152414706,98.0,0.031414045969238635,-0.0886147965370685,-0.05720075056782986,1.902172921602627,2024-2026,True
202738,Isaiah Thomas,0.7021556643565583,0.24600670817673143,37.0,0.6800482904583023,0.2445510398389745,8.0,-0.02210737389825601,-0.0014556683377569268,-0.023563042236012938,0.9481623725332897,2024-2026,True
203076,Anthony Davis,0.6096587285510671,-3.0157761399680267,10468.0,0.5999379189349989,-3.0410073064958882,417.0,-0.009720809616068138,-0.025231166527861504,-0.03495197614392964,-2.4061174114169597,2024-2026,False
203078,Bradley Beal,0.12508532767954028,-0.13843158397617777,7312.0,0.07985681124559418,0.03351714446461984,305.0,-0.0452285164339461,0.17194872844079762,0.12672021200685152,-0.013346256296637493,2024-2026,False
203081,Damian Lillard,3.997450444824443,0.3814951733329849,9767.0,4.008145210080981,0.472675905563366,454.0,0.010694765256538119,0.09118073223038109,0.10187549748691921,4.378945618157427,2024-2026,False
203083,Andre Drummond,-1.6242128568431364,-0.9979461508231039,6694.0,-1.5441308883794465,-0.9460956741408579,268.0,0.08008196846368998,0.05185047668224596,0.13193244514593594,-2.6221590076662404,2024-2026,False
203084,Harrison Barnes,0.3901310138602988,0.5491391826182603,13583.0,0.49759618933915234,0.5119613261601392,362.0,0.10746517547885354,-0.037177856458121106,0.07028731902073243,0.9392701964785591,2024-2026,False
203109,Jae Crowder,-1.1456730952017555,0.05593889832701306,2605.0,-1.177744531989959,0.10550583588572163,83.0,-0.03207143678820357,0.049566937558708564,0.017495500770504997,-1.0897341968747425,2024-2026,True
203110,Draymond Green,-0.8801401116225924,-3.3367564592145498,11095.0,-0.9987363187230763,-3.507650763899956,755.0,-0.11859620710048391,-0.17089430468540634,-0.28949051178589025,-4.216896570837142,2024-2026,False
203114,Khris Middleton,0.9415093674488006,1.0736837370630536,7960.0,1.0589314241893744,1.1580132307770161,439.0,0.11742205674057371,0.08432949371396248,0.2017515504545362,2.0151931045118543,2024-2026,False
203200,Justin Holiday,-0.5292460382823462,-0.2831481242424666,1758.0,-0.635133240456075,-0.47002890459502733,289.0,-0.10588720217372882,-0.18688078035256073,-0.29276798252628955,-0.8123941625248128,2024-2026,False
203458,Alex Len,-2.199334665086008,-1.082473223265103,1682.0,-2.2023191259173553,-1.0789174522703222,5.0,-0.002984460831347402,0.0035557709947808824,0.0005713101634334805,-3.281807888351111,2024-2026,True
203468,CJ McCollum,1.6948664739648631,0.7264977598492701,12964.0,1.4744728273867511,0.7076699024482701,681.0,-0.220393646578112,-0.018827857401000014,-0.23922150397911202,2.421364233814133,2024-2026,False
203471,Dennis Schröder,-0.21526711779991686,1.658237269646238,12812.0,-0.2722200484180009,1.6429274376807543,862.0,-0.05695293061808404,-0.015309831965483633,-0.07226276258356767,1.4429701518463212,2024-2026,False
203482,Kelly Olynyk,-0.3764006452217938,0.5038171074191329,6250.0,-0.3743635589186003,0.5137289059208253,75.0,0.0020370863031934916,0.009911798501692437,0.011948884804885929,0.1274164621973391,2024-2026,True
203484,Kentavious Caldwell-Pope,-0.7976875664081656,-1.4215653283266199,11623.0,-0.887347937930813,-1.317165079146553,1127.0,-0.08966037152264739,0.10440024918006685,0.014739877657419465,-2.2192528947347854,2024-2026,False
203486,Mason Plumlee,-0.4980143153475102,-0.47224358640876135,4389.0,-0.5243896923880613,-0.5225996663666537,166.0,-0.02637537704055115,-0.05035607995789232,-0.07673145699844347,-0.9702579017562716,2024-2026,True
203497,Rudy Gobert,-1.532185090570512,-4.616623107037866,14826.0,-1.1434291346542784,-4.994479927446828,2547.0,0.3887559559162337,-0.3778568204089616,0.010899135507272062,-6.148808197608378,2024-2026,False
203500,Steven Adams,0.1175506287933793,-0.9851676226013522,3058.0,0.20936090193751405,-0.9504036828138125,288.0,0.09181027314413476,0.034763939787539666,0.12657421293167442,-0.8676169938079729,2024-2026,False
203501,Tim Hardaway Jr.,0.46924824808570864,1.798371645878764,13288.0,0.4129137475020873,1.5256881948889842,1012.0,-0.05633450058362133,-0.27268345098977975,-0.3290179515734011,2.2676198939644725,2024-2026,False
203507,Giannis Antetokounmpo,4.22068290258295,-1.3494727229063508,12224.0,4.260886324479077,-1.4190531723258386,374.0,0.04020342189612691,-0.06958044941948782,-0.02937702752336091,2.871210179676599,2024-2026,False
203648,Thanasis Antetokounmpo,-1.3594541619897162,-0.734145912914554,629.0,-1.3446968030902349,-0.7400846545652248,11.0,0.014757358899481376,-0.005938741650670765,0.008818617248810612,-2.0936000749042702,2024-2026,True
203903,Jordan Clarkson,0.17505325354131537,0.7520962436542379,8086.0,0.366534076468801,0.7577239884868806,389.0,0.1914808229274856,0.005627744832642723,0.19710856776012833,0.9271494971955533,2024-2026,False
203914,Gary Harris,-0.941274090744796,-0.41141613850577835,5386.0,-0.9866641119991041,-0.44018867782317744,465.0,-0.04539002125430813,-0.028772539317399093,-0.07416256057170723,-1.3526902292505742,2024-2026,False
203915,Spencer Dinwiddie,0.6431119482593566,0.3719484457071008,8876.0,0.5613726063362984,0.376695019101772,151.0,-0.0817393419230582,0.004746573394671216,-0.07699276852838699,1.0150603939664573,2024-2026,True
203924,Jerami Grant,-0.5773082315733226,1.322658405275806,10442.0,-0.6358939567195954,1.3812340573514081,227.0,-0.058585725146272805,0.058575652075602225,-1.0073070670579831e-05,0.7453501737024834,2024-2026,False
203926,Doug McDermott,-0.9858719946473241,1.6413113835122088,3512.0,-1.006526176623441,1.6989739063866038,131.0,-0.020654181976116903,0.057662522874394995,0.03700834089827809,0.6554393888648847,2024-2026,True
203932,Aaron Gordon,0.3359701998837301,-0.4992589668719812,9690.0,0.13588607031823668,-0.3686359538826928,2064.0,-0.20008412956549343,0.13062301298928836,-0.06946111657620507,-0.16328876698825107,2024-2026,False
203933,T.J. Warren,-1.1422698831138305,0.261478197505444,267.0,-1.1444102086116057,0.2632964357751789,22.0,-0.0021403254977752084,0.0018182382697349286,-0.0003220872280402798,-0.8807916856083865,2024-2026,True
203935,Marcus Smart,0.05998280220356983,-1.4789720155759598,6355.0,0.13655011503694967,-1.5006852031457327,675.0,0.07656731283337984,-0.021713187569772918,0.05485412526360692,-1.41898921337239,2024-2026,False
203937,Kyle Anderson,-2.1468083668703577,-1.212984833087885,7510.0,-2.152146366144397,-1.1262461983503977,615.0,-0.00533799927403944,0.08673863473748722,0.08140063546344778,-3.3597931999582427,2024-2026,False
203939,Dwight Powell,-0.6611233318229169,-1.534873176780409,4802.0,-0.6365682534016732,-1.5438375923016026,86.0,0.024555078421243715,-0.008964415521193647,0.015590662900050067,-2.1959965086033257,2024-2026,True
203944,Julius Randle,1.2073573043452475,0.628979605985468,13275.0,1.1133891816897103,0.5037559792868026,1864.0,-0.09396812265553711,-0.12522362669866538,-0.2191917493542025,1.8363369103307154,2024-2026,False
203952,Andrew Wiggins,-0.7495973709748431,-0.17613304256168755,12172.0,-0.8002995165660448,0.000620873790034504,232.0,-0.050702145591201675,0.17675391635172205,0.12605177076052038,-0.9257304135365307,2024-2026,False
203954,Joel Embiid,2.4131419676614265,-1.5792708932789572,6396.0,2.5087922274040624,-1.4821993018140518,922.0,0.09565025974263586,0.0970715914649054,0.19272185120754126,0.8338710743824693,2024-2026,False
203957,Dante Exum,0.2838756828083526,0.023145120737161573,3030.0,0.2372264563672774,0.004656796309173403,280.0,-0.04664922644107522,-0.01848832442798817,-0.0651375508690634,0.3070208035455142,2024-2026,False
203991,Clint Capela,-1.1532075616409287,-2.42244529504465,8290.0,-1.1534823069873945,-2.3473257529302116,41.0,-0.00027474534646576565,0.07511954211443816,0.0748447967679724,-3.5756528566855783,2024-2026,True
203992,Bogdan Bogdanović,1.1509097591834105,-0.10581880894311535,8663.0,1.1082171375789742,-0.284936596266668,232.0,-0.04269262160443632,-0.17911778732355266,-0.22181040892798898,1.0450909502402952,2024-2026,False
203994,Jusuf Nurkić,-0.9739825251866947,-3.5823669851847404,8723.0,-0.9799121055055877,-3.544466038643273,200.0,-0.005929580318893013,0.03790094654146747,0.03197136622257446,-4.556349510371435,2024-2026,False
203999,Nikola Jokić,6.621546131463136,-1.5269185938420298,15777.0,6.207663167026296,-1.4860555962720734,2573.0,-0.4138829644368398,0.04086299756995637,-0.37301996686688343,5.094627537621106,2024-2026,False
204001,Kristaps Porziņģis,0.5811322789270561,-1.6912109398212438,7585.0,0.5346411808747503,-1.564963847408247,755.0,-0.04649109805230578,0.1262470924129968,0.07975599436069103,-1.1100786608941877,2024-2026,False
204060,Joe Ingles,1.0622555352300578,0.6715724781719417,2940.0,1.111185115776794,0.6321262001455892,158.0,0.04892958054673624,-0.03944627802635248,0.009483302520383763,1.7338280134019994,2024-2026,True
204456,T.J. McConnell,1.9762399520756908,0.6947492444819756,7723.0,2.076572759616017,0.720085020906334,1512.0,0.10033280754032603,0.02533577642435836,0.1256685839646844,2.6709891965576666,2024-2026,False
1626145,Tyus Jones,-0.38574865298420047,2.178238889701759,10549.0,-0.38119421679315135,2.215912238130673,61.0,0.004554436191049116,0.03767334842891401,0.04222778461996313,1.7924902367175584,2024-2026,True
1626153,Delon Wright,-0.05299052914904784,-1.0994580624625323,2801.0,-0.028048983090549998,-1.181644354238926,301.0,0.02494154605849784,-0.0821862917763938,-0.057244745717895965,-1.15244859161158,2024-2026,False
1626156,D'Angelo Russell,0.9473864017008911,0.19800598551769366,9274.0,0.9625620079328157,0.11217691096928714,361.0,0.015175606231924599,-0.08582907454840652,-0.07065346831648192,1.1453923872185847,2024-2026,False
1626157,Karl-Anthony Towns,2.3300839848277013,-0.7090947110725028,13884.0,2.4220065599906158,-1.5075783482363345,3390.0,0.09192257516291447,-0.7984836371638317,-0.7065610620009173,1.6209892737551985,2024-2026,False
1626162,Kelly Oubre Jr.,-1.0834950366149938,0.3747854418956529,11616.0,-0.9665791004675959,0.5228636107567527,1138.0,0.11691593614739793,0.1480781688610998,0.26499410500849774,-0.7087095947193409,2024-2026,False
1626164,Devin Booker,3.4821739912811522,0.37134973702403407,15149.0,3.5358487144855992,0.7078388247224225,640.0,0.053674723204446995,0.3364890876983885,0.3901638109028355,3.8535237283051864,2024-2026,False
1626166,Cameron Payne,0.6407778064001545,0.3352855691854575,5680.0,0.4400896201078504,0.2748767547823416,309.0,-0.20068818629230406,-0.06040881440311591,-0.26109700069541997,0.976063375585612,2024-2026,False
1626167,Myles Turner,-0.6313884105881182,-2.039721117831453,12743.0,0.05116426331277768,-1.73050870655555,2386.0,0.6825526739008959,0.30921241127590315,0.9917650851767991,-2.6711095284195716,2024-2026,False
1626171,Bobby Portis Jr.,-0.037364114846671584,2.140880159536695,9975.0,0.16659442996374196,1.9313878640889968,670.0,0.20395854481041353,-0.20949229544769832,-0.0055337506372847844,2.1035160446900236,2024-2026,False
1626172,Kevon Looney,-0.6386460455461158,-0.4637121832963358,5386.0,-0.6228686099459213,-0.4404247653323149,238.0,0.01577743560019451,0.023287417964020896,0.03906485356421541,-1.1023582288424516,2024-2026,False
1626181,Norman Powell,1.5526598115619215,-0.3675692742318124,11813.0,1.499991027480356,-0.2307656088763377,801.0,-0.05266878408156539,0.1368036653554747,0.0841348812739093,1.185090537330109,2024-2026,False
1626192,Pat Connaughton,-0.9024654772669805,0.6244631418603512,5267.0,-0.8961843245607698,0.6441551598625456,269.0,0.006281152706210658,0.019692018002194334,0.02597317070840499,-0.2780023354066292,2024-2026,False
1626204,Larry Nance Jr.,-1.4384171116205342,-0.9298066856805902,4401.0,-1.5671000985032302,-1.0768990742918145,181.0,-0.12868298688269597,-0.1470923886112243,-0.2757753754939203,-2.368223797301124,2024-2026,True
1626220,Royce O'Neale,-0.64882830894392,-0.4366345678794085,12345.0,-0.6641584624411584,-0.11303050197666709,404.0,-0.01533015349723843,0.32360406590274143,0.308273912405503,-1.0854628768233285,2024-2026,False
1627732,Ben Simmons,-0.09015368664277884,-1.0952148881953188,2983.0,-0.12476338679633,-1.1734810257755703,85.0,-0.034609700153551165,-0.07826613758025158,-0.11287583773380275,-1.1853685748380975,2024-2026,True
1627736,Malik Beasley,0.38097071906543445,0.04173251205631867,9711.0,0.2757219732638798,-0.04257092340465672,605.0,-0.10524874580155463,-0.08430343546097539,-0.18955218126253004,0.4227032311217531,2024-2026,False
1627739,Kris Dunn,0.4493552906156574,-1.8756017967352137,10677.0,0.4491430371592462,-1.8365805680176377,282.0,-0.0002122534564111822,0.03902122871757596,0.03880897526116478,-1.4262465061195564,2024-2026,False
1627741,Buddy Hield,0.25858956443677095,0.6418711874094398,10078.0,0.2197691623432187,0.5182142137031849,768.0,-0.03882040209355225,-0.12365697370625495,-0.1624773757998072,0.9004607518462108,2024-2026,False
1627742,Brandon Ingram,0.5524452467689763,0.16310362692712072,10764.0,0.36444599676256684,-0.02813938111763903,602.0,-0.1879992500064095,-0.19124300804475974,-0.37924225805116923,0.7155488736960971,2024-2026,False
1627745,Damian Jones,-2.4424731189072233,-0.4921780647392582,529.0,-2.4478341231015883,-0.49564591338921293,19.0,-0.005361004194365027,-0.0034678486499547523,-0.008828852844319779,-2.9346511836464817,2024-2026,True
1627747,Caris LeVert,0.041206596752952795,0.030008783287401086,9794.0,0.007142563681708819,0.18796540053284522,964.0,-0.034064033071243977,0.15795661724544413,0.12389258417420015,0.07121538004035388,2024-2026,False
1627750,Jamal Murray,5.107579513429045,1.669349142864107,14166.0,4.735104527348575,1.9641275622540202,2511.0,-0.37247498608047014,0.2947784193899132,-0.07769656669055691,6.776928656293152,2024-2026,False
1627751,Jakob Poeltl,-0.08235843925078046,-3.032245255873776,8549.0,-0.06014038762427549,-3.0427897887724145,277.0,0.02221805162650497,-0.010544532898638437,0.011673518727866532,-3.1146036951245564,2024-2026,False
1627752,Taurean Prince,-0.19625332624023523,0.47134189748646516,10142.0,-0.29576370378413036,0.4973262026486792,352.0,-0.09951037754389513,0.02598430516221406,-0.07352607238168107,0.27508857124622993,2024-2026,False
1627759,Jaylen Brown,1.5954462688667,0.6867613388736178,14116.0,1.3085453566657077,0.6365338611467255,2623.0,-0.28690091220099223,-0.05022747772689229,-0.3371283899278845,2.2822076077403177,2024-2026,False
1627777,Georges Niang,0.018814947398397064,1.364384873971145,7249.0,-0.03848407536413755,1.4835520427365991,234.0,-0.05729902276253462,0.11916716876545408,0.06186814600291946,1.383199821369542,2024-2026,False
1627780,Gary Payton II,0.8514468112623688,-0.9835340580194262,5691.0,0.7716541919317438,-0.8896242849070941,362.0,-0.07979261933062498,0.09390977311233206,0.014117153781707081,-0.1320872467570574,2024-2026,False
1627783,Pascal Siakam,1.8194703528881213,-0.8289103694174655,15106.0,2.3532369958760815,-0.9142392410610015,2719.0,0.5337666429879602,-0.08532887164353598,0.4484377713444242,0.9905599834706558,2024-2026,False
1627826,Ivica Zubac,-1.7183979665644038,-2.344008680981744,11735.0,-1.7223969898880245,-2.207483133306527,829.0,-0.003999023323620676,0.13652554767521696,0.1325265243515963,-4.0624066475461476,2024-2026,False
1627827,Dorian Finney-Smith,0.45470330953488547,-1.1807406187592444,8770.0,0.2761443561386038,-1.0285539938464419,415.0,-0.1785589533962817,0.15218662491280255,-0.026372328483479146,-0.7260373092243589,2024-2026,False
1627832,Fred VanVleet,1.3980980708999582,-1.4326563119573767,9735.0,1.499682561311414,-1.4299725453175356,539.0,0.10158449041145579,0.0026837666398411564,0.10426825705129694,-0.03455824105741856,2024-2026,False
1627884,Derrick Jones Jr.,-0.6880995673720515,-0.9611743497429754,10259.0,-0.5712891800941645,-0.975187683044899,1499.0,0.11681038727788695,-0.014013333301923558,0.10279705397596339,-1.649273917115027,2024-2026,False
1627936,Alex Caruso,-0.014492725750286917,-3.957350581879913,8466.0,0.24188649692577757,-3.923015469440417,1864.0,0.2563792226760645,0.03433511243949594,0.29071433511556044,-3.9718433076301998,2024-2026,False
1628365,Markelle Fultz,-1.275037967873993,0.32790913217479567,2290.0,-1.2474725675924487,0.18052667267723377,201.0,0.027565400281544195,-0.1473824594975619,-0.11981705921601771,-0.9471288356991973,2024-2026,False
1628368,De'Aaron Fox,2.996463669848311,-1.103832562208511,14913.0,3.0305545479087006,-1.4589054635430683,1413.0,0.034090878060389684,-0.35507290133455727,-0.3209820232741676,1.8926311076398,2024-2026,False
1628369,Jayson Tatum,3.3196012527630803,0.005270222585289974,11748.0,3.3934763650281807,-0.19092818796484157,2516.0,0.07387511226510046,-0.19619841055013154,-0.12232329828503108,3.3248714753483704,2024-2026,False
1628371,Jonathan Isaac,-1.161654528150671,-2.808715877875734,5104.0,-1.1766436255092014,-2.9488663097828773,416.0,-0.01498909735853049,-0.14015043190714316,-0.15513952926567365,-3.9703704060264053,2024-2026,False
1628378,Donovan Mitchell,4.124890817566068,-1.3190319533995416,13605.0,3.792942750448549,-1.2874378229920436,2635.0,-0.3319480671175188,0.03159413040749803,-0.30035393671002075,2.8058588641665265,2024-2026,False
1628379,Luke Kennard,1.5949839351854744,1.7376765781707428,8652.0,1.5065700648528944,1.7826853093205925,808.0,-0.08841387033258008,0.04500873114984971,-0.04340513918273037,3.3326605133562173,2024-2026,False
1628384,OG Anunoby,0.5691470407795495,-2.558707243938833,13396.0,0.6251229335271906,-2.5131488240862065,3212.0,0.05597589274764114,0.04555841985262665,0.1015343126002678,-1.9895602031592836,2024-2026,False
1628386,Jarrett Allen,0.7903540899308441,-1.844031941964471,12882.0,0.913306019964443,-1.9279378157288014,1805.0,0.12295193003359894,-0.08390587376433034,0.0390460562692686,-1.053677852033627,2024-2026,False
1628389,Bam Adebayo,0.16901425992261626,-3.061405938790227,15164.0,0.17709277839894427,-2.902870149788019,661.0,0.008078518476328012,0.1585357890022081,0.16661430747853612,-2.892391678867611,2024-2026,False
1628392,Isaiah Hartenstein,0.7927931009841446,-3.1162363250830025,9412.0,0.9073374219473259,-2.6076562657724693,2445.0,0.11454432096318135,0.5085800593105332,0.6231243802737145,-2.323443224098858,2024-2026,False
1628396,Tony Bradley,-2.034679586768937,0.5255185844659358,1174.0,-2.0355970102525687,0.45199233594389354,242.0,-0.000917423483631552,-0.07352624852204226,-0.07444367200567381,-1.5091610023030013,2024-2026,False
1628398,Kyle Kuzma,-2.1094110769891183,1.456928640981491,12651.0,-2.1509088121154765,1.495175437046746,208.0,-0.041497735126358126,0.03824679606525505,-0.0032509390611030753,-0.6524824360076273,2024-2026,False
1628401,Derrick White,2.470144326164343,-2.2341969248857194,15236.0,2.0626775230212875,-2.165874759407588,2584.0,-0.4074668031430555,0.06832216547813141,-0.3391446376649241,0.23594740127862357,2024-2026,False
1628404,Josh Hart,0.6437421068394924,-0.69759985428178,15187.0,0.85047722654089,-0.6492593500654483,3553.0,0.20673511970139757,0.048340504216331626,0.2550756239177292,-0.05385774744228755,2024-2026,False
1628415,Dillon Brooks,-0.4610934633349607,-0.7988311098330452,12928.0,-0.2555124988266593,-0.7025721252764974,680.0,0.20558096450830143,0.0962589845565478,0.30183994906484923,-1.2599245731680058,2024-2026,False
1628418,Thomas Bryant,-1.5860797406310445,0.1778021016988609,4401.0,-1.7261736765123101,0.27198525826240766,451.0,-0.14009393588126562,0.09418315656354675,-0.045910779317718864,-1.4082776389321836,2024-2026,False
1628420,Monte Morris,-0.15568383898906302,0.5291917635869229,2280.0,-0.23660704192122428,0.46452960345780686,137.0,-0.08092320293216126,-0.06466216012911602,-0.14558536306127728,0.37350792459785986,2024-2026,True
1628427,Vlatko Čančar,-2.8411892676713277,0.03924398131296852,287.0,-2.851194673785422,0.012724384873652218,22.0,-0.010005406114094395,-0.026519596439316305,-0.0365250025534107,-2.801945286358359,2024-2026,True
1628436,Luke Kornet,0.8728942283838204,-2.3419453977046065,7545.0,0.7281182671053454,-2.2442919107602086,1214.0,-0.14477596127847492,0.0976534869443979,-0.047122474334077014,-1.4690511693207862,2024-2026,False
1628464,Daniel Theis,-1.3650896604617224,-0.22026373360290086,3358.0,-1.3460102297498735,-0.19475246404104793,8.0,0.01907943071184892,0.02551126956185293,0.04459070027370185,-1.5853533940646232,2024-2026,True
1628467,Maxi Kleber,-1.6446230723891937,-0.7349492671261861,4090.0,-1.579338571080923,-0.7632492593037429,469.0,0.06528450130827079,-0.028299992177556743,0.03698450913071405,-2.37957233951538,2024-2026,False
1628470,Torrey Craig,-0.8505521080738845,-0.1913273770609113,2721.0,-0.7992101665051644,-0.17860991888626615,38.0,0.05134194156872007,0.012717458174645146,0.06405939974336522,-1.0418794851347957,2024-2026,True
1628960,Grayson Allen,1.3699284190376402,1.5820695582688908,11280.0,1.4346347378985966,1.561842169748818,155.0,0.06470631886095646,-0.020227388520072775,0.04447893034088368,2.9519979773065312,2024-2026,True
1628963,Marvin Bagley III,-0.9580701440208537,0.014427670851066388,5279.0,-0.9831216347140281,0.04250282726587905,61.0,-0.025051490693174472,0.02807515641481266,0.0030236657216381885,-0.9436424731697872,2024-2026,True
1628969,Mikal Bridges,0.8440434820953059,-0.8252297307423155,17319.0,0.7913473221773185,-0.8884834982609944,2603.0,-0.05269615991798737,-0.06325376751867884,-0.11594992743666621,0.01881375135299035,2024-2026,False
1628971,Bruce Brown,-0.9947837411370025,1.6346889363288297,9922.0,-0.9898700051411288,1.7729652180483166,239.0,0.004913735995873747,0.13827628171948692,0.14319001771536066,0.6399051951918272,2024-2026,False
1628973,Jalen Brunson,4.785362177588562,1.021129063319294,15325.0,5.150649627885947,1.0405370317944136,3759.0,0.3652874502973855,0.019407968475119608,0.3846954187725051,5.806491240907856,2024-2026,False
1628975,Jevon Carter,-0.21452618890227898,0.993637733763132,4527.0,-0.19984522143901137,0.9581319456685923,29.0,0.014680967463267608,-0.03550578809453975,-0.02082482063127214,0.779111544860853,2024-2026,True
1628976,Wendell Carter Jr.,-2.216694079118806,-1.9260765023888125,11046.0,-2.154954688701006,-1.7714222744868562,1136.0,0.06173939041780008,0.15465422790195626,0.21639361831975634,-4.142770581507619,2024-2026,False
1628978,Donte DiVincenzo,1.2043285148929703,-0.41886728151974073,13176.0,1.2914675150932617,-0.04977747372425706,1875.0,0.08713900020029142,0.36908980779548367,0.4562288079957751,0.7854612333732296,2024-2026,False
1628983,Shai Gilgeous-Alexander,6.769930109493017,-1.7629033901481068,15651.0,6.543597194987149,-1.526636309804953,3608.0,-0.22633291450586768,0.2362670803431539,0.009934165837286235,5.0070267193449105,2024-2026,False
1628988,Aaron Holiday,-0.1323223447066765,0.0047726134474965765,5887.0,-0.2115101058083315,0.03879286941203761,187.0,-0.07918776110165499,0.03402025596454104,-0.04516750513711395,-0.12754973125917993,2024-2026,True
1628989,Kevin Huerter,0.5181124281529246,-0.19890255898225642,10005.0,0.4754518132685027,-0.24929583550052153,96.0,-0.042660614884421855,-0.05039327651826511,-0.09305389140268697,0.3192098691706682,2024-2026,True
1628991,Jaren Jackson Jr.,-0.6918774947598261,-2.8344649529360297,12196.0,-0.7173405658178557,-2.583798826137322,288.0,-0.025463071058029585,0.2506661267987078,0.22520305574067823,-3.526342447695856,2024-2026,False
1628995,Kevin Knox II,-1.8502830165709945,0.6133864963123219,1339.0,-1.7964391570031149,0.5519142503041804,82.0,0.053843859567879626,-0.061472246008141496,-0.0076283864402618695,-1.2368965202586726,2024-2026,True
1628997,Caleb Martin,-1.9282669091262825,-0.699681239211459,7772.0,-1.9507100444362113,-0.7208738423495596,333.0,-0.022443135309928808,-0.021192603138100674,-0.04363573844802948,-2.6279481483377416,2024-2026,False
1629001,De'Anthony Melton,0.6065556577721534,-0.5946055588549352,4701.0,0.60827465261361,-0.6349666920765104,16.0,0.0017189948414566558,-0.040361133221575196,-0.03864213838011854,0.01195009891721821,2024-2026,True
1629003,Shake Milton,-1.1736567006020353,0.77250362358082,2920.0,-1.1928404517774587,0.6882544286378734,48.0,-0.01918375117542337,-0.08424919494294658,-0.10343294611836995,-0.4011530770212153,2024-2026,True
1629004,Svi Mykhailiuk,0.911594463669234,0.6948948727754082,4855.0,0.8590260770526073,0.723556447048308,60.0,-0.05256838661662677,0.028661574272899837,-0.023906812343726935,1.6064893364446422,2024-2026,True
1629006,Josh Okogie,-0.2828616695328948,-0.7147486185384777,5929.0,-0.29018819284675923,-0.7398144742251941,260.0,-0.007326523313864408,-0.025065855686716376,-0.032392379000580784,-0.9976102880713725,2024-2026,False
1629008,Michael Porter Jr.,1.7136021546698705,0.7746464872615199,13907.0,1.5782532588084215,1.0107470216023555,1716.0,-0.13534889586144905,0.23610053434083567,0.10075163847938662,2.4882486419313903,2024-2026,False
1629011,Mitchell Robinson,-0.5935895470567678,-1.3266957148187524,4411.0,-0.3758831330183483,-1.3478303114352854,1447.0,0.2177064140384195,-0.021134596616533052,0.19657181742188645,-1.9202852618755202,2024-2026,False
1629013,Landry Shamet,-0.37901542968400415,0.5874126854079975,5450.0,-0.1909680362471587,0.3601888619044623,785.0,0.18804739343684546,-0.2272238235035352,-0.03917643006668975,0.20839725572399337,2024-2026,False
1629018,Gary Trent Jr.,-0.43300685662931876,2.9043012474975907,10804.0,-0.41041224941701576,2.756393778960225,345.0,0.022594607212302997,-0.1479074685373658,-0.1253128613250628,2.471294390868272,2024-2026,False
1629020,Jarred Vanderbilt,-0.1957476282337386,0.17452571914308612,4734.0,-0.19907810976604878,0.08193517620204019,259.0,-0.003330481532310192,-0.09259054294104593,-0.09592102447335613,-0.02122190909065247,2024-2026,False
1629021,Moritz Wagner,-0.5523201665952627,1.2451110443858964,4894.0,-0.5407494886192309,0.9587369216537529,226.0,0.01157067797603184,-0.28637412273214347,-0.2748034447561116,0.6927908777906336,2024-2026,False
1629023,P.J. Washington,-1.4923276044505493,-0.8333934538286389,12056.0,-1.3216615329118406,-0.8717478259310414,1508.0,0.17066607153870872,-0.038354372102402445,0.13231169943630627,-2.3257210582791883,2024-2026,False
1629026,Kenrich Williams,1.014357640624556,-0.8268723846795903,6211.0,0.9734356613986194,-0.869369322285621,506.0,-0.040921979225936655,-0.04249693760603068,-0.08341891683196734,0.18748525594496568,2024-2026,False
1629028,Deandre Ayton,-2.76762078459495,-0.5488572909103591,9995.0,-2.7304419417693255,-0.5093387898403348,531.0,0.037178842825624336,0.0395185010700243,0.07669734389564864,-3.3164780755053087,2024-2026,False
1629029,Luka Dončić,6.0811665946557545,-0.8652898718338309,13875.0,6.128515393915958,-0.8002849026650781,2119.0,0.0473487992602033,0.06500496916875276,0.11235376842895606,5.215876722821924,2024-2026,False
1629048,Goga Bitadze,-0.589277023371997,-1.5352604633856854,6740.0,-0.7384096147026872,-1.5721534712857066,204.0,-0.14913259133069012,-0.036893007900021146,-0.18602559923071127,-2.1245374867576823,2024-2026,False
1629052,Oshae Brissett,-0.20705966463173964,0.2805846796096332,1589.0,-0.23390752014114297,0.2913762040592734,105.0,-0.02684785550940333,0.01079152444964021,-0.016056331059763118,0.07352501497789354,2024-2026,True
1629057,Robert Williams III,-1.100141772666242,-1.1959034031686908,3088.0,-1.0638529300314874,-1.222377625836313,213.0,0.036288842634754515,-0.026474222667622227,0.009814619967132288,-2.2960451758349327,2024-2026,False
1629060,Rui Hachimura,-0.10643189022070498,0.2045096410179959,11581.0,-0.2590444940913657,0.5224226365853062,1378.0,-0.15261260387066072,0.3179129955673103,0.16530039169664956,0.09807775079729092,2024-2026,False
1629111,Jock Landale,-0.10847860506104756,-0.12165268345288846,5741.0,-0.14199845775473097,-0.09992329566347855,11.0,-0.033519852693683405,0.021729387789409915,-0.01179046490427349,-0.23013128851393602,2024-2026,True
1629130,Duncan Robinson,0.8430853151410513,0.230861371870314,11731.0,0.6871478173222256,0.3711245322840303,977.0,-0.1559374978188257,0.1402631604137163,-0.0156743374051094,1.0739466870113654,2024-2026,False
1629162,Jordan McLaughlin,0.36580233627329384,-0.8062378484971635,2485.0,0.3849364587478862,-0.7714201664063227,160.0,0.01913412247459234,0.034817682090840796,0.05395180456543314,-0.4404355122238697,2024-2026,True
1629216,Gabe Vincent,-0.4855206194799617,0.16328287819697662,5411.0,-0.7041851058121351,0.577774110555813,526.0,-0.2186644863321734,0.41449123235883634,0.19582674602666295,-0.3222377412829851,2024-2026,False
1629234,Drew Eubanks,-3.1150392051783156,-0.18775738558690466,5069.0,-3.1061629528470918,-0.21927292012181104,105.0,0.0088762523312238,-0.03151553453490638,-0.02263928220368258,-3.30279659076522,2024-2026,True
1629312,Haywood Highsmith,-1.195741838405219,-1.5385258108864512,6527.0,-1.3538115584718378,-1.3780012722351866,415.0,-0.1580697200666188,0.1605245386512646,0.0024548185846458015,-2.73426764929167,2024-2026,False
1629599,Amir Coffey,-1.6303181678854597,1.7846004996295424,7541.0,-1.6702937820090533,1.928538168414335,228.0,-0.03997561412359363,0.14393766878479264,0.10396205466119901,0.15428233174408268,2024-2026,False
1629603,Mamadi Diakite,-1.4923959081522629,0.17247750795046868,51.0,-1.4890518397258312,0.0962364796039025,30.0,0.0033440684264316456,-0.07624102834656618,-0.07289695992013454,-1.3199184002017943,2024-2026,True
1629610,DaQuan Jeffries,-1.5878466072248987,1.3326492026084988,2362.0,-1.599539532325445,1.2354538529034367,40.0,-0.011692925100546425,-0.09719534970506216,-0.10888827480560859,-0.25519740461639984,2024-2026,True
1629611,Terance Mann,-0.20903165574183963,1.2853079678108839,9697.0,-0.21206381944866956,1.5039699779258648,357.0,-0.0030321637068299323,0.218662010114981,0.21562984640815105,1.0762763120690442,2024-2026,False
1629614,Andrew Nembhard,-0.5650953443679828,-0.11420638266140837,11170.0,0.0057924431281817235,-0.2103217753037202,2588.0,0.5708877874961645,-0.09611539264231184,0.4747723948538527,-0.6793017270293912,2024-2026,False
1629618,Jalen Pickett,-1.3282827539051545,0.4747326076555086,3213.0,-1.4740287686318783,0.42476058298206454,147.0,-0.14574601472672377,-0.04997202467344408,-0.19571803940016785,-0.8535501462496459,2024-2026,True
1629622,Max Strus,0.3043628520572757,-0.813369910402832,7833.0,0.3552914334226058,-0.47925247883072103,2332.0,0.05092858136533007,0.334117431572111,0.38504601293744106,-0.5090070583455564,2024-2026,False
1629626,Bol Bol,-1.667961325038735,0.16039237705642811,1886.0,-1.692115102506184,0.17167876861796755,26.0,-0.024153777467448956,0.011286391561539433,-0.012867385905909523,-1.507568947982307,2024-2026,True
1629628,RJ Barrett,0.9939992278255663,0.06710704696274505,11305.0,1.1695738680785077,0.12611448187689722,542.0,0.17557464025294145,0.05900743491415217,0.23458207516709362,1.0611062747883113,2024-2026,False
1629630,Ja Morant,2.0039584104675,0.6890599102700151,5198.0,2.0029388514579436,0.7468133228393594,175.0,-0.0010195590095563034,0.0577534125693443,0.056733853559787994,2.693018320737515,2024-2026,True
1629631,De'Andre Hunter,0.16509808144977922,0.6867861433305814,9745.0,0.2929639827806174,0.6036966537853764,381.0,0.1278659013308382,-0.08308948954520501,0.044776411785633186,0.8518842247803606,2024-2026,False
1629636,Darius Garland,2.898174934750374,0.94105911173219,11392.0,2.7040131284193407,1.2476346926140471,1124.0,-0.1941618063310333,0.3065755808818571,0.1124137745508238,3.839234046482564,2024-2026,False
1629637,Jaxson Hayes,-1.877117080815951,-0.4866286358657792,6518.0,-1.938540630328957,-0.5842694778977783,433.0,-0.06142354951300599,-0.09764084203199908,-0.15906439154500507,-2.36374571668173,2024-2026,False
1629638,Nickeil Alexander-Walker,1.4165943491691158,-0.42586751132923417,13745.0,1.459581226100503,-0.46889320669742385,1798.0,0.04298687693138725,-0.043025695368189676,-3.8818436802423584e-05,0.9907268378398816,2024-2026,False
1629639,Tyler Herro,2.1832875086254027,1.1827192812434881,10525.0,2.1680115823813937,1.295456496090632,638.0,-0.015275926244008975,0.11273721484714394,0.09746128860313497,3.366006789868891,2024-2026,False
1629640,Keldon Johnson,-0.7808621507625116,1.4648422149163483,12215.0,-0.6995656900198162,1.3160534505749093,828.0,0.08129646074269548,-0.14878876434143895,-0.06749230359874347,0.6839800641538366,2024-2026,False
1629642,Nassir Little,-1.9999692008414536,0.673206307459975,948.0,-2.0174048211878914,0.7006191734741154,25.0,-0.017435620346437863,0.02741286601414039,0.009977245667702528,-1.3267628933814786,2024-2026,True
1629643,Chuma Okeke,-1.7766136482658803,0.7201660477758687,1253.0,-1.73741897998787,0.749491505874037,42.0,0.039194668278010214,0.029325458098168333,0.06852012637617855,-1.0564476004900116,2024-2026,True
1629645,Kevin Porter Jr.,-0.227902812823238,-1.0367905813030813,5597.0,-0.2661626910060612,-1.1254628616109545,303.0,-0.038259878182823226,-0.08867228030787322,-0.12693215849069645,-1.2646933941263194,2024-2026,False
1629652,Luguentz Dort,0.09013543705768323,-0.7355370543878168,12823.0,-0.03932989645573043,-0.6397844298240405,2687.0,-0.12946533351341366,0.09575262456377631,-0.03371270894963735,-0.6454016173301336,2024-2026,False
1629655,Daniel Gafford,-0.315981780408027,-2.0146092937539946,8879.0,-0.3964137061171258,-1.9953135824879695,845.0,-0.0804319257090988,0.01929571126602503,-0.061136214443073766,-2.3305910741620215,2024-2026,False
1629656,Quentin Grimes,-0.8040872614455853,0.7700593839543717,10782.0,-0.845214594266264,0.8393556361952373,474.0,-0.04112733282067871,0.06929625224086566,0.028168919420186955,-0.03402787749121361,2024-2026,False
1629660,Ty Jerome,3.2099853507595473,0.8267232716051607,3618.0,3.3307940669796174,0.7047398778505661,386.0,0.12080871622007017,-0.12198339375459455,-0.001174677534524382,4.036708622364708,2024-2026,False
1629661,Cameron Johnson,1.6688801793109587,-0.3175941676273363,10233.0,1.5279161247956023,-0.2967868876340431,381.0,-0.14096405451535632,0.020807279993293182,-0.12015677452206314,1.3512860116836225,2024-2026,False
1629674,Neemias Queta,0.27297041332330996,-2.5595898832607613,6091.0,0.10512423742118346,-2.700110373780777,336.0,-0.1678461759021265,-0.1405204905200157,-0.30836666642214217,-2.2866194699374516,2024-2026,False
1629675,Naz Reid,-0.8502554204607033,-1.0874687807660344,12697.0,-0.684172655489911,-1.1369937101756138,2126.0,0.16608276497079233,-0.04952492940957942,0.11655783556121291,-1.9377242012267377,2024-2026,False
1629680,Matisse Thybulle,-1.4044673408680248,-1.8070193137577424,4702.0,-1.4208884123099412,-1.7261559475702655,104.0,-0.0164210714419164,0.08086336618747691,0.06444229474556051,-3.211486654625767,2024-2026,True
1629723,John Konchar,-1.2088940441087237,-1.5736378043089176,5964.0,-1.3331108411890558,-1.477410878721364,152.0,-0.12421679708033206,0.09622692558755364,-0.02798987149277843,-2.7825318484176416,2024-2026,True
1629731,Dean Wade,0.4062388284757017,-1.4661746763703118,7560.0,0.5315193579959496,-1.6352958344480104,1205.0,0.12528052952024793,-0.16912115807769856,-0.043840628557450634,-1.0599358478946102,2024-2026,False
1629750,Javonte Green,0.4750876703182282,-1.5823741197140853,6120.0,0.3770716183848878,-1.7139800231464848,352.0,-0.0980160519333404,-0.13160590343239953,-0.22962195536573993,-1.1072864493958572,2024-2026,False
1630162,Anthony Edwards,3.9676952043851657,1.1544098869926263,15912.0,4.105950871880908,0.7201781305258622,3087.0,0.13825566749574225,-0.43423175646676404,-0.2959760889710218,5.122105091377792,2024-2026,False
1630166,Deni Avdija,2.078476769830731,0.00406364028124076,13883.0,1.999696881173688,-0.060925237116699754,355.0,-0.078779888657043,-0.06498887739794051,-0.1437687660549835,2.0825404101119718,2024-2026,False
1630167,Obi Toppin,1.5587387568284232,1.4546793510999143,7886.0,1.6229307007333478,1.3682325584192512,1593.0,0.06419194390492455,-0.08644679268066313,-0.022254848775738578,3.0134181079283375,2024-2026,False
1630168,Onyeka Okongwu,-0.19201869348222256,-1.0534736227022523,12315.0,-0.23120166985938262,-0.9966237199490031,397.0,-0.03918297637716006,0.05684990275324919,0.01766692637608913,-1.2454923161844749,2024-2026,False
1630169,Tyrese Haliburton,5.370074472603562,0.8064627306000003,9817.0,5.874998053212811,0.5805389559686073,2571.0,0.5049235806092485,-0.22592377463139302,0.27899980597785545,6.176537203203562,2024-2026,False
1630170,Devin Vassell,0.510502661562624,0.7242360167326558,13105.0,0.564293211390665,0.4956639508616376,1634.0,0.05379054982804099,-0.2285720658710182,-0.1747815160429772,1.2347386782952798,2024-2026,False
1630171,Isaac Okoro,-0.0911494522876819,-0.16594167308919927,9524.0,-0.05704832065650669,-0.18432956489673266,778.0,0.03410113163117521,-0.01838789180753339,0.01571323982364182,-0.25709112537688117,2024-2026,False
1630173,Precious Achiuwa,-1.8647813962926079,-0.5831641739927795,9158.0,-1.7113488565166135,-0.37519512026015855,412.0,0.15343253977599436,0.20796905373262098,0.36140159350861534,-2.4479455702853876,2024-2026,False
1630174,Aaron Nesmith,0.8909782182766437,0.9056001658734609,9320.0,1.2663698247000497,0.8828212320084804,2386.0,0.37539160642340597,-0.022778933864980533,0.35261267255842543,1.7965783841501046,2024-2026,False
1630175,Cole Anthony,-0.9325568953785087,0.3548077509588969,7176.0,-0.9914006865149136,0.26296801292743754,285.0,-0.05884379113640492,-0.09183973803145934,-0.15068352916786426,-0.5777491444196119,2024-2026,False
1630178,Tyrese Maxey,3.26239148346099,1.4080823223976116,14775.0,3.27860695679933,1.5891240280149705,1354.0,0.016215473338339947,0.181041705617359,0.19725717895569894,4.6704738058586015,2024-2026,False
1630182,Josh Green,-0.7691529125076233,-0.20230849759889735,8757.0,-0.6033462255885336,-0.4347564456571895,785.0,0.16580668691908973,-0.23244794805829216,-0.06664126113920243,-0.9714614101065207,2024-2026,False
1630183,Jaden McDaniels,-0.8950668632357451,-1.03098127929879,14303.0,-0.48233126830648093,-1.4936312482464635,2832.0,0.4127355949292642,-0.4626499689476735,-0.04991437401840931,-1.926048142534535,2024-2026,False
1630188,Jalen Smith,0.4764117743543299,-0.9799609317520853,6582.0,0.37259191287377574,-0.9513463184295718,84.0,-0.10381986148055417,0.02861461332251347,-0.0752052481580407,-0.5035491573977554,2024-2026,True
1630191,Isaiah Stewart,-2.504383783995858,-0.4845254057158237,8622.0,-2.5424818980902715,-0.6123914805248957,380.0,-0.03809811409441366,-0.12786607480907197,-0.16596418890348563,-2.9889091897116815,2024-2026,False
1630192,Zeke Nnaji,-2.851368568993037,-0.6115037602954918,3684.0,-2.906879524569492,-0.6368439739460526,142.0,-0.0555109555764548,-0.025340213650560828,-0.08085116922701563,-3.462872329288529,2024-2026,True
1630194,Paul Reed,0.13933668795286125,-1.9065298715062031,5912.0,0.003256101573425485,-1.9050446627067419,356.0,-0.13608058637943576,0.001485208799461235,-0.13459537757997453,-1.7671931835533419,2024-2026,False
1630198,Isaiah Joe,1.2594512636821187,0.31913397836839374,9557.0,1.032164101768445,0.35620693032061845,1077.0,-0.2272871619136736,0.03707295195222471,-0.1902142099614489,1.5785852420505124,2024-2026,False
1630202,Payton Pritchard,2.9219685239123008,0.8449788735645427,13187.0,3.1682946058306207,0.9918745525122573,1694.0,0.24632608191831995,0.1468956789477146,0.39322176086603455,3.7669473974768435,2024-2026,False
1630205,Lamar Stevens,-1.442882623232291,-0.11330320893293255,1451.0,-1.4993289264329277,-0.15102816085645698,27.0,-0.056446303200636594,-0.03772495192352443,-0.09417125512416102,-1.5561858321652235,2024-2026,True
1630214,Xavier Tillman,-2.52510439125124,-1.6446434171090951,2781.0,-2.485791336263832,-1.7491481859681373,144.0,0.03931305498740789,-0.10450476885904214,-0.06519171387163425,-4.169747808360335,2024-2026,True
1630217,Desmond Bane,2.029606242722148,-0.12215150063833285,13512.0,1.8293696285362762,0.14081168876865663,797.0,-0.2002366141858718,0.2629631894069895,0.06272657522111769,1.907454742083815,2024-2026,False
1630224,Jalen Green,0.33133986801369375,1.294029338259833,12543.0,0.5160974862866778,1.5119528415798396,729.0,0.1847576182729841,0.21792350332000665,0.40268112159299074,1.6253692062735268,2024-2026,False
1630228,Jonathan Kuminga,-0.07612180162792165,-0.6840410612713962,8145.0,-0.2013810971508945,-0.579212563237106,698.0,-0.12525929552297285,0.10482849803429017,-0.020430797488682678,-0.7601628628993178,2024-2026,False
1630230,Naji Marshall,0.006485740037219967,1.0115678100919072,11220.0,-0.06353909867564218,1.0318662090488169,164.0,-0.07002483871286215,0.020298398956909658,-0.04972643975595249,1.0180535501291272,2024-2026,True
1630241,Sam Merrill,0.720687279523764,-0.17040066988742086,7891.0,0.8551454164988903,0.10646439305511307,1229.0,0.13445813697512632,0.27686506294253393,0.41132319991766025,0.5502866096363431,2024-2026,False
1630245,Ayo Dosunmu,-0.7613469617926414,1.1977576385108701,11388.0,-0.7817262317609804,1.3542610216584088,605.0,-0.020379269968339053,0.15650338314753864,0.1361241131791996,0.43641067671822875,2024-2026,False
1630249,Vít Krejčí,-0.7719765174032548,0.5297540153648068,6418.0,-0.770680513739642,0.5432720111786471,29.0,0.0012960036636128214,0.013517995813840278,0.0148139994774531,-0.24222250203844797,2024-2026,True
1630256,Jae'Sean Tate,-0.9334347598884495,-0.5908294285996617,4178.0,-0.9901267587688887,-0.5960389150194353,62.0,-0.05669199888043919,-0.00520948641977359,-0.06190148530021278,-1.5242641884881112,2024-2026,True
1630296,Braxton Key,-1.2753842048669572,0.1713953813565372,161.0,-1.2223346352071107,0.15886519055883608,53.0,0.05304956965984653,-0.012530190797701124,0.040519378862145405,-1.10398882351042,2024-2026,True
1630311,Pat Spencer,-0.6414217664577051,1.071905366862068,3055.0,-0.6150874069369805,1.1030851589619044,129.0,0.026334359520724604,0.031179792099836456,0.05751415162056106,0.43048360040436284,2024-2026,True
1630322,Lindy Waters III,-0.8773388917825706,0.46265601583187543,2736.0,-0.9154634919750974,0.42409442879527065,86.0,-0.038124600192526725,-0.03856158703660478,-0.07668618722913151,-0.4146828759506952,2024-2026,True
1630346,Matt Ryan,-1.5540264535957595,0.7508420628507488,970.0,-1.5660396212709233,0.738089123960935,6.0,-0.012013167675163805,-0.01275293888981388,-0.024766106564977686,-0.8031843907450107,2024-2026,True
1630526,Jeremiah Robinson-Earl,-1.5144001489610963,2.1426743551289453,4007.0,-1.5234234955584725,2.1293102202594922,10.0,-0.009023346597376136,-0.013364134869453093,-0.02238748146682923,0.628274206167849,2024-2026,True
1630527,Brandon Boston,-1.8642954995433767,1.222608406539376,2739.0,-1.8367698972277418,1.2591687001857104,20.0,0.027525602315634945,0.036560293646334285,0.06408589596196923,-0.6416870930040006,2024-2026,True
1630529,Herbert Jones,0.5132722613838608,-2.4831691676016057,9322.0,0.3417709181836966,-2.637947967800847,281.0,-0.17150134320016425,-0.1547788001992414,-0.32628014339940564,-1.9698969062177447,2024-2026,False
1630530,Trey Murphy III,0.18360772075704712,0.05198895411289259,12242.0,-0.03760942092290123,-0.1174129163405821,337.0,-0.22121714167994835,-0.16940187045347468,-0.39061901213342304,0.2355966748699397,2024-2026,False
1630531,Jaden Springer,-1.1853125456075484,-0.29930334748927784,1797.0,-1.2058106160171627,-0.28776869739141286,41.0,-0.020498070409614266,0.011534650097864974,-0.008963420311749293,-1.4846158930968263,2024-2026,True
1630532,Franz Wagner,2.313621847376064,-2.1517792619234335,10962.0,2.238923016104482,-2.335241558502743,1126.0,-0.07469883127158194,-0.18346229657930957,-0.2581611278508915,0.16184258545263042,2024-2026,False
1630538,Bones Hyland,-0.0980749200379375,0.3113086961155359,4059.0,-0.11317256552330714,0.33960807369044205,266.0,-0.01509764548536964,0.028299377574906137,0.013201732089536497,0.2132337760775984,2024-2026,False
1630540,Miles McBride,0.7006370304856964,-0.3128090916008228,7988.0,1.0214202054023453,-0.2437875227123534,2002.0,0.320783174916649,0.06902156888846941,0.3898047438051184,0.38782793888487355,2024-2026,False
1630541,Moses Moody,-0.9097876270241085,-0.9505852265136069,8955.0,-0.9773982442076561,-0.9047164636419021,384.0,-0.06761061718354755,0.04586876287170483,-0.021741854311842723,-1.8603728535377155,2024-2026,False
1630543,Isaiah Jackson,-0.6072976544540531,-0.03206258419175456,3703.0,-0.5864996720385693,-0.10123358431247112,297.0,0.020797982415483807,-0.06917100012071656,-0.04837301770523275,-0.6393602386458077,2024-2026,False
1630545,Terrence Shannon Jr,-1.705130296699444,1.7346806607788716,1842.0,-1.6030726027268267,1.8224021310913936,555.0,0.10205769397261721,0.08772147031252198,0.1897791642851392,0.029550364079427682,2024-2026,False
1630552,Jalen Johnson,-0.27659796255153746,-0.9482628965405854,12202.0,-0.3381197110288549,-0.81380632055053,433.0,-0.06152174847731745,0.13445657599005534,0.07293482751273789,-1.2248608590921228,2024-2026,False
1630557,Corey Kispert,-1.207001079210798,2.2906853133155556,10052.0,-1.2040807451515012,2.2773218471189516,104.0,0.002920334059296703,-0.013363466196604001,-0.010443132137307298,1.0836842341047577,2024-2026,True
1630558,Davion Mitchell,0.1896182632883887,-0.08014555743084517,10609.0,0.18375323864696985,0.10397262261027951,270.0,-0.005865024641418859,0.18411818004112468,0.17825315539970582,0.10947270585754354,2024-2026,False
1630559,Austin Reaves,2.36668479826743,0.19794013410834133,14327.0,2.291578248180055,0.4958672062440043,1144.0,-0.0751065500873751,0.297927072135663,0.2228205220482879,2.5646249323757715,2024-2026,False
1630567,Scottie Barnes,0.5055526772663425,-1.4054840356893603,14282.0,0.6172903103038524,-1.3787649698092193,546.0,0.11173763303750994,0.026719065880141057,0.138456698917651,-0.8999313584230179,2024-2026,False
1630568,Luka Garza,0.1682249826864607,0.05844630988625987,2954.0,0.2500039738175145,0.11065018398945947,209.0,0.0817789911310538,0.0522038741031996,0.1339828652342534,0.22667129257272056,2024-2026,False
1630570,Trendon Watford,-2.095582732473519,0.9875874191561607,5366.0,-2.1175313525873296,1.002650933761766,84.0,-0.021948620113810602,0.015063514605605288,-0.006885105508205314,-1.1079953133173583,2024-2026,True
1630572,Sandro Mamukelashvili,0.18293490326907874,-0.6868700366564144,5975.0,0.25636445472490177,-0.5977693833349311,213.0,0.07342955145582303,0.08910065332148331,0.16253020477730634,-0.5039351333873356,2024-2026,False
1630573,Sam Hauser,1.4305395602595337,0.15251897287160587,10386.0,1.458050914997342,0.04853457078260397,1071.0,0.027511354737808302,-0.1039844020890019,-0.0764730473511936,1.5830585331311395,2024-2026,False
1630574,Ariel Hukporti,-3.381367259877133,-1.0260686016242409,1444.0,-3.2086997158925517,-1.011037665920417,167.0,0.1726675439845815,0.015030935703823856,0.18769847968840536,-4.407435861501374,2024-2026,True
1630577,Julian Champagnie,0.5645324009752154,-0.8569142578751481,11818.0,0.7084111213847825,-0.9734552316773417,1425.0,0.14387872040956706,-0.11654097380219364,0.027337746607373425,-0.2923818568999327,2024-2026,False
1630578,Alperen Sengun,1.7436058836121364,-0.8670672798283592,13821.0,1.6068718908099646,-1.0910046842579042,940.0,-0.1367339928021718,-0.22393740442954502,-0.3606713972317168,0.8765386037837772,2024-2026,False
1630579,Jericho Sims,-2.1956910770689295,0.5236964314503786,5002.0,-2.2867202855079993,0.3527153993256939,174.0,-0.09102920843906981,-0.17098103212468468,-0.2620102405637545,-1.6719946456185508,2024-2026,True
1630581,Josh Giddey,1.374304766524765,0.8607785014779253,12386.0,1.305318449198992,0.6735801124995169,361.0,-0.06898631732577298,-0.18719838897840846,-0.25618470630418144,2.23508326800269,2024-2026,False
1630583,Santi Aldama,-0.10428042127994264,0.8042515649151123,9374.0,-0.0946043535498688,1.0060579289956466,259.0,0.009676067730073831,0.20180636408053432,0.21148243181060816,0.6999711436351697,2024-2026,False
1630590,Scotty Pippen Jr.,-0.5865076801362973,-1.4484118659751228,5145.0,-0.619947030029507,-1.2289086846721535,265.0,-0.033439349893209735,0.2195031813029693,0.18606383140975957,-2.03491954611142,2024-2026,False
1630591,Jalen Suggs,-0.3139998897253182,-2.927950858246715,9525.0,-0.28564667305402147,-3.061069840798327,963.0,0.028353216671296755,-0.1331189825516117,-0.10476576588031494,-3.2419507479720333,2024-2026,False
1630595,Cade Cunningham,2.970648714045496,0.023093195295542934,13858.0,2.9326020514556888,-0.3480787204790874,1627.0,-0.038046662589807045,-0.3711719157746303,-0.40921857836443737,2.993741909341039,2024-2026,False
1630596,Evan Mobley,0.025097282503772515,-2.6491616258068165,11993.0,-0.4208635870036555,-2.8021472025307395,2607.0,-0.445960869507428,-0.152985576723923,-0.598946446231351,-2.624064343303044,2024-2026,False
1630598,Aaron Wiggins,0.7626808108584965,-0.10299912303484482,9081.0,0.7490609990646379,-0.2094157086123037,1076.0,-0.013619811793858627,-0.1064165855774589,-0.12003639737131752,0.6596816878236517,2024-2026,False
1630604,E.J. Liddell,-1.827239083432437,0.5596151633061016,877.0,-1.8392522511076008,0.5468622244162877,6.0,-0.012013167675163805,-0.01275293888981388,-0.024766106564977686,-1.2676239201263355,2024-2026,True
1630611,Gui Santos,0.11061358781038944,-0.4292965671393158,4787.0,0.14857472214766201,-0.4664135902435791,152.0,0.03796113433727258,-0.03711702310426329,0.000844111233009287,-0.31868297932892636,2024-2026,True
1630625,Dalano Banton,-1.2512567052329637,1.222433633809926,4560.0,-1.2304856173296377,1.2308931867235495,7.0,0.020771087903326046,0.008459552913623547,0.029230640816949593,-0.02882307142303775,2024-2026,True
1630631,Jose Alvarado,0.5383922134909844,-0.5936010107353248,7692.0,0.5757908673383666,-0.8373256294668221,442.0,0.03739865384738217,-0.2437246187314973,-0.20632596488411514,-0.05520879724434036,2024-2026,False
1630639,A.J. Lawson,-1.6717584919202102,0.5539368426465707,2168.0,-1.6131706309144438,0.5390569396969224,158.0,0.058587861005766406,-0.01487990294964836,0.043707958056118046,-1.1178216492736395,2024-2026,True
1630643,Jay Huff,-1.791559600120724,-0.018742364635726094,5336.0,-1.8670133286008035,-0.04943482469529109,40.0,-0.07545372848007958,-0.030692460059564997,-0.10614618853964458,-1.81030196475645,2024-2026,True
1630692,Jordan Goodwin,-0.4957106551161441,-0.8656427340435069,6411.0,-0.4951917532677254,-0.818918202879493,72.0,0.0005189018484186847,0.04672453116401387,0.047243433012432556,-1.361353389159651,2024-2026,True
1630699,MarJon Beauchamp,-2.378464481138929,0.45526433635024244,2046.0,-2.369978932389014,0.4432998318591646,19.0,0.008485548749914695,-0.011964504491077832,-0.0034789557411631367,-1.9232001447886864,2024-2026,True
1630700,Dyson Daniels,1.4515065847494404,-2.1648930245064353,13585.0,1.3116411034608613,-2.1407380349885674,367.0,-0.13986548128857912,0.024154989517867875,-0.11571049177071124,-0.7133864397569949,2024-2026,False
1630702,Jaden Hardy,-1.2443900262615741,2.0389618616810496,5899.0,-1.3012195048636577,1.9744192663762596,268.0,-0.05682947860208354,-0.06454259530479001,-0.12137207390687355,0.7945718354194755,2024-2026,False
1630703,Scoot Henderson,-0.21165492148853882,1.809924844058801,8857.0,-0.24177449295365308,1.6852870468901042,295.0,-0.030119571465114264,-0.12463779716869672,-0.15475736863381098,1.5982699225702621,2024-2026,False
1630811,Keaton Wallace,-1.762591144163113,0.03890100944740227,2161.0,-1.7693472830286674,0.06972216062454586,31.0,-0.006756138865554373,0.030821151177143596,0.024065012311589223,-1.7236901347157108,2024-2026,True
1631094,Paolo Banchero,1.1152441193024694,0.9227231609551819,14016.0,1.049478510853027,0.734130395621843,1433.0,-0.06576560844944246,-0.1885927653333389,-0.25435837378278137,2.0379672802576514,2024-2026,False
1631095,Jabari Smith Jr.,-0.6074654348088647,-0.7029881969207861,13846.0,-0.8067933665585109,-0.85382682236049,759.0,-0.19932793174964614,-0.15083862543970394,-0.3501665571893501,-1.3104536317296507,2024-2026,False
1631096,Chet Holmgren,0.6984311832228889,-3.503484746278508,11026.0,0.8567978039375392,-3.4806716209155355,2989.0,0.15836662071465035,0.02281312536297264,0.181179746077623,-2.805053563055619,2024-2026,False
1631097,Bennedict Mathurin,-0.924328123770897,0.9022323302515998,11093.0,-1.0002957786915536,0.9707995413335835,794.0,-0.0759676549206566,0.06856721108198371,-0.007400443838672888,-0.022095793519297247,2024-2026,False
1631101,Shaedon Sharpe,-0.09739024283009123,1.511849023580417,9917.0,-0.05160277970613698,1.440374844222371,128.0,0.04578746312395426,-0.07147417935804601,-0.02568671623409175,1.4144587807503257,2024-2026,True
1631104,Blake Wesley,-1.4580224747947723,0.9915462649527896,4038.0,-1.470331329794807,0.9840280409860909,4.0,-0.012308855000034757,-0.007518223966698767,-0.019827078966733525,-0.4664762098419827,2024-2026,True
1631105,Jalen Duren,0.8804995971914593,-0.6342054353810376,11951.0,0.8821251818935093,-0.7274180949400328,1217.0,0.001625584702049987,-0.09321265955899527,-0.09158707485694528,0.24629416181042174,2024-2026,False
1631106,Tari Eason,0.2893969761763945,-1.0043282852479856,7073.0,0.20819764444179475,-1.1000685572022837,634.0,-0.08119933173459973,-0.09574027195429813,-0.17693960368889786,-0.7149313090715911,2024-2026,False
1631107,Nikola Jović,-1.1082282244504462,0.6179115938836304,5894.0,-1.260088565298304,0.614032751454713,389.0,-0.15186034084785782,-0.0038788424289173395,-0.15573918327677516,-0.49031663056681585,2024-2026,False
1631110,Jeremy Sochan,-1.9340382944740089,0.5183803446708923,8413.0,-1.9316364578723688,0.5708760139221133,57.0,0.0024018366016400616,0.052495669251220956,0.05489750585286102,-1.4156579498031165,2024-2026,True
1631111,Wendell Moore Jr.,-1.944947439479583,0.4518892070817579,1314.0,-1.9544904011341198,0.4389948420662364,38.0,-0.00954296165453683,-0.012894365015521492,-0.022437326670058322,-1.493058232397825,2024-2026,True
1631112,Kendall Brown,-1.6974413869488791,0.6497399143752215,129.0,-1.7379736707684341,0.6701903963955554,50.0,-0.04053228381955498,0.02045048202033395,-0.020081801799221033,-1.0477014725736575,2024-2026,True
1631114,Jalen Williams,0.8536045516284174,-0.9542708991937539,11327.0,0.8701485745956331,-1.0409774862397778,2589.0,0.016544022967215688,-0.08670658704602396,-0.07016256407880828,-0.10066634756533643,2024-2026,False
1631115,Orlando Robinson,-1.856244144218814,0.28353721108113705,2257.0,-1.8540065170400926,0.27253286343058863,4.0,0.0022376271787214463,-0.011004347650548418,-0.008766720471826972,-1.572706933137677,2024-2026,True
1631119,Jaylin Williams,-0.6776055606455013,-1.5700146969115127,6163.0,-0.8656375132528067,-1.435304701309954,1037.0,-0.18803195260730543,0.13470999560155872,-0.05332195700574671,-2.247620257557014,2024-2026,False
1631120,JD Davison,-1.7198232933517468,0.6245345627997095,697.0,-1.741996951298136,0.6618871895066717,37.0,-0.022173657946389147,0.037352626706962155,0.015178968760573008,-1.0952887305520371,2024-2026,True
1631123,Jamaree Bouyea,-1.577652718429766,-0.41584120996637963,1586.0,-1.5787148928147399,-0.3901862027215647,17.0,-0.001062174384973913,0.025655007244814954,0.02459283285984104,-1.9934939283961457,2024-2026,True
1631124,Julian Strawther,-1.8911216188021172,0.3761935587686341,5829.0,-2.053955722288596,0.3453446849049879,254.0,-0.16283410348647864,-0.03084887386364621,-0.19368297735012485,-1.5149280600334831,2024-2026,False
1631128,Christian Braun,0.2117667400351002,-0.5453932408486093,11814.0,-0.19528873132205804,-0.8080368520448503,1879.0,-0.40705547135715825,-0.262643611196241,-0.6696990825533993,-0.3336265008135091,2024-2026,False
1631133,Jabari Walker,-1.7852419314354375,1.449754867509019,6648.0,-1.7997559208949427,1.4271142406447397,61.0,-0.014513989459505217,-0.022640626864279367,-0.037154616323784584,-0.33548706392641847,2024-2026,True
1631157,Ryan Rollins,1.0811467675633586,-0.2887045716530997,6727.0,1.0413940037673717,-0.23391723383905194,58.0,-0.03975276379598691,0.054787337814047765,0.015034574018060853,0.7924421959102589,2024-2026,True
1631159,Leonard Miller,-1.3573169722706853,0.9790859846744278,1750.0,-1.3207921308324553,0.9988082359962311,45.0,0.03652484143822998,0.019722251321803386,0.05624709276003337,-0.3782309875962575,2024-2026,True
1631165,Keon Ellis,0.19401280549239752,-0.851634493461141,8950.0,0.11501037133092902,-0.7898671349262785,175.0,-0.0790024341614685,0.06176735853486248,-0.01723507562660602,-0.6576216879687434,2024-2026,True
1631169,Josh Minott,-0.8259856773609737,-0.978882499432032,2477.0,-0.8149899220557275,-0.9482057112157276,90.0,0.010995755305246213,0.030676788216304374,0.04167254352155059,-1.8048681767930057,2024-2026,True
1631170,Jaime Jaquez Jr.,-0.3344141889226183,0.855343366236351,11608.0,-0.4414583594694297,0.8492026121374148,266.0,-0.10704417054681137,-0.006140754098936219,-0.11318492464574759,0.5209291773137327,2024-2026,False
1631172,Ousmane Dieng,-2.344385390215935,0.5906242842472424,3834.0,-2.3357843213093608,0.625445281532877,82.0,0.008601068906574305,0.03482099728563459,0.0434220661922089,-1.7537611059686926,2024-2026,True
1631199,Ron Harper Jr.,-0.4708959985070968,0.23632740085401616,668.0,-0.46606660740732136,0.26571760050616977,47.0,0.004829391099775426,0.029390199652153615,0.03421959075192904,-0.23456859765308063,2024-2026,True
1631200,Kris Murray,-1.561094719819192,-0.48564387085475824,7695.0,-1.5800567010021322,-0.49781681396568417,45.0,-0.018961981182940235,-0.012172943110925927,-0.031134924293866162,-2.04673859067395,2024-2026,True
1631204,Marcus Sasser,-0.7066393069660364,1.294709681158735,5450.0,-0.6069820198691782,1.3022579125139047,126.0,0.09965728709685817,0.007548231355169577,0.10720551845202775,0.5880703741926987,2024-2026,True
1631207,Dalen Terry,-1.8842872578802554,-0.822836961899382,4676.0,-1.9416985583970934,-0.8320491595278063,83.0,-0.05741130051683796,-0.00921219762842429,-0.06662349814526225,-2.7071242197796375,2024-2026,True
1631212,Peyton Watson,-1.130533194925613,-0.03735593058286695,9744.0,-1.5399315769883688,-0.25030196129770915,587.0,-0.4093983820627558,-0.2129460307148422,-0.622344412777598,-1.16788912550848,2024-2026,False
1631216,Caleb Houstan,-1.0868432060270072,0.9984944091111447,3322.0,-1.0840379394121047,1.0048821635731948,115.0,0.0028052666149025463,0.006387754462050088,0.009193021076952634,-0.0883487969158625,2024-2026,True
1631218,Trayce Jackson-Davis,-1.029208534966529,-0.8855187402187323,5358.0,-0.995705019199275,-0.8540282639143046,165.0,0.033503515767253966,0.031490476304427695,0.06499399207168166,-1.9147272751852613,2024-2026,True
1631221,Collin Gillespie,1.1367628053311585,-0.5584313591982201,6015.0,1.1048680045697388,-0.34945498467074926,230.0,-0.031894800761419706,0.2089763745274708,0.1770815737660511,0.5783314461329384,2024-2026,False
1631222,Jake LaRavia,0.0560374766747862,0.1737573250260456,8728.0,-0.005065544311824335,0.0713372264778461,224.0,-0.06110302098661054,-0.1024200985481995,-0.16352311953481002,0.2297948017008318,2024-2026,False
1631223,David Roddy,-2.5818261029076557,1.2522001171791066,3458.0,-2.5831982899114068,1.2613791501204874,5.0,-0.0013721870037510797,0.009179032941380783,0.007806845937629703,-1.329625985728549,2024-2026,True
1631230,Dominick Barlow,-0.8954831138463553,-0.8395688078506658,5138.0,-0.9957299606874406,-0.7417904886829086,188.0,-0.10024684684108531,0.09777831916775714,-0.002468527673328169,-1.735051921697021,2024-2026,True
1631243,Mouhamed Gueye,-1.0674491407479465,-1.459444286163062,3707.0,-1.1266620733756592,-1.3159134731219941,104.0,-0.059212932627712656,0.14353081304106796,0.0843178804133553,-2.5268934269110086,2024-2026,True
1631246,Vince Williams Jr.,-0.9013507946609771,0.12616049838166274,5685.0,-0.8988479580976417,0.19383123361337823,87.0,0.0025028365633353866,0.06767073523171549,0.07017357179505088,-0.7751902962793144,2024-2026,True
1631248,Baylor Scheierman,-0.639881643705069,-0.49841795759208296,3565.0,-0.606385263547666,-0.49658939229589605,232.0,0.03349638015740297,0.0018285652961869125,0.035324945453589884,-1.138299601297152,2024-2026,False
1631260,AJ Green,-0.16299874317707996,-0.7176477582425839,9281.0,-0.08017046207092994,-0.839055289815893,404.0,0.08282828110615002,-0.12140753157330908,-0.03857925046715906,-0.8806465014196638,2024-2026,False
1631288,Jamal Cain,-0.7564225228280019,1.4016756537223918,2561.0,-0.8583439642568207,1.4240903892289483,234.0,-0.10192144142881876,0.022414735506556482,-0.07950670592226228,0.6452531308943898,2024-2026,False
1631321,Sidy Cissoko,-1.6888666530536964,-0.49917301456415614,3499.0,-1.6868864673689812,-0.5243729434905854,49.0,0.001980185684715252,-0.02519992892642925,-0.023219743241713997,-2.1880396676178524,2024-2026,True
1631466,Nate Williams,-0.7510646791732694,1.5756946911112455,1083.0,-0.7645745955493974,1.610588602964739,12.0,-0.013509916376128084,0.03489391185349344,0.02138399547736536,0.8246300119379761,2024-2026,True
1641705,Victor Wembanyama,1.7358121250891012,-5.094896322402331,11471.0,1.9786980836739725,-5.431303786069767,1500.0,0.24288595858487128,-0.33640746366743635,-0.09352150508256507,-3.35908419731323,2024-2026,False
1641708,Amen Thompson,0.9706797929880786,-1.160708357721479,13378.0,0.8730837849961197,-1.3180800528571217,958.0,-0.09759600799195889,-0.15737169513564275,-0.25496770312760164,-0.19002856473340035,2024-2026,False
1641709,Ausar Thompson,-0.07490227798554439,-3.006066077533223,9956.0,-0.03619605605233176,-3.324934836335281,1106.0,0.038706221933212624,-0.3188687588020578,-0.2801625368688452,-3.0809683555187677,2024-2026,False
1641710,Anthony Black,-1.4221103220198579,-1.1534635277828942,10127.0,-1.520992073725966,-1.2052296427467382,576.0,-0.09888175170610802,-0.05176611496384398,-0.150647866669952,-2.575573849802752,2024-2026,False
1641711,Gradey Dick,-1.7415704471984879,2.520844817604831,8181.0,-1.7455743183879397,2.501966788214779,8.0,-0.004003871189451891,-0.018878029390051676,-0.022881900579503567,0.779274370406343,2024-2026,True
1641715,Cam Whitmore,-0.5050533909211078,1.0417514417343554,4335.0,-0.517173782973114,1.08228868494497,13.0,-0.012120392052006213,0.04053724321061458,0.02841685115860837,0.5366980508132476,2024-2026,True
1641716,Jarace Walker,-2.1107861083674653,0.9653398366109804,7376.0,-2.147725035108767,0.9810507638000988,310.0,-0.036938926741301614,0.015710927189118373,-0.02122799955218324,-1.1454462717564848,2024-2026,False
1641717,Cason Wallace,-0.49929972135374967,-1.9460651271942253,11660.0,-0.31158903595267506,-2.0107897236555323,2200.0,0.1877106854010746,-0.06472459646130702,0.12298608893976759,-2.445364848547975,2024-2026,False
1641722,Jordan Hawkins,-2.3597329122950694,3.088046033266389,6564.0,-2.3861363469578745,3.050735085140334,24.0,-0.026403434662805036,-0.03731094812605518,-0.06371438278886021,0.7283131209713196,2024-2026,True
1641724,Jett Howard,-1.8613648410972456,1.7283304400980324,3006.0,-1.846057221775216,1.728981587804053,33.0,0.01530761932202962,0.0006511477060207049,0.015958767028050325,-0.13303440099921326,2024-2026,True
1641726,Dereck Lively II,0.05730627656703202,-2.050191607656596,4617.0,0.26204268483047044,-2.3788195499483016,904.0,0.20473640826343842,-0.32862794229170555,-0.12389153402826714,-1.992885331089564,2024-2026,False
1641733,Nick Smith Jr.,-2.851381946980341,2.50532983010274,5003.0,-2.8258144202791637,2.526092603919605,38.0,0.025567526701177457,0.0207627738168652,0.046330300518042655,-0.3460521168776012,2024-2026,True
1641737,Adem Bona,-1.8954471445676455,-1.1835647392028399,4440.0,-1.8526990184580658,-1.157822547921973,189.0,0.042748126109579676,0.025742191280866855,0.06849031739044653,-3.0790118837704856,2024-2026,True
1641738,Kobe Brown,-1.8761897251654542,1.7512750198211733,3321.0,-1.7952591835699732,1.7415208004394975,51.0,0.08093054159548108,-0.009754219381675755,0.07117632221380532,-0.12491470534428095,2024-2026,True
1641739,Toumani Camara,-0.07209700494001114,-1.9305223977910733,14477.0,-0.1396213214403941,-2.064706899722479,335.0,-0.06752431650038296,-0.13418450193140563,-0.2017088184317886,-2.002619402731084,2024-2026,False
1641740,Jaylen Clark,-0.6724656914014946,-0.22414293838272792,2963.0,-0.5966687861333868,-0.2803467219859424,184.0,0.07579690526810778,-0.056203783603214486,0.019593121664893298,-0.8966086297842225,2024-2026,True
1641744,Zach Edey,-0.15868695012591716,-2.3098548945950386,3583.0,-0.23641052764237153,-2.1100237606591206,223.0,-0.07772357751645437,0.199831133935918,0.12210755641946364,-2.4685418447209555,2024-2026,False
1641747,DaRon Holmes II,-1.514601723145635,0.4452130992397907,411.0,-1.5126016635140254,0.4669983245111978,9.0,0.002000059631609652,0.021785225271407138,0.02378528490301679,-1.0693886239058443,2024-2026,True
1641748,Andre Jackson Jr.,-2.0461563214036786,-0.4546277845034469,4044.0,-1.9614563661790958,-0.47818781932572685,124.0,0.08469995522458285,-0.023560034822279974,0.06113992040230287,-2.5007841059071256,2024-2026,True
1641753,Chris Livingston,-2.4774352374619233,0.7094032542752802,450.0,-2.4906611348167815,0.7086171441420208,19.0,-0.01322589735485824,-0.0007861101332593545,-0.014012007488117595,-1.7680319831866431,2024-2026,True
1641757,Jordan Miller,-0.45156731454838095,2.1555689552954886,3586.0,-0.4045626855431072,2.1232265371662846,28.0,0.047004629005273746,-0.03234241812920402,0.014662210876069726,1.7040016407471077,2024-2026,True
1641763,Julian Phillips,-0.9005374094476719,1.2767021721659155,3958.0,-0.8813257770971205,1.2445349118917475,55.0,0.019211632350551455,-0.03216726027416805,-0.012955627923616597,0.3761647627182436,2024-2026,True
1641764,Brandin Podziemski,-0.02864411515087356,-0.41462624907610834,12345.0,-0.07774949404855339,-0.5444868839500134,755.0,-0.049105378897679824,-0.1298606348739051,-0.17896601377158491,-0.4432703642269819,2024-2026,False
1641765,Olivier-Maxence Prosper,-1.89304831404442,0.6035559353805362,4020.0,-1.918873317187516,0.5712127475627523,18.0,-0.025825003143095993,-0.03234318781778389,-0.058168190960879884,-1.2894923786638839,2024-2026,True
1641767,Ben Sheppard,-1.3137856313052243,1.1603902754791644,7244.0,-0.9160012599861844,1.3819071118477153,1238.0,0.3977843713190399,0.2215168363685509,0.6193012076875908,-0.1533953558260599,2024-2026,False
1641772,Nae'Qwan Tomlin,-1.0629525596054044,-0.7192011401799153,2211.0,-1.1059846387155006,-0.7087683091477426,41.0,-0.04303207911009621,0.01043283103217274,-0.03259924807792347,-1.7821536997853196,2024-2026,True
1641775,Jordan Walsh,-0.5493543619934267,-0.7737321975629438,3322.0,-0.505184721492127,-0.8279949908206671,230.0,0.04416964050129968,-0.05426279325772332,-0.01009315275642364,-1.3230865595563706,2024-2026,False
1641780,Johni Broome,-2.10883291835154,0.020137862822926497,114.0,-2.0974549558492623,0.03435760130208876,16.0,0.01137796250227785,0.014219738479162261,0.02559770098144011,-2.0886950555286137,2024-2026,True
1641783,Tristan da Silva,-1.10461935057765,0.5163895747707784,7127.0,-1.184206765477689,0.39887048182312007,221.0,-0.07958741490003907,-0.11751909294765833,-0.1971065078476974,-0.5882297758068716,2024-2026,False
1641794,Dillon Jones,-2.060742647422211,0.647656973805399,1225.0,-2.0914953995060777,0.6391141277207526,106.0,-0.030752752083866852,-0.008542846084646394,-0.039295598168513246,-1.4130856736168118,2024-2026,True
1641796,Pelle Larsson,-0.0946365400447089,-0.2858913020247742,5558.0,-0.17491158985089228,-0.15860495716405915,101.0,-0.08027504980618339,0.12728634486071505,0.047011295054531665,-0.3805278420694831,2024-2026,True
1641816,Hunter Tyson,-2.8051488414858623,0.2872436396178584,1291.0,-2.839049651787222,0.19206493110223244,89.0,-0.03390081030135983,-0.09517870851562599,-0.12907951881698582,-2.517905201868004,2024-2026,True
1641842,Ronald Holland II,-1.6088434560588543,-1.1759324237646638,5805.0,-1.624902733925376,-1.2286921907118329,189.0,-0.016059277866521837,-0.05275976694716911,-0.06881904481369094,-2.784775879823518,2024-2026,True
1641854,Craig Porter Jr.,-0.3925623580016256,0.009091982719462238,4723.0,-0.4285186547684361,-0.02142409379720511,118.0,-0.0359562967668105,-0.030516076516667347,-0.06647237328347785,-0.3834703752821633,2024-2026,True
1642258,Zaccharie Risacher,-1.4677662721466314,0.18164899810592905,7152.0,-1.4762158204316431,0.20903367628455957,45.0,-0.008449548285011765,0.027384678178630523,0.018935129893618757,-1.2861172740407023,2024-2026,True
1642260,Nikola Topić,-0.9250675423380554,0.6895962753679434,322.0,-0.9530829096332228,0.7102541039247077,44.0,-0.028015367295167404,0.020657828556764235,-0.007357538738403169,-0.235471266970112,2024-2026,True
1642261,Dalton Knecht,-1.3758336944334484,2.2784467891741524,4124.0,-1.348587699083938,2.302765333985798,42.0,0.027245995349510332,0.024318544811645637,0.05156454016115597,0.9026130947407041,2024-2026,True
1642263,Reed Sheppard,-0.23128011665463183,0.3069765257527185,5695.0,-0.4054204062603079,0.2618910953062626,391.0,-0.17414028960567607,-0.04508543044645591,-0.21922572005213198,0.07569640909808667,2024-2026,False
1642264,Stephon Castle,1.3637376814253472,0.04734428122431478,8759.0,1.467255566631208,-0.20034314163388578,1540.0,0.1035178852058607,-0.24768742285820056,-0.14416953765233986,1.411081962649662,2024-2026,False
1642265,Rob Dillingham,-1.7906489554575755,1.8239196178268346,3171.0,-1.7542090113298685,1.8195212101497846,40.0,0.036439944127707014,-0.00439840767705002,0.03204153645065699,0.03327066236925913,2024-2026,True
1642266,Ja'Kobe Walter,-0.6853792257608017,0.38912585275494965,5290.0,-0.7810329031906965,0.30439549160703255,457.0,-0.09565367742989483,-0.0847303611479171,-0.18038403857781193,-0.296253373005852,2024-2026,False
1642270,Donovan Clingan,-0.74845218329358,-2.671171761690692,7052.0,-0.7995915954618998,-2.8010384383487645,212.0,-0.05113941216831985,-0.1298666766580725,-0.18100608882639235,-3.419623944984272,2024-2026,False
1642272,Jared McCain,-0.3386140761454826,1.064779312736949,3611.0,-0.23854832578996787,1.258598767438806,512.0,0.10006575035551474,0.19381945470185702,0.29388520505737176,0.7261652365914664,2024-2026,False
1642276,Kel'el Ware,-0.6549922884268917,0.03992858160164314,6530.0,-0.7045401413444077,0.1237069501442845,138.0,-0.049547852917515955,0.08377836854264135,0.0342305156251254,-0.6150637068252486,2024-2026,True
1642277,Johnny Furphy,-1.6463884983594135,-0.27817955096041014,2141.0,-1.646648550931098,-0.31203642081660277,71.0,-0.00026005257168448814,-0.03385686985619263,-0.03411692242787712,-1.9245680493198236,2024-2026,True
1642278,Tyler Kolek,-1.3180292406178464,-0.5410997424204055,2091.0,-1.23602120035619,-0.5247836855465365,125.0,0.08200804026165653,0.016316056873868945,0.09832409713552548,-1.8591289830382518,2024-2026,True
1642281,Jaylon Tyson,-0.5159896620056034,0.0824701365695455,4623.0,-0.5534915978550097,0.17239498608577292,481.0,-0.03750193584940631,0.08992484951622742,0.052422913666821114,-0.4335195254360579,2024-2026,False
1642345,Oso Ighodaro,-0.602321054484604,-1.3259362714299383,5736.0,-0.507112904420313,-1.140421698298112,260.0,0.09520815006429106,0.1855145731318264,0.28072272319611746,-1.9282573259145424,2024-2026,False
1642346,Ryan Dunn,-1.0958481822049961,-0.9901679351070538,5510.0,-1.1339890282494256,-0.9080215578946671,67.0,-0.038140846044429466,0.08214637721238671,0.044005531167957246,-2.0860161173120497,2024-2026,True
1642347,Jamal Shead,-0.6032578430762434,0.3799469923043115,6865.0,-0.5107532424220309,0.3914707468887071,450.0,0.09250460065421251,0.011523754584395585,0.1040283552386081,-0.2233108507719319,2024-2026,False
1642348,Justin Edwards,-0.11541591373653426,1.3275100807491262,4426.0,-0.2178707581018525,1.372368228792802,219.0,-0.10245484436531824,0.04485814804367583,-0.05759669632164241,1.212094167012592,2024-2026,False
1642349,Ajay Mitchell,-0.4569300632755489,-2.0279932768022295,4300.0,-0.14245761599966528,-2.048112659628279,815.0,0.31447244727588364,-0.020119382826049304,0.29435306444983433,-2.4849233400777786,2024-2026,False
1642352,Keshad Johnson,-1.0462329682384266,-0.5050048768062219,829.0,-1.056545857099653,-0.4912953988048674,14.0,-0.010312888861226499,0.01370947800135447,0.00339658914012797,-1.5512378450446485,2024-2026,True
1642353,Cam Christie,-1.627627923080922,0.45658392209421567,1071.0,-1.5806232940756484,0.4242415039650118,28.0,0.04700462900527369,-0.032342418129203854,0.014662210876069837,-1.1710440009867065,2024-2026,True
1642355,Bronny James,-1.3538451602054933,1.3490479504204318,1119.0,-1.3103060425962274,1.3211316868906529,81.0,0.043539117609265876,-0.02791626352977894,0.015622854079486936,-0.004797209785061485,2024-2026,True
1642359,Pacôme Dadiet,-1.9674051577453449,0.8899478776226953,504.0,-1.9233131700675319,0.917850597904032,91.0,0.04409198767781297,0.027902720281336668,0.07199470795914964,-1.0774572801226494,2024-2026,True
1642366,Quinten Post,-1.420882332688508,-0.20284824946726368,3761.0,-1.4922877232146465,-0.2533005765962261,277.0,-0.07140539052613848,-0.05045232712896244,-0.12185771765510092,-1.6237305821557717,2024-2026,False
1642367,Jonathan Mogbo,-2.5495644069584795,0.2706673361149803,3206.0,-2.5535682781479316,0.2517893067249285,8.0,-0.004003871189452113,-0.018878029390051787,-0.0228819005795039,-2.2788970708434992,2024-2026,True
1642404,Chaz Lanier,-1.5748522753604988,0.841187655625912,543.0,-1.588771997029868,0.8252479362001686,15.0,-0.013919721669369167,-0.01593971942574346,-0.029859441095112627,-0.7336646197345867,2024-2026,True
1642419,Jamison Battle,-1.8335836550748659,0.9151011356885527,3238.0,-1.7641519365942,0.899023598160177,144.0,0.06943171848066587,-0.016077537528375707,0.053354180952290164,-0.9184825193863132,2024-2026,True
1642449,Tolu Smith,-0.9661358740386571,-0.009957868889364431,319.0,-0.9734284539704376,-0.02589758831510792,15.0,-0.007292579931780563,-0.01593971942574349,-0.023232299357524053,-0.9760937429280215,2024-2026,True
1642450,Daniss Jenkins,-0.5092015632352449,-0.20893752155248213,3055.0,-0.6752158390358429,-0.05095106957430537,613.0,-0.16601427580059802,0.15798645197817676,-0.00802782382242126,-0.718139084787727,2024-2026,False
1642461,Spencer Jones,-1.8607397898076015,-0.6608320248661612,3146.0,-1.875425701219134,-0.5864018760688612,284.0,-0.014685911411532526,0.07443014879730003,0.05974423738576751,-2.521571814673763,2024-2026,False
1642844,Dylan Harper,0.7910743944007487,-0.4041711910329011,3202.0,0.994563389056194,-0.7030971083646511,1251.0,0.20348899465544534,-0.29892591733175,-0.09543692267630466,0.38690320336784756,2024-2026,False
1642845,VJ Edgecombe,0.45417028629797995,-0.5636057558350687,5403.0,0.4536558961375943,-0.7004825373970943,788.0,-0.0005143901603856249,-0.13687678156202565,-0.13739117172241128,-0.10943546953708871,2024-2026,False
1642853,Rasheer Fleming,-0.9992651410298706,-0.12741981992389506,1322.0,-0.9909164158829281,-0.11729885179613908,34.0,0.008348725146942515,0.01012096812775598,0.018469693274698495,-1.1266849609537657,2024-2026,True
1642854,Asa Newell,-0.9685490772673825,0.31406968291686166,1063.0,-0.9685931380551588,0.3095578335362625,20.0,-4.406078777630107e-05,-0.0045118493805991755,-0.004555910168375477,-0.6544793943505208,2024-2026,True
1642859,Jase Richardson,-0.6570563437863632,1.2102397719648514,1204.0,-0.658956401885128,1.2111324381431912,6.0,-0.001900058098764812,0.0008926661783397183,-0.0010073919204250936,0.5531834281784882,2024-2026,True
1642863,Khaman Maluach,-2.1458666350412146,-0.8829262841937902,811.0,-2.1438810454264883,-0.8481871792794543,89.0,0.0019855896147262797,0.03473910491433585,0.03672469452906213,-3.0287929192350047,2024-2026,True
1642864,Hugo González,-0.8016313286800861,-1.2937956698669015,2157.0,-0.7723765202607746,-1.2799263695198526,33.0,0.029254808419311495,0.013869300347048918,0.043124108766360414,-2.0954269985469876,2024-2026,True
1642866,Joan Beringer,-0.8112356790703572,0.018790377494840638,675.0,-0.8158610903140121,-0.019191832404718757,48.0,-0.004625411243654898,-0.037982209899559395,-0.04260762114321429,-0.7924453015755166,2024-2026,True
1642867,Collin Murray-Boyles,-0.21776486045474344,-1.4489265094546735,2530.0,-0.1292944589063275,-1.4788467163060153,373.0,0.08847040154841596,-0.02992020685134178,0.058550194697074176,-1.666691369909417,2024-2026,False
1642868,Carter Bryant,-2.2439466514223865,0.07447368189094433,1685.0,-2.0609295744407374,0.0997521242117764,383.0,0.18301707698164904,0.025278442320832067,0.2082955193024811,-2.169472969531442,2024-2026,False
1642869,Noah Penda,-1.0415539276754864,0.23098940667748014,1561.0,-1.0434539857742513,0.23188207285581988,6.0,-0.001900058098764923,0.000892666178339746,-0.0010073919204251769,-0.8105645209980062,2024-2026,True
1642873,Amari Williams,-3.01483910189723,-0.6105040381901875,297.0,-3.018072833254736,-0.6050139586398192,2.0,-0.003233731357505931,0.0054900795503682875,0.0022563481928623563,-3.6253431400874176,2024-2026,True
1642876,Adou Thiero,-1.2420439179140743,0.2669950346444131,306.0,-1.2106701456626732,0.3386204732158181,66.0,0.031373772251401144,0.07162543857140502,0.10299921082280616,-0.9750488832696612,2024-2026,True
1642878,Tyrese Proctor,-0.17664477526418434,0.6245559207468818,1114.0,-0.20285980743774495,0.6347388431722151,25.0,-0.02621503217356061,0.010182922425333252,-0.016032109748227358,0.4479111454826975,2024-2026,True
1642885,Mohamed Diawara,-0.9292338089454976,-0.1483829614399662,1258.0,-0.9193565233050236,-0.10047287118651768,89.0,0.009877285640473965,0.04791009025344853,0.057787375893922494,-1.0776167703854638,2024-2026,True
1642905,Yang Hansen,-3.901652023407181,0.4182825780646569,614.0,-3.9139608784072157,0.4107643540979582,4.0,-0.012308855000034757,-0.007518223966698712,-0.01982707896673347,-3.483369445342524,2024-2026,True
1642917,Max Shulga,-1.8609003752798448,-0.03503119939149659,78.0,-1.8488859317883146,-0.03380388896935419,7.0,0.012014443491530136,0.0012273104221423997,0.013241753913672535,-1.8959315746713414,2024-2026,True
