player_id,player_name,poss,prior_off_new0,prior_off_new1,prior_off_delta,prior_def_new0,prior_def_new1,prior_def_delta,rating_off_raw_new0,rating_off_raw_new1,rating_off_raw_delta,rating_def_raw_new0,rating_def_raw_new1,rating_def_raw_delta,rating_off_new0,rating_off_new1,rating_off_delta,rating_def_new0,rating_def_new1,rating_def_delta,rating_total_new0,rating_total_new1,rating_total_delta
200782,P.J. Tucker,1079.0,-1.498370535688518,0.8120657655049852,2.310436301193503,0.9162124247672875,0.9162124247672875,0.0,-1.5851242584547371,0.5304497386216918,2.115573997076429,0.8673840426622246,0.8801587271724312,0.01277468451020658,-2.1556432621972736,-1.1003465632468163,1.0552966989504573,-0.0398395642856908,-0.019002321024203628,0.02083724326148717,-2.1954828264829644,-1.11934888427102,1.0761339422119445
201599,DeAndre Jordan,2581.0,-1.4941750058387093,0.36142178798323177,1.855596793821941,0.9833082711165381,0.9833082711165381,0.0,-1.948535066653776,-0.42110332893750213,1.5274317377162738,1.249322626412513,1.273163947193065,0.0238413207805519,-1.6642441892186994,-0.7155778070535748,0.9486663821651247,1.0744119832026202,1.1069977648523923,0.032585781649772105,-0.5898322060160792,0.39141995779881755,0.9812521638148968
201145,Jeff Green,3851.0,-1.211016109719815,0.5271739794475272,1.7381900891673423,-0.1573697675871151,-0.1573697675871151,0.0,-1.2307518403615603,0.14963336413213707,1.3803852044936973,-1.8543941534417874,-1.8416416077692512,0.012752545672536142,-1.0699313208829555,-0.12324532262262089,0.9466859982603346,-2.267743352949867,-2.2494828718499105,0.018260481099956483,-3.3376746738328222,-2.3727281944725314,0.9649464793602909
1628983,Shai Gilgeous-Alexander,15651.0,5.023023580701745,3.335087772417138,-1.6879358082846068,0.30691818016284944,0.30691818016284944,0.0,6.889230514154217,6.011920537986256,-0.877309976167961,1.7620824112477362,1.7311301925796827,-0.030952218668053533,5.675426203555807,4.767313654114487,-0.90811254944132,1.3886057089234782,1.3661275870411065,-0.02247812188237175,7.064031912479285,6.133441241155593,-0.9305906713236922
1629029,Luka Dončić,13875.0,5.56549978505864,3.9659468057692973,-1.599552979289343,-0.18263444613184138,-0.18263444613184138,0.0,6.1256274799945505,5.214695430150851,-0.9109320498436997,0.870160151871475,0.8415243643625325,-0.028635787508942467,5.137827790600314,4.23833045395075,-0.8994973366495636,0.7233173533021708,0.7020405794731599,-0.021276773829010942,5.861145143902485,4.94037103342391,-0.9207741104785754
200768,Kyle Lowry,4949.0,0.9087590479204806,2.602265138589357,1.6935060906688764,0.8748870775357921,0.8748870775357921,0.0,-0.48820346427036654,0.6837167284008101,1.1719201926711766,1.2427597763052338,1.2642226674946515,0.021462891189417688,-0.23892353242716435,0.6432762355413906,0.8821997679685549,1.3257835813635364,1.352924341100683,0.02714075973714669,1.086860048936372,1.9962005766420736,0.9093405277057016
203486,Mason Plumlee,4389.0,-1.1557126874033368,0.49854762402891617,1.654260311432253,0.9199067445305408,0.9199067445305408,0.0,-0.6209428609162816,0.6409273924447141,1.2618702533609958,0.47207032729246784,0.45453996680859476,-0.017530360483873075,-0.6869097433644034,0.2135245184973633,0.9004342618617667,0.4403868785242935,0.424619210981684,-0.015767667542609498,-0.24652286484010988,0.6381437294790473,0.8846665943191572
203110,Draymond Green,11095.0,0.011906347458161992,1.491506787338867,1.479600439880705,1.9770905680759672,1.9770905680759672,0.0,-0.9229465582072125,0.0278486243292968,0.9507951825365093,3.3423738304226385,3.2964182004220532,-0.045955630000585224,-0.5881475037119528,0.2723465624975554,0.8604940662095082,3.1324657342892595,3.0938120440126666,-0.03865369027659282,2.5443182305773067,3.366158606510222,0.8218403759329154
1630178,Tyrese Maxey,14775.0,2.9048478318423863,1.8720211602119987,-1.0328266716303875,-0.553925333554038,-0.553925333554038,0.0,3.3341499771186274,2.4913806547104844,-0.842769322408143,-1.4064692074520897,-1.4452330329952758,-0.03876382554318614,2.7296060379661644,1.956008206540933,-0.7735978314252314,-1.2799690716336682,-1.3095598264999038,-0.029590754866235525,1.4496369663324962,0.6464483800410292,-0.8031885862914669
202694,Marcus Morris Sr.,1646.0,-1.3152480770832302,0.2354856864409094,1.5507337635241396,-0.1862080525975785,-0.1862080525975785,0.0,-1.4734404138475579,-0.12897993193514112,1.3444604819124168,-0.6980348582825744,-0.6750794952903421,0.02295536299223233,-2.0482613079532888,-1.3047270887601021,0.7435342191931866,-1.714058894819433,-1.6809073181993075,0.03315157662012558,-3.762320202772722,-2.9856344069594094,0.7766857958133127
203497,Rudy Gobert,14826.0,-1.756414445215139,-0.5872249636687845,1.1691894815463544,2.0018533059532264,2.0018533059532264,0.0,-1.6328061511883596,-0.8512148026443545,0.7815913485440051,4.612472911605744,4.641061519405955,0.028588607800211108,-1.5825021879782242,-0.8429859851935728,0.7395162027846514,3.8911188959991003,3.919432256018674,0.02831336001957352,2.3086167080208764,3.076446270825101,0.7678295628042244
1629027,Trae Young,10934.0,3.943767361246276,2.60169540681781,-1.3420719544284658,-1.1100880476892283,-1.1100880476892283,0.0,4.185770258384915,3.3526820540851205,-0.8330882042997945,-2.2878439073005787,-2.2888673780792503,-0.001023470778671598,3.4679776845176993,2.6986425672544985,-0.7693351172632008,-2.065672830708155,-2.0628726472296752,0.0028001834784796564,1.4023048538095444,0.6357699200248232,-0.7665349337847212
201567,Kevin Love,3700.0,0.6690887835352781,2.0700710939074902,1.400982310372212,-0.10124976266204248,-0.10124976266204248,0.0,1.022899197099266,2.0766352899023164,1.0537360928030504,0.16869386954326487,0.18920585050266148,0.020511980959396603,0.30365500544550494,1.0299524382954308,0.7262974328499259,0.011650515503895065,0.03889435345390746,0.027243837950012395,0.3153055209494,1.0688467917493383,0.7535412707999383
201959,Taj Gibson,1449.0,-1.6149631808228233,-0.0423954507648171,1.5725677300580063,0.9765920286090134,0.9765920286090134,0.0,-2.656758100681178,-1.2498808489083078,1.4068772517728703,0.6532741759319766,0.6522585837711061,-0.0010155921608704377,-2.307279712129637,-1.5575678848261845,0.7497118273034524,-0.08599292564519878,-0.0835646025150707,0.002428323130128085,-2.3932726377748357,-1.6411324873412552,0.7521401504335805
202330,Gordon Hayward,2583.0,-0.1580391677860733,1.233082080174256,1.3911212479603292,-0.22750209634914192,-0.22750209634914192,0.0,-0.36873377049407374,0.8244280207469231,1.1931617912409969,-0.8327910382784622,-0.8327966092394183,-5.570960956102766e-06,-1.2465829901972243,-0.51557578805232,0.7310072021449043,-1.4433566660519124,-1.439615671682113,0.0037409943697994663,-2.6899396562491367,-1.9551914597344329,0.7347481965147038
1630169,Tyrese Haliburton,9817.0,3.778144083993001,2.535790162516732,-1.242353921476269,-0.042292027375936986,-0.042292027375936986,0.0,5.521809122575771,4.696614092659361,-0.8251950299164097,-0.8073297699732686,-0.80769637226209,-0.0003666022888214604,3.8014234842267336,3.068240755368105,-0.7331827288586288,-0.6916052570451887,-0.6882054249785141,0.003399832066674602,3.109818227181545,2.3800353303895907,-0.7297828967919542
202685,Jonas Valančiūnas,8737.0,-0.973357442805932,0.24186512318054754,1.2152225659864795,0.5562900740994285,0.5562900740994285,0.0,0.3425832929148114,1.1617128330340567,0.8191295401192453,1.3153867375085175,1.3297633105287177,0.014376573020200123,0.12884119921330806,0.8261519242608233,0.6973107250475152,1.3668552046753728,1.3846025691719555,0.01774736449658265,1.4956964038886809,2.2107544934327787,0.7150580895440979
202711,Bojan Bogdanovic,2999.0,-0.10472574201958529,1.2133527513014937,1.318078493321079,-0.8349584259415537,-0.8349584259415537,0.0,-0.41168136372846564,0.6880407116845446,1.0997220754130104,-2.1875485200165503,-2.1842970561147315,0.003251463901818852,-1.231561047921768,-0.5295287596101885,0.7020322883115795,-2.912057829533353,-2.9044618037218615,0.007596025811491547,-4.143618877455121,-3.43399056333205,0.709628314123071
201572,Brook Lopez,13516.0,-0.7664389407781151,0.47944205945421636,1.2458810002323315,1.7396913823424938,1.7396913823424938,0.0,-1.2362214923050105,-0.487436523004084,0.7487849693009265,2.223351123340576,2.2110076915840455,-0.01234343175653052,-1.0582891568505601,-0.34320042797795347,0.7150887288726067,1.9313250722620854,1.9242149257855385,-0.007110146476546841,0.8730359154115253,1.581014497807585,0.7079785823960598
203500,Steven Adams,3058.0,-0.6186594588973027,0.7024912584704845,1.3211507173677872,0.37459546028236057,0.37459546028236057,0.0,0.10005514766698809,1.1879429578749288,1.0878878102079406,0.9857308389996395,0.9824288687759994,-0.003301970223640094,-0.6383574448314278,0.06176612669060333,0.7001235715220311,0.8543448692031612,0.8541959307621059,-0.00014893844105534626,0.21598742437173346,0.9159620574527092,0.6999746330809757
201566,Russell Westbrook,11526.0,0.12509676455827567,1.4915231625991512,1.3664263980408755,0.5694321198322315,0.5694321198322315,0.0,-0.4255557284288921,0.3030540407181368,0.7286097691470289,-1.1226725982284886,-1.1290521326838876,-0.006379534455398961,-0.2550569339631825,0.4435967458325405,0.698653679795723,-0.9890553709248024,-0.9911411231810541,-0.0020857522562516273,-1.244112304887985,-0.5475443773485136,0.6965679275394714
202083,Wesley Matthews,842.0,-0.42301926418592495,1.1084564440243552,1.5314757082102801,0.4026084248003199,0.4026084248003199,0.0,-0.5700703533869854,0.8907274138541533,1.4607977672411387,0.47508538324798333,0.4744019268924892,-0.0006834563554941053,-1.9410554717007602,-1.257871290801903,0.6831841808988572,-0.7669593342727108,-0.7641454056684567,0.0028139286042541123,-2.708014805973471,-2.0220166964703594,0.6859981095031116
201988,Patty Mills,1520.0,-0.11934612675683254,1.2329850005858718,1.3523311273427043,-0.30793682079248497,-0.30793682079248497,0.0,-0.3525419265392695,0.8446774182858054,1.197219344825075,0.02628182103263682,0.051314663510786895,0.025032842478150075,-1.2656320818443483,-0.6197433860665535,0.6458886957777947,-0.8575421197426345,-0.8214415563977413,0.0361005633448932,-2.123174201586983,-1.4411849424642948,0.6819892591226879
203903,Jordan Clarkson,8086.0,0.22808609574944172,1.4460311438941733,1.2179450481447316,-1.0830925894567907,-1.0830925894567907,0.0,0.08312222480710804,0.8685712535949779,0.7854490287878698,-0.7469693656963883,-0.7719929876804479,-0.025023621984059607,0.1429266161484164,0.8089693046240201,0.6660426884756037,-0.6529900037108631,-0.6740179906002877,-0.021027986889424533,-0.5100633875624467,0.1349513140237324,0.6450147015861791
1628973,Jalen Brunson,15325.0,3.757417736640166,2.6858797390341396,-1.0715379976060264,-0.717545457765534,-0.717545457765534,0.0,4.82217574466951,4.211362915117114,-0.6108128295523958,-1.0164790588305488,-1.0509313352138745,-0.03445227638332571,3.912679055750488,3.2969274539981037,-0.6157516017523843,-0.9575622061455471,-0.9831665154339908,-0.025604309288443705,2.955116849604941,2.313760938564113,-0.641355911040828
201143,Al Horford,8822.0,0.5258737806464422,1.5607457615542388,1.0348719809077966,1.0117313592974164,1.0117313592974164,0.0,0.5969606849403637,1.3432600402875998,0.7462993553472361,0.5328326368300236,0.5359721586692112,0.0031395218391876423,0.5084917205937649,1.1334682765326587,0.6249765559388938,0.6032625371018416,0.6100610430613398,0.006798505959498158,1.1117542576956065,1.7435293195939985,0.6317750618983919
202696,Nikola Vučević,13887.0,-0.731913399670773,0.2772759321315108,1.0091893318022838,0.47257597814530894,0.47257597814530894,0.0,-0.45987723493362104,0.2437943031349187,0.7036715380685398,0.08735920762582433,0.057851179522924734,-0.029508028102899597,-0.5097116779278372,0.14059273019740326,0.6503044081252405,0.038789801440604954,0.01675639527823547,-0.022033406162369484,-0.47092187648723227,0.15734912547563873,0.628271001962871
201152,Thaddeus Young,881.0,0.1286075801908917,1.5122980870167109,1.3836905068258192,0.543049304913933,0.543049304913933,0.0,0.33606527063808456,1.6271306193388673,1.2910653487007826,-0.13167068531490467,-0.12359942078685515,0.008071264528049515,-1.548028003652747,-0.9350554592046678,0.6129725444480791,-1.5567519824515226,-1.5420163790899393,0.014735603361583305,-3.1047799861042695,-2.477071838294607,0.6277081478096624
203109,Jae Crowder,2605.0,-0.7288250067009667,0.4223372747500218,1.1511622814509885,-0.05558048825958298,-0.05558048825958298,0.0,-1.162693465246686,-0.18974815116209487,0.9729453140845912,-0.0547395601902935,-0.0519756480677982,0.002763912122495306,-1.31521204767917,-0.7164396406754894,0.5987724070036806,-0.4955934391684611,-0.4885068787876312,0.007086560380829887,-1.810805486847631,-1.2049465194631206,0.6058589673845105
201587,Nicolas Batum,8489.0,-0.5343052300226284,0.5902202818357944,1.124525511858423,0.7093674962916713,0.7093674962916713,0.0,-0.13493258138444736,0.5456102860175529,0.6805428674020002,0.6117191741325823,0.6156322979339958,0.0039131238014135095,-0.12231026239558895,0.4703152606895924,0.5926255230851813,0.6862289055156712,0.6938109620728246,0.007582056557153383,0.5639186431200822,1.164126222762417,0.6002075796423347
203925,Joe Harris,341.0,-1.3469231289104708,0.16415345768747436,1.5110765865979452,-0.39293406579337486,-0.39293406579337486,0.0,-1.4825268577215145,-0.011100764445251043,1.4714260932762635,-0.7328272350232288,-0.7316462445394931,0.0011809904837356555,-2.7671442957651213,-2.1735224146829535,0.5936218810821678,-3.1177860973995912,-3.112336408991494,0.005449688408097231,-5.884930393164712,-5.285858823674447,0.5990715694902651
1628467,Maxi Kleber,4090.0,-2.1602771802353438,-1.133688234388163,1.0265889458471809,0.5886599215361401,0.5886599215361401,0.0,-1.7511069068935348,-0.9206181713715251,0.8304887355220096,0.734534691682575,0.7547580516082288,0.020223359925653828,-1.445316161341179,-0.8732538589842673,0.5720623023569116,0.7048079773215985,0.7313411768016125,0.02653319948001398,-0.7405081840195804,-0.14191268218265485,0.5985955018369256
201980,Danny Green,38.0,-0.026548688945920107,1.6562161789395653,1.6827648678854854,0.5895957797604723,0.5895957797604723,0.0,-0.03722000001851119,1.6401906621188613,1.6774106621373726,0.567633431368241,0.5697987888253544,0.002165357457113437,-2.666264314902153,-2.0774053408303397,0.5888589740718135,-1.8141632227824944,-1.80716420190765,0.006999020874844497,-4.480427537684648,-3.8845695427379896,0.595857994946658
202709,Cory Joseph,1834.0,-0.811613572631247,0.39183074862041734,1.2034443212516643,-0.06783818638156443,-0.06783818638156443,0.0,-0.3343292182012935,0.7076616573515542,1.0419908755528478,-0.2962706228877976,-0.29653047734825494,-0.00025985446045734273,-1.2233005241220212,-0.6343193679865506,0.5889811561354705,-1.0985494932748572,-1.0951304076619874,0.0034190856128697433,-2.321850017396878,-1.729449775648538,0.59240024174834
202397,Ish Smith,1523.0,-0.8342317625739463,0.3486510787604422,1.1828828413343886,-0.37340795796960413,-0.37340795796960413,0.0,-1.5058114068491126,-0.45449783751211514,1.0513135693369975,-1.005762570173418,-0.9953981992004011,0.010364370973017012,-2.0233977831882752,-1.4573778214205144,0.5660199617677608,-2.1893124379993933,-2.1721725400220175,0.017139897977375806,-4.212710221187669,-3.629550361442532,0.5831598597451366
203496,Robert Covington,986.0,-0.6842437734434881,0.6274536907298847,1.3116974641733727,1.554718635972649,1.554718635972649,0.0,-0.4771422323956761,0.7232446199709786,1.2003868523666545,1.6495641423967249,1.644185913825878,-0.005378228570846799,-1.8678891973966645,-1.2819740156035093,0.5859151817931552,0.9446719573553302,0.9411668683884895,-0.0035050889668406526,-0.9232172400413343,-0.3408071472150198,0.5824100928263145
201950,Jrue Holiday,11721.0,1.03414407612574,2.0002809671613067,0.9661368910355665,0.5623276976410388,0.5623276976410388,0.0,0.7682400085546877,1.385536898655808,0.6172968901011204,1.7938435757394737,1.8032023629621206,0.009358787222646825,0.6824484820772421,1.2459822099776985,0.5635337279004564,1.6659641463467096,1.6782355291551148,0.012271382808405118,2.3484126284239517,2.9242177391328132,0.5758051107088615
202684,Tristan Thompson,1762.0,-1.3087370915832524,-0.23873176959518383,1.0700053219880685,0.33121495050135963,0.33121495050135963,0.0,-1.4252614990820776,-0.4500848292932744,0.9751766697888031,0.2427906679948595,0.2634514650316532,0.020660797036793688,-1.752195356878052,-1.2147871945687823,0.5374081623092697,-0.45070305536121147,-0.4206995911376108,0.030003464223600673,-2.2028984122392634,-1.635486785706393,0.5674116265328704
203482,Kelly Olynyk,6250.0,-0.022706307368725476,1.0105835092866202,1.0332898166553457,0.7332126433020816,0.7332126433020816,0.0,-0.39266194992065784,0.300767573583707,0.6934295235043648,-0.5058778520906082,-0.509479702536596,-0.0036018504459878198,-0.22881491963068123,0.3220343346989183,0.5508492543295995,-0.4771824428915945,-0.47719254318610504,-1.0100294510539953e-05,-0.7059973625222757,-0.15515820848718676,0.550839154035089
2544,LeBron James,14259.0,4.433962894030059,5.302201645824345,0.8682387517942862,0.8884684680494622,0.8884684680494622,0.0,3.214976421662577,3.808698128321269,0.593721706658692,0.7819703386804665,0.7706773110104107,-0.0112930276700558,2.887810835053077,3.441009090512314,0.553198255459237,0.6276123638279865,0.621559092310461,-0.006053271517525438,3.5154231988810634,4.062568182822774,0.5471449839417111
204060,Joe Ingles,2940.0,0.36191653201861707,1.3138779749079685,0.9519614428893515,0.15489050661498124,0.15489050661498124,0.0,1.0770885791462839,1.8906447798599322,0.8135562007136483,-0.6731212880105174,-0.6522154704932273,0.02090581751729015,0.07411293171150479,0.5861372147355723,0.5120242830240676,-1.1365124488037295,-1.1079482342189353,0.02856421458479419,-1.0623995170922247,-0.521811019483363,0.5405884976088617
203939,Dwight Powell,4802.0,-0.6112535562953694,0.33639524832456424,0.9476488046199336,0.7657466035126803,0.7657466035126803,0.0,-0.6409636416116491,0.06153895347843252,0.7025025950900816,1.5363931592431146,1.5471530176042303,0.010759858361115704,-0.5571080322389839,-0.04424864784414373,0.5128593843948401,1.6416655486350447,1.657204225765812,0.015538677130767287,1.0845575163960608,1.6129555779216682,0.5283980615256074
202687,Bismack Biyombo,2969.0,-3.219263229459043,-2.259184291213108,0.9600789382459349,1.1977625768286275,1.1977625768286275,0.0,-3.343366682160979,-2.581784883424234,0.7615817987367448,1.009262138939409,1.0346905704115181,0.02542843147210916,-2.4895826524439606,-1.9989878563734265,0.49059479607053413,0.8660239356093729,0.8999128101271454,0.03388887451777256,-1.6235587168345877,-1.099075046246281,0.5244836705883067
203200,Justin Holiday,1758.0,-0.5151768136286476,0.6177605415470551,1.1329373551757027,0.16396160711239674,0.16396160711239674,0.0,-0.5611579510719906,0.42542194036632675,0.9865798914383174,0.2858404774743545,0.261146312277984,-0.024694165196370466,-1.5501117223210632,-0.9988999479370708,0.5512117743839924,-0.3979135714721611,-0.42555561045469803,-0.02764203898253692,-1.9480252937932243,-1.4244555583917689,0.5235697354014555
1629636,Darius Garland,11392.0,2.6283701152928387,1.7041268998672072,-0.9242432154256315,-0.8041356884142776,-0.8041356884142776,0.0,2.9902418875763477,2.3822207454316375,-0.6080211421447101,-0.9475658368283182,-0.9086494917063949,0.038916345121923324,2.4433808049902104,1.8844452136663663,-0.5589355913238441,-0.8277904820900419,-0.7883587428452503,0.0394317392447916,1.6155903229001685,1.096086470821116,-0.5195038520790525
202066,Garrett Temple,1243.0,-0.7174062534463046,0.3837995848742053,1.1012058383205099,0.3766662481558658,0.3766662481558658,0.0,-1.3361332042332628,-0.334810970558552,1.0013222336747107,0.6547036234159072,0.6546829078530809,-2.0715562826234546e-05,-1.797470815095699,-1.2851608076586196,0.5123100074370794,-0.20919157537724153,-0.20547118495460426,0.0037203904226372764,-2.0066623904729406,-1.4906319926132239,0.5160303978597167
203493,Reggie Bullock Jr.,871.0,-1.3248453835252545,-0.14599475636621073,1.1788506271590438,0.010639127479204202,0.010639127479204202,0.0,-1.556809635207709,-0.464143979867154,1.092665655340555,-0.19366321993551794,-0.20550210945752956,-0.01183888952201162,-2.36977086615601,-1.851780419606362,0.5179904465496479,-1.651153536522101,-1.6635376340688848,-0.012384097546783712,-4.020924402678111,-3.515318053675247,0.5056063490028642
203991,Clint Capela,8290.0,-0.8893885748472843,-0.18097872458517572,0.7084098502621086,0.9676969858468115,0.9676969858468115,0.0,-1.1297226143740913,-0.477251901703754,0.6524707126703373,2.420854399357252,2.4030414146404406,-0.017812984716811364,-0.7725201252883966,-0.2639020717086962,0.5086180535797005,2.471175660660303,2.457380113198536,-0.013795547461767033,1.6986555353719064,2.19347804148984,0.49482250611793344
203114,Khris Middleton,7960.0,0.8514831225753758,1.8017579503586754,0.9502748277832995,0.038218394125478755,0.038218394125478755,0.0,0.9558089265206814,1.5495762809283358,0.5937673544076544,-1.0785027411873123,-1.0956921507073765,-0.017189409520064203,0.7854461606501855,1.2905169599157635,0.5050707992655781,-0.9853266331183894,-0.998654605096037,-0.013327971977647568,-0.19988047246820395,0.29186235481972655,0.4917428272879305
203926,Doug McDermott,3512.0,-0.6778130004717906,0.1357388541546547,0.8135518546264453,-1.0323334475011028,-1.0323334475011028,0.0,-1.0370760879851249,-0.3847621022213372,0.6523139857637876,-1.6447297972803878,-1.6037125021716512,0.04101729510873664,-0.9380827580583888,-0.5039559223719245,0.43412683568646426,-2.114341537591173,-2.063214517045323,0.051127020545850055,-3.052424295649562,-2.5671704394172474,0.48525385623231454
203083,Andre Drummond,6694.0,-1.2378450556790486,-0.4265033742276315,0.811341681451417,1.1575295920226436,1.1575295920226436,0.0,-1.6360168439612583,-1.0173579430725526,0.6186589008887058,0.9966390717513335,0.9969460730084913,0.0003070012571577685,-1.1359642418247144,-0.6549937562118187,0.4809704856128958,1.0915539123134121,1.0956176391180747,0.004063726804662604,-0.044410329511302304,0.4406238829062561,0.4850342124175584
203935,Marcus Smart,6355.0,0.36277247335941687,1.1160141138972526,0.7532416405378357,0.6539585118385872,0.6539585118385872,0.0,0.09104016027739409,0.6890770600845804,0.5980368998071863,1.4741741735698772,1.4915465241394852,0.017372350569607953,0.11053566650257896,0.5653492612469786,0.45481359474439964,1.5876476315950718,1.6094611577544744,0.021813526159402574,1.6981832980976508,2.174810419001453,0.4766271209038022
1628960,Grayson Allen,11280.0,0.844853625182562,0.0626621231833473,-0.7821915019992147,-0.0458213021701631,-0.0458213021701631,0.0,1.4630057917452017,0.9321025599166162,-0.5309032318285856,-1.5841548389603364,-1.5775693637758974,0.006585475184438971,1.1296364552691966,0.6456135777013832,-0.4840228775678135,-1.412002969008407,-1.402202647494358,0.00980032151404897,-0.2823665137392104,-0.7565890697929749,-0.4742225560537645
203501,Tim Hardaway Jr.,13288.0,0.11961518089489265,1.0084508066451991,0.8888356257503065,-0.8359375221851155,-0.8359375221851155,0.0,0.41944281951893386,0.9236072976305837,0.5041644781116499,-1.7937697253476275,-1.8118988913726808,-0.018129166025053323,0.2707575496138719,0.7565290562535991,0.48577150663972724,-1.6011799314036068,-1.6134471472294556,-0.012267215825848776,-1.330422381789735,-0.8569180909758565,0.47350429081387846
202704,Reggie Jackson,4446.0,0.037643960982953084,0.9865485312749329,0.9489045702919798,-0.6986980254966751,-0.6986980254966751,0.0,-0.3683776060780172,0.252277699481818,0.6206553055598352,-0.518481277633038,-0.5120454913585691,0.0064357862744688354,-0.5787032905134213,-0.11668354730063513,0.46201974321278616,-0.6545100273310189,-0.6436137192637341,0.01089630806728481,-1.2332133178444402,-0.7602972665643692,0.47291605128007097
101108,Chris Paul,8303.0,1.9754742988397302,2.9460203881023475,0.9705460892626172,0.7738792069887664,0.7738792069887664,0.0,1.2067238251765011,1.74414923893003,0.5374254137535288,-0.5112544057401355,-0.5233396348603533,-0.01208522912021781,1.109832055254353,1.587253215153504,0.4774211598991509,-0.4163636779982154,-0.42451420956689967,-0.008150531568684283,0.6934683772561376,1.1627390055866043,0.4692706283304666
1626153,Delon Wright,2801.0,0.22711857683693037,1.1455661009913902,0.9184475241544598,0.4082438866309208,0.4082438866309208,0.0,-0.171819390895793,0.5639114007745122,0.7357307916703052,1.0986979851715841,1.095091947664986,-0.0036060375065980477,-0.686729473033795,-0.2204772276257727,0.46625224540802224,0.9399505771883243,0.9393871912610492,-0.0005633859272751174,0.25322110415452936,0.7189099636352765,0.4656888594807471
1628369,Jayson Tatum,11748.0,3.2753873986771707,2.6077100699211933,-0.6676773287559774,-0.3744130419670204,-0.3744130419670204,0.0,3.3245295478072254,2.8563433443963135,-0.4681862034109119,0.0019084764610408644,-0.039409517827862006,-0.04131799428890287,2.75085297744218,2.323371834023377,-0.4274811434188033,0.03317988202900235,-0.0006826948135150168,-0.03386257684251737,2.7840328594711825,2.322689139209862,-0.46134372026132064
1630162,Anthony Edwards,15912.0,3.349551281362232,2.776479160557227,-0.5730721208050049,-0.5058310531159713,-0.5058310531159713,0.0,3.930367819750135,3.438647194897536,-0.49172062485259893,-1.1502071970746632,-1.1552196466684392,-0.005012449593776003,3.2196018468608965,2.7638577996287785,-0.4557440472321179,-1.0851842393609115,-1.0856651844513325,-0.0004809450904210699,2.134417607499985,1.678192615177446,-0.456224992322539
1627827,Dorian Finney-Smith,8770.0,-0.06952647465254436,0.6848389566878301,0.7543654313403745,0.2534607600888408,0.2534607600888408,0.0,0.4384631740143736,0.9559464993167865,0.5174833253024129,1.1767589841567103,1.1877310096425937,0.010972025485883385,0.30928885397469896,0.7460393388819968,0.43675048490729784,1.2307529484274617,1.2451762784606255,0.014423330033163761,1.5400418024021607,1.9912156173426223,0.4511738149404616
1631165,Keon Ellis,8950.0,-0.38723044397619677,-1.100320656571026,-0.7130902125948292,0.9853645045399476,0.9853645045399476,0.0,0.24844501697715948,-0.24220329960911857,-0.49064831658627805,0.8538951820456095,0.8250738604916692,-0.02882132155394035,0.16052494534467288,-0.2658880539094315,-0.42641299925410436,0.9117908116096745,0.8876199129057425,-0.024170898703931964,1.0723157569543473,0.621731858996311,-0.45058389795803633
1628386,Jarrett Allen,12882.0,-1.0581510060439594,-0.606230023432864,0.45192098261109537,0.8581886325899525,0.8581886325899525,0.0,0.7063592987894829,1.2566262870498002,0.5502669882603173,1.8450749047954171,1.8414650439306428,-0.003609860864774328,0.2982417534025408,0.7464679670442353,0.44822621364169457,1.639387692570761,1.6399220140645263,0.0005343214937654217,1.9376294459733017,2.3863899811087617,0.44876053513546
201976,Patrick Beverley,2957.0,0.024049038239225107,0.9618164436225052,0.9377674053832801,0.23228350409199214,0.23228350409199214,0.0,-0.14096107692055898,0.5147996896605062,0.6557607665810652,0.33720225199731435,0.3427956431963804,0.0055933911990660445,-1.0793849811978387,-0.641089794579007,0.4382951866188316,0.06668928549378927,0.07707103776158641,0.01038175226779714,-1.0126956957040494,-0.5640187568174206,0.44867693888662874
1630163,LaMelo Ball,8727.0,2.4687745643726053,1.6462750287565828,-0.8224995356160225,-0.598868736202113,-0.598868736202113,0.0,3.7843270634360198,3.2667142405660523,-0.5176128228699675,-0.5607230751432032,-0.5543084740370988,0.006414601106104367,2.8126411394011144,2.354592389535181,-0.4580487498659336,-0.46015129754989204,-0.45015559551323436,0.009995702036657672,2.3524898418512223,1.9044367940219464,-0.4480530478292759
201939,Stephen Curry,12604.0,5.757823195443449,5.356445137657747,-0.4013780577857018,-0.10667626245940041,-0.10667626245940041,0.0,6.252639150722679,5.738619570573713,-0.5140195801489664,-1.1741506884307815,-1.2030046485827337,-0.028853960151952185,5.211607122854202,4.787246702301552,-0.42436042055265055,-1.0449137654233267,-1.0669887250028647,-0.02207495957953798,4.1666933574308755,3.720257977298687,-0.44643538013218853
203937,Kyle Anderson,7510.0,-0.8344065152995914,-0.13403813804312537,0.7003683772564661,0.3643285735049493,0.3643285735049493,0.0,-2.159766782389677,-1.6433052883342918,0.5164614940553851,1.215211855498615,1.2317643099717763,0.016552454473161227,-1.3881781143306617,-0.97405021090364,0.41412790342702177,1.3040671155307768,1.3244588716473245,0.020391756116547644,-0.08411099879988493,0.3504086607436845,0.4345196595435694
203084,Harrison Barnes,13583.0,-0.5503690492307068,0.29257291812434105,0.8429419673550479,-0.5343158710256932,-0.5343158710256932,0.0,0.3414282002955241,0.7871185120031048,0.44569031170758067,-0.5501391157637727,-0.5624871834033403,-0.012348067639567528,0.10152449630455518,0.5408220741944629,0.43929757788990775,-0.5101086871190814,-0.5172095071453158,-0.007100820026234356,-0.40858419081452624,0.02361256704914716,0.4321967578636734
1627750,Jamal Murray,14166.0,3.6189844896758157,2.946895346362009,-0.6720891433138068,-0.14152036266405463,-0.14152036266405463,0.0,5.204845219342655,4.747988818967335,-0.4568564003753197,-1.670797413195679,-1.6674738872476595,0.0033235259480195456,4.190719586982828,3.7550499096265484,-0.4356696773562798,-1.5000950009344436,-1.4934580542228946,0.006636946711549019,2.6906245860483846,2.261591855403654,-0.4290327306447308
201568,Danilo Gallinari,1299.0,0.6999206453477738,1.5952993010119452,0.8953786556641714,-0.30255570096080564,-0.30255570096080564,0.0,0.4321707121372229,1.2358343747839506,0.8036636626467277,-0.8991271271787136,-0.8935151811661622,0.005611946012551328,-1.1603756049029124,-0.7447231161437151,0.41565248875919725,-2.215018669931093,-2.2038965483487507,0.01112212158234227,-3.3753942748340053,-2.948619664492466,0.4267746103415395
1628378,Donovan Mitchell,13605.0,3.4803174492337314,2.697686612406148,-0.7826308368275834,-0.12700127787465249,-0.12700127787465249,0.0,4.122831545367843,3.703317290122442,-0.4195142552454012,1.3195022353804182,1.3205208348276312,0.0010185994472129423,3.3946985606720754,2.9718541177000053,-0.42284444297207013,1.1312500100307306,1.1358922837616916,0.004642273730961044,4.5259485707028055,4.1077464014616965,-0.4182021692411091
1629639,Tyler Herro,10525.0,1.9516603401909405,1.305229006643977,-0.6464313335469636,-0.8193410216092356,-0.8193410216092356,0.0,2.205022642974846,1.7782534855058736,-0.42676915746897226,-1.177924381635974,-1.2119555857995363,-0.03403120416356242,1.804218490519363,1.4165301255516192,-0.38768836496774384,-1.0386733683034928,-1.0667121318346315,-0.028038763531138766,0.7655451222158702,0.34981799371698763,-0.4157271284988826
202693,Markieff Morris,798.0,-1.3209512136736747,-0.39013852988353237,0.9308126837901424,-0.38297276040538347,-0.38297276040538347,0.0,-1.7469292264200478,-0.8758240340372684,0.8711051923827794,-0.6365791417437346,-0.6332820707960678,0.003297070947666847,-2.3612054162679774,-1.9574253583468155,0.4037800579211619,-2.3345751379294617,-2.3263038403887633,0.008271297540698441,-4.695780554197439,-4.283729198735578,0.4120513554618608
203932,Aaron Gordon,9690.0,-0.4620254810520482,0.13317372461575427,0.5951992056678025,-0.04218213614710613,-0.04218213614710613,0.0,0.22258459398820385,0.6826357081296656,0.4600511141414617,0.4994797089237177,0.5225753687761345,0.02309565985241685,0.12948737017735734,0.5135333600404719,0.38404598986311456,0.5518396302237525,0.5775690992288687,0.02572946900511619,0.6813270004011098,1.0911024592693406,0.40977545886823075
1630559,Austin Reaves,14327.0,2.300374162586767,1.6764216115524853,-0.6239525510342816,-0.4612468978358747,-0.4612468978358747,0.0,2.4081921303692395,1.9783643068128667,-0.42982782355637283,-0.19665181398468395,-0.18796970050292772,0.008682113481756237,1.9819387772307233,1.5721242030846239,-0.40981457414609945,-0.22401671405648838,-0.21274304135760547,0.011273672698882908,1.757922063174235,1.3593811617270184,-0.39854090144721654
1626164,Devin Booker,15149.0,3.085143316308522,2.52653771459354,-0.5586056017149819,-0.6104220388027148,-0.6104220388027148,0.0,3.4653545220418476,3.0930772740660495,-0.3722772479757981,-0.36883401186297105,-0.41261264890838345,-0.043778637045412405,2.8391551090420992,2.476935301419427,-0.36221980762267236,-0.3998811796732298,-0.4335430618466565,-0.033661882173426694,2.4392739293688694,2.0433922395727704,-0.39588168979609906
1642285,Cam Spencer,4083.0,1.428865029158023,0.7443437052429962,-0.6845213239150267,-0.7450648579757657,-0.7450648579757657,0.0,1.3882917500695413,0.8141196090031864,-0.574172141066355,-1.5555230670549434,-1.5488203172505632,0.006702749804380126,0.5192326844622084,0.11826562512601324,-0.40096705933619514,-1.8768365212805307,-1.8655346901769119,0.01130183110361882,-1.3576038368183223,-1.7472690650508986,-0.3896652282325763
203944,Julius Randle,13275.0,-0.07056886015891761,0.38661354841505124,0.45718240857396886,-0.18010245644930845,-0.18010245644930845,0.0,1.116801614067496,1.5450547984404368,0.4282531843729409,-0.6308786067114979,-0.6148502916744345,0.016028315037063368,0.712415461913519,1.0784745901863575,0.3660591282728385,-0.5735979651677798,-0.5556876959901431,0.017910269177636717,0.13881749674573918,0.5227868941962144,0.3839693974504752
203095,Evan Fournier,1199.0,-0.4672674140569373,0.34182554711307866,0.809092961170016,-0.31943749555583767,-0.31943749555583767,0.0,-1.5920448528819306,-0.8212233025235864,0.7708215503583442,-0.4480154432482078,-0.4514456265323037,-0.003430183284095889,-2.101386170606873,-1.7171521616503354,0.3842340089565375,-1.6991970147708826,-1.6999926821667852,-0.0007956673959026439,-3.8005831853777554,-3.4171448438171206,0.38343834156063483
201949,James Johnson,172.0,-1.1518436417118016,-0.11613203480634116,1.0357116069054606,0.682791597240277,0.682791597240277,0.0,-1.1186352717180041,-0.09619573284648208,1.022439538871522,0.4718138894660955,0.4693401224876136,-0.002473766978481895,-2.829399755119812,-2.447274029028919,0.382125726090893,-1.6755039490412202,-1.6753997795316482,0.00010416950957203852,-4.504903704161032,-4.122673808560567,0.3822298956004655
202699,Tobias Harris,13168.0,-0.9413788940746124,-0.22190764062557233,0.7194712534490401,0.4386284841807333,0.4386284841807333,0.0,0.7140485887556336,1.108659493861349,0.3946109051057154,1.5035446088483624,1.4954595987300205,-0.00808501011834184,0.3103682956763243,0.6923701254559766,0.38200182977965236,1.3186533149754993,1.3152428338984534,-0.0034104810770458904,1.6290216106518236,2.00761295935443,0.37859134870260647
1631260,AJ Green,9281.0,-0.5813095554167442,-1.2270482257149244,-0.6457386702981802,-0.6208964020210556,-0.6208964020210556,0.0,-0.11165397376291197,-0.5606338687228635,-0.4489798949599515,0.7178544915763286,0.7284545056744568,0.010600014098128163,-0.1015948771888886,-0.49405245259328145,-0.39245757540439286,0.7714660074961719,0.785399986419661,0.013933978923489132,0.6698711303072833,0.29134753382637957,-0.3785235964809037
201577,Robin Lopez,138.0,-1.2417653086248472,-0.21185119237269467,1.0299141162521526,0.10735222634382438,0.10735222634382438,0.0,-1.374030918093502,-0.35316283686694483,1.0208680812265571,-0.016196442836914987,-0.01767613243157934,-0.0014796895946643518,-2.970954673929199,-2.5958436261079556,0.3751110478212434,-2.4646304805074046,-2.4630724227962317,0.0015580577111729,-5.435585154436604,-5.058916048904187,0.3766691055324163
203458,Alex Len,1682.0,-2.3434114758229923,-1.6373520453724284,0.7060594304505639,1.126461142964482,1.126461142964482,0.0,-2.271067710444641,-1.593800699359769,0.6772670110848718,1.0831312270841547,1.0868117056864435,0.003680478602288817,-2.263612133047288,-1.9015971791507185,0.36201495389656957,0.5833544310832379,0.5918048149518675,0.008450383868629618,-1.68025770196405,-1.309792364198851,0.3704653377651992
201565,Derrick Rose,825.0,-0.07897990565346769,0.6832533992981369,0.7622333049516046,-0.5238086090240154,-0.5238086090240154,0.0,-0.4093606280704736,0.30595391373833764,0.7153145418088112,-0.3062758717836911,-0.2812045251607538,0.025071346622937307,-1.8552365568731455,-1.522947167474057,0.3322893893990886,-1.8524261117369738,-1.8143687045388783,0.03805740719809547,-3.7076626686101193,-3.337315872012935,0.3703467965971843
203081,Damian Lillard,9767.0,3.9425306399556197,3.5980417205808326,-0.3444889193747871,-0.40214046620173843,-0.40214046620173843,0.0,4.083149091535671,3.624810816899211,-0.45833827463646015,-0.3795225901234841,-0.38724548645651014,-0.00772289633302603,2.8705114372269764,2.5141632072470235,-0.35634822997995297,-0.2852682388871881,-0.2888578549275773,-0.0035896160403892097,2.5852431983397883,2.225305352319446,-0.3599378460203422
1630231,KJ Martin,3401.0,-2.3313680353098745,-1.637490109072032,0.6938779262378425,-0.16566637769195103,-0.16566637769195103,0.0,-1.9694438304421926,-1.4248953302900824,0.5445485001521102,-0.7610669975029806,-0.7657891353691157,-0.004722137866135179,-1.8199852311634044,-1.4588526586889148,0.3611325724744896,-1.119108983874555,-1.120843544932391,-0.0017345610578360926,-2.9390942150379593,-2.579696203621306,0.3593980114166535
201569,Eric Gordon,5593.0,0.6865114002835473,1.261303061424887,0.5747916611413397,-0.36217184096937965,-0.36217184096937965,0.0,0.5565404038711623,1.024202085232835,0.46766168136167274,-0.33269581789355407,-0.3211108204952947,0.011584997398259356,0.3610641179973535,0.7034941682036311,0.3424300502062776,-0.33648325740677176,-0.3203894041347741,0.016093853271997638,0.024580860590581732,0.38310476406885696,0.35852390347827523
1629630,Ja Morant,5198.0,1.9244882126519098,1.3329957388830571,-0.5914924737688527,-0.5979291557428942,-0.5979291557428942,0.0,1.9586197283703561,1.534049460228566,-0.4245702681417902,-0.6865516351301544,-0.7088214097643729,-0.02226977463421853,1.2820733238570656,0.954862092703761,-0.32721123115330464,-0.7502742196520167,-0.7705837034744198,-0.020309483822403163,0.531799104205049,0.18427838922934114,-0.3475207149757078
1630170,Devin Vassell,13105.0,0.35207580404773653,-0.057322963973732266,-0.4093987680214688,-0.46857777409628554,-0.46857777409628554,0.0,0.5631059158689999,0.23139662072944622,-0.3317092951395537,-0.7214853656815133,-0.7768987486499582,-0.05541338296844489,0.42250358600245086,0.12130963899217972,-0.30119394701027113,-0.6499628647042348,-0.6953346110755727,-0.045371746371337895,-0.22745927870178395,-0.574024972083393,-0.34656569338160903
1628470,Torrey Craig,2721.0,-0.5330158577487181,0.10649686104382439,0.6395127187925425,0.23775922795776935,0.23775922795776935,0.0,-0.8326834378391286,-0.312059825119119,0.5206236127200096,0.18867492950582126,0.20253297116387106,0.013858041658049797,-1.1187775869222805,-0.794206274745668,0.3245713121766125,-0.1691343197346713,-0.1487494229097499,0.020384896824921395,-1.2879119066569518,-0.9429556976554179,0.3449562090015339
202695,Kawhi Leonard,11182.0,5.2718333186032105,4.790475896920818,-0.48135742168239215,1.2303183444351904,1.2303183444351904,0.0,5.790632157770035,5.374014931640185,-0.4166172261298495,1.9840209328983143,1.9968127548960375,0.012791821997723218,4.714795608606357,4.354704702862287,-0.36009090574406954,1.8736640661013038,1.8891926882914576,0.015528622190153829,6.588459674707661,6.2438973911537445,-0.34456228355391616
202691,Klay Thompson,12015.0,1.6050559324698732,2.2956159011421846,0.6905599686723114,-0.36839716298872216,-0.36839716298872216,0.0,0.21568945378380966,0.5833951038594838,0.36770565007567413,-1.1570850821129408,-1.1745491949905844,-0.0174641128776436,0.41153012515422693,0.7641952472023705,0.3526651220481436,-1.0237845611125067,-1.0358484581875964,-0.012063897075089702,-0.6122544359582798,-0.2716532109852259,0.3406012249730539
1627734,Domantas Sabonis,12162.0,0.036113436448860003,0.4814740796284598,0.4453606431795998,0.3420581608215367,0.3420581608215367,0.0,0.43402540100584086,0.852067889036165,0.4180424880303242,1.3798739336035417,1.363756896940574,-0.01611703666296771,0.30238728201948906,0.6529239293255329,0.35053664730604384,1.2651319890176431,1.2543303770566019,-0.010801611961041235,1.5675192710371322,1.9072543063821348,0.3397350353450026
1628404,Josh Hart,15187.0,0.009615037756886213,0.3013331532719745,0.2917181155150883,0.22173651455646673,0.22173651455646673,0.0,0.6418007953428712,1.0455730853009344,0.40377228995806325,0.7010974331079355,0.6995620367293967,-0.0015353963785388336,0.289755423155849,0.6229625220095678,0.3332070988537188,0.5125307730009991,0.5149673326851976,0.002436559684198425,0.8022861961568482,1.1379298546947654,0.3356436585379172
1627749,Dejounte Murray,8753.0,0.823191686895347,0.2773463201316084,-0.5458453667637386,-0.26991097837327716,-0.26991097837327716,0.0,1.0973136337557843,0.7452691273292138,-0.3520445064265705,-0.8741547818337517,-0.9026731528083581,-0.02851837097460641,0.8895387492846214,0.5781108436351721,-0.31142790564944933,-0.7650213602295741,-0.7890332353915794,-0.024011875162005314,0.12451738905504728,-0.21092239175640737,-0.33543978081145465
1626220,Royce O'Neale,12345.0,0.2489269536300871,0.7586986877922481,0.509771734162161,0.3732644027095853,0.3732644027095853,0.0,-0.6021205583121193,-0.2642916567403859,0.3378289015717334,0.4360780070456424,0.4633764829283657,0.027298475882723272,-0.4047936648412067,-0.09872484802132409,0.3060688168198826,0.4061886975656277,0.43449074660593734,0.02830204904030964,0.001395032724420986,0.33576589858461325,0.33437086586019227
1626158,Richaun Holmes,2255.0,-1.6989675354369536,-1.0530382206290583,0.6459293148078953,0.37606814455763793,0.37606814455763793,0.0,-1.3239689215097927,-0.7453156100075955,0.5786533115021972,0.6922059573285388,0.683583016841658,-0.008622940486880837,-1.6113443016879239,-1.2747887153676836,0.3365555863202403,0.3065228131115929,0.299646363410623,-0.0068764497009699,-1.304821488576331,-0.9751423519570606,0.3296791366192704
1628978,Donte DiVincenzo,13176.0,0.6891134055779642,0.12707010268511154,-0.5620433028928526,0.20249060924861303,0.20249060924861303,0.0,1.2690108711010808,0.9326116992671011,-0.3363991718339797,0.4176443810117142,0.41310955592219195,-0.004534825089522243,0.9376189681902853,0.6094105514434562,-0.3282084167468291,0.3569065955850115,0.35663993993723286,-0.00026665564777861306,1.2945255637752968,0.9660504913806891,-0.3284750723946077
1630241,Sam Merrill,7891.0,0.5987193922192107,-0.02930039602765966,-0.6280197882468703,-0.6923686576420323,-0.6923686576420323,0.0,0.8307925427423029,0.4405628351118443,-0.39022970763045856,0.1674652090243769,0.17680892164333994,0.009343712618963051,0.6549882447482438,0.31380572419197694,-0.34118252055626686,0.2523113913919297,0.26535805674290813,0.013046665350978426,0.9072996361401735,0.5791637809348851,-0.32813585520528843
1630573,Sam Hauser,10386.0,0.08729066405086017,-0.6948070818319229,-0.782097745882783,-0.6084734610591672,-0.6084734610591672,0.0,1.4555086678414653,1.141698036444807,-0.3138106313966582,-0.1527064377571169,-0.15117714700120932,0.0015292907559075752,0.9941582527756245,0.6613098395338755,-0.3328484132417491,-0.07867579526874602,-0.07349527043209392,0.005180524836652101,0.9154824575068785,0.5878145691017815,-0.327667888405097
1630249,Vít Krejčí,6418.0,-0.5213496103684316,-1.1579057155878933,-0.6365561052194617,-0.29906820159032443,-0.29906820159032443,0.0,-0.7409986861382889,-1.150074147782628,-0.40907546164433906,-0.530534501251279,-0.5202362049681835,0.010298296283095532,-0.49067469722442336,-0.8304872776931622,-0.33981258046873886,-0.4937383935878099,-0.47930199893065994,0.014436394657149965,-0.9844130908122333,-1.3097892766238222,-0.3253761858115889
1626192,Pat Connaughton,5267.0,-0.5960714853240563,-0.00123424428323049,0.5948372410408258,-0.34415563439013497,-0.34415563439013497,0.0,-0.9372124434848412,-0.5131704895172603,0.42404195396758093,-0.6236365212043504,-0.620015425823135,0.0036210953812154667,-0.6852633165871382,-0.36813605813409644,0.3171272584530418,-0.6755788079598171,-0.6679287904674109,0.007650017492406125,-1.3608421245469553,-1.0360648486015074,0.3247772759454479
1630551,Justin Champagnie,6222.0,-0.49139980780241954,-1.0197336217824682,-0.5283338139800486,0.38251077983116155,0.38251077983116155,0.0,-0.3925593021725359,-0.8059121607876358,-0.41335285861509996,-1.3337076846797593,-1.3358323989830265,-0.0021247143032672167,-0.29486697583838994,-0.6184384985098776,-0.3235715226714877,-1.3432028427205953,-1.3416737760195887,0.0015290667010066095,-1.6380698185589853,-1.9601122745294663,-0.3220424559704811
1627741,Buddy Hield,10078.0,0.5207044185310499,1.0841737033993548,0.5634692848683049,-0.2165075625551685,-0.2165075625551685,0.0,0.23428385882767455,0.5874569998554546,0.3531731410277801,-0.6424985297704542,-0.6402248098467764,0.0022737199236777528,0.2915407692007328,0.6038147157004472,0.3122739464997144,-0.5359160961675418,-0.5300234168808253,0.00589267928671644,-0.24437532696680897,0.07379129881962188,0.31816662578643085
203484,Kentavious Caldwell-Pope,11623.0,-0.7794822221674842,-0.2031703087960549,0.5763119133714293,0.4827614971359445,0.4827614971359445,0.0,-0.7722172903396238,-0.4102463833262527,0.36197090701337115,1.4241793225126962,1.40751947463362,-0.01665984787907626,-0.6455269918744562,-0.3164378345035792,0.32908915737087696,1.3345848821005522,1.3231290450934137,-0.01145583700713848,0.689057890226096,1.0066912105898345,0.3176333203637385
1629632,Coby White,13601.0,0.9677813876065724,0.5656516691603335,-0.4021297184462389,-0.761607512850939,-0.761607512850939,0.0,2.331362522651318,1.9686319646347024,-0.3627305580166158,-1.0221971310708484,-1.0185882575267549,0.0036088735440935604,1.7485850450936407,1.4243223118269008,-0.3242627332667398,-0.9251736288049557,-0.9182563242051338,0.006917304599821872,0.823411416288685,0.506065987621767,-0.31734542866691795
1629312,Haywood Highsmith,6527.0,-0.827317453552952,-1.3555336157082312,-0.5282161621552791,0.3232667606147711,0.3232667606147711,0.0,-1.1305227444317427,-1.5145690002816306,-0.38404625584988783,1.5388916126530074,1.5310270725331758,-0.00786454011983162,-0.7885049781060132,-1.098308708185869,-0.30980373007985573,1.65254107977408,1.6481532028176855,-0.004387876956394532,0.8640361016680669,0.5498444946318166,-0.31419160703625026
203076,Anthony Davis,10468.0,0.32541200132773707,0.8710635034406218,0.5456515021128847,2.059923213214415,2.059923213214415,0.0,0.5452189654690449,0.8971811106941805,0.3519621452251356,3.0151730178222107,3.006311701118401,-0.008861316703809852,0.4706464095134737,0.7817349924561441,0.3110885829426704,2.8825509221596413,2.8780114758596853,-0.0045394462999559515,3.353197331673115,3.6597464683158294,0.30654913664271444
203488,Mike Muscala,1255.0,-1.2427784590628976,-0.6069577620620696,0.635820697000828,-0.09803790311411946,-0.09803790311411946,0.0,-1.5458394670430025,-0.9710276547485777,0.5748118122944248,-0.2044601853559098,-0.1990167045163872,0.005443480839522591,-2.1729762404927246,-1.8801190841650226,0.29285715632770204,-1.334245867636087,-1.3233203209817432,0.010925546654343865,-3.5072221081288117,-3.203439405146766,0.3037827029820459
1626145,Tyus Jones,10549.0,0.5692934863894548,0.09520587084966725,-0.4740876155397875,-0.7315436736444618,-0.7315436736444618,0.0,-0.31511635644154035,-0.6171072468198529,-0.3019908903783125,-2.174273528667196,-2.2045201634386267,-0.030246634771430525,-0.0672149661842858,-0.3458647090332554,-0.2786497428489696,-1.9687405801795919,-1.9932295730855834,-0.02448899290599149,-2.0359555463638777,-2.3390942821188387,-0.3031387357549611
1627777,Georges Niang,7249.0,-0.8755013822648057,-0.47461982371877043,0.40088155854603524,-0.7038557792216305,-0.7038557792216305,0.0,-0.0173332273768817,0.3362675154502449,0.3536007428271266,-1.3655271359280063,-1.3349914832397545,0.03053565268825187,-0.4376954644976454,-0.1700955617259554,0.26759990277169,-1.3048094715179213,-1.2701329352847703,0.03467653623315092,-1.7425049360155667,-1.4402284970107258,0.3022764390048409
1630530,Trey Murphy III,12242.0,1.006434515010697,0.5153290985567378,-0.4911054164539592,-0.22486049258560498,-0.22486049258560498,0.0,0.25931453440626717,-0.028175841012051617,-0.2874903754183188,-0.04833202266659478,-0.0735661598224456,-0.025234137155850822,0.32916726232507054,0.049974424951639396,-0.27919283737343115,-0.026484571627291675,-0.0454804239835882,-0.018995852356296528,0.30268269069777887,0.004494000968051193,-0.2981886897297277
1629660,Ty Jerome,3618.0,1.9162075846418352,1.408167512615677,-0.5080400720261582,-0.25972212362982783,-0.25972212362982783,0.0,3.2396740561844783,2.8477676608502946,-0.3919063953341837,-0.8254186617221974,-0.8449950819856936,-0.019576420263496264,1.5604182617106965,1.2859228069736104,-0.27449545473708614,-1.1444728990713422,-1.1632308290795912,-0.01875793000824899,0.41594536263935433,0.1226919778940192,-0.29325338474533513
1628464,Daniel Theis,3358.0,-1.4583942509329972,-0.9433724639142406,0.5150217870187567,0.6340134023407691,0.6340134023407691,0.0,-1.4091830736778603,-0.9686242652276511,0.4405588084502092,0.22052548367048397,0.22093836470834316,0.00041288103785919184,-1.4205903536518723,-1.137427698003028,0.28316265564884424,0.012526532916177668,0.016754566097540557,0.004228033181362889,-1.4080638207356946,-1.1206731319054875,0.28739068883020713
1628401,Derrick White,15236.0,1.649797021053993,1.0959277803266285,-0.5538692407273644,0.5430149303087743,0.5430149303087743,0.0,2.5563290354369164,2.320430459441333,-0.2358985759955834,2.2343851074397594,2.201677469416161,-0.03270763802359822,1.9325240311308884,1.670059700738363,-0.26246433039252537,1.8184045657575156,1.7942444730353029,-0.024160092722212756,3.750928596888404,3.464304173773666,-0.2866244231147381
1628988,Aaron Holiday,5887.0,-0.17262220868249734,-0.5468794564361065,-0.37425724775360913,-0.9321664605740759,-0.9321664605740759,0.0,-0.036652768312122136,-0.4400158166807787,-0.40336304836865655,-0.004778826903583444,-0.004542809641898793,0.0002360172616846512,-0.08081856013497202,-0.3713644604364408,-0.29054590030146876,0.029247198082167802,0.033244026350534917,0.003996828268367114,-0.051571362052804215,-0.33812043408590586,-0.28654907203310165
1627736,Malik Beasley,9711.0,-0.3555004915690634,-0.6655441227459266,-0.3100436311768632,-0.778282732491951,-0.778282732491951,0.0,0.3844752688483093,0.02652806247931494,-0.35794720636899435,-0.039452047387196654,-0.04416379138864801,-0.004711744001451357,-0.18644842875040668,-0.471899993731252,-0.28545156498084534,0.038612638189682524,0.037878057528975884,-0.0007345806607066407,-0.14783579056072416,-0.43402193620227614,-0.286186145641552
1626196,Josh Richardson,2534.0,-0.7229351895450299,-0.16270954066846377,0.5602256488765661,-0.5427293688309807,-0.5427293688309807,0.0,-1.3703538535480289,-0.9354190042945658,0.43493484925346304,-1.1198530150950878,-1.1103724302148352,0.009480584880252607,-1.431548557094802,-1.1616485586434298,0.26989999845137236,-1.8093376849709246,-1.7940928744965685,0.015244810474356107,-3.2408862420657267,-2.9557414331399983,0.28514480892572847
203994,Jusuf Nurkić,8723.0,-0.9515139452038022,-0.5346962413693002,0.416817703834502,1.6615489111734942,1.6615489111734942,0.0,-1.0121296613736568,-0.6626574896677123,0.34947217170594447,3.5807735568896626,3.5823284021971844,0.0015548453075218127,-0.7165536351679256,-0.4379450041055617,0.2786086310623639,3.5741287853939268,3.579391123622567,0.005262338228640306,2.857575150226001,3.1414461195170054,0.2838709692910042
203490,Otto Porter Jr.,370.0,-1.167201472182795,-0.4817819614572618,0.6854195107255332,0.06762994012863033,0.06762994012863033,0.0,-1.2203703151793677,-0.5548118025654136,0.665558512613954,0.24236389661943405,0.24693856736970166,0.004574670750267601,-2.6407717954966765,-2.372302518062868,0.26846927743380844,-1.6665042991977876,-1.6561869620684715,0.010317337129316151,-4.307276094694464,-4.02848948013134,0.27878661456312415
202710,Jimmy Butler III,10088.0,2.328537968313391,2.9790159726737597,0.6504780043603686,0.395684759959958,0.395684759959958,0.0,2.9855696504698424,3.2548938654267228,0.2693242149568804,0.9686289697722571,0.9727455610976036,0.004116591325346475,2.3560579002746187,2.6267518097841376,0.2706939095095189,0.9835815351050137,0.9912118386265449,0.0076303035215312676,3.3396394353796324,3.6179636484106825,0.27832421303105015
1642949,Yanic Niederhauser,852.0,-2.860300068476411,-2.2470127882303386,0.6132872802460723,0.6533789100739519,0.6533789100739519,0.0,-2.614638644687186,-2.047162792839257,0.567475851847929,0.7254089233803689,0.731515724099053,0.00610680071868408,-2.9545655608556114,-2.689193278732194,0.26537228212341724,-0.4158553101129385,-0.4037716757139087,0.012083634399029819,-3.37042087096855,-3.092964954446103,0.27745591652244705
1629638,Nickeil Alexander-Walker,13745.0,0.18598150288142157,-0.28999983452543665,-0.4759813374068582,-0.4166408893595551,-0.4166408893595551,0.0,1.4661181519795201,1.2090820308131764,-0.25703612116634367,0.425672220090363,0.40332502367738265,-0.02234719641298033,0.9984478215578014,0.7372711376047265,-0.2611766839530749,0.3403936977591755,0.3245662140778003,-0.01582748368137521,1.338841519316977,1.0618373516825268,-0.2770041676344501
203901,Elfrid Payton,1051.0,-0.9425553322914982,-0.3860936943605795,0.5564616379309187,0.5322516903338915,0.5322516903338915,0.0,-1.4514580573211258,-0.949552702838301,0.5019053544828248,0.1385767522485054,0.1575601732130429,0.01898342096453748,-2.1877333914405557,-1.941678455373352,0.24605493606720374,-1.0377207737025942,-1.008517028075211,0.02920374562738326,-3.22545416514315,-2.950195483448563,0.275258681694587
1629014,Anfernee Simons,10571.0,1.2466892640928127,0.6399311609289897,-0.606758103163823,-1.2910497715216147,-1.2910497715216147,0.0,0.8432523143038866,0.5559757079498171,-0.2872766063540695,-1.5234388436243957,-1.5106591836017915,0.012779660022604222,0.7855063707996632,0.49617833879336537,-0.28932803200629786,-1.3609360682354161,-1.3452636265444862,0.01567244169092996,-0.5754296974357529,-0.8490852877511208,-0.2736555903153679
1628398,Kyle Kuzma,12651.0,-1.1771853493922002,-0.7880066943069626,0.38917865508523763,-0.24472828176350803,-0.24472828176350803,0.0,-2.156136192650921,-1.8007907888932633,0.3553454037576578,-1.455273667765824,-1.4905205845277631,-0.03524691676193914,-1.6912067200566647,-1.3899663638441109,0.30124035621255385,-1.2968110649871356,-1.3245787091036196,-0.027767644116484025,-2.9880177850438003,-2.7145450729477307,0.2734727120960696
1630198,Isaiah Joe,9557.0,0.6393848022428121,-0.00941043205803993,-0.6487952343008521,-0.6952604065226069,-0.6952604065226069,0.0,1.2903340128043204,1.0197255189347527,-0.27060849386956765,-0.31917574576727326,-0.3150951120233739,0.004080633743899331,1.000432617535974,0.7204947239768296,-0.27993789355914434,-0.2264208592480874,-0.21877726261912933,0.0076435966289580826,0.7740117582878865,0.5017174613577002,-0.27229429693018625
1630202,Payton Pritchard,13187.0,1.4255513795447234,0.7372159599563806,-0.6883354195883429,-1.0843504885387512,-1.0843504885387512,0.0,2.9434902955315416,2.7130623759029664,-0.23042791962857523,-0.844406695507067,-0.8468345132472184,-0.002427817740151328,2.21058752866378,1.9374718784896943,-0.2731156501740859,-0.7605219503150309,-0.7589229644904303,0.0015989858246006072,1.4500655783487493,1.178548913999264,-0.2715166643494853
1630224,Jalen Green,12543.0,0.541713263163681,0.17645890003254983,-0.36525436313113113,-0.911877107633187,-0.911877107633187,0.0,0.32036238715745413,0.06734189861022666,-0.2530204885472275,-1.2919044486825078,-1.3331268433507741,-0.04122239466826638,0.2796433805110117,0.04242597381270974,-0.23721740669830194,-1.1497430101570503,-1.1829307026291649,-0.033187692472114616,-0.8700996296460386,-1.1405047288164551,-0.27040509917041655
201144,Mike Conley,9877.0,2.1274099557587904,2.6802094926620237,0.5527995369032332,0.5744851201919687,0.5744851201919687,0.0,1.2608354941948212,1.5325609710479158,0.27172547685309456,0.9686918911619093,0.9794267926983713,0.01073490153646195,1.19698104094774,1.453273808028865,0.25629276708112503,0.9915996139853869,1.005520609858658,0.013920995873271114,2.188580654933127,2.458794417887523,0.27021376295439614
1630217,Desmond Bane,13512.0,1.8301301819236222,1.2777199132354562,-0.552410268688166,-0.1440291949496592,-0.1440291949496592,0.0,2.0962515538766064,1.8677337666462075,-0.22851778723039895,0.12535429969280903,0.10057103435064052,-0.024783265342168515,1.7237694615577737,1.4718374880525773,-0.25193197350519636,0.08597287199253545,0.06791843706308054,-0.01805443492945491,1.8097423335503091,1.5397559251156578,-0.26998640843465127
1627763,Malcolm Brogdon,3462.0,0.6629908372594171,1.169019052985013,0.506028215725596,-0.4892794776817324,-0.4892794776817324,0.0,0.8078132336212437,1.2099809255170118,0.40216769189576806,-1.109206339146734,-1.108429864799608,0.0007764743471259106,-0.015142508323321202,0.25017941298892366,0.26532192131224486,-1.5079864468594444,-1.5033397654759963,0.004646681383448037,-1.5231289551827656,-1.2531603524870727,0.2699686026956929
1626204,Larry Nance Jr.,4401.0,-0.7871342182349865,-0.4070075652119617,0.38012665302302484,0.46514341178148777,0.46514341178148777,0.0,-1.4170868163612789,-1.008380864485039,0.4087059518762399,0.9322556779785391,0.9339212167533593,0.001665538774820119,-1.0312863900425044,-0.7671227752392122,0.2641636148032922,0.953583879617109,0.9591848734875801,0.005600993870471083,-0.07770251042539544,0.19206209824836784,0.2697646086737633
202692,Alec Burks,4213.0,0.6569539958772539,1.1433788701232508,0.4864248742459969,-0.7581778662556949,-0.7581778662556949,0.0,0.2772051285064327,0.5941139223409773,0.31690879383454457,-1.4514051226304325,-1.4203460107591845,0.03105911187124799,-0.17301947687147035,0.05777665573149893,0.23079613260296927,-1.7336993667194425,-1.695132452891169,0.038566913828273375,-1.9067188435909128,-1.6373557971596702,0.26936304643124265
201580,JaVale McGee,724.0,-1.0759217908231102,-0.5056944635828491,0.5702273272402612,1.0628760562419608,1.0628760562419608,0.0,-1.1781195604820305,-0.5980918182078729,0.5800277422741575,1.1609611606656751,1.165345208304484,0.004384047638808841,-2.310683601837858,-2.055978455153291,0.2547051466845667,0.06311237355322508,0.07291843209769455,0.009806058544469476,-2.2475712282846327,-1.9830600230555966,0.26451120522903615
203552,Seth Curry,3696.0,-0.012313981927260187,0.5165073904150672,0.5288213723423274,-0.5675567846140367,-0.5675567846140367,0.0,-0.5514927347114824,-0.15801931022018867,0.39347342449129374,-0.6391052151879808,-0.6483632798407153,-0.009258064652734488,-0.5718038687445692,-0.3033042634592005,0.26849960528536876,-0.9144642958395153,-0.9213233686223621,-0.006859072782846809,-1.4862681645840845,-1.2246276320815626,0.26164053250252195
1629008,Michael Porter Jr.,13907.0,1.0800259403760315,0.7625015518579219,-0.3175243885181096,-0.21636263201469796,-0.21636263201469796,0.0,1.7368723786632927,1.4761487709252252,-0.26072360773806746,-0.7692500044632776,-0.7976083143724795,-0.02835830990920185,1.312122611182558,1.0720678007037194,-0.24005481047883848,-0.7101024051935871,-0.7311223286192425,-0.021019923425655396,0.6020202059889708,0.3409454720844769,-0.26107473390449387
1630641,Ibou Badji,467.0,-2.74112318358441,-2.088030262593292,0.653092920991118,1.1211884493604458,1.1211884493604458,0.0,-3.2386005061065837,-2.6053674039946557,0.633233102111928,0.8595389768457324,0.8536304295702747,-0.005908547275457754,-3.3270692643319433,-3.063441172615792,0.2636280917161513,-0.6468624200254816,-0.6515045671279172,-0.004642147102435601,-3.973931684357425,-3.714945739743709,0.2589859446137157
1629673,Jordan Poole,11306.0,0.6983230612920022,0.23917605017199373,-0.45914701112000844,-0.7525848650216125,-0.7525848650216125,0.0,-0.5922659285296707,-0.855461591733,-0.2631956632033292,-1.8484542897170122,-1.8573837865884633,-0.00892949687145106,-0.24591097003228812,-0.49973992498461817,-0.25382895495233004,-1.6546596194511274,-1.659114371830181,-0.004454752379053684,-1.9005705894834155,-2.1588542968147992,-0.2582837073313837
1630538,Bones Hyland,4059.0,0.5114721539007687,0.0976271534474551,-0.4138450004533136,-0.5236159574121975,-0.5236159574121975,0.0,-0.12072250657854533,-0.5146863577633911,-0.3939638511848458,-0.3088418377686354,-0.3003938563640298,0.008447981404605565,-0.21788791100037086,-0.48585105417182106,-0.2679631431714502,-0.4754486384293317,-0.46217048006628936,0.013278158363042358,-0.6933365494297026,-0.9480215342381104,-0.25468498480840784
1626166,Cameron Payne,5680.0,0.7190132401678047,0.32258922229596565,-0.396424017871839,-0.5794864064577612,-0.5794864064577612,0.0,0.7397359846006218,0.39206734583949615,-0.3476686387611257,-0.3360050507442086,-0.3305749448797448,0.005430105864463797,0.4778570151955104,0.21737384989978148,-0.2604831652957289,-0.3338690465226142,-0.3243512364183694,0.009517810104244795,0.1439879686728962,-0.1069773865185879,-0.2509653551914841
203914,Gary Harris,5386.0,-0.7466375626172059,-0.3388005923204058,0.4078369702968001,-0.07164651339016082,-0.07164651339016082,0.0,-0.8999378306896638,-0.5630543344101586,0.3368834962795052,0.40921968097429984,0.41337276986397925,0.004153088889679413,-0.6904203723287101,-0.44833386899429817,0.24208650333441195,0.4440167588545205,0.45222166519556284,0.008204906341042317,-0.2464036134741896,0.0038877962012646705,0.25029140967545427
1628368,De'Aaron Fox,14913.0,1.455204705467551,1.117929367988317,-0.3372753374792339,-0.20854360900163588,-0.20854360900163588,0.0,3.006317571570936,2.736572159016128,-0.269745412554808,1.1067733839595086,1.1068442263949565,7.084243544785984e-05,2.279480206748214,2.0265849708255144,-0.2528952359226997,0.873986566234862,0.8777950803668024,0.003808514131940388,3.153466772983076,2.904380051192317,-0.2490867217907593
1629661,Cameron Johnson,10233.0,0.8879952981581243,0.47778565359418,-0.41020964456394426,0.1245672787739582,0.1245672787739582,0.0,1.7410064543875716,1.4891850442228962,-0.2518214101646754,0.316821056263076,0.29707805283698174,-0.019743003426094252,1.3196948767583332,1.0854668088196884,-0.2342280679386448,0.3652032858925507,0.3503908327151306,-0.014812453177420082,1.6848981626508839,1.435857641534819,-0.2490405211160649
1631169,Josh Minott,2477.0,-0.6925380190618722,-1.2027264583851651,-0.5101884393232929,0.7420393890491902,0.7420393890491902,0.0,-0.8149343772346551,-1.199712293033609,-0.38477791579895393,0.9773523318598222,0.975806561386169,-0.0015457704736532296,-1.0787318096393685,-1.3291026306630518,-0.25037082102368324,0.719504779009748,0.7213720345685495,0.0018672555588015172,-0.3592270306296206,-0.6077305960945023,-0.24850356546488173
1630574,Ariel Hukporti,1444.0,-3.127422718282567,-2.614823404629357,0.5125993136532099,0.5948430373630095,0.5948430373630095,0.0,-3.486910226959201,-3.024715331902371,0.4621948950568302,1.027207776339496,1.0287444048886738,0.0015366285491777987,-2.9163020470498564,-2.6745657992994114,0.241736247750445,0.397174649312789,0.4029194365442397,0.005744787231450665,-2.5191273977370674,-2.2716463627551717,0.24748103498189566
1631157,Ryan Rollins,6727.0,0.7891753774783374,0.3829138936552672,-0.40626148382307026,0.39791555323165084,0.39791555323165084,0.0,1.128970562632419,0.8134620359813254,-0.3155085266510935,0.28558447070595566,0.29098606709149244,0.005401596385536778,0.8043537834724463,0.551492421320285,-0.2528613621521614,0.3603140999709713,0.3696162145393971,0.009302114568425779,1.1646678834434177,0.9211086358596821,-0.2435592475837356
1642358,AJ Johnson,2261.0,-2.006672253083571,-1.560139409669684,0.4465328434138871,-1.0055015194955743,-1.0055015194955743,0.0,-2.5684483472889594,-2.2136939445842647,0.3547544027046947,-1.759254358198096,-1.7389160877821839,0.020338270415912074,-2.180116990810963,-1.9680826534307219,0.21203433738024113,-2.7109042377593715,-2.682106889599553,0.028797348159818714,-4.8910212285703345,-4.650189543030274,0.2408316855400603
1628379,Luke Kennard,8652.0,0.9842284072797012,0.41624047855674373,-0.5679879287229574,-0.7558466922114074,-0.7558466922114074,0.0,1.6823300205413663,1.4209049554049453,-0.26142506513642094,-1.7361204946518527,-1.7217467985792358,0.014373696072616848,1.2785274676574185,1.021412409419371,-0.2571150582380475,-1.6078512724258207,-1.5900770006172595,0.01777427180856117,-0.3293238047684022,-0.5686645911978885,-0.2393407864294863
1631221,Collin Gillespie,6015.0,0.6463624094595497,0.2026477467770258,-0.4437146626825239,-0.04816161267778507,-0.04816161267778507,0.0,1.123134067917935,0.793891356641564,-0.32924271127637095,0.5583984982785404,0.5759524781443736,0.01755397986583318,0.7077519121052154,0.44721218518141814,-0.26053972692379723,0.6274032646984171,0.6496015228670267,0.02219825816860954,1.3351551768036325,1.0968137080484448,-0.2383414687551877
1629637,Jaxson Hayes,6518.0,-1.1939936777810771,-1.7308214277141842,-0.5368277499331071,0.3027826617515338,0.3027826617515338,0.0,-1.859103229205366,-2.159762821313426,-0.3006595921080599,0.48582650208296063,0.5059076312886212,0.02008112920566052,-1.2565714653854965,-1.5191567619606081,-0.26258529657511165,0.5630222826612101,0.5875489487477208,0.024526666086510662,-0.6935491827242863,-0.9316078132128873,-0.238058630488601
1642504,Cormac Ryan,535.0,-0.2559773480382733,-0.8201655223370496,-0.5641881742987763,-0.4431527593294283,-0.4431527593294283,0.0,-0.04332394714953072,-0.5840373073922674,-0.5407133602427368,-0.6900111496854309,-0.6900581390052819,-4.698931985103183e-05,-2.0232908792982824,-2.264499340689262,-0.2412084613909795,-2.745236297894472,-2.7415547865973195,0.00368151129715244,-4.768527177192754,-5.006054127286582,-0.23752695009382752
1630193,Immanuel Quickley,10517.0,1.5208757660998546,1.1725090100259747,-0.3483667560738799,-0.7236727324803439,-0.7236727324803439,0.0,1.3873111358217818,1.1570802209458073,-0.23023091487597447,0.18943138196925613,0.15808839416079923,-0.0313429878084569,1.1919895362109303,0.9803470098294849,-0.21164252638144543,0.23868926935335866,0.21315627610290822,-0.025532993250450442,1.430678805564289,1.193503285932393,-0.23717551963189587
1630194,Paul Reed,5912.0,-0.6477784200760255,-1.0329339880986248,-0.3851555680225993,0.5807071171992063,0.5807071171992063,0.0,0.2011948437243979,-0.10376484677457931,-0.3049596904989772,1.9042991327871452,1.9021669446322789,-0.002132188154866377,-0.01458569335866633,-0.25149647449751633,-0.23691078113885,2.0437390505312436,2.0452382611753,0.0014992106440563369,2.0291533571725773,1.7937417866777836,-0.23541157049479366
1630595,Cade Cunningham,13858.0,2.115873295775181,1.9000111863366345,-0.21586210943854645,-0.38771866953777023,-0.38771866953777023,0.0,2.930339068042215,2.672453620702502,-0.2578854473397132,-0.01941640130505451,-0.038001533092562656,-0.018585131787508147,2.341668205044153,2.119382088795265,-0.22228611624888828,-0.053471264708853994,-0.06596988872360976,-0.012498624014755766,2.288196940335299,2.053412200071655,-0.23478474026364404
1642852,Derik Queen,4274.0,-0.8345349268027124,-0.488527569902082,0.34600735690063034,0.34712616283379893,0.34712616283379893,0.0,-0.8027519317102764,-0.4889708006351626,0.3137811310751138,-0.8913543467616851,-0.873299088654403,0.018055258107282146,-1.510546743456875,-1.3021703424959659,0.20837640096090904,-1.0957460422484488,-1.0718067663355009,0.023939275912947977,-2.6062927857053237,-2.3739771088314665,0.23231567687385724
1630541,Moses Moody,8955.0,-0.32705745290218724,-0.609820031179474,-0.2827625782772868,-0.1888435284952822,-0.1888435284952822,0.0,-0.8934579809716287,-1.1955175576530925,-0.3020595766814639,0.9502127516105195,0.955176784585671,0.004964032975151467,-0.5556558874451807,-0.7964047053592467,-0.240748817914066,1.0049422355786022,1.0134979381436673,0.008555702565065104,0.4492863481334215,0.2170932327844206,-0.2321931153490009
1630527,Brandon Boston,2739.0,-1.4551004753415708,-1.8440518587698662,-0.3889513834282954,-0.3367321829609865,-0.3367321829609865,0.0,-1.8137048572727699,-2.149417578686503,-0.335712721413733,-1.2197250066449878,-1.2351438610573053,-0.015418854412317495,-1.6952826942993882,-1.9105163515705037,-0.21523365727111554,-1.8535375563528595,-1.8682832701843557,-0.014745713831496143,-3.5488202506522475,-3.7787996217548594,-0.2299793711026119
1629012,Collin Sexton,11349.0,0.9703174890199835,0.5399258530020077,-0.4303916360179758,-0.8111841261648208,-0.8111841261648208,0.0,1.4630261705535892,1.245258521646,-0.21776764890758926,-1.2195702617197044,-1.2356126251225734,-0.01604236340286902,1.1692107046523987,0.9503396036468454,-0.2188711010055533,-1.0770832736241882,-1.0880585935409042,-0.010975319916715964,0.09212743102821053,-0.13771898989405873,-0.22984642092226926
1630696,Dru Smith,3316.0,-1.1243424956065502,-1.546482620926889,-0.42214012532033873,0.4568068144511733,0.4568068144511733,0.0,-1.7811312731375901,-2.127080410326455,-0.3459491371888648,1.9281614900688355,1.928899675742246,0.0007381856734105519,-1.3964881710843111,-1.6309216776585795,-0.23443350657426842,1.994933863039158,1.9995420055348512,0.0046081424956931905,0.5984456919548469,0.36862032787627164,-0.22982536407857523
1626174,Christian Wood,1806.0,-1.5715769687257475,-1.2172553816389822,0.3543215870867653,-0.17063710854149583,-0.17063710854149583,0.0,-1.718105835275622,-1.37372824676108,0.3443775885145419,0.2712450592017345,0.30452332838167534,0.03327826917994087,-2.130179531225587,-1.9465864486750013,0.18359308255058582,-0.3937258445466685,-0.347812088497085,0.045913756049583476,-2.5239053757722556,-2.2943985371720865,0.22950683860016907
1630577,Julian Champagnie,11818.0,-0.41647782104343833,-0.7700048228348965,-0.35352700179145813,-0.17363296839786302,-0.17363296839786302,0.0,0.5840238327381324,0.3462333724961203,-0.2377904602420121,0.8550858178558383,0.843393965882534,-0.011691851973304246,0.3529541288079465,0.13061925102887173,-0.2223348777790748,0.8067258551260945,0.7998460007452004,-0.006879854380894113,1.159679983934041,0.9304652517740721,-0.2292147321599689
1642863,Khaman Maluach,811.0,-2.0022197455096045,-1.5340633394944025,0.4681564060152019,0.5792204985857244,0.5792204985857244,0.0,-2.1694053801373303,-1.711012305685204,0.4583930744521263,0.8818281836922869,0.8949664990608175,0.013138315368530606,-2.704357822075687,-2.4972215173451273,0.20713630473055966,-0.2393090813574963,-0.2175579566809458,0.021751124676550493,-2.9436669034331833,-2.714779474026073,0.22888742940711015
1630592,Jalen Wilson,7065.0,-1.875654949721238,-1.5256373046063842,0.3500176451148538,-0.8112088151356924,-0.8112088151356924,0.0,-1.6158788733466647,-1.3377922905854764,0.27808658276118825,-1.5380516106034614,-1.5269621148526906,0.011089495750770784,-1.233183920336195,-1.0198081562468748,0.21337576408932013,-1.4912020477471692,-1.4761630698244255,0.01503897792274378,-2.7243859680833644,-2.4959712260713003,0.22841474201206413
1630288,Jeff Dowtin Jr.,1550.0,-0.1959849492328103,-0.6319079635659925,-0.43592301433318226,-0.6011311186464455,-0.6011311186464455,0.0,-0.14154509488454126,-0.5610369568903768,-0.41949186200583555,-0.8829733220142892,-0.8835673396679686,-0.0005940176536793906,-1.1857235431831485,-1.414746804356758,-0.22902326117360938,-2.012603913162987,-2.009622241377503,0.002981671785483808,-3.1983274563461355,-3.4243690457342613,-0.2260415893881258
1628370,Malik Monk,11042.0,0.08749860608631654,-0.30440969910916316,-0.3919083051954797,-0.9567331339440861,-0.9567331339440861,0.0,0.6220220595110781,0.3424804925977768,-0.27954156691330134,-0.9274127149753875,-0.9009781778116015,0.026434537163785965,0.4632694369231021,0.2098667961385572,-0.2534026407845449,-0.8067663315481699,-0.7786011425310817,0.0281651890170882,-0.34349689462506783,-0.5687343463925245,-0.2252374517674567
1630183,Jaden McDaniels,14303.0,-1.1011679407581607,-1.3001582007657615,-0.19899026000760078,0.7859942275409613,0.7859942275409613,0.0,-0.8570166381635991,-1.0833028974649082,-0.22628625930130908,1.033082419382698,0.9979579923321985,-0.03512442705049945,-0.8859742851994021,-1.0844612933363755,-0.1984870081369734,0.8432252250260737,0.8165129771144768,-0.026712247911596876,-0.04274906017332847,-0.26794831622189874,-0.22519925604857027
1630631,Jose Alvarado,7692.0,0.2853206993498205,-0.11491200969445381,-0.4002327090442743,-0.055443577684853376,-0.055443577684853376,0.0,0.5912927016845348,0.3121973250448895,-0.27909537663964534,0.5911896191723955,0.5998507216758421,0.008661102503446538,0.45090586221848605,0.2140072980230623,-0.23689856419542377,0.6756159730307512,0.6880295167431747,0.012413543712423536,1.1265218352492372,0.902036814766237,-0.22448502048300023
1629655,Daniel Gafford,8879.0,-0.331220749711148,-0.8628510715426528,-0.5316303218315048,1.3460692382323807,1.3460692382323807,0.0,-0.2982571364998478,-0.49349937358665447,-0.19524223708680666,2.010601303975646,1.9930287597021588,-0.01757254427348709,-0.16332862953276184,-0.374111252209409,-0.21078262267664716,2.0361578046701245,2.022853703823969,-0.013304100846155631,1.8728291751373627,1.64874245161456,-0.2240867235228028
1630591,Jalen Suggs,9525.0,0.22284346822709034,-0.22120655022387636,-0.4440500184509667,1.2334441066860555,1.2334441066860555,0.0,-0.2833684318713191,-0.47947575728800834,-0.19610732541668924,2.9306938924632275,2.904136050254091,-0.026557842209136595,-0.10282081738629545,-0.3031133354832627,-0.20029251809696724,2.8788156558751634,2.8571890675586222,-0.021626588316541184,2.775994838488868,2.5540757320753595,-0.22191910641350843
1630590,Scotty Pippen Jr.,5145.0,-0.31813241425325767,-0.7973479413973439,-0.4792155271440862,0.7951768061960549,0.7951768061960549,0.0,-0.5530439207721793,-0.8410312591264544,-0.28798733835427504,1.449324453618569,1.4589657027101874,0.009641249091618453,-0.4329029140327485,-0.6681363096156061,-0.2352333955828576,1.5559132539683862,1.570095590162785,0.014182336194398903,1.1230103399356377,0.901959280547179,-0.2210510593884587
1631096,Chet Holmgren,11026.0,-0.30899894506181935,-0.2034631291498905,0.10553581591192884,1.3530092022577294,1.3530092022577294,0.0,0.6271305313217745,0.9268162839215768,0.29968575259980224,3.500036107006139,3.5047233043580452,0.004687197351906036,0.41642203468040906,0.6281680623287582,0.21174602764834916,3.2843301951824024,3.2924089384380335,0.008078743255631071,3.7007522298628115,3.9205770007667917,0.21982477090398023
1626167,Myles Turner,12743.0,-1.0053615350381255,-0.8924362952971214,0.1129252397410041,1.6691707384919445,1.6691707384919445,0.0,-0.6750835277171362,-0.3765340631019346,0.2985494646152016,2.0359444101792947,2.03165715866749,-0.004287251511804868,-0.6416207820177626,-0.4218497857280452,0.2197709962897174,1.8186303284266447,1.8185514825939362,-7.884583270856282e-05,1.1770095464088821,1.396701696865891,0.21969215045700885
203924,Jerami Grant,10442.0,-0.4877019637486548,-0.09616989061981673,0.3915320731288381,0.09263575109530486,0.09263575109530486,0.0,-0.6108775319150956,-0.36708113155267524,0.2437964003624204,-1.3247112702119899,-1.3266638401798503,-0.001952569967860418,-0.4341569537038059,-0.21842154069981223,0.21573541300399368,-1.1763232417745026,-1.1744026143146624,0.0019206274598402295,-1.6104801954783086,-1.3928241550144747,0.2176560404638339
1641724,Jett Howard,3006.0,-1.7781953979872005,-1.3849893691068054,0.39320602888039513,-0.8243557629634687,-0.8243557629634687,0.0,-1.8971518788082742,-1.5650076587079567,0.3321442201003175,-1.7277542834340038,-1.726304749294313,0.0014495341396907335,-1.6039099197237627,-1.3964283443588457,0.20748157536491707,-2.3654623111426987,-2.359999569952027,0.005462741190671583,-3.9693722308664614,-3.7564279143108728,0.21294431655558865
1630644,Mac McClung,311.0,-1.1791676615327689,-1.7129777588745085,-0.5338100973417397,-0.30853640699881113,-0.30853640699881113,0.0,-1.1051519382557535,-1.6275265216166632,-0.5223745833609097,-0.6498968252370676,-0.6490692220750218,0.0008276031620457758,-2.6372893167288587,-2.852952643622299,-0.21566332689344048,-3.0521486483524845,-3.047203821574532,0.0049448267779523825,-5.689437965081343,-5.900156465196831,-0.21071850011548854
202331,Paul George,10038.0,2.4693220520424513,2.8843572450575126,0.4150351930150613,1.2090449458787105,1.2090449458787105,0.0,1.7916489241960878,2.0423080950888592,0.25065917089277145,2.2100559513459817,2.193846605863845,-0.016209345482136595,1.5969875282739676,1.8191357098977075,0.22214818162373984,2.157668534413278,2.1461111202851595,-0.011557414128118726,3.754656062687246,3.965246830182867,0.2105907674956211
1629674,Neemias Queta,6091.0,-1.0136225554433846,-1.5576955685191294,-0.5440730130757447,0.949050443202058,0.949050443202058,0.0,0.2912211933798494,0.07273168980546618,-0.21848950357438324,2.558110630252768,2.5580638427121687,-4.678754059916912e-05,-0.019781417426988135,-0.23327940841181993,-0.2134979909848318,2.7261950974744913,2.7298937713460476,0.0036986738715563128,2.706413680047503,2.4966143629342277,-0.20979931711327549
1628415,Dillon Brooks,12928.0,-0.3439367045674431,-0.07660359034229447,0.2673331142251486,-0.18276717316393623,-0.18276717316393623,0.0,-0.44989140268568334,-0.1794517710884996,0.27043963159718376,0.8003344001296131,0.778110246165452,-0.02222415396416111,-0.40707441675156764,-0.18253081058270348,0.22454360616886415,0.7072545566505779,0.6912362168050739,-0.016018339845504048,0.30018013989901027,0.5087054062223704,0.2085252663233601
1630191,Isaiah Stewart,8622.0,-2.840911566916219,-2.5422701363511573,0.29864143056506176,0.6672804686648809,0.6672804686648809,0.0,-2.5237158600597116,-2.2859765142885817,0.23773934577112987,0.4841906361781601,0.49425137672314934,0.010060740544989233,-1.9584950652474222,-1.7689192454044347,0.18957581984298755,0.5593040588124101,0.5728769254340418,0.013572866621631707,-1.3991910064350122,-1.196042319970393,0.20314868646461925
1630201,Malachi Flynn,1861.0,-0.7914294568835052,-1.1636210361259838,-0.3721915792424786,-0.5129269495455636,-0.5129269495455636,0.0,-1.3465785402151815,-1.6885862131226759,-0.34200767290749434,-1.0936658046143874,-1.099340282472999,-0.005674477858611526,-1.6090435599618007,-1.8069343225655219,-0.19789076260372118,-2.0917458598752434,-2.095162144389837,-0.003416284514593748,-3.700789419837044,-3.902096466955359,-0.20130704711831493
1629731,Dean Wade,7560.0,-0.5860721789333146,-0.9896712237876669,-0.4035990448543523,0.3180569649739,0.3180569649739,0.0,0.449332627097324,0.2730802707640939,-0.1762523563332301,1.4676945920866555,1.439080235078181,-0.028614357008474478,0.22828014534832652,0.05400573897616168,-0.17427440637216485,1.5565169381158999,1.531531532383657,-0.02498540573224295,1.7847970834642264,1.5855372713598186,-0.1992598121044078
1631214,Alondes Williams,257.0,-0.8300260869128793,-1.3355735698392053,-0.505547482926326,-0.2809256674847802,-0.2809256674847802,0.0,-0.7524442614508429,-1.2456292053776394,-0.49318494392679657,-0.20231847485588256,-0.20349543801944736,-0.0011769631635648037,-2.559666547349565,-2.759846611301992,-0.20018006395242738,-2.5020189235357195,-2.4999852912689775,0.002033632266742025,-5.061685470885284,-5.259831902570969,-0.1981464316856849
201942,DeMar DeRozan,16596.0,0.6412105709407596,1.159270736036002,0.5180601650952423,0.17722415997727073,0.17722415997727073,0.0,1.3037476087214706,1.4757099239182043,0.17196231519673377,-1.1252740893250313,-1.1342544631101967,-0.008980373785165474,0.83809390237561,1.0399090434677039,0.20181514109209386,-1.0814457195789542,-1.0851902097916954,-0.0037444902127412583,-0.2433518172033442,-0.045281166323991595,0.1980706508793526
1641706,Brandon Miller,10642.0,0.8110643469663283,0.42114078099580987,-0.38992356597051847,-0.35018722860354995,-0.35018722860354995,0.0,0.5497133980559966,0.3595207976979802,-0.19019260035801644,0.24390892978978723,0.23444058302272447,-0.009468346767062763,0.5109300586773142,0.3190675237843741,-0.19186253489294014,0.2863022409489995,0.2812287060674712,-0.0050735348815282855,0.7972322996263137,0.6002962298518453,-0.19693606977446843
203468,CJ McCollum,12964.0,1.2519807874410829,1.687086303186921,0.4351055157458381,-0.17009964154552704,-0.17009964154552704,0.0,1.6664120112037586,1.9040344060377965,0.2376223948340379,-0.7260779728322114,-0.7671632385141917,-0.04108526568198023,1.3311020722117752,1.5585249225861735,0.22742285037439824,-0.6510726271641145,-0.6838409618045662,-0.0327683346404517,0.6800294450476607,0.8746839607816073,0.19465451573394654
203078,Bradley Beal,7312.0,1.1844234235809565,1.5322179630328139,0.34779453945185734,0.03982158395505578,0.03982158395505578,0.0,0.16543861664157666,0.3935324535182656,0.22809383687668894,0.1397407949738993,0.14330491456377695,0.003564119589877651,0.30982390569167206,0.4944589954200498,0.18463508972837772,0.22062698360481958,0.2279783316450401,0.007351348040220529,0.5304508892964916,0.7224373270650899,0.19198643776859825
1631288,Jamal Cain,2561.0,-1.0567328700261231,-1.4871510918030493,-0.4304182217769261,-0.40367525072326294,-0.40367525072326294,0.0,-0.7245378343649145,-1.0884321369345251,-0.36389430256961064,-1.403126854476274,-1.3737617585946866,0.029365095881587422,-1.0669879028784206,-1.2977601131301095,-0.23077221025168893,-2.141940407913219,-2.1026343935968783,0.03930601431634084,-3.2089283107916398,-3.400394506726988,-0.19146619593534808
1642274,Yves Missi,6671.0,-1.6522980205400275,-1.3697347382959588,0.2825632822440687,0.5976380913649074,0.5976380913649074,0.0,-2.0853053012847185,-1.799741437994446,0.2855638632902724,-0.5408924177654001,-0.5575507938686354,-0.016658376103235284,-1.7563476794478554,-1.5516141625973625,0.2047335168504929,-0.49206503318813377,-0.5054754283489347,-0.013410395160800892,-2.2484127126359894,-2.057089590946297,0.19132312168969223
1641722,Jordan Hawkins,6564.0,-1.8534902260258614,-1.5629701288725795,0.290520097153282,-1.0742124955298549,-1.0742124955298549,0.0,-2.384198313558005,-2.17994101649847,0.20425729705953488,-3.0914766945211873,-3.063173994080466,0.028302700440721473,-1.6604207310252375,-1.5025750936773739,0.1578456373478636,-3.132659917099894,-3.0996666846738887,0.03299323242600538,-4.793080648125132,-4.602241778351263,0.1908388697738692
1642270,Donovan Clingan,7052.0,-1.475518103152018,-1.1451287461848323,0.33038935696718563,1.3490916321756306,1.3490916321756306,0.0,-0.8177521992160428,-0.6395855115888922,0.1781666876271506,2.670355932760333,2.7052309521404525,0.03487501938011972,-1.000860273656959,-0.8499532145481223,0.15090705910883662,2.794513839271592,2.8337843307554773,0.039270491483885284,1.793653565614633,1.983831116207355,0.1901775505927219
1642377,Jaylen Wells,8166.0,-0.8790927420774812,-0.6712298446516731,0.2078628974258081,-0.3425219090921383,-0.3425219090921383,0.0,0.5542493252980767,0.8126139445165239,0.2583646192184472,-0.054363735619790465,-0.05416591627030004,0.00019781934949042457,-0.08102918463062769,0.10518339336228344,0.18621257799291113,0.033090053964242916,0.03703323694880112,0.003943182984558202,-0.04793913066638478,0.14221663031108456,0.19015576097746933
1642905,Yang Hansen,614.0,-3.53678765645269,-3.109943900836396,0.42684375561629384,-0.2768666714158476,-0.2768666714158476,0.0,-3.9739250891646756,-3.569925192024179,0.4039998971404968,-0.4182184253356659,-0.41406928651196806,0.004149138823697829,-3.5665142506972254,-3.391378256706152,0.1751359939910735,-2.2552732877188877,-2.2457273632222567,0.009545924496630942,-5.821787538416113,-5.637105619928409,0.184681918487704
1641737,Adem Bona,4440.0,-2.0176732814545533,-1.7274140207557322,0.290259260698821,0.7083468404984959,0.7083468404984959,0.0,-1.9580581507645958,-1.669853054232765,0.2882050965318308,1.1820584384956454,1.175171268677854,-0.006887169817791472,-1.7061399689363883,-1.5177113673356193,0.18842860160076902,1.234000024447826,1.2300960149387747,-0.0039040095090512317,-0.47213994448856234,-0.28761535239684455,0.1845245920917178
1642862,Liam McNeeley,735.0,-1.5137016425249437,-1.1196176692739306,0.3940839732510131,-0.5957291921025998,-0.5957291921025998,0.0,-1.4722230139874595,-1.1024414902762631,0.3697815237111963,-0.21259111669840797,-0.2018818159909307,0.010709300707477276,-2.4632726482347813,-2.297789179613754,0.16548346862102736,-1.8224432449798584,-1.8039123601085927,0.01853088487126575,-4.28571589321464,-4.101701539722347,0.18401435349229267
1642868,Carter Bryant,1685.0,-2.1372010792338036,-1.7999249487689717,0.33727613046483196,-0.41387474249286427,-0.41387474249286427,0.0,-2.2613203188896494,-1.9855941610252152,0.2757261578644341,-0.0756548166937896,-0.05374736578162215,0.021907450912167448,-2.4579316614667746,-2.306176015871228,0.15175564559554644,-0.895648493955506,-0.8639147650218462,0.03173372893365989,-3.3535801554222804,-3.1700907808930743,0.1834893745292061
1627783,Pascal Siakam,15106.0,1.3474513586638357,1.6011697514095264,0.25371839274569075,0.07709068035433023,0.07709068035433023,0.0,1.7852266144039743,2.0002109079434236,0.21498429353944926,0.8296692602425303,0.81719897274505,-0.012470287497480248,1.389347628540858,1.5790146534381289,0.18966702489727094,0.6264478151835835,0.6195316297596793,-0.006916185423904153,2.0157954437244414,2.198546283197808,0.1827508394733668
1630208,Nick Richards,7466.0,-2.150499306518128,-1.9349539027168297,0.2155454038012985,0.7087910222967487,0.7087910222967487,0.0,-2.7733838974598934,-2.5713779785922855,0.202005918867608,-1.11302701825745,-1.0837640559380195,0.029262962319430486,-1.9668694834768132,-1.8174547392067533,0.14941474427005996,-1.0389729872244624,-1.005764648578253,0.03320833864620942,-3.0058424707012756,-2.8232193877850063,0.18262308291626939
1642419,Jamison Battle,3238.0,-1.7256277398390576,-1.4549633194985172,0.2706644203405404,-0.8089913801323786,-0.8089913801323786,0.0,-1.8759293023772714,-1.6792117081974094,0.196717594179862,-0.9212686706534683,-0.8782320111598646,0.04303665949360369,-1.6939313767375288,-1.5654136276728718,0.12851774906465696,-1.3464968826959085,-1.2924016986603593,0.05409518403554925,-3.0404282594334373,-2.857815326333231,0.1826129331002062
1628972,Troy Brown Jr.,1701.0,-1.620669558563945,-1.2562463838432818,0.3644231747206632,-0.7511991815986188,-0.7511991815986188,0.0,-1.8328799789350738,-1.509838727558504,0.3230412513765699,-1.2426557282721946,-1.2399344040339588,0.0027213242382357894,-2.2176368616292534,-2.043219448118939,0.17441741351031448,-2.376279841858676,-2.369059525252383,0.007220316606292965,-4.593916703487929,-4.412278973371322,0.18163773011660744
203999,Nikola Jokić,15777.0,3.3589923714222314,2.984140912411143,-0.3748514590110883,1.067763850696291,1.067763850696291,0.0,6.615336443016073,6.435501808139154,-0.17983463487691864,1.5259338540232124,1.5392205746798462,0.013286720656633833,5.205047556977469,5.009759384437698,-0.1952881725397706,1.1807887140927527,1.1957706896062619,0.014981975513509216,6.385836271070222,6.20553007404396,-0.18030619702626183
1628371,Jonathan Isaac,5104.0,-1.2017746357137098,-1.5173111138956163,-0.31553647818190655,0.776545072299899,0.776545072299899,0.0,-1.115508310859113,-1.3798000897338851,-0.26429177887477207,2.8095243975833277,2.8214574515080764,0.011933053924748638,-0.8929667580645706,-1.0899210100110306,-0.19695425194646,3.029255287165718,3.0459368468364203,0.016681559670702395,2.1362885291011473,1.9560158368253897,-0.1802726922757576
1628971,Bruce Brown,9922.0,-1.1996887019723612,-0.8367171580444737,0.36297154392788755,-0.2841900033753356,-0.2841900033753356,0.0,-0.9811687195913503,-0.8306813486591539,0.15048737093219644,-1.6342960802231823,-1.6048357254496532,0.02946035477352904,-0.7644848981685677,-0.6162167124436007,0.14826818572496703,-1.4743442945833367,-1.4427062123698815,0.03163808221345521,-2.238829192751904,-2.058922924813482,0.17990626793842202
1641741,Ricky Council IV,3145.0,-1.5568567922180474,-1.211382628170363,0.3454741640476844,-0.9827418063829299,-0.9827418063829299,0.0,-1.0604997400128306,-0.7648338569689479,0.29566588304388275,-1.4861239153814658,-1.4944554066016553,-0.008331491220189502,-1.3057095338936566,-1.1203900816090535,0.18531945228460311,-2.035358594928266,-2.0414012331522433,-0.006042638223977104,-3.341068128821923,-3.161791314761297,0.1792768140606258
1631108,Max Christie,11120.0,-1.0002778032576993,-1.206768528043173,-0.2064907247854737,-0.49733958661681366,-0.49733958661681366,0.0,-1.4664036323738703,-1.6756826495051635,-0.20927901713129327,-0.879508912361841,-0.8843124353337002,-0.004803522971859153,-1.0961159423361255,-1.2741723860528626,-0.17805644371673712,-0.7630824208060849,-0.7637643691106208,-0.0006819483045359398,-1.8591983631422104,-2.0379367551634835,-0.17873839202127306
1631466,Nate Williams,1083.0,-1.0845801616525677,-1.4626450839509995,-0.3780649222984318,-0.9547673424861631,-0.9547673424861631,0.0,-0.7281841568467111,-1.0895200370965015,-0.36133588024979035,-1.5774903741888302,-1.5749509250123155,0.0025394491765147187,-1.7500808419323948,-1.9344826187706432,-0.18440177683824843,-3.306496053918395,-3.2993522891092097,0.007143764809185438,-5.05657689585079,-5.233834907879853,-0.17725801202906322
1629162,Jordan McLaughlin,2485.0,0.3611747348504215,0.026316801992162464,-0.33485793285825904,0.03162113696265384,0.03162113696265384,0.0,0.47710170517259975,0.1630584763885594,-0.31404322878404034,0.8040478007709109,0.814146696633139,0.010098895862228119,-0.35092270073146503,-0.5439373779661278,-0.1930146772346628,0.5108265996299148,0.5268544734250993,0.016027873795184444,0.1599038988984498,-0.017082904541028565,-0.17698680343947837
1630579,Jericho Sims,5002.0,-2.453904361030273,-2.2222414965114483,0.23166286451882456,-0.08604021048247275,-0.08604021048247275,0.0,-2.3144781190947095,-2.06225019554827,0.2522279235464393,-0.5241122396144835,-0.5170596769422883,0.007052562672195228,-1.7380616036065788,-1.5725182913947375,0.16554331221184126,-0.5943710074814601,-0.5829512286468237,0.011419778834636407,-2.3324326110880387,-2.155469520041561,0.17696309104647767
1630245,Ayo Dosunmu,11388.0,-0.3903544615805826,-0.5603969999583004,-0.17004253837771777,-0.550551686954775,-0.550551686954775,0.0,-0.7257278981140265,-0.9436938124535179,-0.21796591433949142,-1.1977789398938343,-1.1991598922629239,-0.0013809523690895276,-0.514709894362928,-0.69393968113534,-0.17922978677241197,-1.0572079076264869,-1.0547265329147524,0.0024813747117344853,-1.5719178019894149,-1.7486662140500924,-0.17674841206067748
1630540,Miles McBride,7988.0,-0.25454523557461717,-0.5758444734457475,-0.32129923787113035,-0.7093539272841929,-0.7093539272841929,0.0,0.6661803045785553,0.46572687478221075,-0.2004534297963445,0.31503167990723235,0.3139550210175095,-0.001076658889722859,0.40510287704913095,0.22689964785035288,-0.17820322919877807,0.39889743184755355,0.4015764189712505,0.002678987123696963,0.8040003088966845,0.6284760668216034,-0.1755242420750811
1626156,D'Angelo Russell,9274.0,0.7933451214195759,0.5136343711506877,-0.27971075026888825,-0.48123177655516947,-0.48123177655516947,0.0,1.0202025928455787,0.8038127849763337,-0.216389807869245,-0.19787928304113928,-0.18863003583180765,0.009249247209331624,0.8448483173177532,0.6576540965665099,-0.18719422075124337,-0.1084791862676342,-0.09584176254420251,0.012637423723431684,0.736369131050119,0.5618123340223073,-0.17455679702781168
1643253,Toby Okani,478.0,-2.3351691564856063,-1.9138389199995425,0.4213302364860638,-0.507815091263521,-0.507815091263521,0.0,-2.6622371272765717,-2.274931434051075,0.3873056932254966,-1.3167896499604232,-1.3133446792874865,0.003444970672936698,-3.099554533662765,-2.9365787980353932,0.16297573562737178,-3.7190856415517466,-3.710452267967911,0.008633373583835535,-6.818640175214512,-6.647031066003304,0.1716091092112073
1641998,Trey Jemison III,2115.0,-3.2409030199919266,-2.900337955434324,0.3405650645576026,0.18136857078633103,0.18136857078633103,0.0,-3.5705848513756746,-3.245764999319198,0.3248198520564767,-0.7277248356500529,-0.7378020898254319,-0.01007725417537908,-2.719905459247,-2.539561934048876,0.1803435251981238,-1.5044650689584267,-1.5132377907333754,-0.0087727217749487,-4.2243705282054265,-4.052799724782251,0.1715708034231751
1641739,Toumani Camara,14477.0,-0.5855172673309779,-0.7441956370044712,-0.15867836967349336,0.3467302584880706,0.3467302584880706,0.0,-0.02213977612429563,-0.1776343342576231,-0.15549455813332747,1.9344934877189104,1.8965786406754224,-0.03791484704348802,-0.2094803026967269,-0.3513269402134718,-0.14184663751674487,1.6133172407313294,1.584286186588201,-0.029031054143128454,1.4038369380346025,1.2329592463747292,-0.17087769165987332
1641712,Rayan Rupert,4521.0,-1.910446401609541,-1.627442932368651,0.28300346924089004,-0.38055177152639585,-0.38055177152639585,0.0,-3.2318953316035506,-3.0370235788626783,0.19487175274087232,-1.4532907327589606,-1.4290641272142746,0.02422660554468603,-2.1421815114427587,-2.002739956028272,0.13944155541448655,-1.6798637009102562,-1.6492842807068464,0.030579420203409757,-3.822045212353015,-3.6520242367351186,0.1700209756178963
1630572,Sandro Mamukelashvili,5975.0,-0.17032580905070982,-0.550391822121248,-0.3800660130705382,-0.33702196445706245,-0.33702196445706245,0.0,0.2550746349497097,0.0314757865118197,-0.22359884843789002,0.685881228017023,0.7018518503174034,0.015970622300380377,0.0982115297219246,-0.09234945757385349,-0.19056098729577808,0.7604394865762165,0.7809950479158694,0.02055556133965286,0.8586510162981411,0.6886455903420159,-0.17000542595612522
1631159,Leonard Miller,1750.0,-1.6660546311708817,-1.36486995268106,0.3011846784898218,-0.4264921530136385,-0.4264921530136385,0.0,-1.4188399939187593,-1.1454217363195762,0.27341825759918303,-0.9801580128393401,-0.9648480567031047,0.015309956136235425,-1.7255172872944244,-1.5789217749729274,0.14659551232149703,-2.01189532564401,-1.9886759933642435,0.02321933227976647,-3.737412612938434,-3.567597768337171,0.16981484460126328
1642262,Cody Williams,5724.0,-2.1153407809198055,-1.8129784613016526,0.30236231961815285,-0.40231818857531454,-0.40231818857531454,0.0,-2.97612749571467,-2.785445811175766,0.19068168453890433,-0.746041495277878,-0.7285115270839156,0.017529968193962353,-2.276711848898048,-2.129267279155585,0.14744456974246312,-0.7659411708037798,-0.74359307140262,0.022348099401159782,-3.0426530197018278,-2.872860350558205,0.1697926691436229
1630256,Jae'Sean Tate,4178.0,-1.1209000906627322,-0.8199064913544456,0.3009935993082866,-0.011811024694732303,-0.011811024694732303,0.0,-0.9403248162219079,-0.7365333503874224,0.20379146583448549,0.590660670085489,0.6074249357597277,0.01676426567423872,-0.867826303413505,-0.7234849251819728,0.14434137823153215,0.5520156613761431,0.574583792639217,0.022568131263073887,-0.31581064203736187,-0.14890113254275583,0.16690950949460603
1630215,Jared Butler,3374.0,-0.2175654928613422,-0.581608665686247,-0.36404317282490484,-0.5587229679142864,-0.5587229679142864,0.0,-0.5554874094242351,-0.8253356877897347,-0.2698482783654995,-0.5106586856177548,-0.49352009374036193,0.017138591877392917,-0.8138551090270691,-1.0039726182038837,-0.19011750917681458,-0.8344342652697265,-0.8107641604652032,0.023670104804523362,-1.6482893742967957,-1.814736778669087,-0.16644740437229122
1641733,Nick Smith Jr.,5003.0,-1.0490797034077906,-0.7080953778625472,0.3409843255452434,-1.2070016328087232,-1.2070016328087232,0.0,-2.8581228713488245,-2.6396547294181287,0.21846814193069575,-2.5049169445551422,-2.506412836812562,-0.0014958922574197508,-1.8115954925962168,-1.6474426437257883,0.16415284887042847,-2.748983600850176,-2.7468630985791784,0.0021205022709973598,-4.560579093446393,-4.394305742304967,0.1662733511414256
1629001,De'Anthony Melton,4701.0,-0.1580196751046148,-0.37769115648922313,-0.21967148138460835,0.7416208974688954,0.7416208974688954,0.0,0.6444478468135354,0.3877492120605458,-0.2566986347529896,0.5918438512632168,0.5972608186685562,0.005416967405339368,0.17220960437602972,-0.002573566701626895,-0.17478317107765662,0.5993476190422058,0.6090538359786541,0.009706216936448353,0.7715572234182355,0.6064802692770273,-0.16507695414120827
1630243,Trevelin Queen,1201.0,-0.933681739755404,-1.3274025478108034,-0.39372080805539933,0.4277358961803117,0.4277358961803117,0.0,-1.274896866525943,-1.6521294487554463,-0.3772325822295033,0.08753939054679705,0.11040593960007267,0.02286654905327562,-1.895056205441202,-2.0911678810752434,-0.19611167563404153,-0.9883545055325114,-0.9543241174814903,0.0340303880510211,-2.8834107109737133,-3.0454919985567335,-0.1620812875830202
1641744,Zach Edey,3583.0,-1.4964501007219746,-1.306685604488465,0.18976449623350966,1.1935728127853091,1.1935728127853091,0.0,-0.22493057315261278,-0.002054683703178961,0.22287588944943382,2.3084327247858996,2.3285089851164757,0.02007626033057619,-0.8114277240199788,-0.6796414666100881,0.1317862574098907,2.4562963059337335,2.483160337481117,0.026864031547383593,1.6448685819137547,1.803518870871029,0.1586502889572743
1642345,Oso Ighodaro,5736.0,-0.754202893255568,-0.581616886526281,0.17258600672928703,0.22095401202560203,0.22095401202560203,0.0,-0.6614373142178055,-0.41756687298243317,0.24387044123537233,1.3286097937647883,1.326083583272627,-0.002526210492161285,-0.8038881030748777,-0.6464890037141822,0.15739909936069552,1.4354976230907095,1.43656595343124,0.0010683303405305544,0.6316095200158318,0.7900769497170579,0.15846742970122607
1631119,Jaylin Williams,6163.0,-1.2419647793769288,-1.1632459451241548,0.07871883425277404,0.14414554668736765,0.14414554668736765,0.0,-0.7144472448094769,-0.4814624166008997,0.23298482820857713,1.5686804277398472,1.582648267283772,0.013967839543924887,-0.6040355230853867,-0.4643687500708551,0.13966677301453156,1.688118094063439,1.70647830934861,0.018360215285170955,1.0840825709780524,1.242109559277755,0.15802698829970252
202681,Kyrie Irving,7890.0,4.173180606309014,3.8215691808543273,-0.3516114254546867,-0.06625568639004721,-0.06625568639004721,0.0,4.594468017591639,4.426343576457041,-0.1681244411345979,-0.20882523164655525,-0.20694492978230328,0.0018803018642519764,3.1508138652448525,2.9882117629548897,-0.16260210228996286,-0.12218745135141784,-0.11656837874229797,0.005619072609119868,3.0286264138934347,2.8716433842125917,-0.156983029680843
1631246,Vince Williams Jr.,5685.0,-1.261792239131176,-1.526641647908341,-0.2648494087771649,-0.12137971382184796,-0.12137971382184796,0.0,-0.8847547907611151,-1.0368744689394025,-0.15211967817828742,-0.12321559640947222,-0.14965695477182756,-0.02644135836235534,-0.721582204832393,-0.8527391303496423,-0.13115692551724933,-0.10745007632518666,-0.131794498787682,-0.024344422462495352,-0.8290322811575797,-0.9845336291373243,-0.1555013479797447
1628449,Chris Boucher,3355.0,-0.28102790324302784,0.0445948598695447,0.32562276311257254,-0.005241854147358699,-0.005241854147358699,0.0,0.7237140518401164,0.9717959338006482,0.24808188196053182,-0.36937929388360125,-0.37893374629891574,-0.009554452415314496,-0.07156168989452283,0.09086588242579818,0.162427572320321,-0.6743636077139206,-0.6817320399286131,-0.007368432214692522,-0.7459252976084434,-0.5908661575028149,0.1550591401056285
1628420,Monte Morris,2280.0,0.30410361629811633,0.616613685459553,0.31251006916143664,-0.597857727331662,-0.597857727331662,0.0,-0.12157194810200972,0.10999750345732595,0.23156945155933567,-0.5293832545391123,-0.5201444007019977,0.009238853837114536,-0.6907306316798771,-0.5507873726930503,0.1399432589868268,-1.1884544174776237,-1.1733403102782463,0.015114107199377447,-1.8791850491575008,-1.7241276829712966,0.15505736618620425
203897,Zach LaVine,9677.0,0.5099441909104809,0.3945152430875998,-0.11542894782288116,-0.43985796193425486,-0.43985796193425486,0.0,0.7807980605609532,0.5588979890067476,-0.22190007155420566,-2.1735281729577007,-2.163229694828609,0.01029847812909157,0.641425957235684,0.47424099648813156,-0.1671849607475524,-1.9926824085520876,-1.9791299483858702,0.013552460166217362,-1.3512564513164036,-1.5048889518977386,-0.15363250058133504
1630647,Eugene Omoruyi,860.0,-0.6159356655490195,-0.975378156518101,-0.35944249096908154,-0.22773450481947913,-0.22773450481947913,0.0,-1.2121541980948465,-1.5111296903386284,-0.29897549224378195,-0.6344884241986231,-0.636733822909047,-0.0022453987104239514,-2.1559673158682315,-2.310154654960191,-0.15418733909195925,-2.2635487407642585,-2.2628637401398324,0.0006850006244261131,-4.4195160566324905,-4.573018395100023,-0.1535023384675327
1630623,Tyson Etienne,1122.0,-0.7329704314545328,-1.0434495244770472,-0.3104790930225144,-1.0857338271965868,-1.0857338271965868,0.0,-1.1344619802790652,-1.4363051884800508,-0.30184320820098565,-1.9766131194128875,-1.9773857172871128,-0.0007725978742252337,-1.8615570512764918,-2.016778066256314,-0.15522101497982232,-3.8000380970357543,-3.7973201898558426,0.002717907179911716,-5.661595148312246,-5.814098256112157,-0.1525031077999106
1641851,Timmy Allen,258.0,-2.9406210138983457,-2.5574371597655317,0.3831838541328141,-0.41476041490594073,-0.41476041490594073,0.0,-3.2993462317429203,-2.915808451321661,0.3835377804212592,-0.6637420935468177,-0.6607533065033129,0.0029887870435048036,-3.534789614245204,-3.390548837354246,0.14424077689095816,-3.1720805165026915,-3.163980549422578,0.008099967080113402,-6.7068701307478955,-6.554529386776824,0.1523407439710711
1641790,PJ Hall,577.0,-2.1802576217237655,-1.8128315819215106,0.36742603980225486,0.08132709758674705,0.08132709758674705,0.0,-2.385097221320897,-2.0282082773673844,0.3568889439535128,0.29404930397210255,0.29223694189506555,-0.0018123620770369997,-2.8505527356914087,-2.699561533555387,0.15099120213602157,-1.3050820342431102,-1.3038768860566625,0.0012051481864476798,-4.155634769934519,-4.003438419612049,0.1521963503224697
203933,T.J. Warren,267.0,-1.2644461201175587,-0.8510778517277882,0.4133682683897706,-0.5330820807163213,-0.5330820807163213,0.0,-1.2081033922413358,-0.7906836456283125,0.4174197466130233,-0.2602336048700031,-0.2666591163828561,-0.006425511512853033,-2.770988964846551,-2.61350094323686,0.15748802160969122,-2.5677772832405146,-2.5733755038896975,-0.005598220649182917,-5.338766248087065,-5.186876447126558,0.15188980096050742
1626168,Trey Lyles,5127.0,-0.9314480306148197,-0.7906290559421494,0.14081897467267035,-0.4557473085724363,-0.4557473085724363,0.0,-0.11572134177807147,0.060766664078678256,0.17648800585674973,-0.33840530533212987,-0.3048744719780822,0.03353083335404766,-0.5383643056209766,-0.4267770828544877,0.11158722276648891,-0.38056279810314875,-0.34050187445807323,0.04006092364507552,-0.9189271037241253,-0.7672789573125609,0.15164814641156443
1629750,Javonte Green,6120.0,-0.1004234649347977,-0.3239413789543346,-0.2235179140195369,0.9243372583559021,0.9243372583559021,0.0,0.5312792664584501,0.40058672956524466,-0.13069253689320548,1.5893073273015799,1.5518062608513412,-0.03750106645023865,0.2724517566677478,0.15801374833891169,-0.1144380083288361,1.7101135539494239,1.6745762423345671,-0.03553731161485674,1.9825653106171717,1.8325899906734788,-0.14997531994369284
1630532,Franz Wagner,10962.0,1.7254028917953865,1.4410796615691683,-0.2843232302262182,-0.5047807983054561,-0.5047807983054561,0.0,2.2904153435027945,2.1587443589426414,-0.13167098456015314,2.1516044224433757,2.134419949046778,-0.017184473396597788,1.8183155941943183,1.6808738226819995,-0.13744177151231884,2.0426029678999686,2.030450481405287,-0.012152486494681813,3.860918562094287,3.7113243040872863,-0.14959425800700066
1629130,Duncan Robinson,11731.0,0.6087712347150491,0.36098697580908823,-0.2477842589059609,-0.43144199097376745,-0.43144199097376745,0.0,0.9130412139218705,0.7460867104682505,-0.16695450345362006,-0.23022421374213345,-0.22557535555831365,0.004648858183819798,0.7120668645437989,0.5545782989241106,-0.15748856561968827,-0.177720485814568,-0.16973960004749644,0.007980885767071566,0.5343463787292309,0.38483869887661415,-0.1495076798526167
1641794,Dillon Jones,1225.0,-1.9952060862376269,-1.6980132982860776,0.29719278795154924,-0.4332862795603223,-0.4332862795603223,0.0,-2.099447865389571,-1.81577323861401,0.2836746267755612,-0.6494975656865567,-0.6442412583677083,0.005256307318848408,-2.326303286235128,-2.1878879017619557,0.13841538447317214,-1.9449475508957075,-1.9342522174905148,0.010695333405192686,-4.271250837130835,-4.122140119252471,0.14911071787836416
1628981,Bruno Fernando,1670.0,-2.0956695528164095,-2.4333707845949046,-0.3377012317784951,0.18167785250505317,0.18167785250505317,0.0,-2.1987629631650245,-2.4748107992452084,-0.2760478360801839,-0.10184247884630035,-0.09360885141576605,0.008233627430534296,-2.198796118937964,-2.361654337805377,-0.16285821886741303,-0.9372233298467889,-0.9229465550546538,0.014276774792135072,-3.136019448784753,-3.284600892860031,-0.14858144407527796
203952,Andrew Wiggins,12172.0,-0.8082280654372234,-0.4384849799413236,0.36974308549589974,0.39689172851961374,0.39689172851961374,0.0,-0.7574007581140232,-0.5689706097734185,0.18843014834060468,0.1801845814486899,0.14013406355482444,-0.04005051789386546,-0.6367813300452041,-0.4559254843762406,0.1808558456689635,0.1818047708837467,0.14940484052126024,-0.03239993036248645,-0.4549765591614574,-0.30652064385498035,0.14845591530647706
1641717,Cason Wallace,11660.0,-0.23066922565300474,-0.23157577850868505,-0.0009065528556803093,0.840891002664763,0.840891002664763,0.0,-0.5134467605780493,-0.3182232071745461,0.19522355340350317,1.947675387518733,1.9648957983172766,0.01722041079854364,-0.3609618166562787,-0.2337286918387078,0.12723312481757088,1.8099626908208704,1.829413673496545,0.019450982675674577,1.4490008741645917,1.5956849816578371,0.14668410749324545
1631212,Peyton Watson,9744.0,-1.6524097942684355,-1.8144221734588917,-0.1620123791904562,0.07431823469499352,0.07431823469499352,0.0,-1.143973595894733,-1.343156716509781,-0.19918312061504806,0.03635728394294119,0.04709416903930702,0.010736885096365834,-0.9405123101626713,-1.1003469032507902,-0.15983459308811887,0.1102147210639508,0.1241687361324888,0.013954015068537995,-0.8302975890987205,-0.9761781671183014,-0.14588057801958088
1630188,Jalen Smith,6582.0,-1.2588423043869437,-1.0988067279893001,0.16003557639764354,-0.047758033582208204,-0.047758033582208204,0.0,0.4553871429590657,0.6482821171518023,0.1928949741927366,0.9783549793910401,0.9887369289040496,0.010381949513009525,0.10274260446100492,0.23405991388252145,0.13131730942151654,1.0727617994797196,1.0872315003541222,0.01446970087440258,1.1755044039407245,1.3212914142366436,0.14578701029591912
1630643,Jay Huff,5336.0,-0.8048478233617617,-1.063719437391161,-0.2588716140293992,0.4129597709295849,0.4129597709295849,0.0,-1.7785681536524973,-1.9712605755587518,-0.19269242190625446,0.020379662884070615,0.023057765686507414,0.002678102802436799,-1.165600204329479,-1.3165143930817815,-0.15091418875230245,0.023304157396352387,0.02993104298641791,0.006626885590065523,-1.1422960469331267,-1.2865833500953636,-0.14428730316223692
1641720,Jalen Hood-Schifino,888.0,-2.3924749354745334,-2.059808978571125,0.3326659569034085,-0.7708557435140746,-0.7708557435140746,0.0,-2.5503905052768285,-2.239689346667757,0.31070115860907155,-1.1565559651867654,-1.1587611395970865,-0.002205174410321087,-2.714591158308263,-2.57116116256367,0.1434299957445928,-2.944188898913071,-2.943441265081065,0.0007476338320060449,-5.658780057221334,-5.514602427644736,0.14417762957659797
1630598,Aaron Wiggins,9081.0,-0.46426932186260983,-0.8334685051314412,-0.3691991832688314,-0.42126917903896643,-0.42126917903896643,0.0,0.7814203096023765,0.6109845742722795,-0.17043573533009704,0.10323129172320622,0.12716960135757516,0.023938309634368937,0.49585672165446804,0.32502443155802885,-0.1708322900964392,0.18326435275212916,0.21012683032179647,0.02686247756966731,0.6791210744065972,0.5351512618798253,-0.14396981252677188
1631094,Paolo Banchero,14016.0,1.6074458230779916,1.346450811739693,-0.2609950113382986,-0.33678315718835405,-0.33678315718835405,0.0,1.0438136910324605,0.9411593860755217,-0.10265430495693872,-0.9194640043947631,-0.9493621149846576,-0.029898110589894555,0.8891687749646642,0.7702670447621913,-0.11890173020247286,-0.8436440039615283,-0.8659574152495035,-0.02231341128797526,0.0455247710031359,-0.09569037048731222,-0.14121514149044812
1630558,Davion Mitchell,10609.0,-0.9309319428810744,-1.0835686747084485,-0.15263673182737414,-0.27585602394471853,-0.27585602394471853,0.0,0.1905532415968253,0.07176425359066885,-0.11878898800615645,0.07996753300143528,0.04127555415007145,-0.03869197885136383,0.038069155821490064,-0.06986920754423531,-0.10793836336572538,0.13433053690373065,0.10200466201691061,-0.03232587488682004,0.1723996927252207,0.032135454472675296,-0.14026423825254541
1630533,Ziaire Williams,7836.0,-1.224213014203338,-1.4961297246521386,-0.2719167104488005,0.041499368226267874,0.041499368226267874,0.0,-2.5770771501570313,-2.7157884518527373,-0.138711301695706,0.4373933879556209,0.4258114615734489,-0.011581926382171981,-1.7281103453744227,-1.8602969284511277,-0.13218658307670506,0.5212207631559189,0.5134251331249216,-0.007795630030997369,-1.2068895822185037,-1.3468717953262062,-0.13998221310770242
1629002,Chimezie Metu,1746.0,-1.3817213096810337,-1.6633663563009846,-0.28164504661995093,0.28602714402372476,0.28602714402372476,0.0,-1.7417857329060276,-1.968722513584841,-0.2269367806788134,0.18841504139830384,0.18314530553268904,-0.0052697358656148,-2.135258043594135,-2.271980268130269,-0.13672222453613436,-0.5276409889154201,-0.5305972519971469,-0.0029562630817268065,-2.662899032509555,-2.802577520127416,-0.13967848761786117
1630649,Stanley Umude,854.0,-1.6321859903308236,-1.9205765904115046,-0.28839060008068107,0.02971284755987591,0.02971284755987591,0.0,-2.112396923393841,-2.3734850895834967,-0.2610881661896558,-0.2366770220099863,-0.24556375447620965,-0.008886732466223346,-2.442765466672964,-2.5740528333179094,-0.13128736664494545,-1.7270689119683644,-1.7354494820472375,-0.00838057007887305,-4.169834378641328,-4.309502315365147,-0.13966793672381872
1630553,Keon Johnson,4008.0,-1.3154248970422393,-1.5682894803423677,-0.2528645833001284,0.039355459295908446,0.039355459295908446,0.0,-1.6655669306272989,-1.8428094497840115,-0.17724251915671263,-0.5592940014235843,-0.5676314816378856,-0.008337480214301252,-1.4801310629397295,-1.6136457393219037,-0.13351467638217418,-0.7664692000928097,-0.7721471483760909,-0.0056779482832811645,-2.2466002630325392,-2.3857928876979946,-0.13919262466545534
1630544,Tre Mann,3928.0,-1.139979650455172,-1.3679145792705678,-0.2279349288153958,-0.46094872576016954,-0.46094872576016954,0.0,-1.7778392155672167,-1.9313988442959977,-0.15355962872878104,-0.5633004458815474,-0.5849204049751026,-0.021619959093555186,-1.3237457793237892,-1.441052092778663,-0.11730631345487375,-0.7847290050696039,-0.8055051208502158,-0.020776115780611892,-2.108474784393393,-2.2465572136288787,-0.13808242923548564
1641749,Keyontae Johnson,138.0,-2.6208124182949586,-2.24200664180358,0.3788057764913786,-0.6147419643333873,-0.6147419643333873,0.0,-2.726497528361775,-2.3490499471195454,0.37744758124222955,-0.5985479687032562,-0.5989936045328801,-0.0004456358296238694,-3.476493755861635,-3.341640739668454,0.13485301619318113,-3.3264059971646995,-3.3233177258659627,0.003088271298736789,-6.802899753026335,-6.664958465534417,0.13794128749191792
1630168,Onyeka Okongwu,12315.0,-0.727132341407439,-0.7650780481484916,-0.037945706741052576,0.4433332764283612,0.4433332764283612,0.0,-0.22561957502086172,-0.020047181915933243,0.20557239310492847,1.051947818851202,1.0559124394729142,0.0039646206217123225,-0.24510867794033286,-0.1145115874032343,0.13059709053709856,0.9616229833988132,0.9689388990115986,0.007315915612785329,0.7165143054584804,0.8544273116083643,0.1379130061498839
1628374,Lauri Markkanen,9961.0,1.021313051884179,0.9012644188507066,-0.12004863303347246,-0.35267317368256124,-0.35267317368256124,0.0,2.3102861788601183,2.177340392301791,-0.13294578655832723,1.020058803683873,0.9875219489066474,-0.032536854777225566,1.7375996469581856,1.6267163425425317,-0.11088330441565386,1.0370497579112286,1.010021932368947,-0.02702782554228156,2.774649404869414,2.6367382749114787,-0.13791112995793542
1641766,Adama Sanogo,186.0,-1.6991958623991836,-1.3008379592803645,0.39835790311881913,-1.0445788735436912,-1.0445788735436912,0.0,-1.6245389899768472,-1.227419945878318,0.3971190440985293,-0.7427546877176859,-0.7509000307800759,-0.00814534306239001,-3.00661126046856,-2.861314970562743,0.14529628990581678,-3.434289812292331,-3.442516394733706,-0.008226582441375196,-6.440901072760891,-6.30383136529645,0.13706970746444114
1630658,Colin Castleton,1061.0,-2.022823885716779,-1.7649547664361913,0.25786911928058753,-0.2333813261253336,-0.2333813261253336,0.0,-2.3404252327547903,-2.1026465075068628,0.23777872524792754,-0.5563870883735236,-0.5419880346454161,0.014399053728107458,-2.4441295682786914,-2.331170544528021,0.11295902375067035,-1.9606011618039152,-1.9375613799851303,0.023039781818784855,-4.404730730082607,-4.268731924513151,0.13599880556945543
1631223,David Roddy,3458.0,-1.9476676399027157,-1.7455829704750143,0.20208466942770142,-0.7959239509045809,-0.7959239509045809,0.0,-2.648674778340851,-2.4689739615136195,0.1797008168272316,-1.2550612871952995,-1.2375304603665465,0.017530826828753066,-1.919348668832444,-1.8076090889042855,0.11173957992815842,-1.677868768746726,-1.6538213307741665,0.024047437972559482,-3.59721743757917,-3.461430419678452,0.1357870179007179
1630219,Skylar Mays,880.0,-0.8450151397016054,-1.1284397938590132,-0.2834246541574078,-0.7094103375008375,-0.7094103375008375,0.0,-1.1561186061827478,-1.4123392543360318,-0.25622064815328405,-1.4327962499471787,-1.4399171129459378,-0.0071208629987591365,-2.165011533605435,-2.2947042705687113,-0.1296927369632761,-3.3292004107959237,-3.335147606831638,-0.005947196035714253,-5.494211944401359,-5.629851877400349,-0.13563993299899035
203471,Dennis Schröder,12812.0,-0.5290757003169464,-0.18771363367727467,0.3413620666396717,-0.6138825808787026,-0.6138825808787026,0.0,-0.20214176125726802,-0.07791143269385063,0.12423032856341738,-1.6577293501139336,-1.65996886816139,-0.002239518047456368,-0.25575517247404855,-0.12233640886872621,0.13341876360532234,-1.478421605628652,-1.4766701069759631,0.0017514986526889764,-1.7341767781027007,-1.5990065158446893,0.13517026225801132
1642942,Jahmai Mashack,1436.0,-1.7268724318465,-1.479276057458386,0.247596374388114,0.20982862356023887,0.20982862356023887,0.0,-2.037435437314256,-1.8293238112449663,0.20811162606928946,-1.1475391947996083,-1.1299311590415364,0.017608035758071905,-2.3605917274730683,-2.252384759701535,0.10820696777153316,-2.4351096602154056,-2.408464312908937,0.026645347306468725,-4.795701387688474,-4.660849072610472,0.13485231507800233
203957,Dante Exum,3030.0,-0.9074195175558193,-1.1766506227886617,-0.26923110523284244,-0.5605198091944398,-0.5605198091944398,0.0,0.2911590300168809,0.09333719336734347,-0.19782183664953745,-0.02305015718612291,-0.02309945488983456,-4.929770371164821e-05,-0.591968137486258,-0.7300847440627423,-0.13811660657648428,-0.34277073530542346,-0.3390812600461661,0.0036894752592573354,-0.9347388727916814,-1.0691660041089084,-0.13442713131722694
1641734,Emoni Bates,427.0,-1.7588107641335107,-1.4177816278353972,0.3410291362981135,-0.9757888969358027,-0.9757888969358027,0.0,-2.294612230834728,-1.981164955864486,0.31344727497024216,-1.3865976793030539,-1.385674232827589,0.0009234464754648286,-2.897023006556309,-2.768303089070845,0.1287199174854643,-3.9041528595410697,-3.8990878556790496,0.005065003862020134,-6.801175866097379,-6.6673909447498945,0.13378492134748488
1642275,Tidjane Salaün,3665.0,-1.8998480216075706,-1.6367679832425448,0.2630800383650258,-0.5465368359943128,-0.5465368359943128,0.0,-3.0196676745244275,-2.845499364801155,0.17416830972327269,-1.1163058505725951,-1.1081884316551842,0.008117418917410912,-2.2536313995126735,-2.1336824734182205,0.11994892609445307,-1.4681461105257965,-1.4550857176496779,0.013060392876118598,-3.72177751003847,-3.5887681910678983,0.13300931897057167
1642880,Kam Jones,1307.0,-1.5067816169460317,-1.244472728593622,0.26230888835240984,-0.8317544035356169,-0.8317544035356169,0.0,-1.72935464455478,-1.4753014620306126,0.2540531825241674,-1.237482452740923,-1.235328700307228,0.0021537524336949776,-2.257319467313723,-2.1327666169776776,0.12455285033604557,-2.6530721448375694,-2.6464960334206773,0.006576111416892072,-4.910391612151292,-4.779262650398355,0.1311289617529372
1642866,Joan Beringer,675.0,-1.309201123205438,-1.0122935612602904,0.29690756194514756,0.219210924200154,0.219210924200154,0.0,-0.8355203698874981,-0.5601241633357464,0.2753962065517517,-0.019595241705536448,-0.014779007791023174,0.004816233914513274,-2.279152030291927,-2.15867754257439,0.12047448771753722,-1.6245080901782294,-1.614072055757954,0.010436034420275409,-3.9036601204701564,-3.772749598332344,0.13091052213781262
1630581,Josh Giddey,12386.0,0.8280192553396943,0.6189095170411776,-0.20910973829851676,0.07989035994529584,0.07989035994529584,0.0,1.3739305121783953,1.268981206133375,-0.1049493060450204,-0.8559887680199163,-0.8826371282346143,-0.026648360214697964,1.097184875486589,0.9869147640022864,-0.11027011148430255,-0.7566332068644748,-0.7768357579033593,-0.020202551038884575,0.34055166862211417,0.21007900609892705,-0.13047266252318712
1630322,Lindy Waters III,2736.0,-0.6577236352200955,-0.8573659894610193,-0.1996423542409238,-0.5260212242568598,-0.5260212242568598,0.0,-0.8885187940832822,-1.0926866706500977,-0.20416787656681556,-0.46083566167275886,-0.466230899820957,-0.005395238148198145,-1.0275393998795619,-1.1549447446505532,-0.1274053447709913,-0.9442479375102137,-0.9469723000450112,-0.0027243625347974643,-1.9717873373897756,-2.1019170446955644,-0.13012970730578877
203915,Spencer Dinwiddie,8876.0,-0.036247372024013735,0.1969638486407319,0.23321122066474564,-0.4444414914783742,-0.4444414914783742,0.0,0.6728720442285866,0.8200820523955181,0.14721000816693153,-0.37177539881322286,-0.368873504034366,0.002901894778856884,0.07499436107487822,0.19838562034651153,0.1233912592716333,-0.27563101082265273,-0.26906716531588515,0.006563845506767585,-0.2006366497477745,-0.07068154496937362,0.1299551047784009
1642874,Danny Wolf,2381.0,-1.6174735567722247,-1.4197330416042684,0.19774051516795632,-0.35447299142336697,-0.35447299142336697,0.0,-2.482098882079039,-2.311445743545982,0.17065313853305675,0.27659919659529064,0.29985711555745864,0.023257918962168,-2.4108298666902264,-2.3131712303383627,0.09765863635186367,-0.1631658558293667,-0.13097065512407102,0.03219520070529569,-2.573995722519593,-2.4441418854624337,0.12985383705715936
1630610,DeJon Jarreau,796.0,-1.1920209724794322,-1.4974096803215309,-0.3053887078420987,-0.20418977052853476,-0.20418977052853476,0.0,-1.608386014111587,-1.89439633925544,-0.28601032514385283,-0.271894309735636,-0.2667764409632333,0.005117868772402723,-2.300049530447978,-2.43997322379841,-0.1399236933504322,-1.8363940129378369,-1.8256232468633806,0.010770766074456262,-4.136443543385814,-4.265596470661791,-0.12915292727597638
1641721,Maxwell Lewis,876.0,-1.8458881662119437,-1.554487410186797,0.2914007560251468,-0.5263941568340744,-0.5263941568340744,0.0,-2.4956900828997144,-2.222770088601427,0.27291999429828717,-1.1084179230014342,-1.1082975800324404,0.00012034296899376962,-2.622689118018259,-2.4978407839940044,0.12484833402425455,-2.8920205538906965,-2.888108916482566,0.003911637408130275,-5.514709671908955,-5.385949700476571,0.12875997143238394
1629623,Lindell Wigginton,16.0,-1.7715287851795618,-2.138284488483329,-0.36675570330376717,-0.6241419052591014,-0.6241419052591014,0.0,-1.8084049721274205,-2.175226249940754,-0.36682127781333373,-0.6813228841547305,-0.6801303534413028,0.0011925307134277308,-3.3229411087250242,-3.456846779561203,-0.13390567083617855,-3.7468935169279782,-3.7413491751650003,0.005544341762977911,-7.0698346256530025,-7.198195954726203,-0.12836132907320064
1641817,Anton Watson,52.0,-2.4292408248704707,-2.0717104067962415,0.35753041807422914,-0.8649883328637641,-0.8649883328637641,0.0,-2.4307759046699156,-2.0753013211764757,0.35547458349343986,-0.9088801146181059,-0.9073246987403523,0.001555415877753652,-3.495256907587887,-3.373828224597976,0.12142868298991116,-3.9947893662354432,-3.9887110862110053,0.006078280024437888,-7.49004627382333,-7.362539310808981,0.1275069630143486
1630529,Herbert Jones,9322.0,-0.11905135104192555,-0.29172655188488483,-0.1726752008429593,1.257749942436806,1.257749942436806,0.0,0.5806868140875653,0.451508455870277,-0.1291783582172883,2.4843246131191403,2.46792499259319,-0.016399620525950453,0.4178862064358113,0.3028887171713919,-0.11499748926441944,2.4662026967447144,2.454206347534891,-0.011996349209823176,2.8840889031805257,2.757095064706283,-0.12699383847424262
1631243,Mouhamed Gueye,3707.0,-1.2613749525663789,-1.1353198007444472,0.12605515182193172,0.8924101503488998,0.8924101503488998,0.0,-1.0826662990306108,-0.8856215176598793,0.19704478137073156,1.457623628825926,1.468731946906432,0.01110831808050583,-1.0140245302522892,-0.9035455728657735,0.1104789573865157,1.4887492618394518,1.5052174757194812,0.016468213880029392,0.47472473158716255,0.6016719028537076,0.1269471712665451
1642851,Kon Knueppel,5201.0,2.375935516293783,2.05911318676214,-0.316822329531643,-0.2628823624024907,-0.2628823624024907,0.0,3.0094467188110547,2.8701744357870664,-0.1392722830239883,0.39357821123549147,0.39316968049679174,-0.00040853073869973056,0.9208065895861925,0.7908688856441599,-0.12993770394203263,0.4167312810188686,0.4200377391099117,0.0033064580910431296,1.3375378706050611,1.2109066247540716,-0.1266312458509895
1630531,Jaden Springer,1797.0,-1.1900576674199501,-1.4273019730642933,-0.23724430564434318,0.5722725527586193,0.5722725527586193,0.0,-1.140497738835257,-1.3407743510424985,-0.20027661220724147,0.29814553696119045,0.29025926933597335,-0.007886267625217103,-1.6114383922781184,-1.7317311431651883,-0.12029275088706992,-0.3638289043797842,-0.3700796278435363,-0.006250723463752106,-1.9752672966579026,-2.101810771008725,-0.12654347435082225
1642964,Brooks Barnhizer,708.0,-2.2553560053401855,-1.997678153060646,0.25767785227953954,-0.16630809587995554,-0.16630809587995554,0.0,-2.887839448868534,-2.6382794089942267,0.2495600398743072,-0.028451797901269615,-0.017894000942338922,0.010557796958930693,-3.008629802076687,-2.9007917026664494,0.10783809941023748,-1.5986315601865841,-1.5802707760728936,0.018360784113690576,-4.607261362263271,-4.481062478739343,0.12619888352392827
204456,T.J. McConnell,7723.0,1.6087561589894708,1.7930230218122445,0.1842668628227737,-0.32574324148525613,-0.32574324148525613,0.0,1.9846029788137791,2.0996866350971812,0.11508365628340211,-0.6945162235937766,-0.664908438804606,0.029607784789170588,1.5171810645857522,1.6099747853189768,0.09279372073322456,-0.6099244592089077,-0.5765776927412074,0.033346766467700295,0.9072566053768445,1.0333970925777693,0.12614048720092486
1631197,Jared Rhoden,978.0,-1.1326876593484358,-1.4168339387319961,-0.2841462793835603,-0.11842925573998744,-0.11842925573998744,0.0,-0.762117016672117,-1.0265712312346493,-0.2644542145625324,-0.5842409152216307,-0.5804274813890182,0.003813433832612456,-1.890757864593311,-2.0257344407895554,-0.13497657619624448,-2.0754266318544383,-2.066532657210521,0.008893974643917169,-3.9661844964477493,-4.092267098000077,-0.12608260155232776
1627814,Damion Lee,308.0,0.34582256910880127,0.6521880295080669,0.3063654603992656,-1.25820393741475,-1.25820393741475,0.0,0.08601828122217309,0.37476764018778846,0.2887493589656154,-1.2396893462010936,-1.2328520435276082,0.006837302673485368,-2.1585857098189862,-2.0464749609164876,0.11211074890249861,-3.9110660826998638,-3.897424775392629,0.013641307307234563,-6.06965179251885,-5.943899736309117,0.12575205620973318
1631117,Walker Kessler,6979.0,-0.9346353564667436,-1.1311295854578012,-0.19649422899105762,1.4248634550330108,1.4248634550330108,0.0,-1.114900720882586,-1.2515590826136076,-0.13665836173102153,1.506164561496902,1.4936265409993839,-0.012538020497518065,-0.7620634890030065,-0.8787538208154504,-0.11669033181244393,1.610351856608979,1.601301779267621,-0.009050077341357987,0.8482883676059725,0.7225479584521706,-0.1257404091538019
1629048,Goga Bitadze,6740.0,-0.7087065141212645,-0.950407518158352,-0.2417010040370875,1.1312440897287153,1.1312440897287153,0.0,-0.5581662466472919,-0.6951062296438826,-0.13693998299659071,1.5375296834490608,1.5312198315133176,-0.006309851935743183,-0.42565009869070014,-0.5486366607756796,-0.12298656208497949,1.6474223665792156,1.6446842708771947,-0.002738095702020882,1.2217722678885155,1.096047610101515,-0.12572465778700037
1642853,Rasheer Fleming,1322.0,-1.523170026875684,-1.3107362029349643,0.21243382394071975,-0.1273725965260355,-0.1273725965260355,0.0,-0.9999460736627576,-0.789318678755317,0.21062739490744053,0.12703737859027797,0.14197258567680154,0.014935207086523572,-2.0087882321488424,-1.9069936173237383,0.1017946148251041,-0.8510162649538562,-0.8276779401716357,0.023338324782220532,-2.8598044971026986,-2.734671557495374,0.12513293960732463
1631199,Ron Harper Jr.,668.0,-0.5542655342756613,-0.855383931080298,-0.3011183968046367,-0.39283813299066783,-0.39283813299066783,0.0,-0.46831777915343864,-0.7503794750626407,-0.28206169590920205,-0.23773622380536036,-0.23392129725150138,0.0038149265538589827,-1.9409641412697616,-2.0750184285412088,-0.1340542872714472,-1.9358981623612592,-1.9268488769360663,0.009049285425192899,-3.876862303631021,-4.001867305477275,-0.12500500184625452
1641727,Dariq Whitehead,971.0,-1.1753179753364713,-0.893146654490434,0.28217132084603735,-0.922896076820626,-0.922896076820626,0.0,-1.587939494969659,-1.3551747061309332,0.23276478883872587,-1.961656247578626,-1.9561774565958763,0.005478790982749615,-2.126609491014467,-2.0135887091815166,0.1130207818329505,-3.9421797451068206,-3.9310337863385922,0.011145958768228326,-6.068789236121288,-5.944622495520109,0.12416674060117838
1629626,Bol Bol,1886.0,-1.7029144850091031,-1.911518133855016,-0.20860364884591287,-0.01847776614080568,-0.01847776614080568,0.0,-1.6794225843867172,-1.886097742409235,-0.20667515802251768,-0.15920592755137944,-0.1655115991530689,-0.006305671601689461,-1.8710609583730178,-1.9907095961288643,-0.11964863775584655,-0.8999644010474681,-0.904164633836247,-0.0042002327887789015,-2.771025359420486,-2.8948742299651116,-0.12384887054462546
1630639,A.J. Lawson,2168.0,-1.9009523001332433,-2.1542038457403416,-0.2532515456070983,-0.6107621936764089,-0.6107621936764089,0.0,-1.6521848687375058,-1.9040389714083,-0.2518541026707941,-0.5581670720583443,-0.5408447211566918,0.01732235090165246,-1.70700839688566,-1.8559518135075708,-0.1489434166219108,-1.2706050198957937,-1.2454040785296003,0.02520094136619333,-2.9776134167814536,-3.101355892037171,-0.12374247525571747
1641708,Amen Thompson,13378.0,0.19624805654669242,0.14046034336851676,-0.05578771317817566,0.3924736002963458,0.3924736002963458,0.0,0.9625003610641694,0.837832842617008,-0.1246675184471614,1.1607879052057268,1.1322322773454636,-0.028555627860263222,0.6459240059852442,0.5438010307119172,-0.10212297527332703,1.0040233640151706,0.9825878860176882,-0.021435477997482355,1.6499473700004148,1.5263889167296054,-0.12355845327080939
1627824,Guerschon Yabusele,5855.0,-0.8614072495807454,-1.055139616702731,-0.1937323671219855,-0.03844219747964017,-0.03844219747964017,0.0,-0.7231816455737481,-0.8671760487404109,-0.1439944031666628,-0.6672768826370544,-0.677585516060873,-0.010308633423818603,-0.8470963982562147,-0.9635092082170438,-0.11641280996082903,-0.6723235406285983,-0.6794670095393438,-0.007143468910745465,-1.519419938884813,-1.6429762177563876,-0.1235562788715745
1628984,Devonte' Graham,636.0,-0.4966585757955597,-0.24009534621414286,0.25656322958141686,-0.8933421869624066,-0.8933421869624066,0.0,-0.5957391446540339,-0.32651360355501885,0.26922554109901503,-0.6521604152045906,-0.6463607232000808,0.005799692004509804,-2.116835538439557,-2.0055690628958267,0.11126647554373026,-2.553092619475141,-2.5412586478762607,0.011833971598880222,-4.669928157914698,-4.546827710772087,0.12310044714261092
1631166,Drew Timme,984.0,-1.940896579733768,-1.7207099288153598,0.22018665091840828,-0.7929999674053265,-0.7929999674053265,0.0,-2.011293140417993,-1.8293118301867821,0.1819813102312109,-1.596245455238789,-1.5731653932534289,0.023080061985360167,-2.42004221177586,-2.332737583299358,0.087304628476502,-3.4346309811092888,-3.3997531022779177,0.034877878831371056,-5.854673192885149,-5.732490685577275,0.1221825073078735
1627742,Brandon Ingram,10764.0,-0.05696611512620264,-0.2636853307021817,-0.20671921557597905,-0.17309680651135365,-0.17309680651135365,0.0,0.49469474094593135,0.39574776170985937,-0.09894697923607199,-0.15800019425463951,-0.1823508233915724,-0.024350629136932894,0.35647140159863744,0.25317601373465726,-0.10329538786398018,-0.0904461044513929,-0.10932500544253987,-0.018878900991146974,0.26602529714724454,0.1438510082921174,-0.12217428885512716
1631103,Malaki Branham,4834.0,-1.1684298660904735,-1.0260790534829343,0.14235081260753923,-1.088615444368168,-1.088615444368168,0.0,-2.3086186778006477,-2.162958611078305,0.14566006672234266,-1.739587757703028,-1.717064026069266,0.02252373163376209,-1.526998921741206,-1.4332484092715807,0.0937505124696254,-1.9430204910561244,-1.9146198459073083,0.028400645148816128,-3.4700194127973303,-3.3478682551788888,0.12215115761844153
201142,Kevin Durant,16111.0,4.47612226733575,4.787305244103264,0.3111829767675136,0.9482016382323987,0.9482016382323987,0.0,4.167665974614199,4.298036788471234,0.1303708138570352,-0.060163047393197666,-0.08432557730180024,-0.02416252990860257,3.551326524641745,3.6897694639724716,0.1384429393307265,-0.17343862975190039,-0.19000861902462196,-0.016569989272721575,3.3778878948898448,3.4997608449478497,0.12187295005800491
1641798,Jaylen Martin,486.0,-1.668645159556864,-1.3799423567140958,0.2887028028427683,-0.8520076095100844,-0.8520076095100844,0.0,-2.2059236592772704,-1.942615438024383,0.26330822125288744,-1.4800587739310505,-1.4746971820568273,0.005361591874223137,-2.8724421310593105,-2.7628184115347176,0.10962371952459282,-3.9374086212211394,-3.926063927067978,0.011344694153161416,-6.80985075228045,-6.688882338602696,0.12096841367775468
1642261,Dalton Knecht,4124.0,-1.6720875332505245,-1.4177833522971346,0.2543041809533899,-0.8796631065684705,-0.8796631065684705,0.0,-1.426547218293316,-1.2774113672218537,0.14913585107146243,-2.2789880140125955,-2.27235829464501,0.006629719367585718,-1.4014031390454236,-1.2923599385802222,0.10904320046520133,-2.6823402394746862,-2.67113327026134,0.011206969213346074,-4.08374337852011,-3.9634932088415624,0.12025016967854718
1641750,Ryan Kalkbrenner,3018.0,-1.562137395835375,-1.410140827857161,0.15199656797821404,0.7558056208629692,0.7558056208629692,0.0,-2.099755192132448,-1.9077193141561195,0.1920358779763287,1.646891835024566,1.6556005041076534,0.008708669083087317,-2.2361176837718237,-2.129961269188408,0.10615641458341596,1.628954939890498,1.643000149673926,0.014045209783427826,-0.6071627438813256,-0.48696111951448184,0.12020162436684378
1642404,Chaz Lanier,543.0,-1.653473074148379,-1.3849734378429157,0.26849963630546325,-1.050134635327752,-1.050134635327752,0.0,-1.6662109780844703,-1.4041202600314828,0.26209071805298745,-0.8417446450126116,-0.8361992180009538,0.005545427011657833,-2.6753720076295213,-2.5672779311653975,0.10809407646412383,-2.9473419759023436,-2.9357860069279305,0.011555968974413133,-5.622713983531865,-5.503063938093328,0.11965004543853652
203469,Cody Zeller,684.0,-0.4342846102076884,-0.17305138675168763,0.26123322345600075,0.2186438907740906,0.2186438907740906,0.0,-0.0624314458460673,0.21381480159361738,0.2762462474396847,0.5213460229530145,0.5215044646214915,0.00015844166847700514,-1.9171403218857932,-1.8016010596337229,0.11553926225207034,-0.8634687721891563,-0.859501212277602,0.003967559911554286,-2.7806090940749497,-2.661102271911325,0.11950682216362463
1627863,Danuel House Jr.,1058.0,-1.3111274839976237,-1.026564951410186,0.2845625325874377,-0.17066187303862929,-0.17066187303862929,0.0,-1.405141118742248,-1.1767238200842765,0.22841729865797156,-0.04599873451993755,-0.04468670566921737,0.0013120288507201816,-2.2276284546667826,-2.1137533977719567,0.11387505689482591,-1.2793046955596998,-1.273798638608601,0.005506056951098737,-3.5069331502264824,-3.3875520363805576,0.11938111384592487
1626181,Norman Powell,11813.0,0.9234495907819074,0.8014755739547637,-0.1219740168271437,-0.5421982522060848,-0.5421982522060848,0.0,1.6254677939786686,1.4677084866470032,-0.15775930733166543,0.37247931902468234,0.38243746858106376,0.009958149556381413,1.262636569045501,1.1305114005558594,-0.13212516848964162,0.36822477547165633,0.3810251200811776,0.012800344609521286,1.6308613445171574,1.511536520637037,-0.11932482388012033
1627780,Gary Payton II,5691.0,0.2716065813577073,0.09129934535636375,-0.18030723600134357,0.43794826389063024,0.43794826389063024,0.0,0.8564325381828952,0.6862366385244307,-0.1701958996584645,0.9835351369630404,0.98878221267495,0.005247075711909632,0.47597376013225956,0.34765150241967113,-0.12832225771258843,1.0685309515109322,1.0778522370234076,0.009321285512475352,1.5445047116431918,1.4255037394430787,-0.11900097220011308
1627759,Jaylen Brown,14116.0,0.8745591029499284,0.9528843784309589,0.07832527548103041,-0.25276172590318396,-0.25276172590318396,0.0,1.530030651659711,1.7308196296983591,0.20078897803864804,-0.6796111268460523,-0.7197237563674147,-0.04011262952136241,1.1045276559634938,1.2545366090774297,0.15000895311393592,-0.6371391862080795,-0.6682934752292051,-0.031154289021125603,0.46738846975541426,0.5862431338482246,0.11885466409281031
1642403,Isaac Jones,699.0,-2.38991089309448,-2.1053714501070644,0.28453944298741574,-0.23221608335993638,-0.23221608335993638,0.0,-2.6702574612884638,-2.4028634312159984,0.2673940300724653,-0.5115273999266194,-0.5130695830316613,-0.0015421831050418389,-2.8737900807635453,-2.756821646780115,0.11696843398343004,-2.2781533569006354,-2.276542081810287,0.0016112750903483075,-5.151943437664181,-5.033363728590402,0.1185797090737788
1631213,Tyrese Martin,4179.0,-0.8547470554728853,-1.09736168769645,-0.24261463222356472,-0.8809594902411658,-0.8809594902411658,0.0,-1.6560663244526805,-1.8444206421444282,-0.1883543176917477,-0.7496701786386725,-0.7343039219741059,0.015366256664566591,-1.394721216033068,-1.5334687247313556,-0.13874750869828767,-0.9525424870350503,-0.9315445297676663,0.02099795726738396,-2.3472637030681183,-2.4650132544990218,-0.11774955143090349
1630543,Isaiah Jackson,3703.0,-0.7535452458972131,-1.026454357908883,-0.2729091120116699,0.5961648064629452,0.5961648064629452,0.0,-0.5511201271943497,-0.7487180512647043,-0.1975979240703546,0.027536903789224354,0.047637706928705725,0.02010080313948137,-0.6788889435619172,-0.8233289418936547,-0.14443999833173748,-0.1495469150932358,-0.12277709751377763,0.026769817579458177,-0.828435858655153,-0.9461060394074323,-0.11767018075227931
1630228,Jonathan Kuminga,8145.0,-0.02786681419289838,-0.06111883896562864,-0.03325202477273026,-0.6238042447579909,-0.6238042447579909,0.0,-0.14848466782238118,-0.27261349770850185,-0.12412882988612067,0.6887639717554382,0.6549495129461697,-0.03381445880926859,-0.035220969114976075,-0.12271828921188055,-0.08749732009690447,0.7676425076480076,0.7379623662595831,-0.029680141388424452,0.7324215385330315,0.6152440770477026,-0.11717746148532893
1642873,Amari Williams,297.0,-2.6288344692903785,-2.3548801110425233,0.2739543582478552,0.6600249566917674,0.6600249566917674,0.0,-3.0800182636412297,-2.8060658164636316,0.27395244717759804,0.6098498132897133,0.6168739868096744,0.007024173519961097,-3.4050257635142627,-3.3019534830613235,0.10307228045293915,-1.2525574541316935,-1.2386317606912511,0.013925693440442366,-4.657583217645956,-4.540585243752575,0.11699797389338151
1641736,Reece Beekman,947.0,-1.5827911837543027,-1.3375299991195133,0.2452611846347894,0.03787061200546685,0.03787061200546685,0.0,-2.034113132325981,-1.8105293460319993,0.22358378629398157,0.054515370998827056,0.06144441450643169,0.006929043507604635,-2.5285799967450804,-2.4247162274810465,0.10386376926403385,-1.2413427615216301,-1.2282184584775069,0.013124303044123264,-3.7699227582667105,-3.652934685958553,0.11698807230815733
1642854,Asa Newell,1063.0,-1.0051988929475721,-0.798676499249593,0.2065223936979791,-0.20514721224879534,-0.20514721224879534,0.0,-0.9839075934040845,-0.7645095639468305,0.21939802945725406,-0.31469070597476384,-0.3044567635449395,0.010233942429824339,-2.02852357107211,-1.9295040350443018,0.09901953602780811,-1.6350290873091167,-1.6175721186675238,0.01745696864159285,-3.6635526583812266,-3.5470761537118256,0.11647650466940096
1628396,Tony Bradley,1174.0,-1.9885541886779008,-1.746345600027622,0.24220858865027872,-0.38744059246007934,-0.38744059246007934,0.0,-2.103879157417717,-1.8967818981982592,0.20709725921945799,-0.5257213973844967,-0.5180964841569252,0.007624913227571528,-2.3485769720922764,-2.246093121037346,0.10248385105493041,-1.8224832657659635,-1.8086155133988635,0.013867752367100028,-4.17106023785824,-4.05470863443621,0.11635160342203044
1630611,Gui Santos,4787.0,-0.5009406413396144,-0.6636611261974296,-0.1627204848578152,-0.07764386893330827,-0.07764386893330827,0.0,0.12249951594493369,-0.022246490504704286,-0.14474600644963798,0.4319371894420256,0.4205192185760383,-0.011417970865987281,-0.14181495537542022,-0.2491875745993517,-0.10737261922393149,0.43022777901154186,0.42145642104472936,-0.008771357966812499,0.28841282363612164,0.17226884644537765,-0.11614397719074399
1630596,Evan Mobley,11993.0,0.0404895970326431,-0.0187974979784995,-0.0592870950111426,1.0477101363185526,1.0477101363185526,0.0,-0.004045228206211067,0.19659872172120404,0.2006439499274151,2.648824419520767,2.6358744179625475,-0.012950001558219348,0.007024041070678333,0.1300013314225259,0.12297729035184757,2.4237007083197035,2.4157186251891596,-0.007982083130543938,2.430724749390382,2.5457199566116855,0.11499520722130363
1626224,Cedi Osman,2711.0,-0.6883761375372078,-0.5371502589607153,0.1512258785764925,-0.5995654311835975,-0.5995654311835975,0.0,-1.2055883696922518,-1.0532945592857477,0.15229381040650414,-1.4626147257104853,-1.4417581543527227,0.020856571357762643,-1.6684652565835798,-1.583060210693887,0.08540504588969289,-2.155334443576292,-2.12653428522415,0.028800158352142002,-3.8237997001598716,-3.709594495918037,0.11420520424183467
1630283,Kylor Kelley,267.0,-2.5382594660519384,-2.2358689510170153,0.3023905150349231,-0.1599571971901253,-0.1599571971901253,0.0,-2.692482446219503,-2.3934040828199143,0.2990783633995888,-0.6500470446291764,-0.6514396864732205,-0.0013926418440440846,-3.319389478933276,-3.2071869710398344,0.11220250789344144,-3.1347637419501293,-3.1330416173787166,0.001722124571412742,-6.454153220883406,-6.340228588418551,0.11392463246485462
1642359,Pacôme Dadiet,504.0,-1.7985210091406425,-1.5213940870134892,0.2771269221271533,-0.6900297039531409,-0.6900297039531409,0.0,-1.9831153676520814,-1.7328742261192398,0.2502411415328416,-0.8899060707314068,-0.8863522301871782,0.0035538405442285814,-2.747716056594536,-2.642810149344304,0.1049059072502323,-3.073505925175401,-3.064732762011767,0.008773163163634301,-5.821221981769938,-5.707542911356071,0.11367907041386704
1629669,Jaylen Nowell,769.0,-1.8543628519181308,-1.5997413875956572,0.25462146432247357,-1.0115369097360405,-1.0115369097360405,0.0,-2.2155113438098706,-1.9673009689550875,0.24821037485478303,-0.8397878326492151,-0.8390279987796132,0.000759833869601878,-2.6056679133352088,-2.49702480132804,0.1086431120071687,-2.6473203073174254,-2.6425271742017857,0.0047931331156396695,-5.252988220652634,-5.139551975529826,0.11343624512280837
1642367,Jonathan Mogbo,3206.0,-1.4570831205473833,-1.2702313402165826,0.18685178033080074,0.18953964249933972,0.18953964249933972,0.0,-2.5627797512932,-2.432847182373857,0.1299325689193429,-0.27287174038625506,-0.25112612439996307,0.02174561598629199,-1.9787679312617918,-1.8947357741006394,0.08403215716115242,-0.5953058701967189,-0.5660796627622808,0.029226207434438045,-2.5740738014585105,-2.4608154368629203,0.11325836459559024
1628970,Miles Bridges,14233.0,0.644863667543168,0.4002357064192834,-0.24462796112388463,-0.32286455856956237,-0.32286455856956237,0.0,-0.2637354630797625,-0.3455293712400124,-0.0817939081602499,-0.7865932940743597,-0.8039110739275941,-0.01731777985323435,-0.21092695466230582,-0.31265214631990323,-0.10172519165759741,-0.7330745854966372,-0.7443635866648886,-0.011289001168251378,-0.944001540158943,-1.0570157329847918,-0.11301419282584879
1643016,Bez Mbeng,1083.0,-1.26542995676443,-1.1164140340579034,0.14901592270652664,0.46669245522193326,0.46669245522193326,0.0,-1.5978422860447086,-1.4526180787385936,0.14522420730611496,-0.3062088443362091,-0.27380336750800904,0.03240547682820005,-2.258533064817499,-2.1927282881556294,0.06580477666186946,-1.6063976219286127,-1.559313697848585,0.047083924080027595,-3.8649306867461117,-3.7520419860042145,0.11288870074189727
1630197,Aleksej Pokusevski,813.0,-1.0834860444944563,-1.3060095428949767,-0.22252349840052044,-0.07323300239092563,-0.07323300239092563,0.0,-1.3099989133135692,-1.4992140266725125,-0.18921511335894325,-0.4051830451717216,-0.41771177005235144,-0.012528724880629838,-2.2935098729068115,-2.391458972976366,-0.09794910006955426,-2.000725564641021,-2.014142645163187,-0.013417080522165836,-4.294235437547833,-4.405601618139553,-0.11136618059171965
1627747,Caris LeVert,9794.0,-0.08610354938500775,0.08165236746206439,0.16775591684707214,-0.27339051557675087,-0.27339051557675087,0.0,0.059858182749409655,0.19983610842520422,0.13997792567579456,-0.02936216213233042,-0.033145856410048524,-0.0037836942777181026,0.08288848537974713,0.19405570829404928,0.11116722291430214,0.047015961691086794,0.04717112585071037,0.00015516415962357755,0.12990444707083393,0.24122683414475965,0.11132238707392572
1628391,D.J. Wilson,29.0,-0.8681411287430673,-1.1763923644836924,-0.3082512357406252,-0.18934563382676337,-0.18934563382676337,0.0,-0.8345053239901701,-1.1427289655974895,-0.3082236416073194,-0.2617953379515208,-0.26237632533460103,-0.0005809873830802115,-2.97047483814672,-3.084650874847301,-0.1141760367005813,-3.081969242698772,-3.0790950569568225,0.002874185741949642,-6.052444080845492,-6.163745931804124,-0.11130185095863254
1641754,Seth Lundy,103.0,-2.734336048688612,-2.430389383558956,0.30394666512965607,-0.82673781702996,-0.82673781702996,0.0,-2.807627181382684,-2.5045869077997844,0.30304027358289964,-0.9138361627140793,-0.9124053863599039,0.0014307763541754337,-3.5545193475800874,-3.4492023228467694,0.10531702473331794,-3.875313157520651,-3.8694375974804,0.005875560040251138,-7.429832505100738,-7.318639920327169,0.11119258477356908
1642263,Reed Sheppard,5695.0,0.26829787036869246,0.150314144569909,-0.11798372579878347,0.7373739138187444,0.7373739138187444,0.0,-0.21457762737656044,-0.41046719263488207,-0.19588956525832163,-0.3076977069829824,-0.2904956727802931,0.017202034202689287,-0.3968892818674816,-0.5300343329080093,-0.13314505104052765,-0.3027733624505884,-0.2807556939877802,0.02201766846280817,-0.69966264431807,-0.8107900268957895,-0.11112738257771948
1627746,Skal Labissiere,101.0,-0.5603939796926737,-0.8716892863040487,-0.31129530661137506,0.08598474567016931,0.08598474567016931,0.0,-0.5452759154425652,-0.8572102149395314,-0.31193429949696627,0.08466514733174811,0.08796156784072104,0.0032964205089729276,-2.7294677000820773,-2.8489017621874466,-0.11943406210536933,-2.3947485192922198,-2.3860969925999465,0.008651526692273315,-5.124216219374297,-5.234998754787393,-0.11078253541309557
1630700,Dyson Daniels,13585.0,-0.08140663959527039,-0.39476028169095967,-0.3133536420956893,1.0273330137100911,1.0273330137100911,0.0,1.452505341107301,1.3555633189933387,-0.0969420221139623,2.1631997950481243,2.1723333226889556,0.009133527640831307,0.9757511224194286,0.8534443029882071,-0.12230681943122157,1.8735899552277413,1.8853617692525284,0.011771814024787108,2.84934107764717,2.7388060722407355,-0.11053500540643446
1631093,Jaden Ivey,7832.0,-0.38227428656478324,-0.4739105168729405,-0.09163623030815726,-0.47093136545025094,-0.47093136545025094,0.0,-0.9913371582020897,-1.1222698472438937,-0.130932689041804,-0.7672570391596707,-0.7811906768951553,-0.013933637735484616,-0.6051489045332361,-0.7049288898127224,-0.09977998527948628,-0.6795288075693149,-0.6896698057569939,-0.010140998187678996,-1.284677712102551,-1.3945986955697163,-0.10992098346716528
1629647,Darius Bazley,306.0,-2.2613792842613485,-2.031464675119378,0.2299146091419706,-0.07121592736580262,-0.07121592736580262,0.0,-2.102435949960933,-1.8695207147721056,0.23291523518882729,-0.34330256059548236,-0.3300284519441988,0.01327410865128359,-3.097120723347388,-3.0104788042173345,0.08664191913005359,-2.6175529271150473,-2.5945927749941786,0.02296015212086866,-5.714673650462435,-5.605071579211513,0.10960207125092225
1630186,Jahmi'us Ramsey,251.0,-1.498484243138053,-1.7765993124579955,-0.27811506931994256,-0.5690536801961282,-0.5690536801961282,0.0,-1.6260585890516017,-1.8963167177133042,-0.2702581286617025,-0.5234875595068141,-0.5242765488221516,-0.0007889893153374405,-2.9241608647666717,-3.0363079203515038,-0.11214705558483207,-2.981317029999505,-2.9787192521707677,0.002597777828737158,-5.905477894766177,-6.015027172522272,-0.10954927775609491
1630547,James Bouknight,164.0,-1.0098382109506587,-1.2880812268506747,-0.278243015900016,-0.8918218887106627,-0.8918218887106627,0.0,-1.0183785611094744,-1.2949412889920593,-0.27656272788258485,-0.9501818906828658,-0.952520273576969,-0.0023383828941031526,-2.820628454597176,-2.930456031134438,-0.10982757653726205,-3.787719818530065,-3.7874200200624566,0.00029979846760852524,-6.608348273127241,-6.717876051196894,-0.10952777806965308
1641753,Chris Livingston,450.0,-2.380525585711924,-2.092588254281052,0.28793733143087197,-0.5366932415072657,-0.5366932415072657,0.0,-2.4980843418104417,-2.2196641667190122,0.27842017509142947,-0.7099799495344019,-0.7146294130093082,-0.004649463474906246,-3.0028581488853034,-2.8905901319056557,0.11226801697964772,-2.9021629425957114,-2.9050300209463833,-0.0028670783506719033,-5.905021091481014,-5.795620152852039,0.10940093862897537
1641713,GG Jackson,5954.0,-1.0980350453938619,-0.9679083651178725,0.1301266802759894,-0.8086637936602441,-0.8086637936602441,0.0,-1.0238265235231836,-0.8503868301661228,0.17343969335706078,-1.6183125642447567,-1.62626069703233,-0.007948132787573225,-0.7629055460890868,-0.6503896370688262,0.11251590902026054,-1.666701781363031,-1.6713244860283907,-0.004622704665359745,-2.4296073274521177,-2.321714123097217,0.1078932043549008
1641931,Onuralp Bitim,540.0,-2.6668220452897575,-2.3522042944037267,0.31461775088603083,-0.8423498677284336,-0.8423498677284336,0.0,-2.743194945712565,-2.4524034523889804,0.29079149332358467,-1.1307268698955368,-1.14476591462479,-0.014039044729253103,-3.1338742233537973,-3.0108757304613762,0.12299849289242104,-3.3587633400728105,-3.374789721261778,-0.016026381188967598,-6.492637563426608,-6.385665451723154,0.10697211170345344
1630695,Micah Potter,3758.0,-1.9291613389010789,-2.097416640317652,-0.1682553014165733,-0.3029450729690111,-0.3029450729690111,0.0,-2.03116039237765,-2.1569980145167054,-0.12583762213905558,-0.7620196205239325,-0.7769429945317319,-0.014923374007799417,-1.5805208004143427,-1.673972662945487,-0.09345186253114424,-1.0427427075727271,-1.0560462851557113,-0.013303577582984172,-2.62326350798707,-2.7300189481011983,-0.10675544011412841
1627732,Ben Simmons,2983.0,-0.5103055149936356,-0.2637665746350193,0.24653894035861634,0.3398163656018154,0.3398163656018154,0.0,-0.09774132422282511,0.08001615222777653,0.17775747645060164,1.0954611857501297,1.0862241408444928,-0.009237044905636926,-0.7314123237645056,-0.6176403239725397,0.11377199979196595,0.9707192375864486,0.9635256688338587,-0.007193568752589918,0.23930691382194302,0.34588534486131906,0.10657843103937603
1642422,Armel Traore,139.0,-2.6556311197897617,-2.3572097497697935,0.29842137001996827,0.020409983474300758,0.020409983474300758,0.0,-2.875847963363899,-2.5836373084118547,0.29221065495204446,-0.10553505769015525,-0.10635535395137194,-0.0008202962612166853,-3.514726401074342,-3.4107522524071836,0.1039741486671586,-2.5947039165709773,-2.592169905477407,0.002534011093570321,-6.1094303176453195,-6.002922157884591,0.10650815976072892
1642962,Drake Powell,2654.0,-1.0681981293101612,-0.8539310425675997,0.21426708674256156,-0.6642943454395862,-0.6642943454395862,0.0,-2.6199893669684613,-2.4431289622928603,0.17686040467560105,-1.4430432349924023,-1.445437504693312,-0.0023942697009096126,-2.389849623783412,-2.284365598030582,0.10548402575282978,-2.1535255357085052,-2.152662480796219,0.0008630549122861098,-4.543375159491918,-4.437028078826801,0.10634708066511678
1630286,Trevon Scott,371.0,-1.3174947144570388,-1.5451131462470042,-0.22761843178996544,0.5990203827412238,0.5990203827412238,0.0,-1.5239212246265939,-1.746876988176972,-0.22295576355037805,0.07056627799906023,0.06171031020474049,-0.008855967794319741,-2.744092650390294,-2.8412368959274352,-0.0971442455371414,-1.9116338701118574,-1.9206025157058013,-0.008968645593943947,-4.655726520502151,-4.761839411633236,-0.10611289113108491
1631123,Jamaree Bouyea,1586.0,-1.290228806270213,-1.5371590172126803,-0.24693021094246737,-0.3339441402824309,-0.3339441402824309,0.0,-1.5618355884840565,-1.7966923093132106,-0.2348567208291541,0.41390772178923585,0.430998629447529,0.01709090765829313,-1.7928222114969017,-1.9245835947672454,-0.1317613832703437,-0.3208267943255989,-0.2950946704004225,0.02573212392517643,-2.1136490058225004,-2.219678265167668,-0.10602925934516749
203507,Giannis Antetokounmpo,12224.0,2.1407041509671565,2.049854137197755,-0.09085001376940127,1.1502997111390365,1.1502997111390365,0.0,4.202077163675968,4.0615784734129905,-0.14049869026297745,1.3464364880806416,1.3539795534744332,0.00754306539379157,3.219895668751015,3.103486071800901,-0.11640959695011421,1.2315975899113987,1.2421463225831042,0.01054873267170553,4.451493258662413,4.345632394384005,-0.10586086427840868
1630296,Braxton Key,161.0,-1.1539574634239107,-1.418963693344484,-0.2650062299205733,-0.2762053421575358,-0.2762053421575358,0.0,-1.273298878167225,-1.5336652582967787,-0.2603663801295537,-0.17158943366435367,-0.1749114157639876,-0.003321982099633941,-2.8811379009848888,-2.9852015723444048,-0.104063671359516,-2.6459308260068366,-2.6470833604829944,-0.0011525344761578182,-5.527068726991725,-5.6322849328274,-0.10521620583567426
1641788,Alex Fudge,83.0,-1.3156960460039775,-1.0455364095950899,0.2701596364088876,-0.9786014382545406,-0.9786014382545406,0.0,-1.5027077954463928,-1.2373091798617306,0.26539861558466216,-1.043735827176346,-1.037141342631572,0.006594484544773849,-3.0889593020921637,-2.9977452961374547,0.09121400595470908,-4.117806821696895,-4.104223430706761,0.01358339099013417,-7.206766123789059,-7.101968726844216,0.1047973969448428
1641807,Norchad Omier,43.0,-0.8578619633876418,-0.5634565056436945,0.2944054577439472,-0.8115959366149343,-0.8115959366149343,0.0,-0.8597746022919895,-0.5660897407886517,0.29368486150333784,-0.9000578601304172,-0.8987022321806398,0.0013556279497773938,-2.9504076336568343,-2.8516951487539552,0.0987124849028791,-4.004848732905743,-3.9990670582030745,0.00578167470266866,-6.955256366562578,-6.85076220695703,0.1044941596055482
1641748,Andre Jackson Jr.,4044.0,-1.4771527268093083,-1.2337643845285264,0.24338834228078188,0.030405973203752795,0.030405973203752795,0.0,-2.047277333909339,-1.8876914742483182,0.1595858596610209,0.4539112093927351,0.44375933937376255,-0.010151870018972553,-1.4944857837189738,-1.3822962004784967,0.11218958324047712,0.3832732066856046,0.37556119760547535,-0.007712009080129256,-1.1112125770333692,-1.0067350028730213,0.10447757416034786
1642402,Enrique Freeman,480.0,-2.6697052842654,-2.443511971204818,0.2261933130605822,-0.15529021788060401,-0.15529021788060401,0.0,-2.6435322278555184,-2.429141122425234,0.2143911054302845,-0.21627479521655157,-0.20658359552211678,0.009691199694434799,-3.0789285274461577,-2.9922389780853513,0.08668954936080642,-2.1554274914263933,-2.1379388341538923,0.01748865727250104,-5.2343560188725515,-5.130177812239244,0.1041782066333079
1629675,Naz Reid,12697.0,-0.8724497424299748,-1.1129043568389165,-0.24045461440894178,-0.33375407925447187,-0.33375407925447187,0.0,-0.8316344604686203,-0.9012372026104263,-0.06960274214180595,1.0893634530379144,1.071234518336269,-0.01812893470164534,-0.7431434622549862,-0.834070180149233,-0.09092671789424678,0.9760976758120332,0.9636501341574655,-0.01244754165456774,0.23295421355704704,0.12957995400823252,-0.10337425954881452
1642282,Hunter Sallis,57.0,-2.1163575847598732,-1.8225272192576905,0.2938303655021828,-0.6736316383371446,-0.6736316383371446,0.0,-2.1663969835552264,-1.8770527235596082,0.2893442599956182,-0.831627916322983,-0.8311650459223923,0.0004628704005907869,-3.3858191978787215,-3.287328469318897,0.09849072855982444,-3.866305192332149,-3.861864438502777,0.004440753829372035,-7.25212439021087,-7.149192907821674,0.10293148238919603
1630585,Marcus Garrett,157.0,-1.2698372612869087,-1.5176509546839752,-0.2478136933970665,-0.33828934401766747,-0.33828934401766747,0.0,-1.4207196979386238,-1.6675348364542657,-0.24681513851564185,-0.3499407555028521,-0.3554246456091984,-0.005483890106346312,-2.9602487209412462,-3.058503170427293,-0.09825444948604689,-2.9175217430598477,-2.9218677766590395,-0.004346033599191834,-5.8777704640010935,-5.980370947086333,-0.10260048308523917
1629627,Zion Williamson,10242.0,1.4002899343109767,1.1545574492912192,-0.24573248501975753,-0.05046000602429147,-0.05046000602429147,0.0,1.7490419767755716,1.594004495896538,-0.15503748087903357,-1.1656490610730188,-1.1238831592549081,0.041765901818110684,1.41674923586455,1.271410296358908,-0.14533893950564192,-1.0284007742939645,-0.9853972519088257,0.043003522385138826,0.38834846157058545,0.28601304445008235,-0.10233541712050309
1641752,Bobi Klintman,237.0,-1.7592339673987403,-1.505851336601563,0.2533826307971774,-0.2894916902428402,-0.2894916902428402,0.0,-1.7803915641459325,-1.5271023026476627,0.2532892614982698,-0.03879533502602417,-0.034785009074584594,0.004010325951439575,-2.9835443915962863,-2.89096016140988,0.09258423018640638,-2.300873448400556,-2.2912700145663925,0.00960343383416351,-5.284417839996842,-5.182230175976272,0.10218766402056989
1642276,Kel'el Ware,6530.0,-1.16091506384046,-1.0591133900812357,0.10180167375922422,0.48662739010766076,0.48662739010766076,0.0,-0.6758354485484346,-0.5246133859914843,0.15122206255695025,-0.04297436987631165,-0.042900976041828076,7.339383448357051e-05,-0.8536649521142254,-0.7557550334194658,0.09790991869475962,0.01625428652155181,0.02007793531938784,0.0038236487978360323,-0.8374106655926736,-0.735677098100078,0.10173356749259566
1641745,Adam Flagler,448.0,-2.0212929982230556,-1.7466821727640658,0.27461082545898985,-0.7762561807729472,-0.7762561807729472,0.0,-2.2043743670398177,-1.9481221597334228,0.25625220730639486,-0.6987484994645747,-0.7031911372857025,-0.004442637821127748,-2.8923500793492476,-2.788063769736636,0.10428630961261165,-2.8893465991803855,-2.891920871352916,-0.0025742721725303674,-5.781696678529633,-5.679984641089552,0.1017120374400804
1642879,Ben Saraf,1875.0,-1.5339836091753534,-1.3327825350530382,0.20120107412231514,-0.5791440744830356,-0.5791440744830356,0.0,-2.342377208630911,-2.1578882902424747,0.1844889183884364,-0.682105819690436,-0.6824296781862593,-0.0003238584958232815,-2.381407520519608,-2.283049992285924,0.09835752823368393,-1.5647914241733722,-1.5614521900160836,0.003339234157288651,-3.9461989446929806,-3.8445021823020076,0.10169676239097303
1626179,Terry Rozier,7487.0,0.025538463976868986,0.23202605703120605,0.20648759305433706,-0.638630449685687,-0.638630449685687,0.0,-1.0610752084833661,-0.9340447200724353,0.1270304884109308,-0.3483654046800654,-0.35402439477182696,-0.005658990091761573,-0.9634155729585181,-0.8606024575530569,0.10281311540546123,-0.26867134685072847,-0.2706175210609487,-0.0019461742102202528,-1.2320869198092466,-1.1312199786140056,0.10086694119524098
1641725,Trey Alexander,492.0,-1.8415118996247148,-1.5824372010347272,0.25907469858998766,-0.6711948615872423,-0.6711948615872423,0.0,-2.0060900519656135,-1.7706578681312628,0.23543218383435072,-0.8075390741401856,-0.8083488963574402,-0.0008098222172546743,-2.7688051226738377,-2.6710547520671413,0.09775037060669645,-2.9752888513958027,-2.972687805565954,0.0026010458298486583,-5.74409397406964,-5.643742557633095,0.10035141643654555
1629603,Mamadi Diakite,51.0,-1.4306013106392843,-1.7021351424944977,-0.2715338318552134,-0.21601200766826884,-0.21601200766826884,0.0,-1.4952248913342383,-1.763611207651663,-0.2683863163174247,-0.17258555864700287,-0.17400887560358702,-0.001423316956584153,-3.1538351713625157,-3.2555482854464852,-0.10171311408396955,-2.8939762960928466,-2.892361501248918,0.0016147948439284576,-6.047811467455363,-6.147909786695403,-0.10009831924004065
1630562,Matt Hurt,228.0,-2.3510069830920592,-2.0566136370836787,0.2943933460083805,-0.5501008863410106,-0.5501008863410106,0.0,-2.504777953065976,-2.211758515316395,0.29301943774958117,-0.44428538971780324,-0.4521197671715003,-0.007834377453697083,-3.2873479962314476,-3.1795790565485222,0.10776893968292534,-2.9105956381923948,-2.9183008055632196,-0.007705167370824828,-6.197943634423842,-6.097879862111742,0.10006377231210006
1627884,Derrick Jones Jr.,10259.0,-0.7275139331847292,-0.9501724898796173,-0.2226585566948881,0.5332224704440212,0.5332224704440212,0.0,-0.6638009362693922,-0.7101211685991708,-0.046320232329778666,0.9643229235459944,0.9292300352654588,-0.035092888280535584,-0.5113700319969876,-0.5816133528210039,-0.0702433208240163,0.9728948182100101,0.9436712288515379,-0.029223589358472246,0.4615247862130225,0.36205787603053396,-0.09946691018248854
1628373,Frank Ntilikina,89.0,-2.288446963232156,-2.004032284134079,0.28441467909807683,-0.717226714847871,-0.717226714847871,0.0,-2.16955393626247,-1.8898748277250772,0.27967910853739264,-0.9307725545020331,-0.9316222878987792,-0.0008497333967460996,-3.3691502324014473,-3.272472881335167,0.09667735106628017,-3.934541533279626,-3.932060069858485,0.0024814634211409725,-7.303691765681073,-7.204532951193652,0.0991588144874207
1630811,Keaton Wallace,2161.0,-1.2149954255058015,-1.3992723967756149,-0.18427697126981335,-0.18354616577198707,-0.18354616577198707,0.0,-1.7291872310338614,-1.891723836954559,-0.16253660592069763,-0.03904644247856412,-0.04030828165822897,-0.0012618391796648531,-1.7270115611802463,-1.8282468321370282,-0.10123527095678186,-0.6304415268677603,-0.6282572024510458,0.002184324416714567,-2.3574530880480067,-2.456504034588074,-0.0990509465400673
1641775,Jordan Walsh,3322.0,-1.2966548506964855,-1.1837533933149411,0.11290145738154433,0.4230286379262731,0.4230286379262731,0.0,-0.5714311183339433,-0.3752578723237866,0.19617324601015673,0.7723525239744268,0.7640198229041577,-0.008332701070269066,-0.8569560771892268,-0.7521375351454567,0.10481854204377017,0.6487216219978209,0.6427596999667409,-0.005961922031080036,-0.20823445519140593,-0.1093778351787158,0.09885662001269013
1631207,Dalen Terry,4676.0,-1.3683434378732706,-1.5483640649381267,-0.1800206270648561,0.07561478404208166,0.07561478404208166,0.0,-1.8862014162450254,-2.0308833975403298,-0.1446819812953044,0.8218526876738584,0.829106841574403,0.007254153900544513,-1.3423799875545332,-1.4518321131406011,-0.10945212558606787,0.8507172527893134,0.8624518294037622,0.011734576614448766,-0.4916627347652198,-0.5893802837368389,-0.0977175489716191
1643018,LJ Cryer,585.0,-1.4464590000996458,-1.2226765103458603,0.22378248975378545,-0.9679810519067765,-0.9679810519067765,0.0,-1.4027398028817495,-1.1989882601746953,0.2037515427070542,-0.767152637454185,-0.7617165732338751,0.005436064220309955,-2.5353617333812952,-2.449218237086085,0.08614349629521012,-2.782682223375379,-2.77131465734662,0.01136756602875888,-5.318043956756674,-5.220532894432705,0.097511062323969
1641735,Amari Bailey,130.0,-0.9161770982270293,-0.6663557792229141,0.2498213190041152,-1.1049042005971546,-1.1049042005971546,0.0,-0.8619572212022227,-0.6123722098756401,0.24958501132658262,-1.0852630806850816,-1.0806828472786827,0.004580233406398904,-2.8220591642596897,-2.7352270612531355,0.0868321030065542,-4.06543899241462,-4.054905721542847,0.010533270871773581,-6.88749815667431,-6.7901327827959825,0.09736537387832733
1629308,Juan Toscano-Anderson,100.0,-1.4730192425131996,-1.203903380963213,0.2691158615499867,-0.11653804082482667,-0.11653804082482667,0.0,-1.5065442569688745,-1.2369875912339545,0.26955666573492,-0.06411111871713307,-0.0635861828724582,0.0005249358446748759,-3.0886564622230672,-2.9959277361588676,0.09272872606419957,-2.6183014671408293,-2.6137727216902897,0.004528745450539606,-5.706957929363897,-5.609700457849158,0.09725747151473918
1641989,Elijah Harkless,1434.0,-1.5052282746203849,-1.7154723795576814,-0.2102441049372965,0.09667025526038533,0.09667025526038533,0.0,-1.286274832141682,-1.4914695050240316,-0.20519467288234972,-0.3104768483403446,-0.30127939748495003,0.009197450855394584,-1.8575347347091293,-1.9701317869700963,-0.11259705226096695,-1.3479078815299141,-1.3321979379272073,0.015709943602706833,-3.2054426162390435,-3.3023297248973034,-0.09688710865825989
1630548,Johnny Juzang,3583.0,-1.1371253250366113,-1.337834261662267,-0.2007089366256556,-0.7394166257504697,-0.7394166257504697,0.0,-1.3498922322131295,-1.517118393923107,-0.1672261617099775,-1.1849128667411641,-1.1700499640616826,0.014862902679481538,-1.1463718234077307,-1.2640046160333471,-0.11763279262561643,-1.5660276317224895,-1.5451663882549398,0.020861243467549695,-2.71239945513022,-2.809171004288287,-0.09677154915806696
1631104,Blake Wesley,4038.0,-0.853861688348999,-1.0394950843974498,-0.18563339604845075,-0.7198563142570963,-0.7198563142570963,0.0,-1.4551629596379974,-1.5728280336665552,-0.11766507402855786,-0.9938633214969206,-1.0000985116729777,-0.006235190176057115,-1.0965230520937626,-1.1899011907074768,-0.09337813861371425,-1.2521347355000594,-1.255427226091539,-0.0032924905914795133,-2.348657787593822,-2.4453284167990157,-0.09667062920519376
1641890,Tyler Smith,622.0,-1.152066202366784,-0.9133043253726064,0.2387618769941776,-0.5550194784544691,-0.5550194784544691,0.0,-1.113229465634628,-0.9111607258800637,0.2020687397545643,-0.6856692718225645,-0.6829860163221302,0.002683255500434356,-2.2937324717676164,-2.204871473902101,0.08886099786551549,-2.6183296868449197,-2.6108353808066784,0.007494306038241305,-4.912062158612536,-4.815706854708779,0.09635530390375724
1641878,Damion Baugh,754.0,-1.9063818388112415,-1.6431875317440725,0.26319430706716895,-0.7253547980623465,-0.7253547980623465,0.0,-2.2636898568242554,-2.032353387373012,0.23133646945124342,-1.075409933666815,-1.0840517948145383,-0.008641861147723251,-2.748594782676089,-2.6441296403738126,0.10446514230227644,-2.9898654407984564,-2.998024773350691,-0.008159332552234666,-5.738460223474545,-5.642154413724503,0.09630580975004222
1629650,Moses Brown,661.0,-1.6488493875382848,-1.905719189477852,-0.2568698019395672,-0.04772211795856972,-0.04772211795856972,0.0,-1.8527915601463454,-2.0860982958625316,-0.2333067357161862,-0.5343601868210393,-0.5250602804667573,0.009299906354281906,-2.5496550539334626,-2.6625138854689605,-0.11285883153549792,-2.3569201376292943,-2.3402392282788127,0.01668090935048161,-4.906575191562757,-5.002753113747773,-0.0961779221850163
1630625,Dalano Banton,4560.0,-0.8483336185908871,-1.0625045101927892,-0.21417089160190217,-0.7654152916528992,-0.7654152916528992,0.0,-1.2381247105439779,-1.3540885874016668,-0.11596387685768894,-1.224447441194088,-1.2250990515422733,-0.0006516103481852831,-0.9446136974765165,-1.0437051016126602,-0.0990914041361437,-1.4201908133758678,-1.4171636778413883,0.0030271355344795303,-2.3648045108523843,-2.4608687794540485,-0.09606426860166417
1642869,Noah Penda,1561.0,-1.0044284879895857,-0.8447375956059763,0.15969089238360945,0.02211532122598009,0.02211532122598009,0.0,-1.0531582710530818,-0.888913241899819,0.16424502915326278,-0.2320564722874477,-0.22303372334707813,0.009022748940369557,-1.853802233097936,-1.7734808030830003,0.08032143001493575,-1.1665638210970137,-1.1511892760578577,0.015374545039156029,-3.02036605419495,-2.924670079140858,0.09569597505409178
1642939,Miles Kelly,287.0,-1.756631016305061,-1.5282288415444105,0.2284021747606504,-0.4951265912367433,-0.4951265912367433,0.0,-1.9609914776023845,-1.7434896262167239,0.21750185138566058,-0.43359289801827094,-0.4272492190516187,0.006343678966652222,-3.0019231318301687,-2.9198978223024037,0.08202530952776499,-2.7827609834449114,-2.769809745718527,0.012951237726384512,-5.7846841152750805,-5.68970756802093,0.09497654725415039
1630264,Anthony Gill,3807.0,-0.5125144389364955,-0.42707049225464355,0.08544394668185196,-0.054592806305618025,-0.054592806305618025,0.0,-0.9899101645750064,-0.8733463598434786,0.11656380473152772,-1.2249507009840832,-1.202344264968552,0.02260643601553114,-0.8391082275375092,-0.7739051354434925,0.06520309209401676,-1.5609045104524921,-1.5313814732456836,0.02952303720680849,-2.4000127379900014,-2.305286608689176,0.09472612930082525
1629646,Charles Bassey,1548.0,-1.3379075574144745,-1.5388584078474814,-0.20095085043300687,0.49732707374828933,0.49732707374828933,0.0,-2.039156744367509,-2.2198046522140724,-0.18064790784656326,-0.39269571284791616,-0.3885280259373799,0.004167686910536261,-1.99435988236467,-2.0981772584520058,-0.10381737608733577,-1.381564583677026,-1.3724413247959555,0.009123258881070573,-3.3759244660416963,-3.470618583247961,-0.09469411720626475
1631116,Patrick Baldwin Jr.,1493.0,-1.6731744666174104,-1.9142381575301979,-0.24106369091278745,0.05679308882568232,0.05679308882568232,0.0,-1.7029223150491857,-1.8802029703936485,-0.1772806553444628,0.6261158318708082,0.6337932768870358,0.00767744501622758,-1.9446906441891054,-2.052656938351605,-0.1079662941624997,-0.09688592200173529,-0.08319624599021802,0.013689676011517271,-2.041576566190841,-2.135853184341823,-0.0942766181509822
1629004,Svi Mykhailiuk,4855.0,-0.03203951689042972,-0.1570286727000445,-0.12498915580961478,-0.8340794452886019,-0.8340794452886019,0.0,0.9057495958740331,0.8242884103657839,-0.08146118550824921,-0.6932563243417316,-0.7197429447826562,-0.026486620440924646,0.3604496728254083,0.29226649695076334,-0.06818317587464495,-0.7952717410417338,-0.8204919901407499,-0.0252202490990161,-0.4348220682163255,-0.5282254931899866,-0.09340342497366105
1630167,Obi Toppin,7886.0,-0.16585117153373008,-0.4314390420207769,-0.2655878704870468,-0.5171987269759158,-0.5171987269759158,0.0,1.5763951378691403,1.478756933019313,-0.09763820484982721,-1.4525954154990468,-1.4422375692370473,0.010357846261999537,1.0081252853239588,0.9019423760582912,-0.10618290926566765,-1.3602090430629508,-1.346151730761998,0.014057312300952862,-0.3520837577389919,-0.4442093547037067,-0.09212559696471478
1629026,Kenrich Williams,6211.0,0.06049082050434951,0.08898049331871061,0.0284896728143611,-0.32763789524180587,-0.32763789524180587,0.0,1.047200757886701,1.1705270449055991,0.12332628701889803,0.8281856735115608,0.84628986511001,0.018104191598449226,0.6077753279151064,0.6772051616055248,0.06942983369041844,0.9141358400058985,0.9367948049184984,0.022658964912599888,1.521911167921005,1.6139999665240232,0.09208879860301833
1630534,Ochai Agbaji,9009.0,-1.2037709410415,-1.2765812480090268,-0.07281030696752677,-0.20833394581805384,-0.20833394581805384,0.0,-1.9916579585027354,-2.103161014456286,-0.11150305595355059,-0.5461002943039358,-0.5544046687735065,-0.008304374469570663,-1.3897101382391266,-1.477393928002175,-0.08768378976304847,-0.4440481567570842,-0.4483331303607039,-0.0042849736036196795,-1.8337582949962108,-1.925727058362879,-0.09196876336666815
1642267,Bub Carrington,9998.0,-0.6938618135074519,-0.4399915013614475,0.2538703121460044,-0.620800138217539,-0.620800138217539,0.0,-2.2493890664811462,-2.145976669001275,0.1034123974798713,-1.7574663165649904,-1.7719004325444414,-0.01443411597945099,-1.95860506407418,-1.8576524722846346,0.1009525917895453,-1.5893507473653274,-1.5992443117726807,-0.009893564407353228,-3.5479558114395076,-3.4568967840573155,0.09105902738219207
202738,Isaiah Thomas,37.0,0.7851771884625582,1.04856532587157,0.2633881374090117,-0.13301088825374915,-0.13301088825374915,0.0,0.7737858202575469,1.0354680722156955,0.26168225195814854,-0.24610119882298206,-0.2462705735547997,-0.00016937473181763418,-2.38120518358573,-2.2939871503251625,0.08721803326056765,-3.0384607857532466,-3.034967408572858,0.003493377180388446,-5.419665969338977,-5.328954558898021,0.09071141044095654
1631367,Jacob Gilyard,1382.0,-0.4388726328805014,-0.6358554454380105,-0.19698281255750916,-0.25426353679836644,-0.25426353679836644,0.0,-0.6337824799080993,-0.8026686829468903,-0.16888620303879098,-0.6508132516604141,-0.6487192457904892,0.0020940058699249198,-1.687737125365107,-1.7843714363279268,-0.09663431096281982,-1.827266337596025,-1.8207844797006376,0.006481857895387355,-3.5150034629611318,-3.6051559160285644,-0.09015245306743269
1642883,Sion James,3725.0,-1.5683142950991966,-1.414582593467916,0.1537317016312807,-0.27816978415108906,-0.27816978415108906,0.0,-1.0570033220484993,-0.8956205286512746,0.16138279339722472,1.0245068617655857,1.014664740623761,-0.0098421211418247,-1.7673801123911101,-1.6700528729341253,0.09732723945698485,0.9948261989460914,0.9873122664565357,-0.007513932489555675,-0.7725539134450188,-0.6827406064775896,0.08981330696742917
1641764,Brandin Podziemski,12345.0,0.09106510979657179,0.11133376971693942,0.020268659920367638,-0.5088605471598086,-0.5088605471598086,0.0,-0.03828297601475961,-0.1791618660975008,-0.14087889008274118,0.41530041583530963,0.4226381834711662,0.007337767635856585,-0.022893818811635658,-0.12277934581368344,-0.09988552700204778,0.3874997582828552,0.39784763445054994,0.010347876167694725,0.36460593947121955,0.2750682886368665,-0.08953765083435306
1641877,Nathan Mensah,619.0,-3.258398182602523,-3.041969541608432,0.2164286409940912,0.7053749663643681,0.7053749663643681,0.0,-3.919030819434089,-3.7158540667687046,0.20317675266538426,0.5577834586892451,0.557773996421705,-9.462267540061298e-06,-3.5122230382242594,-3.4265403321071757,0.08568270611708373,-0.8855796488979535,-0.8818451328201766,0.0037345160777768616,-4.397802687122213,-4.308385464927352,0.08941722219486081
1630604,E.J. Liddell,877.0,-1.9640241276429289,-1.7690293784883688,0.19499474915456005,-0.03358794376056366,-0.03358794376056366,0.0,-1.8754043566262724,-1.688530448675378,0.1868739079508943,-0.5609211590565706,-0.5591100628198663,0.0018110962367042793,-2.403508166297086,-2.3204650497433272,0.08304311655375862,-2.1452920986655037,-2.1390779093806955,0.006214189284808214,-4.54880026496259,-4.459542959124023,0.08925730583856684
1642264,Stephon Castle,8759.0,0.8153013114382361,1.0570996562351656,0.2417983447969294,-0.3712823358682206,-0.3712823358682206,0.0,1.2863402091652973,1.3759212926068036,0.08958108344150628,-0.04429905982063026,-0.047479753704191996,-0.003180693883561736,0.5998318597535142,0.6878296036747895,0.08799774392127535,0.04273033271045179,0.04338245810212982,0.0006521253916780267,0.642562192463966,0.7312120617769193,0.08864986931295338
1630537,Chris Duarte,1624.0,-1.3092468414953817,-1.4922084119322365,-0.1829615704368548,-0.3713341686844148,-0.3713341686844148,0.0,-1.2507196323181797,-1.404498833889311,-0.15377920157113123,-0.42517186424623776,-0.42552539458714533,-0.00035353034090757074,-1.732188272754828,-1.8240904229552097,-0.09190215020038184,-1.3774368069526843,-1.3741426125320393,0.003294194420645047,-3.109625079707512,-3.198233035487249,-0.08860795577973679
1630207,Nate Hinton,170.0,-1.2023505377341803,-1.4398731069109252,-0.23752256917674486,-0.3384854073770336,-0.3384854073770336,0.0,-1.12103710085499,-1.3553317015405968,-0.2342946006856068,-0.39254919593287296,-0.39109615396838177,0.0014530419644911974,-2.864831860026989,-2.959238837115194,-0.09440697708820522,-2.952812952897529,-2.9469244788072335,0.005888474090295581,-5.817644812924518,-5.906163315922427,-0.08851850299790875
1642273,Kyshawn George,6724.0,-0.8335631156504127,-0.8369137668695386,-0.003350651219125811,0.3673067733270706,0.3673067733270706,0.0,-1.462882592680482,-1.580924641524936,-0.11804204884445402,0.15280044297659037,0.13657389903781736,-0.016226543938773014,-1.2559926145259348,-1.331310916330036,-0.07531830180410126,0.2237044515661042,0.21076518104229658,-0.012939270523807611,-1.0322881629598306,-1.1205457352877395,-0.08825757232790887
1629643,Chuma Okeke,1253.0,-1.8733807332035628,-1.709653602526256,0.1637271306773067,-0.44951570731585944,-0.44951570731585944,0.0,-1.9005558870961201,-1.7222143322662335,0.17834155482988656,-0.7208155622400281,-0.718864342920644,0.0019512193193840233,-2.226847637667454,-2.145024010148248,0.08182362751920635,-2.0167060686286984,-2.010385035956224,0.006321032672474303,-4.243553706296153,-4.155409046104472,0.08814466019168066
1641787,Tosan Evbuomwan,2081.0,-1.7780452354421894,-1.5996406649887498,0.1784045704534396,-0.46150587392269116,-0.46150587392269116,0.0,-2.1987158013929218,-2.0319008578577646,0.16681494353515713,-0.7386552640698207,-0.7434072078397662,-0.004751943769945477,-1.9440038494009109,-1.8539278775156132,0.0900759718852977,-1.5337745406979706,-1.535943140698223,-0.0021686000002523187,-3.4777783900988815,-3.389871018213836,0.08790737188504538
1641747,DaRon Holmes II,411.0,-1.541989071176442,-1.301987402083155,0.2400016690932869,-0.3184886180412624,-0.3184886180412624,0.0,-1.5402980916012547,-1.307026429708111,0.23327166189314386,-0.4448503451754336,-0.4504707123944308,-0.005620367218997224,-2.7391254910453635,-2.6473844279737873,0.09174106307157626,-2.5862068345466005,-2.5904913450294123,-0.004284510482811754,-5.325332325591964,-5.2378757730032,0.08745655258876361
1641730,Noah Clowney,6410.0,-1.4615734384961472,-1.329180680726157,0.13239275776999015,-0.1271691290579348,-0.1271691290579348,0.0,-2.196681500638653,-2.0495227830398766,0.14715871759877652,-0.014537985005387333,-0.03017541617629567,-0.015637431170908336,-1.506290696059832,-1.4065080064522708,0.09978268960756109,0.04153026963332884,0.029043842095906047,-0.012486427537422795,-1.464760426426503,-1.3774641643563648,0.0872962620701383
1629684,Grant Williams,6765.0,-1.2429189491506891,-1.2641873760595836,-0.021268426908894522,-0.12604306504163354,-0.12604306504163354,0.0,-0.7274340813050754,-0.6072166959526888,0.12021738535238657,-0.9229744336570772,-0.9017613255443687,0.02121310811270849,-0.6074584921007635,-0.545727661351413,0.061730830749350485,-0.8803185241936653,-0.8547821958096313,0.02553632838403397,-1.4877770162944288,-1.4005098571610444,0.08726715913338445
1630528,Josh Christopher,150.0,-1.8055771277802153,-2.0334155784901764,-0.22783845070996112,-0.17738956127911254,-0.17738956127911254,0.0,-1.8394262828701333,-2.0669609579145773,-0.22753467504444402,-0.16181503559854304,-0.16177185665488994,4.317894365310493e-05,-3.144836819360148,-3.235493990690238,-0.09065717133008988,-2.654581198365227,-2.6507696758908414,0.0038115224743857645,-5.799418017725375,-5.88626366658108,-0.08684564885570456
1643060,Hayden Gray,53.0,-1.6777437604609462,-1.4580372023444503,0.21970655811649586,-0.5369638159136213,-0.5369638159136213,0.0,-1.6961756255744298,-1.4778670428127727,0.2183085827616571,-0.5490404582524585,-0.5420995400483622,0.006940918204096258,-3.2286569692805482,-3.156186059422614,0.07247090985793436,-3.453135459802422,-3.4389893999554153,0.014146059847006676,-6.68179242908297,-6.595175459378029,0.0866169697049406
1630222,Mason Jones,148.0,-1.2655769904910716,-1.519140355359763,-0.25356336486869147,-0.6144340614970473,-0.6144340614970473,0.0,-1.3164576415639573,-1.5683599355540054,-0.25190229399004815,-0.5372963560272376,-0.5307950823634272,0.00650127366381037,-2.9276545320483844,-3.0275390443973853,-0.09988451234900086,-3.2136807987222915,-3.2003257592061662,0.013355039516125267,-6.141335330770676,-6.227864803603552,-0.0865294728328756
1629685,Dylan Windler,224.0,-1.2174034480255962,-1.4077750879138877,-0.19037163988829153,-0.6589340816158097,-0.6589340816158097,0.0,-1.2313184798324752,-1.4132204254833185,-0.18190194565084328,-1.0326115062692027,-1.0416558290949862,-0.00904432282578349,-2.820674542253521,-2.8977148691624137,-0.07704032690889262,-3.779011548939973,-3.78849246425159,-0.009480915311616656,-6.599686091193494,-6.6862073334140035,-0.08652124222050972
1642385,Cui Yongxi,24.0,-2.2406404629666303,-1.9886185263887681,0.2520219365778622,-0.9745690012674257,-0.9745690012674257,0.0,-2.2879623650292844,-2.0364754037476827,0.25148696128160175,-0.9488280168890615,-0.9489503792834156,-0.00012236239435414742,-3.4776716309394873,-3.394848895439828,0.08282273549965913,-4.128326004882373,-4.124762391788032,0.003563613094341278,-7.60599763582186,-7.51961128722786,0.08638634859399996
1630204,Ashton Hagans,628.0,-2.2049082134540168,-2.386326893717546,-0.18141868026352936,-0.00950399338175123,-0.00950399338175123,0.0,-2.2089883109250184,-2.371851122691513,-0.16286281176649453,0.23730590419848382,0.23032096728606596,-0.006984936912417861,-2.8521627674853205,-2.932333003763293,-0.0801702362779726,-1.32243621215005,-1.3284353224589278,-0.005999110308877897,-4.174598979635371,-4.260768326222221,-0.08616934658685071
1629640,Keldon Johnson,12215.0,-0.5441436533986624,-0.40310756068882203,0.1410360927098404,-0.9767168759503138,-0.9767168759503138,0.0,-0.7724016854810811,-0.6814349428634914,0.09096674261758975,-1.4602346077033987,-1.4563964576985093,0.003838150004889407,-0.6074537659675143,-0.5287283526058988,0.07872541336161554,-1.2989249983157407,-1.291716086217026,0.007208912098714659,-1.906378764283255,-1.8204444388229248,0.0859343254603302
203967,Dario Saric,2747.0,0.022547881121138813,0.18061960700611768,0.15807172588497886,-0.3655312123145412,-0.3655312123145412,0.0,-0.4913294260476657,-0.35974424766911706,0.13158517837854866,-0.5762380715613267,-0.5723553531874368,0.0038827183738898707,-0.7425863993804676,-0.6651113392167001,0.07747506016376748,-1.079216573538147,-1.0708138470709705,0.008402726467176436,-1.8218029729186145,-1.7359251862876706,0.08587778663094392
1630235,Trent Forrest,824.0,-1.5082278294439337,-1.307302622681422,0.2009252067625118,-0.6167003047560347,-0.6167003047560347,0.0,-1.7561972658771159,-1.5711386911349345,0.18505857474218135,-1.0636941081008677,-1.0638692967727552,-0.00017518867188748288,-2.4841888725066203,-2.401825890792929,0.0823629817136915,-2.8900978202850656,-2.886589853208986,0.003507967076079588,-5.374286692791686,-5.288415744001915,0.08587094878977108
1629642,Nassir Little,948.0,-1.7575209498308255,-1.5458200140622917,0.21170093576853377,-0.35334884839085967,-0.35334884839085967,0.0,-2.083150141096277,-1.8680235729343544,0.21512656816192277,-0.6740083158427336,-0.6843559009375577,-0.010347585094824141,-2.568370542599275,-2.4723485256573468,0.09602201694192836,-2.226200679870078,-2.236454329869596,-0.010253649999517833,-4.794571222469353,-4.708802855526942,0.08576836694241052
1631301,Jaylen Sims,227.0,-1.105164497045085,-1.310829175023226,-0.20566467797814103,-0.6752565718029534,-0.6752565718029534,0.0,-1.1998739416411284,-1.4157102017468028,-0.21583626010567447,-0.8055110939403956,-0.80678925945575,-0.0012781655153544236,-2.7951144774222416,-2.882483044418996,-0.08736856699675455,-3.440704845430024,-3.4388258800320592,0.001878965397964727,-6.235819322852265,-6.321308924451055,-0.08548960159879027
1631245,Quenton Jackson,2753.0,-0.5657772561041725,-0.7103346009968007,-0.14455734489262817,-0.36537000954594495,-0.36537000954594495,0.0,-0.822227574339748,-0.9379429697915256,-0.11571539545177756,-0.2088210346873265,-0.21681070952926193,-0.00798967484193544,-0.9764557985752635,-1.0560084723044683,-0.07955267372920471,-0.6369756932842732,-0.6428037754412412,-0.005828082156968062,-1.6134314918595367,-1.6988122477457095,-0.08538075588617278
1642399,Jesse Edwards,10.0,-2.2574464803089,-2.007898922256955,0.24954755805194484,-0.8998126705583255,-0.8998126705583255,0.0,-2.2503535644472894,-2.0008746788462424,0.24947888560104703,-0.9265583325091915,-0.9268966102922879,-0.00033827778309636347,-3.4933497129847653,-3.4119637152706837,0.08138599771408161,-4.132664170988327,-4.12942654422164,0.0032376267666869296,-7.626013883973092,-7.5413902594923234,0.08462362448076899
1630678,Terry Taylor,394.0,-1.7396103692661855,-1.5536608128607905,0.185949556405395,-0.45283713098196465,-0.45283713098196465,0.0,-1.709902769981551,-1.5217273221015466,0.1881754478800044,-0.22501494530644392,-0.21849479432480695,0.0065201509816369685,-2.776802502950176,-2.705492156562256,0.07131034638792011,-2.2989056761300475,-2.2858211614411643,0.013084514688883164,-5.075708179080223,-4.991313318003421,0.08439486107680239
1641757,Jordan Miller,3586.0,-0.773469445849698,-0.871018312453026,-0.09754886660332796,-0.7972696914328486,-0.7972696914328486,0.0,-0.4596825933401574,-0.6019326599938384,-0.142250066653681,-2.158259119091552,-2.156832657791432,0.0014264613001198079,-0.6698039177528856,-0.7595049196380679,-0.08970100188518226,-2.685898432745783,-2.680508458029568,0.00538997471621494,-3.3557023504986687,-3.4400133776676363,-0.08431102716896755
1629634,Brandon Clarke,2930.0,-0.48422918203158394,-0.6751266999110376,-0.19089751787945364,0.13655657497764592,0.13655657497764592,0.0,0.22758878846048636,0.1537153049109874,-0.07387348354949896,1.0106805418046525,0.9946378329870624,-0.016042708817590068,-0.44098015373239896,-0.5095636926226206,-0.06858353889022162,0.8603629942637223,0.8450574404373987,-0.015305553826323592,0.41938284053132335,0.33549374781477814,-0.08388909271654521
1631217,Moussa Diabaté,6374.0,-0.18613103178893997,-0.4092807992279066,-0.22314976743896664,0.5220238044342081,0.5220238044342081,0.0,1.1450499799608163,1.1057831710093025,-0.0392668089515138,1.5545606338542752,1.5303921689508342,-0.024168464903441045,0.621093045283827,0.5586127283141478,-0.06248031696967926,1.670994883934389,1.6496241294495033,-0.02137075448488579,2.292087929218216,2.208236857763651,-0.08385107145456505
1642951,Sean Pedulla,57.0,-1.9856876593306172,-1.7590076048494787,0.22668005448113848,-1.0298656164536706,-1.0298656164536706,0.0,-2.0746357083407747,-1.848795214561683,0.22584049377909166,-0.9104082782329813,-0.9072235950061427,0.003184683226838625,-3.3481074745735007,-3.272871307607991,0.07523616696550972,-3.9842572080666265,-3.975741284975215,0.00851592309141136,-7.332364682640128,-7.248612592583206,0.08375209005692152
1629718,Charlie Brown Jr.,74.0,-2.6867772860982173,-2.9196126401448943,-0.232835354046677,-0.3259221307428616,-0.3259221307428616,0.0,-2.7511415039717884,-2.9832659749877948,-0.23212447101600642,-0.2662899082501497,-0.2649442557919303,0.0013456524582193818,-3.5716353747527614,-3.661020467612103,-0.0893850928593416,-2.979332390135237,-2.9735749732060794,0.005757416929157433,-6.550967764887998,-6.634595440818183,-0.08362767593018461
1629656,Quentin Grimes,10782.0,-0.3340839752600996,-0.5332541912100242,-0.19917021594992457,-0.6338702618354815,-0.6338702618354815,0.0,-0.803046368085257,-0.8971746709907344,-0.09412830290547747,-0.7711664201847804,-0.758666397436927,0.012500022747853445,-0.5547331564347688,-0.6536847354354021,-0.09895157900063323,-0.6603285572195476,-0.6449702944713906,0.015358262748156992,-1.2150617136543165,-1.2986550299067927,-0.08359331625247624
1628991,Jaren Jackson Jr.,12196.0,0.2496829158664564,-0.04790521554629157,-0.297588131412748,1.0041287497461673,1.0041287497461673,0.0,-0.6981644070687479,-0.7690929450728323,-0.07092853800408438,2.831217368882613,2.8454036244342573,0.014186255551644322,-0.4225601743164469,-0.5226599070077049,-0.10009973269125805,2.5725657227921612,2.5891111961709528,0.01654547337879153,2.1500055484757143,2.066451289163248,-0.08355425931246652
1631210,Jacob Toppin,261.0,-2.0243484499728464,-1.818883317757428,0.2054651322154184,-0.566943171911362,-0.566943171911362,0.0,-2.234667466282171,-2.030847567290781,0.20381989899138997,-0.20645520267518058,-0.20286956545855916,0.003585637216621418,-3.089835736311726,-3.015435598810698,0.07440013750102814,-2.500622416321402,-2.491655336674377,0.008967079647025145,-5.590458152633128,-5.507090935485075,0.08336721714805329
1626143,Jahlil Okafor,7.0,-2.106626908150679,-2.3389143170588436,-0.23228740890816457,-0.5013211365752281,-0.5013211365752281,0.0,-2.093170962342238,-2.325295006091772,-0.232124043749534,-0.4511584024945071,-0.45146133335520194,-0.0003029308606948278,-3.444068864657508,-3.5304971890838455,-0.08642832442633752,-3.4236591112565278,-3.420368395585421,0.0032907156711066143,-6.867727975914036,-6.950865584669266,-0.08313760875523002
1630182,Josh Green,8757.0,-1.136537210601146,-1.0636425327854264,0.07289467781571957,-0.21938015028706703,-0.21938015028706703,0.0,-0.8145936972912142,-0.719988468871142,0.09460522842007224,0.2010932348151307,0.21547738869369554,0.014384153878564843,-0.6351755078579711,-0.5699007817329291,0.06527472612504193,0.28157827151480586,0.29932606042925824,0.01774778891445239,-0.3535972363431652,-0.2705747213036709,0.08302251503949432
1631100,AJ Griffin,369.0,-2.3342322259219452,-2.137633105938919,0.19659911998302615,-1.0110800560142683,-1.0110800560142683,0.0,-2.425101207327013,-2.2246256185723055,0.2004755887547076,-1.0827375326207629,-1.0800928710642153,0.002644661556547634,-3.12683161866398,-3.051421367884783,0.07541025077919716,-3.571245654543984,-3.5636995147611064,0.00754613978287777,-6.698077273207964,-6.61512088264589,0.08295639056207449
1641774,Tristan Vukcevic,2831.0,-0.1948573524602375,-0.05663171094807751,0.13822564151216,-0.24573853694987607,-0.24573853694987607,0.0,-1.0861430328762711,-0.9765251094440748,0.10961792343219634,-1.1526442674332318,-1.1408980547936984,0.011746212639533349,-1.0171933562291038,-0.9521182103752637,0.06507514585384011,-1.741428432750101,-1.7236595455351917,0.017768887214909324,-2.758621788979205,-2.675777755910455,0.08284403306874966
1641726,Dereck Lively II,4617.0,-0.8379762580917791,-0.7615258177851136,0.07645044030666548,1.0843805119602181,1.0843805119602181,0.0,0.016690066700092987,0.19202652376677287,0.17533645706667988,2.0482305827913536,2.0307510779699687,-0.01747950482138494,-0.26594184530476683,-0.16777275892092813,0.0981690863838387,2.2000138019695843,2.1844734934543166,-0.015540308515267665,1.9340719566648175,2.0167007345333885,0.08262877786857104
1631311,Lester Quiñones,1216.0,-1.6349245949400317,-1.473393431978079,0.1615311629619527,-0.9483951663930072,-0.9483951663930072,0.0,-1.8304967262801886,-1.6756411484007514,0.15485557787943716,-1.505557235857691,-1.5009530177066037,0.004604218151087247,-2.1813046431236414,-2.1085189001275944,0.07278574299604701,-3.084539681163802,-3.074701857020261,0.009837824143541063,-5.2658443242874435,-5.183220757147856,0.08262356713958763
1642502,Malevy Leons,593.0,-1.160570825362123,-1.4002122600604532,-0.2396414346983302,-0.02259571697814214,-0.02259571697814214,0.0,-1.2215945192742372,-1.4443020880822612,-0.222707568808024,-0.7045667902361488,-0.6906865527587962,0.013880237477352564,-2.352795678292657,-2.458141344898195,-0.10534566660553768,-2.68394155619103,-2.6607541065307463,0.023187449660283743,-5.036737234483687,-5.118895451428941,-0.08215821694525349
1641710,Anthony Black,10127.0,-0.9670438630653748,-0.9050554001868136,0.06198846287856119,0.09400532126922093,0.09400532126922093,0.0,-1.4352162142856288,-1.3104383290087096,0.12477788527691924,1.1578520534548518,1.149887651126916,-0.007964402327935716,-1.0546233132892586,-0.9688281278602155,0.08579518542904307,1.1603911009496812,1.156633783213263,-0.0037573177364182975,0.10576778766042261,0.18780565535304738,0.08203786769262478
1631204,Marcus Sasser,5450.0,-0.6848739089549046,-0.8176266526088007,-0.1327527436538961,-0.9232597534391692,-0.9232597534391692,0.0,-0.6931424720532618,-0.8047842440181011,-0.11164177196483926,-1.295408301384434,-1.2935642920289347,0.001844009355499221,-0.5469552976692609,-0.6344906528269201,-0.0875353551576592,-1.3781149269627622,-1.3723925035825713,0.005722423380190911,-1.925070224632023,-2.0068831564094913,-0.08181293177746829
1630285,Zavier Simpson,334.0,-1.882358437733561,-2.0753202688225363,-0.19296183108897536,-0.6349442621632387,-0.6349442621632387,0.0,-2.1704114364038105,-2.356004141946225,-0.18559270554241447,-0.736997774282351,-0.7396280133980012,-0.0026302391156501903,-3.0278661914498834,-3.1092294479547085,-0.08136325650482501,-3.1363142809135036,-3.1363603000790197,-4.601916551605356e-05,-6.1641804723633875,-6.245589748033728,-0.08140927567034062
1631323,Simone Fontecchio,8573.0,-0.5090598670195723,-0.7076185266641764,-0.19855865964460406,-0.5709483393209563,-0.5709483393209563,0.0,0.03616629065490329,-0.02481474324045052,-0.06098103389535381,-0.1051146208595013,-0.11620906220153598,-0.011094441342034689,0.018843863744150813,-0.0554606817227139,-0.07430454546686471,-0.016163654086124524,-0.023263902150477467,-0.007100248064352943,0.002680209658026289,-0.07872458387319137,-0.08140479353121766
1629020,Jarred Vanderbilt,4734.0,-1.0853669009931954,-0.9501384543835636,0.13522844660963185,0.40370038874223546,0.40370038874223546,0.0,-0.20809001641010083,-0.11749742607386793,0.0905925903362329,-0.17333868525337126,-0.16036632443898524,0.01297236081438602,-0.41418869320804275,-0.35114369901288445,0.0630449941951583,-0.23886334358929417,-0.22086409426636644,0.017999249322927735,-0.6530520367973369,-0.5720077932792509,0.08104424351808603
1642948,Ryan Nembhard,2403.0,-1.6571995795317687,-1.436188442224755,0.2210111373070136,-0.818879569488277,-0.818879569488277,0.0,-1.448357978040279,-1.3204646769947832,0.1278933010454959,-0.8850284728110978,-0.8898359920378451,-0.004807519226747381,-1.9423151216951582,-1.8592098007258286,0.08310532096932954,-1.5751402992548278,-1.5772654397755588,-0.0021251405207309837,-3.517455420949986,-3.4364752405013874,0.08098018044859856
204001,Kristaps Porziņģis,7585.0,0.9561940419505504,0.7970934162934378,-0.15910062565711258,1.1434117637502181,1.1434117637502181,0.0,0.5610420496878002,0.48032077191650446,-0.08072127777129579,1.6894119803120609,1.6840476794062398,-0.005364300905821073,0.529309766423609,0.4503567303122691,-0.07895303611133997,1.7782759580156977,1.7766408093594692,-0.0016351486562284911,2.3075857244393068,2.2269975396717383,-0.08058818476756846
1629670,Jordan Nwora,1521.0,-0.9171692874339472,-1.0588591765376634,-0.14168988910371616,-0.6078921593412704,-0.6078921593412704,0.0,-1.700299245363094,-1.8457421887815186,-0.14544294341842456,-0.6776610692286469,-0.6798974103877559,-0.002236341159108979,-2.092398754634565,-2.1736978661550173,-0.08129911152045244,-1.7666724045516848,-1.7658147449779737,0.0008576595737110893,-3.8590711591862497,-3.939512611132991,-0.08044145194674135
1642346,Ryan Dunn,5510.0,-1.1673008390062356,-1.0443423042925382,0.12295853471369744,0.282562578969757,0.282562578969757,0.0,-1.0872898005372853,-0.994523741803152,0.09276605873413335,0.9903289341535481,1.0015455920200045,0.011216657866456425,-1.1061073454619865,-1.0415312316744227,0.06457611378756378,1.0713031481809936,1.0870379610097425,0.01573481282874889,-0.03480419728099293,0.04550672933531974,0.08031092661631267
1630192,Zeke Nnaji,3684.0,-2.1315130654133267,-2.243189826078341,-0.1116767606650142,0.38446075383832445,0.38446075383832445,0.0,-2.8345685572302757,-2.9600674345363696,-0.12549887730609388,0.6103646682342503,0.6105390366109416,0.0001743683766912696,-2.0178024497608824,-2.102036707330538,-0.08423425756965575,0.5153899606752423,0.5193375688621957,0.0039476081869533886,-1.50241248908564,-1.5826991384683424,-0.08028664938270236
1643158,Andersson Garcia,358.0,-1.7388244149217311,-1.5798680321845204,0.1589563827372107,0.317528811793636,0.317528811793636,0.0,-1.8520776007848698,-1.6975588067838474,0.15451879400102242,0.2605488961004856,0.27354013706115776,0.012991240960672168,-2.898692946793827,-2.840955983423151,0.05773696337067591,-1.6591657485727818,-1.6367345789172991,0.02243116965548264,-4.557858695366608,-4.477690562340451,0.08016813302615766
1628989,Kevin Huerter,10005.0,-0.4788716174984541,-0.5510647497762778,-0.07219313227782376,-0.20933011009723881,-0.20933011009723881,0.0,0.5672183504308098,0.46967554452688354,-0.09754280590392628,0.19842805686436213,0.19481960845496002,-0.0036084484094021096,0.36380495555550985,0.28331686311113957,-0.08048809244437027,0.25896333586813913,0.2593013612933608,0.00033802542522165524,0.622768291423649,0.5426182244045004,-0.08015006701914862
1642860,Will Riley,3426.0,-0.7819509013967252,-0.656613457266419,0.12533744413030623,-0.9492980662615579,-0.9492980662615579,0.0,-1.2174198173599677,-1.1015719021176436,0.11584791524232418,-2.5001480716666977,-2.4941076348345335,0.006040436832164264,-1.6724704044638237,-1.6033446474988002,0.06912575696502343,-3.1299607623421313,-3.119208288012778,0.010752474329353223,-4.802431166805955,-4.722552935511578,0.07987823129437732
1630703,Scoot Henderson,8857.0,-0.059809217494203315,0.07259462469844746,0.13240384219265078,-0.7768562888264356,-0.7768562888264356,0.0,-0.2357857715486721,-0.13788484021690284,0.09790093133176928,-1.807715149148351,-1.8088920474518595,-0.0011768983035085334,-0.09423919026926919,-0.017570873838094858,0.07666831643117433,-1.66982184048158,-1.6672167511709506,0.002605089310629527,-1.7640610307508493,-1.6847876250090454,0.07927340574180386
1642439,Quincy Olivari,21.0,-2.0944033688627584,-1.8617955521454315,0.2326078167173269,-1.2397314649089306,-1.2397314649089306,0.0,-2.1708170219882517,-1.9388507047386518,0.23196631724959982,-1.3201192731574445,-1.320482174422636,-0.00036290126519156196,-3.43643277632681,-3.3605819945613495,0.07585078176546034,-4.695329603702323,-4.692128181201123,0.0032014225012000352,-8.131762380029134,-8.052710175762472,0.07905220426666126
1642279,Ulrich Chomche,62.0,-1.9596236627012993,-1.7256073794568714,0.23401628324442791,-0.08012289823439137,-0.08012289823439137,0.0,-2.0008476608872967,-1.7699634587235205,0.23088420216377625,-0.28153437739492704,-0.2832155078961198,-0.0016811305011927846,-3.3210464088325224,-3.243446925143056,0.07759948368946645,-3.0306545088094046,-3.0294219389180554,0.0012325698913491223,-6.351700917641927,-6.272868864061111,0.07883205358081558
1642935,Chucky Hepburn,26.0,-2.26100935885521,-2.042354256388644,0.21865510246656594,-0.8418384994643071,-0.8418384994643071,0.0,-2.3423706238542694,-2.124320598136182,0.21805002571808751,-0.9114325969903341,-0.9089424985890323,0.0024900984013017657,-3.4883628653367804,-3.4171939034544834,0.07116896188229704,-4.066716970629568,-4.059223524909889,0.007493445719679137,-7.555079835966349,-7.476417428364373,0.07866240760197574
1628426,Sasha Vezenkov,1055.0,-0.7492347773083693,-0.9448635377743124,-0.19562876046594313,-0.48816395237634624,-0.48816395237634624,0.0,-0.6185166337684651,-0.7780412595012712,-0.15952462573280612,-0.37951205512090136,-0.3748202431371346,0.0046918119837667804,-1.8801675632805397,-1.9686964557787618,-0.08852889249822216,-1.7289145960085335,-1.7188774852591222,0.010037110749411271,-3.6090821592890734,-3.687573941037884,-0.07849178174881066
1629234,Drew Eubanks,5069.0,-2.2863307052609247,-2.1731863916665626,0.11314431359436217,0.10513319017654985,0.10513319017654985,0.0,-3.141309544526721,-3.065181956067801,0.07612758845892031,0.1853648448320103,0.20549226541102011,0.02012742057900982,-2.1481315874782134,-2.0952930548466195,0.05283853263159388,0.18246402225584468,0.20805445879191486,0.025590436536070182,-1.9656675652223687,-1.8872385960547047,0.07842896916766406
1631457,Alex Morales,48.0,-1.6851553335839267,-1.4638539919998812,0.22130134158404546,-0.6787948224722142,-0.6787948224722142,0.0,-1.6395497659940397,-1.4197731161678921,0.21977664982614753,-0.5564985286607933,-0.5554935838231165,0.001004944837676769,-3.225794716823761,-3.152981755331923,0.07281296149183802,-3.476802802825358,-3.4715484152378777,0.005254387587480203,-6.702597519649119,-6.6245301705698,0.07806734907931911
1631099,Keegan Murray,12289.0,-0.3272345576406033,-0.39876823381588755,-0.07153367617528428,0.50067936172658,0.50067936172658,0.0,-0.12579774066970928,-0.191045632886571,-0.06524789221686172,1.7925963178409048,1.7704146007181571,-0.022181717122747635,-0.14398476607643262,-0.20560724619672932,-0.061622480120296697,1.6298282927748833,1.6136021198371648,-0.01622617293771844,1.4858435266984507,1.4079948736404355,-0.07784865305801514
1629631,De'Andre Hunter,9745.0,-0.6358104458820782,-0.6944488943413979,-0.05863844845931965,-0.7464664166916093,-0.7464664166916093,0.0,0.11182777074469052,0.2500723241295152,0.13824455338482466,-0.6863314236098154,-0.6878633028331939,-0.0015318792233784961,0.04511072625340207,0.12032677861230878,0.07521605235890672,-0.5767596163623896,-0.5744680264221338,0.0022915899402558004,-0.5316488901089875,-0.454141247809825,0.07750764229916252
1642461,Spencer Jones,3146.0,-1.9209269851020878,-1.7643241149669122,0.1566028701351756,0.5880531929128207,0.5880531929128207,0.0,-1.9123525153642789,-1.784024936465535,0.1283275788987439,0.6592803106982879,0.6552543827806065,-0.0040259279176813045,-1.7476629821464982,-1.6693752129047565,0.07828776924174163,0.4859009391989284,0.48491801546683533,-0.0009829237320930773,-1.2617620429475698,-1.1844571974379212,0.07730484550964856
1642396,Blake Hinson,614.0,-0.7086978800985565,-0.94210551613723,-0.23340763603867354,-0.7917726260896255,-0.7917726260896255,0.0,-0.5629459001047907,-0.7911780631139071,-0.22823216300911642,-0.9074610445361364,-0.8891483123237501,0.018312732212386273,-2.1535493152004923,-2.2600766875871217,-0.10652737238662935,-2.938962823978946,-2.9096240600696053,0.02933876390934076,-5.092512139179439,-5.1697007476567265,-0.0771886084772877
1641842,Ronald Holland II,5805.0,-1.4859665440713252,-1.4541345073371046,0.03183203673422064,0.008440860346338175,0.008440860346338175,0.0,-1.5956581383951915,-1.5200205354835583,0.07563760291163324,1.174433294389369,1.2037337331625548,0.02930043877318589,-1.4235313962383922,-1.381757930054078,0.0417734661843141,1.2728842079588532,1.3076387873877287,0.0347545794288755,-0.15064718827953905,-0.07411914266634945,0.0765280456131896
1641767,Ben Sheppard,7244.0,-1.5265958708870964,-1.3447355497660278,0.18186032112106854,-0.5131655650486355,-0.5131655650486355,0.0,-1.3280174878612023,-1.2062689187513764,0.1217485691098259,-1.15712111240331,-1.1794236612015698,-0.02230254879825977,-0.9791376747810978,-0.8839710281912239,0.09516664658987395,-1.0939711844099964,-1.1128163375725557,-0.018845153162559303,-2.073108859191094,-1.9967873657637796,0.07632149342731465
1631097,Bennedict Mathurin,11093.0,-0.8187768237991216,-0.7575943836094159,0.061182440189705756,-0.7265678052755024,-0.7265678052755024,0.0,-0.9877507166514097,-0.8866842030849056,0.10106651356650409,-0.9006159712997928,-0.8996968347204151,0.0009191365793776995,-0.7493503295166248,-0.677625293271364,0.07172503624526083,-0.7823574742768047,-0.777761655697208,0.004595818579596678,-1.5317078037934295,-1.455386948968572,0.07632085482485751
1642885,Mohamed Diawara,1258.0,-1.1428878023579399,-0.970216334616031,0.1726714677419089,-0.6525806217427792,-0.6525806217427792,0.0,-0.9833804205676271,-0.8372552708572181,0.14612514971040902,0.14676472511591065,0.14713995770407373,0.0003752325881630769,-1.9725061882558483,-1.9005093044530779,0.07199688380277047,-0.8690090893175095,-0.8647666902503999,0.004242399067109659,-2.841515277573358,-2.7652759947034777,0.07623928286988013
1642877,Micah Peavy,1925.0,-1.723635995001024,-1.582032970470297,0.14160302453072715,-0.49834945599753266,-0.49834945599753266,0.0,-1.4621889233567347,-1.3452644468716644,0.11692447648507032,-0.3327638280609646,-0.32523108769355336,0.00753274036741125,-2.0297752290224462,-1.9669449911779102,0.06283023784453601,-1.0997884499261292,-1.0865699331088767,0.013218516817252501,-3.1295636789485757,-3.053514924286787,0.07604875466178873
1630606,Javonte Smart,1.0,-1.8975129299065512,-2.10958359837538,-0.21207066846882894,-0.3411104025992654,-0.3411104025992654,0.0,-1.9070247100906188,-2.119054075501339,-0.21202936541072037,-0.35524722605124875,-0.3552318654906637,1.536056058504265e-05,-3.38516333986096,-3.4643349610072827,-0.07917162114632248,-3.294675707130934,-3.2909047796141957,0.003770927516738354,-6.679839046991894,-6.755239740621478,-0.07540069362958413
1631170,Jaime Jaquez Jr.,11608.0,-1.0971018528857714,-0.9373260025773336,0.15977585030843788,-0.8275046012985695,-0.8275046012985695,0.0,-0.36037246704989956,-0.2961537906268906,0.06421867642300894,-0.8533255855841666,-0.8439583750602868,0.009367210523879788,-0.4024614649179177,-0.3398837845213625,0.0625776803965552,-0.7436675671813866,-0.7313688100936733,0.01229875708771333,-1.1461290320993043,-1.0712525946150357,0.07487643748426853
1629599,Amir Coffey,7541.0,-1.4481367791768973,-1.5135949448221557,-0.06545816564525841,-0.7476274391814479,-0.7476274391814479,0.0,-1.671975999381137,-1.780595644323537,-0.10861964494239995,-1.782693977281535,-1.7796842579414485,0.0030097193400864253,-1.2002352133904246,-1.2816482432109262,-0.08141302982050158,-1.7085200230664874,-1.7017485013678555,0.006771521698631933,-2.908755236456912,-2.9833967445787817,-0.07464150812186965
1628372,Dennis Smith Jr.,2127.0,-1.2169931284171804,-1.3788155826441575,-0.16182245422697705,0.060239467516471024,0.060239467516471024,0.0,-1.0725544954487725,-1.2084168492732505,-0.1358623538244781,0.7331513199429797,0.7398750354110009,0.006723715468021196,-1.7834409368545385,-1.8698936437678992,-0.08645270691336071,0.31473999808639874,0.3268354959738642,0.012095497887465445,-1.4687009387681398,-1.543058147794035,-0.07435720902589527
1627885,Shaquille Harrison,13.0,-1.3427999521548344,-1.5488235141751088,-0.2060235620202744,0.10571029112968613,0.10571029112968613,0.0,-1.416736796662346,-1.6223394761267844,-0.20560267946443833,0.053914389008320976,0.05351113558056636,-0.0004032534277546157,-3.1851593135046627,-3.2626302279789354,-0.07747091447427268,-2.6466750779826285,-2.6435351491902455,0.0031399287923830066,-5.831834391487291,-5.906165377169181,-0.07433098568188967
1631262,Jules Bernard,324.0,-1.6265876412191123,-1.4226307323612106,0.20395690885790163,-0.8458005027587931,-0.8458005027587931,0.0,-1.5117103037685655,-1.2916277943194299,0.22008250944913565,-0.9097980540756962,-0.9167651395290917,-0.006967085453395416,-2.831037745789372,-2.7509367095066137,0.08010103628275811,-3.4039129293027965,-3.4102265995962844,-0.006313670293487839,-6.234950675092168,-6.161163309102898,0.07378736598927027
1630692,Jordan Goodwin,6411.0,-0.6410915584430669,-0.7822190750295097,-0.14112751658644285,0.41513734952210146,0.41513734952210146,0.0,-0.4815247969053018,-0.5326187137609901,-0.051093916855688315,0.8670248318796312,0.8471335090534533,-0.019891322826177893,-0.3810522449944931,-0.43783692294710663,-0.05678467795261355,0.956741700846726,0.9398396847716959,-0.01690201607503017,0.575689455852233,0.5020027618245892,-0.07368669402764372
1630314,Brandon Williams,4444.0,-0.2751136249370133,-0.33953280543255004,-0.06441918049553674,-0.7289722623995208,-0.7289722623995208,0.0,-0.7237180220920054,-0.842874913928998,-0.11915689183699263,-1.4692236282176858,-1.4692785687058068,-5.494048812093588e-05,-0.5862790636960336,-0.663603340437739,-0.0773242767417055,-1.7109041385096626,-1.707217436463781,0.003686702045881507,-2.297183202205696,-2.37082077690152,-0.07363757469582399
1631107,Nikola Jović,5894.0,-1.123688714446077,-1.2601022339296648,-0.13641351948358782,-0.506804293594421,-0.506804293594421,0.0,-1.0943143056532993,-1.171521402401229,-0.0772070967479297,-0.6164744955376774,-0.6232535132706405,-0.006779017732963077,-0.8189593775473232,-0.8890494379219376,-0.0700900603746144,-0.6158459705557084,-0.619251290094581,-0.0034053195388725754,-1.4348053481030316,-1.5083007280165186,-0.07349537991348698
1631132,Christian Koloko,1460.0,-2.206812569418406,-2.362945664061192,-0.15613309464278613,0.48868487706549557,0.48868487706549557,0.0,-2.4576309282958744,-2.6037536592324364,-0.14612273093656203,0.9092963968278316,0.9139806621113342,0.004684265283502631,-2.388145984885082,-2.4712236361030024,-0.08307765121792032,0.252492190725051,0.2623205489042326,0.009828358179181595,-2.135653794160031,-2.20890308719877,-0.07324929303873873
1630227,Daishen Nix,142.0,-1.3666774198188452,-1.5456994445744496,-0.17902202475560447,-0.7150882424980106,-0.7150882424980106,0.0,-1.132698835483732,-1.3031214403088187,-0.17042260482508675,-0.6256819815960902,-0.6300092865722655,-0.0043273049761752835,-2.912241415667551,-2.9826050367100194,-0.07036362104246852,-3.357619122306822,-3.3602714439236596,-0.002652321616837483,-6.269860537974373,-6.342876480633679,-0.073015942659306
1629723,John Konchar,5964.0,-0.37912102875892895,-0.31785728730209095,0.061263741456837995,1.177724412857586,1.177724412857586,0.0,-1.232206623021666,-1.1373265712217753,0.09488005179989067,1.568791222102698,1.5798144067387505,0.011023184636052452,-0.7696377314697189,-0.7121197511164552,0.05751798035326372,1.6896907463654927,1.705043618318872,0.01535287195337931,0.9200530148957737,0.9929238672024168,0.07287085230664303
1629726,Garrison Mathews,4233.0,-0.8558060356096626,-1.0533356615265752,-0.1975296259169126,-0.5499958916405594,-0.5499958916405594,0.0,-1.221788982917336,-1.309012110328611,-0.08722312741127491,-0.21769049333157758,-0.21422438334136862,0.0034661099902089654,-0.9534877455755382,-1.033979258867376,-0.08049151329183779,-0.3478951071441956,-0.3402647804811232,0.007630326663072395,-1.3013828527197338,-1.3742440393484991,-0.0728611866287654
1631111,Wendell Moore Jr.,1314.0,-1.3484956720005794,-1.5396621904072751,-0.19116651840669574,-0.43140898141967743,-0.43140898141967743,0.0,-1.938462409605564,-2.122257578025071,-0.18379516841950716,-0.4539285829658196,-0.4356673957204044,0.0182611872454152,-2.0690825852631862,-2.169172958707458,-0.10009037344427174,-1.6189300020513524,-1.59121411410014,0.027715887951212492,-3.688012587314539,-3.760387072807598,-0.07237448549305903
1630214,Xavier Tillman,2781.0,-1.9002922074352073,-1.804763660599519,0.09552854683568834,0.6212825366379966,0.6212825366379966,0.0,-2.5305415819467254,-2.393682286117187,0.13685929582953849,1.6416944936177917,1.6400891962804514,-0.0016052973373403834,-1.9534277767115487,-1.882943275739842,0.07048450097170655,1.585733449417508,1.587560007564211,0.0018265581467029612,-0.3676943272940407,-0.2953832681756312,0.07231105911840952
1642050,Jackson Rowe,116.0,-1.1444991456686067,-1.3605762907361547,-0.21607714506754805,-0.15733428655925183,-0.15733428655925183,0.0,-1.0215214155517112,-1.2351435516249705,-0.2136221360732593,-0.1681665351666306,-0.16225806469529702,0.005908470471333582,-2.9112448104160316,-2.995802404662331,-0.0845575942462995,-2.73741068716639,-2.724892291440813,0.012518395725577225,-5.648655497582421,-5.720694696103144,-0.07203919852072271
1642265,Rob Dillingham,3171.0,-1.3619646263975809,-1.21737863416995,0.1445859922276309,-0.7258945679329653,-0.7258945679329653,0.0,-1.8175687536978957,-1.698593942733827,0.1189748109640687,-1.8235769825506813,-1.8269450600974633,-0.0033680775467819224,-1.6154860380797136,-1.5432676516317911,0.07221838644792244,-2.42344129214447,-2.4236464373692574,-0.0002051452247875396,-4.038927330224183,-3.9669140890010484,0.0720132412231349
1642024,Alex Reese,469.0,-1.6907663181129875,-1.8853323024939563,-0.19456598438096884,0.12985845381286917,0.12985845381286917,0.0,-1.2732317626565641,-1.4632420805356694,-0.19001031787910527,0.19945020694120585,0.20716715376711217,0.007716946825906318,-2.637496992491311,-2.723724505003693,-0.08622751251238192,-1.5813466466103598,-1.5666436651108593,0.014702981499500556,-4.218843639101671,-4.290368170114553,-0.07152453101288181
1642859,Jase Richardson,1204.0,-0.5379509925290225,-0.454193417310796,0.08375757521822647,-0.8755383135280678,-0.8755383135280678,0.0,-0.6617522307307414,-0.5763890255713645,0.0853632051593769,-1.211792826991186,-1.188452204112972,0.023340622878214035,-1.7797815506903405,-1.7430736466980363,0.03670790399230417,-2.7064531333977517,-2.671802413756258,0.03465071964149358,-4.4862346840880925,-4.4148760604542945,0.07135862363379797
1631321,Sidy Cissoko,3499.0,-1.3758874653177215,-1.2572554022032303,0.11863206311449126,-0.12836775499211112,-0.12836775499211112,0.0,-1.7013167910734592,-1.6454898688608353,0.055826922212623975,0.4964744782827328,0.5205412847796536,0.02406680649692078,-1.3657237436848875,-1.3262148957747024,0.03950884791018505,0.35691335158678594,0.3884771452964295,0.03156379370964357,-1.0088103920981015,-0.9377377504782729,0.07107264161982862
1631106,Tari Eason,7073.0,-0.7961081762614453,-0.8965437051588806,-0.10043552889743534,0.8130586988642041,0.8130586988642041,0.0,0.32788292872687563,0.21072254152305947,-0.11716038720381616,1.0029873839003696,1.0189371353723216,0.01594975147195199,0.10019346940945484,0.009515660242332746,-0.09067780916712209,1.0959960008168599,1.1159799288329268,0.019983928016066965,1.1961894702263147,1.1254955890752596,-0.07069388115105513
1627751,Jakob Poeltl,8549.0,-0.6211717752831313,-0.5043171193338116,0.11685465594931965,1.524222988318368,1.524222988318368,0.0,-0.010314699634942914,0.08784653144131227,0.09816123107625518,3.0281357024384183,3.020601402436779,-0.007534300001639238,-0.03726396446701363,0.03658699632936324,0.07385096079637687,3.049343381411661,3.0457197284349946,-0.003623652976666225,3.012079416944647,3.082306724764358,0.07022730781971065
1630177,Theo Maledon,452.0,-2.455758733205374,-2.3088339648277145,0.14692476837765955,-0.8800916089554742,-0.8800916089554742,0.0,-2.426542127159206,-2.2790426435844067,0.14749948357479914,-0.8868892273139178,-0.8795786354717955,0.007310591842122349,-3.0791822713530888,-3.0231635132923635,0.056018758060725204,-3.150635201197106,-3.136489035782038,0.01414616541506808,-6.229817472550195,-6.159652549074401,0.07016492347579373
1630679,Ethan Thompson,1354.0,-1.508155343276197,-1.6329794476319408,-0.12482410435574387,-0.4038870699229813,-0.4038870699229813,0.0,-1.5146972021930192,-1.623581768286732,-0.10888456609371278,0.24513109578276748,0.23747733099358803,-0.007653764789179451,-2.164784189318628,-2.228497219068104,-0.06371302974947612,-0.6752715552008173,-0.6815386131023904,-0.006267057901573114,-2.840055744519445,-2.9100358321704944,-0.06998008765104924
1641783,Tristan da Silva,7127.0,-1.009299319964619,-0.9202409417364087,0.08905837822821028,-0.5740177854411836,-0.5740177854411836,0.0,-1.148201386103956,-1.0466427568759689,0.10155862922798709,-0.5144343512587491,-0.5175431402836292,-0.0031087890248800987,-1.1470854619323116,-1.0785113641057655,0.06857409782654611,-0.4467911081500979,-0.44620311063457896,0.0005879975155189676,-1.5938765700824096,-1.5247144747403445,0.06916209534206508
1642449,Tolu Smith,319.0,-1.0794335172294138,-0.8956763174115193,0.1837571998178945,-0.030200750288852413,-0.030200750288852413,0.0,-1.0297560397658543,-0.8508495192562993,0.17890652050955502,0.011033206779741851,0.010115112449664433,-0.000918094330077418,-2.5925806191633605,-2.5258919086837155,0.06668871047964497,-2.082543943664637,-2.0801228812590997,0.0024210624055371888,-4.675124562827998,-4.606014789942815,0.06910977288518261
1629022,Lonnie Walker IV,3052.0,-0.7071667387577492,-0.8701066474926342,-0.16293990873488506,-0.9475184155908806,-0.9475184155908806,0.0,-0.8615758453209841,-1.0018492333706073,-0.1402733880496232,-1.3186847301796552,-1.2993037435049184,0.019380986674736755,-1.0992419174580799,-1.1946691939077252,-0.09542727644964533,-1.8669749097980421,-1.8403488237871906,0.02662608601085159,-2.966216827256122,-3.0350180176949157,-0.06880119043879374
1630284,Kevon Harris,14.0,-1.1316819314760964,-1.3257561170025243,-0.19407418552642786,-0.35193277780777454,-0.35193277780777454,0.0,-1.102050091836094,-1.295632529134993,-0.193582437298899,-0.4018874507832216,-0.40110286489503094,0.0007845858881906365,-3.089483034508805,-3.162803787600574,-0.07332075309176878,-3.3310875056643248,-3.3261573895737584,0.004930116090566372,-6.42057054017313,-6.488961177174332,-0.06839063700120196
1630618,D.J. Carton,154.0,-2.087653223858964,-1.923225211940124,0.1644280119188397,-0.5088807036011751,-0.5088807036011751,0.0,-2.293556040741894,-2.1310983019577545,0.1624577387841395,-0.44717641745714787,-0.44122479355692945,0.005951623900218417,-3.2603326506010823,-3.204835093616801,0.05549755698428127,-3.0674995103144735,-3.0549640336124284,0.012535476702045134,-6.3278321609155554,-6.259799127229229,0.0680330336863264
1641871,Duop Reath,3976.0,-0.9231625983721283,-0.8283434715612507,0.09481912681087767,-0.16567958033358435,-0.16567958033358435,0.0,-1.2136352444192504,-1.1001450023725852,0.11349024204666525,-0.506388347596425,-0.5085632719432861,-0.0021749243468610624,-0.995982243652759,-0.93011041235206,0.06587183130069896,-0.712002548937047,-0.7107168967951454,0.001285652141901572,-1.707984792589806,-1.6408273091472054,0.06715748344260053
1627936,Alex Caruso,8466.0,0.04056555416395691,-0.05345879816579302,-0.09402435232974993,1.289512363268541,1.289512363268541,0.0,0.026891218059456358,-0.009390132606714507,-0.036281350666170865,3.961768861189266,3.9330827465619285,-0.02868611462733739,0.0853599496458286,0.042655220570100294,-0.04270472907572831,3.9711272128438777,3.946750078187988,-0.024377134655889865,4.056487162489706,3.989405298758088,-0.06708186373161773
1642856,Egor Dëmin,2641.0,0.11305920832170191,-0.013889647450693099,-0.126948855772395,-0.19638629770153238,-0.19638629770153238,0.0,-0.042387757790845526,-0.13063929571824073,-0.08825153792739521,0.057839794633968766,0.05229663738371587,-0.005543157250252895,-1.0695706318975398,-1.1336189947343522,-0.06404836283681248,-0.3489975844741955,-0.3519330468908759,-0.002935462416680412,-1.4185682163717352,-1.4855520416252281,-0.06698382525349289
1628963,Marvin Bagley III,5279.0,-1.0219712693390384,-0.9082331308944352,0.11373813844460312,-0.4486655822203873,-0.4486655822203873,0.0,-1.0130524889185433,-0.9183037455776369,0.09474874334090633,-0.010970291417672307,-0.011411635748770244,-0.000441344331097937,-0.7779118800487343,-0.7143096232106827,0.06360225683805165,-0.014464536849169818,-0.011192221817416748,0.0032723150317530703,-0.7923764168979042,-0.7255018450280994,0.06687457186980472
1642907,Cedric Coward,3398.0,-0.10937467418894276,0.02540235002958391,0.13477702421852666,-0.29215869046038767,-0.29215869046038767,0.0,0.3403161101811961,0.4600989802775613,0.11978287009636518,0.03771956081575173,0.029698643064961783,-0.008020917750789947,-0.8246217155583802,-0.7523092758858185,0.07231243967256162,-0.19231559269176923,-0.19788125049553784,-0.005565657803768609,-1.0169373082501494,-0.9501905263813564,0.06674678186879301
1642363,Nique Clifford,3881.0,-1.5992410920530251,-1.4493807980800213,0.14986029397300382,-0.28120783685097284,-0.28120783685097284,0.0,-1.4385217725605823,-1.3668743352965538,0.07164743726402856,0.29868745204656355,0.30722107668153276,0.008533624634969206,-1.9405379708742652,-1.887488949418959,0.0530490214553061,0.186672748883427,0.20011957903266575,0.013446830149238753,-1.7538652219908382,-1.6873693703862933,0.06649585160454485
1626172,Kevon Looney,5386.0,-0.8254358728046652,-0.7101864495348187,0.11524942326984655,0.4007299606701694,0.4007299606701694,0.0,-0.6244657374641351,-0.5057254071869973,0.11874033027713782,0.4613520726289135,0.4476088854711585,-0.013743187157754966,-0.5367885072101153,-0.45945937857404884,0.07732912863606645,0.49996623537417806,0.4889645171057273,-0.011001718268450755,-0.036822271835937226,0.029505138531678465,0.06632741036761569
203954,Joel Embiid,6396.0,2.6054625741048456,2.73554276098851,0.13008018688366452,1.0745241615393581,1.0745241615393581,0.0,2.389984660169288,2.480717256993227,0.0907325968239392,1.5765232286508404,1.572297233144903,-0.0042259955059373855,1.7794651301563902,1.8462319512374559,0.06676682108106569,1.6935096064071686,1.6928681940073411,-0.0006414123998275123,3.472974736563559,3.539100145244797,0.06612540868123817
1641732,Colby Jones,1446.0,-1.415950528665416,-1.2870709141136933,0.1288796145517226,0.02009867329755649,0.02009867329755649,0.0,-1.6427051308732812,-1.5462320860618166,0.09647304481146457,-0.1579448084122716,-0.1479629439190225,0.009981864493249087,-1.9063996198432016,-1.8570081527792537,0.049391467063947925,-1.141808793966683,-1.1250902138375538,0.01671858012912919,-3.048208413809885,-2.9820983666168077,0.06611004719307711
1630536,Sharife Cooper,1482.0,-0.846883593270755,-0.9824738553713392,-0.13559026210058422,-0.7913148064354139,-0.7913148064354139,0.0,-1.0145724904671651,-1.129547506260383,-0.1149750157932179,-1.4368440112395537,-1.437489554195606,-0.0006455429560523473,-1.836160114750719,-1.9048730440139674,-0.06871292926324846,-2.7764991390863196,-2.773588028764196,0.0029111103221235446,-4.612659253837038,-4.6784610727781635,-0.06580181894112513
1641801,Emanuel Miller,119.0,-0.8345541981057947,-1.0087660070233564,-0.17421180891756172,-0.31385414943106704,-0.31385414943106704,0.0,-0.8658355272792349,-1.0393658417128135,-0.1735303144335787,-0.30410014611339525,-0.3039570517543594,0.00014309435903586687,-2.809206622029568,-2.8788350759579475,-0.06962845392837957,-2.9324956878329935,-2.928535633799836,0.0039600540331576894,-5.7417023098625615,-5.807370709757784,-0.06566839989522233
1631105,Jalen Duren,11951.0,-0.12435965471991173,0.06905978976856941,0.19341944448848114,0.8522982563134353,0.8522982563134353,0.0,0.814855168603159,0.8764403275580892,0.06158515895493022,0.6342665820152098,0.6290793528663511,-0.0051872291488587186,0.5492092837431986,0.6154698399252543,0.06626055618205573,0.6006618726053623,0.5997071721022178,-0.0009547005031445011,1.1498711563485609,1.215177012027472,0.06530585567891123
1626246,Boban Marjanovic,154.0,-0.5377460175145261,-0.36164363429935387,0.17610238321517224,-0.057013727082202106,-0.057013727082202106,0.0,-0.6086168074214131,-0.43525319198008794,0.17336361544132517,-0.04555295235550778,-0.04434199194664802,0.0012109604088597556,-2.671694794316297,-2.6119978229990006,0.059696971317296565,-2.4744908681846676,-2.4689551180028184,0.005535750181849153,-5.146185662500965,-5.080952941001819,0.0652327214991466
1627745,Damian Jones,529.0,-1.934164890104035,-2.0886486293383584,-0.15448373923432346,0.2029239847159399,0.2029239847159399,0.0,-2.4511234949248353,-2.5943696961683265,-0.1432462012434912,0.49226363725523614,0.4921465933350352,-0.00011704392020095433,-2.9492000414611184,-3.0178832390602084,-0.06868319759909003,-1.0867112758687816,-1.0831285988335253,0.0035826770352562765,-4.0359113173299,-4.101011837893734,-0.06510052056383397
1642013,Malik Williams,215.0,-3.2006242789870636,-3.0147934351299828,0.18583084385708082,0.09371436460055066,0.09371436460055066,0.0,-3.405930474502161,-3.227181408812908,0.17874906568925297,0.037346605106134044,0.034983748769274965,-0.002362856336859079,-3.6391823305709052,-3.575035124783001,0.06414720578790423,-2.2311239791828843,-2.230836381400703,0.000287597782181237,-5.87030630975379,-5.8058715061837045,0.06443480357008546
1641879,Yuri Collins,34.0,-1.943353754480506,-1.7575647416357318,0.18578901284477412,-0.7708805060518336,-0.7708805060518336,0.0,-1.96766527978061,-1.7817485722877517,0.18591670749285827,-0.7421129364285894,-0.7418697043151306,0.00024323211345889106,-3.3532338088119356,-3.293200088020566,0.06003372079136948,-3.7911156097244803,-3.7870024426463775,0.00411316707810272,-7.144349418536416,-7.080202530666943,0.06414688786947309
1628385,Harry Giles III,213.0,-2.0712273965864174,-2.2311689160498833,-0.1599415194634659,-0.539406983923678,-0.539406983923678,0.0,-2.03061537880376,-2.1858578680010394,-0.15524248919727945,-0.9064207719724555,-0.9077460343102721,-0.0013252623378166017,-3.149301419643059,-3.215215347366746,-0.06591392772368732,-3.617352379629548,-3.6155458581110036,0.001806521518544546,-6.766653799272607,-6.830761205477749,-0.06410740620514233
1628382,Justin Jackson,3.0,-1.2216241610784402,-1.4002762864358618,-0.1786521253574216,-0.13417367529556373,-0.13417367529556373,0.0,-1.2367554382087063,-1.415179745562688,-0.17842430735398174,-0.11530492451374166,-0.11536445651132377,-5.9531997582101814e-05,-3.1481966062389604,-3.2158065879894577,-0.06760998175049737,-2.9272091150588495,-2.9235512516604523,0.003657863398397243,-6.07540572129781,-6.13935783964991,-0.06395211835210013
1630699,MarJon Beauchamp,2046.0,-2.164333335792569,-2.2978483051091363,-0.13351496931656737,-0.5858213290937236,-0.5858213290937236,0.0,-2.4186341511305747,-2.539408041326628,-0.12077389019605311,-0.4572714451635389,-0.4511090848701337,0.006162360293405222,-2.0979965425462925,-2.173277294493048,-0.07528075194675532,-1.19920431705411,-1.1877676392577974,0.011436677796312633,-3.2972008596004025,-3.3610449337508452,-0.06384407415044269
1627739,Kris Dunn,10677.0,0.20495310863092486,0.06389313114659667,-0.1410599774843282,1.0841768163862218,1.0841768163862218,0.0,0.4552581825681147,0.38713405044592786,-0.06812413212218682,1.8747731080454835,1.880771665756675,0.005998557711191621,0.3614610083202865,0.2888877989340082,-0.07257320938627831,1.803621111455283,1.8129532069504184,0.009332095495135473,2.1650821197755694,2.1018410058844266,-0.06324111389114284
1630205,Lamar Stevens,1451.0,-1.684164596472858,-1.8496696470302343,-0.1655050505573763,-0.38560817612112797,-0.38560817612112797,0.0,-1.4282636004881142,-1.5292144024298482,-0.100950801941734,0.11226135525755399,0.11296301291748151,0.0007016576599275237,-1.9316755023830625,-1.9995676822486774,-0.06789217986561491,-0.7876261536286582,-0.7829669962094465,0.004659157419211635,-2.7193016560117207,-2.782534678458124,-0.06323302244640328
1628365,Markelle Fultz,2290.0,-1.1284667212420791,-0.9644120252846126,0.16405469595746658,-0.6242160949770078,-0.6242160949770078,0.0,-1.2795877482161322,-1.126046881600371,0.15354086661576116,-0.32604711227096916,-0.34649993613040836,-0.020452823859439195,-1.3984586014082072,-1.3140837771500853,0.08437482425812193,-0.9344311367783402,-0.9558314230919853,-0.0214002863136451,-2.332889738186547,-2.2699152002420706,0.0629745379444766
1642876,Adou Thiero,306.0,-1.4316743180465346,-1.273461006492453,0.15821331155408158,-0.28216520937716094,-0.28216520937716094,0.0,-1.3000358086272585,-1.1565975797754444,0.14343822885181412,-0.26631190467189225,-0.26253209012575457,0.003779814546137683,-2.7734098746946616,-2.719657844298945,0.05375203039571641,-2.506119696274439,-2.4969012099959467,0.00921848627849231,-5.279529570969101,-5.216559054294892,0.06297051667420828
1631255,Karlo Matković,3541.0,-1.9445634348736776,-1.8986092295278443,0.04595420534583328,0.47231202795023497,0.47231202795023497,0.0,-2.055835377637638,-1.9990988265496403,0.0567365510879978,0.5703499202218626,0.5965054666632705,0.02615554644140794,-1.7829295538631766,-1.754021009805931,0.028908544057245633,0.4487395516178534,0.4826601876795653,0.03392063606171192,-1.3341900022453232,-1.2713608221263657,0.06282918011895755
1630542,Marcus Bagley,529.0,-1.6720197575469355,-1.5040564364490772,0.1679633210978584,0.05191239156055891,0.05191239156055891,0.0,-1.901829248322939,-1.74596929969345,0.15585994862948915,0.07323791384815292,0.07039240585215839,-0.002845507995994534,-2.7576627018154896,-2.694655342248442,0.0630073595670475,-1.677620646059621,-1.6778856444737533,-0.0002649984141323003,-4.43528334787511,-4.372540986722195,0.06274236115291476
1630346,Matt Ryan,970.0,-1.2116748120543208,-1.324994181919596,-0.11331936986527524,-0.8327125957470838,-0.8327125957470838,0.0,-1.5416823931996744,-1.6583156220457216,-0.11663322884604721,-0.7519343247383737,-0.7557790167752488,-0.003844692036875097,-2.1635846441225572,-2.224317194276085,-0.06073255015352785,-2.3096358031833795,-2.3110801695764227,-0.0014443663930432393,-4.473220447305937,-4.535397363852508,-0.06217691654657109
1642355,Bronny James,1119.0,-0.9397958145002431,-0.82628744493908,0.11350836956116306,-0.42513456880838363,-0.42513456880838363,0.0,-1.3324412610235286,-1.2627183358703549,0.06972292515317369,-1.3517833210642705,-1.3345254367125643,0.017257884351706165,-1.960701672808465,-1.9253606629002609,0.0353410099082041,-2.9700232123686927,-2.9432660363082097,0.026757176060483,-4.930724885177158,-4.868626699208471,0.062098185968687325
1629622,Max Strus,7833.0,-0.015774614166826018,0.04891380952186819,0.06468842368869421,-0.10526229340954879,-0.10526229340954879,0.0,0.271124023182587,0.3799519925785593,0.10882796939597233,0.8135295453437956,0.8008980567138555,-0.012631488629940124,0.21575248662452262,0.2866652932146563,0.07091280659013366,0.8961483851893268,0.8873056764754454,-0.008842708713881375,1.1119008718138494,1.1739709696901017,0.062070097876252284
1627832,Fred VanVleet,9735.0,0.9561543531783403,0.8827046576254127,-0.07344969555292757,0.6661027197493472,0.6661027197493472,0.0,1.4822495070827233,1.4081063254164674,-0.07414318166625589,1.4318252700689722,1.4314633094009386,-0.0003619606680336229,0.7143363281026778,0.6493184331994879,-0.06501789490318988,1.4371378547911515,1.4405414423940663,0.003403587602914815,2.1514741828938293,2.0898598755935542,-0.06161430730027506
1630209,Omer Yurtseven,1324.0,-2.1854959963654284,-2.0946839512147477,0.09081204515068064,-0.28849634187592466,-0.28849634187592466,0.0,-2.634226106964367,-2.52114609205359,0.11308001491077713,-0.6956123703349529,-0.6889834012915325,0.006628969043420474,-2.4996321135968875,-2.45112081358616,0.04851130001072734,-1.928582270800231,-1.9161406291581433,0.012441641642087609,-4.428214384397118,-4.3672614427443035,0.06095294165281473
1630549,Day'Ron Sharpe,5991.0,-0.6642984133879966,-0.8107783311668537,-0.14647991777885716,0.3431470970552173,0.3431470970552173,0.0,-0.23989677213992328,-0.3461590139771308,-0.1062622418372075,1.1087944209894145,1.131349563874064,0.02255514288464955,-0.27258829772208326,-0.360904857234575,-0.08831655951249173,1.2056822190718774,1.23315528990579,0.027473070833912594,0.9330939213497942,0.872250432671215,-0.06084348867857914
1641780,Johni Broome,114.0,-1.9151947520421342,-1.7520030941021014,0.16319165794003276,0.03622577900186785,0.03622577900186785,0.0,-2.1044355468121907,-1.9462009012028405,0.1582346456093502,-0.020556275127548915,-0.018034331471484692,0.0025219436560642225,-3.2642341051522297,-3.210931710782846,0.053302394369383777,-2.522654700125747,-2.5151622729280545,0.007492427197692386,-5.786888805277977,-5.7260939837109,0.06079482156707705
1631298,Jack White,133.0,-2.2061326920568143,-2.3692928866398093,-0.16316019458299502,-0.41338549902355337,-0.41338549902355337,0.0,-2.393687984523323,-2.5528915653682,-0.15920358084487685,-0.560059656612303,-0.559541412434213,0.0005182441780899882,-3.3476608344315135,-3.4128944935520957,-0.06523365912058221,-3.280621702318864,-3.2761065240258525,0.0045151782930115125,-6.628282536750378,-6.689001017577948,-0.060718480827570254
1642959,Chris Youngblood,377.0,-1.4108997230986005,-1.2794765424678178,0.13142318063078262,-0.4865375966060552,-0.4865375966060552,0.0,-1.457648467613381,-1.329854758494331,0.12779370911904997,-0.3306695051350296,-0.3239776063673947,0.006691898767634874,-2.7314765507239844,-2.684360210933356,0.04711633979062846,-2.4778804947866977,-2.4645306831038916,0.013349811682806134,-5.209357045510682,-5.1488908940372475,0.06046615147343459
1630762,Phillip Wheeler,87.0,-2.2326511904661555,-2.068024987721242,0.16462620274491346,-0.670838173197817,-0.670838173197817,0.0,-2.256451231735521,-2.0933257207081386,0.1631255110273826,-0.646942418092979,-0.645004009809906,0.001938408283073012,-3.381930862035426,-3.328129927284165,0.05380093475126069,-3.5163701956837325,-3.5097330165296214,0.006637179154111106,-6.898301057719158,-6.837862943813787,0.06043811390537179
1642260,Nikola Topić,322.0,-0.7851141521265076,-0.6528037612955799,0.13231039083092766,-0.6724331978236782,-0.6724331978236782,0.0,-0.9021845723083964,-0.777759111663916,0.12442546064448046,-0.6905078357249491,-0.6827595237825853,0.007748311942363806,-2.557138858989782,-2.5117195656794546,0.04541929331032746,-3.0908465270377325,-3.0759064357411776,0.014940091296554936,-5.647985386027514,-5.587626001420633,0.060359384606881505
1629610,DaQuan Jeffries,2362.0,-1.6315237702105185,-1.7025365869729916,-0.07101281676247306,-0.31925369560471606,-0.31925369560471606,0.0,-1.6164498455891811,-1.716529900916278,-0.10008005532709685,-1.3331183965089268,-1.3368797094514215,-0.00376131294249471,-1.5991103234294057,-1.6582766894527141,-0.05916636602330838,-2.1403823686768115,-2.1412402096350927,-0.0008578409582811197,-3.739492692106217,-3.7995168990878065,-0.0600242069815895
1642382,Branden Carlson,1536.0,-1.5698086820760042,-1.4866637060671035,0.0831449760089007,-0.028423067957708034,-0.028423067957708034,0.0,-1.2471661930236961,-1.1557012767262924,0.09146491629740372,-0.21656048050572535,-0.20530685145787747,0.01125362904784788,-1.8101186692081774,-1.768932118285385,0.04118655092279244,-1.1616341855851737,-1.1433588801748358,0.01827530541033795,-2.971752854793351,-2.9122909984602208,0.05946185633313039
1631128,Christian Braun,11814.0,-0.9693105107372012,-1.0455692230866436,-0.07625871234944237,-0.23382221228985062,-0.23382221228985062,0.0,0.19138514963441244,0.1336511314465869,-0.05773401818782553,0.5493583940960569,0.5423551449578732,-0.007003249138183731,-0.012344363041665307,-0.06909926006673617,-0.05675489702507086,0.5289811221642893,0.5263625694321874,-0.0026185527321018753,0.516636759122624,0.45726330936545123,-0.059373449757172736
1629013,Landry Shamet,5450.0,-0.48591266570376834,-0.5989754124613127,-0.11306274675754435,-0.9018380573398838,-0.9018380573398838,0.0,-0.36401166330395607,-0.4269870156855724,-0.06297535238161633,-0.5872262085960916,-0.5920431020349328,-0.004816893438841174,-0.3392949908181162,-0.39696812983622287,-0.05767313901810667,-0.6197451570876993,-0.6211556835105951,-0.0014105264228958525,-0.9590401479058155,-1.018123813346818,-0.05908366544100252
1630556,Kessler Edwards,1822.0,-1.5402419317676328,-1.6529623321608276,-0.11272040039319475,0.014934217920935272,0.014934217920935272,0.0,-1.7561855542639109,-1.8493922343645812,-0.09320668010067035,-0.0830402184228761,-0.08519286037571752,-0.0021526419528414276,-1.8962084427052297,-1.9557016151440965,-0.05949317243886676,-0.8347372216963873,-0.8337141605073168,0.0010230611890704733,-2.730945664401617,-2.7894157756514133,-0.058470111249796286
1631172,Ousmane Dieng,3834.0,-1.5112897200488158,-1.4688484829931467,0.042441237055669045,-0.6084346478129952,-0.6084346478129952,0.0,-2.377497673839745,-2.3004733402734012,0.07702433356634364,-0.5952854790467041,-0.5817347973512248,0.01355068169547935,-1.6810779591982723,-1.6419598745520598,0.03911808464621247,-0.8379651094370661,-0.8187851134871065,0.01917999594995967,-2.5190430686353382,-2.460744988039166,0.05829808059617214
1629111,Jock Landale,5741.0,-0.5057492111194901,-0.5733903049181616,-0.06764109379867145,-0.13129561373200352,-0.13129561373200352,0.0,-0.13248778077511886,-0.16225552996125098,-0.02976774918613212,0.12143974788671089,0.09417927673401419,-0.027260471152696697,-0.1889421679496608,-0.22158817600364422,-0.03264600805398343,0.1553784811470762,0.1302174145596986,-0.0251610665873776,-0.03356368680258459,-0.09137076144394563,-0.057807074641361034
1628384,OG Anunoby,13396.0,-0.5099244334641423,-0.7490662838721152,-0.23914185040797287,0.7336027492204288,0.7336027492204288,0.0,0.6056984721582076,0.5829629335099558,-0.02273553864825184,2.560401315235122,2.5568963162251097,-0.003504999010012444,0.2729648343653781,0.2146547204802176,-0.0583101138851605,2.2369690200889902,2.237626727135059,0.0006577070460687118,2.5099338544543683,2.4522814476152766,-0.057652406839091785
1631254,Kenneth Lofton Jr.,415.0,-1.3862723453868862,-1.2902424859625594,0.09602985942432674,-0.5689175740285943,-0.5689175740285943,0.0,-1.3666393070733036,-1.266819290957079,0.0998200161162246,-0.776866364809409,-0.7639286525703883,0.012937712239020627,-2.6694026544216665,-2.6343204720359386,0.03508218238572791,-3.05408133546854,-3.0318525475928357,0.02222878787570437,-5.723483989890207,-5.666173019628774,0.05731097026143317
1630578,Alperen Sengun,13821.0,1.3802721159627522,1.1778432950096798,-0.20242882095307246,0.4761378947505758,0.4761378947505758,0.0,1.6693207546728819,1.6061954335738151,-0.06312532109906677,0.8669961503868149,0.8906356326627978,0.023639482275982893,1.3175974977894582,1.236053139559409,-0.08154435823004924,0.723224115664209,0.7476504033530627,0.024426287688853687,2.040821613453667,1.9837035429124716,-0.057118070541195554
1628424,Kobi Simmons,137.0,-1.6273914060075918,-1.7903200524779868,-0.16292864647039496,-0.28384149069824616,-0.28384149069824616,0.0,-1.8100769704644057,-1.9768067774476796,-0.1667298069832739,-0.3077019270140353,-0.3033250896291648,0.004376837384870491,-3.1262312510473635,-3.1931788539796346,-0.06694760293227109,-2.8981824651380417,-2.8879568938038447,0.010225571334196992,-6.024413716185405,-6.081135747783479,-0.056722031598074096
1630230,Naji Marshall,11220.0,-0.36369823227105513,-0.46633225721179605,-0.10263402494074092,-0.5299955570421547,-0.5299955570421547,0.0,-0.0014940621876383675,-0.08981531034052359,-0.08832124815288522,-1.0099117096941197,-0.9873020906323386,0.02260961906178105,-0.025731859439819704,-0.10663000022985614,-0.08089814079003643,-0.8838711956530574,-0.8593172723062028,0.024553923346854578,-0.9096030550928771,-0.9659472725360589,-0.056344217443181854
1630175,Cole Anthony,7176.0,-0.7253605623660881,-0.8200927676098373,-0.09473220524374915,-0.4645045739425355,-0.4645045739425355,0.0,-0.9157987734085451,-1.0240190013031396,-0.10822022789459451,-0.35402970336705814,-0.32949670735258635,0.024532996014471786,-0.6393005712802036,-0.7240509047040562,-0.08475033342385263,-0.2823278180669657,-0.2536798167300174,0.028648001336948337,-0.9216283893471693,-0.9777307214340736,-0.056102332086904294
1631218,Trayce Jackson-Davis,5358.0,-0.33918327707917806,-0.3726467864445532,-0.03346350936537512,-0.05376710730832321,-0.05376710730832321,0.0,-1.043923340133579,-1.1104298959780556,-0.06650655584447662,0.8876465774775265,0.8761129976921496,-0.011533579785376946,-0.6975882188362625,-0.7448242542220544,-0.04723603538579191,0.9564788223341747,0.9478365495717207,-0.008642272762453995,0.25889060349791215,0.20301229534966625,-0.0558783081482459
1628995,Kevin Knox II,1339.0,-2.163367938726516,-2.058387607618317,0.10498033110819893,-0.48720945821560924,-0.48720945821560924,0.0,-1.9115989779731115,-1.834185874626661,0.07741310334645046,-0.6136945572484673,-0.604159383752508,0.009535173495959337,-2.2340794002612734,-2.1959792481363625,0.03810015212491091,-1.810027903725977,-1.793789228960558,0.01623867476541907,-4.04410730398725,-3.9897684770969204,0.05433882689032954
1641705,Victor Wembanyama,11471.0,1.800456580881881,1.8995663481816256,0.09910976729974452,1.8707281498119244,1.8707281498119244,0.0,1.6798628602337666,1.7358468490501568,0.05598398881639022,5.096569880015689,5.099773004867746,0.00320312485205676,1.4472066016914193,1.494765005240859,0.04755840354943963,4.704611953616138,4.711291965066648,0.006680011450510115,6.151818555307557,6.2060569703075075,0.054238414999950635
1642844,Dylan Harper,3202.0,-0.067632516073999,0.06265939889109107,0.13029191496509007,-0.7915269724402325,-0.7915269724402325,0.0,0.7493818868783392,0.8249900515383055,0.07560816465996634,0.40464704794433604,0.4050565820121297,0.00040953406779364876,-0.6546335498150921,-0.6047873327580033,0.049846217057088804,0.19774047580215104,0.20196813464745267,0.0042276588453016295,-0.4568930740129411,-0.40281919811055067,0.054073875902390434
1642434,Riley Minix,139.0,-1.1983883708908751,-1.3430194338687929,-0.14463106297791772,-0.2379974908318784,-0.2379974908318784,0.0,-0.9625902460840383,-1.1063384983753592,-0.14374825229132093,-0.3096605863780527,-0.30810222856823255,0.0015583578098201656,-2.8538909703953985,-2.91306957831857,-0.05917860792317153,-2.8967307196430467,-2.8906772208631124,0.00605349877993433,-5.750621690038445,-5.803746799181683,-0.05312510914323809
1642353,Cam Christie,1071.0,-1.4676729810329434,-1.2912965738720827,0.17637640716086067,-0.7511723503152328,-0.7511723503152328,0.0,-1.6061190046705334,-1.4871470172088703,0.11897198746166304,-0.4551597052871322,-0.4640456309555381,-0.008885925668405903,-2.1624475563365633,-2.1013606619186036,0.06108689441795967,-1.8161228749134246,-1.8242704888317278,-0.00814761391830321,-3.978570431249988,-3.9256311507503314,0.05293928049965668
1631205,Buddy Boeheim,202.0,-2.0500067550405436,-1.9047651373220074,0.14524161771853628,-0.7526063893890494,-0.7526063893890494,0.0,-2.0012418562019687,-1.8520845585442998,0.14915729765766894,-0.6074805971413461,-0.6087762084009829,-0.0012956112596368419,-3.1246980122643158,-3.073912634749683,0.050785377514632746,-3.202046760546094,-3.200199589180899,0.001847171365194633,-6.326744772810409,-6.274112223930582,0.052632548879826935
1642384,Isaiah Crawford,277.0,-2.1810105009862917,-2.049262203279285,0.13174829770700658,-0.2228616724774318,-0.2228616724774318,0.0,-2.275693491995292,-2.1633208159059385,0.11237267608935353,0.056460098885800974,0.06135541920640389,0.004895320320602914,-3.116815093985085,-3.075207733787259,0.04160736019782574,-2.089360106318788,-2.0785011677342444,0.010858938584543676,-5.206175200303873,-5.153708901521504,0.052466298782369414
1628964,Mo Bamba,2388.0,-2.5401991594048123,-2.3569508481711248,0.18324831123368757,0.9552006829461516,0.9552006829461516,0.0,-3.0165961034795195,-2.9283248212206447,0.0882712822588747,1.3740152580881206,1.3641839168922838,-0.00983134119583684,-2.3272214325487126,-2.2669671560102764,0.06025427653843618,1.1808423452549226,1.1725698581276949,-0.008272487127227723,-1.14637908729379,-1.0943972978825816,0.05198178941120846
1628408,PJ Dozier,73.0,-1.2366645504477471,-1.3752941165885644,-0.13862956614081723,-0.06129856543446839,-0.06129856543446839,0.0,-1.1579816933937734,-1.2928732005940975,-0.13489150720032406,-0.08332197899945622,-0.08385348450183085,-0.0005315055023746296,-3.020724766594438,-3.075501599821948,-0.054776833227510036,-2.7083945685913644,-2.7054407379597007,0.0029538306316636564,-5.7291193351858025,-5.780942337781649,-0.05182300259584682
1630554,Jason Preston,147.0,-1.559874945271927,-1.4455860958843663,0.11428884938756068,-0.5374154158351138,-0.5374154158351138,0.0,-1.445293960329941,-1.3286021200818077,0.1166918402481334,-0.5061497684547761,-0.49954345687470914,0.00660631158006697,-3.022547147763729,-2.9849846241973723,0.03756252356635681,-3.1698430795245853,-3.1563314622690477,0.013511617255537622,-6.192390227288314,-6.14131608646642,0.05107414082189443
1642933,Keshon Gilbert,153.0,-1.0574779655851496,-0.9141485324310441,0.1433294331541055,0.3932995281724446,0.3932995281724446,0.0,-1.156156337408431,-1.0157807744256258,0.14037556298280518,-0.015867310982292604,-0.015968204370037542,-0.00010089338774493806,-2.872892060574649,-2.8255315543315893,0.04736050624305976,-2.4327318064236376,-2.4291330668680042,0.00359873955563339,-5.305623866998287,-5.254664621199593,0.05095924579869404
1641857,Liam Robbins,120.0,-2.4595828396300385,-2.323151050749664,0.13643178888037433,0.0534183154032343,0.0534183154032343,0.0,-2.6682751620022893,-2.531356076046436,0.13691908595585334,0.3481994571818865,0.34961097925749607,0.0014115220756095725,-3.462357363594082,-3.4175812535715338,0.04477611002254811,-1.962531163640939,-1.9566893275382369,0.005841836102702169,-5.424888527235021,-5.374270581109771,0.05061794612525006
203992,Bogdan Bogdanović,8663.0,1.0742330621136922,1.1674143585413777,0.09318129642768547,-0.45467677855276367,-0.45467677855276367,0.0,1.2084213005168238,1.283913662778782,0.0754923622619581,0.11036036332284327,0.10044379388833224,-0.009916569434511024,0.9869812916826297,1.0431628213691742,0.05618152968654444,0.19395878910507225,0.1880321214788685,-0.005926667626203752,1.180940080787702,1.2311949428480427,0.05025486206034069
1642259,Alex Sarr,6606.0,-0.8478832727753994,-0.8596428523522548,-0.011759579576855361,0.9290028846661517,0.9290028846661517,0.0,-1.8620469448709556,-1.9149541804300998,-0.05290723555914423,0.7856008903005995,0.7708624662615502,-0.014738424039049347,-1.4902271131456655,-1.5284943019901465,-0.03826718884448099,0.8738532322618502,0.862390822596288,-0.011462409665562223,-0.6163738808838153,-0.6661034793938585,-0.049729598510043216
1630172,Patrick Williams,8932.0,-1.4986751273415433,-1.585999492815085,-0.08732436547354161,-0.4214012137299973,-0.4214012137299973,0.0,-2.724464946115314,-2.7904885941834756,-0.06602364806816174,-0.31556714365001276,-0.30789462608002865,0.007672517569984105,-1.8829529544587298,-1.9438380332092908,-0.06088507875056104,-0.22104768371336458,-0.2098644641277856,0.011183219585578996,-2.1040006381720944,-2.1537024973370764,-0.04970185916498204
1631174,Tyler Burton,644.0,-1.827689900983429,-1.9210088008568253,-0.09331889987339625,-0.5298836673798254,-0.5298836673798254,0.0,-2.3089519727978787,-2.3914925559154985,-0.0825405831176198,-1.187992474669598,-1.1947703247426111,-0.006777850073013125,-2.8100626501407366,-2.853824113144214,-0.043761463003477274,-3.2891278346419863,-3.2948223479692733,-0.0056945133272869874,-6.0991904847827225,-6.148646461113487,-0.049455976330764706
1642848,Tre Johnson,3066.0,-0.4969205222201537,-0.3646455682553251,0.13227495396482858,-0.7530996470534307,-0.7530996470534307,0.0,-0.717181972621157,-0.6322502420402432,0.08493173058091386,-1.312255872806578,-1.3195206283360847,-0.007264755529506672,-1.3966930456329807,-1.3427045161532059,0.05398852947977484,-1.855040415703729,-1.8598624829410384,-0.00482206723730938,-3.25173346133671,-3.2025669990942442,0.04916646224246568
1642920,Kobe Sanders,2743.0,-1.1428663925354652,-1.1789229511276291,-0.036056558592163945,-0.30952368355477955,-0.30952368355477955,0.0,-0.9048181522201535,-1.0092585172885888,-0.10444036506843535,-0.5843005098952907,-0.5794074315262736,0.00489307836901709,-1.6373998263014802,-1.6952213202710937,-0.05782149396961356,-1.0901432159265656,-1.0805279360183695,0.009615279908196106,-2.7275430422280458,-2.7757492562894632,-0.04820621406141745
1631115,Orlando Robinson,2257.0,-1.4504148189752726,-1.372414636091385,0.07800018288388766,-0.3359746424320635,-0.3359746424320635,0.0,-1.8785163437416823,-1.8306298078757648,0.04788653586591751,-0.28627960455374213,-0.2716876636479702,0.014591940905771927,-1.7083075288611154,-1.6818293566775184,0.026478172183596937,-0.8982730818203442,-0.8765489743124975,0.0217241075078467,-2.6065806106814593,-2.558378330990016,0.048202279691443195
1629021,Moritz Wagner,4894.0,-0.729254629704853,-0.6493337881771469,0.07992084152770607,-0.6612341057834181,-0.6612341057834181,0.0,-0.6053754800636728,-0.552045004027063,0.053330476036609786,-1.2424957473875673,-1.2342479722811945,0.008247775106372757,-0.5617559622605746,-0.5266179086872524,0.035138053573322114,-1.3905129861980825,-1.3777577058219932,0.012755280376089306,-1.952268948458657,-1.9043756145092456,0.04789333394941142
1629018,Gary Trent Jr.,10804.0,-0.7634378929344061,-0.8068791147801683,-0.04344122184576216,-0.9563232891594775,-0.9563232891594775,0.0,-0.4359106170059308,-0.496707959048121,-0.06079734204219017,-2.903639005264604,-2.9015671334026756,0.002071871861928365,-0.37470168194158715,-0.4275608998742495,-0.05285921793266235,-2.6402776196052766,-2.634606359538864,0.005671260066412831,-3.0149793015468638,-3.0621672594131133,-0.04718795786624952
1642364,Jamir Watkins,2166.0,-1.279673569428121,-1.3484677989735119,-0.06879422954539094,0.5104727710385535,0.5104727710385535,0.0,-1.2678702041520482,-1.327724781328432,-0.05985457717638387,0.40667068182349775,0.3987624605219362,-0.007908221301561547,-1.8438400759460452,-1.8848228963245695,-0.0409828203785243,-0.07640122956737505,-0.08244876826676606,-0.0060475386993910085,-1.9202413055134202,-1.9672716645913355,-0.04703035907791531
1641723,Kobe Bufkin,921.0,-1.9418885984295078,-1.812179631397153,0.1297089670323548,-0.8112967102410901,-0.8112967102410901,0.0,-2.749546321759522,-2.6407259109371717,0.1088204108223505,-0.7934359093024982,-0.7976487747910377,-0.004212865488539497,-2.646538901225772,-2.5975611321646244,0.04897776906114748,-2.4154870134663655,-2.417453597147361,-0.0019665836809954484,-5.062025914692137,-5.015014729311986,0.04701118538015159
1641765,Olivier-Maxence Prosper,4020.0,-1.1335663140739132,-1.000390512334666,0.13317580173924726,-0.4013338778113892,-0.4013338778113892,0.0,-1.9269636099911565,-1.843209404076756,0.08375420591440053,-0.604097210899637,-0.6164049110068874,-0.012307700107250463,-1.381328507487262,-1.324355442753113,0.05697306473414909,-0.8150817104114698,-0.8252411242721762,-0.010159413860706401,-2.196410217898732,-2.1495965670252892,0.046813650873442914
1641803,Tristen Newton,62.0,-1.8396076373793542,-1.9800336911769505,-0.14042605379759632,-0.4519900318011514,-0.4519900318011514,0.0,-1.8518716023616146,-1.9935267460655648,-0.14165514370395016,-0.46747499699633616,-0.4637184127390285,0.0037565842573076824,-3.263871732049873,-3.320043512576654,-0.05617178052678096,-3.308842807109961,-3.2994747979662646,0.009368009143696288,-6.5727145391598345,-6.619518310542919,-0.046803771383084225
1629003,Shake Milton,2920.0,-0.8884562514066427,-0.768793197645077,0.11966305376156572,-0.7587488890392957,-0.7587488890392957,0.0,-1.204354331235196,-1.1459422157950043,0.05841211544019176,-0.7738394791329254,-0.7708497093128327,0.0029897698200926914,-1.3074044781171703,-1.2680365856034306,0.03936789251373973,-1.2620245248830813,-1.2547241665886615,0.007300358294419773,-2.5694290030002516,-2.522760752192092,0.046668250808159506
1631101,Shaedon Sharpe,9917.0,-0.15967144690564283,-0.24238496298314238,-0.08271351607749955,-0.8252942520808594,-0.8252942520808594,0.0,-0.10583297278282816,-0.16477155075703842,-0.05893857797421026,-1.508519822195934,-1.501473695829851,0.007046126366083039,-0.038293518809619176,-0.09504689071281591,-0.056753371903196737,-1.3553516192963802,-1.3449325031923016,0.01041911610407853,-1.3936451381059993,-1.4399793939051175,-0.04633425579911821
1642847,Jeremiah Fears,4445.0,-0.38910357119350114,-0.4249396634216943,-0.03583609222819317,-0.43877611878684286,-0.43877611878684286,0.0,-0.42225227364188306,-0.4780196846233412,-0.055767410981458154,-1.389337439170615,-1.3983649793228816,-0.009027540152266589,-1.2566026949849065,-1.2966475192795583,-0.04004482429465184,-1.6219901531256653,-1.6282701888481488,-0.006280035722483479,-2.878592848110572,-2.9249177081277073,-0.04632486001713554
1642277,Johnny Furphy,2141.0,-1.5145642984746335,-1.391908545762584,0.12265575271204954,0.024511240977342003,0.024511240977342003,0.0,-1.6436004542383544,-1.5536948615879143,0.08990559265044018,0.27664109383560354,0.2702974603249312,-0.006343633510672353,-1.747195724899044,-1.6968375860828622,0.050358138816181786,-0.24676193954738412,-0.2508834057184548,-0.004121466171070676,-1.993957664446428,-1.947720991801317,0.04623667264511111
1642368,N'Faly Dante,140.0,-1.6641027536281887,-1.533586411420854,0.13051634220733477,0.49788251863427857,0.49788251863427857,0.0,-1.5245824322183783,-1.3917317942910727,0.13285063792730556,0.6454665689492564,0.6445444552269879,-0.0009221137222684694,-3.0463238762939007,-3.002878393075818,0.043445483218082614,-1.4815385513362698,-1.479154999928673,0.002383551407596718,-4.52786242763017,-4.482033393004491,0.045829034625679554
1629628,RJ Barrett,11305.0,-0.2769388659712373,-0.185709427113954,0.0912294388572833,-0.41707984707115153,-0.41707984707115153,0.0,0.9448920364449476,1.0357523925384466,0.09086035609349907,-0.06504939464110843,-0.09530385442572142,-0.030254459784612997,0.6161410531321114,0.685913064824581,0.0697720116924696,-0.016429677351852856,-0.040473758978585295,-0.02404408162673244,0.5997113757802586,0.6454393058459957,0.045727930065737166
1628977,Hamidou Diallo,10.0,-1.4184039186403694,-1.282078342538762,0.13632557610160734,-0.5396091912589314,-0.5396091912589314,0.0,-1.4262379024448153,-1.2902415903135414,0.13599631213127394,-0.5317026446828784,-0.531678531300286,2.4113382592449994e-05,-3.203469009614378,-3.16160889766031,0.041860111954068024,-3.537242207812437,-3.5334581139035395,0.0037840939088975567,-6.740711217426815,-6.695067011563849,0.045644205862966025
201935,James Harden,15551.0,3.550613348859107,3.489438711885427,-0.06117463697368031,0.48060538336918646,0.48060538336918646,0.0,3.778073958288143,3.735621214732502,-0.04245274355564099,-0.6056861665489882,-0.6093965839736412,-0.0037104174246529453,3.129695890120906,3.083610323415624,-0.04608556670528241,-0.6145060506260664,-0.6139074286186772,0.000598622007389249,2.5151898394948398,2.4697028947969466,-0.04548694469789316
1628381,John Collins,10235.0,-1.1708953680230325,-1.0325489153561802,0.1383464526668523,0.6284452301707086,0.6284452301707086,0.0,-0.9205476964850862,-0.8717689848446221,0.0487787116404641,-0.20215591465104332,-0.20883222530167633,-0.0066763106506330105,-0.7378400390885471,-0.6901324970276312,0.047707542060915875,-0.12271060825020674,-0.12523892378089396,-0.0025283155306872196,-0.8605506473387539,-0.8153714208085252,0.045179226530228656
1631200,Kris Murray,7695.0,-1.4006557345130122,-1.292552181388964,0.10810355312404818,-0.2216893563066573,-0.2216893563066573,0.0,-1.5580154178539645,-1.4851199002114754,0.07289551764248903,0.48437033598801293,0.4704428194377842,-0.013927516550228725,-1.1128108172287448,-1.0574543375820529,0.05535647964669188,0.5687271363650765,0.5585409125869911,-0.010186223778085424,-0.5440836808636682,-0.49891342499506175,0.04517025586860646
1630828,Alex Antetokounmpo,46.0,-0.9516446304108648,-0.8243019531299516,0.1273426772809132,-0.6709853087988107,-0.6709853087988107,0.0,-0.980910507840051,-0.8526187928271851,0.12829171501286585,-0.7412049907654696,-0.7401535960658249,0.0010513946996447698,-2.9835200706795755,-2.943678866461885,0.03984120421769033,-3.7588273208655196,-3.75350282025298,0.005324500612539751,-6.7423473915450955,-6.697181686714865,0.045165704830230524
1631222,Jake LaRavia,8728.0,-0.9687347736711647,-1.1659994036313228,-0.19726462996015814,0.16502154644877118,0.16502154644877118,0.0,0.04897258354534473,-0.008086956798451173,-0.0570595403437959,-0.17528747838410166,-0.15124806545306255,0.024039412931039117,-0.05705043108551244,-0.12887213209031279,-0.07182170100480034,-0.08472873389799052,-0.05756664000446765,0.027162093893522865,-0.14177916498350296,-0.18643877209478044,-0.04465960711127748
1641771,Jalen Slawson,707.0,-1.3411551395455004,-1.4907212824065572,-0.14956614286105685,1.1028276418942036,1.1028276418942036,0.0,-1.3936388193478484,-1.5294285980999496,-0.1357897787521012,0.6680446809819516,0.6830724306995895,0.015027749717637873,-2.3283644844557267,-2.3971161000200185,-0.06875161556429177,-0.6356539198620048,-0.6111041972529634,0.024549722609041424,-2.9640184043177316,-3.008220297272982,-0.044201892955250344
1631127,Harrison Ingram,130.0,-1.1628252310183609,-1.0534987801515108,0.10932645086685011,-0.2022914376564372,-0.2022914376564372,0.0,-1.03053042266534,-0.9205964882960588,0.10993393436928123,-0.09878101986590897,-0.09513420290099231,0.0036468169649166576,-2.8771164150841857,-2.842115356809006,0.03500105827517963,-2.603982423761826,-2.594831993636857,0.009150430124968967,-5.481098838846012,-5.4369473504458625,0.04415148840014904
1630557,Corey Kispert,10052.0,-0.665790594158213,-0.6877033799927805,-0.021912785834567572,-1.0811154548711894,-1.0811154548711894,0.0,-1.2159079605849943,-1.2896111901245864,-0.07370322953959207,-2.291269631093164,-2.2813652647032434,0.00990436638992076,-0.823543550867019,-0.8807879980719295,-0.05724444720491051,-2.0921207350985807,-2.079024087128387,0.013096647970193498,-2.9156642859655997,-2.9598120852003165,-0.04414779923471679
1631114,Jalen Williams,11327.0,1.1937288822374466,1.080322098512114,-0.11340678372533253,-0.17863415751653136,-0.17863415751653136,0.0,0.7851267689288302,0.9114621205722553,0.12633535164342513,0.9595224193498277,0.9346746562307446,-0.0248477631190831,0.7485769271673024,0.8109949114329345,0.062417984265632054,0.9237743548701891,0.904707339901186,-0.019067014969003093,1.6723512820374915,1.7157022513341205,0.04335096929662896
1642269,Devin Carter,2253.0,-1.3809859551892574,-1.4465618882661664,-0.06557593307690901,-0.0635388508722099,-0.0635388508722099,0.0,-1.1124526319208088,-1.1919861265356613,-0.07953349461485248,-0.008610312448488651,-0.007000933781148369,0.0016093786673402818,-1.4791951353835329,-1.5282631440616434,-0.049068008678110564,-0.5576818901463914,-0.5519510360434046,0.005730854102986793,-2.0368770255299244,-2.080214180105048,-0.04333715457512355
1630570,Trendon Watford,5366.0,-1.7381086972028985,-1.7212772814499058,0.01683141575299274,-0.4933490223963918,-0.4933490223963918,0.0,-2.146020348415185,-2.108030019461538,0.03799032895364718,-0.9856956690104333,-0.9656832789780188,0.020012390032414507,-1.5221466671469028,-1.5043127921848132,0.017833874962089658,-1.0551260844960897,-1.0298858758863458,0.025240208609743853,-2.5772727516429925,-2.5341986680711592,0.04307408357183329
1629678,Admiral Schofield,174.0,-2.27498634021509,-2.363820230274273,-0.08883389005918296,-0.7057381255154763,-0.7057381255154763,0.0,-2.4166403797686327,-2.5030825759038593,-0.08644219613522663,-0.7397721776383799,-0.7451587660927965,-0.005386588454416641,-3.315086927445005,-3.353696250267738,-0.03860932282273266,-3.4556905015803903,-3.459874404414881,-0.004183902834490549,-6.7707774290253955,-6.813570654682619,-0.04279322565722321
1629614,Andrew Nembhard,11170.0,-0.31378810440097116,-0.39118047773177855,-0.0773923733308074,-0.40224546100205305,-0.40224546100205305,0.0,-0.5450778225367612,-0.5123084535942379,0.03276936894252325,0.11889931971367407,0.06355427591898977,-0.0553450437946843,-0.36786048453661646,-0.36325662347368626,0.0046038610629302035,0.15626914146581194,0.10903286586974481,-0.047236275596067134,-0.21159134307080452,-0.25422375760394145,-0.04263241453313693
1629717,Armoni Brooks,211.0,-1.8779761694844437,-1.7556119670270758,0.1223642024573679,-0.919895922286617,-0.919895922286617,0.0,-1.5535985420753562,-1.4325780923810103,0.12102044969434589,-1.134622874879721,-1.1361320017289915,-0.0015091268492706256,-3.0143466202394444,-2.973332362037594,0.04101425820185023,-3.9559042253713343,-3.954367610973814,0.0015366143975201751,-6.970250845610779,-6.927699973011409,0.04255087259936996
1630568,Luka Garza,2954.0,-0.45984955576219866,-0.6007588947923641,-0.14090933903016545,-0.35416439428521407,-0.35416439428521407,0.0,0.20576623449959985,0.18226190643334428,-0.023504328066255575,-0.06051146566050353,-0.06748844394103981,-0.0069769782805362834,-0.45193241539596496,-0.4898922597733111,-0.03795984437734612,-0.405771654996677,-0.4103001884520441,-0.004528533455367079,-0.857704070392642,-0.9001924482253552,-0.0424883778327132
1642910,John Tonje,90.0,-1.647277482800678,-1.7468404055817772,-0.09956292278109924,-0.1896066255446457,-0.1896066255446457,0.0,-1.6599382363172832,-1.7579420923738742,-0.09800385605659101,-0.18996933562684634,-0.19313579321297267,-0.0031664575861263256,-3.163574451924801,-3.205023510604479,-0.041449058679678075,-2.8283081357568207,-2.829278358820522,-0.0009702230637014253,-5.991882587681621,-6.034301869425001,-0.0424192817433795
1631376,Dmytro Skapintsev,5.0,-1.6951752246174245,-1.8105819764056508,-0.11540675178822624,-0.39436017046015626,-0.39436017046015626,0.0,-1.7078281973704466,-1.8228974091974188,-0.11506921182697227,-0.3745957893476147,-0.3748296022807301,-0.00023381293311536266,-3.3089784240041835,-3.3546450916232855,-0.045666667619101986,-3.313384724384362,-3.309989843561157,0.0033948808232047156,-6.622363148388546,-6.664634935184443,-0.04227178679589727
1630608,Malcolm Cazalon,6.0,-1.75898973343809,-1.6295100318363538,0.12947970160173616,-0.28537217324991704,-0.28537217324991704,0.0,-1.730129284927169,-1.6002625636424352,0.12986672128473375,-0.2952082558362704,-0.29587461694032935,-0.0006663611040589323,-3.3214230879124234,-3.281908871020943,0.03951421689148038,-3.19098041874478,-3.1882381480119957,0.0027422707327842133,-6.512403506657203,-6.470147019032939,0.042256487624264594
1641715,Cam Whitmore,4335.0,-0.6453778755473082,-0.6610220124195492,-0.015644136872240977,-0.8953511903910351,-0.8953511903910351,0.0,-0.48287229830097883,-0.5261792699003485,-0.04330697159936964,-1.0393370014497616,-1.0533617562733641,-0.014024754823602548,-0.5355805451291391,-0.5658928554801244,-0.03031231035098525,-1.251002947955684,-1.2629013503950288,-0.011898402439344924,-1.786583493084823,-1.8287942058751532,-0.042210712790330174
1642855,Noa Essengue,14.0,-1.033806922994417,-0.9072793873832443,0.12652753561117258,-0.8688800324883003,-0.8688800324883003,0.0,-1.103853817928484,-0.9771297829992374,0.12672403492924667,-0.8944531136359872,-0.8946948527996849,-0.0002417391636976296,-3.074618609223791,-3.035975645628542,0.03864296359524921,-4.073392110010127,-4.070008682755238,0.003383427254889604,-7.148010719233918,-7.10598432838378,0.04202639085013793
1626162,Kelly Oubre Jr.,11616.0,-1.3025981874743993,-1.143719148996096,0.1588790384783032,0.3956245013309322,0.3956245013309322,0.0,-1.067429062828688,-0.9938826090864533,0.07354645374223467,-0.37280010185964507,-0.40662858746060915,-0.033828485600964076,-0.9191958763890415,-0.8504004038893049,0.06879547249973661,-0.3051737183076302,-0.33230186318578836,-0.027128144878158178,-1.2243695946966717,-1.1827022670750933,0.04166732762157843
1641789,Jazian Gortman,122.0,-1.8719660958085234,-1.750306315140898,0.1216597806676254,-0.4534651756969852,-0.4534651756969852,0.0,-1.856215781869382,-1.7425190769754186,0.11369670489396344,-0.31682630735470135,-0.3166828917780611,0.00014341557664027116,-3.1950385373098125,-3.1574858889142305,0.03755264839558192,-2.9446988822340505,-2.940738442097986,0.003960440136064669,-6.139737419543863,-6.098224331012217,0.04151308853164615
1629011,Mitchell Robinson,4411.0,-1.185852452073839,-1.1725681869413485,0.01328426513249048,0.8779812215051573,0.8779812215051573,0.0,-0.5455670756692251,-0.4817436846593881,0.06382339100983703,1.324386905703497,1.3318055691756459,0.007418663472148923,-0.6563043095192733,-0.626822940828418,0.02948136869085527,1.3904877820306787,1.4024871004690351,0.011999318438356443,0.7341834725114054,0.7756641596406171,0.04148068712921171
1641869,Malachi Smith,739.0,-0.7794902661923402,-0.8646210968015896,-0.08513083060924942,-0.3642584488653554,-0.3642584488653554,0.0,-1.017714799231343,-1.0918802065525892,-0.07416540732124632,-0.6409304034974614,-0.6439458464346941,-0.0030154429372326597,-2.2117377889548546,-2.252624483816988,-0.04088669486213359,-2.4089555901867725,-2.4093687480780916,-0.00041315789131912695,-4.620693379141628,-4.66199323189508,-0.04129985275345227
1630181,R.J. Hampton,156.0,-2.4585839088982064,-2.3239428011830316,0.1346411077151748,-0.6253352050336077,-0.6253352050336077,0.0,-2.347533354440318,-2.2127763739695845,0.13475698047073337,-0.6268691619103846,-0.6321629451958701,-0.005293783285485576,-3.3472685655438523,-3.30241319236442,0.044855373179432334,-3.3284342889323444,-3.332500819722031,-0.004066530789686773,-6.675702854476197,-6.634914012086451,0.04078884238974556
1642505,Alex Ducas,260.0,-1.5493004482196988,-1.4359853628398207,0.11331508537987811,-0.4888431521460802,-0.4888431521460802,0.0,-1.6390961832032138,-1.536765074095763,0.1023311091074508,-0.6076457293363007,-0.6070288621588876,0.0006168671774130496,-2.9237393034964705,-2.887635271763346,0.036104031733124486,-3.086532881421132,-3.081887105857995,0.004645775563137278,-6.010272184917603,-5.969522377621341,0.040749807296261764
1631451,Javonte Cooke,190.0,-1.749512097247765,-1.8664507013355114,-0.11693860408774648,-0.5873876975802906,-0.5873876975802906,0.0,-2.1782329592502117,-2.3002891576983826,-0.12205619844817095,-0.4019555152066825,-0.3973690092882779,0.004586505918404593,-3.1610445785108503,-3.212266688463986,-0.051222109953135586,-2.92504442250262,-2.9145577951958823,0.010486627306737883,-6.0860890010134705,-6.126824483659869,-0.04073548264639815
1642911,Rocco Zikarsky,74.0,-1.3404951891690393,-1.2309754859039272,0.10951970326511207,0.4770051141714551,0.4770051141714551,0.0,-1.3092798606796328,-1.2040471306030733,0.10523273007655942,0.3277758109505744,0.3304005688911199,0.002624757940545508,-3.0649787993451216,-3.0319956086405555,0.03298319070456612,-2.0921160722936287,-2.084448356184631,0.007667716108997524,-5.15709487163875,-5.116443964825187,0.0406509068135632
1642348,Justin Edwards,4426.0,-0.48255188287754436,-0.4390637622287319,0.04348812064881247,-0.05133917329079621,-0.05133917329079621,0.0,-0.10981800182777318,-0.05922721915016149,0.05059078267761169,-1.3262914825581862,-1.317832115332641,0.008459367225545078,-0.5142532879376795,-0.48696769307488763,0.027285594862791918,-1.5552089712313224,-1.5420576255059912,0.013151345725331165,-2.069462259169002,-2.029025318580879,0.04043694058812308
1629060,Rui Hachimura,11581.0,-1.1009646524360845,-1.123100587484969,-0.02213593504888456,-0.4149451566162249,-0.4149451566162249,0.0,-0.17307399097862863,-0.11186064498964066,0.06121334598898798,-0.20408974166450067,-0.19977221136493006,0.004317530299570604,-0.2737878528191513,-0.2411643508017982,0.03262350201735309,-0.15037036276879068,-0.14267911426336566,0.007691248505425019,-0.424158215587942,-0.38384346506516387,0.04031475052277811
1642955,Kadary Richmond,148.0,-0.9338289090169253,-1.0342898850321678,-0.10046097601524251,0.1887219155724885,0.1887219155724885,0.0,-0.9539785847048822,-1.0490792120650299,-0.09510062736014768,0.34557434002730547,0.34415903214396976,-0.0014153078833357147,-2.817096022900297,-2.8590202752580507,-0.041924252357753655,-1.9090118125469824,-1.907355562522055,0.0016562500249273082,-4.726107835447279,-4.766375837780106,-0.04026800233282657
1629023,P.J. Washington,12056.0,-1.0565867541476095,-1.1025409477799741,-0.04595419363236464,0.48499951101874395,0.48499951101874395,0.0,-1.4597006829818397,-1.4742645973281263,-0.014563914346286566,0.8347659481526373,0.8117073018710532,-0.02305864628158405,-1.15529828152026,-1.1779544559406698,-0.022656174420409902,0.7777750069551566,0.7606630372558181,-0.01711196969933848,-0.3775232745651034,-0.41729141868485176,-0.03976814411974838
1628969,Mikal Bridges,17319.0,0.9309944890499453,0.8236475154466985,-0.10734697360324685,-0.27051254840214495,-0.27051254840214495,0.0,0.8210578742781425,0.8189074080408965,-0.002150466237246018,0.827766059111601,0.8039763717531949,-0.02378968735840603,0.4618360841581928,0.43815837241507216,-0.02367771174312061,0.5100112724116639,0.49413736156897325,-0.01587391084269063,0.9718473565698567,0.9322957339840454,-0.03955162258581124
1641806,Markquis Nowell,7.0,-1.4116145163406368,-1.2906689933215454,0.12094552301909145,-0.3871050634372306,-0.3871050634372306,0.0,-1.4124173714477026,-1.292803418551057,0.11961395289664556,-0.3546456029531728,-0.3549681550831775,-0.00032255213000464966,-3.204809089003439,-3.168575429340636,0.036233659662802786,-3.278055120666996,-3.2747940066147994,0.0032611140521967563,-6.482864209670435,-6.443369435955436,0.0394947737149991
1630561,David Duke Jr.,182.0,-1.5483375668792916,-1.6875366811739356,-0.13919911429464404,-0.7288701120385782,-0.7288701120385782,0.0,-1.356809406668102,-1.4869013417846046,-0.13009193511650263,-0.6733099489623313,-0.6642902462732297,0.009019702689101572,-2.9287102455393197,-2.984999065875843,-0.05628882033652349,-3.3407003589014876,-3.3236857493164482,0.01701460958503942,-6.269410604440807,-6.308684815192292,-0.03927421075148452
1641796,Pelle Larsson,5558.0,-1.0704429696782205,-0.9723708372608779,0.09807213241734258,-0.26205858224581313,-0.26205858224581313,0.0,-0.15057251450032938,-0.05485505125565504,0.09571746324467434,0.28929255450502245,0.2639518484221067,-0.02534070608291572,-0.5501086372258723,-0.48757890194149756,0.06252973528437478,0.3246044207281056,0.3013147891481567,-0.0232896315799489,-0.22550421649776675,-0.18626411279334087,0.03924010370442588
1630545,Terrence Shannon Jr,1842.0,-1.9011894239908973,-1.7874933673688036,0.1136960566220937,-0.8299571585505723,-0.8299571585505723,0.0,-1.755068388887926,-1.6514796945106862,0.10358869437723972,-1.732031034696337,-1.745634523525714,-0.013603488829377008,-1.943304059707797,-1.890654247097272,0.05264981261052504,-2.9094211993100467,-2.922869211416937,-0.013448012106890062,-4.852725259017844,-4.813523458514209,0.0392018005036352
1629007,Jontay Porter,760.0,-1.3202221181721738,-1.4183325133985971,-0.09811039522642329,0.5191121046626265,0.5191121046626265,0.0,-1.5082154027430792,-1.591331619491569,-0.08311621674848979,0.781401779245688,0.7834827513292961,0.0020809720836081347,-2.422239533472338,-2.467990571694653,-0.045751038222314744,-0.425602183962865,-0.4189888893803535,0.006613294582511475,-2.847841717435203,-2.8869794610750064,-0.03913774363980327
202722,Davis Bertans,1362.0,0.6348304338342912,0.6769998727284403,0.04216943889414915,-0.40242744673985853,-0.40242744673985853,0.0,0.2950207675201377,0.37616305507772513,0.08114228755758746,-0.6658436089859712,-0.6619119058261007,0.003931703159870459,-1.1927504319061624,-1.1627954314524866,0.029955000453675718,-1.8614014155237988,-1.8525122770214124,0.008889138502386373,-3.054151847429961,-3.015307708473899,0.03884413895606187
1642268,Isaiah Collier,7092.0,-0.7613140018732217,-0.6524911334078121,0.10882286846540967,-0.40657461021925323,-0.40657461021925323,0.0,-1.371911584127166,-1.3418311339397717,0.03008045018739436,-2.0734476044003154,-2.0676471740924245,0.0058004303078909025,-1.2026939626287638,-1.1737158780737338,0.028978084555030037,-2.0341543762137757,-2.024505257111112,0.00964911910266375,-3.2368483388425395,-3.1982211351848457,0.03862720365769379
1630164,James Wiseman,2394.0,-2.447512525780181,-2.375485260419098,0.07202726536108273,-0.22869973006751557,-0.22869973006751557,0.0,-3.2842769085198094,-3.2208904443507347,0.06338646416907467,-1.4495008355712937,-1.4478100565051812,0.00169077906611248,-2.422659603804923,-2.3900803098083916,0.032579293996531256,-2.268659753871377,-2.262845507942717,0.005814245928659645,-4.691319357676299,-4.652925817751109,0.03839353992519001
1642928,Dylan Cardwell,1868.0,-1.2710149100976633,-1.1635361899949737,0.10747872010268966,0.9430766225420658,0.9430766225420658,0.0,-1.5456797699431095,-1.4884754660323467,0.05720430391076281,1.7306637384009769,1.7308623427792966,0.00019860437831975553,-2.0105228901878087,-1.9770075776017426,0.033515312586066104,1.4762627935363586,1.4802611489236548,0.003998355387296204,-0.5342600966514501,-0.4967464286780878,0.03751366797336231
1626157,Karl-Anthony Towns,13884.0,1.4148088478499499,1.2758908602701229,-0.13891798757982698,0.4348845314727381,0.4348845314727381,0.0,2.322973279154421,2.315920607298463,-0.007052671855958259,0.709098565236649,0.6994779492407902,-0.009620615995858839,1.7756907653580405,1.7437679082881687,-0.031922857069871746,0.5821440698528244,0.5774858211802081,-0.0046582486726163275,2.357834835210865,2.321253729468377,-0.036581105742488074
1629651,Nic Claxton,11820.0,-0.624416299718438,-0.729066902665475,-0.10465060294703699,1.190974268222513,1.190974268222513,0.0,-2.5740101244212434,-2.596573246631923,-0.022563122210679687,1.389301738823359,1.3857296636277125,-0.003572075195646507,-1.8752476733935275,-1.9123180626499074,-0.037070389256379954,1.2922064541393414,1.2927073950974504,0.0005009409581089308,-0.5830412192541861,-0.6196106675524571,-0.03656944829827102
1642281,Jaylon Tyson,4623.0,-0.6265447541054666,-0.6824140160257391,-0.05586926192027253,-0.3538643861707361,-0.3538643861707361,0.0,-0.5216371700337697,-0.5380836842722958,-0.016446514238526055,-0.0803752617327464,-0.09592766363486765,-0.01555240190212126,-0.7299835889393758,-0.7527913146211953,-0.022807725681819546,-0.148192149610189,-0.16160205130691985,-0.013409901696730842,-0.8781757385495648,-0.9143933659281152,-0.03621762737855039
1631257,Jermaine Samuels Jr.,133.0,-2.0206295430154255,-1.9226615838072716,0.09796795920815393,-0.3035857657390665,-0.3035857657390665,0.0,-1.9925328643080187,-1.8925096314192635,0.10002323288875514,-0.5108171231486791,-0.509956363660919,0.0008607594877600988,-3.2318042390002564,-3.200643299119718,0.031160939880538585,-3.2077004949719496,-3.202678100088744,0.00502239488320555,-6.439504733972206,-6.403321399208462,0.036183334763744135
1631095,Jabari Smith Jr.,13846.0,-0.6504180442398306,-0.5532374277338583,0.09718061650597232,0.2604088998688777,0.2604088998688777,0.0,-0.6243452755403641,-0.5859790281878275,0.038366247352536575,0.7057329019572818,0.7009545265448169,-0.004778375412464841,-0.6273748838001096,-0.5907767374457067,0.03659814635440295,0.5809874641923836,0.5805572274133528,-0.0004302367790307571,-0.04638741960772608,-0.010219510032353885,0.03616790957537219
1642354,KJ Simpson,2211.0,-1.595071368829203,-1.4668948049560473,0.1281765638731558,-0.4128626468236941,-0.4128626468236941,0.0,-2.362110010145467,-2.3022797956408567,0.059830214504610346,-1.0037625968418602,-1.0091923129735094,-0.00542971613164922,-2.0519992106284874,-2.012973138610214,0.03902607201827335,-1.8027450584055993,-1.8057046095077545,-0.002959551102155178,-3.8547442690340867,-3.8186777481179686,0.03606652091611817
1631303,Justin Minaya,962.0,-1.4858798833399276,-1.526090306022979,-0.040210422683051306,-0.2686173239332154,-0.2686173239332154,0.0,-1.979245339035878,-2.0110576361542805,-0.0318122971184025,-0.18240522357449507,-0.19553519044094525,-0.013129966866450182,-2.351003370638201,-2.373046125059121,-0.022042754420919852,-1.54792120633793,-1.5619175495421733,-0.013996343204243367,-3.898924576976131,-3.934963674601294,-0.03603909762516322
1628997,Caleb Martin,7772.0,-0.7922560299052958,-0.7596341407003997,0.03262188920489606,-0.029364194999899645,-0.029364194999899645,0.0,-1.9121041515322457,-2.0128694895181622,-0.10076533798591658,0.7004268628773379,0.7230861653102558,0.022659302432917916,-1.2388874832936059,-1.3010269059415722,-0.06213942264796635,0.7840951927881132,0.8104656091953957,0.026370416407282438,-0.45479229050549264,-0.49056129674617655,-0.03576900624068391
203995,Vasilije Micic,3889.0,-0.5933348784158767,-0.6605705410589167,-0.06723566264303993,-0.8907953104906223,-0.8907953104906223,0.0,-0.981160992638457,-1.0179134104501044,-0.0367524178116474,-1.166593782586317,-1.1711204677966385,-0.004526685210321402,-1.026195335645639,-1.0604229419838025,-0.03422760633816346,-1.4770674740271517,-1.4784629081389271,-0.001395434111775451,-2.5032628096727905,-2.5388858501227296,-0.035623040449939136
1629611,Terance Mann,9697.0,-0.5992867526689746,-0.6764382175412401,-0.07715146487226554,-0.10735448946765518,-0.10735448946765518,0.0,-0.23105091125065824,-0.2606765359897847,-0.029625624739126444,-1.285227931125048,-1.2880653866122704,-0.0028374554872223623,-0.19579878655491312,-0.23245122479044467,-0.03665243823553155,-1.146693523504223,-1.1456459561090635,0.0010475673951595432,-1.3424923100591362,-1.3780971808995082,-0.035604870840372005
1641709,Ausar Thompson,9956.0,-0.7451484413750658,-0.7569928676026976,-0.011844426227631821,1.1307548827936449,1.1307548827936449,0.0,-0.05856042521641658,-0.11591373943340011,-0.05735331421698353,3.009464376822792,3.015354579960408,0.0058902031376160124,-0.09390158215584465,-0.13879642353908084,-0.044894841383236184,2.9191714795948815,2.9284911977857226,0.009319718190841098,2.825269897439037,2.789694774246642,-0.035575123192395086
1631112,Kendall Brown,129.0,-1.4642145491932708,-1.5547397045111138,-0.090525155317843,-0.8114609372694469,-0.8114609372694469,0.0,-1.693971398744523,-1.7847439838361436,-0.09077258509162056,-0.6506391996640577,-0.6507192261607223,-8.002649666460915e-05,-3.086395028362743,-3.125553171844509,-0.03915814348176605,-3.4238214481966764,-3.4201922906318645,0.003629157564811969,-6.510216476559419,-6.545745462476374,-0.035528985916954525
1631102,TyTy Washington Jr.,533.0,-1.2958194530392844,-1.3819451406485725,-0.08612568760928818,-0.6636811648610569,-0.6636811648610569,0.0,-1.689601926514453,-1.7800433710137502,-0.09044144449929714,-0.5805748578094594,-0.5772380073528433,0.003336850456616136,-2.536724991993594,-2.5804522447923617,-0.04372725279876777,-2.5938767192503107,-2.5854254213210837,0.008451297929227053,-5.130601711243905,-5.165877666113445,-0.03527595486954027
1642383,Walter Clayton Jr.,2968.0,-0.9056418799351766,-0.8729136773821587,0.03272820255301789,-0.6838523448408576,-0.6838523448408576,0.0,-0.6399591078222857,-0.6603557578242044,-0.020396650001918704,-2.0550290550889234,-2.0200669975795944,0.034962057509329014,-1.4247004309223588,-1.434636197635035,-0.009935766712676264,-2.766547616982563,-2.7213561503597625,0.04519146662280038,-4.191248047904922,-4.155992347994798,0.035255699910123894
1643007,Taelon Peter,1056.0,-1.2891233886343991,-1.354657847067233,-0.0655344584328339,-0.39480014428370835,-0.39480014428370835,0.0,-1.7234409798832089,-1.7789150417615078,-0.05547406187829895,-0.6454340963401008,-0.6488910495719338,-0.0034569532318329266,-2.3209462993487846,-2.3550109587811723,-0.03406465943238768,-2.0844689380506494,-2.0853548586227397,-0.0008859205720903596,-4.405415237399434,-4.440365817403912,-0.034950580004477594
1642389,Zyon Pullin,100.0,-0.7902273971309726,-0.7070118410883592,0.08321555604261333,-0.4304513716368934,-0.4304513716368934,0.0,-0.6904360466356262,-0.6142890078158887,0.0761470388197375,-0.6010586206543025,-0.5957910719545765,0.00526754869972601,-2.796969983346066,-2.773694569087133,0.023275414258933314,-3.4171860008288144,-3.4056010719608993,0.011584928867915067,-6.21415598417488,-6.179295641048032,0.03486034312684794
1630165,Killian Hayes,3266.0,-1.7603625733841324,-1.7075738046744378,0.05278876870969462,-0.10940648681878798,-0.10940648681878798,0.0,-2.1141238752243066,-2.112756709161699,0.001367166062607339,-0.5763952050643332,-0.5525118217913384,0.023883383272994774,-1.6608777042789487,-1.6577461075661533,0.0031315967127953925,-0.9362334795439269,-0.9045822829057824,0.03165119663814453,-2.5971111838228755,-2.5623283904719356,0.03478279335093992
1642266,Ja'Kobe Walter,5290.0,-0.46409292151699355,-0.5185997139592051,-0.05450679244221157,-0.11875362598112423,-0.11875362598112423,0.0,-0.6515070545150741,-0.6929220081857226,-0.04141495367064851,-0.38846063126288416,-0.3895723257817423,-0.0011116945188581195,-0.7489258334924054,-0.7855308269097383,-0.03660499341733292,-0.42014758779899264,-0.4175969168534892,0.0025506709455034304,-1.169073421291398,-1.2031277437632275,-0.03405432247182949
1631211,Trevor Keels,42.0,-2.286703804008103,-2.3767913354066557,-0.09008753139855274,-0.966330597978155,-0.966330597978155,0.0,-2.3870436615069117,-2.4759270613736537,-0.08888339986674199,-0.8631539098059942,-0.8634488802307259,-0.00029497042473169977,-3.4771668239345725,-3.5144789816736752,-0.03731215773910268,-3.952074914159739,-3.9487698132478712,0.0033051009118678643,-7.429241738094312,-7.4632487949215465,-0.03400705682723437
1641738,Kobe Brown,3321.0,-1.6902682692312174,-1.5904449291230733,0.09982334010814409,-0.41062287560977395,-0.41062287560977395,0.0,-1.961493737506977,-1.8973048639491035,0.0641888735578735,-1.748592191417091,-1.757141709973034,-0.008549518555942992,-1.5716286489231808,-1.5314670465380484,0.04016160238513233,-2.289100212142775,-2.2953152464470103,-0.006215034304235534,-3.8607288610659554,-3.826782292985059,0.033946568080896355
1631173,Terquavion Smith,193.0,-0.6594038555905821,-0.7163946817314525,-0.056990826140870365,-0.9930909167615452,-0.9930909167615452,0.0,-0.6248641752021128,-0.6834860711827215,-0.05862189598060874,-1.0290250010309447,-1.035815639471071,-0.006790638440126173,-2.6387361471900994,-2.666405838307248,-0.027669691117148787,-3.8398618845381427,-3.8460875210311496,-0.006225636493006892,-6.478598031728242,-6.512493359338398,-0.03389532761015612
1630166,Deni Avdija,13883.0,0.4949883766936669,0.3838354678621545,-0.11115290883151241,-0.09289625746452793,-0.09289625746452793,0.0,2.0231122162381316,2.004925730138172,-0.01818648609995943,-0.00517334578731983,-0.007482358631809294,-0.0023090128444894636,1.4602619550441083,1.4246652318737323,-0.03559672317037599,-0.04191288026613016,-0.0401826768646143,0.0017302034015158618,1.4183490747779781,1.384482555009118,-0.033866519768860126
1641716,Jarace Walker,7376.0,-0.7608953644397363,-0.794646616166537,-0.03375125172680071,-0.26087419320868926,-0.26087419320868926,0.0,-2.096868908076469,-2.1270422767449277,-0.030173368668458878,-0.9635845438734427,-0.9720520643891379,-0.008467520515695215,-1.3254504444598483,-1.3543877500451273,-0.02893730558527907,-0.8922025796450939,-0.8970008916255474,-0.004798311980453551,-2.2176530241049424,-2.2513886416706748,-0.0337356175657324
1626171,Bobby Portis,9975.0,-0.0392996630836302,-0.03840833180622372,0.0008913312774064819,-0.6230248908828886,-0.6230248908828886,0.0,-0.0019250187640245942,-0.03872411513115916,-0.03679909636713457,-2.139211352820483,-2.1473733686464715,-0.008162015825988522,0.04408464820534075,0.014559513491845255,-0.029525134713495493,-1.950793342306917,-1.9547633407516538,-0.0039699984447367775,-1.9067086941015763,-1.9402038272598086,-0.03349513315823227
1641761,Grant Nelson,70.0,-1.0615088655393108,-0.9531429530250388,0.10836591251427197,0.36897988874691223,0.36897988874691223,0.0,-1.0078573162662368,-0.9002206402663835,0.10763667599985327,0.4027323394886511,0.40028959770957734,-0.002442741779073776,-2.9673339458121,-2.934106749117359,0.03322719669474106,-1.9890359976902714,-1.9889385633381005,9.74343521709109e-05,-4.956369943502372,-4.92304531245546,0.03332463104691197
1630550,JT Thor,2101.0,-2.180323030488048,-2.127502843701591,0.05282018678645706,-0.014225399189983085,-0.014225399189983085,0.0,-2.702299398056362,-2.6938251496958667,0.008474248360495373,-0.22094028944264968,-0.20198684205784145,0.018953447384808225,-2.300153599858959,-2.294180747615638,0.00597285224332067,-0.880701513917574,-0.8533850024389704,0.02731651147860359,-3.180855113776533,-3.147565750054609,0.03328936372192404
1642280,Trentyn Flowers,68.0,-1.8200331632916473,-1.7091895921705893,0.11084357112105803,-0.6334112999400306,-0.6334112999400306,0.0,-1.9249525921350843,-1.8142892886563742,0.11066330347871012,-0.82005733501474,-0.8232042980402211,-0.00314696302548112,-3.2659706207570016,-3.231778556163459,0.034192064593542515,-3.8212952105135676,-3.822251513252083,-0.0009563027385155465,-7.087265831270569,-7.054030069415543,0.033235761855026524
1631351,Lucas Williamson,495.0,-1.442330788921037,-1.5116582144721216,-0.06932742555108451,-0.2958443950914858,-0.2958443950914858,0.0,-1.5962312085975185,-1.6940095539670736,-0.0977783453695551,-1.0864774237729562,-1.0821624816124327,0.004314942160523527,-2.661754604435287,-2.704456998028058,-0.04270239359277106,-3.3655411057326914,-3.3556855754318096,0.00985553030088182,-6.027295710167978,-6.060142573459867,-0.032846863291888795
1630196,Filip Petrusev,19.0,-2.372750208401066,-2.2712145936321613,0.10153561476890482,-0.32325755344658963,-0.32325755344658963,0.0,-2.3543929069476457,-2.252058360664433,0.10233454628321281,-0.2858794305836718,-0.28656167978377856,-0.0006822492001067326,-3.5179366932266083,-3.4878113076833808,0.030125385543227523,-3.143478342296453,-3.140757979862922,0.0027203624335307985,-6.661415035523062,-6.628569287546303,0.032845747976758766
1642271,Kyle Filipowski,7032.0,-0.5027639506677117,-0.5278217590718015,-0.025057808404089776,0.097700289550014,0.097700289550014,0.0,-0.0983641926753378,-0.16775687560980246,-0.06939268293446466,-0.935066454999509,-0.9209516338326497,0.01411482116685936,-0.4038330471888063,-0.454480599597753,-0.050647552408946694,-0.8788433427727513,-0.8607103574592823,0.018132985313469074,-1.2826763899615576,-1.3151909570570353,-0.03251456709547762
1642450,Daniss Jenkins,3055.0,-0.8090749853829291,-0.847142396146526,-0.038067410763596876,-0.6397890684827983,-0.6397890684827983,0.0,-0.5505531492363375,-0.5861125571722736,-0.03555940793593615,0.20830484200492583,0.20139088961424256,-0.0069139523906832645,-0.9614925505057337,-0.9893767597085299,-0.027884209202796217,-0.06376639786588933,-0.06817905883791342,-0.004412660972024085,-1.025258948371623,-1.0575558185464433,-0.0322968701748203
1630586,Usman Garuba,39.0,-1.9551582822115043,-1.8523602228710474,0.10279805934045694,0.2629316428134092,0.2629316428134092,0.0,-2.0437863378545575,-1.94099769803568,0.10278863981887754,0.27169041219031365,0.27006043271613783,-0.0016299794741758133,-3.3626028885500396,-3.331810653455184,0.030792235094855513,-2.256169921774787,-2.254869237156259,0.0013006846185281695,-5.618772810324827,-5.5866798906114425,0.03209291971338413
1631216,Caleb Houstan,3322.0,-0.6603123864272207,-0.614594069191579,0.04571831723564168,-0.6805288964281698,-0.6805288964281698,0.0,-1.110230271004644,-1.0715853671724385,0.038644903832205646,-0.9999174017763693,-0.9929846177599255,0.006932784016443816,-1.0087897916582338,-0.989043824852289,0.01974596680594476,-1.4164104393917323,-1.4045843020379651,0.011826137353767141,-2.425200231049966,-2.3936281268902544,0.03157210415971168
1630259,Jordan Ford,42.0,-1.3073321854261835,-1.3906525312527418,-0.08332034582655834,-0.4963512557017713,-0.4963512557017713,0.0,-1.241414509027176,-1.3223853469871947,-0.0809708379600187,-0.423935133318982,-0.4243558200761212,-0.00042068675713918813,-3.097787092683808,-3.132468677220412,-0.03468158453660397,-3.292985238188976,-3.2898687866273324,0.0031164515616435295,-6.3907723308727835,-6.422337463847745,-0.03156513297496133
1629677,Luka Samanic,850.0,-2.483684652637413,-2.4212176709445172,0.06246698169289555,-0.7738315002464021,-0.7738315002464021,0.0,-2.652736677803862,-2.5764317524339417,0.07630492536992017,-0.6363107275287803,-0.6362737451895901,3.698233919013916e-05,-2.9016557541057644,-2.8739058908451214,0.027749863260642993,-2.2767870629243294,-2.2729888397148565,0.003798223209472873,-5.178442817030094,-5.146894730559978,0.03154808647011542
1628380,Zach Collins,5637.0,-0.7775764595696676,-0.8780642252399108,-0.1004877656702432,-0.1383270148043104,-0.1383270148043104,0.0,-1.7521853786708745,-1.7662631787243925,-0.014077800053517997,0.4428129770192947,0.4368842818357598,-0.005928695183534893,-1.1283220812583807,-1.1571734344233187,-0.02885135316493792,0.49189487417045985,0.4893336975037399,-0.0025611766667199554,-0.6364272070879209,-0.6678397369195788,-0.031412529831657876
1630240,Saben Lee,376.0,-1.1556397244871004,-1.2133852248822132,-0.057745500395112837,-0.6025366380694632,-0.6025366380694632,0.0,-1.1535791174380423,-1.2084512631846829,-0.054872145746640566,-0.35957901319379126,-0.364013863823056,-0.004434850629264742,-2.618238900839039,-2.6466762245551956,-0.02843732371615637,-2.521011327278385,-2.523627838239534,-0.002616510961149121,-5.139250228117424,-5.170304062794729,-0.031053834677305048
1630560,Cam Thomas,7524.0,0.8832917097225199,0.8662388095048621,-0.017052900217657818,-0.771635413532522,-0.771635413532522,0.0,1.239326750089487,1.2104543445498686,-0.02887240553961834,-2.4596346771794493,-2.4686943074055114,-0.009059630226062154,0.9178144127925685,0.892122456063702,-0.025691956728866483,-2.3899843448509683,-2.395342850952845,-0.005358506101876603,-1.4721699320583999,-1.503220394889143,-0.031050462830743086
1630173,Precious Achiuwa,9158.0,-1.454840076458285,-1.5549265717743546,-0.10008649531606961,0.31861302238796363,0.31861302238796363,0.0,-1.8240224038430957,-1.8895277523674134,-0.06550534852431777,0.5801025870778315,0.6092931876633769,0.029190600585545456,-1.3391001048928504,-1.4018957074921479,-0.0627956025992975,0.6419852656456602,0.6738669766522798,0.03188171100661963,-0.6971148392471902,-0.7280287308398681,-0.030913891592677878
1642950,Lachlan Olbrich,734.0,-0.9450572347062018,-0.8820796613403963,0.06297757336580556,-0.0042510735460417615,-0.0042510735460417615,0.0,-0.8644827986198755,-0.799361431850159,0.06512136676971658,-0.4299666839441046,-0.4274964013059816,0.002470282638122989,-2.1838749594027327,-2.1603423428075237,0.023532616595209,-2.123675303412153,-2.1165172495088806,0.00715805390327251,-4.307550262814885,-4.276859592316404,0.03069067049848151
1631110,Jeremy Sochan,8413.0,-0.9599094033865223,-0.9010006324152074,0.05890877097131486,-0.15919454862204208,-0.15919454862204208,0.0,-1.9608403165849033,-1.8899003453132206,0.07093997127168272,-0.5187231628356939,-0.5400974501913494,-0.021374287355655497,-1.3054667670285003,-1.257760554575611,0.04770621245288931,-0.4223165617598861,-0.4395532165432394,-0.017236654783353345,-1.7277833287883864,-1.6973137711188504,0.030469557669535963
1628976,Wendell Carter Jr.,11046.0,-2.227222442984572,-2.2122073842677477,0.015015058716824292,0.6364552864087349,0.6364552864087349,0.0,-2.2386107641993873,-2.1800301057489344,0.058580658450452905,1.9258571139423843,1.915698540966287,-0.010158572976097346,-1.8293350171680949,-1.793296032032303,0.036038985135791846,1.8285379868580431,1.8229030885847624,-0.005634898273280786,-0.0007970303100517384,0.02960705655245932,0.03040408686251106
1642843,Cooper Flagg,4927.0,1.6233999625328501,1.7408091594466601,0.11740919691381002,0.060810146998762526,0.060810146998762526,0.0,0.6548484065894918,0.7017148349211932,0.046866428331701404,0.0984549122533963,0.08842590830348665,-0.010029003949909646,-0.3856757509359974,-0.3481946128384199,0.03748113809757747,0.07674609900470308,0.06955416977659867,-0.00719192922810441,-0.3089296519312943,-0.27864044306182123,0.03028920886947306
1642484,RayJ Dennis,591.0,-1.4485399812467343,-1.4160967241680944,0.03244325707863993,-0.5858798316755138,-0.5858798316755138,0.0,-1.8378057973169954,-1.8119498616842884,0.02585593563270705,-0.8137858761671589,-0.7997347329280408,0.014051143239118158,-2.572233482631672,-2.5655573425394937,0.006676140092178429,-2.839684054113688,-2.816253084248033,0.02343096986565474,-5.41191753674536,-5.381810426787527,0.030107109957833167
1628418,Thomas Bryant,4401.0,-1.6775152395130353,-1.7069262409656951,-0.029411001452659846,-0.10462076007922838,-0.10462076007922838,0.0,-1.6267002326607152,-1.6061822232424858,0.020518009418229344,-0.18229009668569268,-0.15930288788162178,0.022987208804070902,-1.2839809675326936,-1.2834769562740818,0.0005040112586118806,-0.28658237991074564,-0.2572565499966144,0.02932582991413124,-1.5705633474434393,-1.5407335062706962,0.02982984117274312
1629052,Oshae Brissett,1589.0,-0.8225486654273186,-0.8726535918254636,-0.05010492639814501,-0.2727400191069304,-0.2727400191069304,0.0,-0.18873211753355046,-0.17227425417914644,0.016457863354404023,-0.2800964285571875,-0.3006314582825453,-0.020535029725357756,-1.279526620862828,-1.2866207985733116,-0.007094177710483596,-1.2117641682095601,-1.234425461479417,-0.022661293269856886,-2.491290789072388,-2.521046260052729,-0.029755470980340704
1631113,Kennedy Chandler,795.0,-1.2819267601227744,-1.3414007188297745,-0.05947395870700012,-0.880616575670775,-0.880616575670775,0.0,-1.156819896966203,-1.211986673695655,-0.05516677672945214,-1.631469207820604,-1.6326630640386957,-0.00119385621809176,-2.2800002059425872,-2.3115950012114075,-0.03159479526882025,-3.703343172362121,-3.7012338751011074,0.0021092972610134986,-5.983343378304708,-6.012828876312515,-0.029485498007806754
1641970,Maozinha Pereira,251.0,-2.0419484894327944,-1.967694565271705,0.07425392416108934,-0.05330491196474904,-0.05330491196474904,0.0,-2.2272084132411685,-2.145598465341907,0.08160994789926157,0.25391208701458534,0.2542374103469912,0.0003253233324058691,-3.1501820789606523,-3.125106596414822,0.02507548254583014,-1.848254661954177,-1.8440327700252541,0.004221891928922972,-4.99843674091483,-4.969139366440077,0.029297374474753113
1631124,Julian Strawther,5829.0,-1.546695044654663,-1.425642330121831,0.12105271453283195,-0.7912898988034217,-0.7912898988034217,0.0,-1.8872797455348618,-1.8972901528464883,-0.010010407311626501,-0.37638106542529515,-0.35915858465525863,0.01722248077003652,-1.3314848249111848,-1.324166442603844,0.007318382307340832,-0.3666722696236895,-0.3447133416217283,0.021958928001961198,-1.6981570945348743,-1.6688797842255723,0.02927731030930203
1628966,Keita Bates-Diop,1314.0,-1.3547544859429348,-1.3216155490253034,0.03313893691763137,0.06983626356818926,0.06983626356818926,0.0,-1.4291722188755172,-1.3748154959563155,0.05435672291920168,-0.1997877114746043,-0.1949227563338741,0.004864955140730209,-2.137976681207091,-2.11922533146602,0.018751349741070733,-1.2853652718264945,-1.2752321934478197,0.010133078378674831,-3.423341953033585,-3.3944575249138396,0.028884428119745564
1629652,Luguentz Dort,12823.0,-0.5145579974755896,-0.774006211940492,-0.2594482144649024,0.4702051799400584,0.4702051799400584,0.0,0.11694895988267795,0.26571243184189175,0.1487634719592138,0.7435436299522576,0.7061009473532849,-0.037442682598972765,-0.013883714860125185,0.04458434042903647,0.05846805528916166,0.6614987132878265,0.6318782831320662,-0.029620430155760324,0.6476149984277013,0.6764626235611026,0.028847625133401333
1629667,Jalen McDaniels,1129.0,-1.693891994586402,-1.5919652560715027,0.1019267385148992,-0.6179869768321004,-0.6179869768321004,0.0,-2.2747180857062634,-2.1976731086927996,0.0770449770134638,-1.115218371000537,-1.123952688324643,-0.0087343173241059,-2.38519684402199,-2.3490885448316026,0.036108299190387605,-2.645423473135269,-2.653311262732427,-0.00788778959715808,-5.030620317157259,-5.0023998075640295,0.02822050959322997
1629098,Jack McVeigh,97.0,-1.5885151018777657,-1.6555513561507904,-0.06703625427302473,-0.3864923632261713,-0.3864923632261713,0.0,-1.7373278981866118,-1.8045394934167214,-0.06721159523010956,-0.22167802862869726,-0.22279998690021688,-0.0011219582715196186,-3.1598772416447374,-3.189956388172635,-0.03007914652789756,-2.8595477356405086,-2.8574700046218653,0.0020777310186432807,-6.0194249772852455,-6.047426392794501,-0.028001415509255168
1641793,D'Moi Hodge,83.0,-1.6999300143408833,-1.6225002881162698,0.07742972622461353,-0.7433664109870894,-0.7433664109870894,0.0,-1.8114852856613661,-1.7357973071618125,0.07568797849955367,-0.8563584062592488,-0.8548925507937064,0.0014658554655423428,-3.2118778625127553,-3.189813028108337,0.02206483440441831,-3.8383338212887477,-3.8323997689955505,0.005934052293197212,-7.050211683801503,-7.0222127971038875,0.027998886697615966
1629875,Xavier Moon,254.0,-0.819205681853556,-0.7189683884852265,0.10023729336832954,-0.5947088257596852,-0.5947088257596852,0.0,-1.1795560372536849,-1.0904928103568667,0.08906322689681812,-0.6358375717189458,-0.640384440460233,-0.00454686874128718,-2.711432851472555,-2.680570984401769,0.030861867070786086,-3.1392161866610717,-3.1420929623142393,-0.0028767756531675737,-5.850649038133627,-5.822663946716008,0.027985091417618513
1629645,Kevin Porter Jr.,5597.0,0.1938155859565116,0.10520203703409026,-0.08861354892242135,0.32348855970947754,0.32348855970947754,0.0,-0.24360118095148753,-0.32167634177340076,-0.07807516082191324,1.0356234765013697,1.0645864931017832,0.02896301660041356,-0.42538051827692724,-0.4879729502244978,-0.06259243194757058,1.1218256879505994,1.1564351392976033,0.03460945134700388,0.6964451696736722,0.6684621890731055,-0.027982980600566698
1631247,Luke Travers,400.0,-1.6148352429835708,-1.5424486056146822,0.07238663736888862,-0.3851647015291083,-0.3851647015291083,0.0,-1.733045045931076,-1.6719480767407606,0.061096969190315376,-0.7116789159333007,-0.7096227841202281,0.002056131813072626,-2.756415550154301,-2.7351563091798634,0.021259240974437432,-2.9857694193574487,-2.9790794114087547,0.00669000794869401,-5.742184969511749,-5.7142357205886185,0.027949248923130554
1630583,Santi Aldama,9374.0,-0.47960372075994273,-0.5547973036405257,-0.07519358288058298,-0.4228470136539324,-0.4228470136539324,0.0,-0.12482543918522887,-0.047619328249822845,0.07720611093540602,-0.8005183410455791,-0.809327124867316,-0.008808783821736887,-0.0830509462199811,-0.05054713770576358,0.032503808514217525,-0.6869804218006452,-0.6916789266737369,-0.004698504873091647,-0.7700313680206263,-0.7422260643795004,0.027805303641125878
1629010,Jerome Robinson,176.0,-1.5995603725905847,-1.6507973632314494,-0.05123699064086473,-0.7428347628628041,-0.7428347628628041,0.0,-1.58694683540467,-1.6349386654557452,-0.0479918300510751,-0.5988370519095316,-0.603683616755202,-0.004846564845670365,-3.020718377080962,-3.044956911765098,-0.02423853468413606,-3.243899110679289,-3.24728589575338,-0.003386785074090959,-6.264617487760251,-6.292242807518479,-0.027625319758227462
1642846,Ace Bailey,4237.0,-0.6039807213868977,-0.6451176065335894,-0.04113688514669167,-0.2567593903704459,-0.2567593903704459,0.0,-1.1493322808202375,-1.2317562602607448,-0.08242397944050728,-1.0305920326373397,-1.009833625921622,0.020758406715717603,-1.6227639319614693,-1.6768405928055954,-0.0540766608441261,-1.2577841628763249,-1.2307874524907532,0.02699671038557172,-2.880548094837794,-2.9076280452963488,-0.027079950458554602
1641763,Julian Phillips,3958.0,-1.32007306851142,-1.2628201508817298,0.05725291762969009,-0.3402545445088305,-0.3402545445088305,0.0,-0.89283988717453,-0.8455192827767399,0.04732060439779007,-1.2772346358524145,-1.2804962415424415,-0.0032616056900269808,-0.8937837248489462,-0.8669034429643685,0.026880281884577695,-1.588324335726539,-1.5882716259979524,5.270972858673062e-05,-2.4821080605754853,-2.455175068962321,0.026932991613164425
1631121,Bryce McGowens,3709.0,-1.5945251009510244,-1.6185314486318338,-0.024006347680809448,-0.4810052420785389,-0.4810052420785389,0.0,-1.5626829471193922,-1.6153159379115511,-0.052632990792158996,-1.0520214291737946,-1.0480195615302519,0.004001867643542711,-1.307865712549848,-1.343001791354852,-0.03513607880500391,-1.3846864075941285,-1.376356412642759,0.008329994951369546,-2.6925521201439766,-2.719358203997611,-0.026806083853634366
1642864,Hugo González,2157.0,-1.691579930945124,-1.6883649125761502,0.0032150183689738654,0.16191991458208924,0.16191991458208924,0.0,-0.7957425706965041,-0.7362651859264299,0.05947738477007425,1.292442337974487,1.2952108790862984,0.0027685411118114622,-1.748068323048659,-1.7285380527662704,0.019530270282388518,1.0180812365086322,1.0252599934020914,0.007178756893459148,-0.7299870865400266,-0.703278059364179,0.026709027175847666
1630539,Kai Jones,953.0,-1.4520559060741185,-1.5257514676739177,-0.07369556159979918,0.22308865876546471,0.22308865876546471,0.0,-1.5658111374714478,-1.6281149978408684,-0.062303860369420594,0.07133529786897821,0.07619364361127656,0.004858345742298348,-2.3511046439046033,-2.388072086635239,-0.0369674427306359,-1.2131330317254072,-1.202814377358059,0.010318654367348135,-3.5642376756300105,-3.5908864639932982,-0.026648788363287768
1631241,Javon Freeman-Liberty,838.0,-1.6435938535712356,-1.6739929596883232,-0.030399106117087626,-0.5737966920758224,-0.5737966920758224,0.0,-1.9895343716805522,-2.0347237057791143,-0.04518933409856207,-0.9450187241004084,-0.9494600182032948,-0.004441294102886406,-2.5724043020779677,-2.5966963088834008,-0.024292006805433086,-2.711756136915309,-2.714078802367413,-0.0023226654521040224,-5.284160438993277,-5.310775111250814,-0.02661467225753711
1642352,Keshad Johnson,829.0,-1.579302604382114,-1.668586632439928,-0.08928402805781421,0.07128054196296657,0.07128054196296657,0.0,-1.034399604626676,-1.1097713962116846,-0.07537179158500873,0.504474236886993,0.5134815793642438,0.009007342477250768,-2.1572209089532928,-2.1998365419513934,-0.04261563299810067,-0.7391133272005539,-0.723043861906842,0.016069465293711893,-2.8963342361538467,-2.9228804038582354,-0.02654616770438878
1630180,Saddiq Bey,9015.0,0.02656762053072481,-0.004435241653544697,-0.03100286218426951,-0.6044568781244273,-0.6044568781244273,0.0,0.7820579213606113,0.8659143612406183,0.08385643988000702,-1.8862622565047436,-1.90750051379047,-0.02123825728572637,0.16771862211400146,0.21070423697078455,0.042985614856783094,-1.7401498100310588,-1.7569425480290515,-0.016792737997992635,-1.5724311879170574,-1.546238311058267,0.02619287685879046
1642272,Jared McCain,3611.0,-0.04022820639416769,-0.05466997734348833,-0.014441770949320643,-1.06232024113237,-1.06232024113237,0.0,-0.35504490409075046,-0.4016082160071631,-0.046563311916412664,-1.063101658065519,-1.0621658421705562,0.0009358158949628326,-0.6629195472844218,-0.6934202658520143,-0.03050071856759251,-1.4193206124059374,-1.4144967024996506,0.004823909906286783,-2.0822401596903592,-2.107916968351665,-0.025676808661305728
1629139,Yuta Watanabe,946.0,-1.6251619472413987,-1.6739954318234669,-0.048833484582068154,-0.4345535369569099,-0.4345535369569099,0.0,-1.7048382118110985,-1.7429036636502904,-0.038065451839191855,-0.5611464014492938,-0.5640644461272316,-0.00291804467793777,-2.426744354753317,-2.4520684052890562,-0.02532405053573905,-2.0754604560350662,-2.0756618549880956,-0.00020139895302939692,-4.502204810788383,-4.527730260277152,-0.025525449488768892
1631131,Oscar Tshiebwe,1576.0,-0.6293881788249744,-0.790967657764288,-0.16157947893931357,-0.6375852334045283,-0.6375852334045283,0.0,-0.3427949559404076,-0.4815647110235087,-0.13876975508310108,-1.2168579362197551,-1.1754427791872746,0.041415157032480554,-1.2346235018284795,-1.3170703301885276,-0.08244682836004813,-2.4253119370866867,-2.368253196579822,0.05705874050686477,-3.6599354389151664,-3.6853235267683493,-0.025388087853182917
1629057,Robert Williams III,3088.0,-1.0659191638235985,-1.1331797776748123,-0.06726061385121374,0.5828052250684317,0.5828052250684317,0.0,-1.1292195464884165,-1.2072762202264449,-0.07805667373802838,1.197013605681416,1.2166870863237258,0.019673480642309782,-1.1205590035432442,-1.1726912795654916,-0.05213227602224735,1.1085747208537642,1.1355050607675743,0.02693033991381011,-0.011984282689480041,-0.03718621879791728,-0.02520193610843724
1643052,Chaney Johnson,724.0,-1.1438791987101489,-1.0932621053293299,0.05061709338081899,0.06851591704967455,0.06851591704967455,0.0,-1.212167734938936,-1.1580980336833178,0.05406970125561816,-0.005308654878910288,-0.003247323350315079,0.002061331528595209,-2.3355368303301427,-2.3172657001897083,0.018271130140434355,-1.5485587942817085,-1.541962502924902,0.006596291356806505,-3.8840956246118514,-3.8592282031146103,0.024867421497241082
1630311,Pat Spencer,3055.0,-0.3586300752038636,-0.30973198301102856,0.04889809219283503,-0.5854665338966215,-0.5854665338966215,0.0,-0.6481895713972743,-0.6286845824785459,0.019504988918728428,-1.0710759036229018,-1.062433327529972,0.008642576092929843,-0.7967346633478154,-0.7858254501147657,0.01090921323304972,-1.573792686537944,-1.559844302878798,0.013948383659145858,-2.3705273498857595,-2.3456697529935635,0.02485759689219602
1627752,Taurean Prince,10142.0,-0.4776456376489344,-0.44151683905624806,0.03612879859268636,0.08167597747951291,0.08167597747951291,0.0,-0.16934664770816016,-0.18495988794176865,-0.015613240233608494,-0.4711994903237209,-0.49050787233048954,-0.019308382006768654,-0.1312078751770116,-0.14152743813251023,-0.010319562955498629,-0.3748257582519381,-0.3892666519974681,-0.014440893745530037,-0.5060336334289497,-0.5307940901299784,-0.024760456701028666
1627853,Ryan Arcidiacono,97.0,-1.5784611715986578,-1.6416405893014983,-0.06317941770284041,-0.4181173563926901,-0.4181173563926901,0.0,-1.7014897794234376,-1.7608457167397351,-0.05935593731629751,-0.41357439136351865,-0.41394784436438087,-0.00037345300086222277,-3.1515699660218077,-3.1793984757838154,-0.02782850976200768,-3.1451797022904704,-3.1419878436799396,0.00319185861053084,-6.296749668312279,-6.321386319463755,-0.02463665115147684
1641772,Nae'Qwan Tomlin,2211.0,-1.2419581852465853,-1.2304214970589709,0.011536688187614441,0.010344230309341423,0.010344230309341423,0.0,-1.0328801930829214,-1.0126466824002778,0.020233510682643674,0.7169134100064533,0.7299960428329014,0.01308263282644817,-1.435487942127235,-1.4308759567547154,0.004611985372519722,0.32279173313981424,0.342700333073505,0.019908599933690763,-1.1126962089874208,-1.0881756236812103,0.024520585306210485
1643257,Jayson Kent,41.0,-1.834733670261275,-1.7514784258012708,0.08325524446000432,-0.6905426500279083,-0.6905426500279083,0.0,-1.8650239722664326,-1.7828384521697431,0.08218552009668945,-0.6124246219336081,-0.6144203104096115,-0.001995688476003399,-3.3052361115307427,-3.281546340016619,0.02368977151412377,-3.5783742267681053,-3.577621667246511,0.0007525595215942538,-6.883610338298848,-6.85916800726313,0.02444233103571758
1630184,Kira Lewis Jr.,556.0,-1.4471556508794794,-1.5292892551870123,-0.08213360430753291,-1.0386069045996242,-1.0386069045996242,0.0,-1.8700266454199705,-1.9402415597708556,-0.070214914350885,-1.256297661487329,-1.2494293973284207,0.006868264158908177,-2.691323278944995,-2.729066357520719,-0.03774307857572401,-3.511368595291585,-3.497963589703744,0.013405005587840968,-6.20269187423658,-6.227029947224462,-0.024338072987882597
1642066,Myron Gardner,898.0,-0.9872568942189437,-1.0461879331577573,-0.058931038938813574,0.39884013221045567,0.39884013221045567,0.0,-0.795137420068337,-0.8413946815145634,-0.04625726144622644,0.9319163388958592,0.9328155116910894,0.0008991727952302186,-2.052136071171768,-2.0814185420908595,-0.02928247091909153,-0.09439994535853824,-0.08943002522711918,0.004969920131419059,-2.1465360165303062,-2.1708485673179787,-0.02431255078767247
1642258,Zaccharie Risacher,7152.0,-0.9484391078396713,-1.013587560915728,-0.06514845307605677,-0.11660086226132418,-0.11660086226132418,0.0,-1.4504366828926942,-1.4099603342481988,0.04047634864449545,-0.1880481260506476,-0.17660327400589348,0.011444852044754122,-1.2744475800044976,-1.2658918546601727,0.008555725344324916,-0.11444055221695049,-0.09906870072793339,0.015371851489017097,-1.3888881322214481,-1.3649605553881061,0.023927576833342012
1628389,Bam Adebayo,15164.0,0.04636635978843562,0.07949105397614153,0.033124694187705916,0.49455017675788315,0.49455017675788315,0.0,0.10600486989893247,0.19957019397505596,0.09356532407612349,3.06498417160806,3.008887555698635,-0.05609661590942494,-0.058670647125353526,0.00892612929964054,0.06759677642499407,2.5331241491134424,2.4889486148893085,-0.044175534224133894,2.474453501988089,2.497874744188949,0.02342124220086017
1631120,JD Davison,697.0,-1.6058093159761313,-1.662433225350067,-0.0566239093739358,-0.39888965117226116,-0.39888965117226116,0.0,-1.7025271059564173,-1.781301410237055,-0.0787743042806377,-0.6262814017667844,-0.6186147987280011,0.007666603038783304,-2.43821092634595,-2.4757395040919796,-0.03752857774602969,-2.4395928622393477,-2.4252221040579247,0.014370758181422971,-4.877803788585298,-4.900961608149904,-0.02315781956460672
1629232,Kaiser Gates,16.0,-1.7019849723084728,-1.7620791188477978,-0.06009414653932499,-0.44659955221548664,-0.44659955221548664,0.0,-1.742427786056654,-1.8025071867824123,-0.06007940072575835,-0.38196775406969186,-0.3815628151115704,0.0004049389581214369,-3.2994238212538156,-3.3260468327267083,-0.0266230114728927,-3.295899432682181,-3.291541638890982,0.0043577937911991604,-6.595323253935996,-6.61758847161769,-0.022265217681693983
1631220,Dereon Seabron,116.0,-1.9520153446812563,-1.9037476375182303,0.048267707163025975,-0.4096305332426228,-0.4096305332426228,0.0,-1.8927055324137012,-1.8456108221182412,0.047094710295459974,-0.3644647685565704,-0.36007874871062745,0.004386019845942946,-3.2227497326961636,-3.2108529300323037,0.011896802663859951,-3.028800103270795,-3.01854166674668,0.010258436524114956,-6.251549835966959,-6.229394596778984,0.022155239187974907
1630535,Greg Brown III,91.0,-2.0804642415420354,-2.1305253094763756,-0.050061067934340286,-0.020002995601991647,-0.020002995601991647,0.0,-2.0954882690005587,-2.1441409087762078,-0.04865263977564904,-0.19425513885550252,-0.19582413942401616,-0.00156900056851364,-3.3187499893598247,-3.342255410234183,-0.02350542087435814,-2.832404140072192,-2.830993846590632,0.0014102934815598545,-6.151154129432017,-6.173249256824815,-0.022095127392797842
1642400,Tristan Enaruna,172.0,-0.8277952713675276,-0.8896097916018116,-0.06181452023428402,-0.2651287268021565,-0.2651287268021565,0.0,-0.6571519637560712,-0.7174737929574595,-0.06032182920138829,-0.17500125475333986,-0.1730131122384191,0.001988142514920771,-2.7003860370027724,-2.728975800572167,-0.028589763569394577,-2.628185236793909,-2.621509208662906,0.006676028131002987,-5.3285712737966815,-5.350485009235073,-0.02191373543839159
1629028,Deandre Ayton,9995.0,-1.726199531878157,-1.7787181368630123,-0.05251860498485539,0.6446158108552298,0.6446158108552298,0.0,-2.8053276768864315,-2.7556252279819735,0.04970244890445796,0.5469147345468997,0.546157597545659,-0.000757137001240693,-2.0546796461850105,-2.0358269249138474,0.01885272127116311,0.5885443871024645,0.5915765206747841,0.003032133572319573,-1.466135259082546,-1.4442504042390634,0.02188485484348268
1641854,Craig Porter Jr.,4723.0,-0.82723456399764,-0.845742907192809,-0.01850834319516903,-0.1663675910870263,-0.1663675910870263,0.0,-0.3981819353574798,-0.4430374953844288,-0.044855560026949015,-0.011811216388807277,-0.005781367431240747,0.00602984895756653,-0.4760078087573487,-0.5081618939696986,-0.03215408521234986,-0.062483520536380954,-0.05210862891219348,0.010374891624187477,-0.5384913292937297,-0.560270522881892,-0.021779193588162382
1629056,Terence Davis,14.0,-1.1860154491345452,-1.1197699617795491,0.06624548735499602,-0.7445837526001847,-0.7445837526001847,0.0,-1.1994029933522683,-1.1349727136371142,0.06443027971515414,-0.7767182087471578,-0.7762115465277116,0.0005066622194461745,-3.1169645200433824,-3.099779288181349,0.01718523186203358,-3.8959636601968954,-3.8914523796738973,0.004511280522998096,-7.012928180240278,-6.991231667855246,0.021696512385032563
1630702,Jaden Hardy,5899.0,-0.802953218259332,-0.8016252850436667,0.0013279332156652668,-1.2232961652699355,-1.2232961652699355,0.0,-1.2795437175552569,-1.3096376041838078,-0.030093886628550948,-2.037702759020367,-2.040450508723392,-0.0027477497030252707,-0.8656565544078565,-0.8880472990577117,-0.022390744649855243,-2.114892238112981,-2.1140433937989953,0.0008488443139857971,-2.9805487925208376,-3.002090692856707,-0.021541900335869446
1642380,Adama Bal,523.0,-1.0676172379108042,-0.9953639684751787,0.07225326943562549,-0.49945664318001826,-0.49945664318001826,0.0,-1.4443881793095197,-1.3906441875191802,0.05374399179033951,-1.1187967323009642,-1.120616939329206,-0.001820207028241816,-2.5391423743271253,-2.5189318625520167,0.020210511775108575,-3.3677921101446824,-3.3666129179513193,0.0011791921933630434,-5.906934484471808,-5.885544780503336,0.021389703968472062
1642349,Ajay Mitchell,4300.0,-0.7706662238234628,-0.7794715117364495,-0.008805287912986626,-0.40696229208873236,-0.40696229208873236,0.0,-0.49706846573503777,-0.4562934911563001,0.04077497457873769,2.027132086499904,2.030265061604421,0.003132975104517044,-0.7623952971573398,-0.7483978322365639,0.013997464920775915,2.1688941281042506,2.1761418948541116,0.00724776674986094,1.4064988309469109,1.4277440626175477,0.021245231670636855
1631133,Jabari Walker,6648.0,-1.7895951159035914,-1.8039594805307275,-0.014364364627136084,-0.267158538101693,-0.267158538101693,0.0,-1.7955697534958468,-1.7538102903647315,0.04175946313111534,-1.4515958873719281,-1.4508543972288344,0.0007414901430937704,-1.3068411032739462,-1.2902475059187701,0.01659359735517607,-1.4317942965338553,-1.427282304641523,0.004511991892332201,-2.7386353998078015,-2.7175298105602934,0.02110558924750805
1643047,CJ Huntley,84.0,-1.408840605183678,-1.366420123758595,0.042420481425083034,-0.26627700532869797,-0.26627700532869797,0.0,-1.2917241664613837,-1.2504295172990223,0.04129464916236136,-0.1222170554652742,-0.11734512107697637,0.004871934388297833,-3.0575880495010446,-3.0480627030004683,0.009525346500576237,-2.7410679949510075,-2.730054843601046,0.011013151349961614,-5.798656044452052,-5.778117546601514,0.02053849785053785
1641778,Leaky Black,1480.0,-1.795168631888897,-1.797877444882566,-0.0027088129936689853,0.15798358664548842,0.15798358664548842,0.0,-1.9330255677092014,-1.936080736178009,-0.003055168468807601,-0.18540259480146828,-0.16705249406693626,0.018350100734532027,-2.12378082596258,-2.1309258393721455,-0.007145013409565415,-1.1558891797377486,-1.128356281620548,0.02753289811720072,-3.2796700057003285,-3.2592821209926934,0.020387884707635084
1641740,Jaylen Clark,2963.0,-1.2994062292821638,-1.3356684202105216,-0.03626219092835781,-0.005622007533647999,-0.005622007533647999,0.0,-0.6391797114534981,-0.6808186716847345,-0.04163896023123648,0.2242298978421506,0.2294093615952748,0.005179463753124197,-1.094241473610926,-1.1244766938462192,-0.030235220235293125,-0.06589828768121597,-0.05600932242415002,0.009888965257065951,-1.160139761292142,-1.1804860162703692,-0.020346254978227174
1642967,John Poulakidas,551.0,-1.2007433242030339,-1.226400981179274,-0.025657656976240117,-0.5238680237844141,-0.5238680237844141,0.0,-1.248719433512334,-1.3029875600794951,-0.05426812656716118,-0.6188751687799782,-0.6181076100353644,0.0007675587446137611,-2.4788247945795536,-2.503437889181695,-0.024613094602141228,-2.6221650770617395,-2.617337519724897,0.004827557336842592,-5.100989871641293,-5.120775408906592,-0.019785537265299524
1629680,Matisse Thybulle,4702.0,-0.8623008377153475,-0.8953763739864883,-0.03307553627114079,1.0456413681706251,1.0456413681706251,0.0,-1.3642173798326804,-1.3894408187735217,-0.025223438940841225,1.8065964023696082,1.8070161808788945,0.0004197785092863171,-0.9937735972002815,-1.017764917294989,-0.023991320094707502,1.935559175601587,1.9397686328792703,0.004209457277683182,0.9417855784013056,0.9220037155842813,-0.01978186281702432
1631167,Izaiah Brockington,8.0,-1.7963006885835753,-1.8435084223664568,-0.04720773378288157,-0.5155200028290164,-0.5155200028290164,0.0,-1.765518054247029,-1.8126762042742692,-0.04715815002724022,-0.5378562251461279,-0.5386778057085699,-0.0008215805624420813,-3.331133168225016,-3.353170183647643,-0.022037015422626816,-3.5518072441619264,-3.549298796892451,0.002508447269475411,-6.882940412386942,-6.902468980540094,-0.019528568153152293
1630567,Scottie Barnes,14282.0,0.8166774088809003,0.8713566784879634,0.05467926960706304,0.7438402627914801,0.7438402627914801,0.0,0.4403812189950251,0.46827369996125207,0.027892480966226985,1.4088087418282642,1.4003651279956515,-0.008443613832612717,0.34840223197884956,0.3711859051400821,0.02278367316123253,1.1702863708516946,1.166709049295942,-0.0035773215557526328,1.5186886028305442,1.537894954436024,0.0192063516054799
203648,Thanasis Antetokounmpo,629.0,-0.8279218219772074,-0.7939356220378555,0.033986199939351924,0.45838811297770843,0.45838811297770843,0.0,-1.3787442253337328,-1.3372832972209698,0.04146092811276292,0.7330603727453507,0.7358817689634742,0.0028213962181234953,-2.3136722583243716,-2.3021605101416664,0.011511748182705173,-0.6295381621722926,-0.6218538372777482,0.007684324894544403,-2.9432104204966643,-2.9240143474194147,0.019196073077249576
1630688,Ish Wainright,133.0,-0.9134173604679965,-0.8636178885829815,0.04979947188501499,-0.36227360259649793,-0.36227360259649793,0.0,-1.2196657277344545,-1.169176130177355,0.050489597557099364,-0.10647688808876132,-0.10493617829016338,0.001540709798597939,-2.8953041372613204,-2.8822975454176127,0.013006591843707671,-2.6089299597133353,-2.6029006548660263,0.006029304847309014,-5.504234096974656,-5.485198200283639,0.01903589669101713
1629659,Talen Horton-Tucker,3635.0,-0.9928443876258729,-1.0103752531981114,-0.017530865572238485,-0.6857557980962659,-0.6857557980962659,0.0,-0.476348393712557,-0.4813713047996391,-0.0050229110870820826,-0.6932208328571713,-0.670718046960521,0.022502785896650335,-0.8536190314419922,-0.8643635836225494,-0.010744552180557143,-0.9889499429949202,-0.9593517994908249,0.029598143504095287,-1.8425689744369125,-1.8237153831133743,0.018853591323538144
1642849,Nolan Traore,2487.0,-0.9378983728419296,-0.9042859313127135,0.03361244152921605,-0.5169757708147658,-0.5169757708147658,0.0,-1.0851590710574885,-1.0526776414523826,0.032481429605105916,-1.167577631718503,-1.1670421376058897,0.0005354941126132218,-1.7020789935720322,-1.6884539962395264,0.013624997332505773,-1.885844378929158,-1.8814455644744084,0.0043988144547495445,-3.58792337250119,-3.5698995607139348,0.018023811787255095
1628998,Cody Martin,4059.0,-0.4865745376703614,-0.4736521486898836,0.012922388980477817,0.5570764871751431,0.5570764871751431,0.0,-1.1851346959290376,-1.1515368020288976,0.03359789390014001,0.560575286901887,0.5613626545520254,0.0007873676501384264,-0.9087456191357366,-0.8954060898468077,0.013339529288928897,0.5053674094271718,0.5100033951280891,0.004635985700917278,-0.40337820970856475,-0.3854026947187186,0.017975514989846175
1642918,Alijah Martin,290.0,-1.633101602741132,-1.6826752575596085,-0.04957365481847642,-0.19263168757715374,-0.19263168757715374,0.0,-1.7796314648140965,-1.8274547507696535,-0.04782328595555696,-0.2344199953478363,-0.23219328985407175,0.0022267054937645525,-2.9381123833116325,-2.96290821165213,-0.02479582834049765,-2.488405722762861,-2.481428674662184,0.006977048100676786,-5.426518106074493,-5.444336886314314,-0.017818780239821308
1630564,RaiQuan Gray,82.0,-1.4517721276726365,-1.5108526489247391,-0.059080521252102614,-0.6545387131698583,-0.6545387131698583,0.0,-1.3180649246609057,-1.3728606211831198,-0.054795696522214055,-0.7229377757637907,-0.719482454341161,0.00345532142262972,-3.071606885734586,-3.0976988398802927,-0.02609195414570653,-3.64176682254682,-3.632864733812199,0.00890208873462095,-6.713373708281406,-6.730563573692492,-0.017189865411086025
1642357,David Jones Garcia,151.0,-0.13445588473980052,-0.1555329218160202,-0.021077037076219662,-0.04571566088013368,-0.04571566088013368,0.0,0.0930753225124839,0.06899180409285213,-0.024083518419631772,0.12531308626602863,0.12086785517069967,-0.004445231095328961,-2.459438085908156,-2.473584284537336,-0.014146198629179985,-2.2283415100469184,-2.2311600176241124,-0.0028185075771940404,-4.6877795959550745,-4.704744302161449,-0.016964706206374025
1642443,Jahmir Young,198.0,-1.3511472244681784,-1.2993892491095265,0.0517579753586519,-0.9202351486754377,-0.9202351486754377,0.0,-1.1939567457258153,-1.1406589719560571,0.053297773769758194,-0.9176717564424302,-0.9186207661801518,-0.0009490097377216067,-2.8379130516194717,-2.823424399795379,0.014488651824092535,-3.665600568572906,-3.6632457054811405,0.00235486309176558,-6.503513620192377,-6.48667010527652,0.016843514915857227
1630563,Joshua Primo,23.0,-1.1465916505319496,-1.1905778842937194,-0.0439862337617698,-0.3456555738071813,-0.3456555738071813,0.0,-1.1483276376470595,-1.190545086375165,-0.04221744872810551,-0.3960742968762662,-0.3959075491528569,0.00016674772340929955,-3.08551015731713,-3.106209810859662,-0.02069965354253167,-3.2991526031383285,-3.295153926733536,0.003998676404792345,-6.384662760455459,-6.401363737593198,-0.01670097713773888
1628975,Jevon Carter,4527.0,-0.4927329054481686,-0.49476026383846805,-0.0020273583902994385,-0.622964090745013,-0.622964090745013,0.0,-0.2087248366022434,-0.23171588213670585,-0.022991045534462462,-0.9959670980259283,-0.9980888597543157,-0.0021217617283874057,-0.3421950309730577,-0.36011095320315123,-0.01791592223009353,-1.1724588448185873,-1.1710604837556695,0.0013983610629177967,-1.514653875791645,-1.5311714369588207,-0.01651756116717573
1630600,Isaiah Mobley,178.0,-1.707448596297499,-1.6431266623642167,0.06432193393328234,-0.6086733335266035,-0.6086733335266035,0.0,-1.909379665416834,-1.8456361544018023,0.06374351101503173,-0.538030782239515,-0.542102589880491,-0.004071807640976033,-3.0843245389427034,-3.065732874519309,0.018591664423394327,-3.150155033809313,-3.1523996854952707,-0.002244651685957777,-6.234479572752017,-6.218132560014579,0.01634701273743744
1641813,Mark Sears,52.0,-0.8802918639214374,-0.8434421651931858,0.03684969872825161,-0.917522832976463,-0.917522832976463,0.0,-0.7907967244972874,-0.7547833701286734,0.03601335436861408,-0.790395778790041,-0.7870877662674114,0.0033080125226295776,-2.9247804442639858,-2.9174198754658502,0.007360568798135514,-3.8172590876446337,-3.808554815176151,0.00870427246848271,-6.7420395319086195,-6.725974690642001,0.016064841266618224
1629629,Cam Reddish,3280.0,-2.0767685302850554,-2.0384706443677976,0.0382978859172578,0.46322188610287274,0.46322188610287274,0.0,-2.4748724288457487,-2.4698781948989117,0.004994233946836957,0.14154002948981065,0.14974949154523526,0.00820946205542461,-2.0262984154141095,-2.0236723185786443,0.002626096835465219,-0.09464163782988022,-0.08130895720369935,0.01333268062618087,-2.1209400532439897,-2.1049812757823436,0.01595877746164609
1630174,Aaron Nesmith,9320.0,-0.7399898501253951,-0.835879626159222,-0.09588977603382687,0.017060702212027823,0.017060702212027823,0.0,0.8733213373154788,0.8803959326513743,0.007074595335895495,-0.9074857137397566,-0.9112685749531028,-0.0037828612133461448,0.5237617804242474,0.5079988711570684,-0.015762909267178937,-0.7900465617007084,-0.789930651896992,0.00011590980371645188,-0.26628478127646105,-0.28193178073992353,-0.015646999463462485
1642347,Jamal Shead,6865.0,-0.9262830309299525,-0.881922868685191,0.04436016224476147,-0.6534868772887786,-0.6534868772887786,0.0,-0.5638310709335765,-0.5439123498014785,0.019918721132098027,-0.3799810044010954,-0.3811000774638837,-0.0011190730627883005,-0.7626132570101782,-0.7496731061593818,0.012940150850796472,-0.31885580331798735,-0.31625412777694883,0.0026016755410385173,-1.0814690603281656,-1.0659272339363306,0.01554182639183499
1642914,Javon Small,1766.0,0.06204189737036803,0.09732900762326002,0.035287110252891996,-0.3286905912413611,-0.3286905912413611,0.0,0.36559718293399174,0.3679662649232252,0.002369081989233468,-1.1704798501895373,-1.1621092496112322,0.008370600578305076,-1.077232522229676,-1.0765077950594495,0.0007247271702264246,-2.2442767787870004,-2.2298945465865168,0.014382232200483624,-3.3215093010166763,-3.306402341645966,0.015106959370710271
1631250,Pete Nance,1793.0,-1.8807069303530146,-1.9148663387866336,-0.034159408433618976,-0.3779117666553612,-0.3779117666553612,0.0,-1.7312980958323598,-1.7386318844341961,-0.007333788601836311,-0.8861953459985945,-0.8898620631724917,-0.003666717173897216,-1.8655704868665017,-1.8792781974611683,-0.013707710594666578,-1.8676421380385508,-1.8685444210813933,-0.0009022830428424555,-3.7332126249050526,-3.7478226185425614,-0.014609993637508811
1627788,Furkan Korkmaz,635.0,-1.4163047524223236,-1.422595252973874,-0.006290500551550338,-0.37984312482213667,-0.37984312482213667,0.0,-0.993703535947547,-1.0296620021755094,-0.03595846622796239,-0.881803106430956,-0.8826082918833112,-0.0008051854523551949,-2.378902565138422,-2.395825314447741,-0.01692274930931914,-2.8746155661982096,-2.871990582512733,0.0026249836854765896,-5.253518131336632,-5.2678158969604745,-0.014297765623842551
1641847,Andrew Funk,27.0,-1.9156010750124377,-1.858869565979525,0.0567315090329128,-0.4583411810273974,-0.4583411810273974,0.0,-1.8875896003012342,-1.8316286784395883,0.05596092186164592,-0.40787479576971886,-0.4106539851445351,-0.002779189374816249,-3.3436143755926757,-3.329411586673622,0.014202788919053688,-3.3066947369058024,-3.3071269431683312,-0.00043220626252882255,-6.650309112498478,-6.636538529841953,0.013770582656524866
1630552,Jalen Johnson,12202.0,0.1962804607653854,0.03607941666869574,-0.16020104409668967,0.06594015446349452,0.06594015446349452,0.0,-0.3223088644440938,-0.24307539709704906,0.07923346734704473,0.9492889906058621,0.9331318002368673,-0.016157190368994878,-0.16768973566816614,-0.14324317749907145,0.02444655816909469,0.8745540067690536,0.863727704370167,-0.0108263023988866,0.7068642711008875,0.7204845268710955,0.01362025577020809
1642917,Max Shulga,78.0,-1.7442510982405017,-1.776103002393984,-0.03185190415348238,0.06540637129276908,0.06540637129276908,0.0,-1.8502482214446452,-1.8808130472621323,-0.030564825817487096,0.03477848979694429,0.03449203344323801,-0.0002864563537062839,-3.234671870998715,-3.2515138739875784,-0.016842002988863403,-2.520558737375511,-2.517238566688125,0.0033201706873859926,-5.755230608374227,-5.768752440675703,-0.013521832301476522
1641755,Kevin McCullar Jr.,386.0,-1.4004978456904973,-1.3906741892651842,0.009823656425313132,-0.19216587623055081,-0.19216587623055081,0.0,-1.7623458611789589,-1.7616271051109154,0.0007187560680435023,-0.40881596621942184,-0.4180302277760115,-0.009214261556589665,-2.7479669571941616,-2.7518826510703245,-0.003915693876162862,-2.575174247532011,-2.5846337351384787,-0.009459487606467754,-5.323141204726173,-5.336516386208803,-0.013375181482630616
1628436,Luke Kornet,7545.0,-0.3312359226827062,-0.4098813674169297,-0.07864544473422352,0.4209068186475077,0.4209068186475077,0.0,0.8389036143996988,0.8862278894208628,0.047324275021163986,2.3437075433741934,2.341955115151001,-0.001752428223192215,0.49355908659610614,0.5045593950669178,0.011000308470811682,2.436960617470291,2.4389479223917605,0.0019873049214695904,2.930519704066397,2.9435073174586783,0.012987613392281272
1628962,Udoka Azubuike,231.0,-3.767456946113297,-3.734772045598471,0.032684900514825976,0.2419639498823515,0.2419639498823515,0.0,-3.714378313159188,-3.6748667707129683,0.03951154244621957,0.1492057219983171,0.14942744882067677,0.00022172682235965802,-3.783536039822275,-3.7749102261155043,0.008625813706770735,-2.0374235059456822,-2.0333517638705016,0.004071742075180573,-5.820959545767957,-5.808261989986006,0.012697555781951309
1642886,Koby Brea,165.0,-0.7052235835350744,-0.7623470131469032,-0.05712342961182881,-0.6354346191495767,-0.6354346191495767,0.0,-0.7790388715091131,-0.8385542644060479,-0.05951539289693475,-0.7136348455428124,-0.7059004968421405,0.007734348700671911,-2.719531924789117,-2.7471535185465186,-0.027621593757401364,-3.4367473894939518,-3.4215969651095484,0.015150424384403394,-6.1562793142830685,-6.168750483656067,-0.012471169372998858
1628366,Lonzo Ball,3254.0,-1.0838192506487676,-1.02270985977013,0.06110939087863754,0.4426695264584978,0.4426695264584978,0.0,-1.1946507239988438,-1.1447596386844692,0.049891085314374584,0.7835722048173113,0.7671168728516824,-0.016455331965628872,-1.2620980535045794,-1.2348066263089033,0.02729142719567612,0.6506435290870858,0.6351552201085284,-0.015488308978557352,-0.6114545244174936,-0.5996514062003748,0.011803118217118769
1642954,Will Richard,2867.0,-0.545683615022158,-0.4862742523195954,0.059409362702562585,0.28953211709211213,0.28953211709211213,0.0,-1.1198286773208812,-1.1059045466034272,0.01392413071745402,0.060866508569428185,0.05923652979554464,-0.0016299787738835447,-1.614110410119146,-1.60429768756555,0.009812722553595998,-0.2835676722712921,-0.28176201041523274,0.0018056618560593485,-1.897678082390438,-1.8860596979807827,0.011618384409655347
1641779,Jalen Bridges,61.0,-2.20901219287472,-2.191948198322552,0.017063994552168005,-0.8002112959726799,-0.8002112959726799,0.0,-2.292723902390053,-2.276117505508141,0.016606396881912122,-0.8280139548276345,-0.8230975510960215,0.0049164037316130615,-3.4206139535286955,-3.4202024322255573,0.0004115213031381515,-3.850772103821841,-3.8396677811227065,0.011104322699134528,-7.2713860573505364,-7.259870213348264,0.01151584400227268
1642530,Yuki Kawamura,658.0,-1.2334128798169794,-1.1959300325263835,0.03748284729059592,-0.6154948590184277,-0.6154948590184277,0.0,-0.9284168795876233,-0.8858208708844302,0.04259600870319313,-0.7630438278471003,-0.7664627157611918,-0.0034188879140915063,-2.215397107481271,-2.2028789669491275,0.012518140532143285,-2.678835190527842,-2.6798434882647557,-0.0010082977369139101,-4.894232298009113,-4.882722455213884,0.011509842795229375
1629618,Jalen Pickett,3213.0,-1.602408126732034,-1.5764314050643566,0.025976721667677394,-0.7473521056552811,-0.7473521056552811,0.0,-1.353226152895864,-1.373147988342691,-0.019921835446826908,-0.4743565785708842,-0.47794994058247253,-0.0035933620115883302,-1.2837828964613491,-1.2947652901129791,-0.010982393651630007,-0.8296801644250216,-0.830141223308595,-0.0004610588835733953,-2.113463060886371,-2.124906513421574,-0.011443452535202958
1630622,Jalen Crutcher,5.0,-2.050583247451533,-2.011314932840676,0.039268314610857225,-0.36906253546899137,-0.36906253546899137,0.0,-2.041969843428438,-2.0026056495730895,0.03936419385534862,-0.3962406936126183,-0.3965591747014811,-0.0003184810888627876,-3.4285240456391572,-3.4204575341782846,0.008066511460872672,-3.346049443222702,-3.3427823366538063,0.003267106568895617,-6.77457348886186,-6.763239870832091,0.011333618029768289
1641926,Dexter Dennis,71.0,-1.4989557734100525,-1.4361791084959505,0.06277666491410194,-0.8361363826504589,-0.8361363826504589,0.0,-1.6081166012522903,-1.5452615753675996,0.06285502588469072,-0.8694497435545734,-0.8760949686613184,-0.006645225106745034,-3.156946912982476,-3.1399419071882564,0.017005005794219485,-3.887613380062735,-3.893794440359926,-0.00618106029719101,-7.044560293045211,-7.033736347548182,0.010823945497028475
1631338,Mouhamadou Gueye,344.0,-2.396215031413573,-2.3759150881307827,0.020299943282790167,0.7617556512543908,0.7617556512543908,0.0,-3.0013732994489026,-2.981237740375591,0.020135559073311438,0.27849013224995073,0.2815299801044072,0.00303984785445649,-3.2556590383233104,-3.253113938289228,0.0025451000340823704,-1.6555498603576504,-1.6474229253654482,0.008126934992202184,-4.911208898680961,-4.9005368636546764,0.010672035026284554
1631248,Baylor Scheierman,3565.0,-0.6560573032632535,-0.6938762194979254,-0.03781891623467193,-0.4722160019622832,-0.4722160019622832,0.0,-0.6521144706186951,-0.5887580234829888,0.06335644713570632,0.4981458370725558,0.48691085009559554,-0.011234986976960237,-0.9235946514162592,-0.9042579060242946,0.019336745391964616,0.3691456607490422,0.359946730439789,-0.009198930309253228,-0.554448990667217,-0.5443111755845056,0.010137815082711388
1631386,Taze Moore,136.0,-1.3212644564762326,-1.356314220104442,-0.03504976362820944,-0.8362504329991672,-0.8362504329991672,0.0,-1.5858075598993573,-1.6214160319131188,-0.035608472013761494,-0.7875482853982769,-0.7841945921422756,0.003353693256001322,-3.013244552406824,-3.031983760654987,-0.018739208248162775,-3.610646839449035,-3.601934853813187,0.008711985635848407,-6.623891391855859,-6.633918614468174,-0.010027222612314368
1642857,Kasparas Jakučionis,2062.0,0.04617148153084916,0.08007965985844345,0.033908178327594296,-0.3133842492196847,-0.3133842492196847,0.0,0.44274852127323244,0.4745139431707642,0.03176542189753173,0.4464546934741109,0.44118620175591533,-0.005268491718195545,-0.9458210024836267,-0.9332542334304232,0.01256676905320342,-0.0654701460579048,-0.0682895485420274,-0.0028194024841226017,-1.0112911485415315,-1.0015437819724506,0.009747366569080818
1628502,Nigel Hayes-Davis,386.0,-1.8939379832687329,-1.9187845131419627,-0.024846529873229883,-0.03847276271463365,-0.03847276271463365,0.0,-2.3160713479224513,-2.3393733142726543,-0.023301966350202985,-0.008302953885872186,0.0061947796710576375,0.014497733556929824,-3.0208426867680385,-3.0362261462215336,-0.015383459453495174,-2.0011007478180423,-1.976572755365604,0.024527992452438196,-5.021943434586081,-5.0127989015871375,0.009144532998943689
1629006,Josh Okogie,5929.0,-1.0203694405391444,-0.9988258220434838,0.021543618495660555,0.5425415707236082,0.5425415707236082,0.0,-0.25563202900171267,-0.2982787251698624,-0.042646696168149756,0.7159410359751378,0.728773273166625,0.012832237191487184,-0.33539622665897273,-0.36181011264944374,-0.02641388599047101,0.7909674137884184,0.8082400863900934,0.017272672601674977,0.45557118712944566,0.44642997374064963,-0.009141213388796032
1642468,Darius Brown II,4.0,-1.6591416873303508,-1.6820261233600777,-0.022884436029726896,-0.7730702790291545,-0.7730702790291545,0.0,-1.6559815198654972,-1.6788275004666187,-0.02284598060112142,-0.8050525104629543,-0.8044919102119942,0.0005606002509601637,-3.295222308672802,-3.3087729584809593,-0.013550649808157456,-3.9657172957767814,-3.961123420003675,0.004593875773106326,-7.260939604449583,-7.269896378484635,-0.008956774035051573
1643133,Lawson Lovering,111.0,-1.0138027742649334,-0.9916966460294139,0.022106128235519495,0.5597695777057371,0.5597695777057371,0.0,-1.0182199371660503,-0.9975116037547924,0.020708333411257884,0.5738946742570449,0.5755750646278499,0.0016803903708050294,-2.8973309684963393,-2.89512315296025,0.002207815536089175,-1.6461708986570844,-1.639926979312407,0.006243919344677495,-4.543501867153424,-4.535050132272657,0.008451734880766892
1629716,Marques Bolden,248.0,-3.1965070993065043,-3.167021189763277,0.029485909543227162,0.2023716529927894,0.2023716529927894,0.0,-3.1603145912192767,-3.1225498643090552,0.03776472691022148,0.35999023822939175,0.35782911491615504,-0.0021611233132367014,-3.550188456102349,-3.542361163219658,0.007827292882691239,-1.6989537597842201,-1.6983570946302744,0.0005966651539457413,-5.249142215886569,-5.240718257849933,0.008423958036636314
1629216,Gabe Vincent,5411.0,-0.7523908602506078,-0.693649109693677,0.05874175055693076,-0.7400581423569171,-0.7400581423569171,0.0,-0.4855865954686875,-0.43111773576248363,0.054468859706203854,-0.15983766812901745,-0.18668187378414403,-0.026844205655126574,-0.4471393354276927,-0.41375960805660217,0.03337972737109052,-0.16487563036530606,-0.1899128865756703,-0.025037256210364234,-0.6120149657929987,-0.6036724946322725,0.008342471160726284
1627826,Ivica Zubac,11735.0,-1.3144060801177295,-1.3808479630715103,-0.06644188295378073,0.9341659664299139,0.9341659664299139,0.0,-1.8219741376341931,-1.7766529073848196,0.04532123024937351,2.347291047951532,2.33570173462607,-0.01158931332546187,-1.449116071950785,-1.4339839436332222,0.01513212831756272,2.169026028898239,2.162221631588278,-0.006804397309961185,0.7199099569474541,0.7282376879550556,0.008327731007601535
1642278,Tyler Kolek,2091.0,-1.176565965116013,-1.1355769514416036,0.040989013674409325,-0.6227555535206514,-0.6227555535206514,0.0,-1.304300858107799,-1.345434241860694,-0.04113338375289488,0.5421918970124561,0.5455407027201266,0.003348805707670488,-1.5796391887044328,-1.595837548367022,-0.0161983596625892,0.06460390515679348,0.07251845664411727,0.007914551487323784,-1.5150352835476393,-1.5233190917229047,-0.008283808175265417
1641729,Brice Sensabaugh,8048.0,0.00043612355603173114,0.0058960187671599495,0.005459895211128218,-0.8931367659954522,-0.8931367659954522,0.0,-0.3568777155650831,-0.39257907322058455,-0.035701357655501476,-3.2316837558523477,-3.2001458815715735,0.03153787428077415,-0.14809460288246346,-0.17487750062307805,-0.026782897740614597,-3.116419606963678,-3.0814152802329473,0.03500432673073073,-3.2645142098461415,-3.2562927808560254,0.00822142899011613
1630929,Henri Drell,65.0,-1.7405953494119966,-1.6816353660061698,0.058959983405826755,-0.44665589949912143,-0.44665589949912143,0.0,-1.6386310226285419,-1.5804457726690277,0.05818524995951413,-0.4574035772550873,-0.4647319388142568,-0.007328361559169494,-3.2092679269583524,-3.193875693822798,0.015392233135554267,-3.2864754229497577,-3.293686879333719,-0.007211456383961146,-6.4957433499081105,-6.4875625731565165,0.00818077675159401
1641936,Miles Norris,64.0,-2.051135709158192,-2.072467398165987,-0.021331689007794807,-0.018219199957940663,-0.018219199957940663,0.0,-2.1801820390908837,-2.2011622605751473,-0.020980221484263595,-0.190584986332906,-0.18953355222125584,0.0010514341116501513,-3.369620165102969,-3.3828043951063016,-0.013184230003332686,-2.8898326644193775,-2.8845123336594427,0.005320330759934766,-6.259452829522346,-6.267316728765744,-0.007863899243397476
1631232,Keion Brooks Jr.,689.0,-1.8498863697740884,-1.8562882020915104,-0.006401832317421974,0.07902496641743778,0.07902496641743778,0.0,-2.1277908521390234,-2.146466151287365,-0.01867529914834165,-0.42796404906954116,-0.41683959575499785,0.011124453314543314,-2.7340557762522737,-2.746136143444149,-0.012080367191875219,-2.1744858833772573,-2.1553114545230434,0.019174428854213943,-4.908541659629531,-4.901447597967192,0.007094061662338724
1642884,Vladislav Goldin,63.0,-1.401386333742412,-1.37796025583264,0.023426077909771914,0.04304418536923743,0.04304418536923743,0.0,-1.4298890789688412,-1.4050242955331056,0.024864783435735616,0.11659638505499402,0.1167325679067217,0.00013618285172767308,-3.115186549594985,-3.1120992487358925,0.00308730085909259,-2.4326965632557775,-2.4287451162727898,0.003951446982987772,-5.547883112850762,-5.540844365008683,0.007038747842079474
1642938,Curtis Jones,181.0,-1.2580250246023512,-1.2892684271692383,-0.03124340256688707,-0.3547484119433072,-0.3547484119433072,0.0,-1.0662199349088939,-1.101590439608731,-0.03537050469983716,-0.28400339889694753,-0.27884863090110384,0.00515476799584369,-2.845153196827922,-2.863521079715352,-0.018367882887430298,-2.770131974952305,-2.7588011822236016,0.011330792728703187,-5.615285171780227,-5.622322261938954,-0.007037090158727111
1631306,Cole Swider,547.0,-1.65310968412563,-1.6710554828366981,-0.01794579871106805,-0.8321155318996569,-0.8321155318996569,0.0,-1.5964298694128678,-1.6062326149637414,-0.00980274555087357,-0.7288639446445044,-0.7187016769507014,0.010162267693803018,-2.576904304823176,-2.5879788799703736,-0.011074575147197674,-2.782639248611587,-2.7645887406960683,0.018050507915518654,-5.359543553434763,-5.352567620666441,0.006975932768321869
1641718,Keyonte George,12355.0,1.1935487320874294,1.3084637164647843,0.11491498437735492,-1.1361050201414171,-1.1361050201414171,0.0,0.5150445036546825,0.5286775313578471,0.013633027703164657,-3.2757015337791415,-3.2959966537032903,-0.020295119924148786,0.5493390712696207,0.5707743201073807,0.021435248837760046,-2.9321947778254085,-2.9466984300192247,-0.014503652193816219,-2.382855706555788,-2.375924109911844,0.006931596643943827
1642875,Maxime Raynaud,4071.0,-1.5513152418965825,-1.4748960858443498,0.0764191560522327,-0.17288095791930122,-0.17288095791930122,0.0,-2.0155353931414868,-2.0413857800070243,-0.025850386865537534,-1.5029573327142849,-1.5060176425796803,-0.0030603098653954053,-2.2390800598955938,-2.246036052854506,-0.006955992958912027,-1.820074362931491,-1.8197773507284674,0.00029701220302369435,-4.059154422827085,-4.065813403582974,-0.006658980755888777
1641824,Matas Buzelis,8041.0,-1.0347108864938037,-0.9522615903007312,0.08244929619307251,0.2781185908863898,0.2781185908863898,0.0,-1.5449231182446255,-1.5250515958259845,0.019871522418640986,0.2629320200142243,0.24634012809734146,-0.016591891916882817,-1.3879546688961117,-1.3686718758821899,0.019282793013921884,0.3470487339238959,0.3343495266821819,-0.012699207241714028,-1.0409059349722158,-1.034322349200008,0.006583585772207856
1628427,Vlatko Čančar,287.0,-2.5499618382811486,-2.5039729570639113,0.04598888121723732,-0.35765239727284825,-0.35765239727284825,0.0,-2.878726958746003,-2.8493945163829486,0.029332442363054323,-0.038905226696691164,-0.042969214136648004,-0.00406398743995684,-3.346127640677752,-3.337587464347943,0.008540176329808968,-2.2101421303598316,-2.2122904927326585,-0.0021483623728268952,-5.5562697710375835,-5.549877957080602,0.006391813956981629
1643141,Jahmyl Telfort,64.0,-1.9510691378470346,-1.9314655647508947,0.019603573096139915,0.013893378262592349,0.013893378262592349,0.0,-1.9879796207769604,-1.9730719135240733,0.014907707252887148,0.08784096190375724,0.08929345134640632,0.0014524894426490714,-3.3152203877162565,-3.3147594460804086,0.00046094163584786685,-2.473399292643888,-2.467479115408385,0.005920177235502866,-5.788619680360144,-5.782238561488794,0.006381118871350289
1642845,VJ Edgecombe,5403.0,0.34910563510763915,0.3152049072504548,-0.03390072785718434,0.06385032853395711,0.06385032853395711,0.0,0.4136310459988649,0.43837389095594914,0.02474284495708423,0.5631724616622816,0.5511702277376874,-0.012002233924594208,-0.7679210113887622,-0.7651098869115573,0.002811124477204885,0.610036324498413,0.6009105522909897,-0.009125772207423388,-0.15788468689034918,-0.16419933462056768,-0.006314647730218503
1630526,Jeremiah Robinson-Earl,4007.0,-1.4441722903025882,-1.5192266691524372,-0.075054378849849,-0.6120099258358471,-0.6120099258358471,0.0,-1.567505487842021,-1.6096446619817104,-0.042139174139689484,-2.1440096401130315,-2.118740708359163,0.02526893175386835,-1.2514511501850283,-1.2897548506542864,-0.03830370046925813,-2.5582633387359337,-2.525947407531992,0.032315931203941606,-3.809714488920962,-3.8157022581862785,-0.005987769265316523
1631209,Isaiah Wong,547.0,-1.5428087522346727,-1.5625875722509606,-0.019778820016287835,-1.1935571680009307,-1.1935571680009307,0.0,-1.93163359023427,-1.9636024617394807,-0.03196887150521066,-1.1041310976792271,-1.098127429571543,0.006003668107684046,-2.652741311239374,-2.6702431466547996,-0.017501835415425493,-3.3108050177594692,-3.2986074866665116,0.012197531092957625,-5.963546328998843,-5.968850633321312,-0.005304304322468312
1641731,Bilal Coulibaly,10888.0,-1.0617708193303537,-0.9931538218171472,0.06861699751320649,0.24618260285066848,0.24618260285066848,0.0,-2.10464247095274,-2.105741212215809,-0.0010987412630689697,-1.0251393330788463,-1.0392245197674035,-0.014085186688557183,-1.5119346138841065,-1.5077574599596482,0.004177153924458388,-0.8964942734401973,-0.9057996978805787,-0.009305424440381405,-2.4084288873243036,-2.413557157840227,-0.005128270515923461
1630200,Tre Jones,10201.0,0.29656994740397846,0.31894211787325877,0.022372170469280306,-0.47436911080628663,-0.47436911080628663,0.0,0.2663604910195237,0.3106539546312821,0.0442934636117584,-0.2228774717775709,-0.25019408148634886,-0.027316609708777972,0.29434759872642413,0.3213000457806543,0.026952447054230166,-0.14171212716068737,-0.16366281672085448,-0.021950689560167103,0.15263547156573676,0.15763722905979982,0.005001757494063064
1642867,Collin Murray-Boyles,2530.0,-0.1875591327039785,-0.22918268519684593,-0.04162355249286742,0.2847822416859018,0.2847822416859018,0.0,-0.18345370651104095,-0.1819036763897831,0.001550030121257845,1.4473961330693872,1.449925770196056,0.00252963712666876,-1.1770845902964955,-1.1883949865695684,-0.011310396273072953,1.303088132090923,1.3099042233425373,0.00681609125161442,0.1260035417944274,0.12150923677296888,-0.004494305021458533
1642366,Quinten Post,3761.0,-0.9351883100337433,-0.9210507362202015,0.014137573813541748,-0.02116597608521273,-0.02116597608521273,0.0,-1.449128594301987,-1.4770162144333396,-0.02788762013135271,0.20171003394784476,0.20969112290441777,0.007981088956573013,-1.318851304735769,-1.3360456881447398,-0.017194383408970726,0.05886052180081647,0.07172618685797127,0.012865665057154807,-1.2599907829349526,-1.2643195012867685,-0.004328718351815919
1642490,Josh Oduro,184.0,-1.1243946361624628,-1.1438352678842638,-0.019440631721800994,-0.105832531851182,-0.105832531851182,0.0,-0.8792478485691269,-0.9048128498099387,-0.025565001240811847,-0.2901071886499782,-0.2799584154970356,0.010148773152942603,-2.778225511717011,-2.792586344029086,-0.014360832312075189,-2.7729535849411304,-2.7542822956946127,0.01867128924651773,-5.551179096658141,-5.546868639723699,0.004310456934442541
1630171,Isaac Okoro,9524.0,-0.8965624737903147,-0.8493185568379551,0.04724391695235963,-0.13545304553210524,-0.13545304553210524,0.0,-0.11194676190912312,-0.07656938031015736,0.03537738159896575,0.16624735912904182,0.13232388806302398,-0.03392347106601784,-0.14438731475653954,-0.11990966283351812,0.024477651923021426,0.2375804831307411,0.2089157474619725,-0.028664735668768593,0.09319316837420155,0.08900608462845438,-0.004187083745747167
1631109,Mark Williams,6343.0,-0.6647694182045363,-0.6597772591238966,0.004992159080639658,1.0443051916414534,1.0443051916414534,0.0,-1.3726499353507124,-1.3591486305178386,0.013501304832873817,-0.19268220778497835,-0.2029886520966424,-0.010306444311664054,-0.9051017510538617,-0.9021585884659005,0.0029431625879612344,-0.14626336927856265,-0.15323744577785847,-0.006974076499295823,-1.0513651203324244,-1.055396034243759,-0.004030913911334588
1631098,Johnny Davis,1841.0,-2.301811269992187,-2.3591326176071856,-0.05732134761499852,-0.2998159417341474,-0.2998159417341474,0.0,-2.7707740700744328,-2.776818993416165,-0.006044923341732122,-0.4771875856702046,-0.4700490426750501,0.007138542995154484,-2.398694135525993,-2.415468324134124,-0.01677418860813118,-1.323730288792186,-1.3109583557174789,0.012771933074707142,-3.722424424318179,-3.726426679851603,-0.004002255533424037
1641707,Taylor Hendricks,4282.0,-1.0202525455116556,-0.9873817403118995,0.03287080519975605,0.2930108635623301,0.2930108635623301,0.0,-1.5158645107478508,-1.4772995491493286,0.038564961598522185,0.3016823612397047,0.2846754805496253,-0.017006880690079385,-1.1265464286834552,-1.1073215214359515,0.019224907247503698,0.23932844019182742,0.22406312601166523,-0.015265314180162193,-0.8872179884916278,-0.8832583954242863,0.003959593067341505
1630619,Moussa Cisse,1113.0,-1.2061143367428444,-1.188622770621246,0.017491566121598412,0.8450473066088005,0.8450473066088005,0.0,-1.0215718317705083,-1.020232965718817,0.001338866051691312,0.784081383981922,0.7859538846373059,0.001872500655383913,-2.0432208300555956,-2.045693829041211,-0.002472998985615593,-0.1266160382990904,-0.12037050288878559,0.006245535410304814,-2.169836868354686,-2.166064331929997,0.0037725364246892212
1630587,Isaiah Livers,1691.0,-1.6427362937831265,-1.6765909141744744,-0.0338546203913479,-0.29115780766455873,-0.29115780766455873,0.0,-1.8511103584828592,-1.8887699054671363,-0.03765954698427709,-1.036651254859283,-1.0170125393092864,0.019638715549996633,-1.9925054052044455,-2.017748234234555,-0.025242829030109437,-2.1195699727639887,-2.090744807033999,0.02882516572998961,-4.112075377968434,-4.108493041268554,0.003582336699880173
1641711,Gradey Dick,8181.0,-1.0079230452536843,-0.9131659500349198,0.09475709521876441,-0.7628763437966973,-0.7628763437966973,0.0,-1.7477398884686277,-1.7234098563575184,0.02433003211110929,-2.5174294865649656,-2.548963139182893,-0.03153365261792729,-1.1758550483978647,-1.1518652877603368,0.02398976063752789,-2.3994824530638326,-2.426878658458754,-0.02739620539492149,-3.5753375014616973,-3.578743946219091,-0.0034064447573936008
1631126,Caleb Love,2127.0,-0.9289584207606286,-0.9395895156693571,-0.010631094908728489,-1.4565227180763265,-1.4565227180763265,0.0,-1.0543016063242558,-1.0992494842845861,-0.044947877960330285,-1.9489280328101553,-1.9338730561465096,0.015054976663645636,-1.7083006753981262,-1.7340765538883431,-0.025775878490216897,-3.0151704013873,-2.992731304505433,0.022439096881867293,-4.723471076785426,-4.7268078583937765,-0.003336781608350492
1641816,Hunter Tyson,1291.0,-2.1365203448981864,-2.0661330411036207,0.0703873037945657,-0.6684464211059621,-0.6684464211059621,0.0,-2.848586078855939,-2.8261281326923773,0.022457946163561893,-0.2871061414516341,-0.2973880601596856,-0.010281918708051507,-2.520921848788725,-2.507816722229553,0.013105126559171953,-1.416610037201866,-1.4263817307820426,-0.0097716935801766,-3.937531885990591,-3.9341984530115957,0.0033334329789953543
1642882,Julian Reese,840.0,-1.110346516704801,-1.1219168667811914,-0.011570350076390401,0.23495309995481198,0.23495309995481198,0.0,-1.0319239362698711,-1.0408495788217107,-0.008925642551839585,-0.17070303715517068,-0.1638067007540099,0.006896336401160774,-2.1875758227727435,-2.197727371879266,-0.010151549106522495,-1.6513544034935597,-1.6381824695322929,0.013171933961266813,-3.838930226266303,-3.835909841411559,0.003020384854743874
1628392,Isaiah Hartenstein,9412.0,-0.2745934542937305,-0.45830826927193025,-0.18371481497819975,1.327994789200166,1.327994789200166,0.0,0.8098265959128237,0.8792268890745201,0.06940029316169638,3.11590278009219,3.1033566685504046,-0.012546111541785532,0.5337473056341384,0.5446469279160238,0.010899622281885346,3.065115770621709,3.0568445704467337,-0.008271200174975402,3.5988630762558476,3.6014914983627575,0.0026284221069099445
1641809,Drew Peterson,542.0,-1.6795373163161618,-1.6552401748446148,0.024297141471546935,-0.37910330184833085,-0.37910330184833085,0.0,-1.5769715482726614,-1.5423930555418135,0.0345784927308479,-0.46124341814953124,-0.4711457667567278,-0.009902348607196576,-2.5566951506120783,-2.549009891322026,0.007685259290052482,-2.4129802457713514,-2.4231770258410354,-0.010196780069684053,-4.96967539638343,-4.972186917163061,-0.0025115207796311267
1629117,Wenyen Gabriel,166.0,-2.2490582843303004,-2.24714378824289,0.0019144960874104555,-0.358304390680938,-0.358304390680938,0.0,-2.514473762653726,-2.507569012262745,0.006904750390980929,-0.18367522279018986,-0.18509731285336337,-0.001422090063173509,-3.3410856759001533,-3.344858350343997,-0.003772674443843549,-2.653356790444546,-2.6517053473401995,0.001651443104346395,-5.994442466344699,-5.996563697684197,-0.002121231339497598
1641810,Antonio Reeves,1497.0,-1.2021690210181564,-1.226320272116991,-0.024151251098834647,-1.009893763277324,-1.009893763277324,0.0,-1.225866288904782,-1.2628544350498958,-0.03698814614511381,-1.71935735612028,-1.7032021247745637,0.01615523134571628,-1.7672554560661151,-1.7902216123455195,-0.02296615627940435,-3.1311030221189817,-3.106441102022781,0.024661920096200607,-4.898358478185097,-4.896662714368301,0.0016957638167962585
1643024,Chris Mañon,93.0,-1.6121466729550693,-1.6227526628671072,-0.010605989912037872,1.1249336027287418,1.1249336027287418,0.0,-1.596030278725985,-1.6094872447871214,-0.013456966061136333,1.0387557098488231,1.0441252991110632,0.005369589262240071,-3.1390877110894517,-3.149152304657923,-0.010064593568471114,-0.9914724415249385,-0.979727613270343,0.011744828254595552,-4.1305601526143905,-4.128879917928266,0.0016802346861242157
1630846,Olivier Sarr,287.0,-2.594171608408196,-2.5976564250163503,-0.003484816608154251,0.7302416337840874,0.7302416337840874,0.0,-2.461693784347497,-2.454532141404607,0.007161642942890012,0.8262927672311103,0.8257219536184963,-0.0005708136126140184,-3.2131411840301087,-3.217548359042518,-0.004407175012409059,-0.954899772990152,-0.9519801858525665,0.0029195871375855553,-4.168040957020261,-4.169528544895084,-0.0014875878748235039
1631230,Dominick Barlow,5138.0,-0.7769413716443708,-0.8786058823972608,-0.10166451075288996,0.42508283583718764,0.42508283583718764,0.0,-0.9077425879563404,-0.8861045210871213,0.021638066869219097,0.8376528294253129,0.8418502140571452,0.004197384631832279,-0.6933542327178972,-0.7028141677739632,-0.009459935056066016,0.8935892477159713,0.9018808848673303,0.008291637151359055,0.20023501499807406,0.1990667170933671,-0.0011682979047069608
1630621,Hunter Dickinson,95.0,-2.0786942273749434,-2.0965067858323394,-0.017812558457396044,-0.08355355419082051,-0.08355355419082051,0.0,-2.1731161034920095,-2.193874288241358,-0.02075818474934854,-0.442365375426607,-0.43683419817182095,0.005531177254786024,-3.3292604434358415,-3.3419741815303685,-0.012713738094527027,-3.192686989414652,-3.180703886841007,0.011983102573644988,-6.521947432850494,-6.522678068371375,-0.000730635520881151
1631342,Daeqwon Plowden,1892.0,-1.1347810307745398,-1.1046086378449989,0.030172392929540992,-0.7777890236098972,-0.7777890236098972,0.0,-1.0796038559146215,-1.0819796202211056,-0.0023757643064841183,-0.6522862014494474,-0.6531924528371691,-0.0009062513877217127,-1.5359713273949567,-1.5378963250065636,-0.0019249976116069156,-1.5183661750973025,-1.5157602810978579,0.002605893999444664,-3.054337502492259,-3.0536566061044215,0.0006808963878377483
1642878,Tyrese Proctor,1114.0,-0.3738390020108272,-0.38339150184056325,-0.00955249982973605,-0.6893849697725963,-0.6893849697725963,0.0,-0.1842191063549235,-0.19376328328120127,-0.009544176926277764,-0.625005538650028,-0.6202650057643435,0.004740532885684434,-1.6391074310558145,-1.64939634104531,-0.01028890998949561,-2.005381220254713,-1.99531043111738,0.010070789137333058,-3.6444886513105272,-3.64470677216269,-0.0002181208521627731
1641815,Isaiah Stevens,96.0,-0.9594579096781078,-0.967480738661276,-0.008022828983168195,0.15120586467251204,0.15120586467251204,0.0,-1.0434854971749596,-1.0522035200076556,-0.00871802283269596,0.24420742452044059,0.2476083362799763,0.0034009117595357186,-2.9048961803685245,-2.9135716693709015,-0.008675489002377024,-2.1682684909561014,-2.1594578727225864,0.008810618233515033,-5.073164671324626,-5.073029542093488,0.00013512923113800923
1642362,Payton Sandfort,132.0,-1.4174812382833484,-1.4307498620703003,-0.013268623786951927,-0.3908904500196402,-0.3908904500196402,0.0,-1.3791616254787809,-1.3961705148043941,-0.017008889325613286,-0.48675942110080855,-0.4815897018826263,0.005169719218182267,-3.0073186849964006,-3.018653810810072,-0.011335125813671354,-3.1743020699246447,-3.1628976407844442,0.011404429140200456,-6.181620754921045,-6.181551451594516,6.93033265291021e-05
