component,side,n_tg,att,p,within,tau2,tau2_plain,tau2_half,tau2_mom,bias_exact,n_half,k_loo,k_plain,k_half,k_mom,k_source,k,at_floor,shrink_mean
fg3,off,2378,39885.0,0.3600601729973674,0.2165612424056458,0.0003334479932344764,0.0003005793151765112,0.0002628019853759721,0.0002796055376312146,-0.00016370164258173287,29,649.4603260465949,720.4795256069871,824.0472083794459,774.524153707138,mom,774.524153707138,False,0.023319789585299525
rim,off,2378,69082.0,0.5521698850641267,0.23349490425483418,0.0014605645846790993,0.0014444731051392657,0.0013974349971207797,0.0014330115366589639,-0.00016406274425746984,29,159.86619606152874,161.64711092514406,167.0882042713385,162.94000312043727,mom,162.94000312043727,False,0.16236612078344997
mid,off,2378,79318.0,0.4178244534657959,0.23092391396068596,0.0007254185255010435,0.0007088203197087853,0.0006821752907874637,0.0006992923762753032,-0.00011727983886362582,29,318.33197780713937,325.78625011139593,338.5111086244721,330.2251272789136,mom,330.2251272789136,False,0.09722433490561626
fg2,off,2378,148400.0,0.48036388140161723,0.24524666566843886,0.00031256362632125964,0.0002962276137557788,0.0002742951621082632,0.0002924045494915885,-4.966916067350529e-05,29,784.6295762398439,827.8994066725644,894.0976712219262,838.723836872086,mom,838.723836872086,False,0.07047559965173625
ft,off,2378,58469.0,0.7362533992372026,0.18461462208005075,0.0003775745435560821,0.00037323039520942937,0.00027214603332188086,0.0003710361764224422,-0.00011192595754617353,29,488.94880555587423,494.6398376168121,678.3660221925693,497.5650187540158,mom,497.5650187540158,False,0.051436117049221436
tov,off,2378,218415.0,0.17002495249868368,0.1393170604209783,8.570996517705078e-05,8.247621715192371e-05,7.382644563465726e-05,8.374727411510198e-05,-2.1004235016973118e-05,29,1625.4476376602363,1689.1785927130002,1887.0888232979887,1663.5414333546116,mom,1663.5414333546116,False,0.052556073069637325
oreb,off,2378,108504.0,0.32531519575315193,0.21366418197889595,0.0003388711660866249,0.00033459099447727164,0.00026004224336775795,0.0003351453714061177,-6.747011679784406e-05,29,630.5174454538202,638.5831821705228,821.6518178422532,637.5268770159591,mom,637.5268770159591,False,0.06822834931639
rim_share,off,2378,188285.0,0.3669012401412752,0.22140179921662506,0.002329973386877285,0.0023265061029913233,0.0022291308927613767,0.002308556164028363,-0.00010527759828298507,29,95.0233167741696,95.16493377427894,99.3220272239642,95.90487884439656,mom,95.90487884439656,False,0.45369577230999397
mid_share,off,2378,188285.0,0.4212656345433784,0.23205665908083087,0.002895800402777339,0.0028931074145418464,0.0026244504332736504,0.002857514974082932,-0.00010886561363418833,29,80.13558491747816,80.21017744257499,88.42104851314386,81.20925390961608,mom,81.20925390961608,False,0.49503395671911976
thr_share,off,2378,188285.0,0.21183312531534643,0.16237102563623512,0.0015482282090449313,0.0015482600468563765,0.001382829243967455,0.0015315604610858422,-3.715698847464122e-05,29,104.87538250991972,104.87322589374897,117.41943290870736,106.01672592221249,mom,106.01672592221249,False,0.42905077678298953
ftr,off,2378,214755.0,0.27225908593513537,0.19097391676501155,0.0003424248187762307,0.0003389191294523135,0.0003125830398191243,0.00038212075188921794,-8.341077542541729e-05,29,557.7104996288543,563.4793086882454,610.9541863676235,499.7737385913485,mom,499.7737385913485,False,0.15394744318972045
fg3,def,2378,39885.0,0.3600601729973674,0.2165612424056458,6.242184884903625e-05,3.16302369030568e-05,7.976232849604695e-05,3.120459881976756e-05,-0.00016883771300112038,29,3469.317977578445,6846.652558100726,2715.081749605375,6940.042512850962,mom,6940.042512850962,False,0.0026623538879538195
rim,def,2378,69082.0,0.5521698850641267,0.23349490425483418,0.0009237161930435218,0.0009114476883798471,0.0009714896724164389,0.0009350320439449371,-0.000176892068647046,29,252.7777536144512,256.18025832056844,240.34728405712195,249.71861206992432,mom,249.71861206992432,False,0.1127800605213116
mid,def,2378,79318.0,0.4178244534657959,0.23092391396068596,0.0007067359192259276,0.000689982798974327,0.0007076161770301931,0.0006828488470326229,-0.00011971806094757307,29,326.7471026711248,334.6806823357899,326.34063699596953,338.1772041707111,mom,338.1772041707111,False,0.09516545543333683
fg2,def,2378,148400.0,0.48036388140161723,0.24524666566843886,0.00035687266521552307,0.00034051304694372215,0.00036200208123656093,0.0003355434566894078,-4.917563312448541e-05,29,687.2105643628636,720.2269277775183,677.4730820074352,730.8938999679222,mom,730.8938999679222,False,0.08002695844058254
ft,def,2378,58469.0,0.7362533992372026,0.18461462208005075,-1.9356316935312486e-05,-2.2115072211015495e-05,5.9266323477498095e-06,9.511860028367641e-07,-0.00011756045040410474,29,1000000.0,1000000.0,31150.004125048214,194088.87591855472,mom,194088.87591855472,False,0.0001396093773931429
tov,def,2378,218415.0,0.17002495249868368,0.1393170604209783,0.00012508768816013515,0.00012171266252284422,0.00010967177546300707,0.00012207913276656877,-2.0541740170311244e-05,29,1113.7551782284677,1144.639000850301,1270.3091550475606,1141.2029006412643,mom,1141.2029006412643,False,0.07480431569755427
oreb,def,2378,108504.0,0.32531519575315193,0.21366418197889595,0.00023946206356621362,0.00023874062265763306,0.00023879102391467587,0.0002429075352290988,-6.891702537752169e-05,29,892.2673545733297,894.9636622390062,894.7747636244561,879.6111729402634,mom,879.6111729402634,False,0.05041773146106057
rim_share,def,2378,188285.0,0.3669012401412752,0.22140179921662506,0.0019075841277661082,0.001907810520172231,0.0019259729735634275,0.0019076364919547323,-0.00011161776746951551,29,116.06397641602283,116.05020355828503,114.95581830880437,116.06079048621957,mom,116.06079048621957,False,0.4070903348116739
mid_share,def,2378,188285.0,0.4212656345433784,0.23205665908083087,0.0017129700758106972,0.0017103904344850122,0.0016776376610672865,0.0017236867881647514,-0.00012407393297151237,29,135.47035196806075,135.67467076644502,138.32346785372005,134.628089438399,mom,134.628089438399,False,0.3719098822301299
thr_share,def,2378,188285.0,0.21183312531534643,0.16237102563623512,0.00029500809820068346,0.00029214305192338575,0.0002814130470997623,0.0003106069466551106,-5.224567685263315e-05,29,550.3951472063656,555.7928712226118,576.9847109422535,522.7540059383393,mom,522.7540059383393,False,0.13261130938228533
ftr,def,2378,214755.0,0.27225908593513537,0.19097391676501155,0.0006825193027864528,0.0006784158150899255,0.0006487294672868643,0.0007071717994591362,-7.909465689447864e-05,29,279.80734901612533,281.49980073754256,294.38144310556504,270.05307184346645,mom,270.05307184346645,False,0.2517628390170635
fg3,off,2377,30174.0,0.34546298137469345,0.20843653059541814,0.00045765326363276447,0.0004109323425849081,0.00043296109548291215,0.0003774030139530936,-0.00021335140285861842,29,455.4463983079431,507.2283414935887,481.42092388909475,552.291642857214,mom,552.291642857214,False,0.026184485702117857
rim,off,2378,61241.0,0.6098038895511178,0.22639452774703853,0.0004399246129895995,0.00042173006594960276,0.0003932885733650374,0.00042562462988195274,-0.00013661975835272669,29,514.6211897727824,536.8233048247808,575.644814213574,531.911247264589,mom,531.911247264589,False,0.049200317112561266
mid,off,2378,97775.0,0.382889286627461,0.23016125280635014,0.00029503249240207856,0.0002804805029626945,0.0002664589107235297,0.00027533460687652794,-7.175033622944204e-05,29,780.1217111120084,820.5962638228829,863.7776540532323,835.9328869602087,mom,835.9328869602087,False,0.04881487888976695
fg2,off,2378,159016.0,0.47027972027972026,0.2449535741591675,0.0003626452981876017,0.00034553138946461013,0.00035098074867996723,0.00034189006444223385,-4.6967380545584207e-05,29,675.4632567508139,708.9184416464022,697.911709062203,716.4688291214006,mom,716.4688291214006,False,0.0865896785300968
ft,off,2378,60629.0,0.735093767009187,0.1854743418091884,0.0006172508392578617,0.0006124993352895274,0.0005550965830682802,0.0005967141727393151,-0.00010435950804324424,29,300.4845518431202,302.8155805614303,334.129856797144,310.8261044944479,mom,310.8261044944479,False,0.08223833880751348
tov,off,2378,218711.0,0.16775105047299863,0.1377064810810149,9.290926515894622e-05,9.079628455114967e-05,9.352500557035864e-05,9.32393805906108e-05,-2.2162597312351943e-05,29,1482.1609109213277,1516.653261328536,1472.4028107907318,1476.9132978869438,mom,1476.9132978869438,False,0.05882337112171022
oreb,off,2378,110378.0,0.33110764826324085,0.21576342385899042,0.0003362883000170171,0.0003339213169787724,0.0002786298651321769,0.0003337688547076268,-6.598263215667331e-05,29,641.6025292823812,646.1504938084162,774.3729257329834,646.4456488847463,mom,646.4456488847463,False,0.06845288513906489
rim_share,off,2378,189190.0,0.32370104128125166,0.21257821516382,0.0011761694826924736,0.0011727521530628814,0.001136695213316078,0.001174274895676038,-6.30842507264138e-05,29,180.73774085447994,181.26439982107783,187.01426087971825,181.02934495711696,mom,181.02934495711696,False,0.3067761614195684
mid_share,off,2378,189190.0,0.5168084993921455,0.2404716978816963,0.0029413297461996614,0.0029386320860828453,0.002765183945732643,0.0029023935433049627,-7.680772518894795e-05,29,81.75611666539504,81.83116866536419,86.9640872365121,82.85289168879234,mom,82.85289168879234,False,0.49113357767222326
thr_share,off,2378,189190.0,0.15949045932660288,0.1297479642815495,0.001621894274781359,0.0016221502352834827,0.001510801414352836,0.0016019267295173543,-3.274757501551846e-05,29,79.99779412196291,79.98517120017252,85.88022426304656,80.99494308372104,mom,80.99494308372104,False,0.496788634996323
ftr,off,2378,216732.0,0.27974180093387224,0.19409638200273524,0.0006429498455005828,0.0006397922201525344,0.0005870279690483025,0.0006719182643850971,-8.209466960857038e-05,29,301.88417239857523,303.3740891010839,330.64247742302103,288.8690370403335,mom,288.8690370403335,False,0.24087109721313338
fg3,def,2377,30174.0,0.34546298137469345,0.20843653059541814,0.0001769068909547033,0.00013837532851099075,0.00013862709917332922,0.00012523742184349668,-0.0002136720081683091,29,1178.2273119524098,1506.3128148516926,1503.5770916248077,1664.3310563825842,mom,1664.3310563825842,False,0.008864105787568965
rim,def,2378,61241.0,0.6098038895511178,0.22639452774703853,0.0006729359454613888,0.0006637768853331022,0.0006266784112142492,0.0006542310220038706,-0.00013432119004675038,29,336.4280497630638,341.07021914965793,361.2610929238452,346.0467635019898,mom,346.0467635019898,False,0.07357177631138534
mid,def,2378,97775.0,0.382889286627461,0.23016125280635014,0.00015161689944354957,0.0001355397189363601,0.00013332530456709003,0.0001351390755603512,-7.299949062926585e-05,29,1518.0448462609831,1698.1092672504185,1726.313347295087,1703.14360855283,mom,1703.14360855283,False,0.024593327864629273
fg2,def,2378,159016.0,0.47027972027972026,0.2449535741591675,0.00033950735701874656,0.0003216737806046298,0.0003072369707024631,0.0003184715642575634,-4.707477725814822e-05,29,721.4971018894354,761.4968608841659,797.278965480972,769.1536754002366,mom,769.1536754002366,False,0.08114651587823175
ft,def,2378,60629.0,0.735093767009187,0.1854743418091884,5.7550737607115783e-05,5.4789523723228176e-05,7.645810405582015e-05,7.007677018173622e-05,-0.00011189058861087367,29,3222.796953105527,3385.2154427572805,2425.829728576296,2646.7307401323087,mom,2646.7307401323087,False,0.010475825880832948
tov,def,2378,218711.0,0.16775105047299863,0.1377064810810149,0.0002223564258272198,0.0002193157641667918,0.0002037838782092488,0.0002187409115069545,-2.053955992137649e-05,29,619.3051564339255,627.8913948761466,675.7476709694155,629.5414978950417,mom,629.5414978950417,False,0.1278461441094342
oreb,def,2378,110378.0,0.33110764826324085,0.21576342385899042,0.0003605078406979954,0.00035891490564278955,0.00036963094133956475,0.0003583020127701822,-6.62664405401985e-05,29,598.4985609223954,601.1548154361948,583.7266303439068,602.1831197397788,mom,602.1831197397788,False,0.07310890191879806
rim_share,def,2378,189190.0,0.32370104128125166,0.21257821516382,0.0010634371653913007,0.0010603939787346547,0.0010534368275577945,0.0010653821099556734,-6.452268628884252e-05,29,199.8972972564863,200.47097534209408,201.79493406989076,199.53236794323925,mom,199.53236794323925,False,0.28651891342758523
mid_share,def,2378,189190.0,0.5168084993921455,0.2404716978816963,0.0010976585799764393,0.001092094618296284,0.0010697598080313248,0.001116483291931809,-9.988546625415168e-05,29,219.07695367976618,220.19309852185043,224.79036516078833,215.38315854742189,mom,215.38315854742189,False,0.27118045709598065
thr_share,def,2378,189190.0,0.15949045932660288,0.1297479642815495,0.00013898900071657953,0.00013683819556763597,0.00013351722366604715,0.00016204969414927912,-5.0858879266519626e-05,29,933.5124622280438,948.1852909805294,971.7694895010301,800.6677517208179,mom,800.6677517208179,False,0.0911323142482634
ftr,def,2378,216732.0,0.27974180093387224,0.19409638200273524,0.0007044797036366063,0.0007036892381462811,0.0007007834005124827,0.0007333435854922205,-8.147746876292533e-05,29,275.51735131727304,275.8268444093883,276.9705758737901,264.67318436072185,mom,264.67318436072185,False,0.2572036386466454
fg3,off,1450,19046.0,0.33870629003465297,0.20667403256560238,0.0004574664147959464,0.0003985868376091355,0.00033590838796603695,0.0003662237389930929,-0.0003355236175848207,29,451.7796845431585,518.5169530567194,615.2690434943792,564.3381642430894,mom,564.3381642430894,False,0.0259423349638254
rim,off,1450,33984.0,0.6032250470809792,0.2247644715154982,0.0008900461801310658,0.0008627469955187722,0.0009371835023881012,0.0008824316412704173,-0.00027587749255460187,29,252.53124672969216,260.5218826410942,239.8297355243242,254.71034922536293,mom,254.71034922536293,False,0.08920255865205559
mid,off,1450,60232.0,0.37441891353433393,0.22809933925314288,0.00026152280855261915,0.00023812678923538838,0.00023904599785383812,0.00023659035900055512,-0.00011705778376372951,29,872.1967331092218,957.8902902338579,954.2068944932162,964.1108801589319,mom,964.1108801589319,False,0.0428094655130773
fg2,off,1450,94216.0,0.4569499872633098,0.24380139900454367,0.00032129593343054345,0.0002884703109494796,0.0003104567125313212,0.0002887766308634428,-8.135298357450554e-05,29,758.8063639692712,845.1524810372639,785.2991710718678,844.2559852422162,mom,844.2559852422162,False,0.0725857326159913
ft,off,1450,36459.0,0.726240434460627,0.18922313579601271,0.0007342232175359079,0.0007286787701102362,0.0006438558334426837,0.0007184308330691305,-0.0001801950027358193,29,257.71881258543635,259.6797705076362,293.890535687532,263.38392937236983,mom,263.38392937236983,False,0.09483320275769644
tov,off,1450,131629.0,0.16840513868524412,0.13833016890922278,9.933530294594072e-05,9.582965819124651e-05,8.477173761015791e-05,9.634972706827907e-05,-3.242035937635257e-05,29,1392.5579809677881,1443.5005980419792,1631.795841502807,1435.708985570804,mom,1435.708985570804,False,0.05968536155875835
oreb,off,1450,67644.0,0.3188900715510614,0.21165402259339078,0.0004702950068659045,0.0004682738891673943,0.00042830388052703816,0.00046628538072976714,-0.0001016833394367473,29,450.04522587614844,451.9876668112294,494.16788457051905,453.9152015920773,mom,453.9152015920773,False,0.09511491638641838
rim_share,off,1450,113262.0,0.3000476770673306,0.20469316419500524,0.0006673098577250527,0.0006628043994201903,0.0006101048935400695,0.000687687709889232,-9.388892184161543e-05,29,306.74380398460056,308.82891600307306,335.50487196930135,297.6542422547813,mom,297.6542422547813,False,0.20929550131815663
mid_share,off,1450,113262.0,0.5317935406402854,0.24157830105105502,0.0018457194413062927,0.00183325295325436,0.0017572981261233587,0.0018402419875117194,-0.00011211080244614039,29,130.8857108207518,131.77575992566068,137.47143837453606,131.27529025555208,mom,131.27529025555208,False,0.3746441243407077
thr_share,off,1450,113262.0,0.16815878229238404,0.13581862580567247,0.0013915179413631568,0.0013874787161273876,0.001305350114814663,0.001378646833464964,-5.345305872355405e-05,29,97.6046529968719,97.88879946552106,104.04766067298071,98.51589436021004,mom,98.51589436021004,False,0.4437349206453579
ftr,off,1450,129907.0,0.2806546221527708,0.1937182432086535,0.0006219874047306944,0.000622001695970018,0.0006550616206921434,0.0007016790683329716,-0.00015159294962784092,29,311.45042766987996,311.4432717205826,295.7252220088383,276.0781273821999,mom,276.0781273821999,False,0.24607813427826808
fg3,def,1450,19046.0,0.33870629003465297,0.20667403256560238,9.047364858777719e-06,-5.232477248092003e-05,2.9196204942082886e-05,9.239445502558527e-07,-0.00035049933901378703,29,22843.561168541582,1000000.0,7078.797842924651,223686.6189733697,mom,223686.6189733697,False,6.739056513592278e-05
rim,def,1450,33984.0,0.6032250470809792,0.2247644715154982,0.001410816006299803,0.0013909363703255252,0.0012332406494794425,0.0013739396327154551,-0.0002638528053469071,29,159.3152264447268,161.59220242612238,182.25515969683005,163.59122785567627,mom,163.59122785567627,False,0.1320054261102186
mid,def,1450,60232.0,0.37441891353433393,0.22809933925314288,0.000161259274165904,0.00013854648338513603,0.00011261660446820857,0.00014198863764086766,-0.00011953517091393107,29,1414.4881925889956,1646.374080957832,2025.4503350572504,1606.4619186647546,mom,1606.4619186647546,False,0.02615551562416705
fg2,def,1450,94216.0,0.4569499872633098,0.24380139900454367,0.00038781563545809404,0.0003575193779331523,0.00031251767705954943,0.00035526158474656773,-7.966806131932776e-05,29,628.6528358160742,681.9249921891752,780.1203480662246,686.2588286275416,mom,686.2588286275416,False,0.0878076746114437
ft,def,1450,36459.0,0.726240434460627,0.18922313579601271,4.472423961269624e-05,2.9850601077142375e-05,1.9030783428236057e-05,6.452748249755305e-05,-0.00019599456860827852,29,4230.8854758549405,6339.005881556848,9943.002951484463,2932.4425573737244,mom,2932.4425573737244,False,0.009393529884346821
tov,def,1450,131629.0,0.16840513868524412,0.13833016890922278,0.00013518425613242332,0.0001307451097762137,0.00013619998287512625,0.0001302575628446628,-3.1809939473112355e-05,29,1023.2712955399022,1058.01409433968,1015.6401343754175,1061.9741832125853,mom,1061.9741832125853,False,0.07902418856603924
oreb,def,1450,67644.0,0.3188900715510614,0.21165402259339078,7.628701356611718e-05,6.83622131041289e-05,8.491094079566255e-05,8.410181375473249e-05,-0.00011111751388617141,29,2774.443679197802,3096.0674469534897,2492.6590214414696,2516.6404045772533,mom,2516.6404045772533,False,0.018639754120308476
rim_share,def,1450,113262.0,0.3000476770673306,0.20469316419500524,0.0008584281342005571,0.000859530073693405,0.0008448945357695554,0.0008765328028750986,-8.957171169435209e-05,29,238.4511364898744,238.1454360467432,242.27066873922266,233.5259599225438,mom,233.5259599225438,False,0.2521824527636907
mid_share,def,1450,113262.0,0.5317935406402854,0.24157830105105502,0.0011066446934702525,0.0011096675286118346,0.0010737894816194768,0.0011442746385740853,-0.00012739709192451855,29,218.29797989949773,217.70331637374596,224.97733977307118,211.1191604771499,mom,211.1191604771499,False,0.27163404105566313
thr_share,def,1450,113262.0,0.16815878229238404,0.13581862580567247,0.00018935501982169612,0.00019303167542549616,0.00019756356248919242,0.0002282929213991786,-7.750790764701308e-05,29,717.2697398440478,703.6079726619478,687.467993057183,594.9313932874361,mom,594.9313932874361,False,0.11704854147703149
ftr,def,1450,129907.0,0.2806546221527708,0.1937182432086535,0.0008433836293764157,0.0008340913560962373,0.0008520905991591674,0.0009021672438738221,-0.00014656774323531174,29,229.6917280121807,232.25063033299475,227.34465489915308,214.72542316748877,mom,214.72542316748877,False,0.2955250467703101
fg3,off,2378,32589.0,0.35294117647058826,0.21164178763076355,0.00030721289792071,0.00027429880695004674,0.00026020327516343086,0.0002514851301793338,-0.0001995997124249384,29,688.9091866363864,771.5738540171857,813.3709596769435,841.5677995746388,mom,841.5677995746388,False,0.018347108365533663
rim,off,2378,56572.0,0.6179382026444177,0.22251320893305146,0.0007394801687813146,0.0007235283652794242,0.0006988961285656565,0.000721521382697607,-0.00015939656552752717,29,300.9049036430008,307.53902626487576,318.37808200442464,308.3944762678056,mom,308.3944762678056,False,0.07647294577015708
mid,off,2378,105950.0,0.38772062293534687,0.2314084007438036,0.00046547586519002463,0.0004487688063598486,0.00044383097223519837,0.00044134574739992016,-6.783940454874753e-05,29,497.1437147430491,515.6517063225804,521.3885808338176,524.3245281212954,mom,524.3245281212954,False,0.08073860822186893
fg2,off,2378,162522.0,0.46785665940611115,0.24494776004706412,0.00019209522894261753,0.00017423433998549912,0.00018466184486773618,0.0001744042754446244,-4.723644336549171e-05,29,1275.1371358641845,1405.852371395043,1326.4665487475643,1404.4825416269005,mom,1404.4825416269005,False,0.04702472888886206
ft,off,2378,58477.0,0.7483797048412196,0.1789738414115004,0.0008517774510980892,0.0008433603078814789,0.0007956433004375292,0.0008152056928281064,-0.00010314912365280856,29,210.11807859056614,212.21515850216227,224.9423093402302,219.54439595558455,mom,219.54439595558455,False,0.10929490209735822
tov,off,2378,225508.0,0.16285453287688242,0.1345631846636963,0.00017436724886402656,0.00017179502644695054,0.00016562668361041127,0.00017182145121091272,-1.9557310718288053e-05,29,771.7228180197424,783.2775339701045,812.448705307758,783.15707215462,mom,783.15707215462,False,0.10834160931275322
oreb,off,2378,113213.0,0.30688171853055746,0.2075358024445222,0.00036158381439566973,0.0003562880289581402,0.00030181503580236523,0.00035270042746660254,-5.884287748246992e-05,29,573.9631979694266,582.494458349891,687.6257900564667,588.4194809040142,mom,588.4194809040142,False,0.07627768605334352
rim_share,off,2378,195111.0,0.2899477733187775,0.2001541511517168,0.0009753901711640647,0.0009730069736807052,0.0009089413756121683,0.000978018549819201,-5.8346773402298835e-05,29,205.2041911728984,205.7068002242273,220.2057872180302,204.65271460210832,mom,204.65271460210832,False,0.28748009442162037
mid_share,off,2378,195111.0,0.5430242272347535,0.2399550434883814,0.002547659149196675,0.0025424558081499045,0.002445429234529497,0.002516873102542483,-6.94521886165688e-05,29,94.18647842433857,94.37923865547619,98.12389583808546,95.33855451273438,mom,95.33855451273438,False,0.4637298974247846
thr_share,off,2378,195111.0,0.16702799944646893,0.1351991483984599,0.00139244787350774,0.001390797437635751,0.0013348045320032299,0.001375700311861618,-3.096709064150565e-05,29,97.09458499001282,97.20980549711688,101.28760066131747,98.27659936742066,mom,98.27659936742066,False,0.45620734101816884
ftr,off,2378,221725.0,0.263736610666366,0.18704226198667506,0.0004707105310491964,0.0004698703336743482,0.000446013275579117,0.000508117625722749,-8.150828934027008e-05,29,397.36154100857857,398.07208198061716,419.3647862696772,368.1081948704795,mom,368.1081948704795,False,0.2029147001798517
fg3,def,2378,32589.0,0.35294117647058826,0.21164178763076355,0.0001243463895000471,9.591347195887013e-05,6.306079065280162e-05,8.536455878062849e-05,-0.0001994442201919472,29,1702.0340396026004,2206.5908292999793,3356.1549964702335,2479.269976368586,mom,2479.269976368586,False,0.006313195674361721
rim,def,2378,56572.0,0.6179382026444177,0.22251320893305146,0.0008052123786334701,0.0007963989337433476,0.0007618981677337903,0.0007899761628827244,-0.0001594474782932361,29,276.3410186399267,279.3991798647484,292.0511143830422,281.6707888008572,mom,281.6707888008572,False,0.0830905212510837
mid,def,2378,105950.0,0.38772062293534687,0.2314084007438036,0.0001257579702984522,0.00010957740810856303,9.502726618269214e-05,0.00011407574682554858,-7.232752772267025e-05,29,1840.109220867822,2111.825829230578,2435.17897588378,2028.550390274342,mom,2028.550390274342,False,0.022240557128472553
fg2,def,2378,162522.0,0.46785665940611115,0.24494776004706412,0.0002740751481369927,0.00025598369579134695,0.0002356608083365084,0.0002539608288022908,-4.617957974363068e-05,29,893.7248112865393,956.8881302765539,1039.408129744232,964.510004169803,mom,964.510004169803,False,0.06701972900566046
ft,def,2378,58477.0,0.7483797048412196,0.1789738414115004,2.8959112196192205e-05,2.5676728058702247e-05,6.120134492207169e-06,4.3787520080768944e-05,-0.00011372931016950852,29,6180.225422623054,6970.274444716229,29243.449084230037,4087.3253630571326,mom,4087.3253630571326,False,0.0066085646041603415
tov,def,2378,225508.0,0.16285453287688242,0.1345631846636963,0.00014482969258863197,0.00014179860909034137,0.0001394039387912754,0.00014248771524103657,-1.9900449430087885e-05,29,929.1132381665946,948.9739393562365,965.275341790543,944.3844645558748,mom,944.3844645558748,False,0.09154385126577275
oreb,def,2378,113213.0,0.30688171853055746,0.2075358024445222,0.00014197183031794042,0.00013943079092359673,0.0001239458261628522,0.00014317580444269136,-6.157922060607857e-05,29,1461.8097264771031,1488.4502990321892,1674.4073509328284,1449.5172787912784,mom,1449.5172787912784,False,0.032463472875501366
rim_share,def,2378,195111.0,0.2899477733187775,0.2001541511517168,0.0004678470995742689,0.0004674650056477107,0.00047200782989820163,0.0004888328607733693,-6.454894272266718e-05,29,427.81958322249494,428.1692719958513,424.0483705426756,409.4531428084813,mom,409.4531428084813,False,0.1679670499764483
mid_share,def,2378,195111.0,0.5430242272347535,0.2399550434883814,0.0005355887317648128,0.0005314297528258562,0.0005474321816568969,0.0005708855996304735,-9.421393712758576e-05,29,448.021082702222,451.5273038674071,438.32834738015674,420.32071511998384,mom,420.32071511998384,False,0.1643422932221302
thr_share,def,2378,195111.0,0.16702799944646893,0.1351991483984599,0.00018328155171980023,0.00018172461634755307,0.00018216671434918353,0.00020158785165233034,-4.607677131725834e-05,29,737.6582483607056,743.978174865908,742.1726240245265,670.6711108347536,mom,670.6711108347536,False,0.10977461191011424
ftr,def,2378,221725.0,0.263736610666366,0.18704226198667506,0.0007042640646259921,0.0007038118636817673,0.0006169346563136061,0.0007323828967006831,-7.874223937160179e-05,29,265.5854123211669,265.7560516360482,303.18002088635455,255.3886263992279,mom,255.3886263992279,False,0.26835247396892475
fg3,off,2378,32581.0,0.3536110002762346,0.21184960178700685,0.0003468504342558139,0.0003133323246152905,0.00034553196971058033,0.0002894960171895421,-0.0002014326915550019,29,610.780846336668,676.1179270192306,613.1114349981953,731.7876212725313,mom,731.7876212725313,False,0.02069463723640759
rim,off,2378,54403.0,0.608698049739904,0.22457239522637032,0.0008026354146306077,0.000789266449222296,0.0008115408544255243,0.0007762124504595214,-0.00015731535772299553,29,279.7937782619821,284.5330565459267,276.7234625363885,289.31820804139693,mom,289.31820804139693,False,0.07817855625343698
mid,off,2378,104598.0,0.38424252853783053,0.23070198796755045,0.0003326933759715883,0.00031598226374813257,0.00028890915990272166,0.0003111262963605399,-6.801491753360869e-05,29,693.4372747693426,730.1105613682214,798.527772692392,741.505911477852,mom,741.505911477852,False,0.05780095782431193
fg2,off,2378,159001.0,0.4610411255275124,0.2444242250801798,0.00023733664440303635,0.00021935052721591214,0.0001962672461198905,0.00021744273863383832,-4.6713141549906634e-05,29,1029.8629851069588,1114.308810571433,1245.364317848901,1124.0854793122194,mom,1124.0854793122194,False,0.05691973607758195
ft,off,2378,57149.0,0.7447899350819787,0.18047326671906772,0.0006503553487562876,0.0006507154692147667,0.0005655207695978633,0.0006358066143983262,-0.00011179909726024413,29,277.4994732713389,277.3458988716665,319.1275659909018,283.8493067421961,mom,283.8493067421961,False,0.08486601739052835
tov,off,2378,221078.0,0.16151765440251856,0.1336881102708216,9.1339628444987e-05,8.969747260733551e-05,8.888719027357828e-05,9.10370753511652e-05,-2.020606227173207e-05,29,1463.637553018301,1490.4334133923912,1504.019981499633,1468.501813740554,mom,1468.501813740554,False,0.05972944543833045
oreb,off,2378,112024.0,0.3028011854602585,0.2059044062337506,0.000418345220119608,0.0004130102567092318,0.000365832387616091,0.00040843618573581814,-5.926591011473281e-05,29,492.18778255642786,498.5455031416127,562.8381007365297,504.128707065471,mom,504.128707065471,False,0.08710682788997372
rim_share,off,2378,191582.0,0.28396717854495723,0.1979505967755327,0.0008200527346035209,0.0008204297896624403,0.0007545353240484095,0.0008267046088631938,-5.5746739132331835e-05,29,241.38764304131962,241.27670553866406,262.3476866708398,239.44537704674912,mom,239.44537704674912,False,0.2530149349420638
mid_share,off,2378,191582.0,0.5459698719086344,0.24003446265073805,0.0021159756650627193,0.002116380832049624,0.0019428814195638908,0.0021000099690382224,-7.039746961869439e-05,29,113.43914139183791,113.41742422523974,123.54560614647157,114.30158246375885,mom,114.30158246375885,False,0.41470566203307496
thr_share,off,2378,191582.0,0.17006294954640833,0.1374261576474817,0.0011192133846567576,0.0011195339854340762,0.0010289545872675789,0.0011091925785529332,-3.1648303980602855e-05,29,122.7881649124736,122.75300208434275,133.55901159099855,123.89747308512435,mom,123.89747308512435,False,0.39532383534107357
ftr,off,2378,217568.0,0.26267190027945286,0.18697254553649684,0.00041270146611315373,0.00041189599343772603,0.00042309485048240396,0.0004479632855286531,-7.671048082281333e-05,29,453.04550840929903,453.93144996630065,441.9163819255059,417.3836374019931,mom,417.3836374019931,False,0.18061975821536064
fg3,def,2378,32581.0,0.3536110002762346,0.21184960178700685,4.214940684981875e-05,6.351596135285323e-06,6.334699968973162e-05,8.870964958258838e-06,-0.0002066200567007137,29,5026.15855406558,33353.758216790375,3344.2720701000635,23881.23533165077,mom,23881.23533165077,False,0.0006484919382355178
rim,def,2378,54403.0,0.608698049739904,0.22457239522637032,0.000661158926018735,0.0006426363345567389,0.0006601906498912667,0.0006389277694922491,-0.00015954453924743424,29,339.66477103873615,349.4548676294036,340.1629442394517,351.48322854215,mom,351.48322854215,False,0.06530523123927841
mid,def,2378,104598.0,0.38424252853783053,0.23070198796755045,6.602148170516558e-05,5.0365650025932674e-05,5.0672572825174805e-05,5.5453295440179834e-05,-7.203639702133852e-05,29,3494.3473246753883,4580.5422514901475,4552.797995150044,4160.293561208096,mom,4160.293561208096,False,0.010832910715899017
fg2,def,2378,159001.0,0.4610411255275124,0.2444242250801798,0.0002132187730160063,0.00019459014890490966,0.00019058479376677702,0.00019360160162519119,-4.7279112272489414e-05,29,1146.354148946495,1256.097631127373,1282.495944452354,1262.511379184663,mom,1262.511379184663,False,0.05100141616668919
ft,def,2378,57149.0,0.7447899350819787,0.18047326671906772,2.944837962046945e-05,2.371420522157448e-05,3.8155644027312555e-05,4.625914860623641e-05,-0.00012120347910314176,29,6128.461702986927,7610.344307675911,4729.923221578475,3901.3529681507644,mom,3901.3529681507644,False,0.006746885412311016
tov,def,2378,221078.0,0.16151765440251856,0.1336881102708216,0.00012741662473967632,0.0001259672315168502,0.0001200467485709286,0.00012647230045706649,-1.975861438316218e-05,29,1049.2203081345035,1061.2927557508367,1113.6337457056,1057.0544679560458,mom,1057.0544679560458,False,0.0810872933388188
oreb,def,2378,112024.0,0.3028011854602585,0.2059044062337506,6.558132253744336e-05,6.32772471878869e-05,6.68791019533671e-05,7.091036284083372e-05,-6.400251733454542e-05,29,3139.6806021438556,3254.0038542189723,3078.755548741098,2903.7280022939126,mom,2903.7280022939126,False,0.016321397538587436
rim_share,def,2378,191582.0,0.28396717854495723,0.1979505967755327,0.000519591376706435,0.000516391274530097,0.0005164655336393483,0.0005322058570039413,-5.947683831977927e-05,29,380.9735989659683,383.33451113337026,383.2793940394153,371.9436645998181,mom,371.9436645998181,False,0.17911443682976486
mid_share,def,2378,191582.0,0.5459698719086344,0.24003446265073805,0.0005546183839617246,0.0005500278050858883,0.000557594741236682,0.0005847182861675798,-8.973395359969472e-05,29,432.79211362619264,436.4042334428094,430.4819340985333,410.5130082795878,mom,410.5130082795878,False,0.16508083592676795
thr_share,def,2378,191582.0,0.17006294954640833,0.1374261576474817,0.00017817927118326653,0.00017754683181871558,0.00017436191094150936,0.00019438193668380372,-4.31614218841564e-05,29,771.2802770762927,774.0276536604205,788.1661591423028,706.990371595224,mom,706.990371595224,False,0.10303398021217738
ftr,def,2378,217568.0,0.26267190027945286,0.18697254553649684,0.0007097572507810769,0.0007072917482726579,0.0006790400617186619,0.0007315829762562741,-7.320817686397638e-05,29,263.4316808045799,264.34996024359066,275.34832784867825,255.5725756404154,mom,255.5725756404154,False,0.26459315752906737
fg3,off,2378,35032.0,0.35359100251198905,0.21280159959284886,0.0002739760243941853,0.00023116985493531485,0.0002825979917567961,0.00021723650309574493,-0.00019043357408879644,29,776.7161380759318,920.5421686681175,753.0187963118506,979.58490658938,mom,979.58490658938,False,0.016955772244462698
rim,off,2378,56847.0,0.5995215226836949,0.22789461983789075,0.0005201097314021542,0.0005074886577739517,0.0005552687379826412,0.0005056037363789943,-0.0001457349687571621,29,438.16642158091116,449.06347431985523,410.42220504950376,450.73761018859193,mom,450.73761018859193,False,0.05384844270116996
mid,off,2378,101157.0,0.3898395563332246,0.23194881973329656,0.0003575524842237503,0.00034247177869626644,0.0003670687475143175,0.0003347799331212147,-6.821548271699479e-05,29,648.7126504990157,677.2786377210042,631.8947644112617,692.8396740234554,mom,692.8396740234554,False,0.05962604754746506
fg2,off,2378,158004.0,0.4652793600162021,0.24503672078572308,0.0001762263584586958,0.00016051243581796732,0.0001722732374095901,0.00015682962820087656,-4.420879980795994e-05,29,1390.4657789496068,1526.59025786396,1422.372531394028,1562.4389574645024,mom,1562.4389574645024,False,0.04135593089525477
ft,off,2378,54480.0,0.7504221732745961,0.17801503982675804,0.0004951604578331914,0.0004892022576392846,0.0004775499185743732,0.0004758381420453481,-0.00010886123800322124,29,359.50980537853724,363.8884266106928,372.76739646021764,374.10838706955303,mom,374.10838706955303,False,0.06323653884890677
tov,off,2378,219113.0,0.1565128495342586,0.13029701873350066,0.00012028693771663238,0.00011801992293886324,0.00010705581853043642,0.00011865328169024898,-1.9550063074794795e-05,29,1083.2183544355387,1104.0256211741234,1217.0942273114906,1098.1324484024665,mom,1098.1324484024665,False,0.07763973571717926
oreb,off,2378,111912.0,0.30812602759310886,0.2075361329255748,0.0006125904689300498,0.0006084811373170397,0.0005483670822306148,0.0006005331848152941,-6.152926836381179e-05,29,338.7844627880961,341.07241818646764,378.4620551645291,345.58645246125184,mom,345.58645246125184,False,0.12180958356716956
rim_share,off,2378,193036.0,0.2944891108394289,0.2022951458394697,0.0011038390145899468,0.0011017931947237254,0.0011100086262236808,0.0011010938562279933,-5.375327176871474e-05,29,183.26508047427382,183.60536878265543,182.24646282947415,183.72198218639622,mom,183.72198218639622,False,0.3076567254502803
mid_share,off,2378,193036.0,0.5240317868169668,0.24135811429304777,0.0026531308505581756,0.002650047543818504,0.0025009558793160753,0.0026214309053878603,-6.659098795643554e-05,29,90.97105566514743,91.07689967904132,96.50634634908107,92.07113328716059,mom,92.07113328716059,False,0.4696484561361346
thr_share,off,2378,193036.0,0.18147910234360431,0.14391997094890643,0.001668850204648642,0.0016681160986898235,0.0015080281750963855,0.001648623006922341,-3.6091779592076106e-05,29,86.23899889157948,86.2769510239392,95.43586341794165,87.29707783077531,mom,87.29707783077531,False,0.482901806057637
ftr,off,2378,217613.0,0.2503526903264051,0.18128819753025194,0.0005033471328477698,0.0004990915880952891,0.0004434951411504236,0.0005289252823808436,-7.175781276798662e-05,29,360.1653524965642,363.2363314759765,408.7715528517212,342.74821712855555,mom,342.74821712855555,False,0.21156050329572276
fg3,def,2378,35032.0,0.35359100251198905,0.21280159959284886,7.854961881336318e-05,3.5823826425641597e-05,5.863665277838802e-06,3.946565216082599e-05,-0.0001954879151432297,29,2709.135993370934,5940.225286501835,36291.56670949712,5392.071027374986,mom,5392.071027374986,False,0.003128807216305636
rim,def,2378,56847.0,0.5995215226836949,0.22789461983789075,0.0008447490757077244,0.0008266587737946185,0.0007884406778166645,0.0008060817660914768,-0.00014086834950015638,29,269.7778859917217,275.6816077712261,289.0447261916678,282.71898636648797,mom,282.71898636648797,False,0.08303539265809654
mid,def,2378,101157.0,0.3898395563332246,0.23194881973329656,8.7771832963514e-05,7.302596935850523e-05,7.723331113870872e-05,7.477424697162676e-05,-7.178443333119793e-05,29,2642.6338826684378,3176.2511579215593,3003.2225255333597,3101.9880390277954,mom,3101.9880390277954,False,0.013984601929504499
fg2,def,2378,158004.0,0.4652793600162021,0.24503672078572308,0.00015093301659242347,0.000135430351939522,0.0001409171586817438,0.00013241248089095408,-4.4493195511835816e-05,29,1623.4799139237732,1809.3190874608897,1738.8707172213815,1850.55607399667,mom,1850.55607399667,False,0.035146447255159134
ft,def,2378,54480.0,0.7504221732745961,0.17801503982675804,8.107698869073771e-06,2.8971794750430447e-06,-2.001902903805538e-05,1.8002500767636245e-05,-0.00011564595184025715,29,21956.29644137173,61444.25685747797,1000000.0,9888.350631084666,mom,9888.350631084666,False,0.002561482345537464
tov,def,2378,219113.0,0.1565128495342586,0.13029701873350066,0.00010835427493836133,0.00010524155173660592,9.343646218741051e-05,0.00010618443751061275,-1.969055430855675e-05,29,1202.5092577807543,1238.075803553358,1394.4986323664198,1227.0820638898044,mom,1227.0820638898044,False,0.0700541185910136
oreb,def,2378,111912.0,0.30812602759310886,0.2075361329255748,0.00010506354548596217,0.00010076236305815524,8.159261928032927e-05,0.00011067280499305022,-6.803296078658342e-05,29,1975.3391337179296,2059.659248024928,2543.5650277697187,1875.2224897399788,mom,1875.2224897399788,False,0.024972987755888496
rim_share,def,2378,193036.0,0.2944891108394289,0.2022951458394697,0.0004949292835472966,0.0004949831602297354,0.0004928944700842902,0.000512452922851081,-6.099853153211586e-05,29,408.7354548705702,408.6909658615031,410.42283514537115,394.7584974517879,mom,394.7584974517879,False,0.17152732653013078
mid_share,def,2378,193036.0,0.5240317868169668,0.24135811429304777,0.00047282238594613016,0.00046854422373315683,0.0004691571606006451,0.0005082588449451253,-9.288657012228275e-05,29,510.4625361806501,515.1234442077018,514.4504540526369,474.8724330003667,mom,474.8724330003667,False,0.14686387421749417
thr_share,def,2378,193036.0,0.18147910234360431,0.14391997094890643,0.00025858932066044984,0.00025593900882542667,0.00022971962714756348,0.0002785906453965856,-5.3283053589323244e-05,29,556.5580611810564,562.3213577695487,626.5027187096099,516.600156275995,mom,516.600156275995,False,0.13663164189120078
ftr,def,2378,217613.0,0.2503526903264051,0.18128819753025194,0.0004023055053421688,0.0004003576548240339,0.0004015043718443725,0.0004343118371611264,-7.314796715298691e-05,29,450.6232082905819,452.815614603228,451.52235004933203,417.4148204553665,mom,417.4148204553665,False,0.18057840587457938
fg3,off,2378,34862.0,0.34937754575182145,0.21182190040064858,0.0003751394714115605,0.00034092050743717825,0.0003858488104580802,0.00031621933854959815,-0.00018602292390826455,29,564.6483949119329,621.3234339963583,548.976424597949,669.8575152683931,mom,669.8575152683931,False,0.02477426462537315
rim,off,2378,56277.0,0.5972244433782895,0.228240152741928,0.0006077198654698325,0.0005901323143035337,0.0005229113595922784,0.0005802276923490968,-0.00014317620839776588,29,375.5680301243303,386.7609809018745,436.4796223204831,393.3630809964965,mom,393.3630809964965,False,0.06053560788509371
mid,off,2378,100689.0,0.38753985043053363,0.2314277324190821,0.000266516019934524,0.0002530820213164593,0.00023871602108774056,0.00024739805718693067,-6.852390245439357e-05,29,868.344546327601,914.4376641819997,969.4687912631568,935.4468464730844,mom,935.4468464730844,False,0.04469498132616274
fg2,off,2378,156966.0,0.46271804084961077,0.24459174890388855,0.00019771298555862365,0.00017847125206423708,0.00015881296066632878,0.0001766566512370186,-4.682446607197008e-05,29,1237.1051310201622,1370.4826187684992,1540.12460870737,1384.560089819217,mom,1384.560089819217,False,0.04620963401232478
ft,off,2378,55961.0,0.7560265184682189,0.1751097726193627,0.0005977006949413078,0.0005885824900218395,0.0005287577596692733,0.0005727881127839392,-0.00010728872171901308,29,292.9723423469633,297.5110126243565,331.17201481617997,305.7147463627893,mom,305.7147463627893,False,0.07754234610402143
tov,off,2378,220191.0,0.1608875930442207,0.13317540299177788,0.00022315593596514225,0.0002217918081218491,0.00020519236514654005,0.00022103877736080572,-1.9615221402927958e-05,29,596.7818082714159,600.4523075920519,649.0270868346852,602.4979172518367,mom,602.4979172518367,False,0.13360774760746855
oreb,off,2378,111990.0,0.30446468434681667,0.20610444538892156,0.000515486721753158,0.0005110627687460349,0.0004357018765128587,0.0005072433515320998,-6.345233824225428e-05,29,399.8249357189362,403.28597188683517,473.04006821930426,406.3226156959865,mom,406.3226156959865,False,0.10565020877052966
rim_share,off,2378,191828.0,0.2933721875847113,0.20191903713362666,0.0011404418454663567,0.0011382368658109227,0.0010868889363302842,0.0011357234591721007,-5.222779689242195e-05,29,177.05333940202505,177.3963251399101,185.77706551634952,177.78891111469864,mom,177.78891111469864,False,0.3134609833486996
mid_share,off,2378,191828.0,0.5248920908313698,0.24186299803299585,0.0021168393868146143,0.0021104220946198448,0.0019657139070248454,0.002093161367841789,-6.619674249818753e-05,29,114.25665997123541,114.60408732906258,123.04079305165075,115.54914100214607,mom,115.54914100214607,False,0.4124201454399822
thr_share,off,2378,191828.0,0.18173572158391893,0.14355425419793436,0.002117323508201239,0.0021152274925723188,0.002010455678826096,0.002086581256007462,-3.711976483330588e-05,29,67.79986791904565,67.86705198472939,71.40383929366482,68.79878451156804,mom,68.79878451156804,False,0.5407566717570516
ftr,off,2378,217208.0,0.2576378402268793,0.18502270990071257,0.0005011840946969032,0.0005006942529552678,0.0004571848286469402,0.0005287532066677435,-6.974281155059265e-05,29,369.17115259335424,369.5323219882105,404.70002132025223,349.92262470944524,mom,349.92262470944524,False,0.2079060982985985
fg3,def,2378,34862.0,0.34937754575182145,0.21182190040064858,0.00012255648977788064,8.279037913276733e-05,6.330480644687124e-05,7.59500351282419e-05,-0.00018765989308829105,29,1728.3613522592814,2558.5327983697116,3346.063471158715,2788.9638239532946,mom,2788.9638239532946,False,0.006078920683765173
rim,def,2378,56277.0,0.5972244433782895,0.228240152741928,0.0004910963951646498,0.00047640242455296734,0.00047238911854585876,0.00047289842972911153,-0.00014466102080234114,29,464.75631869667046,479.0910813606739,483.16132565566454,482.64096134273456,mom,482.64096134273456,False,0.049929744534592424
mid,def,2378,100689.0,0.38753985043053363,0.2314277324190821,4.912121655370314e-05,3.211463014022532e-05,4.4501143904032116e-05,3.44614893932064e-05,-7.159340123792338e-05,29,4711.359951072614,7206.302280567331,5200.489518160748,6715.546440215809,mom,6715.546440215809,False,0.006482993844276891
fg2,def,2378,156966.0,0.46271804084961077,0.24459174890388855,0.00012063752291668697,0.00010229535921055565,0.00011417492085468186,0.00010266645417188044,-4.7905079249190804e-05,29,2027.493129752052,2391.034654860957,2142.254595605956,2382.3920956148145,mom,2382.3920956148145,False,0.02739350089014692
ft,def,2378,55961.0,0.7560265184682189,0.1751097726193627,3.4048374218885734e-05,2.5767240910586953e-05,5.9913482762750654e-05,4.35245180416699e-05,-0.00011554674213703128,29,5142.970160444076,6795.829372147313,2922.7106244645115,4023.2443803677393,mom,4023.2443803677393,False,0.006383395637698765
tov,def,2378,220191.0,0.1608875930442207,0.13317540299177788,0.0001267174922254238,0.00012355805286220575,0.00010933139123175351,0.00012506434020091053,-2.085142849935246e-05,29,1050.963056898773,1077.8366922008522,1218.0893473630222,1064.8551199953342,mom,1064.8551199953342,False,0.08026614670606182
oreb,def,2378,111990.0,0.30446468434681667,0.20610444538892156,0.00011752495918217057,0.000114365982996333,0.00013161033596292309,0.00012464291965277887,-6.831797603844802e-05,29,1753.7078661686458,1802.1481562006952,1566.0202056393562,1653.5591910320477,mom,1653.5591910320477,False,0.028252578150882775
rim_share,def,2378,191828.0,0.2933721875847113,0.20191903713362666,0.0004340600194160144,0.00043326230386125827,0.0004307961828220709,0.00045176398913679655,-6.0626313579064115e-05,29,465.18690527012626,466.0433998852721,468.7112959332419,446.9569111062646,mom,446.9569111062646,False,0.15388670807424099
mid_share,def,2378,191828.0,0.5248920908313698,0.24186299803299585,0.0005729790518833919,0.0005677375759910973,0.0005496584084608505,0.0005981346193733568,-8.494208410307948e-05,29,422.11490496552716,426.0119609148233,440.0241937720172,404.3621455758348,mom,404.3621455758348,False,0.16736688948183817
thr_share,def,2378,191828.0,0.18173572158391893,0.14355425419793436,0.00032893842373023035,0.0003271819381775724,0.00032566958511951794,0.00035190420290230937,-5.880825133590105e-05,29,436.4167997462843,438.75971576408574,440.7972397706441,407.9356058097034,mom,407.9356058097034,False,0.1661458639615681
ftr,def,2378,217208.0,0.2576378402268793,0.18502270990071257,0.0004650302860305024,0.0004648874350796659,0.00043303889793972915,0.000494386053278158,-7.02109341055731e-05,29,397.87238693648544,397.9946454543474,427.26579709350784,374.247430067799,mom,374.247430067799,False,0.19706748283854061
fg3,off,2378,35466.0,0.34717757852591213,0.21150871944324814,0.0001920515495063674,0.0001515246050871059,0.00016918041493222186,0.00014064348033160473,-0.0001837213626330105,29,1101.3122257377863,1395.8704549776558,1250.1962448075572,1503.864373553325,mom,1503.864373553325,False,0.01111943119128722
rim,off,2378,57839.0,0.5867667145005965,0.22921352453259558,0.0006117050411182388,0.0005916909537254485,0.0006169778244439159,0.0005931107228053161,-0.00015476966238619388,29,374.712498876219,387.3872383706466,371.51015069169864,386.4599234497959,mom,386.4599234497959,False,0.06313613630743439
mid,off,2378,96363.0,0.3832902670111972,0.23016633570755834,0.00027920916063976884,0.00026630745668296973,0.0002390293469767789,0.00026149722295279226,-7.291691961175285e-05,29,824.3509460082338,864.2879871800353,962.9208238179992,880.1865393006868,mom,880.1865393006868,False,0.04533881964380454
fg2,off,2378,154202.0,0.45961141878834255,0.24430647567359656,0.00016980118437272406,0.00015250887565912107,0.0001362776395866505,0.00015116385294376556,-4.771626031539878e-05,29,1438.7795737474291,1601.9164433397052,1792.7113825467839,1616.1699435147434,mom,1616.1699435147434,False,0.03912037618261971
ft,off,2378,55816.0,0.7500179160097463,0.17831875442490044,0.0006827430685427914,0.0006828554964823373,0.000601769783060281,0.0006598833111291457,-0.00010467013430117086,29,261.1798825076233,261.136880853258,296.32387574873917,270.2277075620749,mom,270.2277075620749,False,0.08698371095752742
tov,off,2378,218039.0,0.1632230931163691,0.13483411400460632,0.0001726508480454791,0.00016979024073249214,0.00017404290421622299,0.00016898961684108703,-1.9302071063317193e-05,29,780.9640991111075,794.1216964115159,774.7176744252357,797.8840151546142,mom,797.8840151546142,False,0.10339640159746624
oreb,off,2378,111679.0,0.30679895056366907,0.20687107934736934,0.0004510209431496504,0.0004445559495326019,0.0004113386026179666,0.0004438182730541413,-6.55951324990898e-05,29,458.67288978358766,465.3431802338263,502.92162717220634,466.116633557657,mom,466.116633557657,False,0.0931079540038777
rim_share,off,2378,189668.0,0.3049486471096864,0.20629272813680552,0.001110471922820504,0.0011095363362758671,0.0010358525248173906,0.0011091479667024787,-5.601194278028949e-05,29,185.7703233169908,185.92696912407777,199.15260444354533,185.99207168915282,mom,185.99207168915282,False,0.3014143526187416
mid_share,off,2378,189668.0,0.508061454752515,0.24290235234008348,0.0015040342300743678,0.0015023957098194642,0.0013005449119571483,0.0014988581900998526,-6.807015610790619e-05,29,161.50054798159283,161.67668128476745,186.7696763924496,162.0582613782172,mom,162.0582613782172,False,0.3311291996774758
thr_share,off,2378,189668.0,0.18698989813779868,0.14764629708188828,0.0013783429190929238,0.0013773992525484568,0.0012184551696954294,0.0013636803694501154,-3.6653159170568344e-05,29,107.11869668765237,107.19208450905856,121.17499334735034,108.27045720503004,mom,108.27045720503004,False,0.4254158667667606
ftr,off,2378,215060.0,0.2595368734306705,0.18570295028489917,0.0004041048706901462,0.0004018746974203019,0.00036927191358373634,0.0004362716772303227,-7.432444001441526e-05,29,459.54147983355995,462.09167055541485,502.88945206440417,425.65896430370435,mom,425.65896430370435,False,0.17606985678423606
fg3,def,2378,35466.0,0.34717757852591213,0.21150871944324814,0.00014428634452580172,0.00011128613694198459,-9.944170295232753e-06,0.00010413927134493381,-0.00018501920634401067,29,1465.8956129103785,1900.5846123808876,1000000.0,2031.0178543758138,mom,2031.0178543758138,False,0.008259770328017045
rim,def,2378,57839.0,0.5867667145005965,0.22921352453259558,0.0007606028415666394,0.0007438343483349997,0.0006909314367742654,0.0007367065047690051,-0.00015410737761015287,29,301.35770208335896,308.1513041790388,331.74568753553774,311.13275510505457,mom,311.13275510505457,False,0.0771757816319191
mid,def,2378,96363.0,0.3832902670111972,0.23016633570755834,9.947279307071172e-05,8.69017348357576e-05,5.662700920233893e-05,8.899342226986121e-05,-7.54403210570714e-05,29,2313.862198922485,2648.5815978538026,4064.603427758843,2586.329751536111,mom,2586.329751536111,False,0.015920365932114326
fg2,def,2378,154202.0,0.45961141878834255,0.24430647567359656,0.0002672793448800312,0.0002520365189850842,0.0002060578962300763,0.00024835407341604283,-4.679997549049523e-05,29,914.0492161235053,969.3296695946467,1185.6205471534727,983.7023098241448,mom,983.7023098241448,False,0.0626751608209553
ft,def,2378,55816.0,0.7500179160097463,0.17831875442490044,2.526770892535868e-05,2.1614214614174133e-05,1.7859875272646377e-05,3.698119559279979e-05,-0.00011450682799056083,29,7057.179380673476,8250.068651949208,9984.322494010237,4821.876404115473,mom,4821.876404115473,False,0.005350310621531921
tov,def,2378,218039.0,0.1632230931163691,0.13483411400460632,0.000127251996441453,0.0001238947087389755,9.953255834546713e-05,0.00012413283571567486,-1.9861608280059635e-05,29,1059.583486115613,1088.2959843642575,1354.6734480250288,1086.2082802445814,mom,1086.2082802445814,False,0.07810127420669319
oreb,def,2378,111679.0,0.30679895056366907,0.20687107934736934,0.00022330140703414128,0.00022021451394763376,0.00022485662368885526,0.00022749898446528397,-6.847179331886685e-05,29,926.4208501639229,939.4071064569457,920.0132775880627,909.3274848395536,mom,909.3274848395536,False,0.05003711474574418
rim_share,def,2378,189668.0,0.3049486471096864,0.20629272813680552,0.0004635802519376647,0.00046329432314710705,0.00040423593324679464,0.0004827262376243383,-6.374211387636992e-05,29,444.9989560050213,445.2735935452044,510.32753689133176,427.3493173937322,mom,427.3493173937322,False,0.15826107313094204
mid_share,def,2378,189668.0,0.508061454752515,0.24290235234008348,0.0007394528369293654,0.0007364100917484249,0.0007075749446608224,0.0007564177982964923,-7.746298942570167e-05,29,328.48931021585383,329.84658285082907,343.28851547523243,321.1219419838047,mom,321.1219419838047,False,0.20007798459757076
thr_share,def,2378,189668.0,0.18698989813779868,0.14764629708188828,0.00034817207324705507,0.0003458030954912029,0.0003430755930443544,0.00036227950824589884,-4.945943162233566e-05,29,424.06128586057446,426.9663834910476,430.36083031065374,407.5480222350106,mom,407.5480222350106,False,0.16467641646509498
ftr,def,2378,215060.0,0.2595368734306705,0.18570295028489917,0.00044302119347862156,0.0004398893700236646,0.000448822325541795,0.0004728106781326222,-7.398122269072279e-05,29,419.17396507998086,422.1583037455735,413.75604491315846,392.76386696327944,mom,392.76386696327944,False,0.18803038520624366
fg3,off,2460,38724.0,0.35559343043074065,0.214259530560252,0.00017245227841073294,0.0001325925943860286,0.0001034394480624767,0.00012666037993977778,-0.00017965610867120072,30,1242.4279489653707,1615.9238119774561,2071.3522217446553,1691.6065675953623,mom,1691.6065675953623,False,0.010645282093503867
rim,off,2460,61550.0,0.5903980503655565,0.22952257857266595,0.0006920521608224651,0.0006757692767160075,0.0007086679315370231,0.0006676131616900358,-0.00014268120134045673,30,331.655027707581,339.6463652329121,323.87888368937,343.7957663860892,mom,343.7957663860892,False,0.07183846209987246
mid,off,2460,97200.0,0.3936522633744856,0.2324393184500846,0.0002682028558811043,0.00025421926116575897,0.00026177556100199487,0.00024753896423789694,-7.32633864148899e-05,30,866.6548970422825,914.3261505214069,887.9336083184377,939.0009333104389,mom,939.0009333104389,False,0.04191336869077428
fg2,off,2460,158750.0,0.46993385826771655,0.2450246788156349,0.00023753479054168048,0.00022075752369346262,0.00020453557711869443,0.00021716623584773395,-4.680153925963537e-05,30,1031.5317527039904,1109.9267409606791,1197.9562786450797,1128.281649581263,mom,1128.281649581263,False,0.05493684181396157
ft,off,2460,62246.0,0.7546348359733959,0.17583278484041712,0.0007908014501175233,0.0007889460259252313,0.0006356414940873857,0.0007667334765572599,-0.00010355549117677131,30,222.34757512683632,222.87048677913089,276.62257180498705,229.3271263306916,mom,229.3271263306916,False,0.10679335430557993
tov,off,2460,227700.0,0.15657444005270094,0.13043376487233496,0.00010440578404260923,0.00010207752728811197,9.453749002364371e-05,0.00010218287493079537,-1.8663887742910687e-05,30,1249.296349511665,1277.7911881053703,1379.7041241491988,1276.473821671908,mom,1276.473821671908,False,0.06784635233918937
oreb,off,2460,114759.0,0.30729615977831803,0.2075118667253862,0.0003425489449456265,0.0003375533798030522,0.0002959727368791755,0.00033577020206904974,-6.17209478999893e-05,30,605.7874933998849,614.7527447257687,701.1181803886838,618.017517476766,mom,618.017517476766,False,0.07149256737710458
rim_share,off,2460,197474.0,0.31168660178048757,0.20896675920021268,0.0011906154261486384,0.0011890073856202271,0.0011089065658940725,0.0011858896837214927,-5.379541116932396e-05,30,175.51155025445212,175.74891605169336,188.4439732140373,176.2109596437713,mom,176.2109596437713,False,0.31430455534197793
mid_share,off,2460,197474.0,0.4922166968816148,0.24177188457562893,0.002602093862487365,0.0025990087226893245,0.0023038787712023256,0.002570894327668312,-6.80530298771882e-05,30,92.914359493749,93.02465300133947,104.94123544940491,94.04193784771597,mom,94.04193784771597,False,0.46171247698103846
thr_share,off,2460,197474.0,0.19609670133789764,0.1520589081406567,0.0024064725616301944,0.002404088910928913,0.002257773507345619,0.00237059411709877,-3.896409974876064e-05,30,63.1874680663921,63.250118350199806,67.34905323582556,64.1437971367079,mom,64.1437971367079,False,0.5568309685562801
ftr,off,2460,225712.0,0.27577621039200395,0.1929990310617387,0.00036354599713025326,0.0003588525727637961,0.0003487151027507139,0.000396989189517544,-7.758696000608778e-05,30,530.8792631062582,537.8226205132282,553.4576206746858,486.1568933307429,mom,486.1568933307429,False,0.15950760722645438
fg3,def,2460,38724.0,0.35559343043074065,0.214259530560252,2.6903152259462467e-05,-1.1228296331795295e-05,2.1228959284156607e-05,9.357334212655989e-07,-0.00018296240862836175,30,7964.105042184858,1000000.0,10092.794832394638,228974.96839480364,mom,228974.96839480364,False,7.958978029046549e-05
rim,def,2460,61550.0,0.5903980503655565,0.22952257857266595,0.0006450530382945381,0.0006288096275933977,0.0005850468406942684,0.0006242963017449155,-0.00014461577422975852,30,355.81970000405374,365.01123472155285,392.3148756778075,367.65006925581275,mom,367.65006925581275,False,0.06750846578418326
mid,def,2460,97200.0,0.3936522633744856,0.2324393184500846,8.780198040747936e-05,7.408465828388948e-05,6.624821850334341e-05,7.380864834578257e-05,-7.530234179537363e-05,30,2647.3129349857395,3137.482494140505,3508.6123627362726,3149.2152160969113,mom,3149.2152160969113,False,0.01289018359152289
fg2,def,2460,158750.0,0.46993385826771655,0.2450246788156349,0.00023754993148753466,0.00022057019751156004,0.00019055695068921725,0.00021703632444340363,-4.6876851607679445e-05,30,1031.466004983851,1110.8693811764538,1285.834381424638,1128.957004980656,mom,1128.957004980656,False,0.054905809204317466
ft,def,2460,62246.0,0.7546348359733959,0.17583278484041712,2.1297991283138188e-05,1.6353740196778403e-05,4.486784210206402e-05,3.917608552804085e-05,-0.00011414670202219123,30,8255.838895925623,10751.839195479894,3918.9044224689474,4488.268352246736,mom,4488.268352246736,False,0.00611876087893176
tov,def,2460,227700.0,0.15657444005270094,0.13043376487233496,0.00013500667925948884,0.0001325218703162333,0.00011883535356520802,0.0001319452312777624,-1.8275957082006492e-05,30,966.1282359344272,984.2433144135715,1097.6006799252934,988.5447439760396,mom,988.5447439760396,False,0.0859042812708203
oreb,def,2460,114759.0,0.30729615977831803,0.2075118667253862,0.00014825036601923852,0.00014602075841257443,0.00014664351123914893,0.00015077290337823927,-6.410112815624374e-05,30,1399.739321375148,1421.1121006444282,1415.0770461774614,1376.3206920862144,mom,1376.3206920862144,False,0.03344500521001929
rim_share,def,2460,197474.0,0.31168660178048757,0.20896675920021268,0.0003864490197966604,0.000385795978553007,0.00035876658842600416,0.0004068000799588477,-6.342842253587379e-05,30,540.7356429838162,541.650952360825,582.4588073181519,513.6841645197119,mom,513.6841645197119,False,0.1360608818722919
mid_share,def,2460,197474.0,0.4922166968816148,0.24177188457562893,0.0004690610726572921,0.00046250061078453826,0.0004575489012380239,0.0005030637968956827,-9.425048586742854e-05,30,515.4379646257144,522.7493303533417,528.4066553792368,480.59885459371213,mom,480.59885459371213,False,0.14406916773722606
thr_share,def,2460,197474.0,0.19609670133789764,0.1520589081406567,0.00024154658946048206,0.00023859208093619742,0.0002342652975522805,0.0002711022644637892,-6.57903204652647e-05,30,629.5220664481132,637.3174983176378,649.0884895434504,560.8913243178278,mom,560.8913243178278,False,0.12606276158727955
ftr,def,2460,225712.0,0.27577621039200395,0.1929990310617387,0.0007734074852472736,0.0007729913078562925,0.0007139229048884898,0.0007948103492420842,-7.256594449258274e-05,30,249.54378480062567,249.67813880983422,270.335956081818,242.82400354471838,mom,242.82400354471838,False,0.27518675498181133
fg3,off,2460,39296.0,0.35822984527687296,0.21517336950104946,0.00025866694046093174,0.0002237337940670148,0.0001184710407944788,0.00021017666905654724,-0.0001754602540092363,30,831.85492942245,961.7383480145996,1816.2528838952967,1023.7738111795742,mom,1023.7738111795742,False,0.017435479474590086
rim,off,2460,61501.0,0.5967545243166777,0.22808492278996975,0.0006168359108234674,0.00060237697320929,0.0005762417803782837,0.0006011324440638363,-0.00014679640582571367,30,369.7659601002794,378.6415034671717,395.8146225361159,379.425407898544,mom,379.425407898544,False,0.06550417117301036
mid,off,2460,93469.0,0.3997368111352427,0.23341002217672016,0.0002901371474961675,0.0002744069439954254,0.0002606915620126672,0.00026696346152635316,-7.65692651893451e-05,30,804.4816880258442,850.5980890214328,895.3493560538741,874.3144879910062,mom,874.3144879910062,False,0.04309865248457747
fg2,off,2460,154970.0,0.4779247596308963,0.24533901213422318,0.000166615153426539,0.00014986469607294867,0.00015924931593891756,0.0001483553476947604,-4.9152540315111066e-05,30,1472.4891889403907,1637.0700943122795,1540.5969607324819,1653.7254365714248,mom,1653.7254365714248,False,0.03724602825924955
ft,off,2460,62773.0,0.7437592595542669,0.1814199317641928,0.0007158873610178319,0.0007115638769272145,0.0006861501673923451,0.0006922644214749506,-0.00010314129713310865,30,253.41966019103089,254.95944587241908,264.40266341938485,262.06739236671496,mom,262.06739236671496,False,0.09604823532870235
tov,off,2460,226578.0,0.1564361941583031,0.13035887314759656,0.0001310165582026665,0.00013016397062697892,0.00011989682941259391,0.00012928287769489543,-1.8022716695162193e-05,30,994.9801378994204,1001.4973615177751,1087.258718902401,1008.3227993674495,mom,1008.3227993674495,False,0.08398029766803805
oreb,off,2460,112227.0,0.2949914013561799,0.20186332387690054,0.0004523682037197227,0.0004479722488546162,0.00035163393234519704,0.00044962749226728365,-6.95480923250483e-05,30,446.236765132968,450.6156896839669,574.0723670511196,448.9568083548186,mom,448.9568083548186,False,0.09390629937953034
rim_share,off,2460,194266.0,0.3165813884055882,0.21069563101131344,0.001135021041834406,0.0011359113336865305,0.0010901361218621935,0.001134035672480763,-5.541611710998086e-05,30,185.631475757304,185.48598360007,193.27460744204927,185.79277188909376,mom,185.79277188909376,False,0.2995958834840294
mid_share,off,2460,194266.0,0.48113926266047585,0.24227302600996925,0.0018196765130271187,0.0018221257449601335,0.001679498266156327,0.001810718277252154,-6.789727912213908e-05,30,133.1407117009696,132.96174903410412,144.25321591098242,133.79940383527216,mom,133.79940383527216,False,0.37248003564344356
thr_share,off,2460,194266.0,0.20227934893393595,0.15624220925428683,0.0018603347806530922,0.0018591850788134457,0.001676530092141677,0.0018364985358658439,-3.9700966887906114e-05,30,83.98607115190104,84.03800731555057,93.19379949494126,85.07614147409281,mom,85.07614147409281,False,0.48255909350071646
ftr,off,2460,222555.0,0.2820561209588641,0.1949964891938335,0.0007351440576791825,0.0007347618319750128,0.0007165284919706496,0.0007641826142073912,-8.281872765637684e-05,30,265.2493578053652,265.3873414595994,272.1405936804268,255.17001508348042,mom,255.17001508348042,False,0.26268162941808115
fg3,def,2460,39296.0,0.35822984527687296,0.21517336950104946,1.5008146828432941e-05,-2.118772264630026e-05,-1.2760999900866417e-05,9.365783338578739e-07,-0.0001784052183305441,30,14337.104504694971,1000000.0,1000000.0,229744.12467425506,mom,229744.12467425506,False,7.922098095344517e-05
rim,def,2460,61501.0,0.5967545243166777,0.22808492278996975,0.0007267894592183764,0.0007076820077394536,0.0007110919841576614,0.0007001187169107379,-0.00014513016299567828,30,313.8253037341282,322.29860346250814,320.75305005744434,325.7803530755336,mom,325.7803530755336,False,0.0754354081608731
mid,def,2460,93469.0,0.3997368111352427,0.23341002217672016,0.00012769777106855598,0.00011522651613633515,8.748593285912264e-05,0.0001135211316277445,-7.833419524755228e-05,30,1827.8316075807727,2025.662408299763,2667.972033316225,2056.0931593081027,mom,2056.0931593081027,False,0.018808212592815274
fg2,def,2460,154970.0,0.4779247596308963,0.24533901213422318,0.00035674475266863015,0.0003401328008409401,0.00033282823440196997,0.00033344871100980433,-4.670418432760163e-05,30,687.7158256679713,721.3035953240912,737.1340132097009,735.7623647464318,mom,735.7623647464318,False,0.07994892631631323
ft,def,2460,62773.0,0.7437592595542669,0.1814199317641928,1.9381349064387292e-05,1.5273941988051077e-05,5.9732149382379415e-05,3.44027405676941e-05,-0.00011189904294676647,30,9360.541991245958,11877.741313023122,3037.2242358603366,5273.41510503251,mom,5273.41510503251,False,0.005293093980655082
tov,def,2460,226578.0,0.1564361941583031,0.13035887314759656,7.576770340080002e-05,7.392098479880659e-05,6.194562925134982e-05,7.426481410244458e-05,-1.8652066221523647e-05,30,1720.5071197422637,1763.489400234575,2104.407925515681,1755.324842903034,mom,1755.324842903034,False,0.050036012616162216
oreb,def,2460,112227.0,0.2949914013561799,0.20186332387690054,0.0002633713878326817,0.00026085428406231786,0.00029290733065325284,0.0002695424738752926,-7.187951288187883e-05,30,766.4588227979538,773.8547388728167,689.171293277971,748.9110008328234,mom,748.9110008328234,False,0.058536356603277745
rim_share,def,2460,194266.0,0.3165813884055882,0.21069563101131344,0.0005075957712871242,0.0005069477428853109,0.0004928635385832901,0.0005241609065585492,-6.323898512568865e-05,30,415.0854733817953,415.61607476962394,427.4928342578288,401.9674652859266,mom,401.9674652859266,False,0.1652400740727042
mid_share,def,2460,194266.0,0.48113926266047585,0.24227302600996925,0.00048322848415142424,0.00048277049048709646,0.00047121830866134976,0.0005138568420493616,-8.40264453622802e-05,30,501.3632969824078,501.83892923017163,514.1417927886233,471.47961491324514,mom,471.47961491324514,False,0.14441918300055243
thr_share,def,2460,194266.0,0.20227934893393595,0.15624220925428683,0.0003846879663386311,0.0003840565088364279,0.0003743477000891647,0.00040535357954729173,-5.825667271678132e-05,30,406.1530979026018,406.82088614420906,417.37189574577855,385.44672389172376,mom,385.44672389172376,False,0.1711030567695853
ftr,def,2460,222555.0,0.2820561209588641,0.1949964891938335,0.0005445705609793744,0.0005447026048313373,0.0005203089864940073,0.0005822498473695537,-8.531375199544966e-05,30,358.07387171856135,357.98706939213656,374.77055798666163,334.90174376992036,mom,334.90174376992036,False,0.21354984126124646
fg3,off,2460,41654.0,0.3581408748259471,0.2164570292254784,0.00013253935994129103,9.719404156403828e-05,6.335806037555687e-05,8.823948681340478e-05,-0.0001617530710037679,30,1633.1528183126818,2227.0606895471187,3416.408708575083,2453.0631018198037,mom,2453.0631018198037,False,0.007703449442538064
rim,off,2460,63020.0,0.6049825452237385,0.22768459265239716,0.000458884298726889,0.0004447449636799698,0.0004477698520218276,0.00044255668283435924,-0.00013243042593175268,30,496.1699349576278,511.9441730569764,508.4857580838161,514.4755496497954,mom,514.4755496497954,False,0.05046251268130902
mid,off,2460,91338.0,0.40277869013991985,0.23384482881580543,0.00021580913888423982,0.00019915881772055114,0.00020073350849773424,0.00019395458564822916,-7.899853150424767e-05,30,1083.5724104401343,1174.1625678051766,1164.9516344623894,1205.6679558993478,mom,1205.6679558993478,False,0.031009992078757268
fg2,off,2460,154358.0,0.48533279778178,0.2455234837688483,0.0002158895023271294,0.00019804725320886931,0.00018398992041909418,0.0001960208790830478,-4.968884694750805e-05,30,1137.2645780470402,1239.7217320146747,1334.4398606705863,1252.5374078382122,mom,1252.5374078382122,False,0.04840560766332966
ft,off,2460,61952.0,0.75025826446281,0.1778719009194358,0.0007987423630772896,0.000792240140732275,0.0007349107976175871,0.0007714166677770416,-0.00010664896228604697,30,222.68995503650805,224.51765793516486,242.03196019987172,230.57824435139787,mom,230.57824435139787,False,0.1062724268667278
tov,off,2460,229639.0,0.16208483750582436,0.13417192267740863,0.00010666980155145138,0.00010512682025488623,0.00010316207728785618,0.00010501446782022274,-1.8787966532412284e-05,30,1257.8248082020834,1276.2863211509757,1300.5934564794072,1277.6517889620825,mom,1277.6517889620825,False,0.06834118315313638
oreb,off,2460,112067.0,0.2929140603389044,0.20136581643955295,0.00048037619109140856,0.00047536418415215266,0.00044956564836796584,0.00047339448577491186,-6.556974887807252e-05,30,419.1835902234297,423.60325651942804,447.9119282591108,425.3657836971463,mom,425.3657836971463,False,0.0984633297504797
rim_share,off,2460,196012.0,0.32151092790237334,0.21239972119797934,0.0011724510480668178,0.0011706848741971547,0.0010562456558031038,0.0011687432250138468,-5.613750057473841e-05,30,181.1587115284618,181.43201973429544,201.08932049191128,181.73343524234153,mom,181.73343524234153,False,0.30614176942587407
mid_share,off,2460,196012.0,0.46598167459135154,0.2408352207787379,0.002664791732692829,0.002664962205565713,0.0024355976627095537,0.0026348674839823095,-6.537220796142972e-05,30,90.37675170786002,90.3709704684588,98.88136471227088,91.40316249026013,mom,91.40316249026013,False,0.4669404995775947
thr_share,off,2460,196012.0,0.21250739750627512,0.16232307258948112,0.0015637167147637846,0.0015633816055629162,0.0014620965817624002,0.0015478009995956278,-4.230976450376184e-05,30,103.80593304203548,103.82818373447253,111.02075924000732,104.87334782177359,mom,104.87334782177359,False,0.4330066340493595
ftr,off,2460,223647.0,0.27700796344238915,0.19323953884084077,0.0004994013526953969,0.00049691903880283,0.0005269643965990577,0.0005324951847867634,-8.014815761192184e-05,30,386.942361685401,388.87529708338525,366.70321579214317,362.89443428154783,mom,362.89443428154783,False,0.20121513059262797
fg3,def,2460,41654.0,0.3581408748259471,0.2164570292254784,2.9159327532745612e-05,-3.7990889507194716e-06,3.431394318641708e-05,9.42279103026396e-07,-0.00016348930495455638,30,7423.251753059102,1000000.0,6308.136259640405,229716.46991880157,mom,229716.46991880157,False,8.296076610919527e-05
rim,def,2460,63020.0,0.6049825452237385,0.22768459265239716,0.0006400872385835444,0.0006299735452291579,0.0006024626358591016,0.0006183440964722656,-0.00013070088896315564,30,355.7086892659237,361.4192919316558,377.9231758127585,368.2166514589008,mom,368.2166514589008,False,0.06904587742925287
mid,def,2460,91338.0,0.40277869013991985,0.23384482881580543,2.2192427174349767e-05,5.277725332099362e-06,1.6862102645712306e-05,7.90924330533339e-06,-8.186095501270884e-05,30,10537.145260347443,44307.88154009279,13868.070532429565,29566.017858891548,mom,29566.017858891548,False,0.0013047507164155082
fg2,def,2460,154358.0,0.48533279778178,0.2455234837688483,0.00020278275358679083,0.00018445738841177913,0.00018610777998974675,0.0001827277305090659,-4.982121701247683e-05,30,1210.771031688178,1331.0580068538452,1319.254271811608,1343.6574902169368,mom,1343.6574902169368,False,0.04527372287038567
ft,def,2460,61952.0,0.75025826446281,0.1778719009194358,3.8503724689957864e-05,3.541258620528277e-05,7.888364282016969e-05,5.788340617699637e-05,-0.00011617944786933384,30,4619.60245019689,5022.844134803724,2254.8641842635075,3072.9342425968784,mom,3072.9342425968784,False,0.008915718772078356
tov,def,2460,229639.0,0.16208483750582436,0.13417192267740863,6.0618498493864834e-05,5.820920121146055e-05,3.4849640137988804e-05,5.911660761466543e-05,-1.9310175278647963e-05,30,2213.382482428002,2304.995084711661,3850.023189512102,2269.6147172714923,mom,2269.6147172714923,False,0.039661177326599475
oreb,def,2460,112067.0,0.2929140603389044,0.20136581643955295,0.0002792405771796262,0.00027562738988774836,0.0003029880234508571,0.00028068347196819364,-6.785726256756835e-05,30,721.1194679275462,730.5725912129449,664.5999209675472,717.412446937279,mom,717.412446937279,False,0.060864176189657906
rim_share,def,2460,196012.0,0.32151092790237334,0.21239972119797934,0.0005343049240891878,0.0005321342787849892,0.0004839174164162603,0.0005493362917233028,-6.383251271043308e-05,30,397.5252924349336,399.1468500825526,438.9172904148494,386.647895648161,mom,386.647895648161,False,0.17193785645006512
mid_share,def,2460,196012.0,0.46598167459135154,0.2408352207787379,0.000630780681238174,0.0006236251846383164,0.0006016348806819025,0.0006562990017414377,-9.054635091947719e-05,30,381.80500440501265,386.185848024106,400.3012932125402,366.9596024673215,mom,366.9596024673215,False,0.17949651518486667
thr_share,def,2460,196012.0,0.21250739750627512,0.16232307258948112,0.0003087998806426116,0.00030560137958582926,0.0002391425241422911,0.00032835856568745104,-5.7695997771104144e-05,30,525.6578216665347,531.1594889050299,678.7712606600155,494.34700218537546,mom,494.34700218537546,False,0.139748537547196
ftr,def,2460,223647.0,0.27700796344238915,0.19323953884084077,0.0005874118862827776,0.0005850977465308632,0.0005475272051525648,0.0006171176029262597,-7.915784162353856e-05,30,328.967702822098,330.26881403421646,352.93139230770436,313.1324368718927,mom,313.1324368718927,False,0.22593560293060946
fg3,off,2460,44503.0,0.36204300833651665,0.21801944787247046,0.0002250418071382079,0.0001894154321203869,0.00015233774557931593,0.00018114792696146426,-0.00015746530185093446,30,968.7953125019801,1151.012066080781,1431.1584239570934,1203.5437088874328,mom,1203.5437088874328,False,0.0164116812504666
rim,off,2460,62907.0,0.602889980447327,0.2279918173020428,0.0006394105730123587,0.0006229345441496018,0.0006066648925526678,0.0006126771922495344,-0.00013189685697041713,30,356.5656042062916,365.9964268208717,375.8117868708706,372.12388544273585,mom,372.12388544273585,False,0.06838393993606967
mid,off,2460,92941.0,0.40425646377809576,0.23428506626521226,0.00022427557646540353,0.00021050070519792276,0.0002086174324628469,0.00020478929685407464,-7.739643872826441e-05,30,1044.6303157818559,1112.989460272479,1123.0368598603886,1144.0298387867176,mom,1144.0298387867176,False,0.03332221329154425
fg2,off,2460,155848.0,0.4844335506390842,0.24528202868616328,0.0003632565326007186,0.0003455467116484181,0.00033510322818605366,0.0003423467123643643,-5.0519674703487675e-05,30,675.2308814106598,709.8375427045861,731.959611412575,716.472569554301,mom,716.472569554301,False,0.08245813832188315
ft,off,2460,59573.0,0.7538314337031877,0.17646317065810274,0.0007048505518737491,0.0006973151633123128,0.0006663695735996319,0.0006765758501164326,-0.00010401397163985093,30,250.3554408647329,253.06085388977638,264.81276704288024,260.8180156411658,mom,260.8180156411658,False,0.09195419638247157
tov,off,2460,230211.0,0.15070522260013638,0.12642172320686337,9.53184195590699e-05,9.238722661414941e-05,7.817269327163344e-05,9.270278238295899e-05,-1.805394015470624e-05,30,1326.3094771364563,1368.3896339356231,1617.2107921058168,1363.7317020821451,mom,1363.7317020821451,False,0.06447508022782467
oreb,off,2460,114031.0,0.2892722154501846,0.2001648877457227,0.0005439571794454012,0.0005395457162849792,0.0005099322849713032,0.000533002259841867,-6.022339499395818e-05,30,367.97912650000035,370.9878175364826,392.5322903549578,375.54228720363835,mom,375.54228720363835,False,0.11177961803405898
rim_share,off,2460,200351.0,0.3139839581534407,0.20971202282874243,0.0014356031266776594,0.0014350074774281605,0.001388422184690208,0.0014265539602969712,-5.2123323485479406e-05,30,146.0793856823563,146.1400209597452,151.04341110447933,147.0060219699547,mom,147.0060219699547,False,0.35781273979450345
mid_share,off,2460,200351.0,0.46389087152048153,0.2402578633380866,0.003137632495192843,0.0031345370850003125,0.002998663358486179,0.003095281210445033,-6.495440807016781e-05,30,76.57297778059889,76.64859493537071,80.1216524216231,77.62069001269931,mom,77.62069001269931,False,0.513094406872914
thr_share,off,2460,200351.0,0.22212517032607773,0.16770134608934653,0.001811778632657595,0.001808917833210092,0.0016820238790467485,0.0017889691254389863,-4.008805309888528e-05,30,92.56171977442685,92.70810592416184,99.70211967762772,93.74188950756493,mom,93.74188950756493,False,0.466076136058173
ftr,off,2460,227043.0,0.26238642019353164,0.18725112787032933,0.0005425797824350223,0.0005424679065557772,0.000490519925379647,0.0005698227970853499,-7.00443316000073e-05,30,345.1126155677464,345.18378987472124,381.74010510460477,328.6129105892586,mom,328.6129105892586,False,0.22021057709049902
fg3,def,2460,44503.0,0.36204300833651665,0.21801944787247046,0.0001077813835860832,7.120607912668603e-05,0.0001354924510405198,6.81102932943338e-05,-0.0001563706170518665,30,2022.7931820743602,3061.8094767524267,1609.0892606797001,3200.9764945558945,mom,3200.9764945558945,False,0.006240408536025921
rim,def,2460,62907.0,0.602889980447327,0.2279918173020428,0.00043850443850053974,0.0004215817490011994,0.00033218542306007084,0.0004236765487912031,-0.0001362993926692503,30,519.9304665687259,540.8009664607046,686.3390187377784,538.1270640363011,mom,538.1270640363011,False,0.04836631427897081
mid,def,2460,92941.0,0.40425646377809576,0.23428506626521226,9.15326228346356e-05,7.507782195732034e-05,7.872607327396141e-05,7.416441858558541e-05,-7.879564286557893e-05,30,2559.5799509479334,3120.5629060256547,2975.952648494433,3158.995522830781,mom,3158.995522830781,False,0.012340399641233794
fg2,def,2460,155848.0,0.4844335506390842,0.24528202868616328,0.00022595204392201318,0.00020846450265090763,0.000186049589127167,0.0002089261779482421,-5.202211939451525e-05,30,1085.549059121686,1176.6129272229616,1318.3690963085667,1174.0129030021683,mom,1174.0129030021683,False,0.052019216592668074
ft,def,2460,59573.0,0.7538314337031877,0.17646317065810274,1.5752902614118916e-05,1.5584490872596204e-05,1.4159067571660725e-05,3.327133512308726e-05,-0.00011274120809137166,30,11201.946395576864,11322.998749249864,12462.908999127354,5303.75982825088,mom,5303.75982825088,False,0.004990481899283797
tov,def,2460,230211.0,0.15070522260013638,0.12642172320686337,0.00010511662172061876,0.00010267260155074583,0.00010472365028227385,0.00010275864772030692,-1.7924457678188588e-05,30,1202.680614516606,1231.3092421679758,1207.1936269038004,1230.2781908045702,mom,1230.2781908045702,False,0.07097058267095091
oreb,def,2460,114031.0,0.2892722154501846,0.2001648877457227,0.00015736001020961858,0.00015576502881228137,0.00016238635082650694,0.00016240519261681113,-6.486287414942662e-05,30,1272.018777064668,1285.0438206315832,1232.6460119765745,1232.5030038787252,mom,1232.5030038787252,False,0.03698622399492616
rim_share,def,2460,200351.0,0.3139839581534407,0.20971202282874243,0.00034922876542720603,0.0003486901771537426,0.0003456803958431643,0.0003724672898601573,-6.532699741263749e-05,30,600.5004271976422,601.4279626130028,606.664495153752,563.0347376476435,mom,563.0347376476435,False,0.12722984894134187
mid_share,def,2460,200351.0,0.46389087152048153,0.2402578633380866,0.0007416707947385582,0.000738435538883276,0.000726351516057463,0.0007717113744192134,-9.483054670698342e-05,30,323.94138348507903,325.36064515722614,330.7735414970613,311.331245465837,mom,311.331245465837,False,0.2085114198831568
thr_share,def,2460,200351.0,0.22212517032607773,0.16770134608934653,0.0003812192367521023,0.00037871809159372165,0.0003773413649108841,0.00039974470477138475,-5.798202992622998e-05,30,439.90787956589577,442.81313676784134,444.428736639971,419.52111957369254,mom,419.52111957369254,False,0.1635872536217634
ftr,def,2460,227043.0,0.26238642019353164,0.18725112787032933,0.0006757497361959713,0.0006769298497900633,0.0006565769430295881,0.0006992004265512346,-6.839754087261119e-05,30,277.10129629414376,276.618216685823,285.19296916871934,267.80751378247095,mom,267.80751378247095,False,0.2572923332659307
fg3,off,2460,44565.0,0.36679008190283857,0.21981706124282951,0.00014819155904550885,0.00011298900690640234,-3.33418724604566e-05,0.00010085354193965666,-0.00014955497987647994,30,1483.3305126058149,1945.472991234636,1000000.0,2179.5670931850054,mom,2179.5670931850054,False,0.0090829073221852
rim,off,2460,63879.0,0.5989918439549774,0.22932302426789783,0.0004851766472047335,0.0004722610760839573,0.00045275345593344705,0.000465313113085575,-0.00012607203360988904,30,472.65882558261035,485.5852745042435,506.5075070384607,492.8359373910948,mom,492.8359373910948,False,0.05320178863016867
mid,off,2460,90540.0,0.4050364479787939,0.2343211578659199,0.0002086152408551164,0.00019271574507828551,0.00019466453470937993,0.00018640604217063462,-7.843815824170897e-05,30,1123.2216635056702,1215.890054913434,1203.7177609971145,1257.0470095139092,mom,1257.0470095139092,False,0.029615789361100812
fg2,off,2460,154419.0,0.4852705949397419,0.24569588608845297,0.00020344520294469156,0.00018633404700231057,0.00017851987282568567,0.00018292518727629754,-4.7910776340976125e-05,30,1207.6759861241244,1318.577522686481,1376.2943150220635,1343.149567026787,mom,1343.149567026787,False,0.04538383782241141
ft,off,2460,59070.0,0.7686812256644658,0.16935376047222883,0.0005775286272433775,0.0005743620100044953,0.0005765306055751851,0.0005561305989978682,-9.717846638736655e-05,30,293.2387287545854,294.8554352870646,293.7463489961133,304.52156521759383,mom,304.52156521759383,False,0.07940889028861925
tov,off,2460,228768.0,0.15086900265771436,0.12649861532978743,0.00010099900642635106,9.902200164230463e-05,0.00010032797517186824,9.950977814031054e-05,-1.8436652195627763e-05,30,1252.4738589585118,1277.4798855989204,1260.8508754720426,1271.2179415315563,mom,1271.2179415315563,False,0.06843847390035061
oreb,off,2460,112534.0,0.29041889562265627,0.20057917621651658,0.00036488076738997176,0.00036268509712893463,0.00030727673510319754,0.00036172554942073284,-6.304719563940929e-05,30,549.7115609882079,553.0394764061966,652.7639528230243,554.5065216922719,mom,554.5065216922719,False,0.07751547360918871
rim_share,off,2460,198984.0,0.3210258111204921,0.21222220315529033,0.0012234512618014232,0.0012255766693398912,0.0011323951021878875,0.00122262783378505,-5.545451400327168e-05,30,173.46191857517235,173.16109914983574,187.41003272202278,173.5787434989813,mom,173.5787434989813,False,0.3191164462355646
mid_share,off,2460,198984.0,0.4550114582076951,0.24041216814262711,0.0019636572304436357,0.001964663137909159,0.0019045583543465393,0.0019513845617842615,-6.87114362385917e-05,30,122.43082164004379,122.36813706317075,126.2298777004989,123.2008148731097,mom,123.2008148731097,False,0.39754951775312286
thr_share,off,2460,198984.0,0.2239627306718128,0.16882075994104925,0.0017398420863504048,0.0017387425833421987,0.0015937616386626273,0.0017197213088440582,-3.9618114025122466e-05,30,97.03223141082742,97.0935902521828,105.92597779095233,98.16751067329926,mom,98.16751067329926,False,0.45288654361829894
ftr,off,2460,225380.0,0.2620906912769545,0.18707995888241286,0.0004115681919775514,0.0004106719198542522,0.00035680930318230964,0.0004433323544458872,-7.222453922749826e-05,30,454.5539780018203,455.54602065027404,524.313568098939,421.985801411315,mom,421.985801411315,False,0.17921179610138724
fg3,def,2460,44565.0,0.36679008190283857,0.21981706124282951,0.00015130265187145812,0.00012072605584309464,0.0001083756858251893,0.00010722145689205511,-0.00014858627750169052,30,1452.8301951348417,1820.7922035365884,2028.2876142292275,2050.121940276653,mom,2050.121940276653,False,0.009650392212047562
rim,def,2460,63879.0,0.5989918439549774,0.22932302426789783,0.00032190714445407025,0.00030481790965028894,0.0001657653987474707,0.00030691904093886754,-0.00012884405210463978,30,712.3887376181477,752.3279210561979,1383.4191333093083,747.1775734942904,mom,747.1775734942904,False,0.03577615799503142
mid,def,2460,90540.0,0.4050364479787939,0.2343211578659199,0.00018063780305617441,0.00016275071215155956,0.00020469552653505882,0.0001576439719537423,-7.892644548607791e-05,30,1297.1878195011657,1439.7550386612825,1144.7302333975872,1486.3946585580645,mom,1486.3946585580645,False,0.025165505351057854
fg2,def,2460,154419.0,0.4852705949397419,0.24569588608845297,0.0002465726329731191,0.0002301419612143955,0.00022224408644532298,0.0002254684480541194,-4.725252273068387e-05,30,996.4442652288922,1067.5840459166322,1105.5227161191515,1089.7129430255286,mom,1089.7129430255286,False,0.05534541641780472
ft,def,2460,59070.0,0.7686812256644658,0.16935376047222883,7.165957107461e-05,7.058292312094132e-05,9.510888714198197e-05,7.981877912217162e-05,-0.00010332412096183201,30,2363.309714705134,2399.3588389934944,1780.6302393109852,2121.7282741573113,mom,2121.7282741573113,False,0.012298373865760763
tov,def,2460,228768.0,0.15086900265771436,0.12649861532978743,0.00011213266857908867,0.00011077468980981376,0.00010345602582935552,0.0001110426404111793,-1.8348370530993052e-05,30,1128.11562350865,1141.9451099070527,1222.7283458426991,1139.1895479193963,mom,1139.1895479193963,False,0.07576688597980746
oreb,def,2460,112534.0,0.29041889562265627,0.20057917621651658,0.00026438622998965414,0.00025855080954516704,0.0002367977018438179,0.00026121022046619885,-6.422680320100857e-05,30,758.6596935262686,775.7824335161356,847.0486607543617,767.8841044524594,mom,767.8841044524594,False,0.057229511468747704
rim_share,def,2460,198984.0,0.3210258111204921,0.21222220315529033,0.0004650596008680348,0.00046784918067745726,0.00044298337761910817,0.00048746960267462356,-6.438846864877964e-05,30,456.33334471361763,453.61242879166167,479.0748679914713,435.3547421026466,mom,435.3547421026466,False,0.15762779426641774
mid_share,def,2460,198984.0,0.4550114582076951,0.24041216814262711,0.001050753293550804,0.0010509632093730914,0.0010488528544374152,0.0010653335665541486,-8.012824056409001e-05,30,228.7998235344129,228.75412383468213,229.2143908704712,225.6684438473548,mom,225.6684438473548,False,0.2650643835979393
thr_share,def,2460,198984.0,0.2239627306718128,0.16882075994104925,0.00038126787910533656,0.0003810982346004105,0.0003879111406153996,0.0004005011812357513,-5.637040184384414e-05,30,442.7877856828519,442.98489106899524,435.20472155871687,421.52375036735407,mom,421.52375036735407,False,0.16195714150315352
ftr,def,2460,225380.0,0.2620906912769545,0.18707995888241286,0.0005655512013658841,0.0005618191271376314,0.000550269174992728,0.0005887710780526986,-7.04457703281959e-05,30,330.79225794338157,332.9896577846183,339.97899098179573,317.7465161861569,mom,317.7465161861569,False,0.22473212773194612
fg3,off,2460,44604.0,0.35460945206707917,0.21531523456907986,0.0002508961161902478,0.0002080154025272029,0.0001947442982926535,0.00020435690909163993,-0.00016218810449069562,30,858.1848050840774,1035.0927477157484,1105.6304931994118,1053.6234645853147,mom,1053.6234645853147,False,0.018567597409517557
rim,off,2460,65548.0,0.6090956245804601,0.22736543071294804,0.0005242196052498242,0.0005043489747246079,0.0004944522220393582,0.0004998232366008463,-0.00012618429700096294,30,433.72172356009816,450.8097410867098,459.8329637900785,454.891677824334,mom,454.891677824334,False,0.058178367472805546
mid,off,2460,90741.0,0.4070816940523027,0.23468946771699833,0.00012874824642327578,0.0001135556188361911,0.00010782382783363653,0.00011050548839768709,-7.971998692441552e-05,30,1822.8556445376948,2066.7358438295164,2176.601150527741,2123.781100106069,mom,2123.781100106069,False,0.017774919054136945
fg2,off,2460,156289.0,0.49180684501148514,0.24556925364381277,0.000271301536449383,0.00025433224915963527,0.00023419707408404362,0.00025261437815305245,-5.036567492581366e-05,30,905.152461934652,965.5450870081273,1048.5581624119186,972.1111499640324,mom,972.1111499640324,False,0.06221974349620252
ft,off,2460,58645.0,0.7573876715832552,0.17488973248537795,0.0004749096792564592,0.00046976627701910204,0.000478088329454905,0.00045656312240169506,-0.00010197819248108406,30,368.2589345392865,372.290947734987,365.81050343726116,383.05707120056405,mom,383.05707120056405,False,0.06323184361816436
tov,off,2460,230585.0,0.15163171932259253,0.12714704617922287,7.371906094444004e-05,7.279940135804046e-05,7.006419763115105e-05,7.265420196584991e-05,-1.7387374796505143e-05,30,1724.751299735763,1746.5397215822006,1814.7220760106495,1750.0301804840765,mom,1750.0301804840765,False,0.051001423281327854
oreb,off,2460,113306.0,0.2890314722962597,0.20005584886120084,0.00047021381787891404,0.00046518073962912676,0.0004585049448758617,0.0004608611260645818,-6.115857827068685e-05,30,425.45718831409954,430.06047288350493,436.32211843509157,434.09139445006355,mom,434.09139445006355,False,0.09764545397093356
rim_share,off,2460,200893.0,0.32628314575420747,0.21467554871319075,0.0008565512258863585,0.0008562190308093847,0.0007904883410447749,0.0008593142879146852,-5.2752953619662036e-05,30,250.62779927848993,250.72503762297566,271.5733269759017,249.82192398330548,mom,249.82192398330548,False,0.24742143238639486
mid_share,off,2460,200893.0,0.45168821213282695,0.24055802416584612,0.002016688359259789,0.002015755688445163,0.0018812929755234022,0.001999660059413923,-6.239742361940392e-05,30,119.28368756694823,119.338878984585,127.86845392803292,120.2994594172926,mom,120.2994594172926,False,0.4054414536770355
thr_share,off,2460,200893.0,0.2220286421129656,0.1680152268686656,0.0017879004508228665,0.0017907041323123644,0.001615296148796464,0.0017705315836242812,-3.5806681130009256e-05,30,93.97347978257848,93.82634676321705,104.01512254817888,94.89535709085638,mom,94.89535709085638,False,0.4635464951860006
ftr,off,2460,226947.0,0.258408350848436,0.18601563976145502,0.0004664991905595033,0.00046664912197892986,0.0004366380554288644,0.0004906635165043484,-6.273400806944469e-05,30,398.74804399629113,398.6199287649233,426.01792823291845,379.110395422698,mom,379.110395422698,False,0.19647019838079408
fg3,def,2460,44604.0,0.35460945206707917,0.21531523456907986,5.190821570091901e-05,1.2196859962297912e-05,-5.0908568539398646e-05,2.157790752310128e-05,-0.00016449805454640652,30,4147.999149299748,17653.333336174015,1000000.0,9978.503909082177,mom,9978.503909082177,False,0.0019965520972344422
rim,def,2460,65548.0,0.6090956245804601,0.22736543071294804,0.00048640099222628134,0.00046610988326827995,0.00034936557214017045,0.0004641196724242166,-0.00012737212231168785,30,467.4444220853359,487.79362737108664,650.7951808763967,489.8853554846314,mom,489.8853554846314,False,0.05425861739551796
mid,def,2460,90741.0,0.4070816940523027,0.23468946771699833,9.30963270954755e-05,7.877485701741656e-05,0.00012772301319800041,7.748507571246314e-05,-8.064529537938985e-05,30,2520.9315451973857,2979.243334775081,1837.4877153358025,3028.8344633991182,mom,3028.8344633991182,False,0.01253259494390853
fg2,def,2460,156289.0,0.49180684501148514,0.24556925364381277,0.00026415939510477,0.00024574742637128554,0.00023267137182473113,0.00024426352214510275,-5.0468656109270604e-05,30,929.6252875897749,999.2749762221168,1055.4339011195475,1005.3455853221275,mom,1005.3455853221275,False,0.0602886032319856
ft,def,2460,58645.0,0.7573876715832552,0.17488973248537795,-6.802694143800372e-06,-9.894314396628396e-06,-7.613417105315974e-06,4.421943685297754e-06,-0.00010862308138657624,30,1000000.0,1000000.0,1000000.0,39550.42056886838,mom,39550.42056886838,False,0.0006564236355187104
tov,def,2460,230585.0,0.15163171932259253,0.12714704617922287,8.723297212781829e-05,8.552606214805815e-05,8.424297232296755e-05,8.507710776758844e-05,-1.7195044394112237e-05,30,1457.557195150022,1486.646794974761,1509.2896496074627,1494.4918734962177,mom,1494.4918734962177,False,0.05920404213667019
oreb,def,2460,113306.0,0.2890314722962597,0.20005584886120084,0.00017306405037389064,0.00016990878350386988,0.00018012794730748634,0.00017620006108546194,-6.523234975480284e-05,30,1155.9642134169208,1177.4308822394948,1110.6319249821722,1135.3903490655896,mom,1135.3903490655896,False,0.03977506825015323
rim_share,def,2460,200893.0,0.32628314575420747,0.21467554871319075,0.00034707235627874167,0.0003475713399488885,0.0003287305396043441,0.00036551075305862554,-5.8771060304830916e-05,30,618.5325475497679,617.6445639757279,653.0441283963805,587.330323162225,mom,587.330323162225,False,0.12278578503607221
mid_share,def,2460,200893.0,0.45168821213282695,0.24055802416584612,0.0006539868919121052,0.0006537502800398617,0.0006762526653512141,0.0006776594637572706,-7.876454235544073e-05,30,367.83309748382044,367.96622733557894,355.72210874897104,354.98364153593684,mom,354.98364153593684,False,0.18796517164992532
thr_share,def,2460,200893.0,0.2220286421129656,0.1680152268686656,0.00025506395782146215,0.0002552993798090796,0.0002543131936266501,0.0002769092676607578,-5.459552264778242e-05,30,658.7180262695982,658.1105954676127,660.6626438552927,606.7519093456325,mom,606.7519093456325,False,0.11932724331757057
ftr,def,2460,226947.0,0.258408350848436,0.18601563976145502,0.0003855473166828656,0.0003832703112091034,0.00036585574696682514,0.00041030950817718233,-6.373271511195405e-05,30,482.4716233583941,485.3379829359368,508.43984631549995,453.3544459835638,mom,453.3544459835638,False,0.1697793812490634
fg3,off,2460,44285.0,0.35847352376651237,0.21756046032372797,0.00024506909753085177,0.00021244090560030313,0.0002608141313758322,0.00019776124875080266,-0.00015116508866294768,30,887.7515056599059,1024.0987238731557,834.1590203570072,1100.1167402511405,mom,1100.1167402511405,False,0.017685766452795255
rim,off,2460,59765.0,0.6324939345770936,0.2215372805830493,0.0005131193916160664,0.0005021372378431301,0.0004998700116922762,0.0004904316938475983,-0.0001268844278650072,30,431.7460696336558,441.18871074894975,443.18978014514175,451.718931223666,mom,451.718931223666,False,0.05436645707434824
mid,off,2460,95625.0,0.396318954248366,0.23292268959746276,0.00020627660235215739,0.00018995195389470408,0.00022180402174947966,0.00018539784764189454,-7.52874385766812e-05,30,1129.1764889544522,1226.2189718068319,1050.1283419492784,1256.3397717937098,mom,1256.3397717937098,False,0.03112932559009107
fg2,off,2460,155390.0,0.4871549005727524,0.24567264868489963,0.00023839514780622562,0.00022055809597389152,0.0002179138312419912,0.0002170403739102073,-4.810638821459697e-05,30,1030.5270511822218,1113.8681969488032,1127.3843761302262,1131.9214220785389,mom,1131.9214220785389,False,0.053656701384838856
ft,off,2460,57935.0,0.7614913264865798,0.17222941346139045,0.0006759945385988626,0.0006716001674633421,0.000559864939037854,0.0006511376946015754,-0.00010551384714445889,30,254.77929720907397,256.44635276359014,307.62671753900554,264.5053648242188,mom,264.5053648242188,False,0.08846185705688618
tov,off,2460,229180.0,0.15292782965354743,0.128026658803341,6.756070178470275e-05,6.63895281562888e-05,5.775184276268076e-05,6.634701496509673e-05,-1.763794189589544e-05,30,1894.9871067255415,1928.4164590227408,2216.841102879436,1929.652130856108,mom,1929.652130856108,False,0.04621528629799331
oreb,off,2460,112983.0,0.2895922395404618,0.20015995992040603,0.0004144111450314491,0.0004105730570577354,0.0003815480458920871,0.00040966563353601095,-6.390507937683077e-05,30,482.99849634887636,487.5136263319374,524.5996200882578,488.5934858453566,mom,488.5934858453566,False,0.08748209172379134
rim_share,off,2460,199675.0,0.2993113809941154,0.20432079559237307,0.0009726901275311601,0.0009734875358768444,0.0008678871633587039,0.0009755497667989537,-5.431258421186612e-05,30,210.057437419429,209.8853740416268,235.42322575858384,209.44169384900334,mom,209.44169384900334,False,0.2804926588148727
mid_share,off,2460,199675.0,0.47890321772880934,0.24212450624125564,0.0018125699963566218,0.0018109194964437475,0.0016592211000054527,0.001801278114702602,-6.880799879810932e-05,30,133.58077576476546,133.70252334062093,145.92660751509246,134.41816911278653,mom,134.41816911278653,False,0.3777009848499094
thr_share,off,2460,199675.0,0.22178540127707524,0.16786277078244202,0.0016967383259436522,0.0016945025947726674,0.001573441471367546,0.0016760479507440947,-3.722381126635452e-05,30,98.93262161629079,99.06315357691282,106.68510639709098,100.15391904982076,mom,100.15391904982076,False,0.4487684966593355
ftr,off,2460,225387.0,0.2570467684471598,0.184971252673301,0.00037748380763919463,0.00037633733974159653,0.0003123199182649086,0.00040747102393782033,-6.870771684341718e-05,30,490.01109168131427,491.50385343188987,592.2492990549808,453.94946341393694,mom,453.94946341393694,False,0.16868736542539509
fg3,def,2460,44285.0,0.35847352376651237,0.21756046032372797,0.00016558047172711513,0.00013576801281921862,0.00013025048641812086,0.00012627865338572076,-0.00015308488476268418,30,1313.925839529425,1602.4426947562367,1670.3235919237247,1722.8601548290592,mom,1722.8601548290592,False,0.011371947684169284
rim,def,2460,59765.0,0.6324939345770936,0.2215372805830493,0.0004870814667178155,0.0004717321694032142,0.0005051331145223232,0.0004622871924907824,-0.00012866354097353723,30,454.82592896804704,469.6251283081137,438.5720797428714,479.22002638536554,mom,479.22002638536554,False,0.05141614592982451
mid,def,2460,95625.0,0.396318954248366,0.23292268959746276,8.654027839032867e-05,7.018799086429479e-05,6.82712863484049e-05,6.959487917551967e-05,-7.626389586944933e-05,30,2691.4945725838234,3318.554737487898,3411.722585814509,3346.836611498773,mom,3346.836611498773,False,0.011925134516112015
fg2,def,2460,155390.0,0.4871549005727524,0.24567264868489963,0.00021595382709382286,0.00019711496425678368,0.0001980734203115874,0.0001941534568660278,-4.8345864573123785e-05,30,1137.616554385791,1246.3419487769552,1240.3110336482014,1265.352946326481,mom,1265.352946326481,False,0.04827574083863768
ft,def,2460,57935.0,0.7614913264865798,0.17222941346139045,2.3087012429077652e-05,1.5559377970273957e-05,5.9381966577495614e-05,3.5357816566080026e-05,-0.00011565783252589178,30,7460.013026391877,11069.170874981834,2900.365605720128,4871.042111424269,mom,4871.042111424269,False,0.005278599388506835
tov,def,2460,229180.0,0.15292782965354743,0.128026658803341,9.993081532675557e-05,9.790897126994278e-05,9.990816447049256e-05,9.720907396544558e-05,-1.730410803806429e-05,30,1281.1529495152934,1307.6090693503597,1281.4434083728274,1317.0237466602139,mom,1317.0237466602139,False,0.06628300733662908
oreb,def,2460,112983.0,0.2895922395404618,0.20015995992040603,0.0002044735888129786,0.0002020547049990897,0.0001898558755917875,0.00020836947584458406,-6.628837185042327e-05,30,978.9037355992317,990.6226134219829,1054.2731916855369,960.6011586346685,mom,960.6011586346685,False,0.0465324443081698
rim_share,def,2460,199675.0,0.2993113809941154,0.20432079559237307,0.0003986430719857033,0.00039883843830177665,0.00040380690884174653,0.0004182605526542445,-6.0949485751567315e-05,30,512.5406910362678,512.2896290095691,505.9863789315382,488.50123277409585,mom,488.50123277409585,False,0.14334212109444386
mid_share,def,2460,199675.0,0.47890321772880934,0.24212450624125564,0.0007153186602990559,0.0007113537394359569,0.0006960985815660723,0.0007357991487956561,-8.199982740194805e-05,30,338.4848175777069,340.37145349547166,347.8307708895592,329.06331386433516,mom,329.06331386433516,False,0.19890332131645272
thr_share,def,2460,199675.0,0.22178540127707524,0.16786277078244202,0.00031823233672047827,0.0003157315494746055,0.000317224623870531,0.00033526388149146113,-5.414649084788252e-05,30,527.484958041475,531.6629619744205,529.1605952095066,500.6885025481557,mom,500.6885025481557,False,0.1403456253695067
ftr,def,2460,225387.0,0.2570467684471598,0.184971252673301,0.00028910226678542737,0.00028922111811003763,0.0002782862190751493,0.0003236773448958963,-6.97095444321952e-05,30,639.8125297668014,639.5496078641341,664.6798870890218,571.4680239137309,mom,571.4680239137309,False,0.13883637483047356
fg3,off,1980,36369.0,0.34878605405702656,0.21430009109903098,0.00031552601512319567,0.00027107063545770506,0.00026550418121743733,0.00026290871134017314,-0.00019393515714508688,30,679.1835881277761,790.5691840696188,807.1439406957127,815.1121733724209,mom,815.1121733724209,False,0.02412678544241617
rim,off,1980,49604.0,0.6172082896540602,0.22499414100877163,0.0005794897439561422,0.0005610165027393743,0.0005493646418695106,0.000556469737696063,-0.00016391415236220863,30,388.26250741341846,401.04727741546463,409.55337104169513,404.32412720287175,mom,404.32412720287175,False,0.06206216237497705
mid,off,1980,75164.0,0.3841865786812836,0.23018072933566294,0.0002597053631531808,0.00024094195173054365,0.00026288184732476327,0.00023368649894384721,-9.316822589319212e-05,30,886.3148859960066,955.3368671682568,875.6052640306445,984.9979796692205,mom,984.9979796692205,False,0.038590792318428616
fg2,off,1980,124768.0,0.4768289946140036,0.24515396722790492,0.0002736909093562928,0.00025260781182696396,0.00022288545725364088,0.0002500702216233684,-6.139033034272447e-05,30,895.7329558533555,970.4924224427195,1099.9101074096673,980.3405045048992,mom,980.3405045048992,False,0.0613183401533837
ft,off,1980,43076.0,0.7511143095923484,0.17658551034809217,0.0008700905691446043,0.000862935755096091,0.0008151825927250328,0.0008324360643954407,-0.00014341144306836924,30,202.95072330423642,204.63343801118629,216.62080609179026,212.13101870632906,mom,212.13101870632906,False,0.1014027148632135
tov,off,1980,183098.0,0.15748397033282724,0.13107774926599142,8.45546601153791e-05,8.262245248566658e-05,8.859192617829942e-05,8.310999663660755e-05,-2.31716198458149e-05,30,1550.2131885709105,1586.4664546084603,1479.567664012467,1577.1598432270357,mom,1577.1598432270357,False,0.05554727061012721
oreb,off,1980,92814.0,0.2944383390436788,0.20205722071545326,0.0005234590814405545,0.0005186038375151841,0.00047837907977494454,0.0005180287749923989,-7.950303886144606e-05,30,386.0038499272831,389.6176736438771,422.3788816402923,390.0501873055566,mom,390.0501873055566,False,0.10901055499551707
rim_share,off,1980,161137.0,0.3078374302612063,0.2075646780328915,0.0010183940079243952,0.001016897978233996,0.0009297360303961821,0.0010240690652896308,-6.846940204114473e-05,30,203.8156906047909,204.11553811264363,223.2511930772903,202.6862104014316,mom,202.6862104014316,False,0.2875801802774798
mid_share,off,1980,161137.0,0.46646021708235846,0.2408364272862066,0.002841326964653243,0.0028406719736135825,0.002790751873714861,0.002814051973502233,-7.914434313318721e-05,30,84.76195463678303,84.78149871695382,86.29804374747991,85.58350362892311,mom,85.58350362892311,False,0.4883751379342392
thr_share,off,1980,161137.0,0.2257023526564352,0.16980761487001553,0.0018963154009171037,0.0018946595770441257,0.0018052802536612505,0.0018756733509184332,-4.655023256897334e-05,30,89.54608225398184,89.62434039730441,94.06163642771382,90.53154952959605,mom,90.53154952959605,False,0.4743703040604226
ftr,off,1980,180434.0,0.2387354933105734,0.17585253628930672,0.00040935077690190647,0.0004099607959504321,0.00039944441614161156,0.00044954308684033706,-8.352499621527353e-05,30,429.5888665955717,428.9496411031675,440.2428202350017,391.18060412252265,mom,391.18060412252265,False,0.18967365035910572
fg3,def,1980,36369.0,0.34878605405702656,0.21430009109903098,0.0001234497808178488,7.216587139309573e-05,4.238530913925985e-05,7.597360771939327e-05,-0.00019540542144295725,30,1735.9292959396387,2969.5489981921505,5055.999247166826,2820.717582486583,mom,2820.717582486583,False,0.007103681423963477
rim,def,1980,49604.0,0.6172082896540602,0.22499414100877163,0.0005400053756100822,0.0005166794125831104,0.0005641004650421839,0.0005149782456274561,-0.0001655243933937342,30,416.65166898492424,435.46178835329584,398.8547341331236,436.90028252481983,mom,436.90028252481983,False,0.05771709682029093
mid,def,1980,75164.0,0.3841865786812836,0.23018072933566294,0.00010644510804531658,8.873690090211152e-05,5.640003941140928e-05,8.82112122053695e-05,-9.620640948125094e-05,30,2162.4359593647905,2593.9685406591175,4081.2157533545837,2609.427119080579,mom,2609.427119080579,False,0.014939176037936767
fg2,def,1980,124768.0,0.4768289946140036,0.24515396722790492,0.00024736929673490243,0.00022767188430524322,0.00021522716796753508,0.00022590066570738013,-6.186455075977927e-05,30,991.0444443338835,1076.7863057663421,1139.0474982455933,1085.2290605706514,mom,1085.2290605706514,False,0.05572702602532688
ft,def,1980,43076.0,0.7511143095923484,0.17658551034809217,-1.9682086735812643e-05,-2.1286893498554172e-05,1.2650366942935836e-05,5.560297732592077e-06,-0.00015728147353128512,30,1000000.0,1000000.0,13958.923969924865,31758.28325037772,mom,31758.28325037772,False,0.0007600721840306116
tov,def,1980,183098.0,0.15748397033282724,0.13107774926599142,0.00013724303210543848,0.00013598364745589836,0.00012486160563327943,0.00013512499513210102,-2.234565969985913e-05,30,955.077625837423,963.922881304548,1049.7842679595913,970.0481331218334,mom,970.0481331218334,False,0.08726922792191898
oreb,def,1980,92814.0,0.2944383390436788,0.20205722071545326,0.00016806328847114078,0.00016348563283743314,0.0001843720274589916,0.0001760357556774913,-8.435678881999457e-05,30,1202.2686367353201,1235.932584463706,1095.9212387052328,1147.8192026262832,mom,1147.8192026262832,False,0.039968530130028795
rim_share,def,1980,161137.0,0.3078374302612063,0.2075646780328915,0.0004460198915431169,0.00044540075345951335,0.000451696702039176,0.0004718150904283449,-7.731084826933149e-05,30,465.3708992995128,466.0177972773883,459.5222349329645,439.92801892887866,mom,439.92801892887866,False,0.15694581843826713
mid_share,def,1980,161137.0,0.46646021708235846,0.2408364272862066,0.0007405969959600186,0.0007378093293699214,0.000739900993517977,0.000778939671078054,-0.00011053656458958221,30,325.192282172325,326.4209568776766,325.4981806972734,309.1849551748835,mom,309.1849551748835,False,0.2093486947538695
thr_share,def,1980,161137.0,0.2257023526564352,0.16980761487001553,0.0002916188486778567,0.0002899966147244349,0.00028868877177417365,0.000319239927001428,-7.028101252089605e-05,30,582.2930021152279,585.5503348939875,588.2030458837771,531.9122093059993,mom,531.9122093059993,False,0.13344690145502727
ftr,def,1980,180434.0,0.2387354933105734,0.17585253628930672,0.0005220374975586772,0.0005242141635782677,0.0005148772620517009,0.0005587293689024409,-8.132379965201792e-05,30,336.8580554302822,335.4593380097619,341.5426340416809,314.7365183876921,mom,314.7365183876921,False,0.22532271344225863
fg3,off,2458,48766.0,0.3588360743140713,0.218217871848315,0.0002462352164549731,0.0002074829064081556,0.00020235398753563454,0.00019850833010417817,-0.0001427304982588385,30,886.2171503734463,1051.7390354029542,1078.3966973217507,1099.2882350770528,mom,1099.2882350770528,False,0.01926810455122991
rim,off,2458,62714.0,0.6164971138820678,0.22532428396244733,0.0008436916851190081,0.0008260791783845659,0.0008066859371957462,0.0008032692015501659,-0.00012581473160292185,30,267.06946143562374,272.7635435662219,279.32095202469276,280.5090541596911,mom,280.5090541596911,False,0.08843691436637408
mid,off,2458,88872.0,0.38887388603834727,0.2311891816224271,0.0003216869177389033,0.0003083461080925778,0.0003041379492390168,0.00029542489361131295,-7.49118445719703e-05,30,718.6775988511646,749.7716869285566,760.1457897670622,782.5649991655747,mom,782.5649991655747,False,0.04620400049398978
fg2,off,2458,151586.0,0.4830459277241962,0.2452971486675274,0.00045372333590875996,0.00043758438944822544,0.0004453149902226826,0.00042972157502505225,-4.836456792515027e-05,30,540.6315462620478,560.5710683071584,550.8396394760144,570.8280964325025,mom,570.8280964325025,False,0.09911281900784538
ft,off,2458,52790.0,0.7513733661678348,0.17648848313951696,0.0009547484707683054,0.0009544942948183269,0.000955710430301075,0.0009164184009330144,-0.00011507588455189079,30,184.85338132827079,184.90260664481895,184.66731924639376,192.58504953614235,mom,192.58504953614235,False,0.10932037882006869
tov,off,2458,227625.0,0.15617353102690829,0.13027311504928174,3.774208651230256e-05,3.6078676513688e-05,2.7166245226206014e-05,3.626672563350497e-05,-1.7961654256136917e-05,30,3451.6670138736868,3610.806372009157,4795.403780115086,3592.0837289189703,mom,3592.0837289189703,False,0.02527370286954793
oreb,off,2458,114249.0,0.29138110618036045,0.200791014509327,0.0007794160344308343,0.000777299375081555,0.0007040243558724536,0.0007653485028482133,-6.033414733928199e-05,30,257.61724886241774,258.31876487519344,285.2046421895435,262.35239732238506,mom,262.35239732238506,False,0.15313206719335726
rim_share,off,2458,200352.0,0.31301908640792203,0.20942069015792125,0.0013440094205239349,0.0013423427226410029,0.001316272393543303,0.001335841667195406,-5.247801170069109e-05,30,155.81787371422058,156.01134242818023,159.1013312937279,156.77059287842033,mom,156.77059287842033,False,0.34363741258799785
mid_share,off,2458,200352.0,0.443579300431241,0.23866737612248132,0.0028655040152335766,0.0028642615094280344,0.0027650460284110298,0.002830699509182332,-6.499376019168534e-05,30,83.28984180572742,83.32597262396649,86.31587816989602,84.3139214700405,mom,84.3139214700405,False,0.49293398652967196
thr_share,off,2458,200352.0,0.24340161316083692,0.17913595510492997,0.0016974331295200016,0.0016970123515387767,0.0016061405551123311,0.0016793542882751209,-4.0597596330144435e-05,30,105.53343869020975,105.55960594069767,111.53192946578791,106.66954338082051,mom,106.66954338082051,False,0.43464831610377996
ftr,off,2458,223993.0,0.23567700776363548,0.1744535627276252,0.0006439864507841236,0.0006416152138774628,0.0006248428900181845,0.0006601598955909205,-6.143508454216045e-05,30,270.896324783245,271.8974845894828,279.19588350048787,264.2595587716954,mom,264.2595587716954,False,0.2576811029452194
fg3,def,2458,48766.0,0.3588360743140713,0.218217871848315,8.379700297708169e-05,4.7754559566889796e-05,3.0262685144366052e-05,4.85486516816368e-05,-0.00014472663570758601,30,2604.125017549818,4569.57144673604,7210.7901465888335,4494.8286778241145,mom,4494.8286778241145,False,0.004787440620792688
rim,def,2458,62714.0,0.6164971138820678,0.22532428396244733,0.0006319962435466434,0.0006171071789528824,0.0006611144140661922,0.0006069308489018535,-0.00013050431451155347,30,356.52788487787535,365.1299023044607,340.82494522633016,371.25198755366677,mom,371.25198755366677,False,0.06838165246040868
mid,def,2458,88872.0,0.38887388603834727,0.2311891816224271,0.00011554124042830975,0.00010263361707969971,0.00010294818002388175,9.739983967201396e-05,-7.761778810230671e-05,30,2000.9234864141329,2252.56780575996,2245.6849802375937,2373.6094679512603,mom,2373.6094679512603,False,0.01574026768163974
fg2,def,2458,151586.0,0.4830459277241962,0.2452971486675274,0.0002590106327240445,0.00024054789541538162,0.00024228565217259448,0.00023784972302510595,-5.071781853010631e-05,30,947.0543586867813,1019.7434828683273,1012.4295288141439,1031.3114749418285,mom,1031.3114749418285,False,0.05743896641144676
ft,def,2458,52790.0,0.7513733661678348,0.17648848313951696,5.2029036523113357e-05,4.969754045754177e-05,6.0447509583135806e-05,6.914481441220192e-05,-0.00012946146749953796,30,3392.1151521057627,3551.2518630634613,2919.698170472772,2552.4471305598327,mom,2552.4471305598327,False,0.0092599459956591
tov,def,2458,227625.0,0.15617353102690829,0.13027311504928174,8.988344641683974e-05,8.813963309521123e-05,7.517786669009654e-05,8.716159062117633e-05,-1.7328243089244532e-05,30,1449.3560298648601,1478.0310567954893,1732.8652804994147,1494.616081703668,mom,1494.616081703668,False,0.05865227214121698
oreb,def,2458,114249.0,0.29138110618036045,0.200791014509327,5.7682438172675e-05,5.1973827976131096e-05,7.874694619098164e-05,6.553793111375055e-05,-6.955520452670272e-05,30,3480.973080719126,3863.3100991048796,2549.826046871164,3063.737458553966,mom,3063.737458553966,False,0.01529303000254503
rim_share,def,2458,200352.0,0.31301908640792203,0.20942069015792125,0.0003980812038805112,0.0003958595129569947,0.000406461060741506,0.0004176949193188823,-6.427883155139497e-05,30,526.0753035221964,529.0278073490992,515.2294042038751,501.37236646166264,mom,501.37236646166264,False,0.14089300752729944
mid_share,def,2458,200352.0,0.443579300431241,0.23866737612248132,0.0007879565249328739,0.0007825877880934286,0.0007923725588930165,0.0008116954423857977,-9.06868908595794e-05,30,302.89409195870724,304.9720168825177,301.2060090217049,294.03562427426203,mom,294.03562427426203,False,0.21841533176578126
thr_share,def,2458,200352.0,0.24340161316083692,0.17913595510492997,0.00041249891921794164,0.0004108730863255868,0.00039504117241823046,0.0004285311374793815,-5.607037295989251e-05,30,434.2701198940219,435.98853530887607,453.46148101058833,418.02319467053655,mom,418.02319467053655,False,0.16433984369819238
ftr,def,2458,223993.0,0.23567700776363548,0.1744535627276252,0.0002815466892323152,0.00027934338310926896,0.00028342798229415286,0.0003116373341303399,-6.589780321119886e-05,30,619.6256940662397,624.5129588746526,615.5128414475686,559.7967368526562,mom,559.7967368526562,False,0.14089971383547778
fg3,off,2460,52956.0,0.359713724601556,0.2198236266186914,0.000248073760457319,0.00021592213959137533,0.0002140766278312236,0.00020157612768753884,-0.00012517012592193238,30,886.1220397250034,1018.0689531638557,1026.8455218380902,1090.5241068993935,mom,1090.5241068993935,False,0.020792535672249205
rim,off,2460,63049.0,0.6192802423511872,0.22469582394990092,0.000847724604047426,0.0008296914784038006,0.0008051280215308203,0.0008073900934888083,-0.00012581876310919506,30,265.0575704386779,270.81852688445264,279.0808640875252,278.2989607650116,mom,278.2989607650116,False,0.08912465111226162
mid,off,2460,88100.0,0.3933711691259932,0.2316818549922305,0.00029349899624409845,0.00028084907456387586,0.00024820659918551756,0.00027275440168969046,-8.082980610241391e-05,30,789.3786962035958,824.9336600165195,933.4234293225381,849.415641166489,mom,849.415641166489,False,0.042188907618046105
fg2,off,2460,151149.0,0.48760494611277616,0.24527938281105122,0.00042404907658611014,0.00040660140972219284,0.0003869462615394337,0.00040095823352377457,-5.0534326547860774e-05,30,578.4221599672395,603.2428244128233,633.8848754739934,611.7329993586665,mom,611.7329993586665,False,0.0926627139763873
ft,off,2459,56555.0,0.7542569180443816,0.17552301328792383,0.0008191671359504351,0.0008160963146303383,0.0008297938379586701,0.0007890790365991854,-0.0001104125338938337,30,214.27008675619538,215.07634594261012,211.52605051842548,222.4403451958402,mom,222.4403451958402,False,0.10201608132795044
tov,off,2460,233870.0,0.15402146491640656,0.12878838070281073,5.475198939731794e-05,5.409960293257237e-05,4.895604753979787e-05,5.4536196454943683e-05,-1.775370618290835e-05,30,2352.2137208245354,2380.5790379520445,2630.6940035981197,2361.5211377862074,mom,2361.5211377862074,False,0.0388373816591708
oreb,off,2460,116456.0,0.28277632754001514,0.19739263096177107,0.0006171081615619422,0.0006142313605722938,0.0005568386151480219,0.0006068163902531174,-5.916310574429265e-05,30,319.8671533725256,321.3652763965938,354.48804301996745,325.2921874431143,mom,325.2921874431143,False,0.12913918942329905
rim_share,off,2460,204105.0,0.30890473040836824,0.2081698934642895,0.001191745182767662,0.0011893376908753332,0.0010577427891286801,0.0011856230453968096,-5.067181488113523e-05,30,174.67651346476933,175.03009873594422,196.80577887538263,175.578481096931,mom,175.578481096931,False,0.3220770100497915
mid_share,off,2460,204105.0,0.43164057715391585,0.23807485241500878,0.0018793255141090269,0.0018746185839952326,0.0017583789899091188,0.0018630257766947254,-6.568793439641609e-05,30,126.68100902566533,126.999089013413,135.3945047007833,127.78934966610483,mom,127.78934966610483,False,0.3948152126082204
thr_share,off,2460,204105.0,0.2594546924377159,0.18719467291215489,0.0013381035592451274,0.0013357121780909328,0.001210921012164717,0.0013265697170591984,-4.414566766877267e-05,30,139.89550481261568,140.14596556250834,154.5886734408169,141.1118243578911,mom,141.1118243578911,False,0.37142688382846534
ftr,off,2460,229327.0,0.24661291518225067,0.1796648011713073,0.0005933442795298573,0.0005925044126717935,0.0005633882925509257,0.0006172592570887811,-6.772600761005734e-05,30,302.80025841601883,303.22947361883894,318.9004875444178,291.0686216658325,mom,291.0686216658325,False,0.2434757903052077
fg3,def,2460,52956.0,0.359713724601556,0.2198236266186914,3.27418928803413e-05,2.78466761775031e-06,2.4366536269176205e-05,1.8451109655640502e-06,-0.00012943275838522202,30,6713.833785421632,78940.7056043132,9021.53774300574,119138.43162895698,mom,119138.43162895698,False,0.00019459354494590436
rim,def,2460,63049.0,0.6192802423511872,0.22469582394990092,0.0005745659752455195,0.0005571783097524896,0.0005118096222502266,0.0005494632382423576,-0.00012953333588376173,30,391.070536075314,403.2745353093798,439.02227348130214,408.936955761892,mom,408.936955761892,False,0.06252556450180177
mid,def,2460,88100.0,0.3933711691259932,0.2316818549922305,3.316688189422286e-05,2.014549344028776e-05,1.4221820229406122e-05,2.2432153082767062e-05,-8.413376469343583e-05,30,6985.337232819157,11500.430886885299,16290.590884645511,10328.114922245884,mom,10328.114922245884,False,0.0036152680118040153
fg2,def,2460,151149.0,0.48760494611277616,0.24527938281105122,0.0002576565205249002,0.00024103689432141792,0.0002334470669866913,0.0002396854195312852,-5.2324570747310215e-05,30,951.9626451190362,1017.6009921700038,1050.6852194679082,1023.3387716729087,mom,1023.3387716729087,False,0.05757021151311778
ft,def,2459,56555.0,0.7542569180443816,0.17552301328792383,6.005970669637821e-07,-1.3724069399638215e-06,2.214349679004465e-05,2.2645973261730635e-05,-0.00012343387152754178,30,292247.5365643243,1000000.0,7926.616782893841,7750.738343603879,mom,7750.738343603879,False,0.003280098531689784
tov,def,2460,233870.0,0.15402146491640656,0.12878838070281073,0.00011395380020843948,0.000112874752364106,9.558255448039027e-05,0.00011200800838610373,-1.7029066846397693e-05,30,1130.18065625926,1140.98483500873,1347.4046744506393,1149.8140406073755,mom,1149.8140406073755,False,0.07661856823492535
oreb,def,2460,116456.0,0.28277632754001514,0.19739263096177107,0.00014471486760013247,0.0001440969982190092,0.00015240693677939752,0.00015287304574274676,-6.491847451422513e-05,30,1364.0107214636348,1369.859423870574,1295.1682852040285,1291.2193251774509,mom,1291.2193251774509,False,0.03607947172170289
rim_share,def,2460,204105.0,0.30890473040836824,0.2081698934642895,0.0003291713095036497,0.00032869628711193754,0.0003195872297215206,0.00035037138474817915,-6.127951895386918e-05,30,632.4059462478195,633.3198810773217,651.3711253283898,594.1406819335617,mom,594.1406819335617,False,0.1232836132125946
mid_share,def,2460,204105.0,0.43164057715391585,0.23807485241500878,0.0009403812670117077,0.0009393000660561753,0.0009603212955897735,0.0009552964002953145,-7.698412970728272e-05,30,253.16843366260375,253.4598484748436,247.91166613544382,249.21569090118186,mom,249.21569090118186,False,0.25088243879860267
thr_share,def,2460,204105.0,0.2594546924377159,0.18719467291215489,0.0005235947195181723,0.0005244542909773682,0.0005309585727307237,0.0005375667303141821,-5.3865847681357176e-05,30,357.5182597036446,356.93229349558874,352.5598465232633,348.2259268588823,mom,348.2259268588823,False,0.19341231710674903
ftr,def,2460,229327.0,0.24661291518225067,0.1796648011713073,0.00037447870613766963,0.0003734992397438389,0.00033045799095866304,0.0004068999088164596,-7.052778269955355e-05,30,479.7730771513003,481.03123662187045,543.6842385021386,441.54544466204027,mom,441.54544466204027,False,0.17508685314944075
fg3,off,2460,54918.0,0.3503222986998798,0.2175954783440839,0.0002547541992493696,0.000224527373844871,0.00018182563828163261,0.00021006330507977806,-0.00011893602588452495,30,854.1389267977783,969.1267243628992,1196.7260525000706,1035.8566826388135,mom,1035.8566826388135,False,0.022806042355654723
rim,off,2460,63053.0,0.611422136932422,0.2265478737709626,0.0006138709997888927,0.00060132879110571,0.0005594410375070561,0.0005900615882154067,-0.00012802911568331762,30,369.0480147276404,376.7454296581932,404.9539783146588,383.9393688651014,mom,383.9393688651014,False,0.06604191116168022
mid,off,2460,86910.0,0.3935565527557243,0.2315937955434618,0.00035980196379409524,0.00034673420131179673,0.00031390069691323495,0.0003367628274402351,-8.190322734477421e-05,30,643.6701820671456,667.9289053899928,737.7931868927212,687.7059362632964,mom,687.7059362632964,False,0.05114256005254038
fg2,off,2460,149963.0,0.48515967271927074,0.2454600362288983,0.000295530760957885,0.0002796272340031196,0.00027119461840257653,0.000274555906695908,-4.935187117820873e-05,30,830.5735600358635,877.8116234063234,905.106589779461,894.0256983826773,mom,894.0256983826773,False,0.0649869232286786
ft,off,2460,54792.0,0.7497262374069207,0.17736444902694035,0.0006180974048874098,0.0006131535607037388,0.0005020040421917318,0.0005984747151663006,-0.00011945721880676641,30,286.95226290304254,289.26595292600547,353.3127905754971,296.36080611635424,mom,296.36080611635424,False,0.07644732995878857
tov,off,2460,232926.0,0.15103509269038234,0.12653542794495976,0.00015231602187052682,0.00015135314252368148,0.0001458747237020366,0.0001517779829530728,-1.873358278446062e-05,30,830.7427307451521,836.0277549252826,867.4253135410953,833.6876369221641,mom,833.6876369221641,False,0.10239981475276234
oreb,off,2460,117786.0,0.28018610021564533,0.19638554161957494,0.00025317503733416876,0.00025033554616754,0.0002240512783960745,0.00025464907614641813,-6.204347269633776e-05,30,775.6907777616452,784.4892370504252,876.5205136317389,771.2006836681284,mom,771.2006836681284,False,0.059583810352549484
rim_share,off,2460,204881.0,0.30775425734938816,0.2083280134363333,0.0007623529272191945,0.00076101146658954,0.0006578367358758817,0.0007640573299487509,-4.84094109020676e-05,30,273.2697757143052,273.7514775827909,316.68649997016877,272.660185656889,mom,272.660185656889,False,0.23524708083017906
mid_share,off,2460,204881.0,0.4241974609651456,0.23636369040417857,0.0028056729318333908,0.002805191782033347,0.002702684701920464,0.002772777914700536,-6.192483249252518e-05,30,84.2449195422521,84.25936933012474,87.45514792614325,85.24436419918116,mom,85.24436419918116,False,0.4953942491578928
thr_share,off,2460,204881.0,0.2680482816854662,0.19056092569745606,0.002240831779490138,0.0022406917975633777,0.002110487903500795,0.002214694160836137,-4.1489105311113225e-05,30,85.04026381704337,85.04557650663068,90.29235627522955,86.04390126061992,mom,86.04390126061992,False,0.4930657036589954
ftr,off,2460,229353.0,0.2388981177486233,0.1760719658905662,0.00043245798547671545,0.00043229743451410785,0.0004231962435836799,0.00045989119852616494,-6.500964756647007e-05,30,407.14236250366645,407.2935711230092,416.0527617153836,382.85569816259226,mom,382.85569816259226,False,0.19679239823076838
fg3,def,2460,54918.0,0.3503222986998798,0.2175954783440839,5.030547788759014e-05,2.146191523421587e-05,-3.9951310326493266e-05,1.7068156781233937e-05,-0.00012068673362389975,30,4325.48278003264,10138.67942210396,1000000.0,12748.621959186908,mom,12748.621959186908,False,0.0018955436870850184
rim,def,2460,63053.0,0.611422136932422,0.2265478737709626,0.00047357952428238553,0.00046202823247647884,0.00039080360606202446,0.00045812187028898923,-0.00013010904215106386,30,478.37345610380925,490.33339923117325,579.6975008849001,494.51442610249813,mom,494.51442610249813,False,0.05208229303428866
mid,def,2460,86910.0,0.3935565527557243,0.2315937955434618,4.090652439050978e-05,2.293105438968226e-05,2.1765661450757765e-05,2.5821335993836814e-05,-8.608307030307412e-05,30,5661.536857362319,10099.570286121101,10640.328853199126,8969.086479442425,mom,8969.086479442425,False,0.004124366836104461
fg2,def,2460,149963.0,0.48515967271927074,0.2454600362288983,0.0002076434506995297,0.0001901223790772033,0.0001644329775085053,0.0001876109146388732,-5.055671939624021e-05,30,1182.122698317565,1291.06335309019,1492.7664751202472,1308.3462478788997,mom,1308.3462478788997,False,0.04535630277833211
ft,def,2460,54792.0,0.7497262374069207,0.17736444902694035,-2.9552972658253156e-05,-2.8893451719840945e-05,-6.099010368438912e-05,9.457600542403137e-07,-0.000129157893183621,30,1000000.0,1000000.0,1000000.0,187536.41394741417,mom,187536.41394741417,False,0.0001317109627107938
tov,def,2460,232926.0,0.15103509269038234,0.12653542794495976,0.0001745312803426201,0.0001731944704962265,0.00015872241369240534,0.00017315029175267313,-1.8511072789420802e-05,30,725.0014306693889,730.5973890645467,797.2120950112184,730.7837986533815,mom,730.7837986533815,False,0.11515295501863604
oreb,def,2460,117786.0,0.28018610021564533,0.19638554161957494,0.00021229848347198058,0.0002085408413507505,0.00021151039011018804,0.0002144148089440019,-6.264365983670583e-05,30,925.0444864599993,941.7126177661706,928.491226919237,915.914076022913,mom,915.914076022913,False,0.05065525826038117
rim_share,def,2460,204881.0,0.30775425734938816,0.2083280134363333,0.0003336612150181161,0.0003325918269152558,0.00033619438345091615,0.00034782233086087474,-5.3584026151256474e-05,30,624.3698819625234,626.3774289601384,619.6653593612127,598.9495065504069,mom,598.9495065504069,False,0.12293432482899706
mid_share,def,2460,204881.0,0.4241974609651456,0.23636369040417857,0.0007943856977622272,0.0007900198387569521,0.000723645504495802,0.0008165693658631867,-8.650755333254765e-05,30,297.54273153458274,299.18703152579354,326.6291145812677,289.4594143319607,mom,289.4594143319607,False,0.22467683673394123
thr_share,def,2460,204881.0,0.2680482816854662,0.19056092569745606,0.00040969278462203387,0.0004085040820692084,0.00034527064244722205,0.0004318059033177341,-6.372262794153755e-05,30,465.13127116275655,466.4847526913364,551.9175460351661,441.31153426412595,mom,441.31153426412595,False,0.1597872809704285
ftr,def,2460,229353.0,0.2388981177486233,0.1760719658905662,0.00026925976163828477,0.00026808142505874535,0.0002827517891499563,0.0003021072933149285,-6.709095724053923e-05,30,653.9111704596093,656.7853996299189,622.7085827463576,582.8126953129259,mom,582.8126953129259,False,0.13868317920348516
fg3,off,2460,59182.0,0.3535872393633199,0.21926010291218473,0.00025719746929424433,0.0002230520173363894,0.00022873647837019705,0.00021049087683273676,-0.00011164831198479085,30,852.4971241507135,982.9998649217056,958.5707731205193,1041.660836856204,mom,1041.660836856204,False,0.024227816449898017
rim,off,2460,64431.0,0.6123605096925393,0.2266397080006399,0.0006333650611169117,0.0006214938133383544,0.0006245490237783455,0.0006089604327748189,-0.00012425603432764386,30,357.834244283969,364.6692905650091,362.88537708302476,372.1747683473002,mom,372.1747683473002,False,0.06937002121330044
mid,off,2460,84269.0,0.3988299374621747,0.2327160484181927,0.00027088647197285486,0.00025896919352193454,0.00028005794047212005,0.0002491536456398827,-8.245122080069565e-05,30,859.0906984883056,898.6244473842477,830.9567942472238,934.0262624715984,mom,934.0262624715984,False,0.03712704779488974
fg2,off,2460,148700.0,0.4913517148621385,0.24561788674161353,0.00028819234716258405,0.00027428192095663585,0.0002701679049649838,0.0002685834934146961,-4.901396999264512e-05,30,852.27067671942,895.4942632928617,909.1305156082394,914.4936035304917,mom,914.4936035304917,False,0.06309062997048862
ft,off,2460,55951.0,0.755607585208486,0.17389517921321507,0.0011640282499054725,0.001165145199250675,0.001115904100085408,0.0011258457873842328,-0.00011918598731677133,30,149.39085819208992,149.2476468383941,155.83344411039053,154.45736988299223,mom,154.45736988299223,False,0.13879094513673748
tov,off,2460,237804.0,0.1486728566382399,0.1250190008633185,9.600629089764387e-05,9.433918928287923e-05,9.118741764997292e-05,9.508038088711368e-05,-1.778541362972622e-05,30,1302.1959258545487,1325.2074966262942,1371.0115286213022,1314.8769461888264,mom,1314.8769461888264,False,0.06870049922772684
oreb,off,2460,118704.0,0.26652850788515975,0.19018619891068128,0.0005740163985241385,0.0005685212199077578,0.0005111261728649191,0.0005637412620898838,-5.822364133566268e-05,30,331.3253757204004,334.5278808441642,372.09246758910126,337.36434016844714,mom,337.36434016844714,False,0.12710612152466813
rim_share,off,2460,207882.0,0.309940254567495,0.20904765616505025,0.0007900637280963996,0.0007896193774410124,0.0007220074291584288,0.000793362583612187,-4.9591607855766826e-05,30,264.59594173337786,264.74484053637207,289.53671073539505,263.4957338336456,mom,263.4957338336456,False,0.24387474327273836
mid_share,off,2460,207882.0,0.40536939225137336,0.233218823321478,0.002481031035578922,0.0024777113652185824,0.0023157126715599445,0.002453341554880555,-6.552653277677224e-05,30,94.00076821975702,94.12671168859232,100.71146830335117,95.06170180728571,mom,95.06170180728571,False,0.4716061702762046
thr_share,off,2460,207882.0,0.2846903531811316,0.19780579053400651,0.0022799835894350994,0.0022803262867429567,0.0021796377819082763,0.0022547154353683365,-4.3358907319422896e-05,30,86.75755012035674,86.74451182007692,90.75168001576263,87.72982498418583,mom,87.72982498418583,False,0.4916058618307978
ftr,off,2460,232737.0,0.24040440497213594,0.17676453661153935,0.0004039591412996415,0.0004024221169379416,0.0003900587392642525,0.00043221359416373837,-6.64207780868528e-05,30,437.5802365626432,439.2515450108787,453.17414742446505,408.9749582114589,mom,408.9749582114589,False,0.18860862040275758
fg3,def,2460,59182.0,0.3535872393633199,0.21926010291218473,0.00010560920714093648,6.649974407279927e-05,4.925835704656778e-05,6.246321251121186e-05,-0.00011453743124728653,30,2076.1457153975225,3297.157093900303,4451.226473203338,3510.2277660283407,mom,3510.2277660283407,False,0.0073224099614983785
rim,def,2460,64431.0,0.6123605096925393,0.2266397080006399,0.0004906887500493013,0.0004722876928450874,0.0004969856254642551,0.0004675815666943604,-0.00012662836921774532,30,461.88079098587156,479.87637923687925,456.02869859450414,484.70625051133663,mom,484.70625051133663,False,0.05418043045362464
mid,def,2460,84269.0,0.3988299374621747,0.2327160484181927,6.828759315801949e-05,5.802946215654075e-05,2.9464566258555163e-05,5.6532141903694274e-05,-8.551836245975212e-05,30,3407.8818370370873,4010.3085531004235,7898.166440872776,4116.526290736299,mom,4116.526290736299,False,0.008684525254929961
fg2,def,2460,148700.0,0.4913517148621385,0.24561788674161353,0.0002450441167311691,0.00022932000689629845,0.00021537816860756333,0.0002249421905906877,-4.9646651783219e-05,30,1002.3414967806548,1071.0704664014997,1140.4028938009471,1091.915598832893,mom,1091.915598832893,False,0.053395751963546026
ft,def,2460,55951.0,0.755607585208486,0.17389517921321507,5.799640078482438e-05,5.929572200580222e-05,9.346788789444306e-07,9.262218637507249e-05,-0.00013765861318066431,30,2998.378810754017,2932.6766473338334,186048.04615848567,1877.467872643694,mom,1877.467872643694,False,0.013236273138842205
tov,def,2460,237804.0,0.1486728566382399,0.1250190008633185,0.00015599182541500714,0.00015506572255422006,0.00014841436291748375,0.00015446832387992283,-1.7044205650225183e-05,30,801.4458484007912,806.2323433188435,842.364569073596,809.3504074045821,mom,809.3504074045821,False,0.10700621694042198
oreb,def,2460,118704.0,0.26652850788515975,0.19018619891068128,0.0002597748893517966,0.0002566328851392287,0.00021855797498705564,0.0002628516442066029,-6.240609145583977e-05,30,732.1192567351044,741.0827291580395,870.1864982137819,723.5495881516869,mom,723.5495881516869,False,0.06365219794833887
rim_share,def,2460,207882.0,0.309940254567495,0.20904765616505025,0.0003044581072211265,0.0003046639168442855,0.0003216497519434933,0.00032229766299062744,-5.528912998566653e-05,30,686.622071171256,686.1582373468108,649.9232624988167,648.6167297189786,mom,648.6167297189786,False,0.11594221721010285
mid_share,def,2460,207882.0,0.40536939225137336,0.233218823321478,0.0008112819628321165,0.000811007947302224,0.0008077999884929821,0.0008372695938856631,-8.571711602388549e-05,30,287.4695038298779,287.56663124852025,288.70862421843685,278.5468683260534,mom,278.5468683260534,False,0.23379082999161965
thr_share,def,2460,207882.0,0.2846903531811316,0.19780579053400651,0.00046152759946971176,0.00046611178920228426,0.00042560606963556324,0.000489190056252116,-6.550351270493339e-05,30,428.5892994509589,424.37414181807424,464.76261652796234,404.35366174340726,mom,404.35366174340726,False,0.1737475496099731
ftr,def,2460,232737.0,0.24040440497213594,0.17676453661153935,0.00023123594477807106,0.0002292790748563594,0.00020857899409953807,0.00026608179526021054,-6.867445363851201e-05,30,764.4336471182683,770.9579983357845,847.470462568171,664.3240528299774,mom,664.3240528299774,False,0.12522837622310798
fg3,off,2460,66378.0,0.357543161890988,0.22139424205649433,0.00024069962597767655,0.00020767327711231404,0.000171081640097677,0.00019437877890743837,-9.748365329751376e-05,30,919.7947074376731,1066.0699591924854,1294.0853380297965,1138.9836035646695,mom,1138.9836035646695,False,0.02449076530089063
rim,off,2460,64544.0,0.6194998760535448,0.22520165379112445,0.00040810160733688566,0.00039389423130676844,0.0003196423755659192,0.0003915241292308004,-0.0001242327426472752,30,551.8274119543511,571.7312818824588,704.5425481912724,575.192272909366,mom,575.192272909366,False,0.04615469887137829
mid,off,2460,79053.0,0.40833364957686613,0.23385841056032353,0.0001680275407515606,0.0001549550301008288,0.00014709578818451982,0.0001510470037672006,-9.238945514195848e-05,30,1391.7861888254263,1509.2018013752281,1589.8375707873224,1548.249251741233,mom,1548.249251741233,False,0.02159827016555334
fg2,off,2460,143597.0,0.503248675111597,0.24542914368513297,0.00028664846695782204,0.0002715052688690478,0.00023767663243035592,0.0002670242347925263,-5.232758488357885e-05,30,856.2025336812488,903.9572038784564,1032.617894218308,919.1268495753865,mom,919.1268495753865,False,0.060835425964205804
ft,off,2460,55444.0,0.7708137940985499,0.1673232166598691,0.0006220228482780382,0.0006158676290918961,0.0005323045982722685,0.0005977277897180036,-0.00010762989337266488,30,268.99850563861804,271.6869807016633,314.3373497109731,279.93213556091973,mom,279.93213556091973,False,0.0809914517278628
tov,off,2460,238801.0,0.14362167662614478,0.12153722220211159,0.00010233376813497526,0.00010037626156058862,0.00010170343813626808,0.0001004124648195813,-1.6564956121570422e-05,30,1187.655105612915,1210.8163853935714,1195.0158660247953,1210.3798310347897,mom,1210.3798310347897,False,0.07445694337321401
oreb,off,2460,118203.0,0.26297132898488196,0.18849866631355197,0.0005867346745057595,0.0005862257510731624,0.0005147340959158507,0.0005806588055018682,-5.7889068066305726e-05,30,321.2673027588412,321.5462063351544,366.2059067180348,324.6289637347892,mom,324.6289637347892,False,0.1308566724321403
rim_share,off,2460,209975.0,0.3073889748779617,0.20803690612035053,0.0009651585312704148,0.0009663089666984452,0.0008766144810866203,0.0009655846793057172,-4.7438185902134814e-05,30,215.54687585521995,215.2902573502377,237.31858257973946,215.45174709061766,mom,215.45174709061766,False,0.2847539555687925
mid_share,off,2460,209975.0,0.3764876771044172,0.22644039609496278,0.0035944382852017153,0.003592964087233311,0.0034627909016840056,0.003544510001108378,-5.7473905407801755e-05,30,62.997436074286426,63.023284006528606,65.3924543884072,63.88482357904315,mom,63.88482357904315,False,0.5726536962424237
thr_share,off,2460,209975.0,0.31612334801762115,0.21039485337737618,0.0022095674057390465,0.002209863807394113,0.0021190614545009904,0.002186193945236152,-4.369498699303546e-05,30,95.21992985183641,95.20715832052804,99.28681064463099,96.23796362433407,mom,96.23796362433407,False,0.47094279166391256
ftr,off,2460,234289.0,0.23664790066968572,0.17535614491079887,0.00025201747199400475,0.00024963101304194984,0.0001991292331986251,0.00028015090288661395,-6.156855017852049e-05,30,695.8094751262739,702.4613759882901,880.6147751088192,625.9346056142148,mom,625.9346056142148,False,0.13261944619582536
fg3,def,2460,66378.0,0.357543161890988,0.22139424205649433,9.775840004059365e-05,6.636793478313325e-05,7.712673808334187e-05,5.989163692199259e-05,-9.932918934209598e-05,30,2264.7081167916162,3335.8615539255784,2870.525158438042,3696.580247837523,mom,3696.580247837523,False,0.007683562515244644
rim,def,2460,64544.0,0.6194998760535448,0.22520165379112445,0.0005775991103736814,0.0005605852547343515,0.000562309412835024,0.0005499704618927346,-0.0001223640313341005,30,389.8926604049456,401.7259674406569,400.49419172215846,409.47954371238114,mom,409.47954371238114,False,0.06358733445814659
mid,def,2460,79053.0,0.40833364957686613,0.23385841056032353,8.511369917001951e-05,7.186986677002846e-05,5.2745025067215926e-05,7.094782257892355e-05,-9.297146259659923e-05,30,2747.6001259583127,3253.9146247290437,4433.752951340998,3296.2027876215016,mom,3296.2027876215016,False,0.01026860825883184
fg2,def,2460,143597.0,0.503248675111597,0.24542914368513297,0.00013058140252741036,0.00011340261200895229,0.00010194960645278031,0.00011330018059537305,-5.420332245203091e-05,30,1879.5107031693499,2164.2283130635315,2407.3574408431646,2166.184929233518,mom,2166.184929233518,False,0.026767409517559817
ft,def,2460,55444.0,0.7708137940985499,0.1673232166598691,-3.0434862883439692e-05,-3.550650029662854e-05,1.431126710368459e-05,9.475820865154641e-07,-0.00011628447058820923,30,1000000.0,1000000.0,11691.712232580017,176579.1260102493,mom,176579.1260102493,False,0.000140655798872866
tov,def,2460,238801.0,0.14362167662614478,0.12153722220211159,8.446242781369925e-05,8.275913791277203e-05,7.159238084204818e-05,8.320797352349034e-05,-1.6815309880678617e-05,30,1438.9501385182662,1468.5655900646473,1697.6278868313516,1460.6439389826091,mom,1460.6439389826091,False,0.06249927751287269
oreb,def,2460,118203.0,0.26297132898488196,0.18849866631355197,0.00017978417496626904,0.00017757028984032462,0.00019010905698115907,0.0001864903072502817,-6.302257893026102e-05,30,1048.47196005387,1061.5439468114537,991.5291217936729,1010.7692410017585,mom,1010.7692410017585,False,0.04619568031105998
rim_share,def,2460,209975.0,0.3073889748779617,0.20803690612035053,0.0003619762283661626,0.00036170053981016197,0.0003442971565041138,0.0003778891077207775,-5.462230403157722e-05,30,574.7253267413672,575.1633830282321,604.2364921996236,550.5236903363436,mom,550.5236903363436,False,0.1349234319027148
mid_share,def,2460,209975.0,0.3764876771044172,0.22644039609496278,0.0004967576733672764,0.0004891172720198262,0.0004537086374027709,0.0005334012571708978,-9.591122358752013e-05,30,455.83673536441717,462.9572682229551,499.0876907065465,424.5216767878988,mom,424.5216767878988,False,0.16820100908249613
thr_share,def,2460,209975.0,0.31612334801762115,0.21039485337737618,0.0004974569739820888,0.0004970934235286955,0.0004645795309044562,0.0005185405525899692,-6.51730183709459e-05,30,422.94080570061834,423.2501244612237,452.8715524073428,405.744261131576,mom,405.744261131576,False,0.17461953663070098
ftr,def,2460,234289.0,0.23664790066968572,0.17535614491079887,0.000498561241380322,0.0004982106062386217,0.00048373741234164247,0.0005196465269946062,-5.8539691120651644e-05,30,351.7243827965968,351.97192254636735,362.5027554969276,337.4527410487611,mom,337.4527410487611,False,0.22085847034525938
fg3,off,2460,71321.0,0.3617588087660016,0.22314250608426467,5.552847558272099e-05,2.5524220926542517e-05,6.144384481755444e-05,2.2046152978168207e-05,-9.433135423323716e-05,30,4018.5238968400704,8742.382646132788,3631.649463780188,10121.607443495357,mom,10121.607443495357,False,0.003007134276409833
rim,off,2460,63668.0,0.642630520826789,0.21904313238218912,0.0005476363088732977,0.0005323500072083797,0.0005619693132844958,0.0005233436884690932,-0.0001227402939239615,30,399.97919939393097,411.46450533708406,389.77774622953297,418.54547443371916,mom,418.54547443371916,False,0.06156873128507975
mid,off,2460,76669.0,0.40042259583403983,0.23162416944145672,0.0003463316658448992,0.00033278905188727546,0.0003033676581861182,0.00032754474789122614,-9.992876482225114e-05,30,668.792929680265,696.0089826510099,763.5097651027575,707.1527506781347,mom,707.1527506781347,False,0.04508993409388628
fg2,off,2460,140337.0,0.5103073316374156,0.2448907847659606,0.00041344167846622804,0.00039612278783286465,0.0003949821657899112,0.0003914775299509403,-5.5998228266608335e-05,30,592.322442368288,618.2193811815919,620.0046634414796,625.5551494785669,mom,625.5551494785669,False,0.08516586267305624
ft,off,2460,52041.0,0.76583847351127,0.1692821869541966,0.0004689410371256782,0.00046488689028160237,0.00038494012968071865,0.00045416729539896294,-0.00011748752346399025,30,360.9882129143419,364.13628883287066,439.76237835895296,372.73090482107654,mom,372.73090482107654,False,0.05902604618315768
tov,off,2460,241064.0,0.14550492815186009,0.12294739116422003,6.591191657075435e-05,6.499005906568434e-05,5.6733609508705674e-05,6.494073377954041e-05,-1.609967291219767e-05,30,1865.3287229516366,1891.7876507845488,2167.0997531957482,1893.2245450382427,mom,1893.2245450382427,False,0.04934618326170795
oreb,off,2460,118309.0,0.25428327515235527,0.18457230644492945,0.0003297443267304635,0.00032863100252110184,0.00031271309496369045,0.0003303734616834041,-5.809703954454944e-05,30,559.743690740738,561.6399701457801,590.2289012436796,558.6777627490084,mom,558.6777627490084,False,0.08057469565323244
rim_share,off,2460,211658.0,0.30080601725424977,0.20537348341866674,0.0005811535539175556,0.0005821015783938907,0.0005090437776273523,0.0005933453393606883,-5.341491419060958e-05,30,353.3893616140592,352.81382329407916,403.44955079484595,346.1280805541516,mom,346.1280805541516,False,0.19990247507580067
mid_share,off,2460,211658.0,0.3622305795197914,0.22243074109406644,0.00273126281207417,0.00273030050584423,0.0024849777799538187,0.002699642071136287,-7.202927771546693e-05,30,81.4387909177984,81.46749437212192,89.51015292305757,82.39267844883034,mom,82.39267844883034,False,0.5116037743730423
thr_share,off,2460,211658.0,0.33696340322595886,0.2175057000903908,0.00211957929548599,0.0021200253475399376,0.0019433681352548833,0.0020990746737712495,-4.657707624398884e-05,30,102.61739230686331,102.59580166943894,111.92202658085867,103.6198010524393,mom,103.6198010524393,False,0.45451478706221016
ftr,off,2460,234386.0,0.2220311793366498,0.16767444697416148,0.00041603004449486603,0.0004151960875657009,0.0003923988934564457,0.00043787306569640836,-5.672269806750046e-05,30,403.03446636347593,403.84399563405947,427.3061157160794,382.9293466760425,mom,382.9293466760425,False,0.19992013662835764
fg3,def,2460,71321.0,0.3617588087660016,0.22314250608426467,4.89805199851711e-05,2.029842042355707e-05,-9.684832974066536e-06,1.686495601769158e-05,-9.416770470750987e-05,30,4555.739835996459,10993.097070021247,1000000.0,13231.134777356372,mom,13231.134777356372,False,0.00230211731440617
rim,def,2460,63668.0,0.642630520826789,0.21904313238218912,0.0005042424707449564,0.0004935374699380326,0.0004953467275657344,0.00048628696163827476,-0.0001227912698010373,30,434.40040276373344,443.82269984423203,442.2016341131905,450.44006864639044,mom,450.44006864639044,False,0.05747198566053845
mid,def,2460,76669.0,0.40042259583403983,0.23162416944145672,0.00018969457564357793,0.00017460714763919372,0.00017837186053195586,0.00017610938785472664,-0.00010145538651275494,30,1221.0373894752868,1326.5446035467137,1298.5465798847827,1315.228973667914,mom,1315.228973667914,False,0.024791029575112627
fg2,def,2460,140337.0,0.5103073316374156,0.2448907847659606,0.00020606410784825406,0.00018919823805709524,0.00016281675327469867,0.0001904402982983672,-5.832680030909754e-05,30,1188.4203771493217,1294.3608105486626,1504.0883683068505,1285.9189307836757,mom,1285.9189307836757,False,0.043362411100386335
ft,def,2460,52041.0,0.76583847351127,0.1692821869541966,3.82132041496871e-05,3.9391120804386984e-05,4.143879709583136e-05,5.660398373502739e-05,-0.00012381294848573489,30,4429.939616973541,4297.470686219816,4085.1134400140677,2990.6408663148964,mom,2990.6408663148964,False,0.0077944417825557884
tov,def,2460,241064.0,0.14550492815186009,0.12294739116422003,7.029643816559915e-05,6.872723967767069e-05,6.144895871680175e-05,6.858901778753276e-05,-1.605497605597461e-05,30,1748.9846480498722,1788.9179274599228,2000.8051191045327,1792.522988812472,mom,1792.522988812472,False,0.05197390575698467
oreb,def,2460,118309.0,0.25428327515235527,0.18457230644492945,0.00014358214768259,0.00014087066106562926,0.0001554465815285247,0.0001492310214822632,-6.023874251683492e-05,30,1285.4822791267504,1310.2253162490686,1187.3680632279465,1236.8226432522727,mom,1236.8226432522727,False,0.03810751511828362
rim_share,def,2460,211658.0,0.30080601725424977,0.20537348341866674,0.0003083802900599013,0.0003087347421729126,0.00025656577882846455,0.0003284367133794043,-5.678278491344744e-05,30,665.9747397564676,665.2101476277766,800.4710696666054,625.306109373415,mom,625.306109373415,False,0.12154967868717151
mid_share,def,2460,211658.0,0.3622305795197914,0.22243074109406644,0.0007769325667230288,0.0007747044805378392,0.0006852523952092251,0.0008094779598629451,-9.536791738910688e-05,30,286.29349652858804,287.1168899651177,324.5968093641652,274.78294916359033,mom,274.78294916359033,False,0.23933512951731079
thr_share,def,2460,211658.0,0.33696340322595886,0.2175057000903908,0.0004999554510045314,0.000500119682014315,0.00044601499878885496,0.0005218294872332957,-6.606278786032715e-05,30,435.0501622761973,434.9072990176082,487.6645419571613,416.8137397593056,mom,416.8137397593056,False,0.1718523746911329
ftr,def,2460,234386.0,0.2220311793366498,0.16767444697416148,0.0003515134544585771,0.00035080936418955514,0.00033383581702658337,0.00037595072727749046,-5.764630683051881e-05,30,477.00719516532905,477.9645701919201,502.26619919818114,446.00112410582045,mom,446.00112410582045,False,0.17666033744672852
fg3,off,2460,78665.0,0.3550117587237018,0.22193828955068007,0.00015181201048411393,0.00012216201845116457,0.00010861999202355828,0.00011525969199003488,-8.400111758436916e-05,30,1461.92839975533,1816.7536224804767,2043.2545189521327,1925.5499101096714,mom,1925.5499101096714,False,0.017155355069085634
rim,off,2460,68764.0,0.6416002559478797,0.2200013197471984,0.0004927292261289406,0.00047943869100501606,0.0004962763394868335,0.00047426050791661654,-0.00011473089009498012,30,446.4953732816064,458.87268565251577,443.3040671950776,463.88285778557497,mom,463.88285778557497,False,0.06014076561167568
mid,off,2460,71824.0,0.402706616172867,0.23141655186349797,0.00033996400659049887,0.0003286959780891704,0.0003287460818041784,0.00032424727668009035,-0.0001080646892737272,30,680.7089791192191,704.0443671042365,703.9370647201936,713.70391829634,mom,713.70391829634,False,0.04225239867208381
fg2,off,2460,140588.0,0.519553589211028,0.24474059144095833,0.0003355116660984368,0.00032019601779964416,0.0003157995457283964,0.00031653192466564494,-5.541796974221145e-05,30,729.4547885233687,764.3461437240595,774.987154830956,773.1940204751216,mom,773.1940204751216,False,0.07016870479217857
ft,off,2460,55267.0,0.7651401378761286,0.16996752790242764,0.00088979804238826,0.0008946312919653321,0.0008733640615573112,0.0008620204974183705,-0.00010870797524922402,30,191.01809602348277,189.98611990090555,194.6124593212085,197.17341804685196,mom,197.17341804685196,False,0.11100107667365748
tov,off,2460,247510.0,0.13987717667973013,0.11890889689392296,6.161902498416566e-05,5.999737099277406e-05,4.964365473100404e-05,6.115171231382702e-05,-1.640743286003045e-05,30,1929.7432395997691,1981.9017888007804,2395.2486483566768,1944.4900624154143,mom,1944.4900624154143,False,0.04933914164626737
oreb,off,2460,122727.0,0.2592583539074531,0.18724740984337737,0.00026544782590179756,0.0002621264007541922,0.00018683214107699696,0.0002648192031400991,-5.590825465940532e-05,30,705.4019342868891,714.3401401180026,1002.222683763011,707.0764039128862,mom,707.0764039128862,False,0.06700729977454703
rim_share,off,2460,219253.0,0.31362854784199073,0.20990383020778344,0.0009348029045520945,0.0009352510927255419,0.0008677021347223154,0.0009404609512404677,-5.4108229238854384e-05,30,224.5434082260984,224.43580321951217,241.90770289502342,223.19249930677117,mom,223.19249930677117,False,0.28633722798279115
mid_share,off,2460,219253.0,0.3275850273428414,0.2120342992123423,0.002972173504771986,0.0029726712602554306,0.0028936532343763286,0.002935065124228694,-6.424762836315152e-05,30,71.33981205064566,71.32786663874934,73.27564225505486,72.24176985444669,mom,72.24176985444669,False,0.5530520282783226
thr_share,off,2460,219253.0,0.35878642481516787,0.22398985089075565,0.002191113671964123,0.0021895474408315176,0.0020695870465009436,0.002168669389000269,-4.743929502328381e-05,30,102.226485899278,102.29961073859707,108.22924856891422,103.28446190408596,mom,103.28446190408596,False,0.46409440143740865
ftr,off,2460,243394.0,0.22706804604879333,0.17043780126169739,0.0003285438422312378,0.00032974654669224357,0.00031462511339235916,0.000356249554720697,-5.791237915439204e-05,30,518.767297856518,516.8751666132505,541.7170912518662,478.42249626198753,mom,478.42249626198753,False,0.1720133931151832
fg3,def,2460,78665.0,0.3550117587237018,0.22193828955068007,6.792152688776114e-05,3.800097607557663e-05,4.138860260452947e-05,3.39874211101588e-05,-8.429539315184846e-05,30,3267.569204052617,5840.331288051326,5362.30448926516,6530.012642952277,mom,6530.012642952277,False,0.005123702462630875
rim,def,2460,68764.0,0.6416002559478797,0.2200013197471984,0.0004201134278992176,0.0004143002711438559,0.0003821309468586739,0.00041270772122165114,-0.00011640784921460865,30,523.6712400441893,531.0190098109016,575.7223317183023,533.0680974321855,mom,533.0680974321855,False,0.05276720271898748
mid,def,2460,71824.0,0.402706616172867,0.23141655186349797,9.797225540719206e-05,8.305406597302958e-05,8.463232280785331e-05,8.965651975778576e-05,-0.0001103729185165361,30,2362.0621052530128,2786.336215479765,2734.375522091,2581.1458273050107,mom,2581.1458273050107,False,0.012076515189174613
fg2,def,2460,140588.0,0.519553589211028,0.24474059144095833,0.0002499367134659599,0.00023473287757302556,0.00020495359992132533,0.000233414303800818,-5.6274457203058335e-05,30,979.2102490548702,1042.634478695126,1194.1268244856683,1048.52439398832,mom,1048.52439398832,False,0.052732491863722614
ft,def,2460,55267.0,0.7651401378761286,0.16996752790242764,1.146890444482419e-05,7.454566401932751e-06,-1.1624779039097847e-05,2.874024149405873e-05,-0.00012030880258886309,30,14819.857356046978,22800.457966054208,1000000.0,5913.921354403506,mom,5913.921354403506,False,0.004184652628768871
tov,def,2460,247510.0,0.13987717667973013,0.11890889689392296,0.00011332465237101364,0.00011189831134720467,9.905056859860037e-05,0.0001118879481788775,-1.5756486350636663e-05,30,1049.2765202105104,1062.6513971686798,1200.4867672774087,1062.7498209531998,mom,1062.7498209531998,False,0.08671483985197484
oreb,def,2460,122727.0,0.2592583539074531,0.18724740984337737,0.00022172174141533535,0.00021747507663205992,0.00022165186188833995,0.00022182616859521187,-5.654722851757697e-05,30,844.515331009512,861.0062943450578,844.781578860392,844.1177658577615,mom,844.1177658577615,False,0.05675617157199428
rim_share,def,2460,219253.0,0.31362854784199073,0.20990383020778344,0.0004913344766814712,0.0004891433451763219,0.0004673008967014228,0.0005078683646802688,-5.980618087335369e-05,30,427.2116860707552,429.1253929502388,449.1834526521343,413.3036133091879,mom,413.3036133091879,False,0.17818834359042332
mid_share,def,2460,219253.0,0.3275850273428414,0.2120342992123423,0.0007715656115002215,0.0007680460119062555,0.0007690450663601082,0.0008011613580860382,-9.113363561199966e-05,30,274.81045818004475,276.0697873895377,275.71114943354496,264.65866965786876,mom,264.65866965786876,False,0.2528585002585031
thr_share,def,2460,219253.0,0.35878642481516787,0.22398985089075565,0.00034290836900465854,0.0003384910376253015,0.0003091395924278096,0.00036758664555069985,-6.985002743325527e-05,30,653.2061364991436,661.7305216178429,724.5589254086302,609.352525729506,mom,609.352525729506,False,0.12824650735693555
ftr,def,2460,243394.0,0.22706804604879333,0.17043780126169739,0.00024351413505281842,0.0002436541518021675,0.00024337570369732593,0.00027327622603941297,-5.887532803960552e-05,30,699.9092731299942,699.5070677067001,700.3073793827106,623.6832370376637,mom,623.6832370376637,False,0.13748002964269748
fg3,off,2118,72236.0,0.3579517138269007,0.22284887203942577,0.00012883754071442145,9.485081438621966e-05,0.00011958220175797484,9.388965130915679e-05,-9.718776060131886e-05,30,1729.6889618018076,2349.4671446047405,1863.5622087846712,2373.519008028225,mom,2373.519008028225,False,0.014751790430195815
rim,off,2118,57346.0,0.6488508352805775,0.21755018758965095,0.0004499617412965311,0.00043375583649880634,0.00037156877146461904,0.00043368374903216076,-0.00013821210356922624,30,483.4859669686502,501.5498796412152,585.4910431038907,501.6332479027662,mom,501.6332479027662,False,0.05420793340807502
mid,off,2118,58486.0,0.40120712649181,0.23080119086418072,0.00040422413336434725,0.0003888294949401091,0.00037383826381351404,0.00038220820727424755,-0.00013095727614864357,30,570.9733086523762,593.5794322900599,617.3824704560309,603.8624667695137,mom,603.8624667695137,False,0.047262721878481156
fg2,off,2118,115832.0,0.5238103460183714,0.244279671340555,0.00021729999057187532,0.00020073074968398894,0.0001720558252790916,0.00020237268777746064,-7.028460809939098e-05,30,1124.1586835677092,1216.9519205459317,1419.7698389130921,1207.0782575619958,mom,1207.0782575619958,False,0.04423168239368566
ft,off,2118,47756.0,0.7717564285116006,0.16679527314461978,0.0007356317700582021,0.0007314581640077682,0.0006919743435168466,0.0007073140886493103,-0.00012224274909790643,30,226.73745198827285,228.03118667884385,241.04256856823628,235.8150018800455,mom,235.8150018800455,False,0.09483522136805399
tov,off,2118,213800.0,0.14403648269410665,0.12175118956200613,7.144010007516816e-05,7.087462805191921e-05,6.771587037145789e-05,7.35419661811511e-05,-2.0855998176861197e-05,30,1704.2415874824003,1717.8388502133273,1797.9712716403928,1655.5335121460369,mom,1655.5335121460369,False,0.057623085886781306
oreb,off,2118,105282.0,0.25487737694952606,0.185197577452336,0.00021995127451112444,0.0002185959661118988,0.00018062733739339135,0.00022339299590137752,-6.428466314439374e-05,30,841.9936545672041,847.2140668759357,1025.3020396851173,829.0214145035064,mom,829.0214145035064,False,0.05754912027554008
rim_share,off,2118,188068.0,0.304921624093413,0.20662063126644406,0.0006063088946425101,0.0006043548149393044,0.000499237154092732,0.0006239428366260071,-6.739427224706781e-05,30,340.7844303327779,341.8862995030412,413.87270473075574,331.1531427842852,mom,331.1531427842852,False,0.21224503549422125
mid_share,off,2118,188068.0,0.31098326137354576,0.20642212032856092,0.0026799058402033494,0.002679171693805836,0.0025668924967991473,0.0026531902231523665,-7.348997342872162e-05,30,77.02588547398283,77.04699210050727,80.41712716288832,77.80147783120584,mom,77.80147783120584,False,0.5337043433095234
thr_share,off,2118,188068.0,0.38409511453304124,0.23086641864612967,0.0016763278887754608,0.001675383654130185,0.0015673278581893383,0.0016659291489127873,-5.6771447939627105e-05,30,137.72151629283877,137.79913518733082,147.2993780081463,138.5811748337538,mom,138.5811748337538,False,0.39140532736883604
ftr,off,2118,208802.0,0.22871428434593538,0.17131006262001275,0.00018266834950067144,0.0001810866654471888,0.00018740144178789063,0.00021883830422202288,-6.92227255402894e-05,30,937.8201702062407,946.0114702370107,914.134176266953,782.8157105723583,mom,782.8157105723583,False,0.11229306417367027
fg3,def,2118,72236.0,0.3579517138269007,0.22284887203942577,0.00010935352368187003,7.610000586696195e-05,7.134977070856543e-05,7.560644924440027e-05,-9.721391552122302e-05,30,2037.8755483703942,2928.3686578028683,3123.329897578397,2947.4849601660258,mom,2947.4849601660258,False,0.011914706926505992
rim,def,2118,57346.0,0.6488508352805775,0.21755018758965095,0.0005307152447326561,0.0005101935330640054,0.0005155331098883092,0.0005070467856697563,-0.00013816174102163496,30,409.9188590281409,426.4071837271967,421.9907187664114,429.05347935948294,mom,429.05347935948294,False,0.06277333809306103
mid,def,2118,58486.0,0.40120712649181,0.23080119086418072,0.00010799606861503262,8.728729984209548e-05,5.0371859434269224e-05,9.456074314630337e-05,-0.00013412680639433882,30,2137.125858598654,2644.1554645601914,4581.947012802965,2440.771753528709,mom,2440.771753528709,False,0.012155567224351701
fg2,def,2118,115832.0,0.5238103460183714,0.244279671340555,0.00042105261801208014,0.0004006735620810239,0.0003600669657404429,0.0003958220514594874,-6.729194069672106e-05,30,580.1642381274697,609.6725475766652,678.4284441040502,617.1451803653672,mom,617.1451803653672,False,0.08294223567637721
ft,def,2118,47756.0,0.7717564285116006,0.16679527314461978,3.11807652525965e-05,2.8398359357675536e-05,1.3523690327629666e-05,4.819609657978284e-05,-0.00013311287247715588,30,5349.300178921372,5873.412299768585,12333.562001478811,3460.7631111476067,mom,3460.7631111476067,False,0.007141327303335976
tov,def,2118,213800.0,0.14403648269410665,0.12175118956200613,0.0001485653579274072,0.00014692187309775005,0.00013860417690508486,0.0001477439245089577,-1.976930274734494e-05,30,819.5126458854348,828.6798078118882,878.4092390331099,824.0690097183953,mom,824.0690097183953,False,0.10938717200391543
oreb,def,2118,105282.0,0.25487737694952606,0.185197577452336,0.0001924444661552088,0.000189759094994354,0.00020748025704477876,0.00019569854442800236,-6.476102420911645e-05,30,962.3429613349957,975.9615340589935,892.6033738832622,946.3411084310355,mom,946.3411084310355,False,0.050783085082792695
rim_share,def,2118,188068.0,0.304921624093413,0.20662063126644406,0.0006265404501255204,0.0006272469748072688,0.0006232226836086976,0.0006458661694699652,-6.687631076057597e-05,30,329.78019412002834,329.40873302726,331.53580044620907,319.91245405531737,mom,319.91245405531737,False,0.21807028179559484
mid_share,def,2118,188068.0,0.31098326137354576,0.20642212032856092,0.000641707006909237,0.0006420531117087095,0.0006124147621182378,0.0006869036037844894,-0.00010259304850058545,30,321.67658776672397,321.50318496114033,337.0626136028827,300.51104578761857,mom,300.51104578761857,False,0.22891454573729167
thr_share,def,2118,188068.0,0.38409511453304124,0.23086641864612967,0.0004755484625226967,0.00047415286264972556,0.00046118620862077635,0.0004993904361037982,-7.409678321847147e-05,30,485.47400915024724,486.9029311685909,500.59263336724416,462.2964357253813,mom,462.2964357253813,False,0.16181775261457823
ftr,def,2118,208802.0,0.22871428434593538,0.17131006262001275,0.00038231835856703265,0.00038020615684385004,0.0003768878259992464,0.00041018052070906057,-6.641946729932603e-05,30,448.08222985184375,450.5715111035655,454.5385942509995,417.64553402944824,mom,417.64553402944824,False,0.19159704875458727
fg3,off,2160,74792.0,0.36652315755695797,0.22513910123057498,0.00027269192423497613,0.00023384291786214976,0.00024011906152486952,0.00022967344827956544,-9.562650677507283e-05,30,825.6170470108043,962.7792164451794,937.614447602932,980.2574172898248,mom,980.2574172898248,False,0.035433787097590715
rim,off,2160,53649.0,0.6560420511099927,0.21418635288801136,0.0006440412705093839,0.0006300693582705491,0.0005640238542439513,0.0006293148860112878,-0.00015592859861242455,30,332.5661920991608,339.9409129749183,379.74697572874567,340.34846092003863,mom,340.34846092003863,False,0.07386746905376972
mid,off,2160,62456.0,0.4220731394902011,0.2343469121214263,0.000563740108888974,0.0005521364068679938,0.0005443910137122271,0.0005430606902140434,-0.00012850396961528693,30,415.70026405124895,424.4366232807658,430.4753499206463,431.52987565544504,mom,431.52987565544504,False,0.0681282307295403
fg2,off,2160,116105.0,0.5301838852762586,0.24409336060825162,0.0003777509657641758,0.0003653597008486192,0.00036166709392376203,0.0003591383856429633,-6.470392842620711e-05,30,646.1753449510315,668.0905421186221,674.9117204998073,679.6638019387784,mom,679.6638019387784,False,0.07494136080524172
ft,off,2160,46069.0,0.7760750179079208,0.1641806186695123,0.0007702249922316074,0.0007646736808620508,0.0007125356227162592,0.0007356493667701405,-0.00012218050721332212,30,213.15929803033842,214.70677333163104,230.41741835115397,223.17781552690693,mom,223.17781552690693,False,0.09474269995315304
tov,off,2160,215281.0,0.1387535360761052,0.11805568608082168,0.0001037688472554889,0.00010270375638130814,9.119165634100763e-05,0.00010359855038196425,-1.8662448987862997e-05,30,1137.6794597145056,1149.4777819276292,1294.5886807819024,1139.5495945218777,mom,1139.5495945218777,False,0.080619076461208
oreb,off,2160,105456.0,0.2522947959338492,0.1842619338087005,0.00029325492337597655,0.0002907279730005512,0.00020445468715008932,0.00028771373276106037,-5.68113954297829e-05,30,628.3336412137975,633.794993673867,901.2360458796164,640.4349630461533,mom,640.4349630461533,False,0.07197640990389338
rim_share,off,2160,190897.0,0.28103637039869667,0.19505275315261492,0.0010655444304218116,0.001064736015848433,0.0009652406622849484,0.0010834606042879663,-8.292016135424375e-05,30,183.0545471251728,183.19353365461905,202.07680920826505,180.02754542312186,mom,180.02754542312186,False,0.33014089922972795
mid_share,off,2160,190897.0,0.32717119703295494,0.21070344708454894,0.002443384918203057,0.0024404532667692803,0.002137038441138844,0.002424523251995442,-9.753018691191171e-05,30,86.2342423065732,86.33783320238797,98.59600231255712,86.90510470919793,mom,86.90510470919793,False,0.5049298329612731
thr_share,off,2160,190897.0,0.3917924325683484,0.23205834554788835,0.0017231141304474803,0.0017205668617634128,0.0014558338716221257,0.0017133166203323416,-6.269981572696593e-05,30,134.67381031088433,134.87319249543793,159.39891911521696,135.44393534387982,mom,135.44393534387982,False,0.39570812499251934
ftr,off,2160,210875.0,0.2184659158269117,0.16612413704154894,0.000256378527472028,0.0002577142111609391,0.00018936767715601845,0.00028661663856704447,-6.057624177901804e-05,30,647.9643154190196,644.6060397414662,877.2570880968278,579.603954160148,mom,579.603954160148,False,0.14467149703745832
fg3,def,2160,74792.0,0.36652315755695797,0.22513910123057498,9.437670452859007e-05,5.709056924822161e-05,4.7430723737932125e-05,6.000019232843027e-05,-9.766717519824514e-05,30,2385.5367948599255,3943.5427636340855,4746.693355862138,3752.306325923157,mom,3752.306325923157,False,0.009514794205628417
rim,def,2160,53649.0,0.6560420511099927,0.21418635288801136,0.00027973080139069724,0.0002599464393735896,0.00023276995747044765,0.00028072854076219885,-0.00016108763623146465,30,765.6874102643397,823.9634034001413,920.1632170045154,762.9660750078332,mom,762.9660750078332,False,0.03445795810439926
mid,def,2160,62456.0,0.4220731394902011,0.2343469121214263,0.00017892661070057392,0.00016305674213675298,0.00013043665318461127,0.0001724707276709703,-0.00013297176966499012,30,1309.7376136722105,1437.2108080319883,1796.6338939235695,1358.7633987867193,mom,1358.7633987867193,False,0.02277948670209684
fg2,def,2160,116105.0,0.5301838852762586,0.24409336060825162,0.00011372753398630593,9.81429527502809e-05,8.065121716721975e-05,0.00010030801940092478,-6.849644379129751e-05,30,2146.299599159894,2487.120610986029,3026.530400677723,2433.438144487989,mom,2433.438144487989,False,0.022155151107169393
ft,def,2160,46069.0,0.7760750179079208,0.1641806186695123,1.3803124129925038e-05,1.3728823820951848e-05,2.3068001693118065e-05,3.228214338186341e-05,-0.00013359366396351787,30,11894.453539946826,11958.826248389378,7117.244954880193,5085.802907428738,mom,5085.802907428738,False,0.004607610861777432
tov,def,2160,215281.0,0.1387535360761052,0.11805568608082168,0.00010204991844732501,0.00010126869647502896,8.563169296573809e-05,0.00010219710531577595,-1.8711371654751277e-05,30,1156.8425323314525,1165.7668182776708,1378.6447749906881,1155.1764183148314,mom,1155.1764183148314,False,0.07961552804963291
oreb,def,2160,105456.0,0.2522947959338492,0.1842619338087005,0.00014308830848726854,0.00013977172333184168,0.000138937106263209,0.00014201115944498032,-5.904340056213755e-05,30,1287.749752280393,1318.3062311625904,1326.2255042193408,1297.5172833518727,mom,1297.5172833518727,False,0.036892894873710946
rim_share,def,2160,190897.0,0.28103637039869667,0.19505275315261492,0.0008064519558509254,0.0008091735243502241,0.0008258112816571377,0.0008375763333928836,-8.623549338351905e-05,30,241.86531105477394,241.05182298104054,236.19531179231018,232.87758425848588,mom,232.87758425848588,False,0.2759515699536297
mid_share,def,2160,190897.0,0.32717119703295494,0.21070344708454894,0.0010629667398241148,0.0010625557752967744,0.0010182829756022126,0.0011020924160456175,-0.00011716918126438108,30,198.22205078534563,198.29871709623802,206.92032778014274,191.1849169968588,mom,191.1849169968588,False,0.3169980730390498
thr_share,def,2160,190897.0,0.3917924325683484,0.23205834554788835,0.000668743661482004,0.0006691464221040272,0.0005961179049654688,0.0006931118890472216,-7.774361077461605e-05,30,347.00642251116585,346.79755862433944,389.2826295182842,334.80647095360706,mom,334.80647095360706,False,0.2096091276553778
ftr,def,2160,210875.0,0.2184659158269117,0.16612413704154894,0.0002382331882021038,0.00023995213687819547,0.00022981017166986373,0.0002694640858560905,-6.071897778853296e-05,30,697.3173565583081,692.3219738854707,722.8754751560621,616.4982487880367,mom,616.4982487880367,False,0.1372058450074842
fg3,off,2460,86492.0,0.35359339592101,0.2220406828683905,0.00013889918063332338,0.0001098851872231964,8.92072877727191e-05,0.00010608568875309969,-7.836929819723853e-05,30,1598.5744613897355,2020.6607321638928,2489.0419652047062,2093.031449182185,mom,2093.031449182185,False,0.017072760070968383
rim,off,2459,58214.0,0.6685676984917718,0.20984398796631343,0.000690129566427607,0.0006796781306341066,0.0007035523796658935,0.000667646841931453,-0.00013641249000181325,30,304.06462521603265,308.740238222082,298.2634897290308,314.30387262710667,mom,314.30387262710667,False,0.07649976690108398
mid,off,2460,71930.0,0.4225357986931739,0.2340290873010205,0.0005649537828165864,0.0005516689767664843,0.0005112686658839701,0.0005457338705099675,-0.00011726325492356607,30,414.24465933171496,424.22013409697786,457.7418936800877,428.83372271237124,mom,428.83372271237124,False,0.0687880627953911
fg2,off,2460,130144.0,0.5325869805753627,0.2435383513512163,0.00031281300005661053,0.000296137838382592,0.00027190130152075016,0.00029489070197095,-6.213741218098728e-05,30,778.5429355785807,822.3817418312469,895.6865965300672,825.8597158997827,mom,825.8597158997827,False,0.06145894245980189
ft,off,2460,52299.0,0.7735520755654984,0.16525661482070644,0.0006429913211586409,0.000641521789129158,0.0006053592934485891,0.0006200301392248945,-0.00011260129853030578,30,257.01220122679354,257.60093830177794,272.98930834823483,266.52997066770865,mom,266.52997066770865,False,0.08037478524026115
tov,off,2460,242701.0,0.13943494258367292,0.1186624739381084,6.579048982179636e-05,6.421005315285897e-05,5.984040023076727e-05,6.416480662300098e-05,-1.5452408842292473e-05,30,1803.6417460870703,1848.035753149426,1982.982625124513,1849.3389161960288,mom,1849.3389161960288,False,0.05076146423942469
oreb,off,2460,120681.0,0.2629825738931563,0.1885585716878497,0.00045602616110420436,0.0004520700677452908,0.00042279271491867327,0.00045218927367841655,-5.954498978544517e-05,30,413.4819178603288,417.1003239128165,445.98349270072,416.99036811286,mom,416.99036811286,False,0.10689824892948072
rim_share,off,2460,216636.0,0.2687180339371111,0.18963972878405036,0.0006758485534925781,0.0006785225119313556,0.0006271515167395785,0.0007046631166405588,-7.60058155454676e-05,30,280.5950057953818,279.48922172715726,302.3826359696062,269.1211222862734,mom,269.1211222862734,False,0.24739708957481168
mid_share,off,2460,216636.0,0.3320316106279658,0.21282891415786914,0.0019298499588762438,0.0019268011168828392,0.0017928825740546027,0.0019197539573064695,-8.619165044939868e-05,30,110.28262232458731,110.45712621455283,118.70767067391185,110.86259952628562,mom,110.86259952628562,False,0.4435260446989429
thr_share,off,2460,216636.0,0.3992503554349231,0.2346007351173466,0.0012460217557692,0.0012459818255268387,0.0012043879897260254,0.0012408448965360757,-4.8842426468128353e-05,30,188.27980653718345,188.28584037985493,194.78833824199265,189.06531813303545,mom,189.06531813303545,False,0.3186664184837238
ftr,off,2460,239335.0,0.21851797689431132,0.1661268755719342,0.00013658591807929121,0.00013449225956035658,0.00010137890275740247,0.0001639458636389479,-5.5228342793237366e-05,30,1216.2811357719454,1235.2151426036592,1638.67304787735,1013.3032446478153,mom,1013.3032446478153,False,0.08796000685929621
fg3,def,2460,86492.0,0.35359339592101,0.2220406828683905,5.11951716894544e-05,2.521440760405029e-05,-4.893478358020267e-06,2.501323955914964e-05,-7.973111290792297e-05,30,4337.141092430954,8806.103492700071,1000000.0,8876.926251128867,mom,8876.926251128867,False,0.00408038043063476
rim,def,2459,58214.0,0.6685676984917718,0.20984398796631343,0.00029760153727183584,0.000285384018969721,0.00034907358958069333,0.0002968149181847483,-0.00014148987546078399,30,705.1172849777226,735.303920394287,601.1454152643794,706.9859872599092,mom,706.9859872599092,False,0.035628735584526026
mid,def,2460,71930.0,0.4225357986931739,0.2340290873010205,6.975024139729265e-05,5.087684751680628e-05,2.4615238076986582e-05,7.013000692332592e-05,-0.00012352712655862427,30,3355.2441197731014,4599.913295015244,9507.488270845543,3337.074920823659,mom,3337.074920823659,False,0.009446468672141778
fg2,def,2460,130144.0,0.5325869805753627,0.2435383513512163,0.00020859211003579738,0.00019130579750494886,0.0001941285915300486,0.000193276304566564,-6.339607344107297e-05,30,1167.5338597870343,1273.0317351982824,1254.5207763150113,1260.0528134960389,mom,1260.0528134960389,False,0.0411708276384917
ft,def,2460,52299.0,0.7735520755654984,0.16525661482070644,7.404431132070385e-05,6.83887610117485e-05,8.198031553493553e-05,8.439532465664739e-05,-0.0001213912400072101,30,2231.8610555365963,2416.4294304486234,2015.8084747829876,1958.1252337500196,mom,1958.1252337500196,False,0.011825189853498909
tov,def,2460,242701.0,0.13943494258367292,0.1186624739381084,8.283770018230164e-05,8.098124386412765e-05,6.317886333255639e-05,8.057992816883038e-05,-1.525049899589879e-05,30,1432.4694393611467,1465.308116743715,1878.1989367789247,1472.605854022205,mom,1472.605854022205,False,0.06292856611661096
oreb,def,2460,120681.0,0.2629825738931563,0.1885585716878497,0.00010710708619929263,0.0001062431913729083,9.388762390011029e-05,0.00011896591105367992,-6.40912139731385e-05,30,1760.4677559522202,1774.782640197794,2008.3432070712804,1584.9798485783722,mom,1584.9798485783722,False,0.03057107566662216
rim_share,def,2460,216636.0,0.2687180339371111,0.18963972878405036,0.000831906564427175,0.0008316560296145943,0.0008497476559049648,0.0008518659252971234,-7.405653870829216e-05,30,227.9579665471571,228.0266384552435,223.17181749926422,222.6168733276961,mom,222.6168733276961,False,0.28433515594822717
mid_share,def,2460,216636.0,0.3320316106279658,0.21282891415786914,0.0010362291485600805,0.0010346217688614074,0.0009538730768177186,0.0010620705421560772,-9.703707295541342e-05,30,205.3878859262077,205.70697482238904,223.12078968399265,200.39056325374736,mom,200.39056325374736,False,0.3061868600869589
thr_share,def,2460,216636.0,0.3992503554349231,0.2346007351173466,0.0005649689045718245,0.000565532779836293,0.0005035296013837402,0.000578183569354385,-5.722476621117141e-05,30,415.2453935409853,414.83136518674905,465.9124994293181,405.7547594777,mom,405.7547594777,False,0.17906213254765768
ftr,def,2460,239335.0,0.21851797689431132,0.1661268755719342,0.0002008116630764533,0.00020068541544886938,0.00017908869849749394,0.00022772062415488096,-5.44301968914394e-05,30,827.2770267765083,827.7974520488261,927.623445620489,729.5205526002131,mom,729.5205526002131,False,0.11811867557627097
fg3,off,2460,84130.0,0.3607036728871984,0.22362362189922325,0.0001858794462858588,0.0001566982424041395,0.000129494921963969,0.00015353453927096885,-8.348561598291674e-05,30,1203.0572845333247,1427.0971931036527,1726.8910510749206,1456.5036828915488,mom,1456.5036828915488,False,0.023859122290291662
rim,off,2460,59906.0,0.681734717724435,0.20561875388880135,0.00041915099058129773,0.00041388904712613694,0.0004155961431190413,0.00042020154854180685,-0.00013678174607006008,30,490.56010485300266,496.7967993270837,494.75616483260995,489.3336414450264,mom,489.3336414450264,False,0.052036819265045324
mid,off,2460,73089.0,0.4382054755161515,0.23692339884772023,0.000289023895562439,0.00027267763188586316,0.00019952334156653692,0.0002718239716401954,-0.0001100739836461152,30,819.7363695021428,868.8772790387557,1187.4470274381965,871.6059787446858,mom,871.6059787446858,False,0.0353977834363899
fg2,off,2460,132995.0,0.5479002970036467,0.24256129004762617,0.00024246215727290407,0.0002269315407061061,0.00020325575707386226,0.0002264628921519135,-5.981456217406823e-05,30,1000.4088587507308,1068.874292629784,1193.3796785863262,1071.0862505673279,mom,1071.0862505673279,False,0.04915492590910063
ft,off,2460,56433.0,0.7810323746743927,0.16225305012911126,0.000578313860758133,0.0005789207661858917,0.0005120101300497205,0.0005612106830306271,-0.00010053864548413376,30,280.56227100697146,280.268146534256,316.894218701015,289.1125472753279,mom,289.1125472753279,False,0.07890007363876995
tov,off,2460,245589.0,0.141134171318748,0.1197719130233237,8.208266321933591e-05,8.127716609595496e-05,7.781939031808393e-05,8.213637116776783e-05,-1.657790453867665e-05,30,1459.1621217659208,1473.6231438227344,1539.101148618106,1458.2079938579623,mom,1458.2079938579623,False,0.06423588566951186
oreb,off,2460,118358.0,0.2691157336217239,0.191075810080387,0.0005792540115175697,0.0005749199522699748,0.0004658448481582405,0.0005724876719232779,-6.211369026686626e-05,30,329.86532036229386,332.3520245313391,410.17049096028944,333.76406069752727,mom,333.76406069752727,False,0.12806432011329053
rim_share,off,2460,217125.0,0.2759055843408175,0.19254042010625907,0.0008634300416720428,0.0008640135567241667,0.0007742407338697263,0.0008859298312081562,-7.833450042796431e-05,30,222.99481233407423,222.84421188512314,248.68288593384176,217.33145597286045,mom,217.33145597286045,False,0.289813464371476
mid_share,off,2460,217125.0,0.3366217616580311,0.21530358675954608,0.0013209045060063299,0.0013206253503197697,0.001243817671548862,0.0013311665116179903,-8.192532279202584e-05,30,162.9970870570369,163.03154161580613,173.09899327241396,161.7405372509345,mom,161.7405372509345,False,0.35404681492601214
thr_share,off,2460,217125.0,0.3874726540011514,0.2314354347506689,0.0016915439212699774,0.0016918436047788656,0.0015600816166057632,0.0016805926932646263,-5.149758722879014e-05,30,136.81905142428215,136.7948160793024,148.3482865814406,137.71060393050695,mom,137.71060393050695,False,0.3915707598601886
ftr,off,2460,241622.0,0.23355903022075805,0.17459297583425198,0.00020489818026470422,0.00020242007399156716,0.00016730331182341352,0.00022628147386064584,-5.1463638170345336e-05,30,852.0962734207717,862.5279716157279,1043.5715463811775,771.5743266802923,mom,771.5743266802923,False,0.11341647944836958
fg3,def,2460,84130.0,0.3607036728871984,0.22362362189922325,7.49011695556564e-05,4.3389559284987166e-05,5.97493903983376e-05,4.485166689163588e-05,-8.511580246770893e-05,30,2985.5825112724906,5153.857876970815,3742.692944787686,4985.848629427984,mom,4985.848629427984,False,0.007094330566200714
rim,def,2460,59906.0,0.681734717724435,0.20561875388880135,0.00047387483305790954,0.0004685233934185503,0.00046754933642185895,0.00047173481880612985,-0.00013600734612638865,30,433.90941983971925,438.86550122613426,439.7798004856461,435.877840031361,mom,435.877840031361,False,0.05802163547117859
mid,def,2460,73089.0,0.4382054755161515,0.23692339884772023,0.00021885725069330345,0.00020057709680812482,0.00015217289757263157,0.0002033726477275236,-0.00011132886759421868,30,1082.5476336616048,1181.2086355720107,1556.9355820055773,1164.9717968226855,mom,1164.9717968226855,False,0.026738090919378003
fg2,def,2460,132995.0,0.5479002970036467,0.24256129004762617,0.00023659836575402323,0.00022153384311709084,0.00020348392931083113,0.0002211519345224815,-5.991709074789852e-05,30,1025.2027281532546,1094.917537811238,1192.0415084824833,1096.8083574370373,mom,1096.8083574370373,False,0.048058762212032625
ft,def,2460,56433.0,0.7810323746743927,0.16225305012911126,-3.724190848689914e-06,-5.221720649328055e-06,-3.705849343953058e-05,1.1653155346705118e-05,-0.00010831516342779298,30,1000000.0,1000000.0,1000000.0,13923.529319034405,mom,13923.529319034405,False,0.0017854754325751392
tov,def,2460,245589.0,0.141134171318748,0.1197719130233237,0.00014980018748161474,0.00014869678832630942,0.00012847173999950502,0.0001480905907355016,-1.5778456825734363e-05,30,799.5444801297297,805.4774711104641,932.2821736810381,808.7746319902477,mom,808.7746319902477,False,0.11012236166175288
oreb,def,2460,118358.0,0.2691157336217239,0.191075810080387,0.0001665261748208182,0.00016419964397053376,0.00016783289088831687,0.0001766425378946528,-6.717592323473789e-05,30,1147.422081159218,1163.6798074585122,1138.4884635487626,1081.7089267271624,mom,1081.7089267271624,False,0.043427489264590564
rim_share,def,2460,217125.0,0.2759055843408175,0.19254042010625907,0.0008071315610334669,0.0008065596222478296,0.000761104555022222,0.0008306602718984945,-7.890111342313675e-05,30,238.54899176501857,238.7181490311421,252.97499382412374,231.7920172902975,mom,231.7920172902975,False,0.27675449580612366
mid_share,def,2460,217125.0,0.3366217616580311,0.21530358675954608,0.0009937378964220353,0.0009880989725056786,0.0009068830161010462,0.0010107492198030473,-8.58015471161386e-05,30,216.6603362262314,217.89678235730452,237.4105402096941,213.01385402157396,mom,213.01385402157396,False,0.29395505822044826
thr_share,def,2460,217125.0,0.3874726540011514,0.2314354347506689,0.00043001991024773804,0.000429662543517007,0.0003218779308110922,0.0004533160595667163,-6.694232872811723e-05,30,538.1970211968488,538.6446601936764,719.0161629518386,510.5387948793984,mom,510.5387948793984,False,0.14812737710248186
ftr,def,2460,241622.0,0.23355903022075805,0.17459297583425198,0.0001859414761934686,0.0001840084681383496,0.00019674088121802232,0.00020846718586790838,-5.165642266841567e-05,30,938.9673536451398,948.8312010889714,887.4260131059051,837.5081915524096,mom,837.5081915524096,False,0.10543319665340478
fg3,off,2460,86306.0,0.3656408592681853,0.2251593094670182,0.00013876359772594136,0.00010539340407470966,0.0001327302809164352,0.00010420330428937825,-8.237945097076527e-05,30,1622.610779461835,2136.3700266044234,1696.3673090451364,2160.7693825306974,mom,2160.7693825306974,False,0.01651438589737658
rim,off,2459,59438.0,0.6795652612806622,0.20607427506346795,0.0009119146028176429,0.0009000749851401145,0.000895467707593804,0.0008797482301355987,-0.00013437910612298904,30,225.9797950671451,228.95234115565205,230.1303255448559,234.24232979895282,mom,234.24232979895282,False,0.1013782557154533
mid,off,2460,72845.0,0.4357334065481502,0.23595418128880707,0.0005221062392874971,0.0005067702251812817,0.0004696287634418287,0.0005046537497716308,-0.00011888053279649475,30,451.9275264950037,465.60387640059474,502.42702248375787,467.55657992352695,mom,467.55657992352695,False,0.06343912735250155
fg2,off,2460,132283.0,0.5452930459696257,0.24263124853150128,0.0004036037260063057,0.0003890493981123801,0.00038079025795655997,0.00038532064148677497,-6.020688388977183e-05,30,601.1620629283054,623.6515201121459,637.1781931437446,629.6866100795924,mom,629.6866100795924,False,0.08002374733927005
ft,off,2459,51928.0,0.783219072562009,0.1603998132735909,0.0004656118803630248,0.00046129103884396495,0.00043831408499006894,0.0004470317934012129,-0.00010810848934206051,30,344.4925270131243,347.7193350115074,365.94720262577266,358.81075046854977,mom,358.81075046854977,False,0.06083858044265806
tov,off,2460,243631.0,0.1372813804483009,0.11703116321301932,8.86806784146572e-05,8.747605995970776e-05,8.49831455654445e-05,8.797727485815303e-05,-1.605366801411547e-05,30,1319.6917897470248,1337.8650486421645,1377.1102779773553,1330.2431042756243,mom,1330.2431042756243,False,0.0694475649104614
oreb,off,2460,118662.0,0.27133370413443225,0.1923914755307406,0.00048179384082363695,0.0004787384136827427,0.0004492891755981409,0.00047689460864434744,-5.9809259943356495e-05,30,399.3232358509258,401.8718156555479,428.213021768461,403.42556204953854,mom,403.42556204953854,False,0.10846481204948138
rim_share,off,2460,218589.0,0.27191670212133273,0.19107200034899702,0.00046151873971957965,0.0004595298698013327,0.000416597902371275,0.0004951451093237506,-7.91926663065755e-05,30,414.0070248612072,415.79886946544445,458.64849357477635,385.89091712923414,mom,385.89091712923414,False,0.1879332987073118
mid_share,off,2460,218589.0,0.3332509870121552,0.2147698611615763,0.000505356760153265,0.0005031116123698356,0.00044865623653412575,0.0005403472875879009,-8.480011802421163e-05,30,424.98661954465734,426.88313265108997,478.6958113425008,397.46634450652004,mom,397.46634450652004,False,0.1834683975649187
thr_share,off,2460,218589.0,0.39483231086651205,0.23426028221029482,0.0007427077727009322,0.0007427713674250872,0.0006781824268051788,0.0007459675660859133,-4.8209142835988614e-05,30,315.41380179499606,315.3867966429405,345.42369862613776,314.0354793700441,mom,314.0354793700441,False,0.2213779738331644
ftr,off,2460,241192.0,0.21529735646290094,0.1642324018630432,0.0001730272107209032,0.00017446690920733094,0.0001509392691329988,0.00020343867161155441,-5.5502113910021645e-05,30,949.170949348272,941.3384039942762,1088.0694123298774,807.2821187931681,mom,807.2821187931681,False,0.10872420608502394
fg3,def,2460,86306.0,0.3656408592681853,0.2251593094670182,8.54766159730808e-05,5.510934015284909e-05,3.3449382022459915e-05,5.571262724810191e-05,-8.282458274173416e-05,30,2634.162652601125,4085.6832769640364,6731.344373293138,4041.441242114268,mom,4041.441242114268,False,0.008900057647030443
rim,def,2459,59438.0,0.6795652612806622,0.20607427506346795,0.00041614351074625893,0.0004095865158714499,0.0003589317241866018,0.0004181162479477046,-0.00014071735569771098,30,495.20002052638165,503.12758618290314,574.132240694149,492.863590149796,mom,492.863590149796,False,0.05107189571883284
mid,def,2460,72845.0,0.4357334065481502,0.23595418128880707,0.00024461285358977385,0.00023085143327680703,0.00023331351365221646,0.00024098926347106213,-0.00012049616216078256,30,964.6025457211348,1022.104034354777,1011.3181083909561,979.1066120136109,mom,979.1066120136109,False,0.03139894174026678
fg2,def,2460,132283.0,0.5452930459696257,0.24263124853150128,0.00026498452487397096,0.00025096589885804395,0.00024347935867802495,0.00025138771218371554,-6.18187926824689e-05,30,915.6430876365285,966.7897098192728,996.5167061753058,965.167495355481,mom,965.167495355481,False,0.05372830720215289
ft,def,2459,51928.0,0.783219072562009,0.1603998132735909,2.1255486179071888e-05,1.902516759688151e-05,-8.259577121260781e-07,3.3488616425911124e-05,-0.00011437378420661983,30,7546.2782606930095,8430.927741203324,1000000.0,4789.6817005997555,mom,4789.6817005997555,False,0.004853609201710692
tov,def,2460,243631.0,0.1372813804483009,0.11703116321301932,7.180718490387801e-05,7.029419010449753e-05,6.63194824545583e-05,7.117995368672932e-05,-1.6266745439499065e-05,30,1629.7973993783307,1664.8767563726647,1764.657365853365,1644.159024436657,mom,1644.159024436657,False,0.05694488486789348
oreb,def,2460,118662.0,0.27133370413443225,0.1923914755307406,0.00012342161091321994,0.0001202461442714926,8.767405699337767e-05,0.000131370843580893,-6.46237185526133e-05,30,1558.815138671417,1599.980412647226,2194.394580659962,1464.4914372668504,mom,1464.4914372668504,False,0.032472839427537446
rim_share,def,2460,218589.0,0.27191670212133273,0.19107200034899702,0.000772739375203601,0.0007724730406412794,0.0007413396626430248,0.0007955082101774092,-7.522299268881114e-05,30,247.26577482693108,247.35102753926,257.73880715863356,240.18859630170925,mom,240.18859630170925,False,0.2709357786646096
mid_share,def,2460,218589.0,0.3332509870121552,0.2147698611615763,0.0009732949419463645,0.0009741826565277345,0.0008785141622614905,0.0009934389787271717,-7.900315349447524e-05,30,220.66267058995118,220.46159385250962,244.4694353119032,216.1882770462126,mom,216.1882770462126,False,0.29219711023384837
thr_share,def,2460,218589.0,0.39483231086651205,0.23426028221029482,0.0005434435727990431,0.0005447270753669842,0.0004680663879496361,0.000553064837308683,-5.0693076639634076e-05,30,431.06643253451557,430.0507406437857,500.4851624498643,423.5674850533785,mom,423.5674850533785,False,0.17413969089811898
ftr,def,2460,241192.0,0.21529735646290094,0.1642324018630432,0.0003026239780370158,0.0003017396169104402,0.0002878499997262409,0.00032594938603037967,-5.381618373889264e-05,30,542.6946104150244,544.2851805296394,570.5485566066912,503.8586016779186,mom,503.8586016779186,False,0.1634562259893842
fg3,off,2460,92412.0,0.36025624377786436,0.22417921883893702,0.00018845763280809935,0.00016089213545395411,0.00016699057068725955,0.0001569930551644654,-7.515876352614247e-05,30,1189.5470377005736,1393.3510062901435,1342.4663315797666,1427.9562787289387,mom,1427.9562787289387,False,0.026487253191931456
rim,off,2459,55944.0,0.6788038038038038,0.20624433747038332,0.0005200620470248954,0.0005150166021596618,0.0005525030974380074,0.0005102692423991637,-0.0001390169309569546,30,396.576405931253,400.4615319302753,373.29082574695354,404.1872806220337,mom,404.1872806220337,False,0.06005374696541924
mid,off,2460,71058.0,0.43978158687269553,0.23628815021138092,0.0007436150801721394,0.000731805661896789,0.0007322210746808699,0.000719691604325154,-0.00011948861806262576,30,317.75599569159164,322.8837415645823,322.7005591369579,328.31861423886613,mom,328.31861423886613,False,0.08692837395748934
fg2,off,2460,127002.0,0.5450701563754902,0.242746084878284,0.0003398896931432778,0.00032849047398025134,0.00031532283823575326,0.00032287826076384093,-5.9333734030851634e-05,30,714.1907794654907,738.974503391163,769.8335021860778,751.8192284113948,mom,751.8192284113948,False,0.06553640166077779
ft,off,2460,52204.0,0.7789249865910658,0.16303866191487112,0.00024685452159792253,0.00024306851821800528,0.00018441812910805015,0.00023914384474460492,-0.00010772665284376098,30,660.4645556398964,670.751864989129,884.0706860188737,681.7598089927392,mom,681.7598089927392,False,0.03309091834183336
tov,off,2460,244700.0,0.14368205966489578,0.12147707605416382,0.00010615541175857174,0.00010445828912637935,9.564403742081403e-05,0.00010586759322233543,-1.7731116032129102e-05,30,1144.3323900475089,1162.9242357894088,1270.0956518563698,1147.4434466366538,mom,1147.4434466366538,False,0.07996110572111262
oreb,off,2460,120621.0,0.28100413692474774,0.19642544747849805,0.000625950849472581,0.0006228085507032186,0.0006023368304804064,0.0006183167767824533,-6.103813864627416e-05,30,313.8033084290945,315.3865618201811,326.10565640131085,317.677693464248,mom,317.677693464248,False,0.13568636695345235
rim_share,off,2460,219414.0,0.25497005660532146,0.18154185169465323,0.0009922140415003652,0.000993180139558612,0.0009576597654186242,0.0010174762178365255,-9.128759612397681e-05,30,182.96642065268173,182.7884433687265,189.56821435982056,178.42368058554558,mom,178.42368058554558,False,0.334277237413291
mid_share,off,2460,219414.0,0.3238535371489513,0.21003277655397934,0.0012198669176728824,0.0012194325828211283,0.0011143560743267131,0.00123926568026338,-9.468324187433569e-05,30,172.1767952807959,172.23812083819632,188.47905206679994,169.4816373106865,mom,169.4816373106865,False,0.34579764427613247
thr_share,off,2460,219414.0,0.4211764062457273,0.23862579750728738,0.001223091985528529,0.0012216095853974504,0.001103816471001929,0.0012167688818346713,-4.814793916665832e-05,30,195.1004506044336,195.33720131186638,216.18249389836328,196.11431642423503,mom,196.11431642423503,False,0.3136087105421518
ftr,off,2460,242260.0,0.21548749277635598,0.16445098368636832,9.748479516889639e-05,9.83328509256594e-05,4.755298146388213e-05,0.00012884045111892286,-5.4924706368331704e-05,30,1686.9398289389671,1672.3910894304781,3458.2686221530316,1276.3924858860985,mom,1276.3924858860985,False,0.07195670022617548
fg3,def,2460,92412.0,0.36025624377786436,0.22417921883893702,4.090260112557229e-05,8.933967696961451e-06,-1.1709237501290144e-05,1.0691876929215277e-05,-7.681665232536037e-05,30,5480.805930916219,25092.90680726135,1000000.0,20967.246473476804,mom,20967.246473476804,False,0.0018510497619987668
rim,def,2459,55944.0,0.6788038038038038,0.20624433747038332,0.0002232634478969062,0.00021208963681708452,0.00014584701721268123,0.00022661754970242613,-0.0001437991077872003,30,923.7711744271655,972.4394862737096,1414.1141959017768,910.09870039282,mom,910.09870039282,False,0.02767478668251364
mid,def,2460,71058.0,0.43978158687269553,0.23628815021138092,0.0002322689143048273,0.00021456373498574718,0.00021596011678198047,0.00022738565516533345,-0.0001258792566881977,30,1017.3042351301424,1101.2492405908054,1094.1286462162934,1039.1515244863376,mom,1039.1515244863376,False,0.029333756193187097
fg2,def,2460,127002.0,0.5450701563754902,0.242746084878284,0.0002024608832148761,0.00018648094690077745,0.0001677475820615698,0.00018551573584472156,-6.136330674495598e-05,30,1198.9777038592306,1301.7205720616812,1447.0914089789196,1308.4932325172933,mom,1308.4932325172933,False,0.038756923630983
ft,def,2460,52204.0,0.7789249865910658,0.16303866191487112,7.990537444270584e-06,7.313509017625749e-06,2.966791543039523e-06,1.8102748430787614e-05,-0.00011065506354480095,30,20403.96694865299,22292.809309723096,54954.53912068104,9006.293300612235,mom,9006.293300612235,False,0.0025909487482772492
tov,def,2460,244700.0,0.14368205966489578,0.12147707605416382,0.0001568994999842772,0.00015540369857488747,0.00013226683280360377,0.0001556925810417374,-1.7132879178383596e-05,30,774.2349469968799,781.6871616837693,918.4243205894171,780.2367668476044,mom,780.2367668476044,False,0.11331936919284548
oreb,def,2460,120621.0,0.28100413692474774,0.19642544747849805,0.00013822269977012882,0.00013427777160680124,0.0001302718104875147,0.00014748352970364662,-6.746816130042812e-05,30,1421.0795173669974,1462.8292168392597,1507.81237125221,1331.8466670359417,mom,1331.8466670359417,False,0.036159995427302506
rim_share,def,2460,219414.0,0.25497005660532146,0.18154185169465323,0.0007877922583680586,0.0007877380931560568,0.0006980601526876454,0.0008215334448772194,-9.371661409003919e-05,30,230.44381277714513,230.45965819338437,260.0662005927247,220.97925875894825,mom,220.97925875894825,False,0.28853578521422746
mid_share,def,2460,219414.0,0.3238535371489513,0.21003277655397934,0.0008405948874976507,0.0008408090315738449,0.0007855817052991052,0.000876984168027137,-9.943546212707666e-05,30,249.86206754031244,249.7984306386854,267.3595567936638,239.49437653643042,mom,239.49437653643042,False,0.2723248245717701
thr_share,def,2460,219414.0,0.4211764062457273,0.23862579750728738,0.00022052095677944277,0.0002216725275086242,0.00020353938863777718,0.00024395719603479996,-6.0555445874974195e-05,30,1082.1003182294028,1076.4788951937385,1172.3814201483658,978.1461723033082,mom,978.1461723033082,False,0.08403571256197735
ftr,def,2460,242260.0,0.21548749277635598,0.16445098368636832,0.0002760503389237954,0.00027616114565238536,0.00025716480959894983,0.0003002242332923356,-5.276763545259073e-05,30,595.7282440858207,595.4892144507869,639.4770106486602,547.7605251346863,mom,547.7605251346863,False,0.15297055845212124
fg3,off,2460,90945.0,0.35964593985375776,0.22427842222209718,0.00012283334066982133,9.839872331580495e-05,0.00012616869921373903,9.245631255983892e-05,-7.241458113418735e-05,30,1825.8757842055475,2279.281830743766,1777.607470155122,2425.777278073266,mom,2425.777278073266,False,0.015559349145934013
rim,off,2460,56926.0,0.6863647542423497,0.203091319123181,0.00047733247765187955,0.0004633365980563867,0.0004325053540882051,0.00047018585409545335,-0.00014658360053978152,30,425.47140333345664,438.32349953600124,469.5694913449848,431.93838639380044,mom,431.93838639380044,False,0.056633792695805645
mid,off,2460,71236.0,0.4410550845078331,0.23688766373926437,0.0004361291080090069,0.00042590701472934903,0.00045412496845912055,0.0004215066482825841,-0.00011587224532672361,30,543.1594896765574,556.1957318073272,521.6354091761166,562.0022002131067,mom,562.0022002131067,False,0.05300482417347281
fg2,off,2460,128162.0,0.5500148249871256,0.24211155237688614,0.00021488679953178322,0.0002004567914709163,0.000189792491247258,0.00020244603688412833,-6.413074928573689e-05,30,1126.6934632765854,1207.7992000186905,1275.664547031357,1195.9313015125147,mom,1195.9313015125147,False,0.04268121034651483
ft,off,2460,56669.0,0.7821207362049798,0.1615878348453922,0.00036351965848138105,0.0003626302797050282,0.00037291196195956747,0.00035828615180987097,-0.00010413376542607078,30,444.5092062432945,445.59939941262337,433.3136271528671,451.00217808903983,mom,451.00217808903983,False,0.052917468154905674
tov,off,2460,245831.0,0.14516476766559142,0.1225616331511124,9.113327488937551e-05,8.931711483848487e-05,8.473473855299814e-05,9.07308156993195e-05,-1.759609864412628e-05,30,1344.861504207843,1372.2077047914581,1446.4154282420436,1350.826973244457,mom,1350.826973244457,False,0.06906061057294807
oreb,off,2460,120648.0,0.29065546051322855,0.2001495886217038,0.0008250033186474338,0.000823118011498478,0.000777630749412024,0.0008150572084963445,-6.382965825483305e-05,30,242.60458606377796,243.16025870620118,257.3838403034336,245.56508001560906,mom,245.56508001560906,False,0.16863238533755728
rim_share,off,2460,219107.0,0.25980913434988384,0.18459933670937193,0.0011539695188322288,0.0011557271063361014,0.0011019200972630615,0.001169177744224258,-8.063648734449534e-05,30,159.96898851902006,159.72571353335368,167.52515646813046,157.8881719407449,mom,157.8881719407449,False,0.3616120347041136
mid_share,off,2460,219107.0,0.3251196903795862,0.2104123136779909,0.0022176221908204864,0.0022177473826787354,0.0021491881724446473,0.00220116255691492,-8.3251836759405e-05,30,94.8819481284779,94.87659204171469,97.9031600749283,95.59144690017723,mom,95.59144690017723,False,0.4831678898137718
thr_share,off,2460,219107.0,0.41507117527052995,0.2371037396274966,0.0016793227236514862,0.0016782251118525216,0.00150532489665144,0.0016662010750685882,-4.876061262756341e-05,30,141.1900978222595,141.28244056947034,157.51001006821073,142.3019965448866,mom,142.3019965448866,False,0.38589624329211797
ftr,off,2460,243876.0,0.23236808870081516,0.17340108418629774,0.00036470869059333484,0.0003653949138916101,0.00035127751525332676,0.00038945684968958984,-5.6156218040870924e-05,30,475.4509246933385,474.55801269783143,493.6298984614716,445.23824481326807,mom,445.23824481326807,False,0.18274110018792503
fg3,def,2460,90945.0,0.35964593985375776,0.22427842222209718,4.544689129260247e-05,1.9716711780662814e-05,-2.7823504981275174e-05,1.629915583826929e-05,-7.28872863092032e-05,30,4934.956293888547,11375.041879044886,1000000.0,13760.125030248928,mom,13760.125030248928,False,0.002779792426253994
rim,def,2460,56926.0,0.6863647542423497,0.203091319123181,0.0006143428214996598,0.0006070363711793094,0.0006572699763814566,0.0006050940736119636,-0.0001448035876536621,30,330.58304258755544,334.56202752502105,308.99223518664706,335.6359415501729,mom,335.6359415501729,False,0.07162179633851884
mid,def,2460,71236.0,0.4410550845078331,0.23688766373926437,0.00037406132099952803,0.00036120803001930195,0.00033453486309633306,0.00035895261878966274,-0.00011522420265198418,30,633.2856417933766,655.8205910499989,708.1105435371318,659.9413163163872,mom,659.9413163163872,False,0.04552282146710192
fg2,def,2460,128162.0,0.5500148249871256,0.24211155237688614,0.00042778160404992885,0.0004128397571114273,0.0003835394964994319,0.0004083323277991998,-6.166023887204907e-05,30,565.9699951675059,586.4540616700808,631.2558539254503,592.9277108227055,mom,592.9277108227055,False,0.082435855496093
ft,def,2460,56669.0,0.7821207362049798,0.1615878348453922,7.294944643424462e-05,6.76945543633059e-05,8.216837868802068e-05,8.109014959412322e-05,-0.0001077001217131424,30,2215.0659496922253,2387.013791067683,1966.5452504413363,1992.693756938177,mom,1992.693756938177,False,0.012528645385783016
tov,def,2460,245831.0,0.14516476766559142,0.1225616331511124,0.00014814254300068305,0.0001455911110407109,0.00012380502171732878,0.00014574570868518944,-1.690486437026252e-05,30,827.3223252995414,841.8208520768903,989.9568809974827,840.9279028300269,mom,840.9279028300269,False,0.10646617093382599
oreb,def,2460,120648.0,0.29065546051322855,0.2001495886217038,0.00018392785178791442,0.00017949519705030663,0.0001254286376329714,0.00019474403562102244,-7.209037145991908e-05,30,1088.1961958240806,1115.0693272623246,1595.724807339297,1027.7572197959414,mom,1027.7572197959414,False,0.046322438833995415
rim_share,def,2460,219107.0,0.25980913434988384,0.18459933670937193,0.0007828938589399524,0.0007801393943990808,0.000646441233703512,0.0008092690877166473,-8.529039031541769e-05,30,235.79101381548915,236.62352912143803,285.56244107726235,228.10624983862778,mom,228.10624983862778,False,0.28175281866436863
mid_share,def,2460,219107.0,0.3251196903795862,0.2104123136779909,0.0006480059260555919,0.0006484174575574375,0.0005884156801399551,0.0006938789164458187,-0.00010265175138665043,30,324.70739111719143,324.50130887993924,357.59127565727715,303.24067887199,mom,303.24067887199,False,0.22790984682712248
thr_share,def,2460,219107.0,0.41507117527052995,0.2371037396274966,0.000374212864979436,0.00037348838788653485,0.00033363822742548906,0.000396335785288192,-6.483371398382288e-05,30,633.6065961829668,634.8356396545541,710.6611896877093,598.239544418349,mom,598.239544418349,False,0.13022352924932515
ftr,def,2460,243876.0,0.23236808870081516,0.17340108418629774,0.000192879968433164,0.00019213101489416593,0.00014832939901793273,0.0002224904372316166,-5.8337301182625336e-05,30,899.0103305952375,902.5147984661121,1169.0270798261233,779.3642115314109,mom,779.3642115314109,False,0.11330776369874691
