player_id,window,p_lo,p_hi,delta
3,1997-1999,-0.05666668656857317,-0.0774941016910333,-0.020827415122460127
15,1997-1999,2.02719420337905,1.2759905565425373,-0.7512036468365129
21,1997-1999,1.8397049450457232,0.9860767840144169,-0.8536281610313063
22,1997-1999,0.754826741480263,0.30922696962111706,-0.4455997718591459
23,1997-1999,-0.10351761280332179,0.4769426595745047,0.5804602723778265
26,1997-1999,-0.5607752317132216,-0.6805780302258977,-0.11980279851267606
28,1997-1999,-1.2675528101874687,-1.2960372213452156,-0.028484411157746914
29,1997-1999,-2.079669855401808,-2.163514988383061,-0.08384513298125285
42,1997-1999,0.13145147122395753,-0.1284988323589665,-0.25995030358292404
43,1997-1999,1.6407632741415146,1.0741709458394508,-0.5665923283020637
45,1997-1999,1.3214625300829057,0.8319235213948758,-0.4895390086880299
49,1997-1999,-0.13208946343633704,-0.8748265744123274,-0.7427371109759904
51,1997-1999,0.6592215655959424,0.1368843303557719,-0.5223372352401705
53,1997-1999,2.0504019160803275,1.7272301632882148,-0.32317175279211274
54,1997-1999,-0.3659102225662846,-0.4687426858436581,-0.1028324632773735
56,1997-1999,4.288344040542741,3.0112185037586015,-1.2771255367841396
57,1997-1999,2.467081621445648,1.250158400050264,-1.2169232213953842
63,1997-1999,0.9298810219639815,0.5499574521910391,-0.3799235697729424
64,1997-1999,2.132801254925174,2.0020542888662245,-0.13074696605894953
67,1997-1999,-1.5516479725723198,-1.2173543910817672,0.33429358149055255
70,1997-1999,2.0102353205169163,0.9707069593085442,-1.039528361208372
72,1997-1999,2.6633643189414924,1.8067883020755644,-0.856576016865928
76,1997-1999,0.8063883556785436,0.507658932586922,-0.29872942309162165
77,1997-1999,0.01102758367572142,-0.28795596125338513,-0.29898354492910656
84,1997-1999,4.0122523765148435,2.9042541590083566,-1.1079982175064869
85,1997-1999,1.2606826646278735,0.7288094597463071,-0.5318732048815664
87,1997-1999,0.49034083196481754,-0.4034494232718607,-0.8937902552366782
89,1997-1999,3.4254105984142216,2.3177206248119573,-1.1076899736022643
93,1997-1999,0.5419507876222823,-0.21240899384234524,-0.7543597814646276
95,1997-1999,-0.5559836534981064,-0.7312222400804693,-0.1752385865823629
96,1997-1999,3.155672842556553,2.863057667960781,-0.29261517459577213
98,1997-1999,1.9431862525453432,1.325676502328331,-0.6175097502170122
100,1997-1999,-1.3225026589380404,-1.0204356425018002,0.30206701643624023
103,1997-1999,1.4974066536753674,0.9086160759319855,-0.588790577743382
105,1997-1999,1.0370981721616588,0.8078653014431282,-0.2292328707185306
107,1997-1999,2.5174999613860125,2.1434998059319383,-0.37400015545407417
109,1997-1999,1.008568008148793,0.6496802481065439,-0.3588877600422492
111,1997-1999,1.2110888148475736,0.7449482033572663,-0.4661406114903073
120,1997-1999,3.108537983206168,2.1604330578765825,-0.9481049253295857
121,1997-1999,1.1166070876829088,0.7321377586120349,-0.38446932907087394
123,1997-1999,1.8715998288449402,1.0635794414096935,-0.8080203874352467
124,1997-1999,1.0820215480640392,0.6447948700953662,-0.437226677968673
128,1997-1999,0.04994141666950721,-0.2300788587957392,-0.2800202754652464
133,1997-1999,2.6252058713067226,1.7937295653916903,-0.8314763059150323
136,1997-1999,-0.2754148458411656,-0.47948980930063295,-0.20407496345946735
137,1997-1999,1.1564927784866221,0.8422948212196648,-0.3141979572669573
138,1997-1999,-1.039124600050481,-1.1499825179944954,-0.11085791794401434
145,1997-1999,1.925424014072405,1.239388658157136,-0.686035355915269
146,1997-1999,0.5290302004657137,0.20131150861477706,-0.3277186918509366
147,1997-1999,0.7765594729894433,0.3776762218116433,-0.3988832511778
164,1997-1999,0.1777985570468558,-0.19086827373304324,-0.36866683077989904
165,1997-1999,2.383690263332834,1.7339458077110277,-0.6497444556218062
166,1997-1999,1.5911356744689524,1.4234060192400508,-0.1677296552289016
168,1997-1999,0.8290363848220241,0.3512498364257728,-0.47778654839625134
177,1997-1999,1.3649522005032322,0.5848375454791781,-0.7801146550240541
178,1997-1999,-0.5683995954318021,-0.5537043968872929,0.01469519854450918
179,1997-1999,1.2074970255512147,0.7104417815373179,-0.4970552440138969
180,1997-1999,0.7647978302903621,0.20270931967240644,-0.5620885106179556
182,1997-1999,0.4944140671748684,0.48573754224608184,-0.008676524928786566
184,1997-1999,1.2235193788842507,0.7323671704368341,-0.4911522084474166
185,1997-1999,2.7159017079976393,1.575882010782707,-1.1400196972149323
187,1997-1999,-0.27274700104756044,-0.09934476232537011,0.17340223872219035
190,1997-1999,-3.3379604530443956,-3.260622354881223,0.07733809816317239
192,1997-1999,1.1376727723333495,0.3299049331209288,-0.8077678392124208
193,1997-1999,1.6732686645961992,0.9573660314372946,-0.7159026331589046
197,1997-1999,0.6368968972865294,0.2900643015003958,-0.3468325957861336
198,1997-1999,0.19724325409513743,-0.20008162015476802,-0.3973248742499055
201,1997-1999,-2.654638892061093,-2.5004998232805944,0.15413906878049843
204,1997-1999,3.988997505169107,3.270302033171549,-0.7186954719975578
208,1997-1999,3.0255843051393567,2.033708725715021,-0.9918755794243359
209,1997-1999,2.3761049145307354,1.5514569408562864,-0.824647973674449
210,1997-1999,2.800996327625839,1.7672087449389893,-1.0337875826868497
213,1997-1999,-0.5996918772630597,-0.958478077201038,-0.3587861999379782
216,1997-1999,0.4492831744209191,0.3775494643715326,-0.0717337100493865
219,1997-1999,0.4899064342001071,0.14897967607681745,-0.34092675812328965
221,1997-1999,0.32315309663845737,0.007594895472605589,-0.31555820116585176
223,1997-1999,-1.1570629284507976,-1.0179749704648917,0.1390879579859059
224,1997-1999,2.751064240772505,1.7459413461033328,-1.0051228946691722
228,1997-1999,-0.09552896447128298,-0.2828225029394232,-0.1872935384681402
236,1997-1999,0.3716927092104867,0.09196582856707507,-0.2797268806434116
238,1997-1999,-0.04183527659608125,-0.2820451398223503,-0.24020986322626905
239,1997-1999,1.6070038880663067,0.8469288501968777,-0.760075037869429
243,1997-1999,0.5236063153763777,0.39399927429138376,-0.12960704108499393
244,1997-1999,1.3152936707908964,0.58720696461127,-0.7280867061796265
248,1997-1999,0.6307872964991401,0.31150056866855014,-0.31928672783059
251,1997-1999,0.48042586635065854,0.3201213527405284,-0.16030451361013015
252,1997-1999,4.80709280483063,3.3103831369724235,-1.4967096678582061
255,1997-1999,4.821760113737371,3.4013350133948363,-1.4204251003425346
258,1997-1999,0.008259969150957803,-0.30329126479281143,-0.3115512339437692
270,1997-1999,1.0504497638552155,0.7710152153593515,-0.279434548495864
271,1997-1999,0.5785124191042507,0.4924057030947517,-0.08610671600949898
275,1997-1999,2.012283553346598,1.1018125784536292,-0.9104709748929687
278,1997-1999,-0.1043938402495084,-0.29987465805643626,-0.19548081780692786
280,1997-1999,-2.418599040063136,-2.499794951543871,-0.08119591148073502
281,1997-1999,-1.406246238703757,-1.3298010772387223,0.07644516146503477
283,1997-1999,1.8290651137244738,0.9232530166818247,-0.9058120970426491
288,1997-1999,0.0991736313615301,-0.012909268189486841,-0.11208289955101694
292,1997-1999,-0.7023477275119915,-0.841022233290676,-0.13867450577868456
296,1997-1999,1.5022734659124217,0.9548722745077389,-0.5474011914046828
297,1997-1999,1.5392906576308527,0.5767774977581919,-0.9625131598726608
299,1997-1999,2.7759896847670342,1.802162630737674,-0.9738270540293603
302,1997-1999,2.8829884325918957,1.9507853087672586,-0.9322031238246371
304,1997-1999,4.967647309584597,4.039380997672336,-0.9282663119122612
317,1997-1999,1.7757535531773143,1.3580128459149396,-0.41774070726237467
323,1997-1999,-2.6771418209096494,-2.3415380290311187,0.3356037918785306
324,1997-1999,1.5747737896641474,0.8935488966016584,-0.681224893062489
330,1997-1999,1.3966168020535907,1.2648301079559767,-0.131786694097614
339,1997-1999,2.445675376446559,1.7346284387085327,-0.7110469377380262
344,1997-1999,2.812334216557331,1.8345689596930808,-0.9777652568642503
345,1997-1999,2.510033402811985,2.1123900239068947,-0.3976433789050904
348,1997-1999,-0.12228391770392452,-0.19061933284405494,-0.06833541514013042
349,1997-1999,2.1654354991299436,1.5700252679669897,-0.5954102311629539
353,1997-1999,3.004830501499719,2.1183412855598767,-0.8864892159398425
358,1997-1999,3.0541664829903317,2.357686391588504,-0.6964800914018277
359,1997-1999,-1.1599403018508505,-1.0826117813741687,0.07732852047668182
361,1997-1999,1.8151231345652046,1.156945056585659,-0.6581780779795456
363,1997-1999,1.7541563128996693,1.081136787145478,-0.6730195257541913
364,1997-1999,1.8551020577241335,1.1306752635991926,-0.7244267941249409
365,1997-1999,-0.15846984267810837,-0.31741021981699935,-0.15894037713889098
369,1997-1999,1.377742049755563,0.6741443117442146,-0.7035977380113484
371,1997-1999,0.9505590020638639,0.3967309896324521,-0.5538280124314118
375,1997-1999,1.905896265227303,1.3032783919318538,-0.6026178732954492
376,1997-1999,-2.317061703834568,-2.172631101049934,0.14443060278463404
383,1997-1999,2.164669365535679,1.1452438511713363,-1.0194255143643427
384,1997-1999,0.06778432235695377,-0.17319968813504732,-0.24098401049200108
386,1997-1999,0.7438835465455251,0.13458248383937418,-0.6093010627061509
389,1997-1999,2.274394005046914,1.7415660839189826,-0.5328279211279314
393,1997-1999,4.149608678771797,3.1198530359816212,-1.0297556427901755
397,1997-1999,4.6093752375410535,3.445523674382245,-1.1638515631588087
399,1997-1999,-1.426718847864608,-1.566120395418125,-0.13940154755351708
400,1997-1999,-0.5050307706027616,-0.6627180370205852,-0.1576872664178236
406,1997-1999,3.6262594917263273,2.359686443623488,-1.2665730481028392
417,1997-1999,0.7005305075444205,0.4941915057898506,-0.20633900175456987
422,1997-1999,1.1021192702064375,0.9078627177121034,-0.19425655249433416
423,1997-1999,-0.0814456075862706,-0.5937162148263492,-0.5122706072400786
428,1997-1999,0.7953489777478001,0.41398422636459065,-0.38136475138320947
431,1997-1999,1.5720456959489373,0.681833911571747,-0.8902117843771903
432,1997-1999,0.3673252832337729,0.17491300810624194,-0.19241227512753095
435,1997-1999,0.6124559872812309,0.30326389147478533,-0.3091920958064455
436,1997-1999,1.6430096866152488,0.7161376282339125,-0.9268720583813364
440,1997-1999,-2.555764225957083,-2.452744382143244,0.103019843813839
441,1997-1999,0.9029546029263464,0.5055663326580835,-0.39738827026826296
442,1997-1999,-0.9932536131199731,-1.178158590023301,-0.18490497690332786
445,1997-1999,2.841627258669347,1.6533276137388377,-1.1882996449305094
446,1997-1999,0.21736817258881155,0.10587271935669021,-0.11149545323212134
448,1997-1999,0.7898076753051809,0.2502032039369438,-0.5396044713682371
452,1997-1999,2.666240796484296,1.5469094088165434,-1.1193313876677526
456,1997-1999,0.44904955677685,0.5801316821374677,0.1310821253606177
458,1997-1999,0.5756214614698628,0.1275225740883687,-0.4480988873814941
461,1997-1999,-0.6406575287499263,-0.5336978239554838,0.1069597047944425
462,1997-1999,-1.0468066428309484,-1.15409635642995,-0.10728971359900163
467,1997-1999,3.649324371929383,2.490937228261347,-1.158387143668036
468,1997-1999,1.5206122981071708,0.9553495881272795,-0.5652627099798913
469,1997-1999,1.12291464139454,0.8291957779951108,-0.2937188633994291
672,1997-1999,0.6859201349463806,0.18865682835925623,-0.49726330658712437
673,1997-1999,0.0413127678728271,-0.24903698926472675,-0.29034975713755384
674,1997-1999,0.18226202883943743,-0.028427563327239013,-0.21068959216667643
677,1997-1999,0.6350398973916013,0.3534758142350499,-0.28156408315655135
679,1997-1999,-0.5442543335802772,-0.6318277892935212,-0.08757345571324404
682,1997-1999,1.2699518104119618,0.9591540423600634,-0.3107977680518984
685,1997-1999,-0.9945962299853198,-1.0432323485062853,-0.0486361185209655
686,1997-1999,1.4144329358639678,0.7641733419363947,-0.650259593927573
688,1997-1999,-0.8570851374508299,-1.0293249459737965,-0.1722398085229666
689,1997-1999,-1.004253314037716,-1.2819309863943542,-0.2776776723566383
690,1997-1999,-0.7644016576394821,-0.9284705794749879,-0.1640689218355058
692,1997-1999,0.2459247155253415,-0.0861891735119572,-0.3321138890372987
693,1997-1999,1.1829916364745532,0.785936329302413,-0.3970553071721402
694,1997-1999,1.294547861306461,0.40082519059515603,-0.8937226707113048
695,1997-1999,1.0864515474012606,0.29504741826394276,-0.7914041291373178
696,1997-1999,0.7160166000854524,0.24849311889314132,-0.46752348119231113
697,1997-1999,0.9353068068638519,0.558147830102008,-0.37715897676184396
699,1997-1999,1.388103799184613,0.8654131368070376,-0.5226906623775754
702,1997-1999,2.282621565576304,1.5152260093859264,-0.7673955561903774
703,1997-1999,-1.471742023105538,-1.496895654704241,-0.025153631598702875
707,1997-1999,0.8652342307155345,0.7843758688172547,-0.08085836189827977
708,1997-1999,3.4621532606997127,2.786187903994667,-0.6759653567050457
711,1997-1999,2.6329039780076804,2.150278003267405,-0.48262597474027524
713,1997-1999,0.28926846782840443,0.28677695032205863,-0.0024915175063457973
714,1997-1999,3.360371025709727,2.2983074957360374,-1.0620635299736896
717,1997-1999,1.97250505653018,1.4908923574106654,-0.48161269911951465
718,1997-1999,0.608965919077707,0.2384551942368244,-0.37051072484088265
721,1997-1999,1.167366770176729,0.8616839665146026,-0.3056828036621264
722,1997-1999,0.9381957835971686,0.5960254330039281,-0.3421703505932405
724,1997-1999,1.9621074796799831,1.246025695398964,-0.7160817842810192
727,1997-1999,-0.035481338156537576,-0.24020089217338225,-0.20471955401684466
731,1997-1999,-1.2921679549329208,-1.3503126575146966,-0.05814470258177584
735,1997-1999,0.5051517797848968,-0.03232963653227313,-0.53748141631717
739,1997-1999,1.4645247902721383,0.666772930870429,-0.7977518594017093
753,1997-1999,-0.28321554821343875,-0.3638696707126442,-0.08065412249920545
754,1997-1999,2.0603123950444804,1.263880492623851,-0.7964319024206294
757,1997-1999,3.7303152499764223,2.98221302873917,-0.7481022212372523
760,1997-1999,-0.14770800086876865,-0.24519370720158612,-0.09748570633281747
761,1997-1999,0.1443677467098194,-0.34627733611008066,-0.49064508281990005
762,1997-1999,-1.0193908716065647,-1.280167916696967,-0.26077704509040234
763,1997-1999,-1.6042822594857913,-1.5894900045413825,0.014792254944408834
764,1997-1999,2.7820692507259865,1.7451411814734539,-1.0369280692525327
765,1997-1999,2.4621652966360763,1.7536445347631449,-0.7085207618729314
769,1997-1999,0.6997462375997731,0.3914980685977071,-0.308248169002066
777,1997-1999,0.5560192360238118,0.02814062156880705,-0.5278786144550047
779,1997-1999,3.698261483459421,2.5693979358590937,-1.1288635476003273
781,1997-1999,-1.4589443357307252,-1.3909981404173952,0.06794619531333002
782,1997-1999,3.89570673752075,2.994173354509127,-0.901533383011623
785,1997-1999,0.4973879975261763,0.05108276170937076,-0.44630523581680553
787,1997-1999,3.2570519910436007,3.059972089989718,-0.19707990105388262
788,1997-1999,0.26139942941085803,0.3838530821215422,0.12245365271068415
891,1997-1999,0.1739751537700011,0.12659206305722576,-0.047383090712775355
893,1997-1999,5.583082873927766,4.085200687286634,-1.4978821866411316
895,1997-1999,0.7552083412701396,0.688440444538666,-0.06676789673147354
896,1997-1999,3.7055002694085735,2.3486209718290265,-1.356879297579547
901,1997-1999,0.6537998828031254,0.6011830963013305,-0.05261678650179491
902,1997-1999,-0.16647240650117598,-0.1510429326425375,0.015429473858638493
904,1997-1999,3.5529719303174283,2.6370114199290926,-0.9159605103883357
905,1997-1999,-0.37989763636314045,-0.7253684572599661,-0.3454708208968257
906,1997-1999,0.717893855988667,0.3594186668546867,-0.35847518913398024
907,1997-1999,0.6572693654685755,0.004133658925790718,-0.6531357065427847
911,1997-1999,-1.3563683570214078,-1.5703956239393448,-0.21402726691793705
913,1997-1999,0.9534974420262257,0.7856116543011995,-0.16788578772502616
915,1997-1999,1.2928962760703833,0.967514479831727,-0.32538179623865626
916,1997-1999,-0.8793559279710259,-0.9869101905521734,-0.10755426258114753
919,1997-1999,-0.25075728301322264,-0.48619290798944137,-0.23543562497621873
920,1997-1999,0.634338296544306,0.7600501084990361,0.12571181195473013
922,1997-1999,0.15251372633335944,-0.3986144729665105,-0.5511281992998699
923,1997-1999,0.7087029066818697,0.3580914507620664,-0.35061145591980336
924,1997-1999,1.109120231441402,0.5844450069880182,-0.5246752244533838
932,1997-1999,-0.1054007121508147,-0.26978021911731725,-0.16437950696650255
934,1997-1999,1.102642945432658,0.6958232416004689,-0.40681970383218913
935,1997-1999,1.4790932822694287,0.8944942395332127,-0.584599042736216
937,1997-1999,3.180747528786406,2.357532846072702,-0.8232146827137039
947,1997-1999,5.1351183080750635,3.905610152806818,-1.2295081552682454
948,1997-1999,-0.3773273544130955,-0.7117482060142448,-0.3344208516011493
949,1997-1999,3.7186537063899907,2.872302974629843,-0.8463507317601477
950,1997-1999,4.100557443654296,3.5906086309083634,-0.5099488127459324
951,1997-1999,4.024097260515958,3.291548704105505,-0.7325485564104532
952,1997-1999,2.968879981207277,2.389078755688086,-0.5798012255191911
953,1997-1999,-0.2160272608881139,-0.09826438598323893,0.11776287490487496
954,1997-1999,2.7327933150538852,1.8101825159646232,-0.922610799089262
955,1997-1999,-1.5647003257452285,-1.5964171625294283,-0.03171683678419979
956,1997-1999,-0.9884207905863815,-0.8523175755434463,0.1361032150429352
957,1997-1999,-2.154452214235,-1.7145797879361435,0.4398724262988565
958,1997-1999,-1.4853632949989422,-1.58401020592144,-0.09864691092249789
959,1997-1999,1.2783098702534281,0.83433912910095,-0.44397074115247814
960,1997-1999,1.0322017662505378,0.7256137792195682,-0.3065879870309697
961,1997-1999,-0.8090021082681161,-1.1818521895610603,-0.37285008129294417
962,1997-1999,0.46019309444242784,0.4451547345785055,-0.015038359863922324
964,1997-1999,-1.9909965279036848,-1.7860232543913832,0.20497327351230155
965,1997-1999,0.6137143359042824,0.3740707080667943,-0.23964362783748805
966,1997-1999,1.0887168982279076,0.7457445531891461,-0.3429723450387615
969,1997-1999,0.10418168323651936,0.11854514957577585,0.01436346633925649
970,1997-1999,-1.1954735016742217,-1.3905040641555189,-0.19503056248129713
976,1997-1999,0.8352506232436079,0.6831360004964078,-0.1521146227472001
977,1997-1999,3.610562546176392,3.0584838254093647,-0.5520787207670272
978,1997-1999,2.2941424997308446,1.8724323377703136,-0.421710161960531
979,1997-1999,-1.3786371695605064,-0.9490180428336767,0.42961912672682967
980,1997-1999,0.8219613455575999,0.27073263799776637,-0.5512287075598336
983,1997-1999,0.410866457506871,0.41271661016448496,0.001850152657613957
988,1997-1999,0.1263648618550876,0.18967437677665405,0.06330951492156645
990,1997-1999,-0.21795999406260402,-0.45425373771562017,-0.23629374365301614
994,1997-1999,0.05370692154737102,0.12382320794537868,0.07011628639800765
998,1997-1999,-1.4310007222726,-1.3142069435867227,0.11679377868587726
1000,1997-1999,0.7235318165608415,0.6007802884628852,-0.12275152809795631
1005,1997-1999,1.7449836398478087,1.0378398197971308,-0.7071438200506779
1023,1997-1999,0.7163277220645335,0.22221857267142503,-0.4941091493931085
1032,1997-1999,-0.593790233598246,-0.72966286084186,-0.13587262724361404
1035,1997-1999,-1.431854378867098,-1.5302652201684794,-0.09841084130138134
1043,1997-1999,-0.9444339822933318,-0.8260473650433429,0.11838661724998889
1051,1997-1999,-0.9190231387681876,-1.0373017865744285,-0.11827864780624087
1065,1997-1999,0.5430115737831085,0.3856840443781504,-0.1573275294049581
1073,1997-1999,-0.6323810290092737,-0.7788136416506795,-0.14643261264140572
1074,1997-1999,1.5775720471821477,0.9392603502014387,-0.638311696980709
1108,1997-1999,-0.014315639662030782,-0.2821112544134224,-0.2677956147513916
1110,1997-1999,-1.1396165716998314,-1.337625321291588,-0.19800874959175663
1112,1997-1999,0.04383390461034446,-0.05596253868782798,-0.09979644329817244
1114,1997-1999,0.6478219063557408,0.2563617721793694,-0.3914601341763714
1134,1997-1999,-0.16065978135939726,-0.6670321222329922,-0.506372340873595
1425,1997-1999,-1.201215585814889,-1.3039758261273926,-0.10276024031250364
1444,1997-1999,0.6937674557853637,0.3409280403996162,-0.3528394153857475
1477,1997-1999,0.1263655461376184,-0.02042336974259836,-0.14678891588021678
1495,1997-1999,3.7231327520850037,2.377127350975356,-1.3460054011096476
1496,1997-1999,2.091077870400606,1.6316476828703455,-0.45943018753026066
1497,1997-1999,2.737298466319678,2.193338601519859,-0.543959864799819
1498,1997-1999,1.1069725227702074,1.0208480816168282,-0.08612444115337925
1499,1997-1999,-0.7136065616383679,-0.6542672642731975,0.05933929736517041
1500,1997-1999,1.4528292667600882,1.093149462621638,-0.35967980413845013
1501,1997-1999,1.4853934524599983,1.33663961373279,-0.14875383872720827
1502,1997-1999,-1.789290586822921,-1.66615072440201,0.12313986242091102
1503,1997-1999,1.627595641450214,1.5040098827728312,-0.12358575867738275
1504,1997-1999,-0.15699902136341284,-0.26550766817294325,-0.1085086468095304
1505,1997-1999,-0.2024180994336779,-0.18442817421752133,0.017989925216156555
1506,1997-1999,-0.5063452594555938,-0.6802743616663927,-0.17392910221079882
1507,1997-1999,2.2898829945728103,1.7588505579600977,-0.5310324366127126
1508,1997-1999,0.09872000321764654,-0.1173414876042691,-0.21606149082191564
1509,1997-1999,-1.124402219076423,-1.113744291735869,0.010657927340553819
1510,1997-1999,1.1808521721397995,0.632529762176598,-0.5483224099632016
1512,1997-1999,-0.9488378622854858,-0.8406040675702247,0.10823379471526118
1513,1997-1999,-0.258702449341476,-0.35841518707106645,-0.09971273772959044
1515,1997-1999,0.47910793896900145,0.46186535135830764,-0.017242587610693805
1517,1997-1999,1.1100009737786085,0.5012832913588148,-0.6087176824197937
1519,1997-1999,0.09254594053178851,0.113558138225436,0.021012197693647497
1520,1997-1999,-0.4553858476228204,-0.10787397873705022,0.3475118688857702
1521,1997-1999,-0.2277340029982864,-0.25606138306243514,-0.028327380064148755
1533,1997-1999,0.2839911537648594,0.3015111717293954,0.017520017964536005
1538,1997-1999,0.09478521091689794,0.00894123782705497,-0.08584397308984297
1541,1997-1999,0.23823038264424912,0.14977263999759857,-0.08845774264665054
1544,1997-1999,-0.4379075552408584,-0.4741309725519661,-0.03622341731110773
1562,1997-1999,-1.2429964650963323,-1.1812799916512087,0.061716473445123654
1563,1997-1999,-0.3872905522821153,-0.5103096625705733,-0.12301911028845802
1565,1997-1999,-1.6081952345264703,-1.559911708474053,0.04828352605241726
1569,1997-1999,-1.4771016422337644,-1.3733733861034993,0.10372825613026504
1594,1997-1999,0.35099225789223204,0.05153639414766822,-0.29945586374456384
1600,1997-1999,-0.42023461618156255,-0.4725102581705377,-0.05227564198897516
1601,1997-1999,0.12161806764779252,-0.021617212755153763,-0.14323528040294628
1607,1997-1999,1.445801465676682,1.2648755139591759,-0.18092595171750614
1630,1997-1999,-0.6161212029732335,-0.6051122217620117,0.011008981211221736
1683,1997-1999,-0.15581884215728553,-0.5630041010353112,-0.40718525887802565
1709,1997-1999,-2.267377315611099,-2.314204305788387,-0.04682699017728842
1710,1997-1999,2.9628606908604382,2.5659312992965413,-0.39692939156389695
1711,1997-1999,0.5876400940585722,0.5184506441877696,-0.06918944987080256
1712,1997-1999,-0.13583031150449087,-0.2740504804467017,-0.13822016894221084
1713,1997-1999,3.5372559731019217,2.8834582867989735,-0.6537976863029482
1714,1997-1999,0.6873151678671652,0.5759261610675369,-0.11138900679962827
1715,1997-1999,3.0954723019173,2.252106546248922,-0.843365755668378
1716,1997-1999,1.3560066326707174,1.235543590710734,-0.12046304195998347
1717,1997-1999,0.2544711418806529,0.20441947166759716,-0.05005167021305573
1718,1997-1999,3.661449233893818,3.0979334377074434,-0.5635157961863744
1719,1997-1999,0.19912925010262428,0.24430208231284206,0.045172832210217784
1720,1997-1999,-0.46893004669181676,-0.4372012403702401,0.03172880632157665
1721,1997-1999,-1.6001609315202354,-1.5935346295632584,0.006626301956976999
1722,1997-1999,1.3873572544203214,0.9452036327863882,-0.44215362163393324
1723,1997-1999,0.11534593961811919,-0.013946377290715795,-0.12929231690883497
1724,1997-1999,-0.5661677611071584,-0.4566571519336815,0.10951060917347688
1725,1997-1999,-1.6142450436015825,-1.4052484242337904,0.20899661936779212
1727,1997-1999,0.228729115974797,0.3088561274690072,0.0801270114942102
1728,1997-1999,-0.9263085959743955,-0.9382224492490344,-0.011913853274638897
1729,1997-1999,1.1622525403267192,1.164308475666437,0.002055935339717818
1730,1997-1999,-1.4700440627208544,-1.3977382096893078,0.07230585303154657
1731,1997-1999,0.5093157851482143,0.5499727770624201,0.0406569919142058
1732,1997-1999,0.43180026384603637,0.3960147708131886,-0.03578549303284778
1733,1997-1999,-0.8794530535832609,-0.45461912820767286,0.424833925375588
1734,1997-1999,-0.8738364454768167,-0.9715199853176388,-0.09768353984082212
1735,1997-1999,-1.928360291003343,-2.2068862202040487,-0.2785259292007056
1736,1997-1999,-0.9556424000454591,-0.6675465969506782,0.2880958030947809
1737,1997-1999,-1.4612007030292782,-1.1891600111757334,0.27204069185354474
1739,1997-1999,-0.4225517199523776,-0.5327965256309539,-0.11024480567857631
1740,1997-1999,-0.21315887537461858,0.05496919952446859,0.2681280748990872
1741,1997-1999,0.39652209814058753,0.11886003411722867,-0.27766206402335886
1742,1997-1999,-0.32789049889621913,-0.5100238549478203,-0.1821333560516012
1743,1997-1999,-1.222070884049322,-0.9509579376714574,0.27111294637786454
1744,1997-1999,-1.8518503700557616,-2.1324361658361655,-0.2805857957804039
1749,1997-1999,1.2110668205678663,0.9802783968679523,-0.23078842369991404
1751,1997-1999,-1.8355357708095312,-1.7176703724902633,0.1178653983192679
1752,1997-1999,-1.5610098458387276,-1.3607166618648638,0.20029318397386375
1753,1997-1999,-0.1528005143588479,0.020355336662532076,0.17315585102137998
1800,1997-1999,1.68983196023744,1.4730274674814674,-0.2168044927559727
1802,1997-1999,0.3230127943019759,-0.07291474387551886,-0.3959275381774947
1838,1997-1999,1.7409274512296977,1.4090082181288488,-0.3319192331008489
1863,1997-1999,-0.3030954741131051,-0.22811302676804787,0.07498244734505724
1869,1997-1999,0.510959584577767,0.7113962756559818,0.20043669107821482
3,2000-2002,0.535836363792377,0.9178935383768767,0.3820571745844997
15,2000-2002,2.181131258925718,1.6046098981330204,-0.5765213607926976
21,2000-2002,1.9670277239548632,1.966086925345443,-0.0009407986094203125
22,2000-2002,0.5488582971856161,0.38055049676297803,-0.16830780042263804
23,2000-2002,-1.6984739204973551,-1.0681485915881197,0.6303253289092354
26,2000-2002,-1.8362638060563377,-1.8870329497451799,-0.05076914368884222
28,2000-2002,-0.7803919973235538,-0.8285172780218513,-0.04812528069829747
29,2000-2002,-1.6271948122584212,-1.8804963744038343,-0.2533015621454131
31,2000-2002,-1.3071294444664372,-1.4118320387936414,-0.10470259432720419
42,2000-2002,0.2683657500308298,-0.05936709305530843,-0.3277328430861382
43,2000-2002,2.268960871725924,1.4191665491318992,-0.849794322594025
45,2000-2002,1.9398833698999411,1.798627758162775,-0.14125561173716616
49,2000-2002,-2.104959331567851,-2.3935500411830106,-0.28859070961515965
51,2000-2002,1.6371716935512868,1.154243732097508,-0.4829279614537787
53,2000-2002,1.2658313736100282,1.4132508550455611,0.14741948143553296
54,2000-2002,-1.3975518853393798,-1.4725643625337186,-0.07501247719433879
55,2000-2002,-0.8509202709336365,-0.7151474073506984,0.13577286358293816
56,2000-2002,4.702617266307779,3.8471527686020766,-0.8554644977057029
57,2000-2002,2.5813989607973573,2.2386473711244865,-0.3427515896728708
63,2000-2002,0.570151510491686,0.25051325056594703,-0.31963825992573897
64,2000-2002,1.3541738508388366,1.704448585135599,0.3502747342967625
67,2000-2002,-1.224246388194587,-1.1863387454388985,0.037907642755688586
70,2000-2002,1.970598399699823,1.6743605776594195,-0.2962378220404036
72,2000-2002,1.4663416554759512,0.9824296270419873,-0.48391202843396386
76,2000-2002,1.2138124413374025,0.8466205876792327,-0.36719185365816986
77,2000-2002,0.345953474128446,0.3543083816751705,0.008354907546724466
82,2000-2002,-1.8693754995087233,-1.4658159782863844,0.40355952122233885
84,2000-2002,2.534696110393747,1.8308713011389077,-0.7038248092548391
85,2000-2002,1.1290097528168412,0.941751375302894,-0.18725837751394725
87,2000-2002,-0.34353248312884255,-0.32651642626490207,0.017016056863940476
89,2000-2002,2.993098774562175,2.182142861851118,-0.8109559127110573
93,2000-2002,1.0983093512421678,0.20569762994373536,-0.8926117212984324
95,2000-2002,-1.3190917271534552,-1.140873673844902,0.17821805330855334
96,2000-2002,1.287374292307828,1.4679644619289434,0.1805901696211154
98,2000-2002,1.6983476649594333,1.5834104291179085,-0.11493723584152482
100,2000-2002,-0.5274804027529385,-0.573126218138834,-0.045645815385895516
103,2000-2002,1.1428213021290081,0.7149669803763269,-0.42785432175268123
104,2000-2002,-1.323432811142084,-1.090666496482229,0.2327663146598551
105,2000-2002,1.329352424544977,1.2944053578023171,-0.034947066742659905
107,2000-2002,0.848238883751922,1.2128355107678694,0.3645966270159474
109,2000-2002,0.7209094769375365,0.48643369189180874,-0.23447578504572775
111,2000-2002,0.2538426782365936,0.1645847582434253,-0.08925791999316832
120,2000-2002,2.4612798728375114,1.9078133857211825,-0.5534664871163288
121,2000-2002,0.23152785560989259,0.8593167249882224,0.6277888693783298
123,2000-2002,1.3564888870495446,1.2153598781356063,-0.14112900891393831
124,2000-2002,1.1871795476376252,1.0994319882543235,-0.0877475593833017
128,2000-2002,-0.2505016963074674,-0.20092628431580595,0.04957541199166143
133,2000-2002,2.421007671142246,1.9545309865691671,-0.466476684573079
134,2000-2002,0.8271396633100233,0.6158913099529075,-0.21124835335711578
136,2000-2002,0.43976562853139534,0.11951088394827862,-0.3202547445831167
137,2000-2002,1.6606477252617282,1.54453401135255,-0.11611371390917813
145,2000-2002,1.2058152779362246,0.6126978337548035,-0.5931174441814211
146,2000-2002,0.8021418684008855,0.9444532101443176,0.14231134174343207
147,2000-2002,2.469905418001029,1.792906110724335,-0.6769993072766942
156,2000-2002,-2.0102244798822655,-1.659897730139511,0.35032674974275446
164,2000-2002,0.5326726966246235,0.49107292649613254,-0.04159977012849092
165,2000-2002,0.5791550212640202,1.2820177823111063,0.7028627610470861
166,2000-2002,1.2458244947492354,1.5544262421087738,0.3086017473595384
168,2000-2002,0.9133000294488312,0.7221072728884993,-0.19119275656033186
170,2000-2002,-1.1122824683215669,-0.6455832038140331,0.46669926450753374
177,2000-2002,0.9303929524610766,0.7775949787001084,-0.15279797376096815
178,2000-2002,-1.8554764563631565,-1.4800701228158053,0.3754063335473512
179,2000-2002,1.387166202377315,1.0763548967874177,-0.31081130558989734
180,2000-2002,0.9285265920452636,0.514101982687628,-0.4144246093576356
182,2000-2002,-0.04684703390788848,0.03546993566727766,0.08231696957516614
184,2000-2002,1.1630890293906921,0.7779833940631822,-0.38510563532750997
185,2000-2002,3.304583250983356,2.2385928549954848,-1.0659903959878712
187,2000-2002,-0.36102220700876836,0.13105884077755398,0.49208104778632233
190,2000-2002,-2.349382306349205,-2.204956460678326,0.14442584567087913
192,2000-2002,0.7763586106028363,0.41690039719293603,-0.35945821340990025
193,2000-2002,1.5584951656490627,1.2807116141212447,-0.277783551527818
197,2000-2002,1.1496027553420596,0.6579941077185711,-0.49160864762348844
198,2000-2002,1.5434699222894959,1.0884465481385626,-0.4550233741509333
201,2000-2002,-1.9558667074602358,-1.5857582099481262,0.3701084975121096
202,2000-2002,-0.8479113206209854,-0.6586403185607053,0.18927100206028014
204,2000-2002,3.6984207548658574,3.56604278359368,-0.13237797127217732
208,2000-2002,3.4585574038941074,2.7443312135051294,-0.7142261903889779
209,2000-2002,2.375284261708649,2.2060548287928667,-0.1692294329157824
210,2000-2002,3.8819225422455252,3.0910750813738823,-0.7908474608716429
213,2000-2002,0.5528350273463025,0.3637050308173044,-0.18912999652899815
216,2000-2002,1.05185075296046,1.3554886057226305,0.3036378527621706
219,2000-2002,0.29839339306015844,0.06367997165645131,-0.23471342140370713
221,2000-2002,0.38604286221339346,0.12859270194863492,-0.25745016026475853
223,2000-2002,-1.2271664717336175,-1.422244229067062,-0.19507775733344457
224,2000-2002,3.382412748435592,2.564306891363604,-0.8181058570719881
226,2000-2002,-1.4182173978798325,-1.5632533161399156,-0.1450359182600831
228,2000-2002,-0.6773196830762854,-0.7284258632156082,-0.05110618013932278
234,2000-2002,-0.4504203643207864,-0.5298632693336562,-0.07944290501286982
236,2000-2002,0.7665911365869322,1.0485991169189042,0.28200798033197194
238,2000-2002,0.05082177365362704,0.07756317759830489,0.026741403944677847
239,2000-2002,1.721489229799559,1.145731273594119,-0.57575795620544
243,2000-2002,0.9458465009279522,0.5175624338433347,-0.4282840670846175
244,2000-2002,1.0634822934024215,0.8125439115331948,-0.2509383818692267
248,2000-2002,0.7521539729080728,0.5175492587876388,-0.23460471412043404
251,2000-2002,1.3539711804093695,1.2967390911546355,-0.057232089254734
252,2000-2002,4.512003165989894,4.93371020909139,0.4217070431014962
255,2000-2002,3.712171157557189,2.645505619836074,-1.0666655377211152
258,2000-2002,0.09830257617175223,-0.2866140533009829,-0.3849166294727351
262,2000-2002,-0.6319233371400237,-0.37043852130962585,0.26148481583039784
270,2000-2002,0.28921349084189707,0.3675711062135131,0.07835761537161601
271,2000-2002,2.1861438965690105,2.3864735263234857,0.2003296297544752
275,2000-2002,2.877846540092856,1.7427044262058584,-1.1351421138869977
278,2000-2002,0.5748490340028254,0.7086446697952224,0.13379563579239706
280,2000-2002,-1.0459644450159087,-1.0181916787244574,0.027772766291451312
281,2000-2002,-1.2398639068799422,-1.1986789516630967,0.04118495521684551
283,2000-2002,1.3121709016953105,0.7528232701995774,-0.5593476314957331
288,2000-2002,-0.0427949604128667,0.22100443138708653,0.2637993917999532
292,2000-2002,-0.8378125033320846,-1.1103187291474197,-0.2725062258153351
296,2000-2002,1.7011567323619432,1.6325746123511107,-0.06858212001083253
297,2000-2002,1.3097234199113719,0.6015034755175319,-0.70821994439384
299,2000-2002,3.1201639888186348,2.0357755750322877,-1.084388413786347
302,2000-2002,2.539318710781517,2.576725662115155,0.03740695133363792
304,2000-2002,5.220708625913697,5.316563249133608,0.09585462321991134
317,2000-2002,1.4709163478090381,1.6220868287587493,0.1511704809497112
323,2000-2002,-1.2411993781742956,-1.3661301100196324,-0.12493073184533676
324,2000-2002,1.5597692090146267,1.2042609125188974,-0.35550829649572924
330,2000-2002,0.3724621941751898,0.6864186352480113,0.3139564410728215
339,2000-2002,0.1743822491631561,-0.02706151790761623,-0.20144376707077233
344,2000-2002,1.8664318056553437,1.4691987885076339,-0.39723301714770987
345,2000-2002,3.643594254654553,3.60928495169469,-0.03430930295986334
348,2000-2002,-0.20778529286920838,-0.2711566626907853,-0.06337136982157693
349,2000-2002,3.0099002507518247,2.9476995533163253,-0.062200697435499386
353,2000-2002,4.347241060654223,4.048354711493436,-0.29888634916078693
358,2000-2002,2.0450653968850125,1.648363310668174,-0.39670208621683845
359,2000-2002,-0.8759190629416288,-0.7894375316827809,0.08648153125884794
361,2000-2002,2.498242428633165,2.2675791280519144,-0.2306633005812504
363,2000-2002,0.5891076851395898,0.2638884266297989,-0.3252192585097909
364,2000-2002,1.0485205512793834,0.8723567879124221,-0.17616376336696127
365,2000-2002,0.3920635533643466,0.5466219791623403,0.15455842579799373
369,2000-2002,1.683808030178983,1.2753320953641816,-0.4084759348148015
371,2000-2002,0.7688756217506005,0.4111356087456125,-0.35774001300498803
375,2000-2002,1.381330428220591,0.9002142172042131,-0.4811162110163778
376,2000-2002,-2.798146768957212,-2.679882943939921,0.11826382501729116
380,2000-2002,-0.49843972451924257,-0.056555099567498414,0.44188462495174413
381,2000-2002,-0.9528682270979327,-0.7902484424346119,0.16261978466332083
383,2000-2002,0.9412319772252673,0.889026302848201,-0.05220567437706625
384,2000-2002,-0.2827378010301009,-0.47348247687830103,-0.19074467584820015
386,2000-2002,1.0796288967825631,0.8800084165178539,-0.19962048026470924
389,2000-2002,2.3856390906912486,2.0830071389949767,-0.3026319516962719
393,2000-2002,2.4802649535031778,2.467491819073743,-0.01277313442943484
397,2000-2002,5.188418469158736,4.343592977944491,-0.8448254912142454
399,2000-2002,-1.3272003065621902,-1.3385327275939285,-0.01133242103173826
400,2000-2002,-0.3560370738835836,-0.11640048027771736,0.2396365936058662
406,2000-2002,4.0692297342621755,2.5634251243517987,-1.5058046099103768
417,2000-2002,0.28794301207028117,0.4035686818074572,0.11562566973717603
422,2000-2002,1.5923304251716324,1.7064577836439416,0.11412735847230926
423,2000-2002,0.8812379729330514,0.5620131758031481,-0.31922479712990326
426,2000-2002,-0.7092087160970615,-0.49568326943026886,0.21352544666679263
428,2000-2002,1.153015219202905,1.3220229444426832,0.16900772523977814
431,2000-2002,0.022770389659124986,-0.5202779002463436,-0.5430482899054686
432,2000-2002,-0.3583526669718133,-0.44292009555950934,-0.08456742858769606
435,2000-2002,-0.21694023456140385,-0.4880685274241937,-0.27112829286278983
436,2000-2002,0.7262817747325376,0.19641262812040255,-0.529869146612135
440,2000-2002,-2.013645715019166,-2.095238814210049,-0.08159309919088287
441,2000-2002,1.3340051472719519,0.7032459713420278,-0.630759175929924
442,2000-2002,-1.177519290165139,-1.2019316972623193,-0.02441240709718029
445,2000-2002,2.106595641949962,1.1544475893056412,-0.9521480526443209
446,2000-2002,1.6141092674643835,1.310851304973582,-0.3032579624908016
448,2000-2002,0.6952904181988437,0.4860521061146077,-0.20923831208423604
452,2000-2002,-0.2049784233093325,-0.5645825171037678,-0.35960409379443536
456,2000-2002,0.4169190429774939,0.6362080227200817,0.21928897974258782
457,2000-2002,-1.635494881403,-1.4691301701566313,0.16636471124636865
458,2000-2002,0.5750293643876363,0.21338574235821625,-0.36164362202942
461,2000-2002,0.16404127211337985,0.1394452073717561,-0.024596064741623735
462,2000-2002,-0.6597886351522148,-0.6249013015827962,0.03488733356941853
467,2000-2002,3.372278572632818,2.6924297650184537,-0.6798488076143645
468,2000-2002,2.5827463304666787,1.8364920301729257,-0.746254300293753
469,2000-2002,2.4336138317225617,1.9058121931780474,-0.5278016385445143
672,2000-2002,1.4007233871972933,1.2761871519950074,-0.12453623520228585
673,2000-2002,0.15405544302052768,-0.14255593317787466,-0.29661137619840233
674,2000-2002,-0.3985744563324413,-0.2516998888333577,0.14687456749908362
677,2000-2002,0.4804010198841667,0.21564882859639187,-0.26475219128777483
679,2000-2002,0.025108551552662707,-0.43179586194946323,-0.45690441350212596
680,2000-2002,-0.782319097259881,-1.055212087907255,-0.27289299064737405
681,2000-2002,-0.3287685803013841,-0.6037762979771918,-0.2750077176758077
682,2000-2002,1.7814091992975016,1.3308417440840576,-0.450567455213444
685,2000-2002,-0.998917635791986,-1.179356401824903,-0.18043876603291698
686,2000-2002,2.0191041214364502,1.253001216214876,-0.7661029052215742
688,2000-2002,-0.2132412083457985,-0.12014475692067657,0.09309645142512192
689,2000-2002,-0.5830363145959397,-0.8921163318752103,-0.3090800172792706
690,2000-2002,-1.1669162228108143,-1.3897465325358394,-0.22283030972502504
692,2000-2002,-0.9286232608576654,-1.3209474189322092,-0.3923241580745438
693,2000-2002,0.026867471207279205,-0.40158963300675304,-0.42845710421403227
694,2000-2002,0.1618240276941404,0.0043690730161956015,-0.1574549546779448
695,2000-2002,0.48416296138949316,0.6717607954506851,0.18759783406119196
696,2000-2002,0.8467166345728934,0.19237531932632665,-0.6543413152465667
697,2000-2002,1.2454357362775368,0.7351962910307297,-0.5102394452468071
699,2000-2002,3.0168577956107234,1.9061959340402659,-1.1106618615704575
702,2000-2002,1.6100515819623538,0.9574262126507808,-0.652625369311573
703,2000-2002,0.13225675444176246,-0.2864733364364026,-0.41873009087816504
707,2000-2002,-0.0007555491351717514,-0.2556677837133637,-0.25491223457819195
708,2000-2002,4.022280050868256,3.126638426283125,-0.8956416245851306
711,2000-2002,3.9028164276253228,2.8807863638155555,-1.0220300638097672
712,2000-2002,-0.5759401286814894,-0.6281734855305333,-0.052233356849043955
713,2000-2002,0.8434117954194285,0.3369112574988038,-0.5065005379206247
714,2000-2002,2.7556025574625655,1.9511030969686085,-0.804499460493957
717,2000-2002,1.070743656871369,1.3487195840702653,0.2779759271988962
718,2000-2002,-0.23309364328231608,-0.5810427267574396,-0.34794908347512354
721,2000-2002,0.8267731410191361,0.5017931531244297,-0.3249799878947064
722,2000-2002,0.8225133025319324,0.2911199253954129,-0.5313933771365196
724,2000-2002,0.09440024667901623,-0.11578132432955575,-0.210181571008572
727,2000-2002,0.5459549147284632,0.08882580459917744,-0.4571291101292858
731,2000-2002,-1.778252230913494,-2.163606737237112,-0.3853545063236179
735,2000-2002,-0.753658567255685,-1.0715147781330283,-0.3178562108773433
739,2000-2002,2.887509668265795,1.989802655278724,-0.8977070129870708
753,2000-2002,-0.5286852203807401,-0.29230421953631014,0.23638100084442992
754,2000-2002,1.0170824317161444,0.5527083268028792,-0.46437410491326525
757,2000-2002,2.1273994594767105,1.6279706704098718,-0.49942878906683874
760,2000-2002,-0.6191084711942691,-0.09272378811182369,0.5263846830824455
761,2000-2002,-0.8764132991579585,-1.2722421204450916,-0.39582882128713304
762,2000-2002,-0.9457166036836883,-1.2629699479224183,-0.3172533442387301
763,2000-2002,-1.1512411588201004,-1.039143756835168,0.11209740198493234
764,2000-2002,1.9480071863270285,1.9244086770698197,-0.023598509257208855
765,2000-2002,1.2890962643003576,1.146508183852079,-0.14258808044827864
766,2000-2002,-0.8416742003387168,-0.6473410075469923,0.19433319279172445
769,2000-2002,1.0703156441618398,0.8676383288754985,-0.20267731528634125
770,2000-2002,-2.609741850419731,-2.2395680124170436,0.37017383800268755
777,2000-2002,-0.03200477791325986,-0.1997638011571394,-0.16775902324387953
779,2000-2002,1.7135987064659237,1.5706260087822668,-0.14297269768365695
781,2000-2002,-1.0348320720008204,-0.8589219995971771,0.1759100724036433
782,2000-2002,2.7254615083032037,2.5505977385227965,-0.17486376978040719
785,2000-2002,0.8117365935355092,0.7281757846808302,-0.08356080885467898
787,2000-2002,2.022584850061069,2.590537779092411,0.5679529290313421
788,2000-2002,-0.0044537596969909275,0.2188469934420707,0.22330075313906164
891,2000-2002,0.6437728001472866,1.3726127843910416,0.7288399842437551
893,2000-2002,5.350124097934218,5.904998704548673,0.5548746066144545
895,2000-2002,-0.17212830063067994,0.21411051515762822,0.38623881578830815
896,2000-2002,3.455058357215242,3.2136388485860765,-0.2414195086291655
901,2000-2002,-1.2286415854450712,-0.8790413234519306,0.34960026199314054
902,2000-2002,0.24395747559659933,0.23623291114542938,-0.007724564451169952
904,2000-2002,2.107351265122269,2.303106514296478,0.19575524917420895
905,2000-2002,0.4380650051250637,0.36180673919134465,-0.07625826593371904
906,2000-2002,0.6828610116243564,0.7065058897582924,0.02364487813393601
907,2000-2002,1.1305130381377735,0.7344929549501694,-0.39602008318760407
911,2000-2002,-0.9868043769283783,-0.9467080108131674,0.040096366115210946
913,2000-2002,0.9103961559207425,0.7948282728251828,-0.11556788309555976
914,2000-2002,-0.8815454848036275,-0.8609845193548757,0.020560965448751745
915,2000-2002,1.3920560787250493,0.8797465843998994,-0.5123094943251499
916,2000-2002,-0.008687480785071745,0.11106680044023713,0.11975428122530887
919,2000-2002,-0.5357750128766275,-0.2602467776848353,0.27552823519179226
920,2000-2002,-0.49082014569496824,-0.26076389408505124,0.230056251609917
922,2000-2002,0.08173654232126507,-0.17953338482150977,-0.26126992714277486
923,2000-2002,1.274939302682785,0.6911145282495375,-0.5838247744332477
924,2000-2002,1.0348486230862297,0.6933609315940898,-0.34148769149213987
931,2000-2002,-0.85067645717556,-1.1164307702243066,-0.26575431304874664
932,2000-2002,-0.35465845852697003,-0.5857708909731427,-0.2311124324461727
934,2000-2002,1.3700476329942595,1.1343758196177918,-0.2356718133764677
935,2000-2002,1.6640547357184166,1.0806441500941006,-0.5834105856243159
937,2000-2002,2.173446525638272,2.2934783282534825,0.12003180261521074
947,2000-2002,4.716259217741856,3.4245071739835042,-1.2917520437583514
948,2000-2002,-0.07457143022538533,-0.3935815839406291,-0.31901015371524377
949,2000-2002,2.7134898572834256,2.119145545433107,-0.5943443118503184
950,2000-2002,3.887625447327327,3.324787237592782,-0.562838209734545
951,2000-2002,5.811835005538218,4.551090049436008,-1.2607449561022106
952,2000-2002,3.155744236060901,2.4700304433076488,-0.6857137927532522
953,2000-2002,-0.6611152625528882,-0.9010621113150968,-0.23994684876220862
954,2000-2002,2.1637524855158565,1.5953214250782077,-0.5684310604376488
955,2000-2002,-1.4690307353202186,-1.668999141025246,-0.1999684057050275
956,2000-2002,-2.0716589437798936,-2.2592251596640676,-0.187566215884174
957,2000-2002,-1.1866896233214033,-1.4286855278807484,-0.24199590455934517
958,2000-2002,-0.3721970321996799,-0.6202163074568763,-0.24801927525719636
959,2000-2002,4.389374109558005,3.194559419742001,-1.1948146898160044
960,2000-2002,0.9116864223683377,0.5883876983472758,-0.32329872402106197
961,2000-2002,-0.5937048098047365,-1.112398059786497,-0.5186932499817606
962,2000-2002,0.6803620415947369,0.28859104754400977,-0.39177099405072713
964,2000-2002,-1.6046952279409776,-1.843698026201272,-0.23900279826029447
965,2000-2002,1.181401087764915,0.5381645290739191,-0.6432365586909959
966,2000-2002,0.7548903022046132,0.341285588354196,-0.4136047138504172
969,2000-2002,-2.01337928378421,-2.155203903566993,-0.14182461978278305
970,2000-2002,-0.5678178801133984,-0.9722070261705884,-0.40438914605719
971,2000-2002,-0.40358018165948256,-0.5843016939078773,-0.18072151224839478
976,2000-2002,1.836324459775883,1.1553708942159686,-0.6809535655599144
977,2000-2002,5.289875998444007,4.826347708080462,-0.4635282903635449
978,2000-2002,3.7872311663241804,2.929362804308949,-0.8578683620152314
979,2000-2002,0.2223644620162853,0.15293783811553094,-0.06942662390075435
980,2000-2002,-0.24109368030710052,-0.827991849766342,-0.5868981694592414
983,2000-2002,1.6268830525203728,1.1823819535511262,-0.4445010989692466
988,2000-2002,0.5913523689888966,0.4325052575950753,-0.15884711139382135
990,2000-2002,-0.25770052148737155,-0.6255982128931705,-0.367897691405799
994,2000-2002,-0.1786219933205921,-0.47133442270046677,-0.2927124293798747
1000,2000-2002,1.1526014287152635,0.7746111146822772,-0.37799031403298633
1003,2000-2002,0.7528441698619923,0.3524885762416402,-0.4003555936203521
1005,2000-2002,1.6053449477075823,1.2131438995865482,-0.39220104812103407
1023,2000-2002,1.0177893437578471,1.0724075096997414,0.05461816594189428
1032,2000-2002,0.054752961823841775,-0.11440565729231889,-0.16915861911616065
1043,2000-2002,-1.3367074584891483,-1.4735372387429582,-0.13682978025380987
1051,2000-2002,-1.5332657278279054,-1.2382618456886376,0.29500388213926776
1065,2000-2002,1.7556109953707615,1.1607222224662979,-0.5948887729044636
1073,2000-2002,0.28462959095479007,0.03347513656605243,-0.2511544543887376
1074,2000-2002,1.1559644386775323,0.7770685619861495,-0.3788958766913828
1088,2000-2002,1.4873943972694232,0.8883353613371947,-0.5990590359322285
1110,2000-2002,-0.4260216481748572,-0.5706104326511267,-0.14458878447626944
1112,2000-2002,-0.02349239300824977,-0.3185093009787973,-0.2950169079705475
1114,2000-2002,1.0655041710843975,0.7757158870468852,-0.28978828403751233
1134,2000-2002,-1.2903641621531687,-1.3760249792201418,-0.08566081706697304
1138,2000-2002,-0.32039923801427483,-0.27076269365954725,0.049636544354727585
1425,2000-2002,-0.09938163949373782,-0.4757376490003048,-0.376356009506567
1442,2000-2002,-0.5646919090952424,-0.7079875040017665,-0.1432955949065241
1444,2000-2002,-0.0839481074328395,-0.318040460359985,-0.23409235292714553
1477,2000-2002,0.3865733979412395,0.29686339878727186,-0.08970999915396766
1495,2000-2002,3.406403374762751,2.130086828014003,-1.276316546748748
1496,2000-2002,2.381122673070803,1.8089647629418042,-0.5721579101289989
1497,2000-2002,2.192133766434892,1.5134874816506056,-0.6786462847842865
1498,2000-2002,1.2556305788128235,0.738547814898031,-0.5170827639147925
1499,2000-2002,-0.019668720961330634,-0.4268135578342962,-0.40714483687296554
1500,2000-2002,1.2363481912863634,0.9436709098798634,-0.29267728140650007
1501,2000-2002,2.2154656408073348,1.7455015770758078,-0.469964063731527
1502,2000-2002,-1.6479003679708761,-1.8820100935895627,-0.2341097256186866
1503,2000-2002,4.633370388625751,4.284140490564466,-0.3492298980612851
1504,2000-2002,0.11113118689205903,-0.21992638903687264,-0.3310575759289317
1505,2000-2002,0.3284378931819977,-0.04832560341757025,-0.3767634965995679
1506,2000-2002,1.3262586412377728,0.8782620147203015,-0.4479966265174713
1507,2000-2002,2.6688345023754243,2.0770072293577018,-0.5918272730177225
1508,2000-2002,0.16642584998035553,-0.08936897098785192,-0.25579482096820744
1509,2000-2002,-0.6921225222141255,-0.9890582212605882,-0.29693569904646266
1510,2000-2002,0.37464920080479347,0.14295413949253244,-0.23169506131226103
1511,2000-2002,-0.8614336417339823,-0.9595692515612614,-0.09813560982727909
1512,2000-2002,0.08566346350781638,-0.26808030485421347,-0.35374376836202986
1513,2000-2002,0.04232547789506654,-0.3053074958495336,-0.3476329737446001
1515,2000-2002,0.09970481322252558,-0.09356326588346478,-0.19326807910599036
1517,2000-2002,1.2132261833534232,0.8876297867560595,-0.3255963965973637
1518,2000-2002,-0.5366679320140586,-0.5513877833314951,-0.014719851317436472
1519,2000-2002,-0.82988020813644,-0.9132246070945487,-0.08334439895810863
1520,2000-2002,0.4450773863486403,0.21231253707948058,-0.23276484926915972
1521,2000-2002,0.5651445956393949,0.10256470086534827,-0.4625798947740466
1531,2000-2002,0.0935891692054939,-0.3138883541312592,-0.40747752333675313
1533,2000-2002,-0.11523836607330959,-0.2536156365812229,-0.1383772705079133
1536,2000-2002,0.696108875328917,0.6239556905189054,-0.07215318481001154
1538,2000-2002,-0.4105863758131284,-0.523883969228021,-0.11329759341489265
1541,2000-2002,1.5007555649917863,1.1857063563279238,-0.31504920866386255
1542,2000-2002,-0.5933285945943071,-0.8955216672993463,-0.30219307270503926
1544,2000-2002,-0.4625576899668382,-0.8126155247019222,-0.350057834735084
1548,2000-2002,-1.4103047355532734,-1.7162830402896165,-0.30597830473634313
1559,2000-2002,1.1830041845207482,0.8104254711319969,-0.37257871338875126
1563,2000-2002,0.34106936392376175,0.05409671146467898,-0.28697265245908277
1565,2000-2002,-1.9818261631071181,-2.2210971108657516,-0.23927094775863345
1569,2000-2002,-0.7999262503688038,-1.002785205699628,-0.2028589553308242
1594,2000-2002,0.2840133315826145,0.09458580948691646,-0.18942752209569802
1600,2000-2002,-0.8255200574275973,-1.2218344860810781,-0.3963144286534809
1601,2000-2002,0.1849804947629745,0.06546206233051735,-0.11951843243245716
1607,2000-2002,1.3186602645956131,1.0510548398264032,-0.2676054247692099
1612,2000-2002,-0.9682239359967477,-0.8642244014756979,0.10399953452104982
1630,2000-2002,-0.7557929101246639,-0.9780752855363947,-0.2222823754117308
1709,2000-2002,-1.5946397201188502,-1.7538609551331354,-0.1592212350142852
1710,2000-2002,3.2547372962934,2.8086083768642887,-0.44612891942911137
1711,2000-2002,0.641572505873894,0.19664307737952133,-0.44492942849437267
1712,2000-2002,2.5194085010981784,1.8210738839082012,-0.6983346171899771
1713,2000-2002,4.857946802174227,4.082992260118322,-0.7749545420559043
1714,2000-2002,-0.5405909111341834,-0.7111150099071313,-0.17052409877294783
1715,2000-2002,2.772589483009867,2.1209881310571737,-0.6516013519526935
1716,2000-2002,2.467106498612229,2.383853850676969,-0.08325264793526
1717,2000-2002,4.209171484616176,3.420077869350829,-0.7890936152653469
1718,2000-2002,3.8779847675874692,3.202230448014524,-0.6757543195729454
1719,2000-2002,2.056784201218391,1.5269655305529368,-0.529818670665454
1720,2000-2002,-0.5462077138707235,-0.7952891116424864,-0.24908139777176286
1721,2000-2002,-0.8090911777121381,-1.0809892823209735,-0.27189810460883534
1722,2000-2002,2.130625560636662,1.589428155070594,-0.5411974055660682
1723,2000-2002,0.7964206393049141,0.38068020459197077,-0.41574043471294336
1724,2000-2002,1.3548671829641616,0.9025003736662992,-0.45236680929786244
1725,2000-2002,-1.18268665125983,-1.3823687507278304,-0.19968209946800042
1727,2000-2002,1.4527361579663634,0.927169544042021,-0.5255666139243423
1728,2000-2002,-0.3942523652337119,-0.5444754776875286,-0.1502231124538167
1729,2000-2002,1.7303156985598611,1.6968879600902471,-0.033427738469614
1730,2000-2002,-1.6135449511718776,-1.7691240380291926,-0.15557908685731503
1731,2000-2002,0.935509553904288,0.62815849450322,-0.307351059401068
1732,2000-2002,0.03131860805663994,-0.23440565581432557,-0.2657242638709655
1733,2000-2002,0.22888345951482134,0.31331875709765,0.08443529758282867
1735,2000-2002,-1.447474299110285,-1.5765967343681748,-0.1291224352578899
1736,2000-2002,0.4612531319283713,0.4669044001805112,0.005651268252139907
1737,2000-2002,-0.3184364792521019,-0.5405972271542633,-0.2221607479021614
1738,2000-2002,-0.05368646552933681,-0.42386366977877243,-0.3701772042494356
1739,2000-2002,1.9364467157908642,1.5243220943549143,-0.41212462143594997
1740,2000-2002,3.59588744045996,3.2374572011004425,-0.35843023935951734
1741,2000-2002,-1.3041794092093957,-1.2901332767515028,0.01404613245789288
1742,2000-2002,1.6962772950032476,1.045546283707638,-0.6507310112956097
1744,2000-2002,-2.0669684004618576,-2.2013319981491035,-0.13436359768724593
1747,2000-2002,0.47265772125301775,0.48129167578152793,0.00863395452851018
1749,2000-2002,2.883903998837171,2.0259327897127597,-0.8579712091244112
1751,2000-2002,-1.0390971687022095,-1.1507310726917122,-0.11163390398950268
1752,2000-2002,-1.6948232053267254,-1.8983002158426712,-0.2034770105159458
1754,2000-2002,-0.5235402590437942,-0.4426309737861106,0.0809092852576836
1761,2000-2002,0.7572324286502836,0.5231051408432082,-0.23412728780707537
1762,2000-2002,-0.3134775286806879,-0.45533711765350715,-0.14185958897281925
1763,2000-2002,0.5916880699595684,0.2645474950224437,-0.3271405749371247
1800,2000-2002,1.672855982922755,1.330998005253136,-0.3418579776696189
1802,2000-2002,1.2042744302560997,0.7819207024664223,-0.4223537277896774
1838,2000-2002,1.1120237948840663,0.8959080641084209,-0.2161157307756454
1853,2000-2002,0.16439504451872097,0.17453419584408303,0.010139151325362056
1863,2000-2002,0.9624844026170012,0.6616307668086642,-0.300853635808337
1869,2000-2002,1.4351848200392814,1.2260144580402461,-0.20917036199903527
1872,2000-2002,-0.13096521679318443,-0.06079100548407586,0.07017421130910857
1882,2000-2002,2.528613108240047,2.2917932383911572,-0.23681986984888992
1883,2000-2002,3.494077309404357,3.033414898106397,-0.46066241129796026
1884,2000-2002,2.990404456079942,2.7490182454292604,-0.24138621065068167
1885,2000-2002,3.296857148774317,3.2852549422414854,-0.011602206532831616
1886,2000-2002,-0.16086805574993887,-0.07929593723158371,0.08157211851835516
1887,2000-2002,2.942040582148107,2.3058353692831823,-0.6362052128649247
1888,2000-2002,1.3684038227697475,1.1643086618396246,-0.20409516093012292
1889,2000-2002,2.9113412660031477,2.227599453969289,-0.6837418120338588
1890,2000-2002,1.8808017435312874,1.606581302570999,-0.2742204409602884
1891,2000-2002,3.254861710414017,2.6300837893627405,-0.6247779210512765
1894,2000-2002,1.2797436232647883,1.335799420732935,0.056055797468146595
1897,2000-2002,2.065262093850626,2.0084644546154418,-0.05679763923518433
1899,2000-2002,1.5009721359927053,1.2071643582457776,-0.2938077777469277
1901,2000-2002,0.5146813546020599,0.54889774140372,0.03421638680166017
1902,2000-2002,0.06712652357495105,-0.15107895358341908,-0.21820547715837013
1903,2000-2002,0.4081314089754609,0.300772531094555,-0.10735887788090592
1904,2000-2002,0.4231034951182072,0.3644721521125923,-0.0586313430056149
1905,2000-2002,1.7707451264135776,1.6070481623123658,-0.16369696410121182
1908,2000-2002,0.8072120537835268,0.79300595562744,-0.014206098156086755
1909,2000-2002,0.8181367875450105,0.4910040669610078,-0.3271327205840027
1913,2000-2002,-0.18180020800426366,-0.22782334619536188,-0.04602313819109821
1916,2000-2002,-1.3301475346034233,-1.5364853932559936,-0.20633785865257037
1917,2000-2002,0.7903255874489687,0.46772042963063865,-0.3226051578183301
1918,2000-2002,-0.9711888083889043,-1.3121632516288775,-0.34097444323997317
1919,2000-2002,0.2555804408168897,0.387706739450334,0.13212629863344433
1924,2000-2002,0.1769837401199971,-0.2125855604907078,-0.3895693006107049
1928,2000-2002,-0.6439537961451739,-0.940924682326847,-0.2969708861816731
1934,2000-2002,-0.07435042268472036,-0.08185579931121689,-0.007505376626496529
1944,2000-2002,1.257057206226293,0.8815469618298127,-0.3755102443964803
1952,2000-2002,-0.1558472693668569,-0.2531471945138039,-0.09729992514694702
1956,2000-2002,0.04878568766020096,-0.31808031254121893,-0.3668660002014199
1960,2000-2002,0.2935071462306658,0.3407245858138638,0.04721743958319796
1983,2000-2002,-0.2629901199740059,-0.32332491322634294,-0.06033479325233704
1985,2000-2002,-0.576719398448269,-0.7997727875034734,-0.22305338905520433
2030,2000-2002,0.4741586108511012,0.24298408477286282,-0.2311745260782384
2031,2000-2002,0.21845546432155571,0.24432428210804202,0.02586881778648631
2032,2000-2002,0.5941547639518105,0.8005191335323285,0.20636436958051796
2033,2000-2002,0.12668745037539106,0.129983350873714,0.003295900498322929
2034,2000-2002,2.742112716717871,2.423089737265483,-0.319022979452388
2035,2000-2002,0.7794732080686575,0.7373103648172816,-0.04216284325137587
2036,2000-2002,-1.6075028131491074,-1.5730841786055276,0.03441863454357974
2037,2000-2002,1.6913078628033147,1.6672309865489978,-0.02407687625431687
2038,2000-2002,-2.0499397923144644,-1.7868779564265502,0.2630618358879142
2039,2000-2002,1.227068369578584,1.2824914463643315,0.05542307678574754
2040,2000-2002,-1.6791092457088523,-1.5535668664434503,0.12554237926540202
2041,2000-2002,-0.8868450174625229,-0.9687330184752753,-0.0818880010127524
2042,2000-2002,0.13329169787053521,-0.06282322207565665,-0.19611491994619185
2044,2000-2002,-0.9867197926080056,-1.0045523062041704,-0.01783251359616478
2045,2000-2002,0.9154656244555003,0.9025035813806046,-0.01296204307489568
2046,2000-2002,0.3088270720485612,0.14117098527681432,-0.16765608677174687
2047,2000-2002,2.5695186117625335,2.3458537789305542,-0.22366483283197924
2048,2000-2002,-0.3536492617181663,-0.43054690082109043,-0.07689763910292413
2049,2000-2002,0.4817554813550794,0.38941417374139375,-0.09234130761368564
2050,2000-2002,1.734899311057728,1.5601759710267387,-0.17472334003098933
2051,2000-2002,0.11035691287490983,0.21271619417403978,0.10235928129912995
2052,2000-2002,-0.13124895408597187,0.31392930381245965,0.4451782578984315
2054,2000-2002,-1.4231565959333845,-1.432234240151957,-0.00907764421857249
2055,2000-2002,-0.7589997326401091,-1.1539076351231672,-0.39490790248305807
2056,2000-2002,-0.7182226757354456,-0.6717339470071146,0.046488728728330986
2058,2000-2002,-0.12987479514622857,-0.3019373403031626,-0.17206254515693403
2059,2000-2002,0.702588389051761,0.47752824032819363,-0.2250601487235674
2061,2000-2002,-0.47179030604070415,-0.4786912994412652,-0.006900993400561051
2063,2000-2002,-0.19639323224717928,-0.3698577405598905,-0.17346450831271124
2067,2000-2002,1.0254994318547397,0.771947490604752,-0.2535519412499877
2072,2000-2002,3.6370091217656495,3.2985187373643017,-0.3384903844013478
2073,2000-2002,-0.31693523370374826,-0.3344007815287272,-0.017465547824978944
2074,2000-2002,-0.25900584579973207,-0.5461040984196979,-0.2870982526199658
2078,2000-2002,0.05965334892858859,0.01138754705570888,-0.04826580187287971
2091,2000-2002,-1.6151226786428416,-1.7960745659722122,-0.1809518873293705
2098,2000-2002,0.5720048091523344,0.4681583843688495,-0.10384642478348494
2109,2000-2002,0.17155977371417908,0.40073501277479917,0.2291752390606201
2124,2000-2002,-0.9457417008222514,-1.0414683416003612,-0.09572664077810977
2198,2000-2002,-0.321043602268153,-0.21278246889291735,0.10826113337523563
2199,2000-2002,-0.27931810995423967,-0.08130659394163027,0.1980115160126094
2200,2000-2002,2.4897492827941208,2.204932640838585,-0.2848166419555356
2201,2000-2002,-0.6229356883926851,-0.4523518484240047,0.17058383996868037
2202,2000-2002,2.400835440196073,2.439895004422202,0.039059564226128884
2203,2000-2002,1.942530719510072,1.72636476237418,-0.21616595713589204
2204,2000-2002,0.7865818208604003,0.8235176636032338,0.03693584274283346
2205,2000-2002,-1.7518497229309662,-1.3709702421837682,0.380879480747198
2206,2000-2002,0.15059688689074666,0.18257382676669884,0.03197693987595218
2207,2000-2002,1.622568733214481,1.752261001471235,0.12969226825675406
2208,2000-2002,0.5404314391808828,0.7222415989968392,0.18181015981595638
2209,2000-2002,1.7408224249357567,1.728680994240678,-0.01214143069507867
2210,2000-2002,1.2478656003196202,1.1810213720051155,-0.06684422831450476
2211,2000-2002,-0.4714433142622669,-0.40133674068999803,0.07010657357226885
2212,2000-2002,-0.7683983649275165,-0.6056545433475353,0.16274382157998113
2214,2000-2002,-1.2008221182524348,-1.174851491034417,0.025970627218017794
2215,2000-2002,-0.09791097194113454,-0.15449915763858896,-0.05658818569745441
2216,2000-2002,0.8205309146276474,0.8939124442002535,0.07338152957260613
2217,2000-2002,-0.39055524755818993,-0.39925477024742084,-0.00869952268923091
2219,2000-2002,0.10271999850416413,0.09172539438974255,-0.010994604114421588
2220,2000-2002,-0.16128629966854122,0.059272674177181184,0.2205589738457224
2222,2000-2002,0.9506867394102734,1.263734490102102,0.31304775069182855
2223,2000-2002,-1.1114056224116333,-1.0225422185466866,0.08886340386494673
2224,2000-2002,1.516806148285771,1.3448953656639953,-0.17191078262177584
2225,2000-2002,1.9334506784383911,2.046676437217598,0.11322575877920671
2226,2000-2002,1.046643148359213,0.9637491467381067,-0.08289400162110616
2229,2000-2002,0.7013318849679422,0.43026481909677,-0.2710670658711722
2230,2000-2002,0.11678982901259416,0.10301021151291767,-0.013779617499676489
2239,2000-2002,0.684711254592954,0.5670527576850088,-0.11765849690794516
2240,2000-2002,3.537564115109562,3.6167248752203194,0.07916076011075734
2242,2000-2002,0.1455100676339199,0.39850161960777786,0.2529915519738579
2243,2000-2002,-0.45235241727523673,-0.3484394432015715,0.10391297407366523
2245,2000-2002,-1.0360261534658122,-1.0071077371653059,0.02891841630050629
2248,2000-2002,0.6353978590485216,0.7157252749647963,0.08032741591627468
2249,2000-2002,0.2822763698987858,0.5213800932938994,0.23910372339511365
2250,2000-2002,1.0741593162689884,1.0760824044682962,0.0019230881993077542
2254,2000-2002,-0.9624297146607802,-0.9873670519433771,-0.02493733728259695
2260,2000-2002,-0.16342548773164217,-0.17508567555296145,-0.011660187821319279
2261,2000-2002,0.8138780917638473,0.9563212843733341,0.1424431926094868
2294,2000-2002,-0.11876125439920922,-0.05334508050181354,0.06541617389739568
2306,2000-2002,0.2088998610051535,0.4462563926826079,0.2373565316774544
2357,2000-2002,0.551835108643873,0.5680520442978885,0.016216935654015496
2365,2000-2002,0.06300156342242728,-0.027487797931506318,-0.0904893613539336
3,2003-2005,-0.47273496410415505,0.17804600423883604,0.650780968342991
15,2003-2005,2.0747586522133448,1.7785239288459098,-0.29623472336743495
42,2003-2005,0.5201495165207464,0.1527345001118619,-0.36741501640888447
43,2003-2005,1.1798168162592007,0.9328967273215956,-0.2469200889376051
56,2003-2005,4.078460252364293,3.855797522399656,-0.22266272996463687
57,2003-2005,2.1587757005420967,1.9617695165175615,-0.19700618402453518
70,2003-2005,2.214495075887314,1.9761413738064924,-0.23835370208082174
72,2003-2005,0.7245706313648531,0.619323566401115,-0.10524706496373815
77,2003-2005,0.2507559040952611,0.4376121020672385,0.1868561979719774
84,2003-2005,3.1660540187411215,2.9584265415727176,-0.2076274771684039
87,2003-2005,-0.8493076433609863,-0.18930173376137288,0.6600059095996134
89,2003-2005,2.04194566895342,1.753287289457272,-0.2886583794961479
93,2003-2005,0.5513862805746443,0.5847708464322569,0.033384565857612514
95,2003-2005,-1.4251461896744675,-1.0881024807081467,0.33704370896632074
109,2003-2005,1.326632043780996,1.1569615023884054,-0.16967054139259052
111,2003-2005,0.680933411031128,0.79776360993005,0.11683019889892199
120,2003-2005,2.5072508511646054,2.3959857440642596,-0.11126510710034587
123,2003-2005,1.2510633844284793,1.1465150304559317,-0.10454835397254758
124,2003-2005,1.724459505178324,1.9656611429019282,0.24120163772360415
133,2003-2005,2.630399608544343,2.196245693577972,-0.4341539149663709
136,2003-2005,1.7165168982559742,1.3209196747455465,-0.3955972235104277
145,2003-2005,0.7219980792790941,0.47408891517595625,-0.24790916410313785
147,2003-2005,2.3266623353866236,2.047481585250929,-0.27918075013569466
164,2003-2005,0.1698188703660366,0.30743868574915073,0.13761981538311413
168,2003-2005,1.2058512373420698,0.884121302943293,-0.32172993439877673
178,2003-2005,0.46362066710966865,0.7051132296435203,0.24149256253385165
180,2003-2005,0.6125970248827936,0.6545743332982652,0.04197730841547165
185,2003-2005,2.788311523933822,2.2419182336027776,-0.5463932903310442
193,2003-2005,0.6299769597174617,1.1533261486831585,0.5233491889656968
198,2003-2005,0.27441362923711676,0.6865173518594322,0.4121037226223154
201,2003-2005,-0.15612507499220202,0.3403404546898969,0.4964655296820989
208,2003-2005,4.98215862197068,4.393904814884972,-0.5882538070857084
213,2003-2005,0.26559745391706757,0.6291181388711186,0.363520684954051
216,2003-2005,1.8201309308086877,2.077738156096607,0.25760722528791913
221,2003-2005,0.45824393252083795,0.27754188840213495,-0.180702044118703
224,2003-2005,3.0009309884359463,2.5665855214705076,-0.43434546696543874
238,2003-2005,-0.5861339971532535,-0.41457359376448977,0.17156040338876377
239,2003-2005,0.6220962158062584,0.5044627048797992,-0.11763351092645924
243,2003-2005,1.0946588558190673,0.8257079888341737,-0.26895086698489357
248,2003-2005,1.241197299365024,1.2624253251422946,0.021228025777270565
252,2003-2005,3.624955928340461,3.991820026340882,0.3668640980004212
255,2003-2005,3.238337033879617,2.626156405494797,-0.6121806283848201
258,2003-2005,0.003561578108805688,-0.2185846724525863,-0.222146250561392
270,2003-2005,0.6261343791634278,0.9521384568399661,0.3260040776765383
275,2003-2005,3.374321377501091,2.930788147348391,-0.44353323015269996
278,2003-2005,0.37592718615232856,0.4274536922823474,0.051526506130018856
281,2003-2005,-0.5830856027670652,-0.6781848681215614,-0.0950992653544962
283,2003-2005,1.3739082852405615,1.445231877388824,0.07132359214826245
292,2003-2005,-0.07317166700036012,-0.28893639904121987,-0.21576473204085975
296,2003-2005,2.017241591313224,2.0713251089590012,0.054083517645777235
297,2003-2005,-0.519205557308757,-0.3063370173098455,0.21286853999891142
299,2003-2005,2.2854884987944133,1.7756319027742926,-0.5098565960201207
304,2003-2005,4.502686053140095,4.401802989636943,-0.10088306350315168
323,2003-2005,-1.7588411692376293,-1.784649114120541,-0.025807944882911604
324,2003-2005,1.693729782904213,1.4599027290743265,-0.23382705382988656
330,2003-2005,0.9248740469822934,1.1517065696572786,0.22683252267498522
339,2003-2005,0.21493603057861752,0.2895596387628822,0.0746236081842647
344,2003-2005,0.22348731684346163,0.46641184914827305,0.24292453230481142
348,2003-2005,0.46403609582599525,0.5231128226285587,0.059076726802563484
349,2003-2005,1.9975947778699539,2.116732028637913,0.11913725076795934
353,2003-2005,3.0821746942262562,3.0631060143097075,-0.019068679916548703
358,2003-2005,1.124486292997438,0.9704358564045841,-0.1540504365928539
361,2003-2005,2.5164096175018718,2.5813340304376,0.06492441293572826
363,2003-2005,1.5745537590189351,1.278428177120637,-0.2961255818982982
369,2003-2005,1.804528911890916,1.5490711240481132,-0.2554577878428028
383,2003-2005,1.2759642463910061,1.4740046763112276,0.19804042992022142
384,2003-2005,0.33489115537286623,-0.09095407459242628,-0.4258452299652925
389,2003-2005,3.0493446989902084,3.126546851434387,0.07720215244417838
393,2003-2005,2.461994546420232,2.486837276847802,0.024842730427570014
397,2003-2005,5.594067223473042,4.784587147808549,-0.8094800756644931
399,2003-2005,-0.8789387408004101,-0.8834568502115573,-0.004518109411147164
406,2003-2005,3.861734992995249,2.9813738813461517,-0.8803611116490972
422,2003-2005,1.9729735381186018,2.1801003806214108,0.207126842502809
431,2003-2005,0.03187283340412453,-0.30093170387457396,-0.3328045372786985
436,2003-2005,1.3294468947805906,0.9849917498534907,-0.34445514492709994
441,2003-2005,1.0652189999600765,0.9415017844973885,-0.12371721546268799
445,2003-2005,1.8225818549975923,1.363696956088591,-0.4588848989090013
446,2003-2005,1.7516578217372127,1.453282468759449,-0.29837535297776374
448,2003-2005,0.3978051575808853,0.42028986816824443,0.022484710587359125
452,2003-2005,-0.43180820427632727,-0.5695168628714586,-0.13770865859513137
458,2003-2005,1.7386372800143577,1.2532035310383185,-0.4854337489760392
461,2003-2005,-1.0363004929750705,-0.7993715296052015,0.23692896336986902
467,2003-2005,3.9412525223036226,3.3674067165622303,-0.5738458057413922
468,2003-2005,2.9308494196656425,2.4946957552145586,-0.43615366445108394
469,2003-2005,2.8902345660962983,2.6272291137809383,-0.26300545231536
673,2003-2005,-0.6311953617495327,-0.6860635416366497,-0.05486817988711701
677,2003-2005,1.420130385351372,1.0009184422909327,-0.4192119430604393
679,2003-2005,-0.6795166341609409,-0.9460704445410977,-0.2665538103801568
680,2003-2005,-0.7785665901317792,-0.7440217916809377,0.03454479845084146
681,2003-2005,-0.49990113853850265,-0.8245576085428542,-0.32465647000435155
682,2003-2005,1.9945536353843614,1.7863025888634347,-0.20825104652092663
685,2003-2005,-0.7534664616835007,-0.8188921435695387,-0.06542568188603792
686,2003-2005,0.12934923696154782,-0.23026391972996701,-0.35961315669151483
688,2003-2005,-0.41312029874444056,-0.16945712893922193,0.24366316980521863
689,2003-2005,-1.2096608309852805,-1.2916328867902336,-0.08197205580495304
690,2003-2005,-0.5543304375047391,-1.1073595648832488,-0.5530291273785097
692,2003-2005,-0.5341651581497207,-0.7726454525876173,-0.23848029443789664
693,2003-2005,0.39710820170662514,-0.12337159142671891,-0.520479793133344
696,2003-2005,0.9703919218543413,0.5070096126039408,-0.46338230925040047
697,2003-2005,1.9814335846505968,1.2276039151204519,-0.753829669530145
699,2003-2005,2.6651058174541404,2.0173530429713296,-0.6477527744828109
702,2003-2005,2.0994731571938696,1.6722789745075886,-0.42719418268628107
703,2003-2005,0.41405299724249156,0.19251292586982163,-0.22154007137266993
708,2003-2005,3.9866444417847675,3.0599654665410645,-0.926678975243703
711,2003-2005,2.5601840540662226,1.9764977890842967,-0.5836862649819259
714,2003-2005,3.145663492597823,2.2566870915966653,-0.8889764010011576
717,2003-2005,1.9884360632580147,2.459164563434746,0.4707285001767312
718,2003-2005,0.024459021039893752,-0.2579182513246203,-0.28237727236451404
722,2003-2005,0.184471627864444,-0.10051194698705697,-0.28498357485150094
724,2003-2005,0.9674234749152009,0.7797218511821795,-0.18770162373302135
727,2003-2005,1.400786106287404,0.7708160784227558,-0.6299700278646483
731,2003-2005,-0.9046060004405987,-1.0558812067306789,-0.15127520629008018
739,2003-2005,1.8793881336440355,1.3342099393586049,-0.5451781942854306
753,2003-2005,-0.2426586984132443,0.1111580494869,0.3538167479001443
754,2003-2005,2.192060806938848,1.9134234385591142,-0.27863736837973363
757,2003-2005,2.4736027062171617,1.8916516920408308,-0.5819510141763309
762,2003-2005,-0.18505154690262643,-0.7554665882911367,-0.5704150413885103
763,2003-2005,-0.9253357803609639,-0.8095452919545462,0.1157904884064177
764,2003-2005,0.7011518203922662,1.0298471577638655,0.3286953373715993
779,2003-2005,1.9902297346819622,2.203211040312756,0.21298130563079365
788,2003-2005,-0.3316070772491884,0.04965290674081686,0.38125998399000527
891,2003-2005,0.11021498254537157,0.3711209015352738,0.26090591898990223
893,2003-2005,3.6710931028793587,4.240815345725776,0.5697222428464168
896,2003-2005,2.1520511112785465,1.9245334694804632,-0.22751764179808331
902,2003-2005,0.02570821132273856,0.15935528279577593,0.13364707147303737
905,2003-2005,0.42038000860154334,0.5199165897272335,0.0995365811256902
911,2003-2005,-0.829618319181135,-0.598217575959323,0.23140074322181203
915,2003-2005,1.4410952841483344,1.4410070079185169,-8.827622981755212e-05
916,2003-2005,-0.3516226160453937,-0.10803940573052802,0.24358321031486568
922,2003-2005,-0.39866977089063405,-0.5505813555317773,-0.1519115846411433
923,2003-2005,1.9444102078504855,1.6220294057339644,-0.3223808021165211
924,2003-2005,1.6557936178300943,1.258342756561758,-0.3974508612683363
932,2003-2005,0.046568797121652614,-0.003740533433329357,-0.05030933055498197
934,2003-2005,0.901760507703335,1.1834427741470959,0.2816822664437608
935,2003-2005,1.4527881105410887,1.3574430387525909,-0.09534507178849783
937,2003-2005,3.1178422634257443,3.5409823784295407,0.42314011500379634
947,2003-2005,4.787989655167259,3.768870736395231,-1.0191189187720275
948,2003-2005,0.3030602355043509,0.06073730223414213,-0.24232293327020876
949,2003-2005,2.1350805058223554,1.701192313192133,-0.4338881926302225
950,2003-2005,4.112313747150815,3.19903494527479,-0.9132788018760252
951,2003-2005,4.4111835596829465,3.5371443315810582,-0.8740392281018883
952,2003-2005,1.7320075474815249,1.2827636841384966,-0.44924386334302824
953,2003-2005,-0.132914065627158,-0.6204392264214909,-0.48752516079433283
954,2003-2005,2.177240161988432,1.6130208722298653,-0.5642192897585665
955,2003-2005,-1.13880751189587,-1.5085136854900583,-0.3697061735941882
956,2003-2005,-0.025604058503909642,-0.4901148352287278,-0.46451077672481816
958,2003-2005,-1.051991422580445,-1.3930276620646675,-0.34103623948422257
959,2003-2005,5.772295952801718,4.667988645913275,-1.104307306888443
960,2003-2005,1.6681262001743584,1.019377695044215,-0.6487485051301434
961,2003-2005,-0.3091356692751812,-0.5546985508015606,-0.2455628815263794
962,2003-2005,1.200670874804461,0.8261164032693784,-0.3745544715350826
965,2003-2005,1.120937598783738,0.7343594266865643,-0.3865781720971737
966,2003-2005,0.7075599770104588,0.33053093458544536,-0.37702904242501345
969,2003-2005,-0.9172985315865265,-1.3553239185768051,-0.4380253869902786
970,2003-2005,-0.8147267553542898,-1.0271034966280634,-0.2123767412737736
976,2003-2005,0.9974105165869315,0.49117425334545334,-0.5062362632414781
977,2003-2005,5.338991796964165,4.383045992932641,-0.9559458040315238
978,2003-2005,3.861449977620179,3.127984478169201,-0.7334654994509777
979,2003-2005,1.9824629081304317,1.0694792902515597,-0.912983617878872
980,2003-2005,1.197617449170647,0.592030729698415,-0.6055867194722321
983,2003-2005,1.119975514879941,0.6698168704244671,-0.45015864445547393
988,2003-2005,0.297784316018174,-0.3688813605629742,-0.6666656765811483
990,2003-2005,0.15025614238254886,-0.32165437484138737,-0.47191051722393623
998,2003-2005,-1.957029915259381,-1.9099022269542687,0.04712768830511238
1000,2003-2005,0.8069783804340609,0.5592104946128409,-0.24776788582122
1005,2003-2005,1.4014222954361268,1.4424770523505035,0.041054756914376656
1023,2003-2005,0.9097962392606845,1.0593593022821657,0.14956306302148115
1032,2003-2005,-1.2707079077340935,-1.3431084523269043,-0.07240054459281087
1065,2003-2005,0.9521705583247607,0.6626795404585298,-0.2894910178662309
1073,2003-2005,0.9104078084073246,0.7633612056803109,-0.14704660272701375
1074,2003-2005,1.1255508559372795,1.0064334121679628,-0.11911744376931677
1088,2003-2005,1.755161771746629,0.9560088748112893,-0.7991528969353398
1110,2003-2005,-0.16958469800232664,-0.08780939124689305,0.0817753067554336
1112,2003-2005,0.6460115384082682,0.42841729569667797,-0.21759424271159022
1425,2003-2005,-0.4523357078019451,-0.7306486175649465,-0.2783129097630014
1442,2003-2005,-0.3948803922319339,-0.5683127521255253,-0.17343235989359146
1444,2003-2005,-1.2027958896251394,-1.0398351984578504,0.16296069116728895
1477,2003-2005,0.9705988410483568,0.8966264188042257,-0.07397242224413114
1495,2003-2005,3.1459229484820517,2.0042729437051845,-1.1416500047768672
1496,2003-2005,1.5220088865633905,1.091846055978681,-0.4301628305847096
1497,2003-2005,3.996005728464673,3.0853225061510976,-0.9106832223135752
1498,2003-2005,2.173153533224915,1.4930702441409416,-0.6800832890839734
1499,2003-2005,-1.2491631226341924,-1.5021250631529046,-0.25296194051871224
1500,2003-2005,-0.32969699352874554,-0.6601651572904712,-0.33046816376172566
1501,2003-2005,1.361423382817041,0.9450028146394528,-0.4164205681775882
1502,2003-2005,-1.532016645281666,-1.6367863961965081,-0.1047697509148422
1503,2003-2005,5.532465580854501,4.786184701646292,-0.746280879208209
1504,2003-2005,0.7085670911659594,0.534126241156238,-0.17444085000972143
1505,2003-2005,-0.0912882253956597,-0.3523807698423047,-0.261092544446645
1506,2003-2005,1.1376427132617724,1.113189616184553,-0.024453097077219432
1507,2003-2005,2.1790937649150566,1.612542808023671,-0.5665509568913856
1508,2003-2005,-1.0959605546331397,-1.4660731498453803,-0.3701125952122406
1509,2003-2005,-0.19208590494234257,-0.6353786775828096,-0.44329277264046707
1510,2003-2005,0.8071181986975065,-0.21678881069313755,-1.023907009390644
1513,2003-2005,-0.7219135037964473,-1.0996185317244342,-0.377705027927987
1517,2003-2005,2.519485186580478,1.931676196503028,-0.5878089900774501
1519,2003-2005,-0.08344803462804894,-0.7818368073051412,-0.6983887726770922
1520,2003-2005,0.06845459985913675,-0.5344054490241064,-0.6028600488832431
1521,2003-2005,-0.2627495363698614,-0.6396202753940574,-0.376870739024196
1531,2003-2005,-0.05021082674384854,-0.1315410075641423,-0.08133018082029377
1533,2003-2005,0.6609232857728217,0.3692229289112724,-0.29170035686154927
1536,2003-2005,2.124433763565329,1.70254560626871,-0.4218881572966189
1541,2003-2005,1.663385868202584,1.0946130232502866,-0.5687728449522973
1542,2003-2005,-0.060656235204449335,-0.4028393535364786,-0.34218311833202925
1544,2003-2005,1.5099333801399848,1.0310649590997794,-0.47886842104020544
1548,2003-2005,-0.08494454741338586,-0.5435759294930965,-0.45863138207971066
1559,2003-2005,0.21599395442439523,-0.2608521069592285,-0.47684606138362373
1563,2003-2005,0.38027052498638875,-0.18432497559998648,-0.5645955005863752
1565,2003-2005,-2.397570135627416,-2.5789633179986713,-0.18139318237125535
1594,2003-2005,1.1646530395156394,0.7380257209630632,-0.4266273185525762
1601,2003-2005,0.07571145335280416,-0.09302869217856188,-0.16874014553136604
1607,2003-2005,2.1139091669246683,1.423117625395752,-0.6907915415289163
1609,2003-2005,-1.9636778234338195,-2.09904098720195,-0.1353631637681305
1630,2003-2005,-0.2228319838235438,-0.7406065406100917,-0.5177745567865479
1709,2003-2005,-2.6330555092830847,-2.7413973310651114,-0.10834182178202667
1710,2003-2005,3.230576818311397,2.583756136008062,-0.6468206823033351
1711,2003-2005,0.893765174648723,0.553222715770811,-0.340542458877912
1712,2003-2005,2.4599769792526915,1.8847876837703381,-0.5751892954823534
1713,2003-2005,3.6654648431795693,3.066691919385511,-0.5987729237940584
1714,2003-2005,-0.29005449183610266,-0.7296997859693459,-0.43964529413324327
1715,2003-2005,2.4989598982796863,1.3221284954011083,-1.176831402878578
1716,2003-2005,2.5685923232992582,1.9085883295114567,-0.6600039937878015
1717,2003-2005,3.9424298772798574,3.4723000446052814,-0.470129832674576
1718,2003-2005,3.4815093990219395,2.893202824251925,-0.5883065747700145
1719,2003-2005,1.0288390953139919,0.5694747676726077,-0.45936432764138413
1720,2003-2005,-1.2130129508884662,-1.782939101411078,-0.5699261505226119
1721,2003-2005,-1.2814492903368804,-1.4726150792477033,-0.19116578891082292
1722,2003-2005,0.2996927712399942,-0.13125205958131464,-0.43094483082130886
1723,2003-2005,1.6098081507039743,1.2837817816850092,-0.3260263690189651
1724,2003-2005,0.8162468981188413,0.6594217505876302,-0.15682514753121113
1725,2003-2005,-0.8418418320845757,-1.069943196124329,-0.22810136403975334
1727,2003-2005,1.0813150603176254,0.7747696565662212,-0.30654540375140416
1729,2003-2005,2.2110941217715685,1.5673548649958509,-0.6437392567757176
1730,2003-2005,-0.42224954025531414,-0.9343996988554559,-0.5121501586001418
1731,2003-2005,0.763103107937038,0.3872270442255611,-0.37587606371147686
1733,2003-2005,0.7472847031358043,0.36839504879289314,-0.37888965434291116
1735,2003-2005,-0.2377649233812141,-0.7065949837594596,-0.4688300603782455
1736,2003-2005,-0.060894496160461144,-0.21801941010589004,-0.1571249139454289
1737,2003-2005,0.07535393760020315,-0.38132165512067795,-0.4566755927208811
1739,2003-2005,0.9839982965504938,0.8213846162724521,-0.16261368027804168
1740,2003-2005,3.1541520318386045,2.6090922280665154,-0.5450598037720891
1741,2003-2005,-2.0832756498833214,-2.342862965604904,-0.25958731572158245
1742,2003-2005,1.1687844245283645,0.7485626005092625,-0.420221824019102
1743,2003-2005,-0.5258089120603107,-0.7551487273270889,-0.22933981526677827
1744,2003-2005,-1.925911294649374,-2.269039107092638,-0.3431278124432642
1747,2003-2005,1.563793206714272,0.9501649959458552,-0.6136282107684167
1749,2003-2005,2.450721981768654,1.775444339041158,-0.675277642727496
1751,2003-2005,-0.8956041569201318,-1.3306554845308178,-0.435051327610686
1752,2003-2005,-1.856190507592465,-2.2580377688522892,-0.4018472612598243
1760,2003-2005,0.40449437071535377,-0.09680855928098535,-0.5013029299963391
1761,2003-2005,1.1004358123586524,0.574519313958542,-0.5259164984001103
1762,2003-2005,-0.03424833092390377,-0.48531807290544604,-0.45106974198154226
1763,2003-2005,0.09863421988604011,-0.20376755856654666,-0.30240177845258676
1766,2003-2005,-0.7630147244641474,-1.3269401344453775,-0.5639254099812301
1800,2003-2005,1.9484658386211091,1.2344044057014654,-0.7140614329196437
1802,2003-2005,1.9046119005665276,1.3535794596042448,-0.5510324409622829
1853,2003-2005,0.30297083962515536,-0.094891847698654,-0.39786268732380936
1863,2003-2005,1.7784437375071014,1.392855862575217,-0.3855878749318844
1882,2003-2005,2.2522357456637345,1.5635811250740461,-0.6886546205896884
1883,2003-2005,2.768974905554451,2.240305366285226,-0.5286695392692251
1884,2003-2005,3.273579967419258,2.46317296539767,-0.8104070020215879
1885,2003-2005,1.571930679912413,1.1694566494198215,-0.40247403049259156
1886,2003-2005,-0.20155374726348763,-0.41974924697326077,-0.21819549970977314
1887,2003-2005,2.167514345745948,1.6461149373301756,-0.5213994084157725
1888,2003-2005,2.5379920363522115,2.0923120020244883,-0.4456800343277232
1889,2003-2005,2.302586535373627,1.5842688642615177,-0.7183176711121093
1890,2003-2005,2.423674009888542,1.9607594288898231,-0.46291458099871896
1891,2003-2005,3.1673981936443583,2.2274283261677184,-0.9399698674766399
1894,2003-2005,2.807444498191586,2.3912384039819385,-0.4162060942096475
1897,2003-2005,2.772591214485896,2.2120983483930052,-0.5604928660928907
1899,2003-2005,1.6410544487805254,1.3369003283093415,-0.30415412047118395
1900,2003-2005,-1.249501363290419,-1.6242612726456696,-0.3747599093552505
1901,2003-2005,0.9098978728096077,0.6621579458994633,-0.24773992691014435
1902,2003-2005,0.8815677361342409,0.5659234018115209,-0.31564433432272
1903,2003-2005,0.7157880750560133,0.22473144994112565,-0.4910566251148876
1904,2003-2005,0.6264647267508733,0.27797615161819594,-0.34848857513267734
1905,2003-2005,2.426762345972532,2.1015307880375915,-0.3252315579349405
1908,2003-2005,1.1342265591427219,0.8187179317849405,-0.3155086273577814
1909,2003-2005,0.933792900600325,0.650307427425688,-0.283485473174637
1913,2003-2005,-0.23642942764958183,-0.5831272950221645,-0.3466978673725827
1915,2003-2005,-1.1851166162466387,-1.6062333411945962,-0.4211167249479575
1916,2003-2005,-1.6751083893908425,-2.0033890279345474,-0.32828063854370493
1917,2003-2005,0.0313380441204829,-0.43136051927475394,-0.46269856339523685
1918,2003-2005,-0.5392104422468764,-1.3808856391279523,-0.8416751968810758
1919,2003-2005,0.5208748681150656,0.28080089197385544,-0.24007397614121012
1921,2003-2005,0.7839096767115995,0.46323018179131487,-0.32067949492028464
1922,2003-2005,-0.8538684599064119,-1.2914750558201578,-0.43760659591374584
1924,2003-2005,0.38550961616818524,0.4113366750905446,0.02582705892235937
1928,2003-2005,-0.37196947742778547,-0.8275785638345002,-0.45560908640671477
1934,2003-2005,0.13746391943095632,-0.09894294362043381,-0.23640686305139014
1938,2003-2005,2.792119015941034,2.3441441408835857,-0.44797487505744815
1944,2003-2005,0.21137296175666043,-0.36733296977600716,-0.5787059315326676
1952,2003-2005,0.4733358090919816,0.051560501900839495,-0.4217753071911421
1956,2003-2005,0.33106530879526036,0.0007333017823208763,-0.33033200701293947
1960,2003-2005,-0.0011970613054704026,-0.3834077136355662,-0.38221065233009577
1983,2003-2005,-0.23144446819997314,-0.5712824711090382,-0.3398380029090651
1985,2003-2005,-0.18835724294459272,-0.7565757716382722,-0.5682185286936794
2030,2003-2005,1.276764691892574,0.7425303984751996,-0.5342342934173743
2031,2003-2005,-0.35811185322879263,-0.8692059787152786,-0.511094125486486
2032,2003-2005,0.5708360074904447,0.36440390524924765,-0.20643210224119707
2033,2003-2005,-0.259619362756645,-0.7248623988858883,-0.46524303612924334
2034,2003-2005,2.2084284810643746,1.7102678370228155,-0.49816064404155913
2035,2003-2005,1.355703387785527,1.0434209229485005,-0.3122824648370264
2036,2003-2005,-0.978206772823658,-1.4488932651820357,-0.4706864923583777
2037,2003-2005,2.648519916391407,1.8810791966950553,-0.7674407196963517
2038,2003-2005,-1.9410188713694958,-1.981322426739812,-0.04030355537031616
2039,2003-2005,0.5289020909144404,0.14897983607121937,-0.37992225484322106
2041,2003-2005,-0.7882399615169179,-1.1957686820537643,-0.4075287205368464
2042,2003-2005,-0.22572470491688748,-0.777739470720476,-0.5520147658035885
2043,2003-2005,-0.2384914661367925,-0.5118840334115045,-0.27339256727471195
2044,2003-2005,-0.8248105424667281,-1.171546450901165,-0.3467359084344369
2045,2003-2005,1.268608789206476,0.9298439124257323,-0.33876487678074363
2046,2003-2005,1.156008636930737,0.7060793966502285,-0.4499292402805085
2047,2003-2005,1.8045761095292892,1.4058309763132883,-0.3987451332160008
2048,2003-2005,-0.12820545201333394,-0.5853282190951312,-0.4571227670817973
2049,2003-2005,1.5393020205757388,0.6886511096873325,-0.8506509108884064
2050,2003-2005,1.5831675322010488,1.2043627044708747,-0.3788048277301741
2051,2003-2005,-0.4305587451803369,-0.6914251688489313,-0.26086642366859447
2052,2003-2005,0.32424561109700256,0.11613292601060579,-0.20811268508639677
2053,2003-2005,-1.0154454247545324,-0.9905017490104164,0.024943675744115934
2054,2003-2005,-1.5968640790871476,-1.9955469276466509,-0.3986828485595033
2056,2003-2005,-0.31061603621888867,-0.3969719493940155,-0.08635591317512681
2058,2003-2005,-0.8877131951933924,-1.0321771754175324,-0.14446398022413998
2059,2003-2005,0.3157762190013167,-0.03905850286699871,-0.3548347218683154
2060,2003-2005,1.244297486760458,0.8234403790406836,-0.42085710771977436
2061,2003-2005,-0.46844350621670616,-0.7598115672408126,-0.2913680610241064
2062,2003-2005,-0.0007293883008367086,-0.34924994258016223,-0.34852055427932555
2063,2003-2005,-0.6101403147821977,-0.9955240665231753,-0.3853837517409776
2067,2003-2005,0.6566307598038972,0.11323770174977014,-0.5433930580541271
2068,2003-2005,-0.09962724557864244,-0.8201320341846211,-0.7205047886059787
2071,2003-2005,-0.41907398526528566,-0.5346429635226329,-0.11556897825734719
2072,2003-2005,3.6629013537755313,3.307627727185596,-0.35527362658993544
2073,2003-2005,1.916415820900052,1.47539073497527,-0.44102508592478196
2074,2003-2005,-0.5637419594588852,-1.155982198746464,-0.5922402392875789
2078,2003-2005,0.9292748101615803,0.24804163592741962,-0.6812331742341606
2091,2003-2005,-0.8037643499085585,-1.3824542322070044,-0.5786898822984459
2098,2003-2005,-0.8024678948488868,-0.9504393716645403,-0.14797147681565348
2106,2003-2005,-0.2832895504633201,-0.7381658106771218,-0.45487626021380173
2109,2003-2005,0.9289507810924306,0.31113812082618914,-0.6178126602662415
2124,2003-2005,-1.814620467596693,-2.214580072418491,-0.39995960482179793
2137,2003-2005,-0.06432836608057509,-0.4221823461392916,-0.35785398005871655
2198,2003-2005,0.2785511462934725,0.0988244433282218,-0.1797267029652507
2199,2003-2005,0.2595313951032601,0.20910314170660654,-0.05042825339665358
2200,2003-2005,2.648197756844984,1.9984472852520796,-0.6497504715929046
2201,2003-2005,0.670876766757486,0.4344009441543548,-0.23647582260313116
2202,2003-2005,2.9358905174367322,2.4404540758235713,-0.4954364416131609
2203,2003-2005,1.6204762245014048,1.2920578193274694,-0.3284184051739354
2204,2003-2005,0.36926711054093087,0.30644283659551685,-0.06282427394541401
2205,2003-2005,-0.9591270837559849,-0.9118952550849251,0.047231828671059795
2207,2003-2005,2.382375687767733,1.820989870437812,-0.5613858173299211
2209,2003-2005,1.463204394704873,1.2164955917427878,-0.2467088029620852
2210,2003-2005,2.4807490684617766,1.9494332804596322,-0.5313157880021444
2211,2003-2005,0.613740778122441,0.24406139799584253,-0.36967938012659846
2212,2003-2005,-0.8795770929066308,-1.0188070475099604,-0.13922995460332965
2214,2003-2005,-1.081968316697542,-1.1763298592913443,-0.09436154259380225
2215,2003-2005,0.3422021719553385,-0.3292339019384612,-0.6714360738937997
2216,2003-2005,1.3695061322978843,1.0685684062438259,-0.30093772605405844
2217,2003-2005,0.12066990737951011,-0.09492030603167081,-0.21559021341118093
2222,2003-2005,0.4215953296379319,0.4013438660202593,-0.020251463617672605
2223,2003-2005,-0.8039119100866208,-1.2559433381003315,-0.45203142801371077
2224,2003-2005,2.03712510948145,1.5661893293390214,-0.47093578014242876
2225,2003-2005,3.7783928963164257,3.443950462206897,-0.3344424341095289
2228,2003-2005,-1.2238436182637944,-1.3450725156734533,-0.12122889740965892
2229,2003-2005,1.4508366980880836,0.8572940018709676,-0.593542696217116
2230,2003-2005,0.6010022873111549,0.3974720881289582,-0.20353019918219672
2239,2003-2005,-0.387663737907573,-0.7567252589582415,-0.3690615210506685
2240,2003-2005,4.714296921883631,4.2888324836768135,-0.42546443820681734
2242,2003-2005,0.006252941359506296,-0.1796498511622075,-0.1859027925217138
2243,2003-2005,0.12481033088584297,-0.11571979089780766,-0.24053012178365063
2246,2003-2005,0.7209405922065972,0.38346406540863703,-0.3374765267979602
2248,2003-2005,1.4770926500404247,1.1067002203713687,-0.37039242966905594
2250,2003-2005,1.3077690974792748,0.8266205605740046,-0.48114853690527026
2254,2003-2005,-1.3720944973619016,-1.647624932594103,-0.27553043523220144
2260,2003-2005,-0.8098400196819355,-1.174433495043244,-0.3645934753613085
2261,2003-2005,0.3347321277508731,0.324678362430929,-0.010053765319944064
2306,2003-2005,1.9550764297390604,1.0634852961385206,-0.8915911336005398
2351,2003-2005,1.0818087945451595,0.4466372150579431,-0.6351715794872164
2357,2003-2005,0.7476963833520853,0.4387719568476487,-0.30892442650443663
2365,2003-2005,-0.4689131236723109,-1.018280107870997,-0.5493669841986861
2366,2003-2005,0.45622768484409093,0.05884578449477047,-0.39738190034932047
2370,2003-2005,-1.111036366360472,-1.1333912563603588,-0.022354889999886662
2397,2003-2005,1.939497978946417,1.173894607828332,-0.765603371118085
2399,2003-2005,2.0022633654035005,1.7442622196782167,-0.25800114572528376
2400,2003-2005,0.9899773436878286,0.5771576552188842,-0.41281968846894446
2403,2003-2005,1.5831386824700182,1.388386934925281,-0.19475174754473712
2404,2003-2005,-0.21022651546946425,-0.11382965394536684,0.0963968615240974
2405,2003-2005,2.3656604462376274,1.6612304565575058,-0.7044299896801216
2406,2003-2005,1.223625170315021,0.7601327223706843,-0.46349244794433664
2407,2003-2005,0.568150421314707,0.589464924834082,0.021314503519374917
2408,2003-2005,-1.5240691536396553,-1.60992828579699,-0.08585913215733476
2410,2003-2005,0.7486460675477818,0.3996928558244074,-0.34895321172337446
2411,2003-2005,0.026158086536965146,-0.18799016081385875,-0.21414824735082388
2412,2003-2005,0.8940572772734269,0.6984934855940452,-0.19556379167938165
2413,2003-2005,1.3989767924311718,0.747845147169657,-0.6511316452615148
2416,2003-2005,0.43011909523578973,0.3019211846201596,-0.12819791061563013
2417,2003-2005,-0.06474114192190593,-0.27365335644402,-0.20891221452211406
2418,2003-2005,0.7654284203727415,0.5211932964042819,-0.2442351239684596
2419,2003-2005,1.7116516923872394,1.1987679297407672,-0.5128837626464722
2420,2003-2005,0.16460978188443787,0.09039645782769214,-0.07421332405674573
2422,2003-2005,0.6326414109861481,0.43289658363382494,-0.19974482735232318
2424,2003-2005,1.1167983332100637,0.5666684672859884,-0.5501298659240753
2427,2003-2005,0.25715988654870864,0.14306709173372595,-0.11409279481498269
2429,2003-2005,0.12122105936455577,-0.6556456687279454,-0.7768667280925011
2430,2003-2005,1.7076825271418912,1.5700051512451434,-0.13767737589674778
2436,2003-2005,1.200566052593911,0.6087904670785621,-0.5917755855153489
2437,2003-2005,-1.2429785524528056,-1.693181062460937,-0.4502025100081313
2440,2003-2005,0.515769993117517,0.23187969226045038,-0.2838903008570667
2443,2003-2005,1.0056641333226897,0.4513020009770735,-0.5543621323456162
2446,2003-2005,0.0217661364297566,-0.07515045700324616,-0.09691659343300275
2454,2003-2005,0.2976469427766663,0.28123311661801703,-0.01641382615864928
2457,2003-2005,0.9771442310409467,0.586947488435263,-0.3901967426056837
2469,2003-2005,-1.3094639885480694,-1.7438238025652466,-0.43435981401717716
2470,2003-2005,1.3213862746543572,1.244332941247148,-0.07705333340720921
2484,2003-2005,0.5165630336975132,0.16875455835745562,-0.3478084753400576
2499,2003-2005,1.4917081947257587,0.9795549326088793,-0.5121532621168794
2501,2003-2005,0.43064041232030525,-0.02972063452011111,-0.46036104684041634
2544,2003-2005,6.113657409204773,5.900055964087428,-0.21360144511734536
2545,2003-2005,-1.9790344482813875,-1.8824051311221737,0.09662931715921386
2546,2003-2005,3.9459199941585075,3.33739418723921,-0.6085258069192974
2547,2003-2005,1.3086572041538043,1.056894939892617,-0.2517622642611872
2548,2003-2005,4.5364191294885385,3.6010989905981328,-0.9353201388904058
2549,2003-2005,-1.516973794395796,-1.684282385257917,-0.16730859086212102
2550,2003-2005,2.5368765563829476,1.9442792147156038,-0.5925973416673438
2551,2003-2005,0.9125509268725077,0.9156762600039766,0.0031253331314688992
2552,2003-2005,0.5951674513824221,0.7548592401412018,0.15969178875877965
2553,2003-2005,0.7704143282346552,0.5469562080384198,-0.22345812019623534
2554,2003-2005,1.770744986813335,1.6086254862913663,-0.16211950052196866
2555,2003-2005,0.21632237461040377,-0.1872125194404336,-0.40353489405083737
2556,2003-2005,1.1689974641707859,0.9924946617554051,-0.17650280241538074
2557,2003-2005,1.9285742872219216,1.5255390596063223,-0.4030352276155993
2560,2003-2005,-0.07083758443528684,-0.18201659180966365,-0.1111790073743768
2561,2003-2005,0.09342162034897747,-0.23133431612229094,-0.32475593647126844
2562,2003-2005,0.4945500852964213,0.5673687009487774,0.07281861565235614
2563,2003-2005,-0.5524491667686586,-0.6937352838941521,-0.14128611712549344
2564,2003-2005,0.7412350018450138,0.8703123110375444,0.12907730919253058
2565,2003-2005,1.0976060522812694,1.0916599504986346,-0.005946101782634772
2566,2003-2005,0.5485947237169679,0.7256985328283829,0.177103809111415
2567,2003-2005,0.9701905127736083,0.7376285878776476,-0.23256192489596073
2568,2003-2005,0.7316980920500995,0.6705990762450851,-0.06109901580501442
2570,2003-2005,-1.233126810353291,-0.9286238095877181,0.304503000765573
2571,2003-2005,2.532156504649825,2.2763212239916477,-0.2558352806581774
2572,2003-2005,1.1875493084393782,0.7703884782524243,-0.41716083018695393
2574,2003-2005,1.1109490115465572,0.6665617068936304,-0.44438730465292686
2575,2003-2005,1.2287035172370835,1.0747324409388763,-0.15397107629820717
2581,2003-2005,1.0119641200224918,0.5079190700917275,-0.5040450499307643
2584,2003-2005,0.49994096807167965,0.1699510884960905,-0.3299898795755891
2585,2003-2005,0.3787997211982302,0.21159554860723367,-0.1672041725909965
2586,2003-2005,0.8662343485509201,0.6847184301327605,-0.18151591841815962
2588,2003-2005,1.4871440490476606,0.5325350567600463,-0.9546089922876143
2590,2003-2005,1.9400149003201121,1.809648083594245,-0.13036681672586714
2592,2003-2005,0.8964998775479313,0.619106531938887,-0.2773933456090443
2594,2003-2005,1.963227066412145,1.3147557328062012,-0.6484713336059438
2605,2003-2005,1.3122378843853402,0.8918001730740069,-0.42043771131133323
2617,2003-2005,0.3380932121874243,-0.10597490687123545,-0.4440681190586597
2624,2003-2005,-0.06286438897417046,-0.45301737000908415,-0.3901529810349137
2648,2003-2005,-0.26438568694574255,-0.6616928780821811,-0.3973071911364386
2669,2003-2005,0.008744440144894883,-0.1271992033442398,-0.13594364348913468
2679,2003-2005,0.9843197318677956,0.62983181056828,-0.3544879212995157
2693,2003-2005,1.0893999379219268,0.3615165791173681,-0.7278833588045587
2730,2003-2005,1.6059957795641828,1.3495601017865457,-0.2564356777776371
2731,2003-2005,0.5294904423557297,0.3556306634780631,-0.17385977887766663
2732,2003-2005,2.0654212332708233,1.8761592134299672,-0.1892620198408561
2733,2003-2005,0.9805991473704605,1.2038863269874676,0.22328717961700706
2734,2003-2005,2.388960229260423,2.25422195678417,-0.13473827247625314
2735,2003-2005,1.6578629015426993,1.486092660855701,-0.1717702406869983
2736,2003-2005,2.1089207893043658,2.149345287063668,0.040424497759302014
2737,2003-2005,-0.9774781860248154,-1.3302022541237093,-0.3527240680988939
2738,2003-2005,3.161874240352094,3.020203656060427,-0.141670584291667
2739,2003-2005,0.44240883380950746,0.1742663806391751,-0.26814245317033236
2740,2003-2005,0.7678286393328526,0.711294361067378,-0.056534278265474636
2741,2003-2005,-1.4451245934974208,-1.3183627381989678,0.12676185529845307
2742,2003-2005,1.5406462894131487,1.4720039860620322,-0.06864230335111654
2743,2003-2005,-0.3111606458922146,-0.24552107072700938,0.06563957516520522
2744,2003-2005,-0.1808781357471983,-0.22354253350387698,-0.042664397756678685
2745,2003-2005,0.23941239235510287,0.15581297151422077,-0.0835994208408821
2746,2003-2005,0.8144474304572162,0.8417543039135932,0.027306873456376946
2747,2003-2005,2.2738368770373483,2.0431751451329974,-0.2306617319043509
2748,2003-2005,0.7541059196440096,0.816774129466561,0.06266820982255139
2749,2003-2005,1.6479145135370399,1.35543710127014,-0.2924774122668998
2751,2003-2005,-0.6790289012894928,-0.7171259748140496,-0.038097073524556824
2753,2003-2005,1.6149346592165184,1.8723215371163762,0.2573868778998578
2754,2003-2005,0.5990283110773411,0.41650711227834963,-0.18252119879899148
2755,2003-2005,0.7357825536270312,0.8936451892552018,0.1578626356281706
2756,2003-2005,0.8740955356863512,1.0926312322823395,0.21853569659598826
2757,2003-2005,3.076271520914441,2.672192030867703,-0.40407949004673815
2758,2003-2005,-0.523549202507597,-0.5050174902047728,0.018531712302824133
2760,2003-2005,1.0561389861856532,1.0384775471818144,-0.017661439003838764
2761,2003-2005,-0.35656318923585284,-1.0337537866410478,-0.6771905974051949
2766,2003-2005,0.5681214418356946,-0.13744757785798245,-0.705569019693677
2767,2003-2005,0.017285750818104566,-0.20685903840086928,-0.22414478921897385
2768,2003-2005,1.0119769804099588,0.8835822340547,-0.12839474635525872
2770,2003-2005,0.9002976748894664,0.7538266724131514,-0.14647100247631506
2772,2003-2005,1.0760617817300884,1.1842431642098028,0.10818138247971443
2774,2003-2005,0.10982655056650614,-0.22410098592210406,-0.3339275364886102
2776,2003-2005,-0.8711440840424729,-1.207348937334617,-0.336204853292144
2788,2003-2005,-1.8600100737577947,-2.3042106045189223,-0.44420053076112764
2804,2003-2005,-0.1547791866150691,-0.45894198013725485,-0.3041627935221858
2823,2003-2005,-0.5591871824908452,-0.7625153216312037,-0.20332813914035852
2852,2003-2005,-0.1440938015261922,-0.22350589789268493,-0.07941209636649274
2857,2003-2005,0.8106665146505817,0.6677461617495941,-0.1429203529009876
2863,2003-2005,0.9079422620087267,0.6165232573182302,-0.29141900469049653
2866,2003-2005,1.2549245654498962,1.3075975896220675,0.052673024172171345
15,2006-2008,1.1296113600060758,1.2021246925428788,0.07251333253680303
56,2006-2008,1.8249878704088947,1.8255238854626366,0.0005360150537419006
57,2006-2008,-0.0617036980699871,0.14219910541841693,0.20390280348840403
87,2006-2008,-0.15193736911795566,-0.1689614536669128,-0.017024084548957125
89,2006-2008,1.7999362816935638,1.8290584876061593,0.02912220591259551
109,2006-2008,1.5455565139777336,1.5248365633288727,-0.020719950648860896
133,2006-2008,1.4255350084400968,1.530639490866399,0.1051044824263021
136,2006-2008,0.1672620288636564,0.18471289239828342,0.01745086353462702
147,2006-2008,1.9645486339684617,2.053097510122126,0.08854887615366436
185,2006-2008,2.008046598230375,1.790376835626848,-0.21766976260352688
208,2006-2008,3.844768353535316,4.0797544312048695,0.2349860776695536
213,2006-2008,0.10777261418640786,-0.11031506735254555,-0.21808768153895342
224,2006-2008,2.177062110317082,2.171408561019569,-0.005653549297512939
239,2006-2008,1.4235527275024755,1.626823334705362,0.20327060720288648
243,2006-2008,-0.18204121534965373,0.011995078990961017,0.19403629434061476
255,2006-2008,2.698561160365262,2.7476847477649686,0.04912358739970646
258,2006-2008,-1.237710010025016,-1.2068758304990006,0.030834179526015415
278,2006-2008,0.40742391881171613,0.2542152199018016,-0.1532086989099145
283,2006-2008,1.9732428655781895,2.0122322386037563,0.03898937302556682
297,2006-2008,0.7434333114721932,0.8171912850587553,0.07375797358656211
353,2006-2008,2.5253033739878794,2.5724841298465586,0.0471807558586792
358,2006-2008,0.6710081563112454,0.6989277077696264,0.027919551458380987
361,2006-2008,0.9118300763224522,1.0068658474180672,0.09503577109561501
384,2006-2008,-0.18869571970463578,-0.28139001654272655,-0.09269429683809077
389,2006-2008,2.2530793633764534,2.16393423871035,-0.08914512466610347
406,2006-2008,2.889831979434253,2.653116980585856,-0.23671499884839697
436,2006-2008,0.26891783342689035,0.20815835185094939,-0.060759481575940966
441,2006-2008,0.7126251425721601,0.680135344225289,-0.03248979834687116
448,2006-2008,0.43366261701029263,0.25982217905534427,-0.17384043795494836
452,2006-2008,-0.40666970013810405,-0.6662041631445859,-0.2595344630064818
458,2006-2008,0.7405208132225831,0.8161994008330833,0.07567858761050017
467,2006-2008,3.2765115758405856,3.174709310902924,-0.10180226493766176
468,2006-2008,1.1145994506436867,1.1918055633607756,0.07720611271708888
673,2006-2008,0.477554806144845,0.3276366250035151,-0.14991818114132993
677,2006-2008,0.013078713906423714,0.06345679553034436,0.05037808162392065
686,2006-2008,0.890526585566796,0.641283069082663,-0.249243516484133
689,2006-2008,-0.8667683212709519,-0.8313806718182499,0.03538764945270201
693,2006-2008,0.24617034397522658,-0.035547040390319265,-0.28171738436554583
699,2006-2008,3.095372944115021,2.6930821948454695,-0.40229074926955155
702,2006-2008,1.658540801125215,1.6043981191547985,-0.054142681970416495
703,2006-2008,-0.0974412956562454,-0.06461751269182865,0.03282378296441675
708,2006-2008,3.580670295151838,2.911167718991093,-0.6695025761607449
711,2006-2008,2.4211439848669674,2.243551680411298,-0.17759230445566931
714,2006-2008,2.464391206137838,2.398828313377387,-0.0655628927604508
722,2006-2008,0.1626374295568017,0.03487052627626764,-0.12776690328053406
727,2006-2008,0.13287994170828782,0.23200172903731806,0.09912178732903024
731,2006-2008,-0.9672237363343144,-0.950568352420024,0.016655383914290334
739,2006-2008,1.7082446657337713,1.514004253530938,-0.1942404122028334
754,2006-2008,0.48867303823434777,0.5827510765900573,0.09407803835570955
757,2006-2008,2.2084161672954155,2.1687188530730572,-0.039697314222358226
788,2006-2008,-0.7995602949750706,-0.9716011018539181,-0.17204080687884749
905,2006-2008,-0.21371776954637137,-0.2436810846469121,-0.029963315100540733
911,2006-2008,-1.1777887159407339,-1.3440295310902395,-0.16624081514950562
923,2006-2008,1.5002659607708397,1.5917109228351833,0.0914449620643436
924,2006-2008,-0.010078122575209436,0.10751192484916908,0.11759004742437851
935,2006-2008,-0.337256671098808,-0.25474527017051374,0.08251140092829429
947,2006-2008,4.743938811228097,3.9363738691688495,-0.8075649420592477
948,2006-2008,0.9136042463303209,0.7456450297653276,-0.16795921656499324
949,2006-2008,0.5548564062142493,0.4069427426994704,-0.14791366351477886
950,2006-2008,2.191562846873429,1.9727830162978575,-0.2187798305755715
951,2006-2008,4.060084896469193,3.525099355594991,-0.5349855408742017
952,2006-2008,1.017040562333444,0.8810986775316747,-0.13594188480176927
953,2006-2008,-0.4354056635381971,-0.7206952662801205,-0.2852896027419234
955,2006-2008,-2.218389873034238,-2.1625726774328964,0.055817195601341574
956,2006-2008,-0.22679278041310608,-0.4075729203774611,-0.18078013996435505
958,2006-2008,-1.2783511226274067,-1.3575926826168507,-0.07924155998944404
959,2006-2008,5.41207050478419,4.9544036108419345,-0.4576668939422559
960,2006-2008,1.7639150712135891,1.5774357158377845,-0.18647935537580462
962,2006-2008,0.12146112832341763,0.1575795480664949,0.03611841974307728
965,2006-2008,1.8552471642408768,1.8030092225498184,-0.05223794169105833
970,2006-2008,-0.8057477756240703,-0.9983936696159109,-0.19264589399184062
976,2006-2008,-0.2565280210773606,-0.2829104669420538,-0.026382445864693183
977,2006-2008,5.463338839138123,4.478669204888851,-0.984669634249272
978,2006-2008,2.887855041349443,2.5781436835871716,-0.30971135776227143
979,2006-2008,0.7367194864845706,0.3130046313617454,-0.42371485512282525
980,2006-2008,0.8382294715793307,0.6222716335844926,-0.21595783799483814
983,2006-2008,0.44692509564294947,0.368890618171972,-0.07803447747097747
988,2006-2008,-0.6506456948888517,-0.8404865922037346,-0.18984089731488285
990,2006-2008,-0.26303490445847333,-0.38579014850441373,-0.1227552440459404
1000,2006-2008,-0.48046795173956103,-0.33830515471118056,0.14216279702838047
1088,2006-2008,1.9243114425741041,1.8958618208674682,-0.028449621706635897
1112,2006-2008,0.9920696880723658,0.6159899592952622,-0.3760797287771036
1425,2006-2008,-0.6091282277602177,-0.8098481418287514,-0.20071991406853373
1442,2006-2008,-1.104743300745938,-1.0546618260822942,0.050081474663643766
1477,2006-2008,1.1274171990465796,1.2649373015666956,0.13752010252011604
1495,2006-2008,2.649411206707978,1.8420245691567885,-0.8073866375511896
1496,2006-2008,0.9418323639104262,0.8166081015245904,-0.12522426238583584
1497,2006-2008,5.801195296078779,5.022939140015351,-0.7782561560634278
1498,2006-2008,1.9140132854043863,1.6829866320536773,-0.23102665335070904
1499,2006-2008,-0.5020386600598691,-0.6307471152629702,-0.12870845520310115
1501,2006-2008,1.2067004770586636,1.1134194066847942,-0.09328107037386935
1502,2006-2008,-1.3029248324408904,-1.2519851909595956,0.05093964148129482
1503,2006-2008,4.091944115652227,3.4218234793398894,-0.6701206363123378
1504,2006-2008,-0.895910827702816,-1.098459910814341,-0.20254908311152486
1506,2006-2008,1.3217463478388727,1.2946583699573269,-0.02708797788154582
1507,2006-2008,1.6677381506999533,1.5538116517512017,-0.11392649894875162
1508,2006-2008,-1.5977003981252174,-1.7524487701032399,-0.1547483719780225
1509,2006-2008,-1.144460348632443,-1.2789813014739067,-0.1345209528414637
1510,2006-2008,1.262402433494541,0.8888662814095584,-0.3735361520849826
1513,2006-2008,-0.35790336449681437,-0.6546661731139272,-0.2967628086171128
1515,2006-2008,2.841117769267477,2.4739725192726563,-0.3671452499948207
1517,2006-2008,2.5315423721436994,2.5289085171341075,-0.002633855009591901
1519,2006-2008,-1.1659272589657121,-1.3048816343034189,-0.13895437533770671
1520,2006-2008,0.572482902982786,0.4299698026970674,-0.14251310028571862
1521,2006-2008,0.04993224731360957,0.052301611282786806,0.002369363969177238
1531,2006-2008,0.03163589464841365,-0.21198857271178584,-0.2436244673601995
1533,2006-2008,1.0680539035523267,1.0445747426085905,-0.023479160943736144
1536,2006-2008,2.0653277564398467,1.857829504420803,-0.2074982520190436
1541,2006-2008,0.39171682621301973,0.2653622474048044,-0.12635457880821532
1548,2006-2008,-0.11694724385648965,-0.3493226595482254,-0.23237541569173575
1559,2006-2008,0.009293767236403397,-0.12971736476212378,-0.1390111319985272
1563,2006-2008,-0.038457837092726335,-0.03655280178493626,0.0019050353077900775
1594,2006-2008,0.3777771398559557,0.5579388971785748,0.18016175732261913
1607,2006-2008,1.1900496145095465,1.1504916771764733,-0.03955793733307322
1630,2006-2008,0.6512951515377684,0.2160743391150434,-0.43522081242272503
1709,2006-2008,-1.7277771682010612,-1.8033022317443126,-0.07552506354325139
1710,2006-2008,2.7053565010955385,2.3358604584088587,-0.3694960426866798
1711,2006-2008,0.40750374740146833,0.2617652960188869,-0.14573845138258146
1712,2006-2008,2.5812477165532823,2.3975134821413198,-0.18373423441196257
1713,2006-2008,4.224585384041925,3.5017199672797643,-0.7228654167621604
1715,2006-2008,2.047907542477305,1.8750619629348673,-0.17284557954243795
1716,2006-2008,1.320642084412672,1.0484336918051553,-0.2722083926075167
1717,2006-2008,5.223745430393279,4.54866749426785,-0.6750779361254295
1718,2006-2008,4.196166785401757,3.5535300220451185,-0.6426367633566383
1719,2006-2008,0.5011207758553244,0.2599509368397058,-0.24116983901561861
1720,2006-2008,-0.8865891839895113,-1.1471419163444811,-0.2605527323549699
1723,2006-2008,0.8685334075520782,0.7314017365909986,-0.1371316709610796
1725,2006-2008,0.49145884034488024,0.164474786061625,-0.3269840542832553
1727,2006-2008,0.06776750512589975,-0.007279580013310781,-0.07504708513921053
1729,2006-2008,2.2326355259872748,1.8508222036710618,-0.381813322316213
1730,2006-2008,-1.4266150686403,-1.4317355846637825,-0.005120516023482402
1731,2006-2008,1.6912720189183943,1.2185154730334145,-0.47275654588497984
1733,2006-2008,1.921976771183898,1.508434577375707,-0.4135421938081909
1737,2006-2008,-0.358053456961484,-0.6512402533553703,-0.2931867963938863
1739,2006-2008,1.7203810062039486,1.5649496008460346,-0.155431405357914
1740,2006-2008,3.5357654046593887,2.9263982664008727,-0.609367138258516
1741,2006-2008,-2.2134491907405285,-2.140877743392858,0.0725714473476704
1742,2006-2008,1.3419450466208327,1.342758634054156,0.0008135874333232707
1744,2006-2008,-1.9817316230951252,-2.109895189526139,-0.1281635664310139
1747,2006-2008,1.7317209372080242,1.582433298094585,-0.14928763911343923
1749,2006-2008,1.5976513496398563,1.4214094306164617,-0.1762419190233946
1752,2006-2008,-0.5387240628562087,-0.7022769418140643,-0.16355287895785564
1761,2006-2008,0.7290949320578763,0.5440000070042775,-0.1850949250535988
1763,2006-2008,-0.04282380750272573,-0.12881354080342994,-0.08598973330070421
1800,2006-2008,1.0787420614617225,0.8717465616506583,-0.20699549981106413
1802,2006-2008,1.4183162726334035,1.1855199836367947,-0.23279628899660887
1853,2006-2008,1.2067194327103403,1.1705063607388169,-0.03621307197152346
1863,2006-2008,2.28492015185506,2.1007658168177583,-0.18415433503730183
1882,2006-2008,3.4074015608204773,2.5122817110895133,-0.895119849730964
1883,2006-2008,1.9005943632264681,1.6331797219560191,-0.267414641270449
1884,2006-2008,3.351172454242228,2.802287348644574,-0.548885105597654
1885,2006-2008,1.6677450263422826,1.3156794233772249,-0.35206560296505773
1886,2006-2008,-0.8544918837787847,-0.9156034697902132,-0.06111158601142852
1887,2006-2008,2.343485575090948,1.9951585438299664,-0.34832703126098163
1888,2006-2008,3.1484898571354387,2.481091402837316,-0.6673984542981226
1889,2006-2008,2.5250719380664624,2.2308779354653034,-0.2941940026011589
1890,2006-2008,2.6384015603939206,1.977204269712886,-0.6611972906810346
1891,2006-2008,3.4159238430744225,2.671042368368738,-0.7448814747056844
1894,2006-2008,2.0464116377514467,1.546804381615591,-0.49960725613585577
1897,2006-2008,2.25534281950424,1.843944210939237,-0.4113986085650032
1899,2006-2008,1.1694529736755679,1.046889480854682,-0.12256349282088586
1902,2006-2008,0.8785462610289774,0.5245932477088197,-0.3539530133201577
1903,2006-2008,0.44947512727024386,0.29033908764290833,-0.15913603962733552
1904,2006-2008,0.4853813273296309,0.2779840411921756,-0.20739728613745528
1905,2006-2008,1.659232671508083,1.3843472124537448,-0.27488545905433814
1908,2006-2008,1.026675664450638,0.8276513755161738,-0.19902428893446422
1909,2006-2008,0.7564527804891903,0.5326219357697186,-0.22383084471947168
1913,2006-2008,0.24078663652049462,-0.1256148538426002,-0.36640149036309483
1916,2006-2008,-1.432598203150014,-1.3159408715104075,0.11665733163960645
1919,2006-2008,0.2626224360489894,-0.018513151101439064,-0.28113558715042847
1921,2006-2008,0.4172197882729263,0.30681217154194557,-0.1104076167309807
1922,2006-2008,-0.8314956737644061,-1.0140552581841829,-0.1825595844197767
1924,2006-2008,0.20081731665366317,0.008362336227558042,-0.19245498042610512
1938,2006-2008,4.393615301099361,3.6444064773626734,-0.7492088237366876
1952,2006-2008,1.9521189834731154,1.338089296472036,-0.6140296870010795
1956,2006-2008,0.18717211821967575,0.21223951567844193,0.025067397458766183
1960,2006-2008,0.1969059459510392,0.0529478156539426,-0.1439581302970966
1983,2006-2008,-0.3722311742382808,-0.5379175618833205,-0.16568638764503973
1985,2006-2008,0.3053307605861505,-0.26129299058889716,-0.5666237511750476
2030,2006-2008,0.5569803744546036,0.344020262344311,-0.2129601121102926
2031,2006-2008,-0.6995052392619512,-0.9856908103437652,-0.28618557108181397
2032,2006-2008,-0.3293324331039812,-0.5056032475366207,-0.17627081443263948
2033,2006-2008,-1.4474751900821838,-1.5293288436248644,-0.0818536535426806
2034,2006-2008,2.6799917153793675,2.0407636861791234,-0.6392280292002441
2035,2006-2008,0.5912784048958939,0.3839219606071861,-0.2073564442887078
2036,2006-2008,-1.0011606297174223,-1.2689603958987365,-0.2677997661813143
2037,2006-2008,2.381662426033381,2.1132270587265887,-0.2684353673067923
2038,2006-2008,-1.9802665180502157,-2.033354900133908,-0.053088382083692265
2039,2006-2008,0.7842305477647991,0.6431033510360061,-0.14112719672879293
2041,2006-2008,-0.9092853907023128,-1.1403671994589342,-0.23108180875662132
2043,2006-2008,0.10948285660853038,-0.007960430609991784,-0.11744328721852217
2045,2006-2008,2.5422427778978314,2.1557338007192,-0.3865089771786314
2046,2006-2008,0.05379524533471094,-0.24089719180935365,-0.29469243714406457
2047,2006-2008,0.7728855413382373,0.5668975007772635,-0.20598804056097375
2048,2006-2008,-1.4456241084477892,-1.6759739143625978,-0.23034980591480858
2049,2006-2008,0.48601722333848896,0.17645773713655613,-0.30955948620193285
2050,2006-2008,1.7436224336249544,1.5167216111078923,-0.22690082251706212
2052,2006-2008,1.3994289198441783,1.0473599945059635,-0.35206892533821477
2054,2006-2008,-0.7787795505506242,-1.0488641081857377,-0.2700845576351135
2056,2006-2008,-0.7707959269035428,-1.004616877591355,-0.23382095068781228
2058,2006-2008,-0.7676770984195039,-1.0461820882113737,-0.2785049897918698
2059,2006-2008,0.689898339048779,0.41646965802857877,-0.2734286810202002
2060,2006-2008,0.9004225002435676,0.7024718908907615,-0.19795060935280617
2063,2006-2008,-0.8492905029562683,-1.137509649883048,-0.28821914692677963
2067,2006-2008,1.6909194478363474,1.401957586342376,-0.2889618614939713
2072,2006-2008,3.6092040319386385,3.0100183360847135,-0.599185695853925
2073,2006-2008,0.9028284886602622,0.7375160802432352,-0.165312408417027
2078,2006-2008,-0.07933802015222875,-0.2976231375866002,-0.21828511743437146
2098,2006-2008,-0.5253315638971966,-0.7301429109386439,-0.20481134704144732
2109,2006-2008,0.44290301260050857,0.19086528837519268,-0.2520377242253159
2124,2006-2008,-1.0918814718338323,-1.313195662293781,-0.2213141904599487
2137,2006-2008,1.18793041038248,1.005010913291947,-0.182919497090533
2198,2006-2008,-0.11030657982248185,-0.4495213533844195,-0.33921477356193763
2199,2006-2008,1.495333831878614,0.6742687408988305,-0.8210650909797835
2200,2006-2008,2.7603954087998117,2.1631091433584384,-0.5972862654413733
2201,2006-2008,1.0963517678324188,0.6543538148874347,-0.4419979529449841
2202,2006-2008,2.7273136926660424,2.198714661604636,-0.5285990310614066
2203,2006-2008,1.8344015901732873,1.3142559704875676,-0.5201456196857197
2204,2006-2008,-0.8514157331841161,-0.8430230398872702,0.008392693296845888
2205,2006-2008,-0.8813101822208314,-0.9654169155632818,-0.08410673334245045
2207,2006-2008,3.3959303473490694,2.8293721054067724,-0.566558241942297
2209,2006-2008,1.40197079286806,1.1548771005830432,-0.24709369228501687
2210,2006-2008,2.558306846055513,2.0676160007237767,-0.49069084533173646
2211,2006-2008,1.1547182906034505,0.9423560529617074,-0.2123622376417431
2212,2006-2008,-0.8030195763499147,-1.109982906753184,-0.3069633304032692
2214,2006-2008,-0.9721406880858783,-1.0473091567530337,-0.07516846866715543
2215,2006-2008,-1.5418664791389531,-1.6933823021127417,-0.15151582297378852
2216,2006-2008,1.5828751811639667,1.1890063938583606,-0.39386878730560615
2217,2006-2008,-0.3758731242551886,-0.5578048862319144,-0.18193176197672578
2222,2006-2008,1.8481102735237027,1.5467904393274998,-0.3013198341962029
2223,2006-2008,-0.7185812612959692,-1.048770494402155,-0.33018923310618575
2224,2006-2008,1.7588602437237824,1.35296992003262,-0.4058903236911624
2225,2006-2008,3.4272135781348276,2.9489947139986032,-0.4782188641362244
2229,2006-2008,2.6771820442822096,2.3667222669833214,-0.3104597772988882
2230,2006-2008,1.2471098129508493,1.0785265977852767,-0.16858321516557262
2239,2006-2008,-0.23193852790475827,-0.403449596630263,-0.1715110687255047
2240,2006-2008,4.9398633000652,3.9693013120985676,-0.9705619879666325
2242,2006-2008,-1.2044297176503154,-1.2932671149261634,-0.08883739727584805
2243,2006-2008,-0.30276123641258507,-0.33703714454308303,-0.03427590813049797
2246,2006-2008,2.165478536694141,1.8516413780396044,-0.31383715865453654
2248,2006-2008,1.6238731251021972,1.276397046587937,-0.3474760785142601
2250,2006-2008,1.393801063057869,1.0319576963440817,-0.36184336671378725
2254,2006-2008,-1.0850959667218256,-1.2376736291878612,-0.15257766246603555
2260,2006-2008,-0.641842266440819,-0.8382279097170319,-0.19638564327621288
2294,2006-2008,1.361522082880933,1.1133778498779079,-0.24814423300302502
2306,2006-2008,0.9859371622778038,0.6906618441692375,-0.29527531810856633
2365,2006-2008,-1.0047427884730928,-1.2506935335945886,-0.24595074512149573
2366,2006-2008,0.27385465191894615,0.10741675317791528,-0.16643789874103088
2397,2006-2008,2.9448752189010676,1.8428022591120161,-1.1020729597890515
2399,2006-2008,1.7951480617779745,1.515985739076021,-0.2791623227019535
2400,2006-2008,0.2811887201025668,0.028378318957152177,-0.25281040114541464
2401,2006-2008,-0.6709680592398563,-0.8202606396454953,-0.14929258040563909
2402,2006-2008,-0.003154441822063714,-0.30842140618760305,-0.30526696436553935
2403,2006-2008,0.3174365924438415,0.09184097261743124,-0.22559561982641024
2404,2006-2008,0.6267493971926716,0.35875424476856477,-0.2679951524241069
2405,2006-2008,2.755923784099136,1.7635076119051842,-0.9924161721939517
2406,2006-2008,2.443571899247897,2.1077120207535125,-0.3358598784943845
2407,2006-2008,0.39110497052208215,0.22237834670073497,-0.16872662382134718
2408,2006-2008,-0.7468807320474807,-1.0255379386905992,-0.27865720664311844
2410,2006-2008,0.6715977988606566,0.5443008799610877,-0.12729691889956896
2411,2006-2008,0.8862656592957958,0.7489760720740298,-0.13728958722176599
2412,2006-2008,0.33683368035306765,0.15853765091793998,-0.17829602943512768
2413,2006-2008,1.05868325061967,0.8402046207778353,-0.21847862984183464
2416,2006-2008,0.5758462162060953,0.37712479066759996,-0.19872142553849537
2417,2006-2008,0.502586617069883,0.2646433333420834,-0.23794328372779955
2418,2006-2008,-0.19745350874635428,-0.19847979602696242,-0.0010262872806081347
2419,2006-2008,1.8921948274390252,1.601029626683878,-0.2911652007551473
2420,2006-2008,-0.19618745057990333,-0.39857181966942523,-0.2023843690895219
2422,2006-2008,0.9487172936780135,0.8098418266506258,-0.13887546702738773
2424,2006-2008,0.8173673777083597,0.6444728415097718,-0.17289453619858786
2427,2006-2008,1.3046804011446844,1.058273462792839,-0.24640693835184546
2429,2006-2008,-0.5211751455177527,-0.9180868756397285,-0.3969117301219758
2430,2006-2008,2.6710342973740535,2.195926411032524,-0.47510788634152945
2435,2006-2008,-1.2171249895090326,-1.378591444954568,-0.1614664554455354
2436,2006-2008,1.0918653309843287,0.9240612698923364,-0.1678040610919923
2437,2006-2008,-0.6386856082910459,-0.9069927932460157,-0.26830718495496975
2440,2006-2008,1.1421977228704212,0.9165311394896557,-0.2256665833807655
2441,2006-2008,-0.7745073345073595,-0.7111293086900409,0.06337802581731866
2443,2006-2008,0.17145740805858778,-0.05087131542626537,-0.22232872348485316
2446,2006-2008,0.5276018055707568,0.31640437342794037,-0.2111974321428164
2449,2006-2008,0.5052799239648829,0.27098447965921796,-0.2342954443056649
2454,2006-2008,0.29432760213973,0.15947880879984977,-0.13484879333988026
2457,2006-2008,1.1082632172145432,0.8268665998477296,-0.28139661736681365
2469,2006-2008,-0.5408130303822964,-0.5207938477569786,0.020019182625317877
2470,2006-2008,1.3745944606589346,1.0801899647684678,-0.2944044958904668
2484,2006-2008,0.9646524398200704,0.8300991533270118,-0.13455328649305864
2499,2006-2008,0.3320916058188287,0.1991001491162176,-0.1329914567026111
2501,2006-2008,-0.10814013998989629,-0.38237929431597284,-0.27423915432607654
2544,2006-2008,6.263929178224119,5.4471256548053235,-0.8168035234187956
2545,2006-2008,-1.1605392901585017,-1.1666018633419164,-0.006062573183414743
2546,2006-2008,3.7882211314623873,3.1340180594777456,-0.6542030719846417
2547,2006-2008,3.3324464114253134,2.776464678776537,-0.5559817326487764
2548,2006-2008,5.247388701629181,4.022596714143534,-1.2247919874856477
2549,2006-2008,-0.5970869586766981,-0.7729867766514731,-0.17589981797477494
2550,2006-2008,2.1750715862980825,1.6801708393195294,-0.49490074697855313
2551,2006-2008,1.8794871235486021,1.498983349370363,-0.3805037741782391
2552,2006-2008,-1.0696595118081669,-1.1293550944105457,-0.05969558260237884
2553,2006-2008,0.8279259896961925,0.6421692720842256,-0.18575671761196688
2554,2006-2008,0.8310705066618933,0.5233575582194128,-0.30771294844248054
2555,2006-2008,-0.1606929502431776,-0.44957585664817756,-0.288882906405
2556,2006-2008,0.9033826352669629,0.7271790942417259,-0.17620354102523705
2557,2006-2008,1.7138908132972346,1.3107872259388031,-0.40310358735843144
2558,2006-2008,-0.2986016608765828,-0.5380840192942594,-0.23948235841767662
2560,2006-2008,-0.35605213883860043,-0.472471333581988,-0.11641919474338758
2561,2006-2008,1.561151227951751,1.1016625710475012,-0.4594886569042498
2562,2006-2008,0.26467474728907586,0.15849926765323802,-0.10617547963583784
2563,2006-2008,-0.5360747698458781,-0.754936382551407,-0.21886161270552895
2564,2006-2008,1.2545432834305699,1.012840288780568,-0.24170299465000178
2565,2006-2008,0.3610254753553,0.20115100618222592,-0.15987446917307407
2566,2006-2008,0.404573683241032,0.14314601218582684,-0.26142767105520515
2567,2006-2008,0.7511384358000429,0.36342255954919506,-0.38771587625084786
2568,2006-2008,0.9220921906947833,0.7060915339695285,-0.2160006567252548
2570,2006-2008,-0.6979712468966333,-0.6980510673154379,-7.982041880461033e-05
2571,2006-2008,2.448544690318827,1.8363418007539951,-0.6122028895648319
2572,2006-2008,2.4271183595578734,2.071946889993524,-0.35517146956434953
2573,2006-2008,-1.1387055334167562,-0.9016566828109092,0.23704885060584702
2574,2006-2008,1.3593408138779144,0.6898805536492059,-0.6694602602287085
2575,2006-2008,1.031241213698236,0.9229062966210124,-0.10833491707722365
2581,2006-2008,1.3050495517680711,0.9554888996978919,-0.3495606520701793
2584,2006-2008,1.064714055948523,0.7284811341495689,-0.33623292179895414
2585,2006-2008,0.7587318600700447,0.5506469950159711,-0.20808486505407353
2586,2006-2008,1.1063564236590868,0.9329922683272542,-0.17336415533183258
2588,2006-2008,1.279893141976562,1.00057047884012,-0.27932266313644205
2590,2006-2008,3.0191001952068155,2.5893398669291736,-0.4297603282776419
2592,2006-2008,1.4541219788519837,1.0823622531228412,-0.3717597257291425
2594,2006-2008,1.8669571214159724,1.26479206774904,-0.6021650536669323
2605,2006-2008,0.6338807367659152,0.41985066166777196,-0.2140300750981432
2617,2006-2008,0.3460146262633955,0.052767583292129785,-0.29324704297126575
2624,2006-2008,-0.19340439168343354,-0.4584349773780557,-0.2650305856946222
2648,2006-2008,-0.21965233563060896,-0.4653177505728651,-0.24566541494225616
2668,2006-2008,-0.45539118102636944,-0.5315574217114636,-0.07616624068509414
2669,2006-2008,0.044408446134039006,-0.2171774598663963,-0.2615859060004353
2679,2006-2008,1.4425623232627562,1.0515712041849739,-0.3909911190777824
2693,2006-2008,0.4034503153162362,0.2055151527200228,-0.1979351625962134
2694,2006-2008,-1.0700665919401637,-1.136714482943111,-0.06664789100294732
2730,2006-2008,2.1688865159952195,1.717151803365698,-0.4517347126295215
2731,2006-2008,0.11099196448771846,-0.18347897233265875,-0.2944709368203772
2732,2006-2008,2.6469149288836937,2.011845458556045,-0.6350694703276489
2733,2006-2008,0.7543184178859196,0.7629698631323547,0.00865144524643513
2734,2006-2008,2.2772168285811496,2.0834906748623716,-0.193726153718778
2735,2006-2008,1.3175689830647936,1.1143819673888244,-0.2031870156759692
2736,2006-2008,2.4389117134741136,2.112784947864782,-0.3261267656093314
2737,2006-2008,-1.2729986294751623,-1.364234637804796,-0.09123600832963374
2738,2006-2008,3.359473885897459,2.8848922074331145,-0.4745816784643444
2740,2006-2008,1.6660717112700059,1.7671107618587765,0.10103905058877061
2741,2006-2008,-0.9131938977762146,-0.7507328935205424,0.16246100425567223
2742,2006-2008,1.0129279533157702,0.7894167127883677,-0.22351124052740257
2743,2006-2008,-0.16832627366402414,-0.28073814552391785,-0.11241187185989371
2744,2006-2008,0.9395281377919741,0.6298382829558176,-0.3096898548361565
2745,2006-2008,0.9336740124844551,0.7758223337644946,-0.15785167871996053
2746,2006-2008,2.2392189975634516,1.972980358641692,-0.2662386389217595
2747,2006-2008,2.9024708131204755,2.3965798445329165,-0.505890968587559
2748,2006-2008,0.5305267618745235,0.41888905189504955,-0.11163770997947398
2749,2006-2008,2.1317796023680313,1.7072509539234233,-0.424528648444608
2751,2006-2008,0.034494640478924886,-0.08132046834853998,-0.11581510882746487
2753,2006-2008,2.0528130293025826,1.8402042113086192,-0.21260881799396336
2754,2006-2008,0.5825490903227705,0.2887327443243479,-0.29381634599842255
2755,2006-2008,3.4679649346595545,3.025321518880162,-0.4426434157793926
2756,2006-2008,1.9039747357960208,1.5220413029203872,-0.38193343287563364
2757,2006-2008,1.0800290469215985,0.8242651646964821,-0.25576388222511637
2758,2006-2008,-1.2954906436897269,-1.5667443578568634,-0.2712537141671365
2760,2006-2008,0.3655334540008803,0.04434198196318581,-0.3211914720376945
2761,2006-2008,-0.9456273950024249,-1.2082712532585713,-0.26264385825614645
2764,2006-2008,0.5671542432661864,0.43890657062711613,-0.12824767263907022
2767,2006-2008,0.27073195721389354,0.08639742395682773,-0.1843345332570658
2768,2006-2008,1.4232633946950248,1.2262448393023926,-0.19701855539263224
2772,2006-2008,0.872401783466177,0.7698063678682996,-0.10259541559787744
2774,2006-2008,0.01244529969274184,-0.1981929805739644,-0.21063828026670622
2782,2006-2008,0.09760357389790894,-0.08799119647636817,-0.18559477037427713
2788,2006-2008,-1.6457950607557064,-1.8025219162699961,-0.15672685551428978
2804,2006-2008,1.1129028120986328,0.9093027181064512,-0.2036000939921816
2853,2006-2008,-1.4722808232858948,-1.709539251506741,-0.23725842822084608
2857,2006-2008,0.7916999751735856,0.6578663737836532,-0.1338336013899324
2863,2006-2008,0.9791041005693046,0.7874297776167128,-0.1916743229525918
2873,2006-2008,0.2559232086181947,0.21922227182419002,-0.03670093679400466
101106,2006-2008,0.9877305136077309,0.818729293792922,-0.16900121981480887
101107,2006-2008,1.1589517560189133,1.1211537316022147,-0.03779802441669866
101108,2006-2008,5.174081075060958,4.651036386071694,-0.5230446889892635
101109,2006-2008,2.000786882022244,1.733287293115789,-0.26749958890645487
101110,2006-2008,1.5208520821549103,1.466301621333991,-0.0545504608209193
101111,2006-2008,0.9238557529048638,0.8236182092421668,-0.10023754366269699
101112,2006-2008,-0.7116109370290588,-0.8577487220185672,-0.14613778498950847
101113,2006-2008,-0.10704367076376906,-0.2081258508857454,-0.10108218012197634
101114,2006-2008,3.5052152526819143,3.210473826700528,-0.2947414259813863
101115,2006-2008,0.006034768599196794,0.13654322265093402,0.13050845405173722
101118,2006-2008,0.5191260114219184,0.3075989000743452,-0.21152711134757318
101119,2006-2008,1.4385957875267867,1.1322541635876646,-0.3063416239391221
101120,2006-2008,0.008692504137695973,-0.09026919138304994,-0.09896169552074591
101121,2006-2008,-0.391629466910273,-0.4962814022954459,-0.10465193538517287
101122,2006-2008,1.9183764254345355,1.451025452093225,-0.46735097334131037
101123,2006-2008,1.0162147414141196,0.9871753052675125,-0.02903943614660709
101124,2006-2008,0.30379831912150757,0.13786651213387377,-0.1659318069876338
101126,2006-2008,1.6506720832955888,1.454819112839599,-0.1958529704559897
101127,2006-2008,2.0034158156030224,1.7621160870717745,-0.24129972853124793
101128,2006-2008,1.0732178513488488,0.7839528555816017,-0.2892649957672472
101129,2006-2008,1.6224227497492496,1.312953954287797,-0.30946879546145256
101130,2006-2008,-1.338576596227442,-1.316257327575235,0.022319268652207125
101131,2006-2008,-0.2641147675029524,-0.4259249629967242,-0.16181019549377185
101132,2006-2008,0.916306746056482,0.8411858265097314,-0.0751209195467506
101133,2006-2008,0.40449214659962573,0.3044470368879682,-0.10004510971165753
101135,2006-2008,0.6611198918123959,0.5038642873266492,-0.15725560448574671
101138,2006-2008,-0.44077265649858993,-0.646935498556154,-0.20616284205756402
101139,2006-2008,1.289801999009767,1.3451764102596226,0.05537441124985554
101141,2006-2008,0.9830258955760893,0.9857658816123365,0.002739986036247144
101142,2006-2008,-0.2897734417052016,-0.4811779149141566,-0.19140447320895504
101143,2006-2008,1.4243509614002732,1.0954098988158643,-0.3289410625844089
101144,2006-2008,-0.0840887813906323,-0.10446245089769239,-0.020373669507060085
101145,2006-2008,3.2490241580643158,2.969290580039066,-0.2797335780252497
101150,2006-2008,2.3489488001870678,2.1930486074889575,-0.15590019269811028
101153,2006-2008,0.1943115974580404,-0.00021740403998838642,-0.1945290014980288
101154,2006-2008,-0.24180492307544652,-0.12404893846135415,0.11775598461409237
101155,2006-2008,0.9153505355289824,0.7282630390808098,-0.18708749644817257
101161,2006-2008,0.38286728682357424,0.5434168839459346,0.16054959712236033
101162,2006-2008,-0.5049910446269041,-0.6789148114986678,-0.1739237668717637
101177,2006-2008,0.34721521978830294,0.1489056240311739,-0.19830959575712903
101179,2006-2008,0.8855845440776868,0.6885836922485395,-0.19700085182914728
101181,2006-2008,2.2509303291190896,1.8788989001366372,-0.37203142898245245
101183,2006-2008,0.17371574476421703,0.21969346878525822,0.045977724021041194
101187,2006-2008,0.31530821156572997,0.22383272632540674,-0.09147548524032323
101189,2006-2008,0.04806251176145597,-0.1957869932613953,-0.24384950502285124
101194,2006-2008,0.8793451099184744,0.7809216494361688,-0.09842346048230555
101198,2006-2008,0.28911389989609393,0.13955579808845914,-0.1495581018076348
101211,2006-2008,0.05961849444614403,-0.1592663026920563,-0.21888479713820033
101235,2006-2008,1.0569220985160734,0.873282118265816,-0.1836399802502574
101236,2006-2008,0.27131550325631626,0.03457362512318352,-0.23674187813313274
101249,2006-2008,0.7168442110424317,0.5463830937495423,-0.17046111729288937
200081,2006-2008,1.1352902754732495,0.8126621396432636,-0.32262813582998584
200745,2006-2008,0.9933050840850332,0.8530835872875301,-0.14022149679750306
200746,2006-2008,0.7893645594013247,0.5448301364524651,-0.24453442294885952
200747,2006-2008,0.2500417576930969,0.10695364913539618,-0.1430881085577007
200748,2006-2008,-0.32949140560865986,-0.33433321065518085,-0.004841805046520986
200749,2006-2008,-0.42223172676293236,-0.6274780216517581,-0.2052462948888258
200750,2006-2008,3.66342865160674,3.385936054861002,-0.2774925967457378
200751,2006-2008,1.6316375050843768,1.3619225646899724,-0.26971494039440436
200752,2006-2008,2.7209851912660414,2.20674839298521,-0.5142367982808316
200753,2006-2008,-0.8361554505689976,-0.7213946110898602,0.1147608394791374
200755,2006-2008,1.326494059415564,1.0272328596658107,-0.2992611997497534
200756,2006-2008,-1.1140511113890006,-1.1200747185412856,-0.006023607152285004
200757,2006-2008,0.3886522651808334,0.2273181204048144,-0.161334144776019
200758,2006-2008,2.22982547280372,1.9461420755125691,-0.283683397291151
200760,2006-2008,0.36695624595706533,0.15132262831874815,-0.21563361763831718
200761,2006-2008,0.8258346248881183,0.7171727968171691,-0.10866182807094926
200762,2006-2008,0.30752627968040186,0.28650901613603813,-0.02101726354436373
200763,2006-2008,0.6020721791419401,0.38276028221461683,-0.21931189692732328
200764,2006-2008,0.28978656362281374,0.20382654706407743,-0.08596001655873631
200765,2006-2008,1.4412038631149584,1.3116649882204139,-0.12953887489454452
200766,2006-2008,1.9448302538049318,1.7263054315639117,-0.2185248222410201
200767,2006-2008,-0.08227601163176361,-0.192338552429811,-0.11006254079804738
200768,2006-2008,2.6306547825834117,2.263574953958414,-0.3670798286249979
200769,2006-2008,-0.1403964051660095,-0.2114210239701729,-0.07102461880416339
200770,2006-2008,2.9232553959390173,2.689520782903242,-0.23373461303577514
200771,2006-2008,1.517518874335091,1.3709991670069717,-0.14651970732811925
200776,2006-2008,0.042285276670528435,-0.004176366952568289,-0.046461643623096724
200778,2006-2008,-0.040213808140831454,-0.19458010710988566,-0.1543662989690542
200779,2006-2008,0.9933147472325488,0.7064230442901749,-0.28689170294237387
200780,2006-2008,-1.0522714664820108,-1.0889858821923517,-0.03671441571034095
200781,2006-2008,-0.19917872469118686,-0.33900362281643115,-0.1398248981252443
200782,2006-2008,-0.5586627419386325,-0.3736678312894951,0.18499491064913742
200783,2006-2008,0.5667362234928159,0.38227747572660153,-0.1844587477662144
200789,2006-2008,2.303548288436623,1.78455876675836,-0.5189895216782632
200793,2006-2008,0.6618060500931172,0.6530641214861002,-0.008741928607017058
200794,2006-2008,0.5334983190151336,0.3862063349192636,-0.14729198409586997
200796,2006-2008,1.1638058580664292,0.9008258872506822,-0.262979970815747
200797,2006-2008,-0.5212326216589027,-0.482101652425159,0.039130969233743707
200809,2006-2008,1.6637822144134116,1.5002112683908428,-0.16357094602256872
200811,2006-2008,-1.6079288299405774,-1.5042197838031313,0.10370904613744614
200814,2006-2008,0.7626810343931816,0.5129761228971728,-0.24970491149600882
200821,2006-2008,0.04287758113228883,-0.024864674959953044,-0.06774225609224188
200822,2006-2008,-0.6939319259663562,-0.64328384837935,0.05064807758700618
200826,2006-2008,0.6248278889792989,0.49336237169021224,-0.13146551728908662
200835,2006-2008,1.3448482116195009,1.0301727516229824,-0.31467545999651847
201142,2006-2008,4.26735300916817,3.875555059174535,-0.39179794999363526
201143,2006-2008,0.919238867372737,0.6258724698816207,-0.29336639749111626
201144,2006-2008,2.049864746121446,2.0078323980079924,-0.042032348113453466
201145,2006-2008,-0.05675418490505809,-0.07472067549754671,-0.017966490592488622
201146,2006-2008,-0.23920590212974285,-0.19385932933356426,0.0453465727961786
201147,2006-2008,-0.16061767892667028,-0.15895693773128883,0.0016607411953814544
201148,2006-2008,0.18938047767635666,0.1926347905454308,0.003254312869074155
201149,2006-2008,0.7631653162424812,0.5175195525185832,-0.24564576372389801
201150,2006-2008,-1.103840134632927,-0.8571125885534252,0.24672754607950176
201151,2006-2008,0.27585450630295066,0.1410150062588546,-0.13483950004409606
201152,2006-2008,1.5244347714060624,1.3666239047331818,-0.15781086667288058
201153,2006-2008,1.4239020392874155,1.2673679257822115,-0.15653411350520408
201154,2006-2008,0.44504570444949154,0.2312782483884404,-0.21376745606105113
201155,2006-2008,1.2574011730233492,1.0945669014671817,-0.16283427155616748
201156,2006-2008,0.5557269835276057,0.35553821883548437,-0.20018876469212138
201157,2006-2008,-0.4745786999757028,-0.3642756087036904,0.11030309127201238
201158,2006-2008,0.6616726230622212,0.5654027921777869,-0.0962698308844343
201159,2006-2008,0.8437148914321441,0.7652511088880658,-0.07846378254407826
201160,2006-2008,-1.1471176499802342,-1.1605621219574478,-0.013444471977213546
201161,2006-2008,0.7838632116891849,0.8234370034921146,0.039573791802929636
201162,2006-2008,1.1757077227919965,1.1910305782092432,0.01532285541724665
201163,2006-2008,0.20010881836141375,0.24607692423860014,0.04596810587718639
201166,2006-2008,1.9600921782869325,1.876974201381077,-0.08311797690585543
201167,2006-2008,0.7699608274302325,0.6649634534911324,-0.10499737393910014
201169,2006-2008,0.05342339227530405,-0.03327530065924421,-0.08669869293454827
201171,2006-2008,1.4143246177948885,1.2539314803536525,-0.16039313744123596
201172,2006-2008,0.6491646458591764,0.57863146731237,-0.07053317854680641
201175,2006-2008,-0.06571925565788614,0.024912584513705677,0.09063184017159182
201177,2006-2008,-0.4184960419514586,-0.4079405133852657,0.010555528566192907
201178,2006-2008,-1.0193717503844542,-0.7495964129862315,0.2697753373982227
201187,2006-2008,-0.34689099974602017,-0.3141730961961913,0.03271790354982884
201189,2006-2008,0.36624483638344496,0.34840349173850194,-0.017841344644943025
201196,2006-2008,1.0665512273061082,0.977073183810381,-0.08947804349572719
201202,2006-2008,-1.3576391979901716,-1.4817954913857707,-0.12415629339559908
201228,2006-2008,0.7414252483292514,0.5972576890794059,-0.14416755924984548
201238,2006-2008,0.21531449282303816,-0.09444408170676806,-0.3097585745298062
87,2009-2011,-1.2238395077768858,-0.6371908120901617,0.5866486956867241
255,2009-2011,2.399182074974361,2.5769379951823828,0.17775592020802167
283,2009-2011,1.2162325478655769,1.9157256496871693,0.6994931018215924
406,2009-2011,2.727963467934764,2.450830265523778,-0.27713320241098627
436,2009-2011,-0.22849462872110687,0.16883302400167027,0.39732765272277715
467,2009-2011,3.81488242496516,3.6566373778811254,-0.15824504708403442
686,2009-2011,0.5718946150549944,0.5843434026613747,0.012448787606380352
689,2009-2011,-0.5013023723363281,-0.34490908379868906,0.15639328853763906
693,2009-2011,-0.4165401852263776,-0.1870981851634811,0.2294420000628965
699,2009-2011,2.2541022528869954,2.4809032216305065,0.22680096874351108
703,2009-2011,-0.06784663962465406,0.02349701677926026,0.09134365640391433
708,2009-2011,2.9427524776486904,2.900599416779203,-0.04215306086948756
711,2009-2011,1.7347560420798132,1.9794766371530212,0.2447205950732081
714,2009-2011,2.2169423992070785,2.4837395720234596,0.26679717281638116
739,2009-2011,1.7296601536583058,1.8769078650364481,0.1472477113781423
923,2009-2011,2.1582360790631467,2.2887358596974234,0.1304997806342767
947,2009-2011,3.517315094511661,3.7084937271221436,0.1911786326104825
948,2009-2011,1.1999030516221358,1.336583563938143,0.13668051231600709
950,2009-2011,-0.05976333578601288,0.0830081723452327,0.14277150813124556
951,2009-2011,4.055182637841203,3.442347319528551,-0.6128353183126523
953,2009-2011,-1.8133510733645846,-1.7059948969216219,0.10735617644296269
956,2009-2011,-0.09286159629761163,0.005358940786505362,0.098220537084117
959,2009-2011,6.325970856938929,5.743673711429767,-0.5822971455091617
965,2009-2011,1.3260713167110998,1.4964770654507071,0.17040574873960734
977,2009-2011,5.9899918318094585,5.426531180786088,-0.5634606510233704
978,2009-2011,2.5644374929762033,2.191306384080849,-0.3731311088953544
979,2009-2011,-0.24343012366483158,-0.25640178924992185,-0.012971665585090275
980,2009-2011,-0.3593261840297732,-0.2505164382271657,0.1088097458026075
990,2009-2011,-0.4421800168247122,-0.12924290072363892,0.3129371161010733
1088,2009-2011,1.2231739675887996,1.6011548101544946,0.377980842565695
1112,2009-2011,1.448761014006951,1.6540792373094875,0.20531822330253657
1477,2009-2011,0.45787950720537907,0.7400781990753048,0.28219869186992574
1495,2009-2011,2.935833775674479,2.909999358440841,-0.025834417233637996
1497,2009-2011,4.9415369168686025,4.231533602825714,-0.710003314042889
1498,2009-2011,1.5314796659224688,1.710535340220932,0.17905567429846325
1499,2009-2011,-0.6105634611376605,-0.4459056810478749,0.16465778008978554
1501,2009-2011,1.399298869336874,1.3921982228885983,-0.007100646448275683
1502,2009-2011,-0.9733799206405751,-0.4905024746542271,0.482877445986348
1503,2009-2011,2.3849229131903975,2.4436124816502747,0.05868956845987716
1506,2009-2011,1.0023084059177658,1.3376463911554686,0.33533798523770275
1510,2009-2011,0.5490708065940664,0.5662206794860485,0.01714987289198211
1515,2009-2011,1.991104598069765,2.0618800212516213,0.07077542318185626
1517,2009-2011,2.3911155131216644,2.704364743085848,0.3132492299641836
1521,2009-2011,0.8249087828856961,1.0701819298473323,0.24527314696163616
1533,2009-2011,1.3969735786582924,1.6776772700048923,0.2807036913465999
1536,2009-2011,3.2831357358648745,2.8947431520729454,-0.3883925837919291
1548,2009-2011,0.3786410772978371,0.4813909838441296,0.10274990654629251
1563,2009-2011,0.8018758268533277,1.0745714369979111,0.27269561014458343
1630,2009-2011,-0.5882886273755737,-0.16152622927876115,0.4267623980968126
1710,2009-2011,2.177939476638845,1.7447749489515865,-0.43316452768725866
1712,2009-2011,2.891234385783753,2.894404748898872,0.0031703631151192013
1713,2009-2011,2.829394494980944,2.694221548978323,-0.13517294600262098
1715,2009-2011,1.82308067991942,1.9632237759093036,0.14014309598988373
1716,2009-2011,1.4804370194819723,1.377526729070894,-0.10291029041107835
1717,2009-2011,4.242200784804104,3.9171281094221926,-0.3250726753819113
1718,2009-2011,3.761829387185533,3.3041698271673567,-0.4576595600181763
1723,2009-2011,0.21378587800198406,0.3377476128947314,0.12396173489274731
1725,2009-2011,0.6762486932281376,0.5299632711172152,-0.14628542211092244
1729,2009-2011,0.41448261542420217,0.4451167301652064,0.030634114741004248
1730,2009-2011,-1.1021520836518275,-1.051913022964717,0.05023906068711059
1731,2009-2011,1.0862888238032435,1.1488098164882046,0.06252099268496103
1733,2009-2011,1.5831992075309744,1.289259315342326,-0.29393989218864847
1737,2009-2011,-0.44998967964387093,-0.5067096747523107,-0.056719995108439725
1740,2009-2011,2.152242322450012,1.7965835481876162,-0.35565877426239556
1744,2009-2011,-0.5836293349478243,-0.45935297545475795,0.12427635949306637
1747,2009-2011,2.2114278004721664,2.2825819050919636,0.07115410461979721
1749,2009-2011,1.2292285321285459,1.4144140937466374,0.18518556161809152
1752,2009-2011,-1.6716041301140123,-1.375234686284314,0.29636944382969843
1761,2009-2011,0.29330916181884714,0.6103428982450706,0.31703373642622346
1763,2009-2011,-0.28829047546589553,-0.14676296101240896,0.14152751445348657
1766,2009-2011,-0.4871340648523992,-0.5253957424061672,-0.03826167755376797
1800,2009-2011,0.5934990966548525,0.6954482900259785,0.10194919337112607
1802,2009-2011,1.7059806118726986,1.930829705795499,0.2248490939228005
1853,2009-2011,1.383274337218502,1.6752548413858208,0.2919805041673189
1863,2009-2011,2.438119081989436,2.4847110376108232,0.04659195562138718
1882,2009-2011,0.9456633060732571,0.6208079188191707,-0.32485538725408636
1884,2009-2011,3.0321208625084743,2.7639930168151485,-0.2681278456933258
1885,2009-2011,1.384004003301361,1.1729451314521067,-0.21105887184925431
1886,2009-2011,0.023186616839232753,0.08110978386945249,0.057923167030219734
1887,2009-2011,1.3040562748089453,1.2325047908613969,-0.0715514839475484
1888,2009-2011,3.059647126357568,3.2920853144135016,0.23243818805593364
1889,2009-2011,3.4007009236446186,3.1244036676833282,-0.2762972559612904
1890,2009-2011,1.3902869037080503,1.4556994799561929,0.06541257624814256
1891,2009-2011,2.8837533107326485,2.4196405307282385,-0.46411278000441003
1894,2009-2011,1.7975214191595814,1.60577793617361,-0.19174348298597144
1897,2009-2011,1.775695846365909,1.463302372121322,-0.31239347424458686
1899,2009-2011,1.2018270813744643,1.3550807309239759,0.1532536495495116
1902,2009-2011,0.8820862266458619,0.7077156140316057,-0.17437061261425624
1903,2009-2011,-0.45497040648960263,-0.4812466596606678,-0.02627625317106519
1904,2009-2011,1.0066686191781098,1.1044375778159652,0.0977689586378554
1905,2009-2011,2.576325081451916,2.1489693436030604,-0.4273557378488557
1913,2009-2011,-0.5367286487496714,-0.39424496561712197,0.14248368313254944
1916,2009-2011,-1.5572184010725036,-1.175922553652604,0.38129584741989975
1922,2009-2011,-0.3866102693140032,-0.2398916559531432,0.14671861336086
1938,2009-2011,4.3344412782263335,3.9556247302288883,-0.37881654799744524
1952,2009-2011,1.5189547472953724,1.2554958899352793,-0.2634588573600931
2030,2009-2011,0.6488687893158857,0.7265042048012524,0.07763541548536679
2031,2009-2011,-1.5059956732786948,-1.762309975403556,-0.2563143021248613
2032,2009-2011,-0.36460495891676364,-0.471745689470281,-0.10714073055351736
2034,2009-2011,1.2293134171697488,1.1340074702315641,-0.09530594693818473
2036,2009-2011,-0.8431628070028798,-0.768816869514358,0.07434593748852181
2037,2009-2011,2.2549995453605858,1.8744691921299323,-0.38053035323065343
2038,2009-2011,-1.1965884720168987,-1.2029932428230912,-0.006404770806192506
2039,2009-2011,1.2498376236362094,1.2138750903558422,-0.03596253328036725
2041,2009-2011,-1.596489815900345,-1.5139221087082328,0.08256770719211226
2045,2009-2011,1.9389605210506502,1.7507072588101553,-0.18825326224049488
2046,2009-2011,-0.932216165099824,-0.8446941475547056,0.08752201754511835
2047,2009-2011,1.45280924428222,1.2370543988024794,-0.21575484547974066
2048,2009-2011,-0.7128189542597898,-0.8657448308320157,-0.1529258765722259
2049,2009-2011,0.1524786569521896,0.22284542746547467,0.07036677051328508
2050,2009-2011,1.1017376199812443,1.1952285739923163,0.09349095401107199
2052,2009-2011,0.8739027767344844,0.9172276896053988,0.043324912870914445
2056,2009-2011,-2.2700927076322004,-2.108696725536757,0.16139598209544337
2058,2009-2011,-1.2423413973405355,-0.862461115341769,0.37988028199876656
2059,2009-2011,0.30188841332620175,0.5778425116256691,0.2759540982994674
2060,2009-2011,0.10739407384830255,-0.022051361030484717,-0.12944543487878726
2063,2009-2011,-1.7187066271261382,-1.6684049184259284,0.05030170870020978
2067,2009-2011,2.0923689512632384,1.725995686029026,-0.36637326523421243
2072,2009-2011,2.573660806170687,2.3504348955540393,-0.22322591061664765
2073,2009-2011,0.927910489353547,1.0922488698328396,0.1643383804792926
2078,2009-2011,0.023374288722122043,0.04332767723736573,0.01995338851524369
2109,2009-2011,0.11057399327132193,0.0847074265309671,-0.025866566740354827
2124,2009-2011,-1.039897107757128,-0.9023744724739613,0.13752263528316666
2137,2009-2011,0.8138882211057558,0.9541231804466175,0.14023495934086172
2198,2009-2011,-0.7266828004227867,-0.7743872102175348,-0.047704409794748104
2199,2009-2011,-0.3586917391024025,-0.6830021278829307,-0.3243103887805282
2200,2009-2011,3.4951991379330125,2.9351151149076444,-0.5600840230253681
2201,2009-2011,-2.1002630244064195,-2.0167463791763423,0.08351664523007729
2202,2009-2011,2.5638206667232315,2.051642866725227,-0.5121777999980046
2203,2009-2011,1.5021373101389908,1.3180074082843034,-0.18412990185468736
2205,2009-2011,-0.9971975150797983,-1.3140535384818979,-0.3168560234020996
2207,2009-2011,3.3652386698931034,2.902996353211104,-0.46224231668199955
2209,2009-2011,0.862942795145506,0.8420347848748934,-0.02090801027061262
2210,2009-2011,1.7101671311869489,1.5047611670528354,-0.2054059641341135
2211,2009-2011,1.950097079797997,1.5055768720154348,-0.4445202077825623
2212,2009-2011,-0.8880817412145866,-1.2113888721740225,-0.32330713095943586
2215,2009-2011,-1.6783208260225433,-1.4044003040107707,0.27392052201177264
2216,2009-2011,2.3020581269688907,1.9316569025919343,-0.37040122437695633
2217,2009-2011,-0.6306041076026397,-0.7645027760504879,-0.13389866844784815
2222,2009-2011,1.9734585790769046,1.3545510989926761,-0.6189074800842285
2223,2009-2011,-1.3793019617562972,-1.367161714461932,0.012140247294365247
2224,2009-2011,0.4800417268057925,0.5565940914621923,0.07655236465639981
2225,2009-2011,2.4091367479996286,2.177549675368394,-0.23158707263123457
2226,2009-2011,1.1800176188258136,1.2037716855125857,0.023754066686772157
2229,2009-2011,1.8540905920632214,2.1092975072423954,0.25520691517917404
2230,2009-2011,1.2480019746153985,1.0726290774278087,-0.17537289718758986
2239,2009-2011,-0.45439718086994213,-0.142502082935998,0.3118950979339441
2240,2009-2011,1.660243484120418,1.3777838775921536,-0.2824596065282643
2243,2009-2011,-0.15210173058780838,0.10202677493430971,0.2541285055221181
2246,2009-2011,1.2875628126716652,1.1049250503095256,-0.18263776236213958
2248,2009-2011,1.1742065620534763,1.1766000515248487,0.002393489471372412
2250,2009-2011,1.3664867015537763,1.1366233668879682,-0.2298633346658081
2260,2009-2011,-1.559189845848085,-1.316554005938528,0.24263583990955717
2294,2009-2011,0.91491440374809,0.9203714450265721,0.005457041278482122
2306,2009-2011,0.4797850511835442,0.2604784643964724,-0.21930658678707182
2365,2009-2011,0.2587432490599589,-0.018030097516711596,-0.27677334657667046
2366,2009-2011,-0.8349053098275065,-0.5978024257884091,0.2371028840390974
2397,2009-2011,2.4635561897669467,1.5829000292970683,-0.8806561604698784
2399,2009-2011,1.4675419671794976,1.3509011353187437,-0.11664083186075391
2400,2009-2011,0.3476224410077319,0.09824469729088106,-0.2493777437168508
2403,2009-2011,1.7931980439869757,1.1453389009330155,-0.6478591430539602
2404,2009-2011,-0.303717504409342,-0.566409784682447,-0.262692280273105
2405,2009-2011,2.0782220354554615,1.0933759206370044,-0.9848461148184571
2406,2009-2011,2.123178628416393,1.7886973783856253,-0.3344812500307677
2407,2009-2011,0.3002320151750843,-0.01211784879180318,-0.31234986396688746
2408,2009-2011,-1.240950963793172,-0.9268851514875914,0.3140658123055805
2409,2009-2011,-0.5446465214731837,-0.49756248940636877,0.04708403206681494
2410,2009-2011,0.8575406143255501,0.9064414103994203,0.04890079607387021
2413,2009-2011,0.18056939213541123,0.273288102350686,0.09271871021527478
2416,2009-2011,-0.06595250022867363,0.0029516862017866545,0.06890418643046028
2419,2009-2011,1.5806850653263027,1.3992813138095728,-0.18140375151672994
2420,2009-2011,-0.6196745847051446,-0.6041672549403115,0.015507329764833044
2422,2009-2011,2.416042001390989,2.0566120779282846,-0.3594299234627045
2427,2009-2011,1.1593281722506115,0.9790598317238393,-0.1802683405267722
2429,2009-2011,-0.26110076826528256,-0.4566739545193853,-0.19557318625410275
2430,2009-2011,1.6171201154223833,1.242238808072488,-0.37488130734989533
2436,2009-2011,1.4702057993915685,1.1992094296503157,-0.27099636974125274
2440,2009-2011,1.3597910846525616,1.2776235452008182,-0.08216753945174338
2443,2009-2011,0.36972525763396347,0.38172833540768236,0.012003077773718895
2446,2009-2011,1.3700288041940347,1.2170740586068514,-0.15295474558718336
2449,2009-2011,1.0347498371310417,0.7761273683149006,-0.25862246881614115
2457,2009-2011,0.9311526975243638,0.9655079269188299,0.034355229394466114
2484,2009-2011,0.8708124501205861,0.7983490769426107,-0.07246337317797535
2501,2009-2011,0.32503875226611834,0.05679288653471406,-0.2682458657314043
2544,2009-2011,7.392355175587187,6.483714396375342,-0.9086407792118445
2545,2009-2011,-1.1075349881741388,-1.195294333308703,-0.08775934513456418
2546,2009-2011,2.987104234688329,2.5173748212718965,-0.4697294134164327
2547,2009-2011,2.699422776945233,1.939379590731464,-0.7600431862137689
2548,2009-2011,5.800191658521258,5.068764266128237,-0.7314273923930212
2549,2009-2011,-0.4973801305479283,-0.613628900405758,-0.11624876985782973
2550,2009-2011,0.9505628214703554,0.709520969537172,-0.2410418519331834
2551,2009-2011,1.1719461947256007,1.0591704957352301,-0.11277569899037054
2553,2009-2011,0.7793540032973091,0.5108153256106782,-0.26853867768663087
2554,2009-2011,1.015589542125522,0.7306864036767191,-0.284903138448803
2555,2009-2011,-0.06282280735152018,-0.34376536413113756,-0.2809425567796174
2556,2009-2011,0.29103870276643723,0.13109352452114567,-0.15994517824529156
2557,2009-2011,1.825451439283953,1.4401605956124053,-0.38529084367154764
2561,2009-2011,2.7593424476493125,2.1488579805622097,-0.6104844670871028
2562,2009-2011,-0.11936858208047103,-0.17893421895608663,-0.0595656368756156
2563,2009-2011,0.0708375001990785,0.05603051771833223,-0.014806982480746272
2564,2009-2011,1.5999033425801534,1.1795996081079303,-0.42030373447222313
2566,2009-2011,0.5922517996796944,0.4700101989599842,-0.12224160071971024
2567,2009-2011,0.11409967202274096,-0.011794124833924923,-0.12589379685666588
2568,2009-2011,1.6411593418119714,1.3469141706675032,-0.29424517114446824
2570,2009-2011,-0.546197002843155,-0.788260879229156,-0.24206387638600102
2571,2009-2011,1.6490365874691026,1.4464810775432144,-0.20255550992588822
2572,2009-2011,1.6402868361877405,1.492733148793624,-0.14755368739411656
2574,2009-2011,0.5467005583333926,0.4173115544936318,-0.12938900383976082
2575,2009-2011,0.5742003391615121,0.6219369954784106,0.047736656316898496
2581,2009-2011,1.5454114710946616,1.1897381913077145,-0.35567327978694707
2584,2009-2011,0.7162272218224345,0.531523477690415,-0.1847037441320195
2585,2009-2011,0.0163717602106908,-0.26428355899425765,-0.28065531920494846
2586,2009-2011,1.080908344480129,0.9886716241138404,-0.09223672036628872
2588,2009-2011,2.0659448150069903,1.2039760217687154,-0.8619687932382749
2590,2009-2011,3.057410637943673,2.3311656552994218,-0.7262449826442512
2592,2009-2011,1.256284467900181,0.808048883078702,-0.44823558482147896
2594,2009-2011,1.5842816851380852,1.0611859181518797,-0.5230957669862055
2605,2009-2011,0.6021996060307651,0.5218479874360381,-0.08035161859472695
2617,2009-2011,-0.14310755606186915,-0.20129677403376642,-0.05818921797189727
2624,2009-2011,-0.34156471369305264,-0.34799662005820153,-0.006431906365148898
2648,2009-2011,-0.536565186580465,-0.3552770002668157,0.18128818631364935
2669,2009-2011,-1.6254294096583493,-1.3492261671988057,0.27620324245954353
2679,2009-2011,0.07957945203150105,0.041993683895305424,-0.03758576813619562
2694,2009-2011,-1.8659003645444483,-1.7371125271274241,0.12878783741702415
2730,2009-2011,2.6616312512628517,1.5153154254036765,-1.1463158258591752
2731,2009-2011,0.0679091497029801,-0.40713585654301776,-0.4750450062459979
2732,2009-2011,2.0468436050121883,1.6880961352512933,-0.358747469760895
2733,2009-2011,0.7684935509104383,0.5907891213366101,-0.17770442957382815
2734,2009-2011,3.1261769630296987,2.605838463256018,-0.5203384997736809
2735,2009-2011,0.5594354583294322,0.36101101720585654,-0.19842444112357566
2736,2009-2011,1.9929742772684615,1.7438754466001576,-0.24909883066830396
2738,2009-2011,3.4754275396363825,2.991190279745815,-0.48423725989056754
2740,2009-2011,0.27446026101745635,0.19593984070783155,-0.0785204203096248
2741,2009-2011,-1.0778484930329921,-1.1020540093287974,-0.02420551629580525
2742,2009-2011,0.932098945593981,0.8825645810271692,-0.04953436456681182
2743,2009-2011,-0.2975502446148134,-0.5896396681313938,-0.2920894235165804
2744,2009-2011,0.9643966753167245,0.6327796436642132,-0.3316170316525112
2746,2009-2011,1.9340144117526918,1.5437482309947996,-0.3902661807578922
2747,2009-2011,2.2632824709283055,1.7501659173478905,-0.513116553580415
2748,2009-2011,2.1194702568747448,1.653032099746995,-0.46643815712774983
2749,2009-2011,2.7382844248760536,2.259955074624683,-0.4783293502513706
2753,2009-2011,1.5819165390487777,1.239993944078707,-0.3419225949700706
2754,2009-2011,0.5864866837168818,0.36134251525777306,-0.22514416845910878
2755,2009-2011,3.2250987008002125,2.4262908515228068,-0.7988078492774058
2756,2009-2011,1.2486734212020818,0.9900807354883504,-0.2585926857137314
2757,2009-2011,2.0777685831566584,1.6216023495157343,-0.456166233640924
2760,2009-2011,0.2660045046575534,0.02186546853597458,-0.2441390361215788
2767,2009-2011,0.40966096794488854,0.2754459171606193,-0.13421505078426926
2768,2009-2011,1.321774519340572,1.0823385665774234,-0.23943595276314866
2772,2009-2011,1.4950449874960756,1.1933970643289427,-0.30164792316713296
2788,2009-2011,-1.746489390606169,-2.016345640535704,-0.26985624992953494
2804,2009-2011,0.4976686238665316,0.5266255020983313,0.028956878231799654
2810,2009-2011,-1.02953961993944,-1.1330854436307605,-0.10354582369132048
2853,2009-2011,-0.26890637643535126,-0.4903811638805931,-0.22147478744524185
2863,2009-2011,0.6114200090056859,0.5748863166379268,-0.03653369236775916
101106,2009-2011,-0.11947697999547716,-0.27036365958505376,-0.1508866795895766
101107,2009-2011,1.537687133993168,1.3499834804103,-0.187703653582868
101108,2009-2011,5.858145577961356,4.970360348098241,-0.8877852298631144
101109,2009-2011,2.5856404254807543,2.1896768649099245,-0.3959635605708298
101110,2009-2011,1.1746689177024012,0.9269663625123883,-0.24770255519001294
101111,2009-2011,1.0263366531481002,0.7949385252842349,-0.23139812786386527
101112,2009-2011,1.234767200190364,0.7246451768130541,-0.5101220233773099
101113,2009-2011,-0.28031644538008793,-0.2369018663070957,0.04341457907299223
101114,2009-2011,3.9686708689991343,3.43624736224663,-0.5324235067525045
101115,2009-2011,1.339355535335896,1.1948425861105918,-0.1445129492253041
101118,2009-2011,-1.2002184729654648,-1.3284930492540643,-0.1282745762885995
101119,2009-2011,0.8615650602475714,0.6087246725692873,-0.2528403876782841
101120,2009-2011,0.39057775474755463,0.2470828489769798,-0.14349490577057483
101121,2009-2011,-0.6840630593690069,-0.7363664252967158,-0.0523033659277089
101122,2009-2011,3.2250841759709856,2.623813163963988,-0.6012710120069977
101123,2009-2011,0.5121443135328694,0.3545233305001162,-0.15762098303275318
101124,2009-2011,0.7475888647938755,0.515419669652973,-0.2321691951409025
101126,2009-2011,1.767764991762374,1.5738680817984103,-0.19389690996396358
101127,2009-2011,1.7543946184626686,1.5553767862039087,-0.1990178322587599
101128,2009-2011,1.312945013349626,1.0073719718140386,-0.3055730415355875
101129,2009-2011,0.6391692486374222,0.5805447592176427,-0.05862448941977949
101130,2009-2011,-1.280604115364079,-1.3214370428078588,-0.040832927443779754
101131,2009-2011,-0.29533215896259674,-0.6414749033742397,-0.346142744411643
101132,2009-2011,0.4640897908274363,0.409816028311349,-0.05427376251608729
101133,2009-2011,0.07408551811367761,-0.2573672872980661,-0.3314528054117437
101135,2009-2011,1.580038992558881,1.2617275174908968,-0.3183114750679841
101138,2009-2011,0.18564002456738432,0.08558261396324338,-0.10005741060414095
101139,2009-2011,1.5195913002141848,1.4510501714983715,-0.0685411287158133
101141,2009-2011,0.9477760101175372,0.8682740408028524,-0.07950196931468478
101142,2009-2011,-0.10122672356311462,-0.1949243734276912,-0.09369764986457658
101143,2009-2011,1.2607048146897832,0.9627131629816293,-0.2979916517081539
101144,2009-2011,1.2643631413127134,1.1423917835842226,-0.12197135772849088
101145,2009-2011,2.9302827740710975,2.3462699669152896,-0.584012807155808
101150,2009-2011,2.5002248907585667,2.2430674965601836,-0.2571573941983831
101154,2009-2011,0.4735483088527877,0.18537224570869273,-0.28817606314409494
101155,2009-2011,1.0263054626475658,0.7719316836822528,-0.254373778965313
101158,2009-2011,-0.07471979399344456,-0.11963861395224469,-0.044918819958800135
101161,2009-2011,0.6964870684308095,0.5034578672784884,-0.19302920115232114
101162,2009-2011,-0.7721211852601121,-0.8676151823466742,-0.09549399708656214
101177,2009-2011,-0.3626186401148724,0.051756409180250804,0.4143750492951232
101179,2009-2011,0.2297642726605472,0.09939141712830743,-0.13037285553223976
101181,2009-2011,2.629702244500141,1.9555692944529823,-0.6741329500471587
101183,2009-2011,-1.3821508096067985,-1.1408367007896705,0.241314108817128
101189,2009-2011,0.14027482172343647,-0.018184153454387553,-0.15845897517782404
101194,2009-2011,1.0091190262168783,0.768450588819191,-0.24066843739768728
101198,2009-2011,0.8456092054447362,0.7722376161896856,-0.0733715892550506
101204,2009-2011,-2.327266633326844,-2.184491363681094,0.14277526964575005
101211,2009-2011,-0.5591470773400075,-0.4132523059538665,0.145894771386141
101235,2009-2011,1.3867512193611067,1.0291492075832367,-0.35760201177787
101236,2009-2011,0.5038183794301826,0.31651935649440477,-0.18729902293577783
101249,2009-2011,-0.4135693308909554,-0.3405469023630307,0.07302242852792468
200081,2009-2011,1.068894355901339,0.8247104215472711,-0.24418393435406793
200745,2009-2011,1.8501143189628084,1.557239757756903,-0.2928745612059054
200746,2009-2011,2.5261865186348507,1.960076197082799,-0.5661103215520518
200747,2009-2011,-0.16557045672663306,-0.07356741889141119,0.09200303783522187
200748,2009-2011,0.14317987252498182,-0.026598230856080048,-0.16977810338106186
200749,2009-2011,-0.7124115655433407,-0.933283899005966,-0.22087233346262525
200750,2009-2011,4.1276294510406375,3.800558665335207,-0.32707078570543047
200751,2009-2011,1.1689275926394762,0.9973872852709429,-0.17154030736853332
200752,2009-2011,2.5039814584173725,2.237101990106199,-0.2668794683111737
200755,2009-2011,1.5067774544985895,1.3753696532344237,-0.13140780126416574
200756,2009-2011,-1.3782057102250351,-1.5430169428329372,-0.1648112326079021
200757,2009-2011,0.8048412545236548,0.579102454749868,-0.22573879977378686
200758,2009-2011,1.698436785230271,1.5381830607248366,-0.1602537245054345
200759,2009-2011,-1.277382019899148,-1.1711653415949712,0.10621667830417669
200760,2009-2011,0.9681335244388374,0.6797918909559246,-0.28834163348291275
200761,2009-2011,0.6246145042559226,0.3290405660371987,-0.29557393821872385
200762,2009-2011,0.30472838429867516,0.18744715846141385,-0.1172812258372613
200763,2009-2011,0.5956831066013367,0.4826558534549969,-0.11302725314633982
200764,2009-2011,0.4120130592467889,0.28242781646387655,-0.12958524278291234
200765,2009-2011,2.423940928051107,2.00343421487109,-0.42050671318001687
200766,2009-2011,0.918924996006187,0.9536517118462997,0.034726715840112665
200767,2009-2011,0.011136074326949958,-0.29535895745331076,-0.3064950317802607
200768,2009-2011,2.181187141144634,1.872973324940433,-0.3082138162042012
200769,2009-2011,1.2030696910615468,0.9217077733939686,-0.28136191766757823
200770,2009-2011,1.1581683764847872,1.1580230288680406,-0.0001453476167465606
200771,2009-2011,1.2584166970161366,1.161940134170957,-0.09647656284517958
200772,2009-2011,-1.4668883142545568,-1.4466175215692993,0.020270792685257444
200776,2009-2011,0.04568099163982607,0.0012289528490756596,-0.04445203879075041
200778,2009-2011,-0.4696472371630577,-0.574887098307113,-0.10523986114405537
200779,2009-2011,1.445329788389493,0.993982293483414,-0.45134749490607906
200780,2009-2011,-1.6492670482832306,-1.6315204501744156,0.01774659810881496
200781,2009-2011,-0.3377677142731411,-0.36156676698951873,-0.02379905271637761
200783,2009-2011,0.41136576614018094,0.1378422533236086,-0.27352351281657233
200789,2009-2011,1.414595327632608,1.01883927720296,-0.395756050429648
200793,2009-2011,0.5641667304255904,0.6721815094444794,0.108014779018889
200794,2009-2011,0.9785169830989426,0.6494805730139271,-0.3290364100850155
200796,2009-2011,0.5400100566672037,0.08184655578504006,-0.4581635008821636
200797,2009-2011,-1.3159663323179709,-1.4204921747279189,-0.104525842409948
200801,2009-2011,-2.256487947581763,-2.1398388954890875,0.11664905209267573
200809,2009-2011,0.7868391515317563,0.5995880342236884,-0.18725111730806787
200811,2009-2011,-0.4092285588351337,-0.7503616725319153,-0.3411331136967816
200814,2009-2011,0.22392819498077285,0.04697684978378672,-0.17695134519698613
200821,2009-2011,0.1835138659815735,0.06703022728981044,-0.11648363869176305
200826,2009-2011,1.2914895793088834,1.1535901651477405,-0.13789941416114293
200835,2009-2011,0.8054504231023643,0.9150647100515956,0.10961428694923137
201142,2009-2011,5.730695423436462,5.374506769128169,-0.3561886543082924
201143,2009-2011,1.8567511402502017,1.2897431182152654,-0.5670080220349363
201144,2009-2011,2.6407487337424316,2.450373699985708,-0.1903750337567236
201145,2009-2011,1.8295135892657235,1.59172798882466,-0.23778560044106345
201146,2009-2011,0.217557143629083,0.22212349506014628,0.0045663514310632924
201147,2009-2011,0.9541924775852353,0.6614793248300368,-0.2927131527551985
201148,2009-2011,0.5517677993669267,0.44369944231268965,-0.10806835705423701
201149,2009-2011,0.5603778686128433,0.28931981888150327,-0.27105804973134007
201150,2009-2011,0.07361981427054422,0.16639161286106535,0.09277179859052113
201151,2009-2011,0.2436879526203784,0.2524074113364206,0.008719458716042183
201152,2009-2011,1.7292001434476105,1.5889469938337044,-0.14025314961390611
201153,2009-2011,0.6349633554627785,0.6025369263131418,-0.03242642914963667
201154,2009-2011,-0.1673281930589259,-0.33608457439218425,-0.16875638133325835
201155,2009-2011,2.4569972072779613,2.0762037188496167,-0.3807934884283446
201156,2009-2011,0.9997905958671629,0.8072403632812852,-0.19255023258587767
201157,2009-2011,-1.3118463665296076,-1.2253752445254107,0.08647112200419693
201158,2009-2011,1.6094740618549275,1.3429231519749263,-0.2665509098800012
201159,2009-2011,0.6563852677696945,0.803970451869127,0.14758518409943244
201160,2009-2011,-0.9156257576597746,-1.06527349006012,-0.14964773240034535
201161,2009-2011,1.33802119017939,1.0220362800710796,-0.3159849101083103
201162,2009-2011,2.182196852390965,1.8221493703226024,-0.3600474820683628
201163,2009-2011,1.3715918770900593,1.1610617767415885,-0.21053010034847075
201164,2009-2011,2.075684976943396,1.643994850225159,-0.4316901267182369
201166,2009-2011,2.093533123593256,1.6088506889271337,-0.48468243466612226
201167,2009-2011,1.2612067638037445,0.9877152075524649,-0.27349155625127963
201168,2009-2011,0.3891742152097656,0.09014911363607676,-0.29902510157368883
201171,2009-2011,0.6915857904791378,0.40076614899560276,-0.29081964148353506
201175,2009-2011,-0.14794165845211696,-0.2115899851987662,-0.06364832674664925
201176,2009-2011,-1.7433879830239967,-1.6338095359695395,0.10957844705445718
201177,2009-2011,0.8324754446795012,0.6956928042674789,-0.13678264041202226
201181,2009-2011,-1.3302014390501777,-1.4235014858340667,-0.09330004678388892
201187,2009-2011,-0.28703929915162585,-0.31571123600551415,-0.028671936853888302
201188,2009-2011,1.4003417222274432,0.8916191042582927,-0.5087226179691505
201189,2009-2011,-0.46161867339242957,-0.6053987001843268,-0.14378002679189728
201196,2009-2011,1.7375064292445228,1.4617395445979238,-0.27576688464659904
201202,2009-2011,-1.7506606346900262,-1.7598956143605125,-0.009234979670486254
201228,2009-2011,1.0841817625321808,0.8164095694864903,-0.26777219304569044
201229,2009-2011,0.6866319883707431,0.6505281300453879,-0.03610385832535523
201238,2009-2011,-0.10448832679911853,-0.36329503301502425,-0.25880670621590574
201563,2009-2011,2.0898604034529784,1.9259287279138007,-0.16393167553917776
201564,2009-2011,3.0823714852599893,2.967088219247684,-0.11528326601230532
201565,2009-2011,4.929674855472284,4.862471004446585,-0.06720385102569892
201566,2009-2011,4.626131686561573,3.8981974061143183,-0.7279342804472546
201567,2009-2011,2.354453187894099,2.6010843748774968,0.24663118698339792
201568,2009-2011,3.1819746301413736,2.8010793487514887,-0.38089528138988493
201569,2009-2011,4.172134687409414,3.9327931690941966,-0.239341518315217
201571,2009-2011,2.3320584801053004,2.0718070669879585,-0.2602514131173419
201572,2009-2011,2.180084915473282,1.8330707982711218,-0.34701411720216013
201573,2009-2011,1.457281307461487,1.599167057999297,0.14188575053780994
201574,2009-2011,-0.4101916315352979,-0.3128645610755757,0.09732707045972222
201575,2009-2011,0.6359671548628905,0.3315418263901272,-0.30442532847276327
201576,2009-2011,0.6786621734055898,0.5867179674076523,-0.09194420599793751
201577,2009-2011,-0.8470378921214461,-0.7754668060875092,0.07157108603393691
201578,2009-2011,0.13804043436179697,0.011779997428362532,-0.12626043693343444
201579,2009-2011,-0.37745822896052333,-0.40463140400318576,-0.027173175042662423
201580,2009-2011,-0.3040733374774315,-0.375855207400517,-0.0717818699230855
201581,2009-2011,-0.060472133241747904,0.08958755946436563,0.15005969270611352
201582,2009-2011,-0.4152868933032673,-0.48458951226071145,-0.06930261895744416
201583,2009-2011,1.6167793377056967,1.4162852377793809,-0.20049409992631584
201584,2009-2011,1.3789300812462943,1.0459031150192328,-0.3330269662270615
201585,2009-2011,-0.7090647071795286,-0.5501844564466871,0.1588802507328415
201586,2009-2011,-0.23666806340153715,-0.3083292716461084,-0.07166120824457126
201587,2009-2011,2.335975805415861,2.0247001360084202,-0.3112756694074408
201588,2009-2011,1.3579685609734813,1.1531493723124846,-0.2048191886609967
201589,2009-2011,-0.379360298031827,-0.47061324732114584,-0.09125294928931882
201590,2009-2011,0.3307933312379514,0.25656731309532643,-0.07422601814262497
201591,2009-2011,0.14689900996871816,0.022565015407647403,-0.12433399456107075
201593,2009-2011,-0.878331414444608,-0.9537449637704553,-0.0754135493258472
201595,2009-2011,0.26217538550415037,0.0703577869501641,-0.19181759855398628
201596,2009-2011,1.4188676123043167,1.1633149706856596,-0.2555526416186571
201599,2009-2011,0.005352521597379106,-0.2185388571596337,-0.22389137875701282
201600,2009-2011,-0.435872355803434,-0.5374776377045273,-0.1016052819010933
201601,2009-2011,0.5905843226957594,0.36043777869861426,-0.23014654399714518
201603,2009-2011,0.15387342241391894,0.12714033560097143,-0.026733086812947504
201604,2009-2011,0.372259265267233,0.39446868591255774,0.022209420645324718
201609,2009-2011,1.5365845768770523,1.3456908328079882,-0.19089374406906412
201611,2009-2011,1.143173322135,0.9264299681509923,-0.21674335398400768
201623,2009-2011,-0.8106061578135766,-0.9688750016566786,-0.15826884384310203
201627,2009-2011,1.9742476444326145,1.2642540660660233,-0.7099935783665912
201632,2009-2011,-1.4997122008807673,-1.5914508604745303,-0.09173865959376304
201814,2009-2011,0.18797864556968882,0.010681989985885145,-0.17729665558380367
201858,2009-2011,0.458645997838679,0.3587900554912057,-0.0998559423474733
201933,2009-2011,3.672426975161938,3.1202930698039233,-0.5521339053580148
201934,2009-2011,-1.5370761513939832,-1.448774197739267,0.08830195365471627
201935,2009-2011,2.9759892275336086,2.6217364018091316,-0.354252825724477
201936,2009-2011,3.517100504271249,3.3653763265197156,-0.15172417775153324
201938,2009-2011,2.4247375540868865,2.4581058677750436,0.03336831368815707
201939,2009-2011,4.818792123888212,4.205523029379034,-0.6132690945091781
201941,2009-2011,-0.7354301656397848,-0.6586473328612248,0.07678283277856002
201942,2009-2011,1.6697945083494894,1.557947735503689,-0.11184677284580036
201943,2009-2011,3.1466416674740065,2.961264334746521,-0.18537733272748547
201944,2009-2011,0.21289675354539234,0.31078175335169217,0.09788499980629983
201945,2009-2011,0.2687072478694703,0.3185061946623708,0.04979894679290048
201946,2009-2011,0.6518586225943639,0.2906995994967323,-0.3611590230976316
201947,2009-2011,-1.3316725737226478,-1.2722769937919058,0.05939557993074196
201948,2009-2011,0.6842414146813167,0.5802527730944282,-0.10398864158688848
201949,2009-2011,0.07706064690466645,-0.08135455107916975,-0.1584151979838362
201950,2009-2011,2.6691751878864096,2.556580128037329,-0.11259505984908058
201951,2009-2011,2.781678124678585,2.6152304703345814,-0.16644765434400366
201952,2009-2011,0.1967077982936643,0.26276892934133456,0.06606113104767025
201953,2009-2011,0.6451385724108918,0.6073720459657196,-0.0377665264451722
201954,2009-2011,2.83276125287939,2.5827343008962176,-0.2500269519831724
201956,2009-2011,1.1905355868882712,1.118460422454239,-0.07207516443403228
201957,2009-2011,-1.7416087051391198,-1.5992110778966555,0.1423976272424643
201958,2009-2011,1.637307701537577,1.508478824865833,-0.12882887667174403
201959,2009-2011,-0.7857939527726037,-1.0420396044999047,-0.25624565172730107
201960,2009-2011,-0.5272344276834167,-0.3299270152961983,0.19730741238721838
201961,2009-2011,0.7357083594662932,0.8297104967503888,0.09400213728409557
201962,2009-2011,2.1884752639586544,1.8289900546710829,-0.35948520928757155
201965,2009-2011,-0.9200103077406521,-1.030323344442003,-0.11031303670135095
201967,2009-2011,-0.24468438317850422,-0.4416234378675707,-0.19693905468906647
201970,2009-2011,0.08938539716535647,-0.04336327230409377,-0.13274866946945024
201971,2009-2011,0.632275000982096,0.6975885753252282,0.06531357434313223
201973,2009-2011,1.144767629634837,0.8980915836152075,-0.24667604601962956
201974,2009-2011,0.42456702955992826,0.30465438218797,-0.11991264737195828
201975,2009-2011,1.9702045176385456,1.5826156624777221,-0.38758885516082353
201977,2009-2011,2.2653469119083613,2.0292335114304065,-0.23611340047795482
201978,2009-2011,1.7209745470128184,1.5732632340694084,-0.14771131294341
201980,2009-2011,0.4922004678753519,0.36327536513422787,-0.128925102741124
201985,2009-2011,1.2791546338067175,1.139389793314646,-0.1397648404920715
201988,2009-2011,1.6597068874238357,1.6919158435770378,0.032208956153202184
201991,2009-2011,0.5364945865623938,0.4356016726402169,-0.10089291392217692
202066,2009-2011,0.1722320976618275,0.07716548107934044,-0.09506661658248707
202083,2009-2011,1.9053543857158535,1.5499310949732152,-0.35542329074263823
202087,2009-2011,0.36421850755019103,0.15125043235886365,-0.21296807519132738
202130,2009-2011,1.8236816867724492,1.5038193990406725,-0.3198622877317767
202178,2009-2011,1.5058506331848567,1.317217983739019,-0.18863264944583769
202322,2009-2011,3.266434260666654,2.98164358153788,-0.28479067912877376
202323,2009-2011,0.03075050438676056,0.25923564750809025,0.2284851431213297
202324,2009-2011,-0.08470687128091967,0.1673007451331949,0.25200761641411457
202325,2009-2011,1.210130405820634,1.0144569249191586,-0.1956734809014753
202326,2009-2011,1.038557580506992,0.7470652906249422,-0.2914922898820498
202327,2009-2011,-1.078145479361155,-1.194995712139105,-0.11685023277795015
202328,2009-2011,1.9898711494804797,1.7596470546088505,-0.2302240948716292
202329,2009-2011,0.8703778964550436,0.8848760277010828,0.014498131246039159
202330,2009-2011,1.2851366586451252,1.1829656651355394,-0.1021709935095858
202331,2009-2011,0.8642794924150321,0.8777845661203656,0.013505073705333492
202332,2009-2011,-0.9850199587710863,-0.9944051330178487,-0.00938517424676244
202333,2009-2011,-0.3582583719328797,-0.020102167705677056,0.3381562042272026
202334,2009-2011,0.42763428999375214,0.36353092967854256,-0.06410336031520958
202335,2009-2011,1.028192940569666,0.8709115676104602,-0.15728137295920575
202336,2009-2011,-1.398755156468836,-1.4350199490058162,-0.03626479253698012
202337,2009-2011,-0.48768569871624096,-0.41192210109002153,0.07576359762621943
202338,2009-2011,-0.7885516483884294,-0.6685380190442018,0.12001362934422755
202339,2009-2011,1.4615641614636659,1.5139087926229267,0.0523446311592608
202340,2009-2011,-0.5204722233126782,-0.4358246085197612,0.08464761479291699
202341,2009-2011,0.5817395860668585,0.6061081352936687,0.0243685492268102
202344,2009-2011,0.2642298275778441,0.1042675071485059,-0.15996232042933817
202346,2009-2011,0.42236837657484694,0.4489523175884328,0.026583941013585854
202347,2009-2011,0.09502274052893991,0.12302258084181081,0.027999840312870894
202348,2009-2011,1.3457900222555703,1.1653142088983568,-0.18047581335721352
202349,2009-2011,0.5433943197699767,0.48637500894170527,-0.057019310828271386
202354,2009-2011,-0.751941736440079,-0.7729084959866405,-0.020966759546561464
202355,2009-2011,-0.6148235673959916,-0.4884029214290641,0.12642064596692754
202361,2009-2011,2.221934536130718,2.008244736899281,-0.21368979923143705
202362,2009-2011,0.010908656787321057,0.32014559082353333,0.3092369340362123
202365,2009-2011,1.5392878262924958,1.345232815712567,-0.1940550105799288
202379,2009-2011,0.7039468596558404,0.3910955714079706,-0.3128512882478698
202386,2009-2011,1.0523872878927398,1.0749818098862165,0.02259452199347667
202389,2009-2011,-1.2263365459174271,-1.397771424438402,-0.17143487852097494
202390,2009-2011,1.4067849553003209,1.0106743064788357,-0.39611064882148517
202391,2009-2011,0.33846566240263254,0.3484789375007889,0.01001327509815636
202396,2009-2011,-0.04189864559877924,-0.006578022898026181,0.035320622700753056
202397,2009-2011,-0.19082795818280004,0.039897060853824044,0.2307250190366241
202399,2009-2011,-0.266038015491207,-0.4787414633987138,-0.21270344790750684
202412,2009-2011,0.6274935826644741,0.7933297319734116,0.16583614930893753
202419,2009-2011,-1.0470472371694068,-1.2684211684345836,-0.2213739312651768
255,2012-2014,1.2320773743285858,1.8865713913189808,0.654494016990395
436,2012-2014,-0.47093651467636144,-0.22690842528077254,0.2440280893955889
467,2012-2014,3.042410486331363,3.602177700813292,0.559767214481929
703,2012-2014,0.11868770744652649,0.5663097690822099,0.4476220616356834
708,2012-2014,2.729198973345846,3.327357208842959,0.5981582354971131
711,2012-2014,1.8418467269208993,2.3935911050427925,0.5517443781218931
739,2012-2014,1.2797242267224778,1.4711777614795447,0.19145353475706695
948,2012-2014,1.2135871084815046,1.3899636732882794,0.17637656480677477
951,2012-2014,2.8962832524114788,3.259971657329239,0.36368840491776044
956,2012-2014,-0.6222967349316593,-0.23211881909466067,0.39017791583699857
959,2012-2014,4.391854138258519,4.402411470974611,0.010557332716092382
965,2012-2014,1.2994506845467926,1.9099585396796903,0.6105078551328977
977,2012-2014,6.563988048588253,5.67708179038109,-0.886906258207163
979,2012-2014,-0.6537962996124193,-0.2822327335744422,0.3715635660379771
1112,2012-2014,0.6762772948913931,1.0051921541690316,0.3289148592776385
1495,2012-2014,2.6723559849740512,3.547646019233416,0.8752900342593648
1497,2012-2014,3.710883750930983,3.7243974030043274,0.013513652073344318
1499,2012-2014,-0.3027164673038324,0.15575901293036948,0.45847548023420187
1503,2012-2014,1.4584065978115939,1.4659340801734027,0.007527482361808779
1515,2012-2014,2.0961490696104454,2.8858372623886135,0.789688192778168
1536,2012-2014,1.3973816558133167,1.6843568419803312,0.28697518616701445
1630,2012-2014,-0.6997108215097656,-0.5643543352440905,0.1353564862656751
1710,2012-2014,1.0040262876359232,1.2881233396595546,0.28409705202363145
1712,2012-2014,2.2513048697461064,2.859862742502352,0.6085578727562457
1713,2012-2014,2.550032326657262,3.026188190283422,0.4761558636261598
1716,2012-2014,-0.46505866733210566,-0.2042740758142018,0.2607845915179039
1717,2012-2014,4.675740865270777,5.202700555526638,0.5269596902558611
1718,2012-2014,4.548072998162824,4.499868068142013,-0.04820493002081072
1730,2012-2014,-0.43746581350041147,-0.1506406800341505,0.286825133466261
1733,2012-2014,1.6312598070370221,1.623501012757077,-0.00775879427994508
1737,2012-2014,-0.6031085073072542,-0.6884490379689098,-0.08534053066165559
1740,2012-2014,1.018944322232938,1.2417877296000024,0.22284340736706443
1802,2012-2014,1.4087398039307701,1.7263236457696816,0.3175838418389114
1853,2012-2014,0.8917892348920405,1.2014825718276625,0.30969333693562195
1863,2012-2014,1.4836401842276348,2.006451927877027,0.5228117436493922
1882,2012-2014,0.6550226169586905,0.7602201076453741,0.1051974906866836
1884,2012-2014,1.8292572099967093,1.9144046215384243,0.08514741154171501
1885,2012-2014,0.4529598486728732,0.5838617418343753,0.13090189316150214
1888,2012-2014,1.7009831001731412,1.993494266662998,0.29251116648985676
1889,2012-2014,2.056793348811407,2.443068562572383,0.38627521376097596
1890,2012-2014,1.9738121673852014,2.3785245874790037,0.40471242009380237
1891,2012-2014,2.46282469970957,2.6496562365253538,0.18683153681578357
1894,2012-2014,1.6368067118413332,1.1859464883808586,-0.4508602234604746
1897,2012-2014,1.662150049734474,1.7326128287191047,0.0704627789846306
1902,2012-2014,-0.11375261093373101,-0.2106771895197978,-0.09692457858606679
1905,2012-2014,2.09984592470808,1.9316089362291273,-0.16823698847895274
1922,2012-2014,-0.22256923505239706,0.10735557292337317,0.32992480797577023
1938,2012-2014,3.487732212196385,3.507793440864913,0.020061228668527775
1952,2012-2014,0.8335403628792439,1.439795238256616,0.606254875377372
2030,2012-2014,-0.013445975002003719,0.002583288878255585,0.016029263880259305
2034,2012-2014,1.7483415511385711,1.6244378160589121,-0.12390373507965902
2037,2012-2014,3.399960934681784,2.8199159559277143,-0.5800449787540698
2038,2012-2014,-1.8875619160275936,-1.8861013919531662,0.0014605240744274273
2039,2012-2014,0.7053873763925672,0.8870904484605134,0.18170307206794623
2045,2012-2014,1.7750550105055614,1.9701583808497536,0.19510337034419223
2047,2012-2014,0.7675073436142869,0.8876491664904334,0.1201418228761465
2048,2012-2014,-1.8602279878425076,-1.769699554958196,0.09052843288431167
2052,2012-2014,0.875205189005908,0.9110864476497553,0.03588125864384728
2059,2012-2014,0.31455342265677444,0.6696479881300819,0.3550945654733074
2072,2012-2014,1.8651412975189576,1.780427645776649,-0.0847136517423086
2073,2012-2014,0.11971735779016206,0.5466484841196805,0.4269311263295184
2198,2012-2014,-0.5207103412199549,-0.6581674823034623,-0.13745714108350748
2199,2012-2014,0.6435042129765309,0.18983789282123423,-0.45366632015529673
2200,2012-2014,2.083870988306085,2.082627240441672,-0.0012437478644131694
2201,2012-2014,-1.6568987875535623,-1.9963438974627858,-0.3394451099092235
2202,2012-2014,1.9398524775594026,1.945612069086853,0.005759591527450425
2203,2012-2014,1.245804222375001,1.4111109800870012,0.1653067577120002
2205,2012-2014,-1.4345778057101928,-1.280742142033652,0.15383566367654078
2207,2012-2014,3.233379337878998,2.8633047820100255,-0.3700745558689724
2209,2012-2014,1.065151451490095,1.1370570504633322,0.07190559897323712
2210,2012-2014,1.6670315545565515,1.7608772576557175,0.09384570309916596
2211,2012-2014,0.17521699519035128,0.44211543953292853,0.26689844434257726
2215,2012-2014,-1.1858018402434864,-1.1445366436528448,0.04126519659064165
2216,2012-2014,1.7491673331603692,1.4155258908769213,-0.33364144228344794
2217,2012-2014,-0.48481191226344017,-0.48519398372780687,-0.0003820714643666956
2222,2012-2014,1.4570763260959194,1.2794792047414485,-0.17759712135447092
2223,2012-2014,-0.20472703718376892,-0.12850573917029293,0.07622129801347599
2224,2012-2014,1.1772605838785646,1.3779042916882125,0.2006437078096479
2225,2012-2014,3.168887642085673,2.7403665905680046,-0.4285210515176683
2229,2012-2014,1.5788974759011134,2.1316416407645633,0.5527441648634499
2230,2012-2014,0.4544886460974439,0.6361329866685017,0.18164434057105783
2240,2012-2014,0.10581883411613395,-0.011847010659155577,-0.11766584477528953
2243,2012-2014,0.6802959823939622,0.8399717452018143,0.15967576280785212
2246,2012-2014,1.0383752832402575,1.4122931948442874,0.3739179116040299
2248,2012-2014,0.5806403939173287,0.6606136740476278,0.07997328013029914
2250,2012-2014,0.6751283537691106,0.8670580311521343,0.1919296773830237
2365,2012-2014,0.3366384918042929,0.1750975347607668,-0.16154095704352608
2399,2012-2014,1.9916412700264374,1.8919038907836967,-0.09973737924274073
2400,2012-2014,1.5488493508059709,1.1460978217911293,-0.40275152901484157
2403,2012-2014,1.7364123179108326,1.470407649537597,-0.26600466837323555
2404,2012-2014,-0.4017519100549999,-0.6740015313413139,-0.272249621286314
2405,2012-2014,1.3162516619410116,0.6755625313475884,-0.6406891305934233
2406,2012-2014,1.8452691874599947,1.9741117638226566,0.12884257636266194
2407,2012-2014,0.07309873018948751,-0.27813529240509255,-0.35123402259458003
2408,2012-2014,-0.4338523256304382,-0.23286087085151236,0.20099145477892583
2419,2012-2014,1.61424483973641,1.6861382829038256,0.07189344316741564
2422,2012-2014,0.9728130609958587,1.1493153460936854,0.17650228509782662
2427,2012-2014,1.3919606700017597,1.3621095931375033,-0.029851076864256365
2429,2012-2014,-0.9709507535934915,-0.9871355639902817,-0.016184810396790206
2430,2012-2014,1.5694868662075696,1.3090285408544031,-0.2604583253531665
2440,2012-2014,1.6949795958413212,1.806177682516027,0.11119808667470577
2446,2012-2014,0.47502247915571943,0.6998389058872568,0.2248164267315374
2449,2012-2014,1.3010700009646712,1.1477924766119623,-0.15327752435270892
2457,2012-2014,1.5151426483558126,1.516239259996031,0.001096611640218459
2501,2012-2014,0.37765307352022837,0.38295735215036364,0.005304278630135273
2544,2012-2014,7.18495539151844,5.730735650692937,-1.4542197408255033
2545,2012-2014,-1.9434804388557516,-2.2402652331853106,-0.29678479432955895
2546,2012-2014,4.560338378796351,3.6069760309481227,-0.9533623478482287
2547,2012-2014,2.297644535406273,1.6718113394847613,-0.6258331959215118
2548,2012-2014,4.449169343044771,3.5983186600582577,-0.850850682986513
2549,2012-2014,-0.08122220655221864,-0.3836142777630214,-0.3023920712108028
2550,2012-2014,1.033029767966896,1.2009041808509573,0.16787441288406124
2551,2012-2014,-0.09008892585051465,-0.24848643766988115,-0.1583975118193665
2554,2012-2014,0.3764698994428194,0.26790500237914144,-0.10856489706367795
2555,2012-2014,0.6939755420272803,0.6848683369997364,-0.009107205027543919
2557,2012-2014,1.4518605987147715,1.4983282371491362,0.046467638434364744
2561,2012-2014,2.271571836532963,2.1704408861394064,-0.10113095039355668
2562,2012-2014,-0.06841667788186191,-0.16700900284532202,-0.09859232496346011
2563,2012-2014,0.05306654723593009,0.1203687880059082,0.06730224076997811
2564,2012-2014,1.113528929235651,1.2377126697373468,0.1241837405016959
2566,2012-2014,0.2177745903843093,0.11513184317786962,-0.10264274720643968
2567,2012-2014,-0.46844509665328327,-0.6206471513217564,-0.15220205466847314
2568,2012-2014,1.4757209806437044,1.3071588261273361,-0.16856215451636825
2570,2012-2014,-1.776293284739775,-1.9318286297724891,-0.15553534503271416
2571,2012-2014,0.9248270340593704,0.6849045699261266,-0.2399224641332438
2572,2012-2014,0.35863815870603977,0.3863286948991903,0.02769053619315054
2574,2012-2014,-0.07495630508097406,0.09766965974084678,0.17262596482182085
2575,2012-2014,0.41609647295102165,0.7424434608104261,0.32634698785940447
2581,2012-2014,1.3687900206017498,1.358849237691523,-0.009940782910226709
2584,2012-2014,0.9527472535600097,0.8703854945860566,-0.08236175897395304
2585,2012-2014,0.5729511979187727,0.3160587213928949,-0.25689247652587777
2586,2012-2014,0.8926789308512098,0.9402679211894249,0.047588990338215176
2588,2012-2014,1.5523690874735443,1.3001363911719317,-0.2522326963016126
2590,2012-2014,1.3168568097779185,1.006143021205344,-0.3107137885725746
2592,2012-2014,1.3435124142383978,1.1052772883008823,-0.2382351259375155
2594,2012-2014,2.149425075316071,1.869451198319616,-0.27997387699645504
2605,2012-2014,0.6469820484804899,0.7155124432109818,0.06853039473049194
2617,2012-2014,-0.591516232324909,-0.4604928407681266,0.13102339155678244
2668,2012-2014,0.9782771055293527,0.7651711423636864,-0.2131059631656662
2679,2012-2014,0.1024698129740547,0.16258314684977798,0.06011333387572328
2694,2012-2014,-0.6587969279697793,-0.7212012484013021,-0.062404320431522775
2730,2012-2014,1.5404690232059277,0.7717967070082004,-0.7686723161977274
2731,2012-2014,-0.1655166685278636,-0.2801912723906282,-0.1146746038627646
2732,2012-2014,1.2023386044721776,0.7056102550847738,-0.49672834938740373
2733,2012-2014,0.5170048014463644,0.28125497630658797,-0.23574982513977644
2734,2012-2014,1.974955529602878,1.619582087958398,-0.35537344164448004
2735,2012-2014,0.34505914278023414,0.3286653679285675,-0.016393774851666654
2736,2012-2014,1.9196888701909969,1.6824857888654257,-0.23720308132557122
2738,2012-2014,2.169381585528985,1.9758420846004554,-0.19353950092852945
2740,2012-2014,-0.8884184109091718,-1.3415145605697594,-0.45309614966058753
2742,2012-2014,0.48449394508857163,0.28205852710530427,-0.20243541798326736
2743,2012-2014,-0.030231032882734366,-0.26624988646750003,-0.23601885358476565
2744,2012-2014,1.913069854582417,1.2602646295471558,-0.6528052250352612
2746,2012-2014,1.6117906399653843,1.074319421483561,-0.5374712184818233
2747,2012-2014,1.594351791296041,0.9820578458841279,-0.6122939454119131
2748,2012-2014,1.573880713091754,1.2480504095145084,-0.32583030357724563
2749,2012-2014,2.399680479860783,2.2184042617202073,-0.18127621814057582
2753,2012-2014,1.2172840326417105,0.9949363529933504,-0.2223476796483601
2754,2012-2014,0.7186847607560225,0.6733124398025551,-0.04537232095346744
2755,2012-2014,2.704082188415603,2.0696987951468317,-0.6343833932687715
2756,2012-2014,-0.25786822289889455,-0.4292413063915471,-0.17137308349265257
2757,2012-2014,0.984792832157322,0.7976198017814348,-0.18717303037588728
2760,2012-2014,1.3406124816751166,1.1894942328770655,-0.15111824879805114
2767,2012-2014,0.37248625624533743,0.410859508112473,0.03837325186713558
2768,2012-2014,0.7852930654913319,0.702132062244978,-0.08316100324635389
2772,2012-2014,1.690261280813121,1.3463386865172935,-0.3439225942958275
2804,2012-2014,-0.08408931332544266,-0.25498545936980277,-0.1708961460443601
2853,2012-2014,-1.3408484459749628,-1.6924658588920658,-0.351617412917103
2863,2012-2014,0.36511798005933904,0.46878794428532816,0.10366996422598912
101106,2012-2014,-0.013528525925871065,-0.4132485909933029,-0.39972006506743185
101107,2012-2014,1.1005412006810515,0.9073396530506642,-0.19320154763038733
101108,2012-2014,5.319358812273987,4.282084477084365,-1.0372743351896219
101109,2012-2014,1.7962240901949145,1.6180353212723528,-0.17818876892256164
101110,2012-2014,1.3253596527807958,0.94879778405934,-0.3765618687214558
101111,2012-2014,0.6907490481453064,0.4943511843367491,-0.19639786380855723
101112,2012-2014,1.4147505583164584,1.2357251144612775,-0.17902544385518082
101113,2012-2014,-1.2937749128280338,-1.3446373964644398,-0.050862483636406
101114,2012-2014,3.47613041114502,2.5545626218469417,-0.9215677892980785
101115,2012-2014,1.5468312887115965,0.7473811534140979,-0.7994501352974985
101122,2012-2014,2.1785935055714236,1.4971631867072306,-0.681430318864193
101123,2012-2014,1.5687444659481262,0.939655032978205,-0.6290894329699213
101124,2012-2014,0.06487097513064569,-0.23904425018000314,-0.30391522531064885
101126,2012-2014,1.6970716598044,0.9508405125786398,-0.7462311472257602
101127,2012-2014,1.442717295824056,1.1497722702639872,-0.29294502556006874
101128,2012-2014,0.8091624417932426,0.754127699009197,-0.05503474278404563
101130,2012-2014,-1.148043597746605,-1.3304276032165179,-0.18238400546991285
101131,2012-2014,-1.293331734823742,-1.4880023663526072,-0.1946706315288651
101132,2012-2014,0.4438387846446976,0.23298607497556265,-0.21085270966913497
101133,2012-2014,-0.6924473590520694,-1.1193358571445584,-0.42688849809248897
101135,2012-2014,1.6785050370655639,1.1181723537914334,-0.5603326832741304
101138,2012-2014,-0.06947285367618006,-0.29017015950457403,-0.22069730582839397
101139,2012-2014,1.532582546313352,0.9871395690109857,-0.5454429773023663
101141,2012-2014,1.6024177567373061,1.3136205945794415,-0.28879716215786466
101142,2012-2014,-0.736338489330562,-0.9725717182323752,-0.2362332289018132
101144,2012-2014,0.20817457977529888,0.026583828966093355,-0.18159075080920553
101145,2012-2014,2.8768662831136593,2.065040178797974,-0.8118261043156854
101150,2012-2014,1.919870916731341,1.3428832787280574,-0.5769876380032837
101153,2012-2014,0.6268081357007281,0.5164828732873775,-0.11032526241335061
101154,2012-2014,0.792884093075825,0.12839796847717172,-0.6644861245986533
101155,2012-2014,-0.5255723123705532,-0.568535057133141,-0.04296274476258777
101161,2012-2014,0.09403847481270707,-0.23999609608400205,-0.3340345708967091
101162,2012-2014,0.4728831086665638,0.11752322191963996,-0.35535988674692387
101179,2012-2014,0.09977407701434662,-0.05524322309913097,-0.15501730011347759
101181,2012-2014,2.9993251890696007,2.5833000838688696,-0.4160251052007311
101183,2012-2014,0.039966328426305035,-0.4312067569947701,-0.47117308542107517
101187,2012-2014,1.0354382594169314,0.9616988713274328,-0.07373938808949854
101189,2012-2014,0.6051604662202219,0.4011240834317499,-0.20403638278847203
101198,2012-2014,0.9291947328173041,0.5967721497231662,-0.33242258309413797
101235,2012-2014,-0.4670449980070471,-0.6200164344967607,-0.15297143648971362
101236,2012-2014,-0.016712690692507116,-0.10806936398896946,-0.09135667329646235
101249,2012-2014,1.5432925223310252,1.3376259251203104,-0.20566659721071479
200081,2012-2014,-0.4250810405939349,-0.2589381602232034,0.16614288037073155
200745,2012-2014,1.376700046142552,0.9537960634950702,-0.42290398264748186
200746,2012-2014,2.572119765218848,1.652734740209647,-0.919385025009201
200748,2012-2014,-1.531064734028725,-1.7163567580791401,-0.18529202405041523
200749,2012-2014,-0.1328845243334102,-0.5294381556913339,-0.3965536313579237
200750,2012-2014,0.9730749164442392,0.7282653196511923,-0.2448095967930468
200751,2012-2014,1.5423771833823998,1.1682333486244194,-0.3741438347579804
200752,2012-2014,2.450241542011139,1.6298892178127968,-0.8203523241983424
200755,2012-2014,2.275619131166664,1.9593877795621844,-0.3162313516044797
200756,2012-2014,0.26828823696233134,-0.0011482783467854363,-0.2694365153091168
200757,2012-2014,1.1154450293919347,0.879718620606581,-0.23572640878535367
200758,2012-2014,1.282197251024763,1.0309191325393334,-0.2512781184854296
200761,2012-2014,-0.0868600842604758,-0.30227760426867495,-0.21541752000819914
200764,2012-2014,-0.05132406513497404,-0.3558979644521748,-0.30457389931720075
200765,2012-2014,1.4227245074404606,1.0547511253272757,-0.367973382113185
200768,2012-2014,3.285455320902853,2.613782205213675,-0.671673115689178
200769,2012-2014,0.8430625943649129,0.601991135072337,-0.2410714592925759
200770,2012-2014,1.7774390497281083,1.2017246124222194,-0.5757144373058889
200777,2012-2014,-0.9169074697518582,-1.081499752375533,-0.16459228262367476
200779,2012-2014,0.8439573825698862,0.2599470116088539,-0.5840103709610323
200780,2012-2014,-0.9275108798480423,-1.2458810709867065,-0.31837019113866427
200782,2012-2014,1.0822940267654935,0.8776530830306157,-0.20464094373487773
200783,2012-2014,-0.18508253677283276,-0.43301738170924436,-0.2479348449364116
200789,2012-2014,0.3077513363045557,-0.00025187627218417055,-0.30800321257673985
200794,2012-2014,1.9933142453067467,1.2536506679421777,-0.739663577364569
200797,2012-2014,-1.556298848270448,-2.0117058278933326,-0.45540697962288457
200809,2012-2014,0.18359499751291022,0.1410411563921104,-0.042553841120799824
200811,2012-2014,-0.19526227000273097,-0.6216955932516983,-0.4264333232489673
200826,2012-2014,1.553011174119128,1.1765222806485884,-0.3764888934705395
201141,2012-2014,-0.4855654477332358,-0.9484720864180718,-0.462906638684836
201142,2012-2014,6.466127684648638,5.389138045865503,-1.076989638783135
201143,2012-2014,2.1376749846457654,1.5967272050092511,-0.5409477796365143
201144,2012-2014,2.965050219651098,2.3898845654857417,-0.5751656541653563
201145,2012-2014,1.2628405798821498,0.8595971309538308,-0.403243448928319
201146,2012-2014,-1.1568181066544754,-1.3441756646654046,-0.18735755801092924
201147,2012-2014,1.1222838841195517,0.8178097938788753,-0.3044740902406764
201148,2012-2014,0.4192759341126284,-0.06964829672011297,-0.4889242308327414
201149,2012-2014,1.421726453511053,1.0800661796956368,-0.3416602738154162
201150,2012-2014,0.6015607857526363,0.4387506916084324,-0.1628100941442039
201152,2012-2014,1.5033883256799059,1.0050711516642896,-0.49831717401561626
201155,2012-2014,1.1249710919689424,0.8472148364846994,-0.277756255484243
201156,2012-2014,1.6428569561538489,1.1136199103551288,-0.5292370457987201
201157,2012-2014,-0.09428768808270041,-0.5533911655678817,-0.4591034774851813
201158,2012-2014,1.2240003009550307,0.8670688594802932,-0.35693144147473743
201160,2012-2014,-0.608599132127475,-0.8826732899996577,-0.2740741578721827
201161,2012-2014,0.09364906486842062,-0.20531863047412596,-0.2989676953425466
201162,2012-2014,1.6560379404384125,1.436328020415814,-0.21970992002259848
201163,2012-2014,1.1101393194266573,0.8891600765313429,-0.22097924289531445
201164,2012-2014,1.3026828588087151,0.9655100120085599,-0.33717284680015525
201166,2012-2014,1.1634724365750893,0.9313890338589008,-0.23208340271618844
201167,2012-2014,2.078526121810814,1.8543382202608636,-0.22418790154995039
201168,2012-2014,1.042987584641057,0.7532808593895653,-0.28970672525149166
201171,2012-2014,0.5839158064144456,0.313697096099837,-0.27021871031460865
201175,2012-2014,0.13521521183949597,-0.15253267089557448,-0.28774788273507046
201177,2012-2014,0.95557842801253,0.6860472515252358,-0.2695311764872942
201178,2012-2014,-0.5423201123821667,-0.7104519247369755,-0.16813181235480879
201187,2012-2014,-0.21891269754026585,-0.33111847495151125,-0.1122057774112454
201188,2012-2014,1.5398396868670137,1.285195562829324,-0.25464412403768977
201189,2012-2014,-0.9192742533473506,-1.2378381193513506,-0.318563866004
201196,2012-2014,1.18685981963587,0.6638322456550857,-0.5230275739807843
201202,2012-2014,-1.072714977534861,-1.379847593794656,-0.30713261625979493
201228,2012-2014,1.4163340912029516,1.1157648457652931,-0.3005692454376585
201229,2012-2014,0.5656470016903016,0.46820511418739985,-0.09744188750290173
201563,2012-2014,0.27840620905457486,-0.08675388571355908,-0.36516009476813394
201564,2012-2014,1.3797352650824335,1.0862776425532785,-0.29345762252915497
201565,2012-2014,3.6638093072461224,3.0718121467168227,-0.5919971605292997
201566,2012-2014,5.266499151568874,4.02760929162614,-1.2388898599427343
201567,2012-2014,3.775936433608102,3.03128876861786,-0.744647664990242
201568,2012-2014,2.715151858058972,2.353413798787491,-0.36173805927148095
201569,2012-2014,2.348348638313524,1.7592931139522219,-0.589055524361302
201571,2012-2014,1.8765010172497028,1.3084932278520243,-0.5680077893976785
201572,2012-2014,2.3043625507835994,1.196807675910572,-1.1075548748730275
201573,2012-2014,0.7499931531006198,0.6482673605373978,-0.101725792563222
201574,2012-2014,-0.635976569978864,-0.8520699267084243,-0.21609335672956032
201575,2012-2014,0.9828805367904991,0.5573479029373877,-0.42553263385311146
201576,2012-2014,0.007358793129267083,-0.2007806023917146,-0.20813939552098168
201577,2012-2014,-0.3781889167854798,-0.6278656580880833,-0.24967674130260348
201578,2012-2014,-0.9302703526094783,-1.1331960196685447,-0.20292566705906634
201579,2012-2014,-0.6985351789734406,-0.8260989768637726,-0.127563797890332
201580,2012-2014,-0.35814223010314683,-0.5633762455715333,-0.2052340154683865
201581,2012-2014,0.16087176479185467,0.0852249602711939,-0.07564680452066076
201582,2012-2014,-0.7513692286661975,-1.14023564236115,-0.38886641369495245
201583,2012-2014,2.031985572507744,1.5044406443787215,-0.5275449281290225
201584,2012-2014,1.063488930630205,0.78778500599537,-0.27570392463483506
201585,2012-2014,-0.4222768651778141,-0.7351359758739211,-0.312859110696107
201586,2012-2014,-0.49518205423580247,-0.8533605051713028,-0.3581784509355003
201587,2012-2014,2.3410941579427478,2.069257791478606,-0.27183636646414167
201588,2012-2014,1.7710487241535045,1.4762875625854917,-0.2947611615680128
201589,2012-2014,-0.9875319926042149,-1.1505486802721336,-0.16301668766791877
201590,2012-2014,0.08503307030187275,-0.060934165256371256,-0.145967235558244
201591,2012-2014,-0.47201034794269014,-0.6862717720945611,-0.214261424151871
201593,2012-2014,1.6961858435656114,0.8934559161754698,-0.8027299273901416
201596,2012-2014,1.6790117879877307,1.2510165100693453,-0.4279952779183853
201599,2012-2014,-0.014062384599532352,-0.3538067368669172,-0.33974435226738486
201600,2012-2014,-0.884231827184745,-1.144472007670155,-0.26024018048540987
201601,2012-2014,-0.3623272901677109,-0.6706010839590734,-0.30827379379136244
201604,2012-2014,0.7458172203357051,0.5457720337022304,-0.2000451866334747
201609,2012-2014,3.3552872022538645,2.4969595783200007,-0.8583276239338637
201611,2012-2014,0.24225554393138587,0.1699326253976757,-0.07232291853371017
201623,2012-2014,-0.9029359982077786,-1.0404707138017446,-0.13753471559396602
201627,2012-2014,1.451047292249149,0.9197882957865167,-0.5312589964626324
201632,2012-2014,-1.4385874973606283,-1.7775346967666923,-0.338947199406064
201785,2012-2014,-0.4693695226199253,-0.6294423080993703,-0.16007278547944498
201814,2012-2014,0.8578975004363686,0.5479257209434225,-0.3099717794929461
201858,2012-2014,0.6856646818707948,0.3268141144033561,-0.35885056746743865
201933,2012-2014,3.4515968209225605,2.701211551923266,-0.7503852689992945
201934,2012-2014,-1.1995837484870513,-1.6528492654597737,-0.45326551697272244
201935,2012-2014,5.830028818978301,4.814243362406614,-1.0157854565716864
201936,2012-2014,2.3141633046584147,1.973502963056077,-0.3406603416023377
201937,2012-2014,1.8324623523611965,1.6930855869560257,-0.13937676540517074
201938,2012-2014,1.250776826544431,1.174677124161755,-0.07609970238267594
201939,2012-2014,5.472702108149842,4.27605317927666,-1.1966489288731816
201941,2012-2014,-0.11597468012158738,-0.4059908683487999,-0.29001618822721253
201942,2012-2014,2.556256837634692,2.02774432043488,-0.528512517199812
201943,2012-2014,3.329863007431608,2.768542676342722,-0.5613203310888859
201944,2012-2014,0.5001525259652038,0.34637783250112614,-0.15377469346407763
201945,2012-2014,1.224442888615523,0.8828871467393176,-0.3415557418762054
201946,2012-2014,0.5797041113030981,0.15899516586179036,-0.4207089454413077
201947,2012-2014,-0.38084079672812543,-0.5203720677865593,-0.13953127105843388
201948,2012-2014,-0.17488583249898748,-0.24826656968926816,-0.07338073719028068
201949,2012-2014,0.14541602977488802,-0.03878227126679019,-0.1841983010416782
201950,2012-2014,2.5041903321267074,1.9975864325974804,-0.506603899529227
201951,2012-2014,3.0648975443959885,2.52670537103941,-0.5381921733565784
201952,2012-2014,2.577592844042612,2.126838726257303,-0.45075411778530894
201953,2012-2014,0.43367398012452335,0.3114174095512124,-0.12225657057331096
201954,2012-2014,1.3917445511343758,1.0237111354160837,-0.36803341571829207
201956,2012-2014,0.7555703416719364,0.6020209904697161,-0.15354935120222024
201958,2012-2014,0.7983859622958993,0.6781810006976963,-0.12020496159820304
201959,2012-2014,-0.2712068652727003,-0.5318503665269705,-0.26064350125427016
201960,2012-2014,1.3045680766254413,1.009189395322641,-0.2953786813028003
201961,2012-2014,0.8347205812877745,0.6605588246178435,-0.17416175666993094
201962,2012-2014,0.9156516194473892,0.6537438039663812,-0.26190781548100794
201963,2012-2014,-0.7958249773560718,-0.6699396787067177,0.12588529864935416
201965,2012-2014,-0.8366527520971333,-1.0584028007774133,-0.22175004868028003
201967,2012-2014,0.4310035595527581,0.1803775940764199,-0.2506259654763382
201969,2012-2014,-0.23985682595315877,-0.18373683171190572,0.05611999424125305
201970,2012-2014,-0.0670700850643092,-0.13597527218704086,-0.06890518712273166
201971,2012-2014,0.5246545694299932,0.2987752069916659,-0.22587936243832735
201972,2012-2014,-0.6494901731597991,-0.8311398746686287,-0.18164970150882964
201973,2012-2014,0.5606674518419881,0.3459759738501696,-0.21469147799181848
201974,2012-2014,0.9389703814145195,0.7507933462329034,-0.1881770351816161
201975,2012-2014,1.324265590645083,0.9931250227362558,-0.3311405679088273
201976,2012-2014,1.5820452517034391,1.4001521191928545,-0.1818931325105846
201977,2012-2014,1.8244190287402737,1.304571043895248,-0.5198479848450257
201978,2012-2014,1.1261877616899416,0.9908272469650715,-0.1353605147248701
201979,2012-2014,0.5757141094605075,0.46570055762133444,-0.11001355183917305
201980,2012-2014,2.1102672838168415,1.5125731531699311,-0.5976941306469103
201985,2012-2014,1.1871734931146039,0.8965169377007574,-0.2906565554138465
201988,2012-2014,2.387231160083888,1.7618706332622203,-0.6253605268216675
202066,2012-2014,0.16275415767288098,0.06410932243221885,-0.09864483524066213
202083,2012-2014,2.1839144669132855,1.6805899341305826,-0.503324532782703
202087,2012-2014,0.3891007683386748,0.22393827446242037,-0.16516249387625442
202130,2012-2014,1.4353997740466713,1.1233098121706937,-0.3120899618759776
202178,2012-2014,1.392359169426158,1.0465207119223616,-0.34583845750379627
202322,2012-2014,4.134477460530437,3.3291745635889973,-0.80530289694144
202323,2012-2014,0.5396666881823404,0.4695208143222548,-0.07014587386008564
202324,2012-2014,0.5967214274707927,0.5264356542866235,-0.07028577318416918
202325,2012-2014,0.6457384052184436,0.47838215956841335,-0.16735624565003027
202326,2012-2014,1.5233843037148755,1.036911100632652,-0.48647320308222364
202327,2012-2014,-0.631923233503748,-0.8674218250199976,-0.23549859151624963
202328,2012-2014,1.663243092670431,1.1046857835630979,-0.558557309107333
202329,2012-2014,0.3796238064568133,0.32894652913442923,-0.050677277322384084
202330,2012-2014,2.7859253105520594,2.5731982048878557,-0.21272710566420372
202331,2012-2014,3.25771407073944,2.5441934767347156,-0.7135205940047245
202332,2012-2014,-1.1821847831575572,-1.4736935472129886,-0.29150876405543147
202333,2012-2014,-0.24918475565170212,-0.14238679561037967,0.10679796004132244
202334,2012-2014,-0.1074219155028598,-0.3904180006680339,-0.2829960851651741
202335,2012-2014,0.5024776209109675,0.3456052654011962,-0.1568723555097713
202336,2012-2014,-0.2799625579669577,-0.6232973885695732,-0.3433348306026155
202337,2012-2014,0.4478591173284352,0.23033029301090074,-0.21752882431753445
202338,2012-2014,-1.7235565134072295,-1.8971532895729628,-0.17359677616573332
202339,2012-2014,1.8124818402328757,1.5247572408876753,-0.28772459934520045
202340,2012-2014,0.7049063879646111,0.6863324803293234,-0.018573907635287767
202341,2012-2014,0.845444901777803,0.6576403026420167,-0.1878045991357863
202344,2012-2014,0.5001727565843883,0.23487526195977795,-0.2652974946246104
202345,2012-2014,-1.4253937613399352,-1.5207762171256805,-0.09538245578574522
202347,2012-2014,0.5798670365442242,0.47757821332276357,-0.10228882322146066
202348,2012-2014,1.536031407961871,1.236477403007283,-0.29955400495458817
202349,2012-2014,1.6176172400466786,1.1742122406655393,-0.4434049993811393
202351,2012-2014,-0.7748025046351552,-0.9476764375527397,-0.17287393291758446
202355,2012-2014,-1.1439613041928112,-1.4298121161278872,-0.285850811935076
202356,2012-2014,-0.23759582952226443,-0.29639752556289334,-0.058801696040628904
202361,2012-2014,0.5954038240444268,0.5291780224344563,-0.06622580160997049
202362,2012-2014,1.5578235949394847,1.5434834510916626,-0.014340143847822118
202366,2012-2014,-0.15534825828676393,-0.4050561130951544,-0.24970785480839044
202376,2012-2014,0.09274674348704563,0.04436616808391538,-0.04838057540313025
202379,2012-2014,0.5499600589099687,0.1704197287222706,-0.37954033018769806
202386,2012-2014,-0.05573916024128593,-0.05629364867837418,-0.0005544884370882464
202388,2012-2014,0.493354167081052,0.3228148179902755,-0.1705393490907765
202389,2012-2014,-1.06823770447027,-1.3834309098101172,-0.3151932053398472
202390,2012-2014,1.2962572823048153,0.9878765996999087,-0.3083806826049066
202391,2012-2014,1.9807469969322653,1.636756551197704,-0.3439904457345613
202396,2012-2014,-1.3634556137120704,-1.383753239760494,-0.020297626048423556
202397,2012-2014,0.4531145640044726,0.4518456282390522,-0.0012689357654203648
202412,2012-2014,0.3545719429606812,0.3566796126923381,0.002107669731656936
202498,2012-2014,-1.2344410078181032,-1.3066387152661318,-0.07219770744802867
202681,2012-2014,4.905126198222616,4.443996772052534,-0.461129426170082
202682,2012-2014,0.2602622313224217,0.21568471072754783,-0.04457752059487388
202683,2012-2014,0.014545066293324227,0.029534272979230176,0.01498920668590595
202684,2012-2014,-0.12241430968709233,-0.1039840694753357,0.018430240211756627
202685,2012-2014,-0.23890829885381537,-0.2141577786994541,0.024750520154361272
202687,2012-2014,-1.2660619381760785,-1.1950434604846039,0.07101847769147462
202688,2012-2014,2.1986889783710724,2.067593434105622,-0.13109554426545023
202689,2012-2014,3.4618112593115478,2.7786704609844426,-0.6831407983271052
202690,2012-2014,1.5389091818479168,1.2686220668959605,-0.27028711495195634
202691,2012-2014,2.2321004994098974,1.6411946252394443,-0.5909058741704531
202692,2012-2014,1.6754444692677761,1.6391950933836987,-0.036249375884077395
202693,2012-2014,0.708339128283692,0.5981548582753697,-0.11018427000832232
202694,2012-2014,1.056127550376434,0.9737153377909806,-0.08241221258545339
202695,2012-2014,2.251659108519927,2.113631843791989,-0.13802726472793792
202696,2012-2014,0.6158244495832236,0.45479934809911127,-0.1610251014841123
202697,2012-2014,0.6894524418100583,0.6965420660957411,0.007089624285682827
202699,2012-2014,1.856587668671968,1.8503973562342595,-0.006190312437708512
202700,2012-2014,-0.31440631235399563,-0.2314637665379314,0.08294254581606422
202702,2012-2014,1.0586607493205333,0.9067198479908525,-0.15194090132968086
202704,2012-2014,1.206008983400537,1.1007068453225868,-0.10530213807795019
202705,2012-2014,0.7929244561648424,0.6537386508695653,-0.13918580529527713
202706,2012-2014,1.0879789002051918,0.9946773166875233,-0.09330158351766848
202708,2012-2014,-0.1261033301454963,-0.22825563770977458,-0.10215230756427829
202709,2012-2014,0.9356981021368032,1.073265105600623,0.1375670034638199
202710,2012-2014,1.9873221532057381,1.7906641027084977,-0.1966580504972404
202713,2012-2014,0.5445628367520085,0.3051857606164577,-0.23937707613555076
202714,2012-2014,0.80664314112506,0.7937456056697177,-0.012897535455342224
202718,2012-2014,1.9789340773740114,1.8292320292578679,-0.14970204811614352
202720,2012-2014,0.42956185956227244,0.3262078971169373,-0.10335396244533512
202721,2012-2014,0.3888426662925718,0.5803487943498477,0.19150612805727585
202730,2012-2014,-0.3890676201311657,-0.4885338127936259,-0.0994661926624602
202732,2012-2014,0.22333601492265193,0.11431483818562009,-0.10902117673703184
202734,2012-2014,0.5609016593672831,0.5261519386006337,-0.034749720766649395
202738,2012-2014,3.02939884593832,2.5411375034449746,-0.4882613424933453
202779,2012-2014,-0.22174624767442053,-0.37541980965857064,-0.1536735619841501
202962,2012-2014,-0.608653096747634,-0.6689848269693233,-0.06033173022168925
203076,2012-2014,2.287175387403631,1.9094993129164202,-0.37767607448721074
203077,2012-2014,0.3828158417707598,0.47246290600035384,0.08964706422959406
203078,2012-2014,3.029889666455548,2.885717729123784,-0.1441719373317638
203079,2012-2014,1.9974438390310798,1.661799748041707,-0.33564409098937276
203080,2012-2014,-0.6999933538832293,-0.7030191612861886,-0.003025807402959324
203081,2012-2014,3.4798135554436618,2.9537599565077306,-0.5260535989359312
203082,2012-2014,1.0673928734061824,0.8456744106214289,-0.2217184627847535
203083,2012-2014,1.862231483065385,2.0315046646684793,0.16927318160309435
203084,2012-2014,0.7544676421153451,0.7864260337155459,0.03195839160020075
203085,2012-2014,0.17377281142564147,0.30747087527555683,0.13369806384991537
203086,2012-2014,-0.7189984922597058,-0.6726667662298105,0.046331726029895326
203087,2012-2014,1.3635406577981886,1.2970515120212602,-0.06648914577692833
203088,2012-2014,1.3806724353607642,1.3907749044965145,0.010102469135750303
203089,2012-2014,-0.03160811842171649,-0.19065271857664418,-0.1590446001549277
203090,2012-2014,1.0317128072166573,0.9492246265606917,-0.08248818065596553
203092,2012-2014,-0.9382716315609226,-1.012704701544481,-0.07443306998355836
203093,2012-2014,1.288173440055282,1.2981241246158226,0.009950684560540601
203094,2012-2014,-0.8814820028322258,-1.0513433561752925,-0.16986135334306673
203095,2012-2014,1.2497475247775074,1.383051727493885,0.13330420271637755
203096,2012-2014,0.897597512591593,1.093634029103395,0.19603651651180198
203098,2012-2014,1.2201510223752996,1.21860499701876,-0.001546025356539582
203099,2012-2014,-0.5258042477484155,-0.39988679413886163,0.12591745360955386
203100,2012-2014,1.1622459842067432,1.3154953545020498,0.1532493702953066
203101,2012-2014,-0.9508983645704415,-1.2027425633437194,-0.2518441987732779
203103,2012-2014,-0.21513123281724972,-0.09300452490585205,0.12212670791139767
203105,2012-2014,-1.4347224800048328,-1.6087407163005998,-0.17401823629576696
203106,2012-2014,0.12085351311228927,-0.009138697866929764,-0.12999221097921904
203109,2012-2014,1.120995852146381,0.9742107080376352,-0.14678514410874577
203110,2012-2014,0.17406415182674304,0.09957904183109936,-0.07448510999564367
203112,2012-2014,-0.1846548071097554,-0.32802877175446,-0.1433739646447046
203114,2012-2014,1.5978338263661833,1.531898671317259,-0.06593515504892422
203115,2012-2014,0.2185946157226341,0.27267141849709936,0.05407680277446525
203118,2012-2014,0.7019698477662921,0.5666951756234909,-0.1352746721428012
203120,2012-2014,0.24573020863811443,0.03634941383932498,-0.20938079479878946
203121,2012-2014,-0.038594568175306446,-0.09184561982203006,-0.05325105164672361
203124,2012-2014,-0.37004077456058904,-0.49823131766550155,-0.1281905431049125
203133,2012-2014,0.05671867792199514,-0.046433192241143596,-0.10315187016313873
203135,2012-2014,-0.9584771016767352,-1.0713933229990766,-0.11291622132234147
203138,2012-2014,0.8160859221401221,0.7561818698110229,-0.05990405232909923
203141,2012-2014,0.8983604611561515,0.5759349538582862,-0.32242550729786534
203142,2012-2014,1.4508398922742551,0.7370352920500484,-0.7138046002242068
203143,2012-2014,2.426630140482503,2.738627542545032,0.31199740206252935
203144,2012-2014,1.4686108981531978,1.2274574396260456,-0.2411534585271522
203145,2012-2014,0.4378769820723013,0.36867255140156674,-0.06920443067073456
203148,2012-2014,1.2241688410130542,0.8260444759090145,-0.3981243651040397
203156,2012-2014,0.9779214736689774,0.841166306795591,-0.1367551668733864
203187,2012-2014,0.8269483188217001,0.7034309962716312,-0.12351732255006886
203200,2012-2014,-0.2236811513307861,-0.29760272454546,-0.07392157321467391
203382,2012-2014,-1.7036600192992453,-1.7723994053482073,-0.06873938604896201
203458,2012-2014,-1.8206390565949284,-1.7547374704083816,0.06590158618654685
203459,2012-2014,-0.05810651773191762,-0.0089665798021643,0.04913993792975332
203460,2012-2014,-0.21298359312818346,-0.16263797696598284,0.050345616162200624
203461,2012-2014,-0.40293672471976993,-0.23930714897787997,0.16362957574188997
203462,2012-2014,0.26217418538943776,0.3855142650306413,0.12334007964120353
203463,2012-2014,0.31126515316901904,0.43064791241524736,0.11938275924622832
203468,2012-2014,0.26790867541240326,0.2962337588152554,0.028325083402852114
203469,2012-2014,-0.20368856280391773,-0.04156925276590623,0.1621193100380115
203471,2012-2014,0.007696241122635744,0.3384273417999859,0.3307311006773502
203473,2012-2014,-1.7566854821617006,-2.1023007763519197,-0.3456152941902191
203476,2012-2014,-0.16217684118596984,-0.48433569912631597,-0.32215885794034615
203477,2012-2014,0.4724092173572124,0.4103092827426257,-0.06209993461458674
203481,2012-2014,-0.6994977735826893,-0.9931739889693212,-0.2936762153866319
203482,2012-2014,0.7190209023554843,0.8009256429642871,0.08190474060880282
203484,2012-2014,0.6801529676770937,0.70168877479386,0.021535807116766392
203485,2012-2014,0.4940575632773293,0.5292011710919091,0.035143607814579814
203486,2012-2014,0.016326574400894387,-0.17002992560877822,-0.1863565000096726
203487,2012-2014,2.549567365928143,2.2704196434779984,-0.27914772245014463
203488,2012-2014,-1.130302875024528,-1.081828921277594,0.048473953746934084
203490,2012-2014,0.1873002282265209,0.37245552089529743,0.18515529266877653
203492,2012-2014,0.27958186935775936,0.2967651335367072,0.017183264178947832
203493,2012-2014,-0.08714747563874449,-0.10588226788270882,-0.018734792243964335
203496,2012-2014,0.3257323821018856,-0.01329861090594695,-0.33903099300783257
203497,2012-2014,-1.102250544223685,-1.134382123968113,-0.03213157974442815
203498,2012-2014,0.5382997870841603,0.6323084103491953,0.09400862326503501
203499,2012-2014,0.28816122370202557,0.6075376977065913,0.3193764740045657
203500,2012-2014,0.6518146260824546,0.6106908973486119,-0.041123728733842624
203501,2012-2014,1.1723420929365491,0.9998742897321613,-0.17246780320438782
203503,2012-2014,0.3807266218826924,0.44518874836580774,0.06446212648311533
203504,2012-2014,2.495729123225003,2.4185188592885614,-0.07721026393644159
203506,2012-2014,1.8085055820415925,1.5802015248471335,-0.228304057194459
203507,2012-2014,0.817586863043776,1.1230892089143811,0.3055023458706051
203508,2012-2014,-0.6988041555715695,-0.5279697105540693,0.17083444501750022
203515,2012-2014,0.781748047118603,0.8253714851682744,0.04362343804967139
203521,2012-2014,0.8788184671820337,0.859294132178292,-0.019524335003741733
203524,2012-2014,0.08927897589454155,0.18557885979974667,0.09629988390520512
203527,2012-2014,0.6230535124162498,0.540447846695418,-0.08260566572083183
203544,2012-2014,1.0263633095680729,1.015021826076782,-0.011341483491290827
203546,2012-2014,0.24231916175892798,0.13654877947841237,-0.1057703822805156
203552,2012-2014,-0.36271607374370596,-0.38880899942575475,-0.026092925682048795
203561,2012-2014,-0.38636218131456257,-0.3088520914982909,0.07751008981627167
203584,2012-2014,1.119859148782467,0.8436606356474279,-0.27619851313503907
708,2015-2017,0.8073236109907651,1.283262839294912,0.4759392283041468
977,2015-2017,4.499113019471265,4.3977188617046465,-0.10139415776661842
1495,2015-2017,2.8367712297490932,3.1700864350926388,0.33331520534354553
1713,2015-2017,2.180551066490307,2.32587099826662,0.1453199317763132
1717,2015-2017,4.000627561244405,4.584136329167872,0.5835087679234663
1718,2015-2017,2.3789734631270933,2.624817922957334,0.2458444598302405
1737,2015-2017,-1.1924886255831666,-0.9463402843017766,0.24614834128138996
1882,2015-2017,-0.5769459546574999,-0.3277815741033985,0.2491643805541014
1889,2015-2017,2.105959506742654,2.380789285462545,0.2748297787198912
1890,2015-2017,0.946518815460449,1.0355365286831373,0.08901771322268826
1891,2015-2017,2.1314763021833345,2.453205055629725,0.3217287534463904
1897,2015-2017,1.2060001945469305,1.1354833440406533,-0.0705168505062772
1905,2015-2017,-0.5452011136321491,-0.29186144057727637,0.2533396730548727
1938,2015-2017,3.546674410828885,3.615377451711256,0.068703040882371
2030,2015-2017,-0.5025527609272956,-0.2147400323910249,0.2878127285362707
2034,2015-2017,0.3903768208927372,0.7073704415908898,0.3169936206981526
2037,2015-2017,3.4521317935449987,3.58368940185418,0.13155760830918117
2045,2015-2017,1.412120342996203,1.6047134668181193,0.1925931238219163
2199,2015-2017,0.3708026828375426,0.4090358256579599,0.03823314282041729
2200,2015-2017,2.965071686671412,2.67439705699337,-0.29067462967804225
2202,2015-2017,2.7102301211622666,2.684516908477504,-0.025713212684762787
2207,2015-2017,2.63639157245564,2.648849960586536,0.012458388130895948
2210,2015-2017,1.1831055408279232,1.271934220666653,0.08882867983872988
2216,2015-2017,2.207136052593043,2.144995488666479,-0.062140563926563974
2217,2015-2017,-1.6132407058141645,-1.581137118828381,0.03210358698578353
2222,2015-2017,-0.5345408780350724,-0.389083400491251,0.14545747754382143
2223,2015-2017,-0.7963607777202586,-0.7503461256993713,0.04601465202088728
2225,2015-2017,2.4930084938172885,2.505617845396378,0.012609351579089711
2365,2015-2017,0.8977927054570923,0.8577348137373066,-0.04005789171978569
2399,2015-2017,1.4749176275214482,1.4832612153765885,0.008343587855140333
2400,2015-2017,0.4408086854256242,0.5279356005117493,0.08712691508612508
2403,2015-2017,1.3477096550210135,1.3809432515681672,0.03323359654715374
2405,2015-2017,0.09665822394628279,0.2559659058711915,0.1593076819249087
2406,2015-2017,1.3586960204129177,1.5871965458031603,0.22850052539024257
2419,2015-2017,0.9436148643797271,1.232101960239487,0.28848709585975985
2422,2015-2017,0.3135828184725149,0.628025779634369,0.3144429611618541
2430,2015-2017,0.9727339584514137,1.195168967956929,0.2224350095055153
2440,2015-2017,2.0909578737992236,2.1274634343533494,0.03650556055412579
2446,2015-2017,1.6912593988976663,1.9515057429491578,0.2602463440514915
2449,2015-2017,1.2014781906046248,1.3857379224297568,0.184259731825132
2457,2015-2017,1.7405329014172441,1.9026512393330068,0.1621183379157627
2501,2015-2017,0.30547023962163494,0.31896093234994194,0.013490692728306997
2544,2015-2017,6.176453593662869,5.423915911152363,-0.7525376825105052
2546,2015-2017,3.8279565418437036,3.504326049698547,-0.3236304921451567
2547,2015-2017,3.0932731075229922,2.7740883425341805,-0.31918476498881176
2548,2015-2017,4.4194576647728585,4.063945229078927,-0.35551243569393165
2549,2015-2017,-0.21679951159965505,-0.03604567240323139,0.18075383919642365
2550,2015-2017,0.30701575950254856,0.6324930234505647,0.3254772639480161
2555,2015-2017,0.26705251265715313,0.29980131317257014,0.03274880051541701
2557,2015-2017,0.5720297702718075,0.8517786358984838,0.27974886562667634
2561,2015-2017,2.125008149804255,2.350335306230664,0.22532715642640877
2563,2015-2017,-0.6855860013361071,-0.6131754979708315,0.07241050336527566
2564,2015-2017,1.6022533218059096,1.8032382076552733,0.2009848858493637
2570,2015-2017,-1.736757783681286,-1.8603132780367138,-0.12355549435542779
2571,2015-2017,1.3578578847003768,1.5356275007489644,0.17776961604858754
2581,2015-2017,1.545547609577747,1.8486982863112504,0.3031506767335035
2584,2015-2017,0.7126760654189391,1.0330981975920726,0.3204221321731334
2585,2015-2017,1.2718592180158015,1.2516993141842385,-0.020159903831562964
2588,2015-2017,1.2583092053414886,1.5631699167707906,0.30486071142930204
2590,2015-2017,2.644134593370358,2.3619143063226598,-0.2822202870476982
2592,2015-2017,1.4230978928208864,1.2514028446675312,-0.17169504815335523
2594,2015-2017,2.4740211414827287,2.2292825002281864,-0.24473864125454226
2617,2015-2017,0.14396016034320205,0.23376588938237036,0.08980572903916831
2730,2015-2017,1.036407207317095,0.7375473413970253,-0.29885986592006963
2732,2015-2017,0.7087297685044015,0.8638895781972764,0.1551598096928749
2733,2015-2017,0.6598889328368144,0.7433826265059611,0.08349369366914672
2734,2015-2017,2.0530044049201197,2.0544327616663702,0.0014283567462505253
2736,2015-2017,1.6407690126989238,1.3658671235121553,-0.2749018891867685
2738,2015-2017,1.5319602562221326,1.6102884594136633,0.07832820319153067
2742,2015-2017,1.4066369174173892,1.2628104049488513,-0.14382651246853784
2743,2015-2017,0.34890028876993523,-0.03261325231731042,-0.38151354108724567
2744,2015-2017,1.4069466192436904,1.0378415275637765,-0.3691050916799139
2746,2015-2017,1.2340669539000877,0.7854681504071511,-0.44859880349293657
2747,2015-2017,1.2465694914274175,0.9370169353149919,-0.3095525561124256
2748,2015-2017,0.9892121983143787,0.790954180248841,-0.19825801806553767
2749,2015-2017,1.822667448712964,2.1508948585321854,0.3282274098192215
2754,2015-2017,1.1191921141174823,1.0410133181944101,-0.0781787959230722
2755,2015-2017,2.548154585547705,2.3226427067689075,-0.2255118787787973
2756,2015-2017,1.2676444936716762,1.511994366561631,0.2443498728899549
2757,2015-2017,1.4944995881236518,1.58983879831865,0.09533921019499814
2760,2015-2017,0.6145315288690154,0.7166625064449303,0.10213097757591494
2772,2015-2017,1.8277118870209648,1.4788682428934952,-0.3488436441274696
2853,2015-2017,-0.17738709074860046,-0.3546981890087879,-0.17731109826018746
101106,2015-2017,-0.2689970421964992,-0.28245123874582734,-0.013454196549328112
101107,2015-2017,1.3015380460427857,0.9234937121138355,-0.3780443339289502
101108,2015-2017,5.944573224969638,4.887975231009813,-1.0565979939598247
101109,2015-2017,1.4340210681156422,1.492986912612436,0.05896584449679376
101110,2015-2017,0.39812865229274996,0.2382689362915491,-0.15985971600120086
101111,2015-2017,1.1495916065681586,0.7738608675115506,-0.37573073905660803
101112,2015-2017,1.652627516633985,1.339015020322932,-0.3136124963110529
101114,2015-2017,2.2218611622385263,2.1341018117165964,-0.08775935052192985
101122,2015-2017,0.18983169487556759,0.32317064845947535,0.13333895358390777
101123,2015-2017,1.1244442569989748,0.8060537198570483,-0.31839053714192644
101126,2015-2017,1.4706894357971974,1.4830190336376554,0.012329597840458062
101127,2015-2017,2.5089321524917656,2.299173807862249,-0.2097583446295168
101128,2015-2017,0.7001011673208801,0.9475623369682251,0.247461169647345
101131,2015-2017,-0.7522360320003887,-0.898857866408808,-0.14662183440841936
101133,2015-2017,-0.03505182233041119,-0.3434259920853032,-0.308374169754892
101135,2015-2017,1.5101675116527882,1.5880566017311957,0.0778890900784075
101138,2015-2017,1.0531533706681422,0.6807309428806858,-0.3724224277874564
101139,2015-2017,1.5137438775368515,1.0258877822072716,-0.48785609532957985
101141,2015-2017,1.3512756973140323,1.0683575430320036,-0.2829181542820287
101142,2015-2017,-0.9050907851289811,-0.5769847169777409,0.3281060681512402
101145,2015-2017,1.584911753550233,1.3376663964838986,-0.24724535706633444
101150,2015-2017,3.4562497781467187,2.7726288475763754,-0.6836209305703433
101161,2015-2017,0.7119986304965591,0.4707829279895862,-0.24121570250697288
101162,2015-2017,0.7022806421453833,0.6944225791675072,-0.007858062977876168
101179,2015-2017,0.9944071961261072,1.0861463798402835,0.09173918371417633
101181,2015-2017,1.448810392942453,1.6712985456300007,0.22248815268754774
101183,2015-2017,0.11937614464504645,-0.18219331924843257,-0.30156946389347905
101187,2015-2017,0.7985358680561762,0.8643978134564353,0.06586194540025914
101198,2015-2017,1.367990515547617,0.973425990125306,-0.39456452542231113
101236,2015-2017,-0.3230957408129536,-0.15818221866781504,0.16491352214513857
101249,2015-2017,0.979323428933735,1.2678307840501124,0.2885073551163774
200745,2015-2017,0.4269516903209743,0.15383694556946126,-0.27311474475151304
200746,2015-2017,2.277258752442414,1.961561622233582,-0.31569713020883183
200748,2015-2017,-1.0835507792455326,-1.2398154193550486,-0.15626464010951602
200751,2015-2017,1.0091103897390699,1.2103800146292587,0.20126962489018885
200752,2015-2017,2.1637934660895577,1.6519721546929098,-0.5118213113966479
200755,2015-2017,3.4252078498957688,2.6519214829445032,-0.7732863669512655
200757,2015-2017,1.301916265785819,1.3278272105272468,0.025910944741427855
200761,2015-2017,0.7878906437537508,0.46181755572403527,-0.3260730880297156
200765,2015-2017,1.11506083851092,0.9650869528520362,-0.1499738856588838
200768,2015-2017,4.483378929334145,3.5652726334851876,-0.9181062958489572
200769,2015-2017,-0.5146333003650326,-0.8043202273816471,-0.28968692701661447
200770,2015-2017,0.8202090659914255,0.717570756688778,-0.1026383093026475
200771,2015-2017,1.8683195359499027,2.0435704928113925,0.17525095686148973
200777,2015-2017,-1.183122715496956,-1.478349615392708,-0.2952268998957521
200779,2015-2017,0.7165087223239328,0.9373015799137712,0.22079285758983835
200782,2015-2017,1.226038923800158,1.0953269437277748,-0.13071198007238327
200794,2015-2017,2.9194130687598427,2.357092908378085,-0.5623201603817578
200797,2015-2017,-1.0139938394466068,-1.0760762431268156,-0.062082403680208786
200811,2015-2017,-0.3702948480836832,-0.5785131245943308,-0.20821827651064762
200826,2015-2017,2.266785485233335,2.022636984835461,-0.24414850039787384
201142,2015-2017,5.652795537640778,4.864189068371755,-0.7886064692690233
201143,2015-2017,2.016998500356346,1.822232129824203,-0.19476637053214318
201144,2015-2017,3.5634711116230746,2.851214273349074,-0.7122568382740004
201145,2015-2017,0.8923390992673514,0.5080971314455334,-0.3842419678218181
201147,2015-2017,1.1017283030848668,0.7439282945483285,-0.35780000853653826
201148,2015-2017,0.4582438073403171,0.12852275511459904,-0.32972105222571807
201149,2015-2017,0.9544976951589188,0.6500589701702553,-0.30443872498866353
201150,2015-2017,0.04359607124789464,-0.1778057364096372,-0.22140180765753184
201152,2015-2017,1.0614609701710833,0.831344793011497,-0.23011617715958632
201155,2015-2017,1.3821218484148283,1.0730060939793402,-0.3091157544354881
201156,2015-2017,1.9753979005939002,1.7304795702161009,-0.2449183303777993
201158,2015-2017,1.6766526581769419,1.4536128721204873,-0.22303978605645458
201160,2015-2017,-0.08518626552769401,-0.2529354347999407,-0.16774916927224667
201162,2015-2017,1.2564128473807517,0.9776823165516024,-0.2787305308291492
201163,2015-2017,1.3952065271829723,1.095243908377919,-0.29996261880505326
201166,2015-2017,1.7549690726648173,1.2446336963246598,-0.5103353763401575
201167,2015-2017,0.6566659957120164,0.46512250984783493,-0.19154348586418152
201168,2015-2017,0.7658059330963074,0.518109481053143,-0.24769645204316437
201171,2015-2017,0.4135674303298987,0.3612427836088688,-0.05232464672102988
201175,2015-2017,-0.18504874557749434,-0.538335960242437,-0.3532872146649427
201177,2015-2017,0.5026000373227161,0.30770271141699457,-0.1948973259057215
201188,2015-2017,3.246468036643505,2.703665935990828,-0.5428021006526769
201196,2015-2017,1.8729373383144967,1.7561590462580892,-0.11677829205640755
201202,2015-2017,-1.234281703830296,-1.2027417070137638,0.03153999681653219
201228,2015-2017,1.1054888056421426,1.0631603673532093,-0.04232843828893329
201229,2015-2017,1.0476519561237394,0.9753875766856936,-0.07226437943804576
201563,2015-2017,0.41985317201356204,0.009300077862689615,-0.41055309415087243
201564,2015-2017,0.9688502284331527,0.6267060103687149,-0.34214421806443784
201565,2015-2017,2.0709647079996714,1.5003932483978972,-0.5705714596017741
201566,2015-2017,5.513336449877546,4.381178092144088,-1.1321583577334575
201567,2015-2017,2.132304047115255,1.692293080402863,-0.4400109667123917
201568,2015-2017,2.791898174794254,2.2724420049456606,-0.5194561698485933
201569,2015-2017,1.932577567660489,1.1392971348222183,-0.7932804328382708
201571,2015-2017,1.4113004730951217,1.0869801000151813,-0.32432037307994044
201572,2015-2017,2.0197070534657025,1.3335865534050622,-0.6861205000606403
201573,2015-2017,0.6795930358760245,0.2904661087956472,-0.38912692708037727
201574,2015-2017,-0.816991671722786,-1.045769544969048,-0.2287778732462621
201575,2015-2017,-0.15183794871954376,-0.18902959348264173,-0.03719164476309797
201577,2015-2017,-0.27447575574904126,-0.49806492410731984,-0.22358916835827858
201578,2015-2017,0.9598773446769109,0.47327010528367586,-0.486607239393235
201579,2015-2017,-0.9242267283798313,-1.1502065062679558,-0.2259797778881245
201580,2015-2017,0.2146067436448814,-0.12117018323309822,-0.3357769268779796
201581,2015-2017,-0.22840365542999116,-0.5672506958013223,-0.33884704037133107
201582,2015-2017,-0.7501182394542413,-0.9564447268664564,-0.20632648741221515
201583,2015-2017,1.8625002609329389,1.3728663666246366,-0.4896338943083023
201584,2015-2017,1.158418697351247,0.8904347858557943,-0.26798391149545264
201585,2015-2017,-0.7359626081715571,-1.0430958062325657,-0.3071331980610086
201586,2015-2017,0.03195116030983276,-0.28818651349832847,-0.3201376738081612
201587,2015-2017,2.2836033152186443,1.9300170827194285,-0.35358623249921584
201588,2015-2017,2.494074872579112,2.072583630607951,-0.42149124197116095
201589,2015-2017,-0.030631268301668835,-0.2098813237134495,-0.17925005541178066
201593,2015-2017,0.13240381314353897,-0.33211815361337854,-0.4645219667569175
201595,2015-2017,-0.19271920518201904,-0.4369789431251352,-0.24425973794311615
201596,2015-2017,1.9708164679499152,1.4748522215020912,-0.495964246447824
201599,2015-2017,0.7429915691270101,0.25652425267853884,-0.4864673164484713
201600,2015-2017,-0.4387193668795696,-0.4934007625452095,-0.0546813956656399
201601,2015-2017,0.412973930857332,0.13486056997140441,-0.27811336088592753
201603,2015-2017,-0.2326516163324089,-0.13280185683227297,0.09984975950013594
201604,2015-2017,-0.8555069646591024,-1.0229598346487587,-0.16745286998965636
201609,2015-2017,2.683035176741386,2.3558711802587156,-0.32716399648267025
201611,2015-2017,0.26816301345381854,0.03912820807469235,-0.22903480537912618
201627,2015-2017,1.299999335454534,0.9247538535805446,-0.37524548187398943
201628,2015-2017,1.5598335476313363,1.7413170171448875,0.1814834695135512
201858,2015-2017,-0.1962737036141931,-0.23079331864306463,-0.03451961502887152
201880,2015-2017,0.19001272061497554,-0.12306881524437503,-0.31308153585935056
201933,2015-2017,3.1969221451360683,2.5080034289278017,-0.6889187162082666
201935,2015-2017,6.470781988898132,5.254410083831634,-1.2163719050664978
201936,2015-2017,1.918832671075934,1.2578998408663646,-0.6609328302095694
201937,2015-2017,1.920931883902772,1.422729475604766,-0.4982024082980061
201939,2015-2017,7.02277395022149,5.635161075819965,-1.3876128744015253
201941,2015-2017,-0.04898283590006819,-0.22216057753579715,-0.17317774163572897
201942,2015-2017,3.4902654278814893,2.7898506413202364,-0.7004147865612529
201943,2015-2017,1.6892374318877592,1.3818763519280577,-0.3073610799597015
201945,2015-2017,0.6295089707680914,0.2901209899206475,-0.3393879808474439
201946,2015-2017,0.5424464668898754,0.24863162226513785,-0.29381484462473756
201947,2015-2017,-0.5699328653853757,-0.7815299961556568,-0.21159713077028108
201948,2015-2017,0.15551447345684516,-0.0010279976006421331,-0.15654247105748728
201949,2015-2017,1.27066506861539,0.9501256362709165,-0.32053943234447346
201950,2015-2017,2.183609469616227,1.732842763915641,-0.45076670570058597
201951,2015-2017,1.5853893049209389,1.2592526808595426,-0.3261366240613963
201952,2015-2017,3.4993364995564376,2.7846541299644594,-0.7146823695919782
201954,2015-2017,2.257856992634988,1.601533297360298,-0.6563236952746898
201956,2015-2017,1.109819513793602,0.5884166025305408,-0.5214029112630612
201959,2015-2017,0.3839871452919782,0.24583422631124757,-0.13815291898073062
201960,2015-2017,1.409988568153267,1.0991864223833443,-0.3108021457699226
201961,2015-2017,1.1360666985588268,0.8396187566844195,-0.29644794187440726
201962,2015-2017,1.2104056713833315,0.9709660399564267,-0.23943963142690483
201964,2015-2017,-0.07256916577000011,-0.2890695719245949,-0.21650040615459482
201965,2015-2017,-0.7269346686336947,-0.9152169546669878,-0.1882822860332931
201967,2015-2017,-0.08754052818569502,-0.39813665435270923,-0.3105961261670142
201971,2015-2017,-1.3164916951084327,-1.3930481748762593,-0.07655647976782665
201973,2015-2017,0.6176572008694181,0.37311688912367147,-0.24454031174574664
201975,2015-2017,1.422844554103754,1.0097824656043854,-0.41306208849936854
201976,2015-2017,1.1369182130385347,0.9217785425534959,-0.2151396704850388
201977,2015-2017,1.2191126030797528,0.9358703876030134,-0.28324221547673933
201978,2015-2017,0.5069509062750811,0.2578351621061296,-0.2491157441689515
201979,2015-2017,-0.02730690770359115,-0.11649011012253604,-0.0891832024189449
201980,2015-2017,1.0789354285034267,0.8557798452385817,-0.22315558326484497
201985,2015-2017,1.0683014757075542,0.957705485039126,-0.11059599066842818
201988,2015-2017,1.5607081452506821,1.2040995598973223,-0.3566085853533598
201991,2015-2017,0.18256692641477254,-0.08332879661561221,-0.2658957230303848
202066,2015-2017,0.9167258165190703,0.6619504097498352,-0.25477540676923505
202083,2015-2017,1.50151911453742,1.1831099757371042,-0.31840913880031585
202087,2015-2017,0.4837301834343313,0.0010500046706548958,-0.48268017876367636
202130,2015-2017,0.5350150008962933,0.20682512045781118,-0.3281898804384821
202322,2015-2017,4.271508486655308,3.326894687872275,-0.944613798783033
202323,2015-2017,0.4844848115395345,0.24706463058727524,-0.23742018095225925
202324,2015-2017,1.0466476300808742,0.5486731962826715,-0.4979744337982027
202325,2015-2017,0.5620167008611052,0.2618880077096329,-0.30012869315147234
202326,2015-2017,3.293774799571568,2.0883240693156417,-1.2054507302559263
202327,2015-2017,-0.9848184821874352,-1.1177474573544206,-0.13292897516698543
202328,2015-2017,1.6397727081360052,1.0089437464228932,-0.630828961713112
202329,2015-2017,0.6758221006186711,0.3301289959440661,-0.345693104674605
202330,2015-2017,3.936286603296542,3.1811623325223928,-0.7551242707741492
202331,2015-2017,3.821229857737741,2.835322610555095,-0.985907247182646
202332,2015-2017,0.3294457616096521,0.12686760758330004,-0.20257815402635207
202333,2015-2017,-1.3988369666603253,-1.431881169742646,-0.03304420308232059
202334,2015-2017,1.1187324822369935,0.590213699543191,-0.5285187826938025
202335,2015-2017,0.8984887278607168,0.5744340698697477,-0.3240546579909691
202336,2015-2017,0.029703368378879037,-0.45138478361885764,-0.4810881519977367
202337,2015-2017,0.7104875148759696,0.11915226147299804,-0.5913352534029716
202338,2015-2017,-1.7903201024049527,-1.7952873855278395,-0.004967283122886856
202339,2015-2017,3.4648534338788792,2.611080140731878,-0.8537732931470012
202340,2015-2017,1.179659108008545,0.9586729930097899,-0.2209861149987551
202341,2015-2017,-0.3582307814146274,-0.5121276308335474,-0.15389684941892
202343,2015-2017,0.21136025684443585,0.08328222155997314,-0.1280780352844627
202344,2015-2017,0.6159846639479205,0.26280905506137475,-0.35317560888654576
202347,2015-2017,0.18266559365900156,-0.1060613645447874,-0.28872695820378896
202348,2015-2017,1.689823245664881,1.23143269566341,-0.4583905500014709
202349,2015-2017,1.142865058878598,1.0149788257029537,-0.1278862331756443
202355,2015-2017,0.07261141535407196,-0.23624996950096047,-0.30886138485503245
202357,2015-2017,0.8605957717371115,0.5934041761344304,-0.26719159560268113
202361,2015-2017,0.010568723692124703,-0.08266414859235191,-0.09323287228447662
202362,2015-2017,0.14975031339010353,-0.02753925785208487,-0.1772895712421884
202379,2015-2017,0.05677846105089701,-0.28001279364122206,-0.33679125469211907
202388,2015-2017,1.4780644963452232,1.2997321625480687,-0.17833233379715452
202389,2015-2017,-0.6790182139823813,-0.9548210191378874,-0.27580280515550615
202390,2015-2017,0.8197783292805847,0.7874263445791736,-0.032351984701411096
202391,2015-2017,1.9644890214869029,1.501861459823696,-0.46262756166320695
202397,2015-2017,1.2807905698032245,0.8557793997451757,-0.4250111700580488
202399,2015-2017,-0.1749052338229388,-0.4812170421275616,-0.3063118083046228
202412,2015-2017,-0.6220413971766318,-0.8299320146146358,-0.20789061743800408
202498,2015-2017,-0.42782304714624697,-0.6916699622839453,-0.2638469151376983
202681,2015-2017,4.674200810997961,3.9204480940271176,-0.7537527169708436
202682,2015-2017,0.8238629354088796,0.6846629532962278,-0.13919998211265172
202683,2015-2017,1.3082695279075602,0.8748001211707246,-0.43346940673683565
202684,2015-2017,0.5454875605512333,0.21615241831648277,-0.32933514223475047
202685,2015-2017,-0.12631542311480265,-0.23629817408427414,-0.1099827509694715
202687,2015-2017,-0.5694534281226643,-0.5986585817063689,-0.02920515358370457
202688,2015-2017,1.837845246495269,1.4832772853419343,-0.3545679611533348
202689,2015-2017,3.626567172933028,2.8621769151478156,-0.7643902577852124
202690,2015-2017,0.1265933514514534,-0.011594411575490488,-0.13818776302694388
202691,2015-2017,3.3541343383179942,2.1954252965779597,-1.1587090417400345
202692,2015-2017,0.5202383617551755,0.3062943708596198,-0.21394399089555566
202693,2015-2017,0.6868078413217236,0.29003594673137495,-0.3967718945903486
202694,2015-2017,0.9464796607641845,0.5382150965789292,-0.40826456418525536
202695,2015-2017,4.879462015035918,3.806695793198164,-1.0727662218377536
202696,2015-2017,1.68637032967845,1.2800020873708005,-0.40636824230764956
202697,2015-2017,0.5410373600540194,0.23370055923703575,-0.3073368008169836
202699,2015-2017,1.951581798274415,1.8233849623505054,-0.12819683592390962
202700,2015-2017,0.7096897900265269,0.4377647708098079,-0.27192501921671897
202702,2015-2017,0.6110699641257453,0.24680958953023407,-0.36426037459551125
202703,2015-2017,1.4172722467387562,0.9647607743304073,-0.4525114724083489
202704,2015-2017,2.2667579389205357,1.6834417219239306,-0.5833162169966051
202706,2015-2017,0.29669563403537436,0.27692581954840134,-0.019769814486973014
202708,2015-2017,0.26557435215943814,0.22032929883631763,-0.04524505332312051
202709,2015-2017,0.8212403940981476,0.606782165992205,-0.21445822810594262
202710,2015-2017,4.3438892005978476,3.406640362166308,-0.9372488384315396
202711,2015-2017,0.8712655474936597,0.5637338433774595,-0.30753170411620023
202713,2015-2017,-0.11246442729125498,-0.34439397211605993,-0.23192954482480493
202714,2015-2017,0.9150801165529003,0.7459494256103636,-0.16913069094253674
202718,2015-2017,1.5992642285385028,1.2439084846171502,-0.3553557439213526
202720,2015-2017,0.4083525292051478,0.10737831461510698,-0.3009742145900408
202721,2015-2017,0.5423935012205225,0.5861227815795899,0.04372928035906731
202722,2015-2017,0.9072582741711667,0.5924271385036295,-0.3148311356675372
202723,2015-2017,-1.4064555104092435,-1.477177294376498,-0.07072178396725448
202726,2015-2017,0.010949922680060425,-0.4789772977548261,-0.48992722043488657
202730,2015-2017,0.04308347773520772,-0.23540084706807907,-0.2784843248032868
202732,2015-2017,-0.08852815801354158,-0.26116690053709735,-0.17263874252355577
202734,2015-2017,0.6401987125126327,0.38621877354938644,-0.2539799389632463
202738,2015-2017,4.365142172516541,3.56276323411726,-0.802378938399281
202779,2015-2017,0.5658242376932369,0.3661927397240595,-0.19963149796917734
202962,2015-2017,-1.0382623600356384,-1.352489726469703,-0.31422736643406446
203076,2015-2017,3.1756228907222286,2.4281126270147935,-0.7475102637074351
203077,2015-2017,0.5228373274803894,0.33006279124476157,-0.1927745362356278
203078,2015-2017,2.958933969772393,2.2536018361782686,-0.7053321335941245
203079,2015-2017,0.7394918647317333,0.4176904292069067,-0.32180143552482665
203080,2015-2017,0.08899507742194708,-0.2665308543155781,-0.35552593173752517
203081,2015-2017,4.986238483720047,4.190627797542499,-0.7956106861775485
203082,2015-2017,0.9944613066597447,0.635080802227139,-0.3593805044326057
203083,2015-2017,0.7442314015214396,0.5135917533695448,-0.23063964815189486
203084,2015-2017,1.561614519195257,1.2225067930590905,-0.3391077261361666
203085,2015-2017,0.8747289047848351,0.7273780401744625,-0.1473508646103726
203086,2015-2017,0.24383151318253823,0.172500121885996,-0.07133139129654223
203087,2015-2017,1.3458589252933693,0.9944891336355489,-0.35136979165782034
203088,2015-2017,0.47126208939152053,0.40621142162706453,-0.065050667764456
203089,2015-2017,-0.44089040018690434,-0.74402543588543,-0.3031350356985257
203090,2015-2017,0.920623897096067,0.6598205697393327,-0.2608033273567343
203092,2015-2017,0.07572980103045365,-0.030197484724288702,-0.10592728575474236
203093,2015-2017,0.02060648364787716,-0.37156234766213014,-0.3921688313100073
203094,2015-2017,-0.5781464088884738,-0.764200261137414,-0.18605385224894022
203095,2015-2017,1.7995371830697955,1.5287246184955277,-0.27081256457426783
203096,2015-2017,1.5127439548891564,1.1676820531027436,-0.3450619017864127
203098,2015-2017,0.9168814945999021,0.7520684612928452,-0.16481303330705688
203100,2015-2017,1.5027392961220873,1.2310822824496814,-0.2716570136724059
203101,2015-2017,-0.1808565472156792,-0.48673555750892633,-0.30587901029324716
203103,2015-2017,-0.5379287271908596,-0.5951276795126,-0.05719895232174044
203105,2015-2017,-0.21674741273211814,-0.5502692303627967,-0.33352181763067856
203106,2015-2017,-0.005072129042617114,-0.26152884309696195,-0.25645671405434484
203107,2015-2017,-0.028168281012755137,-0.10594237648609153,-0.0777740954733364
203108,2015-2017,-0.3472908644058779,-0.6417107702997461,-0.2944199058938682
203109,2015-2017,1.4882303439947422,0.9746945054538116,-0.5135358385409305
203110,2015-2017,1.6817422888963953,1.275529812765833,-0.4062124761305623
203111,2015-2017,-0.6867555568803443,-1.0356708006815771,-0.34891524380123284
203112,2015-2017,0.1666782421598408,-0.16980268922289926,-0.33648093138274004
203113,2015-2017,-0.16700145481235934,-0.19730297937967767,-0.030301524567318328
203114,2015-2017,2.7257527020175587,2.040067569435239,-0.6856851325823197
203115,2015-2017,1.367681103322526,0.9551176576403568,-0.4125634456821692
203118,2015-2017,0.9951112488618854,0.7117593145701597,-0.28335193429172567
203121,2015-2017,-1.5238325234437742,-1.5389895392311264,-0.01515701578735218
203124,2015-2017,0.4907945165424354,0.20896392551440104,-0.2818305910280343
203133,2015-2017,-0.34283704277372057,-0.6076453229077925,-0.2648082801340719
203135,2015-2017,-0.8190914532484982,-1.0615451448296445,-0.24245369158114627
203138,2015-2017,0.6700654914411242,0.339994578694334,-0.3300709127467901
203141,2015-2017,1.0307937819078756,0.8732126618761511,-0.15758112003172453
203142,2015-2017,0.6091925216382131,0.6115184524546737,0.0023259308164605974
203143,2015-2017,2.1980770032225534,2.5523083261761093,0.35423132295355586
203144,2015-2017,2.546698919821977,1.9798338481879398,-0.5668650716340371
203145,2015-2017,0.6600928882166576,0.37573832412974406,-0.2843545640869135
203148,2015-2017,1.0732524742713498,0.9037022395735643,-0.16955023469778552
203156,2015-2017,-0.21105094398504515,-0.39928784839102216,-0.188236904405977
203186,2015-2017,-0.1455291705833644,-0.6038136978180467,-0.4582845272346823
203187,2015-2017,0.024085572346217738,-0.21377404483792667,-0.23785961718414442
203200,2015-2017,0.5923168678630363,0.3043937846134635,-0.2879230832495728
203210,2015-2017,0.18804390658596729,-0.1580896510296366,-0.3461335576156039
203315,2015-2017,-1.2213320258395854,-1.4075171587772395,-0.18618513293765404
203382,2015-2017,-0.367133300149246,-0.6143732174202126,-0.24723991727096656
203457,2015-2017,0.559575395592986,0.34787663708995864,-0.21169875850302733
203458,2015-2017,-1.1032034579450112,-1.2748320222554246,-0.1716285643104134
203459,2015-2017,0.9407125776814163,0.4585095125851172,-0.48220306509629907
203460,2015-2017,0.6109185154468979,0.4474427744796083,-0.16347574096728962
203461,2015-2017,-0.02359708561559684,-0.06469953894325411,-0.04110245332765727
203462,2015-2017,0.6530972262929933,0.6124585669116522,-0.040638659381341036
203463,2015-2017,0.8390382294790628,0.7960365892811798,-0.043001640197882995
203468,2015-2017,3.4411482416523413,2.4851158562982376,-0.9560323853541037
203469,2015-2017,0.8438655421229694,0.48649559241500046,-0.3573699497079689
203471,2015-2017,2.226229456996987,1.8998349966429444,-0.3263944603540425
203473,2015-2017,-0.48703273035243466,-0.8427576048623232,-0.35572487450988854
203476,2015-2017,0.7020608126926371,0.45089141347286654,-0.25116939921977055
203477,2015-2017,1.1206953473227301,0.7012773614023431,-0.41941798592038704
203481,2015-2017,0.0725975938155326,-0.3828935894467067,-0.4554911832622393
203482,2015-2017,1.1469249624840177,0.8533479436327808,-0.2935770188512369
203484,2015-2017,1.5506542776225696,1.2938559680260202,-0.25679830959654937
203485,2015-2017,0.02527606040662463,-0.022931903674864456,-0.048207964081489085
203486,2015-2017,1.3364418577709105,0.9070636030930632,-0.4293782546778473
203487,2015-2017,0.8048316579830057,0.2457865114894635,-0.5590451464935422
203488,2015-2017,0.5348636612822186,0.42172865636335166,-0.11313500491886697
203489,2015-2017,-0.3694581740166809,-0.2780877247867132,0.09137044922996773
203490,2015-2017,1.97465111912488,1.4005236518586657,-0.5741274672662142
203492,2015-2017,0.540030208012904,0.49352845016323676,-0.04650175784966726
203493,2015-2017,0.45257467964450926,0.26820601173602066,-0.1843686679084886
203496,2015-2017,1.2939378035759221,0.8628111013118576,-0.4311267022640646
203497,2015-2017,0.921580544799286,0.6134004551814686,-0.3081800896178174
203498,2015-2017,1.506769989906092,1.3076171727339956,-0.19915281717209643
203499,2015-2017,0.5434123822369161,0.48691707023943576,-0.05649531199748037
203500,2015-2017,0.6852902499216744,0.4671788325123769,-0.21811141740929751
203501,2015-2017,1.4942671524542743,1.2130449079613714,-0.2812222444929029
203503,2015-2017,0.2542684842664382,0.04053807715183168,-0.21373040711460656
203504,2015-2017,1.428460207659487,1.3464481079480466,-0.08201209971144041
203506,2015-2017,1.6676933369211728,1.2864731549867323,-0.3812201819344405
203507,2015-2017,3.041629405142591,2.7144098152687905,-0.3272195898738004
203512,2015-2017,-0.1485007994305317,-0.39306701242011405,-0.24456621298958234
203515,2015-2017,0.6877745897673678,0.31171099322919515,-0.3760635965381727
203516,2015-2017,0.7001108032479031,0.41021883904360334,-0.28989196420429975
203518,2015-2017,1.0665271735677497,0.8377748925388545,-0.22875228102889522
203521,2015-2017,0.5033713931010592,0.3275410505979237,-0.17583034250313545
203524,2015-2017,0.4983176133243939,0.13723140332581735,-0.36108620999857655
203526,2015-2017,0.4888015429375189,0.39527554098915196,-0.09352600194836691
203527,2015-2017,-0.0895807439205624,-0.39173206652368775,-0.3021513226031254
203530,2015-2017,0.08646901273380402,-0.04503434774807584,-0.13150336048187986
203539,2015-2017,-0.7023833573067236,-0.7198108314814681,-0.01742747417474444
203544,2015-2017,0.7812473701562613,0.7221151396879385,-0.05913223046832283
203545,2015-2017,-1.4854888484900577,-1.645387235278769,-0.15989838678871138
203546,2015-2017,0.8879346064910424,0.7293063290169906,-0.15862827747405184
203552,2015-2017,2.2640766277223277,1.526005935901207,-0.7380706918211206
203561,2015-2017,0.487400907277863,0.48540747198507683,-0.001993435292786172
203584,2015-2017,0.8412028690759301,0.4834981890253994,-0.3577046800505307
203585,2015-2017,0.5594620679218947,0.25581178883108596,-0.3036502790908087
203613,2015-2017,0.10031507319695639,-0.23303451291393412,-0.3333495861108905
203648,2015-2017,-0.8960546731367642,-0.8015794889421295,0.09447518419463474
203894,2015-2017,0.8129487481611204,0.5806490784133771,-0.2322996697477433
203895,2015-2017,-0.06337720789768127,-0.26282065290459966,-0.1994434450069184
203897,2015-2017,2.3804266979007496,2.165212936688326,-0.21521376121242364
203898,2015-2017,0.7185186096319902,0.8945229341538278,0.17600432452183756
203901,2015-2017,1.207780328810658,0.9644051902015592,-0.24337513860909887
203903,2015-2017,1.4087440904520996,1.0797465049463935,-0.3289975855057061
203914,2015-2017,2.0095202550304085,1.93147411280973,-0.07804614222067863
203915,2015-2017,0.7737703024391945,0.5327689194540688,-0.24100138298512574
203917,2015-2017,0.6630467846067802,0.5575153590503185,-0.10553142555646178
203918,2015-2017,1.5801158831014646,1.469120022262003,-0.11099586083946167
203922,2015-2017,0.45118640025334733,0.33885453084379435,-0.11233186940955298
203924,2015-2017,-0.029668093210305814,-0.24560705162735325,-0.21593895841704744
203925,2015-2017,0.28831476510020604,0.12132406426745534,-0.1669907008327507
203926,2015-2017,0.18113274056820322,-0.002572962561488723,-0.18370570312969195
203930,2015-2017,1.6852932417486843,1.3224255551983672,-0.3628676865503171
203932,2015-2017,1.6969743371596018,1.4541433120722078,-0.24283102508739396
203933,2015-2017,0.8903037824663438,0.7352538779246159,-0.15504990454172785
203935,2015-2017,1.7012093199662146,1.413666960645402,-0.2875423593208126
203937,2015-2017,0.19055242826659197,0.10943604252160329,-0.08111638574498868
203939,2015-2017,0.6542513196222022,0.23942863609368947,-0.4148226835285127
203943,2015-2017,-0.7843523743823478,-0.7904770568338502,-0.006124682451502328
203944,2015-2017,0.2450571547359765,0.25636086481282516,0.011303710076848661
203948,2015-2017,-1.4030364639234771,-1.2084621661520931,0.19457429777138402
203952,2015-2017,2.5849580027880297,2.169296440539262,-0.4156615622487676
203953,2015-2017,1.4048699032923058,1.3086868795312645,-0.09618302376104126
203954,2015-2017,2.453436581754883,1.7852871757883062,-0.6681494059665767
203957,2015-2017,0.9248204270081768,1.089273667494912,0.16445324048673515
203960,2015-2017,-0.3398590455988401,-0.5256775043587234,-0.1858184587598833
203961,2015-2017,-1.6072498166931624,-1.7654064353799412,-0.15815661868677888
203962,2015-2017,-0.937256670423819,-1.15074707447716,-0.21349040405334097
203967,2015-2017,0.9850722416171486,0.8142109958085184,-0.17086124580863016
203991,2015-2017,0.6999625683194399,0.4610998784941874,-0.23886268982525255
203994,2015-2017,-0.13225813067563363,-0.2108148057231917,-0.07855667504755806
203998,2015-2017,-0.07920208238473994,0.24174454142977897,0.3209466238145189
203999,2015-2017,4.031116988996345,3.7497105868861027,-0.2814064021102425
204001,2015-2017,1.2078474790191718,1.0651638788866826,-0.14268360013248915
204020,2015-2017,1.0875361719723613,0.718428635731066,-0.36910753624129533
204025,2015-2017,0.7488524645886468,0.46194232060106444,-0.2869101439875824
204028,2015-2017,-0.19134758695011117,-0.5474742872506535,-0.35612670030054233
204038,2015-2017,0.8715482916887479,0.6726222422864222,-0.19892604940232572
204060,2015-2017,0.9367119851689434,0.8774634587868698,-0.05924852638207356
204456,2015-2017,0.35230651248595285,0.32974374761236935,-0.022562764873583496
1626143,2015-2017,0.06803845877484037,0.013853810834598024,-0.054184647940242345
1626144,2015-2017,1.4660644160407506,1.4237929372404061,-0.04227147880034443
1626145,2015-2017,1.5224125093213137,1.5000599979521678,-0.022352511369145844
1626147,2015-2017,0.6676936321997836,0.514833231967387,-0.15286040023239666
1626149,2015-2017,0.08297321701353015,-0.039363260677029215,-0.12233647769055936
1626150,2015-2017,0.8887708618068121,0.8596959977766485,-0.029074864030163572
1626153,2015-2017,1.05736871186082,0.736763851239067,-0.320604860621753
1626155,2015-2017,1.1136234961184233,0.9567572994518612,-0.1568661966665621
1626156,2015-2017,2.912990177182713,2.713339903369802,-0.19965027381291112
1626157,2015-2017,4.018653162179843,3.5681817410638486,-0.4504714211159948
1626158,2015-2017,0.5956987900467876,0.4173416133454614,-0.17835717670132623
1626159,2015-2017,0.41684327519983827,0.5159419094622933,0.09909863426245508
1626161,2015-2017,0.47449572289067027,0.27493082775782746,-0.1995648951328428
1626162,2015-2017,0.6166308704091382,0.493332868580967,-0.12329800182817124
1626163,2015-2017,0.9856850660046288,0.6399478455221916,-0.34573722048243716
1626164,2015-2017,2.4176732075812026,2.3882216616862046,-0.029451545894997988
1626166,2015-2017,0.8654784710817027,1.0697684859450542,0.20429001486335152
1626167,2015-2017,0.7654407065824221,0.4895981464840675,-0.2758425600983546
1626168,2015-2017,0.41851154746628944,0.3970285886029663,-0.02148295886332313
1626169,2015-2017,0.39554072951062347,0.5608160469925527,0.16527531748192925
1626170,2015-2017,0.6885817116023487,0.48376416782673975,-0.20481754377560896
1626171,2015-2017,0.27354107303074277,0.3014691943510473,0.027928121320304533
1626172,2015-2017,0.9786657202563861,0.8712016874129519,-0.1074640328434342
1626174,2015-2017,0.42983955489171405,0.3963949637650815,-0.03344459112663256
1626175,2015-2017,-1.0419428718681902,-1.0804076810125522,-0.03846480914436201
1626178,2015-2017,0.70089230908254,0.5382060106930853,-0.1626862983894547
1626179,2015-2017,0.5973971597075552,0.6678163775851175,0.07041921787756222
1626181,2015-2017,0.7922209533063349,0.43911800970824466,-0.35310294359809025
1626184,2015-2017,1.448400688306861,1.2365956693419684,-0.21180501896489257
1626185,2015-2017,-1.2180908027330604,-1.189959806760963,0.02813099597209745
1626188,2015-2017,1.1154686631417288,0.9768202885471897,-0.13864837459453905
1626192,2015-2017,0.05918106037050648,0.09637310857160825,0.037192048201101766
1626195,2015-2017,0.8157101760699114,0.7327093364615118,-0.08300083960839955
1626196,2015-2017,0.5429656491735683,0.4635508321686828,-0.07941481700488545
1626202,2015-2017,0.3474552301778802,0.12513680349861073,-0.2223184266792695
1626203,2015-2017,0.25379786538552596,0.13457507612757,-0.11922278925795596
1626204,2015-2017,0.8150388797756898,0.5920929046151716,-0.22294597516051817
1626209,2015-2017,0.5810062058758519,0.6754554305686935,0.09444922469284156
1626245,2015-2017,0.7191415046528606,0.3898213411528448,-0.32932016350001586
1626246,2015-2017,1.6660702551247943,1.1377530615472675,-0.5283171935775268
1626257,2015-2017,-0.23857576604915082,-0.540573887257515,-0.30199812120836417
1627098,2015-2017,0.17683345095938546,0.03442311269340591,-0.14241033826597954
1627733,2015-2017,-0.9092616108547172,-0.7618048755454659,0.1474567353092513
1627734,2015-2017,-0.1568751607100367,-0.09084475545076924,0.06603040525926747
1627736,2015-2017,1.0613586153154255,1.0909953300130646,0.029636714697639066
1627737,2015-2017,0.6046332287834941,0.47641210279774204,-0.12822112598575208
1627738,2015-2017,-1.2737053471456332,-1.2276360142568112,0.04606933288882198
1627739,2015-2017,-0.4086391750821736,-0.3640666243244313,0.0445725507577423
1627740,2015-2017,0.054810521877599536,0.18248157277051838,0.12767105089291886
1627741,2015-2017,1.2356402843699557,1.0362355309111357,-0.19940475345881992
1627742,2015-2017,0.8058507058587064,0.7542760122390846,-0.05157469361962186
1627745,2015-2017,-1.7707063966549579,-1.648552091534216,0.12215430512074188
1627746,2015-2017,0.5569797007921651,0.5964487158601557,0.03946901506799061
1627747,2015-2017,1.631004970239299,1.5246420920668924,-0.10636287817240664
1627748,2015-2017,0.6121579454345373,0.6717141904030599,0.05955624496852263
1627749,2015-2017,0.5330714912935153,0.6773422950902496,0.1442708037967343
1627750,2015-2017,2.3883082105823243,2.334202772467065,-0.054105438115259474
1627751,2015-2017,0.49633503178794236,0.33034765251256887,-0.1659873792753735
1627752,2015-2017,0.021495481792927464,-0.14626697446808168,-0.16776245626100914
1627755,2015-2017,1.0144701939668637,1.0251059992776363,0.010635805310772684
1627756,2015-2017,0.3066051863903215,0.47519387481582614,0.16858868842550462
1627758,2015-2017,0.30436745052568537,0.16205777556528986,-0.1423096749603955
1627759,2015-2017,0.5492005085014869,0.559020824554772,0.009820316053285039
1627761,2015-2017,-0.025061555594571218,0.08617715836879865,0.11123871396336987
1627763,2015-2017,1.4088403041913138,1.0601705612482193,-0.3486697429430945
1627767,2015-2017,-0.31287195685397423,-0.24641133131374976,0.06646062554022447
1627774,2015-2017,-0.07126547221736894,-0.10508532077365687,-0.03381984855628793
1627775,2015-2017,0.9052224253165679,0.9997265184195223,0.09450409310295438
1627777,2015-2017,-0.8367468464447263,-0.7643231913720021,0.07242365507272419
1627780,2015-2017,-0.4659333591189349,-0.5793456693392801,-0.1134123102203452
1627781,2015-2017,0.2884615218457702,0.3753258901097429,0.0868643682639727
1627782,2015-2017,-0.02984924848666044,0.015683693507482478,0.045532941994142914
1627783,2015-2017,-1.1111352916550843,-1.1044361888202179,0.0066991028348664106
1627786,2015-2017,-0.029163580762030423,-0.06438309024650168,-0.035219509484471265
1627789,2015-2017,0.33651651269878197,0.23783691063806564,-0.09867960206071633
1627812,2015-2017,1.2863962537801592,1.1052949557226068,-0.18110129805755237
1627816,2015-2017,0.13318562468596654,0.11714425453572122,-0.016041370150245315
1627819,2015-2017,-0.9331014324086887,-0.7763843730497488,0.15671705935893987
1627823,2015-2017,1.2643397166793107,1.1437509227841758,-0.12058879389513488
1627826,2015-2017,0.17917691832113114,0.26042022673897375,0.08124330841784261
1627827,2015-2017,0.5284854751201731,0.2687464953399738,-0.2597389797801993
1627832,2015-2017,-0.17101241296636155,-0.2506162880610576,-0.07960387509469607
1627835,2015-2017,-0.7022066944121279,-0.5832395719766363,0.11896712243549157
1627854,2015-2017,0.0406957305748209,0.11163190560953,0.0709361750347091
1627863,2015-2017,-0.9282932815844293,-0.9108806568877801,0.01741262469664917
1627884,2015-2017,0.6761325523475354,0.6422958498078366,-0.03383670253969884
1628021,2015-2017,0.19993334257812606,-0.10264654111485136,-0.3025798836929774
1713,2018-2020,2.112610097100137,2.4846236432554925,0.37201354615535553
1717,2018-2020,3.1560918573331724,3.7196907805453234,0.563598923212151
1891,2018-2020,1.1052391848159229,1.5901804891694131,0.48494130435349025
1938,2018-2020,2.798436645124577,3.207872525963708,0.4094358808391312
2037,2018-2020,2.8575874648039594,3.2482003465221068,0.39061288171814734
2199,2018-2020,0.2897787576138183,0.5945045880349563,0.304725830421138
2200,2018-2020,2.2120895360224417,2.6267025265983106,0.41461299057586887
2207,2018-2020,1.106053974191021,1.706527283445363,0.6004733092543422
2210,2018-2020,0.6235555421933123,1.156477324349115,0.5329217821558028
2216,2018-2020,2.6911698299905233,2.924691039612753,0.23352120962222944
2225,2018-2020,2.458891124532351,2.7703337488182185,0.31144262428586744
2403,2018-2020,0.5461673289813491,0.875064774208572,0.32889744522722286
2544,2018-2020,6.976922018556634,6.833216172965169,-0.14370584559146504
2546,2018-2020,1.5523270411348584,1.805075392786188,0.2527483516513296
2548,2018-2020,2.923534289845521,3.1485723524812044,0.22503806263568338
2555,2018-2020,0.6268824826894436,1.0341358872441708,0.40725340455472725
2561,2018-2020,2.2265051350769895,2.5862295441039915,0.359724409027002
2570,2018-2020,-0.24226774746819107,-0.03696571107689258,0.2053020363912985
2585,2018-2020,1.0912012623518919,1.2654844752062158,0.1742832128543239
2594,2018-2020,2.4714295985796406,2.3265262848336574,-0.1449033137459832
2617,2018-2020,0.2520246250481016,0.7522920944079681,0.5002674693598665
2730,2018-2020,0.9443048492154317,1.1807151727926108,0.23641032357717917
2731,2018-2020,0.2798351375215301,0.5068359623504886,0.22700082482895845
2733,2018-2020,1.0996870166918176,1.329024352378222,0.22933733568640435
2734,2018-2020,2.102171602243783,2.429050882756189,0.3268792805124061
2736,2018-2020,1.2704215999338053,1.4324990097385293,0.16207740980472396
2738,2018-2020,1.4388501001079328,1.7763564432712382,0.3375063431633054
2744,2018-2020,0.5769442970390191,0.8235983050722607,0.24665400803324167
2746,2018-2020,-0.8979419556600929,-0.8257873615782122,0.07215459408188074
2747,2018-2020,0.8644305731582934,1.0174294644650521,0.1529988913067587
2749,2018-2020,1.1055196194504724,1.5109180171955492,0.4053983977450768
2754,2018-2020,-0.2157063662093363,-0.05113618140985325,0.16457018479948304
2772,2018-2020,1.9328048225969252,2.184236188939675,0.25143136634274965
2863,2018-2020,0.5840392743537376,0.9780345448494382,0.3939952704957006
101106,2018-2020,-0.9697457790659707,-0.7158070750853665,0.25393870398060425
101107,2018-2020,1.4829668101358728,1.6598470253099507,0.17688021517407782
101108,2018-2020,5.44990457034978,4.9638282193359125,-0.4860763510138675
101109,2018-2020,1.862563889815842,2.167173797517551,0.30460990770170904
101112,2018-2020,1.3700538514397524,1.4654634121002978,0.0954095606605454
101123,2018-2020,1.4612395114958212,1.4643649606932727,0.003125449197451502
101127,2018-2020,1.7522821622202642,2.041563462468641,0.28928130024837695
101133,2018-2020,-0.2095948538406936,-0.31235295196061647,-0.10275809811992287
101139,2018-2020,1.5192277012422735,1.412174707340123,-0.1070529939021505
101141,2018-2020,1.1494248672222445,1.2102658901535608,0.060841022931316324
101150,2018-2020,4.1176054377818785,3.6710359361337632,-0.44656950164811526
101161,2018-2020,0.7891321173188792,0.5992300494150166,-0.18990206790386266
101162,2018-2020,0.9084046944338462,1.263724650821858,0.35531995638801184
101181,2018-2020,1.4094106313171573,1.8189161528096887,0.4095055214925314
200746,2018-2020,3.356637882816499,3.102318831540587,-0.25431905127591214
200752,2018-2020,1.6870237460991864,1.5947242705359697,-0.09229947556321672
200755,2018-2020,4.603817181993226,4.152819721769812,-0.45099746022341414
200757,2018-2020,1.4049249980555427,1.6034419144112142,0.19851691635567148
200765,2018-2020,1.7562698783349031,2.054701495928156,0.2984316175932529
200768,2018-2020,4.233454984521844,4.055547074196442,-0.17790791032540199
200782,2018-2020,1.3020555631060906,1.4693701337424963,0.16731457063640565
200794,2018-2020,2.1795876108654757,2.3966515375053827,0.21706392663990703
200826,2018-2020,3.075441720213302,3.1864145909652026,0.11097287075190065
201142,2018-2020,6.366691668196752,5.101733909835164,-1.2649577583615876
201143,2018-2020,2.1950546193139244,2.1127035290968634,-0.082351090217061
201144,2018-2020,3.9564038387490887,3.6064204685971992,-0.3499833701518895
201145,2018-2020,1.24916849336495,1.2151193763225232,-0.03404911704242686
201147,2018-2020,0.9665238210611454,1.0765167959789004,0.10999297491775495
201148,2018-2020,0.3743244864524516,0.23341157149589392,-0.14091291495655767
201149,2018-2020,0.9811631050285932,1.3219081410406934,0.34074503601210027
201152,2018-2020,1.4221398297841732,1.4224664551755448,0.0003266253913716266
201156,2018-2020,1.4056573612549221,1.55350251947357,0.14784515821864797
201158,2018-2020,2.140552435319576,2.168398744500798,0.027846309181222217
201160,2018-2020,-0.4312724065912863,-0.41480730341387434,0.016465103177411955
201162,2018-2020,0.5914457381293616,0.9040938949628963,0.31264815683353464
201163,2018-2020,0.6422495126325577,0.6885187219591226,0.046269209326564864
201166,2018-2020,0.7307497299639779,0.9255746835858435,0.19482495362186558
201167,2018-2020,-0.3892247540882763,-0.08232578188010024,0.306898972208176
201177,2018-2020,-0.8991154128320786,-0.7780946594976538,0.12102075333442486
201188,2018-2020,2.3989934381872007,2.4627920776403625,0.06379863945316178
201196,2018-2020,1.163352946278223,1.273040433304873,0.10968748702664999
201229,2018-2020,1.2163638351065225,1.3050930063740793,0.08872917126755686
201563,2018-2020,0.4782758944852185,0.09015061441572805,-0.38812528006949043
201565,2018-2020,2.38073108969828,2.0362496303265907,-0.34448145937168917
201566,2018-2020,4.176009768768763,3.598446490680498,-0.5775632780882649
201567,2018-2020,2.825162942962218,2.480648482971454,-0.3445144599907639
201568,2018-2020,3.617046225971685,3.07805235829802,-0.538993867673665
201569,2018-2020,1.6886389690631898,1.276872590076678,-0.4117663789865118
201571,2018-2020,3.1032056671697026,2.570426486789232,-0.5327791803804707
201572,2018-2020,1.1419395451978531,0.8815664850345295,-0.2603730601633236
201573,2018-2020,0.24654768108220243,0.171668281398737,-0.07487939968346544
201577,2018-2020,0.09654719682990431,0.023624916739795842,-0.07292228009010847
201578,2018-2020,0.5845279625062364,0.3236711165547982,-0.2608568459514382
201580,2018-2020,0.5017657384356757,0.40525887452122156,-0.09650686391445418
201583,2018-2020,0.8137947398285158,0.7853530601188862,-0.02844167970962963
201584,2018-2020,1.8617712998216267,1.9064541934314945,0.04468289360986777
201585,2018-2020,0.8387955607866802,0.5868420559000269,-0.25195350488665325
201586,2018-2020,0.7966358183972104,0.24895947388327447,-0.547676344513936
201587,2018-2020,1.5138029654033978,1.4480514473148536,-0.06575151808854418
201588,2018-2020,1.844135430823305,2.0376311124146733,0.1934956815913682
201589,2018-2020,-0.03598728702212946,-0.017673183775698553,0.018314103246430905
201596,2018-2020,0.9161762441916244,0.772582146136217,-0.14359409805540735
201599,2018-2020,0.823864948483379,0.6830500640788472,-0.14081488440453183
201600,2018-2020,-1.4786333986669646,-1.362528839139087,0.11610455952787757
201601,2018-2020,0.526870355582903,0.5736367230151114,0.04676636743220841
201609,2018-2020,2.9535182420263526,2.837086975413782,-0.11643126661257064
201628,2018-2020,0.9813487698969532,1.192225886917909,0.2108771170209558
201933,2018-2020,3.6059033020566273,3.070259700823761,-0.5356436012328665
201935,2018-2020,6.489530520807723,5.4811537214718395,-1.0083767993358839
201936,2018-2020,2.2949544573115936,1.8033242059812111,-0.4916302513303825
201937,2018-2020,2.140643087145345,1.6149819424547132,-0.5256611446906319
201939,2018-2020,7.019513163553638,5.805227446991607,-1.2142857165620313
201942,2018-2020,3.592596751354601,2.97258854942102,-0.6200082019335813
201943,2018-2020,0.6662345241175386,0.43494909567263446,-0.23128542844490413
201949,2018-2020,1.2490859106496248,1.284964208239742,0.03587829759011707
201950,2018-2020,2.633247780691739,2.1144899609430863,-0.5187578197486529
201952,2018-2020,2.460358158539044,2.2565910957724884,-0.20376706276655554
201954,2018-2020,2.877608610169348,2.2701265136347972,-0.6074820965345507
201956,2018-2020,0.6843318153157435,0.5335718574591415,-0.150759957856602
201959,2018-2020,1.16419019274979,1.3944583480464554,0.23026815529666544
201960,2018-2020,1.63167325046639,1.67313460363263,0.04146135316624
201961,2018-2020,1.583883264680444,1.4925148187866637,-0.09136844589378024
201967,2018-2020,0.6091700476507493,0.6037459395557329,-0.005424108095016478
201973,2018-2020,0.9019282506582543,0.927951409882738,0.026023159224483727
201975,2018-2020,1.707042036639536,1.5067931976705182,-0.2002488389690178
201976,2018-2020,0.9528323229147813,0.8736488641930518,-0.0791834587217295
201980,2018-2020,1.435259585400927,1.4239004593860132,-0.011359126014913734
201988,2018-2020,1.6656444779824002,1.394588722534194,-0.27105575544820626
202066,2018-2020,1.336086625076203,1.4771470293742817,0.14106040429807876
202083,2018-2020,1.5693919256875404,1.568791112457335,-0.0006008132302053326
202322,2018-2020,2.6598683883109,2.0473553034346756,-0.6125130848762241
202323,2018-2020,0.286325745125965,0.2636684651577033,-0.022657279968261668
202324,2018-2020,1.057873397672459,0.7442093233253975,-0.31366407434706156
202325,2018-2020,0.3098353462310499,0.22389071374163722,-0.0859446324894127
202326,2018-2020,2.622039667219295,1.9555979115452211,-0.6664417556740738
202327,2018-2020,0.47347200807263484,0.3609131395300039,-0.11255886854263092
202328,2018-2020,1.1319488109826694,0.7567880075830675,-0.3751608033996019
202329,2018-2020,0.730982229553377,0.47652958232553655,-0.25445264722784044
202330,2018-2020,1.9219925546001495,1.6683961203579911,-0.2535964342421584
202331,2018-2020,3.6291084103859603,2.8293989274990254,-0.7997094828869349
202332,2018-2020,-0.4056792538795406,-0.5500122850169948,-0.14433303113745422
202334,2018-2020,0.1807871435074893,0.03961934343045428,-0.14116780007703503
202335,2018-2020,0.6786082258806078,0.6351174660132435,-0.04349075986736428
202337,2018-2020,0.481571910664955,0.4227480237839075,-0.058823886881047505
202339,2018-2020,2.6176413900799917,2.269655463492069,-0.3479859265879228
202340,2018-2020,0.46850924595547505,0.27527643742784463,-0.19323280852763042
202344,2018-2020,0.9115607062661415,0.6806628838540287,-0.23089782241211276
202347,2018-2020,0.34335705137689004,0.182349842636324,-0.16100720874056604
202348,2018-2020,0.9737076299843105,0.6546899529835848,-0.3190176770007257
202355,2018-2020,0.5871555034128851,0.15948344930464153,-0.4276720541082436
202357,2018-2020,1.5924454191602369,1.3805013048619519,-0.21194411429828497
202362,2018-2020,0.8672547506294709,0.5538170787854555,-0.3134376718440154
202379,2018-2020,-1.0745487144448664,-1.039269888386418,0.035278826058448454
202389,2018-2020,-0.872225911093113,-0.8851315126352611,-0.012905601542148148
202391,2018-2020,1.8398742835789803,1.5402166858667008,-0.2996575977122795
202397,2018-2020,1.098134026972546,0.9800368195072344,-0.1180972074653115
202498,2018-2020,-0.3420283287178155,-0.39365051904494586,-0.051622190327130335
202681,2018-2020,5.940826380070246,5.00756699355069,-0.9332593865195555
202682,2018-2020,-0.9363185828524669,-0.9663242756731154,-0.030005692820648466
202683,2018-2020,0.5691214756221122,0.33508956957595465,-0.2340319060461576
202684,2018-2020,0.5406008602392548,0.19490639155854078,-0.345694468680714
202685,2018-2020,1.6035166732382198,0.8776029387605488,-0.7259137344776709
202687,2018-2020,-0.6614758889454202,-0.873574946103874,-0.21209905715845379
202688,2018-2020,0.7306960572843193,0.34759323346104576,-0.38310282382327354
202689,2018-2020,4.295573169975174,3.7413203016465957,-0.5542528683285779
202690,2018-2020,0.5548829751507558,0.39027040274187325,-0.16461257240888255
202691,2018-2020,3.404876310429901,2.168906707076092,-1.235969603353809
202692,2018-2020,1.6259418511110215,1.1579081712511134,-0.46803367985990807
202693,2018-2020,0.7901490466294591,0.5067153731101425,-0.2834336735193166
202694,2018-2020,1.31417341169889,0.9375012816971331,-0.3766721300017568
202695,2018-2020,5.764032563538278,4.6729735967654245,-1.0910589667728532
202696,2018-2020,2.389746753831713,1.7889066827791726,-0.6008400710525406
202697,2018-2020,0.6266376482708631,0.48035205711712947,-0.14628559115373363
202699,2018-2020,2.3578526392485313,1.5958917089054332,-0.7619609303430981
202700,2018-2020,-0.007374656566998916,-0.3069608962676188,-0.29958623970061987
202702,2018-2020,0.42444228504864007,0.22223645561509206,-0.202205829433548
202703,2018-2020,1.8201569642826534,1.2775778655148886,-0.5425790987677648
202704,2018-2020,2.130915441710135,1.6973171795356976,-0.4335982621744374
202705,2018-2020,1.4733480715755571,1.1817539429435946,-0.29159412863196255
202709,2018-2020,0.4177641953320407,0.19496252715744464,-0.22280166817459604
202710,2018-2020,4.25700340914612,3.7015163935439204,-0.5554870156021994
202711,2018-2020,2.4473273581594053,1.8878629108449547,-0.5594644473144506
202713,2018-2020,-0.3820293608205677,-0.4801681250085966,-0.09813876418802892
202714,2018-2020,0.6321583306259184,0.4619035515858025,-0.17025477904011593
202718,2018-2020,1.0024922812021682,0.8471876743901261,-0.15530460681204206
202720,2018-2020,-0.8664375948816145,-0.8100289783561895,0.05640861652542506
202722,2018-2020,1.9237301670083755,0.9147987568995852,-1.0089314101087903
202732,2018-2020,-0.480491354202156,-0.5587850081351413,-0.07829365393298532
202734,2018-2020,1.324120286111621,0.9688663317192099,-0.35525395439241114
202738,2018-2020,1.6509432604944496,1.5247756160092942,-0.12616764448515538
202933,2018-2020,-0.1864073812604846,-0.35192619585443685,-0.16551881459395226
202951,2018-2020,1.164555665337095,1.2661941340540785,0.10163846871698357
202954,2018-2020,1.0724823351651498,0.6889541777212456,-0.3835281574439042
203076,2018-2020,3.597727869046931,2.647761446041259,-0.9499664230056721
203077,2018-2020,0.09262217988172314,-0.12001313306863699,-0.21263531295036014
203078,2018-2020,4.689709058269086,3.99432896141668,-0.6953800968524062
203079,2018-2020,0.9654873614264844,0.4934426089302841,-0.4720447524962003
203081,2018-2020,6.012121733581695,5.0247100579841,-0.9874116755975955
203082,2018-2020,1.9027075242186555,1.4178615838779287,-0.4848459403407268
203083,2018-2020,1.1530313588903631,0.5293939897189835,-0.6236373691713796
203084,2018-2020,1.5044062787710806,1.2272440465544432,-0.2771622322166374
203085,2018-2020,0.7531038892280411,0.4537164631888452,-0.2993874260391959
203086,2018-2020,0.9676277645311533,0.4052463120170072,-0.5623814525141461
203087,2018-2020,1.6447933524790563,1.1244553703221112,-0.5203379821569452
203089,2018-2020,0.3814703905906599,0.1681137890659094,-0.2133566015247505
203090,2018-2020,0.38376483411874496,0.1884432634615647,-0.19532157065718025
203092,2018-2020,-0.10469938183232078,-0.3188810566542226,-0.21418167482190184
203093,2018-2020,0.07453838407371446,-0.16967288658958832,-0.24421127066330278
203095,2018-2020,1.9804181666503322,1.3795380570079412,-0.600880109642391
203098,2018-2020,0.23427721433117146,0.18641448847554018,-0.04786272585563128
203101,2018-2020,-0.4515269745780078,-0.5437954823490203,-0.09226850777101253
203104,2018-2020,-0.6397438015907664,-0.729103755536548,-0.08935995394578167
203107,2018-2020,1.0288844703829516,0.8731148476766493,-0.15576962270630235
203109,2018-2020,1.1641690453440938,0.8564901729997514,-0.30767887234434244
203110,2018-2020,1.1609326324952545,1.105917705479357,-0.0550149270158975
203112,2018-2020,0.04953333549436554,-0.13485038465530721,-0.18438372014967275
203114,2018-2020,3.3043640180960816,2.5533865393868096,-0.750977478709272
203115,2018-2020,1.4567523355680065,1.1260922457110722,-0.3306600898569343
203118,2018-2020,0.4617942625515328,0.4865408636327816,0.02474660108124882
203121,2018-2020,0.65768816308704,0.34228636560784176,-0.3154017974791983
203124,2018-2020,0.4339164596020174,0.23688328283352109,-0.19703317676849633
203141,2018-2020,1.278669811274526,1.3856542489454617,0.10698443767093568
203145,2018-2020,1.004031159525471,0.7070015888285143,-0.2970295706969567
203186,2018-2020,-0.4454876062145935,-0.7167602735744028,-0.27127266735980926
203200,2018-2020,1.2468268206458921,1.112043340949778,-0.13478347969611404
203210,2018-2020,0.12758194501764925,-0.05025799845242431,-0.17783994347007356
203382,2018-2020,-0.3695700500640893,-0.22701216202550603,0.14255788803858324
203457,2018-2020,0.6486511441720707,0.3521310140249403,-0.2965201301471304
203458,2018-2020,0.4392217344962244,0.26156988924866725,-0.17765184524755717
203459,2018-2020,0.7332961430174675,0.4097148163249858,-0.3235813266924817
203460,2018-2020,0.2431819730987969,0.08840395551949368,-0.15477801757930323
203463,2018-2020,0.9136637386807049,0.6620920972309619,-0.2515716414497431
203468,2018-2020,2.563525321504406,1.9803200611647043,-0.5832052603397018
203469,2018-2020,1.0943834675314654,0.7441566024471745,-0.3502268650842909
203471,2018-2020,1.5147518319969426,1.0459867499464885,-0.4687650820504541
203473,2018-2020,0.29263621498983655,0.04507066026524611,-0.24756555472459044
203476,2018-2020,0.673819026731462,0.34897815272966853,-0.32484087400179346
203477,2018-2020,0.4347889564004984,0.055425237990309274,-0.3793637184101891
203481,2018-2020,-0.6797511016366887,-0.863342288701429,-0.1835911870647403
203482,2018-2020,1.4568209971788284,1.1510535609782753,-0.30576743620055313
203484,2018-2020,1.369350734537092,0.9989998239430744,-0.3703509105940177
203485,2018-2020,-0.12362025669746117,-0.23969937787536594,-0.11607912117790477
203486,2018-2020,0.9239582513906702,0.7134633346791948,-0.21049491671147547
203487,2018-2020,0.4109808062418823,0.1449465002893499,-0.2660343059525324
203488,2018-2020,0.7738647447123057,0.5453398163783956,-0.22852492833391014
203489,2018-2020,-1.4310624554788496,-1.418529405752382,0.012533049726467516
203490,2018-2020,2.312327059929089,1.5692980501029408,-0.7430290098261483
203493,2018-2020,1.1021193170129384,0.7477065677279596,-0.3544127492849788
203496,2018-2020,1.2623054161327878,0.9447574549727721,-0.3175479611600157
203497,2018-2020,1.4916960391135294,0.6994904625285724,-0.792205576584957
203498,2018-2020,0.31423218870083025,-0.007066450063130813,-0.3212986387639611
203499,2018-2020,0.11399363763619914,-0.04647805269548846,-0.1604716903316876
203500,2018-2020,1.4433537912901842,1.0901453702249162,-0.35320842106526795
203501,2018-2020,1.9801375107111654,1.5206309825826638,-0.45950652812850157
203503,2018-2020,0.44990860757462825,0.1584445128965974,-0.29146409467803086
203504,2018-2020,1.7934349905817328,1.3869126866234278,-0.406522303958305
203506,2018-2020,3.3105406736437337,2.6620520465267803,-0.6484886271169534
203507,2018-2020,5.44701031796638,4.7630736323108795,-0.6839366856555005
203512,2018-2020,-0.06736180570167635,-0.3393598453276475,-0.27199803962597113
203516,2018-2020,0.7859108477781419,0.5227114817801792,-0.2631993659979627
203518,2018-2020,0.5446263292115089,0.48606987618752306,-0.05855645302398582
203521,2018-2020,0.18162072725953143,0.11426975833770445,-0.06735096892182699
203524,2018-2020,0.3905761545945011,0.2181952010242632,-0.17238095357023792
203526,2018-2020,0.5517461251247323,0.35944772699806343,-0.19229839812666888
203530,2018-2020,0.5005151343511256,0.293832036158916,-0.2066830981922096
203546,2018-2020,0.0821763159614341,-0.0029589814423168215,-0.08513529740375092
203552,2018-2020,1.6598849997792127,0.7817948607047667,-0.878090139074446
203584,2018-2020,0.6765450048059319,0.4936257445125298,-0.18291926029340216
203585,2018-2020,0.36809253035824396,0.1783801155246083,-0.18971241483363566
203613,2018-2020,0.683520069142937,0.3324447963650955,-0.35107527277784145
203648,2018-2020,0.331274445848689,0.04566750808073862,-0.2856069377679504
203894,2018-2020,1.6331409298780681,1.3158679970169436,-0.31727293286112457
203895,2018-2020,1.0562093961739343,0.7513883981217043,-0.30482099805222995
203897,2018-2020,2.910910825966332,2.416363383681441,-0.4945474422848912
203898,2018-2020,0.10624006027269321,0.20284080016780445,0.09660073989511124
203900,2018-2020,-0.4868774225072194,-0.5867654541582612,-0.09988803165104182
203901,2018-2020,0.679583389140747,0.46181299659068387,-0.21777039255006314
203903,2018-2020,2.046426000678919,1.5269657892669761,-0.5194602114119429
203914,2018-2020,1.598627384101225,1.2155973377504765,-0.38303004635074855
203915,2018-2020,2.2324518554153023,1.670091342798608,-0.5623605126166944
203917,2018-2020,0.4825126070881495,0.2900200674121508,-0.19249253967599872
203918,2018-2020,1.4441418651671811,0.8857946346212658,-0.5583472305459153
203920,2018-2020,0.6899296131085594,0.35716868866305723,-0.33276092444550215
203922,2018-2020,0.9619042553396877,0.7239380455796203,-0.23796620976006744
203923,2018-2020,-0.20467483888034516,0.09191820649490559,0.2965930453752508
203924,2018-2020,0.5172794723582173,0.048905689244661016,-0.46837378311355626
203925,2018-2020,1.671440003388503,0.7617317101203674,-0.9097082932681356
203926,2018-2020,0.45498570678421507,0.04275682407105661,-0.41222888271315844
203930,2018-2020,1.02260157763251,0.7430012460342414,-0.27960033159826847
203932,2018-2020,1.212366439742104,0.9234210145796311,-0.2889454251624728
203933,2018-2020,1.7436415319838694,1.1571457630154716,-0.5864957689683978
203935,2018-2020,1.362124340093158,1.071102634675377,-0.29102170541778105
203937,2018-2020,0.8173143832928226,0.5817911260486585,-0.23552325724416412
203939,2018-2020,1.2319425255603225,0.7762382123388895,-0.455704313221433
203940,2018-2020,-0.09648127336567411,-0.4078147729923888,-0.31133349962671464
203943,2018-2020,0.5744211535745003,0.5094493368566384,-0.0649718167178619
203944,2018-2020,1.767402197132355,1.354429357775651,-0.41297283935670404
203948,2018-2020,-0.39077660500149103,-0.6194248068646738,-0.2286482018631828
203949,2018-2020,-0.776805991228888,-0.8941309045025992,-0.1173249132737112
203952,2018-2020,1.5646856612321265,1.0719029873553647,-0.4927826738767618
203953,2018-2020,0.829537755974,0.4323758547395804,-0.39716190123441963
203954,2018-2020,2.9166804257540733,2.1047657522662813,-0.811914673487792
203957,2018-2020,0.22208573657746014,0.20231828781728217,-0.01976744876017797
203960,2018-2020,-0.26566205120849823,-0.5045260970816553,-0.23886404587315707
203967,2018-2020,1.37332970374479,1.1213172696666847,-0.25201243407810536
203991,2018-2020,0.754802198843805,0.18798272650708403,-0.5668194723367209
203992,2018-2020,1.6943393156516589,1.2829834699630782,-0.41135584568858063
203994,2018-2020,1.0629552836456315,0.46627122005076405,-0.5966840635948675
203999,2018-2020,5.689837048277742,4.994191586488538,-0.6956454617892041
204001,2018-2020,1.7563191812368586,1.3121520475701334,-0.4441671336667252
204020,2018-2020,0.966305174916581,0.6515348057948186,-0.3147703691217624
204025,2018-2020,-0.08469379056852769,-0.17165177339615953,-0.08695798282763184
204028,2018-2020,-0.5884174573152937,-0.810671366637773,-0.22225390932247924
204037,2018-2020,-0.43121752723759166,-0.6874983240931662,-0.2562807968555746
204038,2018-2020,1.2385259789491263,0.9827843913796066,-0.2557415875695197
204060,2018-2020,2.5054439533947983,2.0840804901484704,-0.4213634632463279
204456,2018-2020,1.0481738769592794,0.9056617390520854,-0.14251213790719408
1626143,2018-2020,-0.5624603464311628,-0.668740155441181,-0.10627980901001821
1626144,2018-2020,0.7219229390797649,0.5329250015516631,-0.1889979375281018
1626145,2018-2020,1.0485874251815737,0.8847633577793752,-0.16382406740219846
1626147,2018-2020,0.3647713804643076,0.10652062940617732,-0.25825075105813033
1626148,2018-2020,-0.6623453482323363,-0.7270790130136013,-0.06473366478126508
1626149,2018-2020,1.15450139252592,0.48405220463725807,-0.6704491878886619
1626150,2018-2020,0.7684913909320308,0.8047497632948659,0.036258372362835134
1626153,2018-2020,1.1087729271130515,0.816834322245582,-0.2919386048674696
1626154,2018-2020,1.014684910638742,0.5356161207266668,-0.47906878991207535
1626155,2018-2020,0.4425353653264999,0.22052989275802667,-0.22200547256847322
1626156,2018-2020,3.6023204209290056,3.060093347986429,-0.5422270729425764
1626157,2018-2020,4.544564139296474,3.998392144613446,-0.5461719946830281
1626158,2018-2020,0.5801884391535167,0.277622282440607,-0.3025661567129097
1626159,2018-2020,0.6686841606248497,0.5792006646333452,-0.08948349599150451
1626161,2018-2020,0.9767763588339063,0.6030889773878186,-0.3736873814460877
1626162,2018-2020,1.1692384347947153,0.858027307349853,-0.31121112744486235
1626163,2018-2020,1.1396169692588995,0.8712634027434965,-0.2683535665154031
1626164,2018-2020,4.900875644515115,4.795777430958287,-0.10509821355682814
1626166,2018-2020,0.8421128920214072,0.7210313496227259,-0.1210815423986813
1626167,2018-2020,0.49922709722861713,0.22200445026945065,-0.2772226469591665
1626168,2018-2020,0.9000416289823135,0.7496148977919163,-0.1504267311903973
1626169,2018-2020,0.9827008816632492,0.8636698133354443,-0.11903106832780486
1626170,2018-2020,0.8957918291912705,0.5824303535206158,-0.31336147567065475
1626171,2018-2020,0.9262331891321318,0.5709428159743587,-0.3552903731577731
1626172,2018-2020,1.4177713040256603,1.2501895254288564,-0.1675817785968039
1626173,2018-2020,1.054344592099169,1.1541446818761518,0.09980008977698285
1626174,2018-2020,1.8745190919196326,1.172872150693848,-0.7016469412257846
1626178,2018-2020,0.4936499304958114,0.11183924112751606,-0.3818106893682953
1626179,2018-2020,1.5141366932394174,1.163226079553113,-0.3509106136863043
1626181,2018-2020,1.1015086284698092,0.7514299078439952,-0.350078720625814
1626184,2018-2020,0.27133409435025724,-0.010110705903039474,-0.2814448002532967
1626185,2018-2020,-1.0235270479942753,-1.1307143371899906,-0.1071872891957153
1626191,2018-2020,-0.534249850694114,-0.5968810306939553,-0.06263117999984125
1626192,2018-2020,0.4501410652536883,0.22596083641692558,-0.22418022883676272
1626195,2018-2020,0.8511967374579796,0.5867066272473237,-0.26449011021065594
1626196,2018-2020,1.5522777121008182,1.142911237490178,-0.40936647461064024
1626199,2018-2020,-0.6668565935990187,-0.8531366429354648,-0.18628004933644604
1626202,2018-2020,0.07696343217333317,-0.19640463439414504,-0.2733680665674782
1626204,2018-2020,1.4161588448980122,1.008741163228863,-0.40741768166914927
1626209,2018-2020,0.7440134876290678,0.506097359633842,-0.23791612799522588
1626210,2018-2020,0.1110935679842685,-0.12827476089787868,-0.23936832888214718
1626220,2018-2020,0.4302272856886427,0.24760616640895164,-0.18262111927969107
1626224,2018-2020,1.0206300153519512,0.7269013705755648,-0.2937286447763864
1626245,2018-2020,-0.03847023987062227,-0.2510705899350337,-0.21260035006441141
1626246,2018-2020,1.1170013952001123,0.6681516843105472,-0.44884971088956516
1626257,2018-2020,0.2537040132150428,0.19257115994247634,-0.061132853272566484
1627098,2018-2020,0.2829766249807167,0.05733275595648396,-0.22564386902423272
1627362,2018-2020,-0.01619164687604633,-0.1079037368848613,-0.09171209000881497
1627732,2018-2020,2.318466906433783,2.256346538257579,-0.06212036817620392
1627733,2018-2020,0.2791266253084293,0.6402844883362049,0.3611578630277756
1627734,2018-2020,1.238353348977223,1.1160990602026142,-0.12225428877460875
1627735,2018-2020,-0.15455101501542864,-0.20713552588063577,-0.05258451086520713
1627736,2018-2020,1.543754806409836,1.4172380219978933,-0.1265167844119428
1627737,2018-2020,0.3733439305081403,0.3311566940116264,-0.0421872364965139
1627739,2018-2020,0.319787476797971,0.02200873902602517,-0.2977787377719458
1627741,2018-2020,2.777656192647162,1.8402688876026203,-0.9373873050445418
1627742,2018-2020,2.5413747995182168,2.3142494432348553,-0.2271253562833615
1627745,2018-2020,0.05441488415404555,-0.24312386427332297,-0.2975387484273685
1627746,2018-2020,-0.4771544485162723,-0.4215596764420758,0.0555947720741965
1627747,2018-2020,1.3092221707937568,0.8718803290356757,-0.4373418417580811
1627748,2018-2020,0.2763521202620459,0.3390272813672838,0.06267516110523785
1627749,2018-2020,1.0471280363675597,0.9636947812264152,-0.08343325514114452
1627750,2018-2020,3.4735944468627977,3.1062073561564953,-0.3673870907063024
1627751,2018-2020,1.4086783900660003,1.2596522580107854,-0.14902613205521487
1627752,2018-2020,1.2853714644686554,0.9082106895676606,-0.37716077490099476
1627755,2018-2020,0.5317394127419236,0.3055422856430154,-0.2261971270989082
1627756,2018-2020,1.29749925213073,1.038322191951805,-0.25917706017892495
1627758,2018-2020,-0.377268292428499,-0.4897018723148222,-0.11243357988632319
1627759,2018-2020,1.5065043287390403,1.2928714905398888,-0.21363283819915146
1627761,2018-2020,0.31789566818678583,0.21605551635874973,-0.1018401518280361
1627763,2018-2020,1.8079211216037965,1.4971373238868568,-0.31078379771693965
1627770,2018-2020,-0.03269454971792901,-0.24133409013521162,-0.2086395404172826
1627774,2018-2020,0.29721112785140147,0.034774816902024754,-0.2624363109493767
1627775,2018-2020,0.0390264809519865,0.09976239314334233,0.06073591219135583
1627777,2018-2020,1.0278967864927715,0.7693262286376218,-0.2585705578551497
1627780,2018-2020,0.13337938478122266,-0.11152246117950329,-0.24490184596072595
1627783,2018-2020,1.5785590743049236,1.1994101955146361,-0.37914887879028747
1627785,2018-2020,0.015599841506620204,0.00280965248036949,-0.012790189026250714
1627786,2018-2020,0.2600168234540848,-0.02271844195116537,-0.2827352654052501
1627788,2018-2020,1.8326474524738174,1.7162837879120723,-0.11636366456174518
1627789,2018-2020,0.02488913268251016,-0.014126292693101325,-0.039015425375611486
1627812,2018-2020,0.8590362430443553,0.5344877797735653,-0.32454846327079
1627814,2018-2020,1.1338242856432774,0.764944430207321,-0.36887985543595647
1627823,2018-2020,0.48753845985813776,0.35569796934941883,-0.13184049050871893
1627824,2018-2020,0.5857573577440088,0.5726314290885965,-0.013125928655412289
1627826,2018-2020,0.11914702149499994,0.18909249320553892,0.06994547171053898
1627827,2018-2020,0.9806830240982982,0.6622367717167281,-0.3184462523815701
1627832,2018-2020,1.8615484988466924,1.2718001403778862,-0.5897483584688061
1627834,2018-2020,0.055412033035902274,0.371541380292529,0.3161293472566267
1627835,2018-2020,-0.29545452220505564,-0.352239456124941,-0.05678493391988537
1627846,2018-2020,-0.04287177939085155,-0.3339929701351216,-0.29112119074427
1627851,2018-2020,-1.2177482173441114,-1.2425888045304396,-0.0248405871863282
1627852,2018-2020,-0.9019049106396413,-0.8334521502274551,0.06845276041218618
1627853,2018-2020,0.6828674693639785,0.5221274360658377,-0.1607400332981408
1627854,2018-2020,1.2987177284849873,0.6803807645070428,-0.6183369639779446
1627855,2018-2020,0.09820552726669972,-0.11378254467467822,-0.21198807194137792
1627863,2018-2020,0.8819470429321908,0.5616494621971787,-0.32029758073501213
1627884,2018-2020,0.6467118791706256,0.5623548770102118,-0.08435700216041375
1627885,2018-2020,0.44774987093960716,0.23137517192816745,-0.21637469901143971
1627936,2018-2020,0.2872408444026334,0.12916262904561068,-0.15807821535702274
1628021,2018-2020,0.36903684253800945,0.07845433881893485,-0.29058250371907457
1628035,2018-2020,-0.2602589941383268,-0.4026405661006048,-0.14238157196227796
1628365,2018-2020,1.0515902044892405,0.9885755735314564,-0.06301463095778403
1628366,2018-2020,1.7149394160656328,1.9554630828889301,0.2405236668232973
1628367,2018-2020,0.7436251550625792,0.34441496528940274,-0.39921018977317646
1628368,2018-2020,2.9002695914697445,2.656449155513562,-0.24382043595618264
1628369,2018-2020,3.117278803669434,2.835183223495634,-0.2820955801738001
1628370,2018-2020,1.3126821380276612,1.305647857213157,-0.007034280814504301
1628371,2018-2020,0.5838944274743052,0.5750264354470089,-0.008867992027296268
1628372,2018-2020,1.92815587894601,1.9515605315185574,0.023404652572547313
1628373,2018-2020,0.8634808459407349,1.1336344640467453,0.27015361810601035
1628374,2018-2020,1.9980814772415703,1.793375133666156,-0.20470634357541417
1628378,2018-2020,3.9537253412197764,3.5568179443282637,-0.39690739689151266
1628379,2018-2020,1.7307623244263126,1.361056651023928,-0.3697056734023847
1628380,2018-2020,-0.35573006768014415,-0.12716417346901415,0.22856589421113
1628381,2018-2020,1.507892337828327,1.3890746571243715,-0.1188176807039556
1628382,2018-2020,0.3618397961278069,0.5113047642150047,0.14946496808719778
1628383,2018-2020,0.10057643461136752,0.16807263110833884,0.06749619649697132
1628384,2018-2020,1.311616797499791,1.3695322527008291,0.057915455201038135
1628385,2018-2020,0.4797951952204521,0.31877149546995537,-0.16102369975049674
1628386,2018-2020,0.7431380770210887,0.6226274238773477,-0.12051065314374099
1628389,2018-2020,1.860405253959921,1.6906383903978308,-0.16976686356209014
1628391,2018-2020,0.0033033679965369933,0.058744541957539934,0.05544117396100294
1628392,2018-2020,0.3657926833351411,0.572066193242047,0.2062735099069059
1628396,2018-2020,0.6452166071825683,0.6237671430301311,-0.021449464152437203
1628398,2018-2020,0.9010609967310016,0.7344514260993952,-0.16660957063160642
1628400,2018-2020,-0.03237796612212942,-0.12845938009805852,-0.09608141397592909
1628401,2018-2020,1.43797985476545,1.0918067182108397,-0.34617313655461035
1628402,2018-2020,0.1585756919329793,0.41440195669317853,0.2558262647601992
1628404,2018-2020,1.104449126748174,0.8121601662886295,-0.29228896045954444
1628407,2018-2020,-0.45202498401789304,-0.436003313187598,0.016021670830295043
1628408,2018-2020,0.4760482028479426,0.4888875888828716,0.012839386034929012
1628410,2018-2020,0.016119228216865296,-0.14895881916474454,-0.16507804738160983
1628411,2018-2020,0.09525491528084336,-0.045801172541236,-0.14105608782207935
1628415,2018-2020,0.5894286602307414,0.46197439679025426,-0.1274542634404871
1628418,2018-2020,2.2967402049214924,2.012299945494985,-0.2844402594265074
1628420,2018-2020,1.9956839981255456,1.568581520136028,-0.4271024779895176
1628422,2018-2020,0.8583272570502789,0.5820553653067758,-0.2762718917435031
1628425,2018-2020,0.4926611889441631,0.36313596437541307,-0.12952522456875004
1628427,2018-2020,0.07418801793228426,0.0044945387605166195,-0.06969347917176764
1628432,2018-2020,0.032335268508501686,0.00778427249699204,-0.024550996011509646
1628436,2018-2020,0.5625459006269691,0.4513166394903836,-0.11122926113658549
1628449,2018-2020,1.2467495440791851,1.0113171182277845,-0.23543242585140067
1628464,2018-2020,0.5188227080113978,0.03904142937509475,-0.4797812786363031
1628467,2018-2020,0.3056875770930426,0.10381588402213338,-0.20187169307090924
1628470,2018-2020,0.23620292039114946,0.03417440174938527,-0.2020285186417642
1628539,2018-2020,0.11847597546494952,-0.10338201237450961,-0.22185798783945915
1628778,2018-2020,0.14321553867368772,-0.08471186851077703,-0.22792740718446475
1628960,2018-2020,0.5885801079649816,0.4922124249469061,-0.09636768301807552
1628963,2018-2020,0.5782777479979954,0.4747463466503608,-0.10353140134763456
1628964,2018-2020,0.07086391070545808,0.1464026606064904,0.07553874990103232
1628966,2018-2020,0.34794307540029834,0.13382148672375488,-0.21412158867654346
1628969,2018-2020,1.1400398784003438,1.1117790795627038,-0.02826079883763999
1628970,2018-2020,0.7840575006503,0.7409704103886892,-0.04308709026161084
1628971,2018-2020,0.17522793836269007,0.28159199138766355,0.10636405302497348
1628972,2018-2020,1.66869137750582,1.7126929032641598,0.04400152575833971
1628973,2018-2020,1.3291056780179125,1.3359484572866847,0.006842779268772192
1628975,2018-2020,0.5447980537223601,0.4606789462658874,-0.08411910745647272
1628976,2018-2020,0.20821708802308417,0.24073107583392428,0.03251398781084011
1628977,2018-2020,-0.3598246991954982,-0.3622778347691223,-0.002453135573624088
1628978,2018-2020,1.1417378033430832,1.0768254797380705,-0.06491232360501265
1628981,2018-2020,0.3576997842091487,0.4389542391556077,0.081254454946459
1628983,2018-2020,2.8768541040479896,2.7018138113226082,-0.17504029272538135
1628984,2018-2020,2.203370023402511,1.6713614884040748,-0.5320085349984363
1628988,2018-2020,0.9147446573139097,0.7955637579625564,-0.11918089935135334
1628989,2018-2020,2.1521521265316284,2.1878128307100235,0.035660704178395175
1628990,2018-2020,-0.09881077893747367,-0.2160475781924407,-0.11723679925496702
1628991,2018-2020,2.020374096524217,1.7948309334230927,-0.2255431631011242
1628993,2018-2020,-0.15740179285959255,-0.30136580447212535,-0.1439640116125328
1628995,2018-2020,0.4989023243421557,0.6385935550857644,0.13969123074360873
1628997,2018-2020,0.48303639457731673,0.3446249154347001,-0.13841147914261664
1628998,2018-2020,0.5181553773383725,0.34635988335209855,-0.17179549398627392
1629001,2018-2020,1.0500273558074187,1.2058191138005614,0.1557917579931427
1629002,2018-2020,-0.15831992519733723,-0.23959804830113804,-0.08127812310380081
1629003,2018-2020,1.5574640985917105,1.5310088216844893,-0.02645527690722127
1629004,2018-2020,0.9584179898700971,0.7580109609414057,-0.20040702892869133
1629006,2018-2020,1.281466414654036,1.307691043227288,0.026224628573251918
1629008,2018-2020,1.5036335672356504,1.2569417537716585,-0.24669181346399194
1629010,2018-2020,0.24456027067907313,0.2874311967916726,0.04287092611259949
1629011,2018-2020,1.2609247120467608,1.3308945729436423,0.06996986089688151
1629012,2018-2020,2.6954990129811165,2.544711627409111,-0.15078738557200566
1629013,2018-2020,0.8769352388540526,0.8082946613111464,-0.0686405775429062
1629014,2018-2020,0.5480247253305305,0.8520066809661977,0.3039819556356672
1629018,2018-2020,1.9404454618226208,1.9840379616555368,0.04359249983291602
1629020,2018-2020,-0.024628381607523064,0.06163191154765246,0.08626029315517553
1629021,2018-2020,0.26865997971300565,0.14409515006138363,-0.12456482965162202
1629022,2018-2020,0.5971690380886581,0.6891517860994979,0.09198274801083983
1629023,2018-2020,1.4427666531465455,1.4807111323172402,0.037944479170694656
1629026,2018-2020,0.3426817436992214,0.16190584797451685,-0.18077589572470454
1629027,2018-2020,4.894889480890778,4.656991828402484,-0.23789765248829386
1629028,2018-2020,1.1189267250995798,0.9279372934452377,-0.19098943165434212
1629029,2018-2020,5.258056480059617,5.115490549623584,-0.1425659304360325
1629033,2018-2020,0.3446285444685181,0.09149749997122418,-0.2531310444972939
1629035,2018-2020,0.490475908298059,0.5155731487377806,0.025097240439721613
1629048,2018-2020,-0.40433543819466744,-0.3979469703986478,0.006388467796019648
1629052,2018-2020,0.1697634045396969,0.29111529764876415,0.12135189310906724
1629056,2018-2020,1.525875467690671,1.431887563803993,-0.09398790388667799
1629057,2018-2020,0.793566637406476,0.8897668301286981,0.09620019272222202
1629060,2018-2020,0.6767077846362699,0.7147228692249477,0.03801508458867775
1629067,2018-2020,0.6362677615524567,0.9600544691302666,0.3237867075778099
1629076,2018-2020,0.07274902983892037,0.013857729588832388,-0.058891300250087986
1629103,2018-2020,0.0682080163382637,-0.06927972581799129,-0.13748774215625498
1629109,2018-2020,0.16965163115679693,0.04116049798447191,-0.12849113317232502
1629117,2018-2020,-0.626101482372172,-0.6425662422635691,-0.016464759891397063
1629130,2018-2020,1.7765621437247556,0.5427144987210646,-1.233847645003691
1629134,2018-2020,1.5446088730034568,1.0182342640694715,-0.5263746089339854
1629139,2018-2020,-0.18058734820184022,-0.28871015191747684,-0.10812280371563662
1629162,2018-2020,1.5805181810262803,1.3519717018952897,-0.22854647913099058
1629164,2018-2020,0.5902365427959181,0.4193339611913768,-0.1709025816045413
1629185,2018-2020,0.7666520972837412,0.74186530451756,-0.02478679276618112
1629216,2018-2020,0.25394194736730824,0.050365313972288564,-0.2035766333950197
1629234,2018-2020,-0.6296978695744564,-0.5738789878134493,0.05581888176100713
1629308,2018-2020,-0.16021942122404073,-0.30592375993538884,-0.1457043387113481
1629312,2018-2020,0.12553163875099366,0.1606444803472399,0.03511284159624625
1629599,2018-2020,-0.0549589996382985,-0.042648706887278065,0.012310292751020434
1629610,2018-2020,0.46219609626323016,0.5740716809902994,0.11187558472706921
1629611,2018-2020,0.2604843232781343,0.3836766843464504,0.1231923610683161
1629620,2018-2020,0.25504881442015026,0.41830864180617383,0.16325982738602357
1629622,2018-2020,0.3029515020786123,0.055599338070354484,-0.24735216400825782
1629626,2018-2020,0.45944683482339777,0.5875124088206376,0.12806557399723983
1629627,2018-2020,3.084985915735582,2.8590143119281484,-0.22597160380743375
1629628,2018-2020,1.5087930856306044,1.2872238981565038,-0.2215691874741006
1629629,2018-2020,0.9779326633647296,0.808531985329954,-0.16940067803477565
1629630,2018-2020,3.2604887660290194,3.274101311158872,0.013612545129852549
1629631,2018-2020,0.4154901129104546,0.44080135633153394,0.02531124342107932
1629632,2018-2020,2.1050968345816083,1.9858518920998267,-0.11924494248178164
1629633,2018-2020,0.9018445313035803,0.897463109394017,-0.0043814219095633655
1629634,2018-2020,1.202636720778134,0.8735667797851437,-0.32906994099299036
1629635,2018-2020,0.472139358779408,0.7093109678600126,0.23717160908060458
1629636,2018-2020,1.4793182601715262,1.5536968922255305,0.0743786320540043
1629637,2018-2020,0.4844197758181137,0.7048185309857742,0.2203987551676605
1629638,2018-2020,1.1653355120483826,1.2362162023963754,0.07088069034799283
1629639,2018-2020,2.5746785712230653,2.437367808283283,-0.13731076293978228
1629640,2018-2020,1.4086842542364408,1.4162801737904038,0.007595919553962993
1629641,2018-2020,-0.33462697025532673,-0.10169876985535345,0.23292820039997328
1629642,2018-2020,-0.02960869942680027,0.1961307181738306,0.22573941760063088
1629644,2018-2020,0.44780776347225953,0.5694995534953083,0.12169179002304881
1629645,2018-2020,1.376828542123293,1.366582999432303,-0.010245542690989984
1629647,2018-2020,-0.27813869547136166,-0.1785840971784524,0.09955459829290927
1629649,2018-2020,0.08581756679973054,0.18113530276144513,0.09531773596171458
1629650,2018-2020,-0.5540800387706106,-0.5288831039441237,0.025196934826486883
1629651,2018-2020,0.6259843123629627,0.7509589898451002,0.12497467748213753
1629652,2018-2020,0.5089549908349468,0.7139477100117033,0.20499271917675654
1629655,2018-2020,-0.04062824155146637,0.06287160523061419,0.10349984678208056
1629657,2018-2020,0.4073607501146941,0.38250752082911094,-0.024853229285583145
1629658,2018-2020,0.7838519070006079,0.809856126461791,0.02600421946118303
1629659,2018-2020,0.9569548775468577,1.2225144906531624,0.2655596131063047
1629660,2018-2020,0.716818315141143,0.7277029315446045,0.0108846164034615
1629661,2018-2020,1.3267199267114853,1.100749805126564,-0.22597012158492125
1629662,2018-2020,1.0313166518109091,0.8581223316176676,-0.17319432019324155
1629667,2018-2020,0.3405150272630336,0.44365736867992045,0.10314234141688683
1629669,2018-2020,0.6640469815329548,0.8728078387253166,0.20876085719236182
1629671,2018-2020,0.5111276514560782,0.5284272538566409,0.01729960240056272
1629672,2018-2020,0.8484340488796642,0.8087932526150787,-0.0396407962645855
1629673,2018-2020,1.0488095563875433,0.9580948519244948,-0.09071470446304841
1629675,2018-2020,1.0233874755223895,1.041515620241693,0.018128144719303574
1629676,2018-2020,-0.17368493053616857,-0.20575414569127454,-0.03206921515510597
1629677,2018-2020,0.4825878157713886,0.6550621471862781,0.1724743314148895
1629678,2018-2020,-0.12538073961463195,0.010964143427842707,0.13634488304247466
1629680,2018-2020,0.36017179563403795,0.5227080328081932,0.16253623717415527
1629682,2018-2020,0.34958490206864207,0.2822177454538549,-0.06736715661478715
1629684,2018-2020,0.06372534509610038,0.38237084516082953,0.31864550006472914
1629713,2018-2020,0.0032374119845290927,0.02068425368699364,0.017446841702464546
1629718,2018-2020,0.09994842982601612,-0.032296395352890625,-0.13224482517890673
1629723,2018-2020,1.044138767593855,0.8043194556854388,-0.2398193119084161
1629726,2018-2020,0.9406548446386482,0.8374244484962909,-0.1032303961423573
1629731,2018-2020,-0.6207542019239358,-0.5855610494838835,0.03519315244005228
1629740,2018-2020,1.0629894396149564,0.8651422070674117,-0.19784723254754466
1629744,2018-2020,0.9315568795156759,0.6081312842560698,-0.3234255952596061
1629750,2018-2020,0.24232533540910123,-0.04997797566533467,-0.2923033110744359
2207,2021-2023,-0.037332218497949037,0.2691350614921625,0.30646727999011153
2544,2021-2023,6.754953220019362,6.738579631576028,-0.016373588443334697
2546,2021-2023,2.808435655386432,3.039868005897321,0.23143235051088906
2617,2021-2023,-0.5657197586912888,-0.24883263198302957,0.3168871267082592
2730,2021-2023,0.6609219497001414,0.9474878564307836,0.2865659067306422
2738,2021-2023,1.345839812876497,1.8735959764327432,0.5277561635562462
2760,2021-2023,0.3119682884867959,0.484121830093773,0.1721535416069771
2772,2021-2023,1.7481338542549654,2.14146934748168,0.3933354932267148
101108,2021-2023,4.858883565972819,4.808289797059101,-0.050593768913718584
101139,2021-2023,-0.13033262948984983,0.07132241503229345,0.20165504452214328
101141,2021-2023,0.9246530771275369,0.8204394935265885,-0.10421358360094835
101150,2021-2023,2.4502251559847372,2.5013191787439557,0.05109402275921848
200746,2021-2023,1.0259912659011592,1.3925964714489474,0.3666052055477882
200752,2021-2023,1.4889018136176975,1.6986695420608928,0.20976772844319536
200755,2021-2023,2.4601042428893,2.635380634656524,0.17527639176722376
200765,2021-2023,1.532343715306055,1.751089622971395,0.21874590766533997
200768,2021-2023,3.8032143622259356,3.7104466740015583,-0.09276768822437731
200782,2021-2023,0.7864122225386767,1.4453343876842752,0.6589221651455985
200794,2021-2023,1.4434295988041672,1.778289581984805,0.3348599831806378
201142,2021-2023,6.278523174345911,5.528145016269005,-0.7503781580769058
201143,2021-2023,2.2674217098072362,2.4308247384045742,0.16340302859733802
201144,2021-2023,3.9600413894372246,3.5197040664198136,-0.440337323017411
201145,2021-2023,0.9847798093319984,1.1838941286640883,0.1991143193320899
201152,2021-2023,1.6559191367150436,1.9202185243803043,0.2642993876652606
201162,2021-2023,0.04190020098444876,0.3842522785314403,0.34235207754699154
201188,2021-2023,0.986386143498121,1.3496964488306165,0.3633103053324954
201229,2021-2023,0.049208051171799105,0.2973790503499879,0.2481709991781888
201565,2021-2023,2.400416346897388,2.1019099237321974,-0.2985064231651906
201566,2021-2023,3.866653206720631,3.695435633607184,-0.17121757311344732
201567,2021-2023,2.474748125900386,2.672548807472328,0.19780068157194197
201568,2021-2023,2.4469177137629976,2.4884245031310006,0.041506789368003005
201569,2021-2023,2.236043695407706,2.1055700310152945,-0.1304736643924116
201571,2021-2023,1.8242750383457973,1.7826213040878294,-0.04165373425796792
201572,2021-2023,1.1709353587012632,1.2722552878658608,0.10131992916459764
201577,2021-2023,0.6644096492995157,0.6879939883791383,0.02358433907962254
201580,2021-2023,0.17812973667064022,0.4402187567338636,0.26208902006322343
201586,2021-2023,0.004805487003190773,0.19206992579304263,0.18726443878985186
201587,2021-2023,1.7661472718401945,1.6434120668550503,-0.12273520498514423
201588,2021-2023,1.8328154547750728,1.9966970330043499,0.16388157822927707
201599,2021-2023,-0.8070262698972689,-0.3991290887415245,0.4078971811557444
201609,2021-2023,2.104807670814494,2.2334016195043485,0.12859394868985463
201933,2021-2023,1.345850085428732,1.5318540861780232,0.18600400074929113
201935,2021-2023,5.7393860234920195,5.192697817558404,-0.5466882059336156
201937,2021-2023,1.6373123046850722,1.4536361496108192,-0.18367615507425294
201939,2021-2023,8.231873752936973,6.963285567830065,-1.2685881851069087
201942,2021-2023,4.337466327867194,3.559481160794167,-0.7779851670730267
201949,2021-2023,0.6659419748880593,0.9905699392643095,0.3246279643762502
201950,2021-2023,4.230917366155586,3.751962469287606,-0.47895489686797976
201952,2021-2023,1.5787731339503919,1.4823983019273572,-0.09637483202303465
201954,2021-2023,-0.30624884999861157,-0.004305193562494719,0.30194365643611687
201959,2021-2023,0.38413456059750745,0.858708758198947,0.47457419760143954
201961,2021-2023,1.7417302876044574,1.6007055160847234,-0.14102477151973392
201976,2021-2023,1.392344427530108,1.5674147478702012,0.17507032034009318
201980,2021-2023,2.2090994234288424,2.2735271228410885,0.06442769941224613
201988,2021-2023,1.9996538278284646,1.8647533091094466,-0.13490051871901798
202066,2021-2023,1.0951488972724528,1.4092119920658674,0.31406309479341465
202083,2021-2023,1.0339142075262981,1.3077750064591105,0.27386079893281234
202322,2021-2023,3.6668449672271377,3.0576140091651745,-0.6092309580619633
202324,2021-2023,0.13582504383769942,0.10897081104326596,-0.026854232794433455
202326,2021-2023,1.3223429049327378,1.1465248440589735,-0.17581806087376428
202328,2021-2023,0.7622078294915806,1.0038017611221495,0.24159393163056886
202329,2021-2023,0.3115748580557719,0.24136942174330417,-0.07020543631246773
202330,2021-2023,2.7744930653414595,2.600161066960365,-0.17433199838109426
202331,2021-2023,4.475752962360259,4.011038610195838,-0.46471435216442103
202334,2021-2023,-0.4256052887795671,-0.0839119818455588,0.3416933069340083
202335,2021-2023,1.1661238622755596,1.2788865982304949,0.11276273595493524
202339,2021-2023,2.0476609679044486,1.9093938329376123,-0.1382671349668363
202340,2021-2023,0.38512651870004694,0.4398413663123703,0.05471484761232337
202355,2021-2023,0.2723467295892027,0.4573021113696834,0.1849553817804807
202357,2021-2023,1.4918211656226703,1.6014528793059988,0.10963171368332847
202362,2021-2023,1.2422030715359593,1.0955006044449471,-0.1467024670910122
202397,2021-2023,1.170242137680225,1.2534987610538875,0.08325662337366246
202681,2021-2023,5.632768176456386,4.67478602108509,-0.9579821553712957
202683,2021-2023,0.4123243912666286,0.23413976587494076,-0.17818462539168786
202684,2021-2023,-0.10404848125475905,-0.24846598714687787,-0.14441750589211882
202685,2021-2023,1.373605211186241,1.3233899580830812,-0.05021525310315966
202687,2021-2023,-1.0481770336379819,-0.9445836448515509,0.10359338878643098
202688,2021-2023,0.7720576045585111,0.622320515330735,-0.14973708922777618
202689,2021-2023,3.190455019865268,2.7579579694266387,-0.4324970504386294
202691,2021-2023,3.3970842437428574,2.9309926901034844,-0.46609155363937305
202692,2021-2023,2.147557545244647,1.6302225062846774,-0.5173350389599698
202693,2021-2023,0.48110328916507444,0.7344511854930378,0.25334789632796334
202694,2021-2023,1.6886865441884886,1.5602341160365518,-0.1284524281519368
202695,2021-2023,5.800334379829397,4.9273155068825725,-0.8730188729468242
202696,2021-2023,2.5179359977312066,2.0546856760582544,-0.4632503216729522
202697,2021-2023,0.3714059558078718,0.7345624085574383,0.3631564527495665
202699,2021-2023,2.139100165321358,1.5241090025353716,-0.6149911627859863
202704,2021-2023,2.2979680168876486,2.0826463072270816,-0.21532170966056707
202709,2021-2023,0.9009537138927961,0.6922988422543274,-0.20865487163846874
202710,2021-2023,5.028161452670149,4.388926569168927,-0.6392348835012225
202711,2021-2023,2.5752806969837554,2.421036565304761,-0.1542441316789942
202722,2021-2023,0.7892067408504027,0.6946488683290449,-0.09455787252135772
202734,2021-2023,0.6468740676266101,0.8241181974704943,0.17724412984388416
202738,2021-2023,1.4851252979916267,1.5065212148229048,0.02139591683127806
202954,2021-2023,0.7734655576378454,0.5153811736883075,-0.2580843839495379
203076,2021-2023,2.085331313873605,1.6674103664016904,-0.41792094747191455
203078,2021-2023,3.9813213838912476,3.398009479210812,-0.5833119046804356
203081,2021-2023,6.611055084042573,5.542882881168001,-1.068172202874572
203082,2021-2023,1.4096942920682187,1.203222440849834,-0.20647185121838474
203083,2021-2023,0.35460357191276454,0.0473811536672577,-0.30722241824550683
203084,2021-2023,2.200770294321079,1.8620011291673428,-0.3387691651537361
203085,2021-2023,0.7541371876753379,0.6023370889556865,-0.1518000987196514
203086,2021-2023,0.062041060087780486,-0.004561900199165336,-0.06660296028694582
203087,2021-2023,1.4876746354027328,1.0635852702529716,-0.42408936514976125
203090,2021-2023,-0.2713483146075954,-0.30058062866953833,-0.029232314061942932
203095,2021-2023,2.222992314988732,1.6139631189808963,-0.6090291960078358
203107,2021-2023,0.984927737617132,0.8714000920455887,-0.11352764557154338
203109,2021-2023,1.7977862946107876,1.5206790642169952,-0.2771072303937925
203110,2021-2023,1.1540649247139894,1.5961538432879934,0.442088918574004
203114,2021-2023,3.777243467237588,3.0679400813241298,-0.7093033859134583
203115,2021-2023,1.5117062972883881,1.3427750083987942,-0.16893128888959397
203118,2021-2023,0.4786638199366379,0.758188246853854,0.2795244269172161
203121,2021-2023,1.4537472328191288,1.2256778037610563,-0.22806942905807248
203145,2021-2023,0.16165590766680465,0.29652308748053485,0.1348671798137302
203200,2021-2023,1.4632498493268349,1.552961711299708,0.08971186197287317
203210,2021-2023,0.6034262786172235,0.6064700061583407,0.003043727541117147
203382,2021-2023,-0.3397862959442434,-0.06444943527790589,0.27533686066633756
203457,2021-2023,-0.9309278637560187,-1.04901311496047,-0.11808525120445135
203458,2021-2023,-0.826192230192281,-0.9799413749758713,-0.15374914478359025
203460,2021-2023,0.05839520172523793,0.004602833428177316,-0.05379236829706062
203463,2021-2023,1.1360880494733425,0.6643067132937507,-0.47178133617959184
203468,2021-2023,3.2156445969924974,2.5955741638856544,-0.620070433106843
203469,2021-2023,1.0406673956169636,0.7607246091016625,-0.27994278651530113
203471,2021-2023,1.4671318041204544,1.2377157439467092,-0.22941606017374516
203473,2021-2023,0.10411069994143526,0.13559861170874274,0.031487911767307475
203476,2021-2023,0.9861284348738517,1.0136696332675135,0.02754119839366176
203482,2021-2023,1.623715894795853,1.5326461489251555,-0.0910697458706975
203484,2021-2023,1.7543317278257191,1.1928070728172648,-0.5615246550084543
203486,2021-2023,1.7183151762348974,1.6129770092706903,-0.10533816696420706
203487,2021-2023,0.7524892061792973,0.39340946467505605,-0.3590797415042412
203488,2021-2023,0.9342657447940346,0.635973798372965,-0.2982919464210696
203490,2021-2023,1.3570314862208788,1.0358088803238168,-0.321222605897062
203493,2021-2023,1.1397875191159321,1.0840237531935213,-0.055763765922410835
203496,2021-2023,0.9588806848376062,0.7711604110311285,-0.1877202738064777
203497,2021-2023,1.4204312884304517,0.7829102193260292,-0.6375210691044225
203500,2021-2023,0.5502731413004581,0.2419196633630177,-0.3083534779374404
203501,2021-2023,2.153022834345033,1.8122388567112844,-0.3407839776337487
203503,2021-2023,0.025699655595455062,-0.2989084952534288,-0.32460815084888384
203504,2021-2023,0.8916389307451599,0.5348341924703608,-0.3568047382747991
203506,2021-2023,2.06966123079457,1.6929905862627301,-0.37667064453183996
203507,2021-2023,3.249707749885863,2.7142898616468982,-0.5354178882389649
203516,2021-2023,1.0312059044507218,0.7829867305066238,-0.24821917394409798
203521,2021-2023,0.26661994471686407,0.35773101856276024,0.09111107384589617
203524,2021-2023,0.5225760001105574,0.5668024225816485,0.0442264224710911
203526,2021-2023,0.7719716688317035,0.6058609201341423,-0.16611074869756126
203552,2021-2023,2.278002564372355,1.2788770227371136,-0.9991255416352414
203585,2021-2023,1.2429980281168032,1.0125735628717283,-0.23042446524507487
203648,2021-2023,0.0019622424115405433,-0.2790465885749905,-0.281008830986531
203897,2021-2023,3.3673937581908078,2.6834783473137573,-0.6839154108770504
203901,2021-2023,0.3731356770624058,0.035368227839023894,-0.3377674492233819
203903,2021-2023,2.753975229230999,2.1330497800940664,-0.6209254491369327
203914,2021-2023,1.1963750659005026,0.7238616226264982,-0.47251344327400435
203915,2021-2023,2.738481885879412,2.383010375693517,-0.3554715101858954
203917,2021-2023,0.22698364125533974,0.16109683268852115,-0.06588680856681858
203918,2021-2023,-0.06261079169568401,-0.029453630877835653,0.033157160817848357
203920,2021-2023,0.7358342902524452,0.6229868067319948,-0.11284748352045038
203922,2021-2023,0.01605768184584245,-0.17075178323025755,-0.1868094650761
203924,2021-2023,2.0904860727102665,1.5354100371321966,-0.55507603557807
203925,2021-2023,1.1247147425528878,0.5043604110249926,-0.6203543315278952
203926,2021-2023,0.837549405881053,0.42406711327791236,-0.4134822926031406
203932,2021-2023,1.585176374910952,0.9501162042691054,-0.6350601706418466
203933,2021-2023,0.31931593175794154,0.16161089441404233,-0.1577050373438992
203935,2021-2023,1.6461046229882246,1.3167876699127088,-0.3293169530755158
203937,2021-2023,0.9930422189452048,0.6779937958437774,-0.31504842310142744
203939,2021-2023,1.1822165107675915,0.7070467037972553,-0.4751698069703362
203943,2021-2023,-1.598592137998973,-1.8496793690788658,-0.25108723107989284
203944,2021-2023,2.935237125702783,2.1266091242460066,-0.8086280014567766
203952,2021-2023,1.748831980529797,1.0329304258927166,-0.7159015546370804
203953,2021-2023,-0.33215594939441717,-0.5611427899066079,-0.22898684051219076
203954,2021-2023,3.3709284288588783,2.4718327318755984,-0.89909569698328
203957,2021-2023,-0.04369249539618957,-0.156097788642315,-0.11240529324612542
203960,2021-2023,-1.6340188004298164,-1.8423997284623543,-0.20838092803253794
203967,2021-2023,0.8681180631137824,0.49051070409942976,-0.3776073590143526
203991,2021-2023,0.4066253567598742,-0.06439219360136009,-0.47101755036123427
203992,2021-2023,2.6796423604206194,1.867096576074951,-0.8125457843456685
203994,2021-2023,0.9836338639632981,0.5571553312474424,-0.4264785327158557
203998,2021-2023,-1.3776427744194781,-1.6141808651322205,-0.23653809071274234
203999,2021-2023,5.615020002858221,4.506075516518331,-1.1089444863398894
204001,2021-2023,2.173426248288985,1.6333092148715824,-0.5401170334174026
204020,2021-2023,0.4581502353832018,0.4799866887728424,0.021836453389640575
204025,2021-2023,-0.3434573493391939,-0.07604967604826948,0.2674076732909244
204038,2021-2023,0.5764501357139242,0.5979876723009467,0.02153753658702251
204060,2021-2023,2.1355061161359634,1.9219365333226244,-0.21356958281333904
204456,2021-2023,1.511178924890984,1.429137361666163,-0.08204156322482103
1626143,2021-2023,-0.5345642154812194,-0.665905946893985,-0.13134173141276562
1626144,2021-2023,-0.16517155572707898,-0.6640862393618925,-0.4989146836348135
1626145,2021-2023,1.6122122609728315,1.251118307389048,-0.3610939535837836
1626147,2021-2023,0.5849612515836873,0.4153187465550833,-0.169642505028604
1626149,2021-2023,1.6213846503025888,0.9540080062061292,-0.6673766440964596
1626153,2021-2023,1.849436681640166,1.6126267303988464,-0.23680995124131954
1626155,2021-2023,-0.3295088294835642,-0.49816912204601227,-0.16866029256244808
1626156,2021-2023,3.03770080416745,2.1974473345808616,-0.8402534695865884
1626157,2021-2023,2.882937787077649,2.1794102176259815,-0.7035275694516674
1626158,2021-2023,0.5448260045398309,-0.14993030440316552,-0.6947563089429964
1626159,2021-2023,-0.22342120629196036,-0.40900392611624825,-0.1855827198242879
1626161,2021-2023,-0.5708153990422142,-0.8192661744759271,-0.24845077543371286
1626162,2021-2023,1.4642197307680362,0.9633397423215688,-0.5008799884464674
1626163,2021-2023,0.8478174109775424,0.581241490375365,-0.2665759206021774
1626164,2021-2023,4.452234992631745,3.436794016174472,-1.0154409764572727
1626166,2021-2023,1.3765145379293848,0.8366822880073235,-0.5398322499220614
1626167,2021-2023,0.45098680080286335,-0.010482184939097361,-0.4614689857419607
1626168,2021-2023,0.6654186581028654,0.42925347511971745,-0.23616518298314793
1626169,2021-2023,0.24884339601772454,0.04724421470829197,-0.20159918130943255
1626171,2021-2023,1.0503286725872036,0.3843471717138907,-0.665981500873313
1626172,2021-2023,0.7102201653322215,0.40781083720598693,-0.3024093281262346
1626174,2021-2023,1.5455105945446272,0.9715891704482505,-0.5739214240963767
1626178,2021-2023,0.363492783930308,-0.06149470175584557,-0.4249874856861536
1626179,2021-2023,2.7063546260298983,1.9239199165564103,-0.782434709473488
1626181,2021-2023,2.138896322799579,1.4995810793081223,-0.6393152434914566
1626184,2021-2023,0.3611653632471392,0.09193404674069432,-0.2692313165064449
1626188,2021-2023,0.6479182579161464,0.2950065821653192,-0.3529116757508272
1626192,2021-2023,1.329156373446541,0.9774119764414332,-0.35174439700510785
1626195,2021-2023,0.6995178036487839,0.2918284469931927,-0.4076893566555912
1626196,2021-2023,1.2304863217601516,0.7827761830408322,-0.4477101387193194
1626204,2021-2023,0.6391486278708971,0.5082253446973977,-0.13092328317349944
1626220,2021-2023,0.9434688458615001,0.6636092866398796,-0.27985955922162054
1626224,2021-2023,1.1152204636257161,0.6426866965687819,-0.4725337670569343
1626245,2021-2023,0.7099055996530099,0.3687582517259732,-0.3411473479270367
1626246,2021-2023,0.16992542006243747,0.6356598592358895,0.46573443917345203
1626253,2021-2023,-0.2653342807607688,-0.495752924642208,-0.23041864388143918
1627732,2021-2023,1.4619145991433335,1.1542153346064266,-0.307699264536907
1627734,2021-2023,2.677272838378948,2.0344136689705903,-0.6428591694083576
1627736,2021-2023,1.6306548846400166,1.0386621915723995,-0.5919926930676171
1627737,2021-2023,-0.6896286460348482,-1.0142620143278527,-0.3246333682930045
1627739,2021-2023,0.8203865096090774,0.5468299124530572,-0.2735565971560202
1627740,2021-2023,-0.49370219234601553,-0.4497162448210631,0.04398594752495244
1627741,2021-2023,2.6857807001332232,1.765421585860252,-0.9203591142729712
1627742,2021-2023,3.0476570147421698,2.668188440780718,-0.37946857396145184
1627745,2021-2023,0.2001114381936026,-0.32747920230827826,-0.5275906405018809
1627747,2021-2023,1.7036987825995944,1.2481708431880787,-0.4555279394115157
1627748,2021-2023,0.4052877305603332,0.21355199600585237,-0.1917357345544808
1627749,2021-2023,2.482445236585124,1.9204500743122808,-0.5619951622728434
1627750,2021-2023,3.639880381917808,2.7440557129893137,-0.8958246689284941
1627751,2021-2023,0.9118061197515284,0.5219028812899016,-0.3899032384616268
1627752,2021-2023,0.8157273447074743,0.45194748759046055,-0.36377985711701377
1627756,2021-2023,0.6793676048829397,0.45417884685888793,-0.22518875802405175
1627759,2021-2023,3.083205794978144,2.2780224935695963,-0.8051833014085479
1627761,2021-2023,0.18261187447372712,0.0008115005246164042,-0.18180037394911072
1627763,2021-2023,2.542230055391343,1.8619944791146168,-0.6802355762767263
1627767,2021-2023,-0.5159731848335309,-0.8249099061913194,-0.3089367213577885
1627774,2021-2023,0.08793406390079753,-0.23540891573433692,-0.3233429796351345
1627775,2021-2023,-0.555466939046575,-0.6524800396813129,-0.09701310063473789
1627777,2021-2023,0.9356169831388523,0.43112001809131717,-0.5044969650475352
1627780,2021-2023,1.247151719696491,0.6687885978627948,-0.5783631218336962
1627782,2021-2023,-0.4666042742205757,-0.5465896557354769,-0.0799853815149012
1627783,2021-2023,2.780324954916311,2.151982184195128,-0.6283427707211833
1627788,2021-2023,0.8451277228848773,0.6215668722997292,-0.22356085058514807
1627789,2021-2023,0.22423718992848532,0.014039403304947096,-0.21019778662353822
1627812,2021-2023,0.7938732269642372,0.712959943933531,-0.08091328303070622
1627814,2021-2023,1.068279288491452,0.6905076473785388,-0.3777716411129133
1627820,2021-2023,-0.7944170122687717,-1.0285776047684396,-0.23416059249966792
1627823,2021-2023,0.36518249430948396,0.12383672475292147,-0.2413457695565625
1627826,2021-2023,0.47503459783604757,0.002097350947264759,-0.4729372468887828
1627827,2021-2023,1.333816034276928,0.9930675384690414,-0.3407484958078867
1627832,2021-2023,3.4653960731547215,2.462201202463986,-1.0031948706907357
1627846,2021-2023,-0.36809361587244965,-0.7748897416333456,-0.4067961257608959
1627853,2021-2023,-0.22578180967306355,-0.19917641798034638,0.026605391692717167
1627854,2021-2023,1.185531491889412,0.3746703732127896,-0.8108611186766224
1627863,2021-2023,0.3298163741758632,0.2235471722695741,-0.10626920190628908
1627884,2021-2023,0.09463284721954746,-0.18862548504593588,-0.28325833226548336
1627885,2021-2023,-0.41768628179139544,-0.6327538007462553,-0.21506751895485987
1627936,2021-2023,0.5262367449747677,0.22761011108604431,-0.29862663388872335
1628021,2021-2023,0.6190789735755118,0.335928997023702,-0.2831499765518098
1628035,2021-2023,-0.029290081188340932,-0.15196159235780446,-0.12267151116946352
1628365,2021-2023,1.5648902040046795,1.3061714677167136,-0.25871873628796593
1628366,2021-2023,2.116655656138355,1.7891516247586003,-0.3275040313797546
1628367,2021-2023,0.5811874814542122,0.15060249049396143,-0.4305849909602507
1628368,2021-2023,3.5614482806098686,2.9853095908779466,-0.5761386897319221
1628369,2021-2023,4.5530411634739,3.5939537117953875,-0.9590874516785122
1628370,2021-2023,2.172723823990167,1.5645562433105544,-0.6081675806796127
1628371,2021-2023,0.6021151871543307,0.30024495601227813,-0.3018702311420525
1628372,2021-2023,0.35443227699992275,0.21578250800958587,-0.13864976899033687
1628373,2021-2023,-0.058672749579568806,0.1311555457792048,0.1898282953587736
1628374,2021-2023,2.088491146567495,1.6614627266890885,-0.42702841987840645
1628378,2021-2023,4.4567051745846165,3.4579469691860765,-0.99875820539854
1628379,2021-2023,1.3511437474854688,0.5113070114610941,-0.8398367360243747
1628380,2021-2023,0.6007639029099258,0.243823483801147,-0.3569404191087788
1628381,2021-2023,0.36457463267258144,0.10827647953285421,-0.25629815313972726
1628382,2021-2023,0.4136749806893477,0.22637401937891716,-0.18730096131043056
1628384,2021-2023,1.2370966107206764,0.6996337563250344,-0.537462854395642
1628385,2021-2023,-0.6183455214890032,-0.46155296174546123,0.156792559743542
1628386,2021-2023,1.1110020067717916,0.6070602966461884,-0.5039417101256032
1628388,2021-2023,-1.209645147357885,-1.4250229494939286,-0.21537780213604352
1628389,2021-2023,2.1167046374757845,1.2567025771713487,-0.8600020603044358
1628390,2021-2023,-1.3415392292103077,-1.1976265311079213,0.14391269810238638
1628391,2021-2023,0.09601872783040852,-0.19016374070975076,-0.2861824685401593
1628392,2021-2023,0.5329960045706286,0.4347765882886323,-0.09821941628199626
1628394,2021-2023,-0.6606472359486986,-0.4385466911904822,0.2221005447582164
1628395,2021-2023,-0.8140962273903514,-0.7402917163770981,0.07380451101325325
1628396,2021-2023,-0.1908211513841162,-0.10289678533775486,0.08792436604636135
1628398,2021-2023,1.1569196944827065,0.7067082486279711,-0.4502114458547354
1628400,2021-2023,-0.20801209030610385,-0.2155105250252285,-0.007498434719124647
1628401,2021-2023,1.6298137988033858,1.1439322766168627,-0.48588152218652314
1628402,2021-2023,0.7406925747881529,0.5567187539103383,-0.18397382087781455
1628404,2021-2023,0.7912056265748216,0.5526082955803349,-0.23859733099448677
1628407,2021-2023,0.2046054794432799,-0.039898107347330986,-0.24450358679061088
1628408,2021-2023,0.20522187099455835,0.08621789705264725,-0.1190039739419111
1628410,2021-2023,0.40715323531676456,0.016221430034580882,-0.3909318052821837
1628411,2021-2023,-0.8056859790254979,-1.010338643168789,-0.2046526641432912
1628412,2021-2023,-0.3181645372464016,-0.598980662909497,-0.28081612566309544
1628414,2021-2023,-0.3207975994092915,-0.4038902427223297,-0.08309264331303823
1628415,2021-2023,0.9644556815147499,0.5409717762554258,-0.4234839052593241
1628416,2021-2023,-0.42309485443519323,-0.49430356245319,-0.07120870801799678
1628418,2021-2023,-0.17540481615573048,-0.5507985706924166,-0.3753937545366861
1628420,2021-2023,1.7434777487894528,1.0556950633287798,-0.687782685460673
1628422,2021-2023,0.4424251317640747,0.3449460157850691,-0.0974791159790056
1628424,2021-2023,0.25544736534879603,0.09953028106228609,-0.15591708428650994
1628425,2021-2023,0.6695595154131742,0.3833505563013527,-0.2862089591118215
1628432,2021-2023,0.5340414721499784,0.17859204437778337,-0.35544942777219507
1628436,2021-2023,-0.4521752016975629,-0.5168175256973961,-0.06464232399983322
1628449,2021-2023,1.0099913007996826,0.6615784447898647,-0.34841285600981786
1628455,2021-2023,1.3329196652967845,1.13164523166046,-0.20127443363632458
1628464,2021-2023,0.36810962870563063,0.20089689459132817,-0.16721273411430246
1628467,2021-2023,0.49575439089965734,0.48016573655189737,-0.015588654347759967
1628470,2021-2023,0.947615147631532,0.9814881401228137,0.03387299249128173
1628476,2021-2023,0.2085197922079786,0.0853154063054673,-0.12320438590251129
1628960,2021-2023,1.6805668453238898,0.9731788797914891,-0.7073879655324007
1628963,2021-2023,-0.0262412617080491,-0.004622577948461271,0.02161868375958783
1628964,2021-2023,-0.24820411518141577,-0.35853416334764165,-0.11033004816622588
1628966,2021-2023,0.9931801704694122,0.6390149502682309,-0.35416522020118135
1628969,2021-2023,2.7552679825496122,2.0036869190876776,-0.7515810634619347
1628970,2021-2023,1.631317459709581,1.2166672733786577,-0.4146501863309233
1628971,2021-2023,0.7129518433255376,0.42688757558558815,-0.2860642677399495
1628972,2021-2023,0.6627477811573977,0.8023251679125769,0.13957738675517917
1628973,2021-2023,3.3042378538695134,2.622675271224204,-0.6815625826453093
1628975,2021-2023,1.0808989076503992,0.6307687914686915,-0.45013011618170773
1628976,2021-2023,0.9488105094504741,0.7845315218437203,-0.16427898760675375
1628977,2021-2023,0.2303707840499693,0.17346902557810925,-0.05690175847186005
1628978,2021-2023,1.2716021049573552,0.8932033099249604,-0.3783987950323947
1628981,2021-2023,-1.0171248161716189,-0.886410064547487,0.13071475162413182
1628983,2021-2023,3.9189525092741007,3.483015348433193,-0.4359371608409077
1628984,2021-2023,1.6456950969620963,0.9984724825997384,-0.6472226143623578
1628988,2021-2023,0.20660354462152722,-0.08178324681877935,-0.28838679144030654
1628989,2021-2023,2.1140910108425475,1.8085440888333373,-0.3055469220092102
1628990,2021-2023,-0.837019400201438,-1.0395689591606119,-0.20254955895917393
1628991,2021-2023,1.0847684672287574,0.9074353526217143,-0.17733311460704315
1628995,2021-2023,0.24042629195322424,0.3340228564520581,0.09359656449883386
1628997,2021-2023,0.6826904516449334,0.3340275211633364,-0.34866293048159697
1628998,2021-2023,0.5237513766202558,0.32110391339152744,-0.2026474632287284
1629001,2021-2023,1.4241429884959556,0.989983957174861,-0.43415903132109457
1629002,2021-2023,-0.08722029731087169,-0.28500411615183907,-0.19778381884096738
1629003,2021-2023,0.511319599310616,0.2846832379313698,-0.2266363613792462
1629004,2021-2023,1.0175645770453443,0.752863327766038,-0.26470124927930627
1629006,2021-2023,0.8518192648829155,0.8083619479205522,-0.043457316962363324
1629007,2021-2023,-0.13076188659269766,-0.04505837169601263,0.08570351489668504
1629008,2021-2023,2.179661383077259,1.3795576075869593,-0.8001037754902998
1629010,2021-2023,-0.18987389433124863,-0.2346956378208554,-0.04482174348960677
1629011,2021-2023,0.11566940183831445,-0.1482864765019109,-0.2639558783402254
1629012,2021-2023,2.2931722951931013,1.9884651272690643,-0.30470716792403696
1629013,2021-2023,0.8680809010947088,0.5594226839955404,-0.3086582170991684
1629014,2021-2023,2.5926911699127757,1.9902675317158853,-0.6024236381968904
1629017,2021-2023,1.3439533921089233,1.0040669503659445,-0.3398864417429788
1629018,2021-2023,2.4366099155692305,1.9915421250920289,-0.4450677904772016
1629020,2021-2023,0.7378088863685794,0.7550644988541227,0.017255612485543304
1629021,2021-2023,1.1858566999175322,0.7964305109020077,-0.3894261890155245
1629022,2021-2023,0.49311748308822445,0.4283967157410052,-0.06472076734721927
1629023,2021-2023,0.8787874663769715,0.8079855838155676,-0.07080188256140385
1629026,2021-2023,0.8521732223587983,0.530298965930942,-0.3218742564278564
1629027,2021-2023,5.977756352622155,5.038434310342902,-0.9393220422792528
1629028,2021-2023,0.9962717628522638,0.7004680276007758,-0.29580373525148806
1629029,2021-2023,6.359190125827637,5.488794181485236,-0.870395944342401
1629033,2021-2023,0.21995004564413345,0.19927656725334417,-0.020673478390789285
1629035,2021-2023,0.37631182859454626,0.3730915777652354,-0.003220250829310878
1629048,2021-2023,0.601447593594252,0.6440736299076715,0.042626036313419435
1629052,2021-2023,0.608263306231947,0.2513540437860188,-0.35690926244592824
1629056,2021-2023,1.360320670973768,0.9809733058448579,-0.3793473651289102
1629057,2021-2023,1.383002563332621,0.7826625868341268,-0.6003399764984942
1629060,2021-2023,0.19834418707384244,0.07751189252736276,-0.12083229454647967
1629066,2021-2023,-0.09381980651360272,0.013740784632151259,0.10756059114575398
1629067,2021-2023,-0.3604348148828373,-0.1713188507396297,0.18911596414320758
1629103,2021-2023,0.17687941216075764,-0.12487978224790748,-0.3017591944086651
1629109,2021-2023,0.2565479549787292,0.06642487059954835,-0.19012308437918082
1629111,2021-2023,0.24355877622989816,0.07997592747385786,-0.1635828487560403
1629117,2021-2023,-0.19683722206616153,-0.6044074644208361,-0.40757024235467465
1629121,2021-2023,-0.6771824882693566,-0.6733487321489433,0.0038337561204132564
1629126,2021-2023,-0.6929039743843257,-0.7631587685886569,-0.07025479420433123
1629130,2021-2023,1.21664287769517,0.7170444132742858,-0.4995984644208843
1629134,2021-2023,1.6388845889337156,1.089356942531922,-0.5495276464017935
1629139,2021-2023,0.9050970971933809,0.36979837285480144,-0.5352987243385795
1629162,2021-2023,0.7551403110084004,0.5732469004516533,-0.18189341055674713
1629164,2021-2023,0.5029127917762437,0.216068272614303,-0.2868445191619407
1629185,2021-2023,0.3951641450439975,0.35619058919858115,-0.03897355584541634
1629216,2021-2023,0.997744406967017,0.7623878258091823,-0.23535658115783475
1629234,2021-2023,0.3535582032870723,0.09060697638316963,-0.2629512269039027
1629244,2021-2023,-0.44990085798182483,-0.4696802519361533,-0.019779393954328484
1629308,2021-2023,0.15563093175308274,0.06131486406280766,-0.09431606769027508
1629312,2021-2023,-0.07504732494933156,-0.3108673041074059,-0.23581997915807432
1629599,2021-2023,0.3614771428838749,0.16138222691621057,-0.20009491596766432
1629610,2021-2023,0.10299551562438654,0.26977475216454805,0.16677923654016152
1629611,2021-2023,0.5284306284211884,0.19573778998863556,-0.3326928384325528
1629614,2021-2023,0.8494585173488638,0.965582829001912,0.11612431165304815
1629622,2021-2023,0.9770868207485167,0.5726408645143537,-0.404445956234163
1629626,2021-2023,-0.7178992001268976,-0.7189177499732109,-0.0010185498463133325
1629627,2021-2023,3.7094152569770564,3.148990318417682,-0.5604249385593745
1629628,2021-2023,1.6005665008082999,1.3417219754840093,-0.2588445253242906
1629629,2021-2023,0.47895811759630663,0.47207971579357755,-0.006878401802729084
1629630,2021-2023,4.901566105378864,4.398404828837698,-0.5031612765411655
1629631,2021-2023,0.024423489429313057,-0.20631231105425946,-0.2307358004835725
1629632,2021-2023,1.7451029814973087,1.737233090428651,-0.007869891068657653
1629633,2021-2023,-0.15842574842543672,-0.13603426672081448,0.02239148170462224
1629634,2021-2023,0.9398474838678788,0.5585519825281391,-0.38129550133973966
1629635,2021-2023,0.2584860915160586,0.4250033756414022,0.1665172841253436
1629636,2021-2023,3.768479820676194,3.071058863946262,-0.6974209567299319
1629637,2021-2023,0.7540206343529606,0.6974507234478422,-0.056569910905118426
1629638,2021-2023,0.8178471170107076,0.8620453796330227,0.04419826262231519
1629639,2021-2023,2.794418962116861,2.3550502710494206,-0.4393686910674406
1629640,2021-2023,1.919409246980176,1.6144988321845737,-0.3049104147956023
1629641,2021-2023,0.24916918640116908,0.3231488901096744,0.07397970370850532
1629642,2021-2023,0.4883151380871002,0.5429818827686368,0.054666744681536594
1629643,2021-2023,1.052988142534111,1.072604693128555,0.019616550594444115
1629645,2021-2023,2.926219351290507,2.567453308183082,-0.3587660431074249
1629646,2021-2023,0.5760794104363152,0.7729073067712275,0.19682789633491238
1629647,2021-2023,0.5517305136930593,0.33593843892040176,-0.2157920747726575
1629650,2021-2023,0.21779999064711725,0.20343700713427473,-0.014362983512842514
1629651,2021-2023,0.6852504611317516,0.6078114905400299,-0.07743897059172167
1629652,2021-2023,0.5277061353958211,0.4476813750881912,-0.0800247603076299
1629655,2021-2023,1.0139734397082978,0.5149981163621347,-0.4989753233461631
1629656,2021-2023,1.5689239222966498,1.29160173866044,-0.27732218363620986
1629659,2021-2023,1.3396797897201882,1.3031095791443712,-0.036570210575817
1629660,2021-2023,1.2794101969183322,1.0009437841409725,-0.27846641277735973
1629661,2021-2023,2.042716870169638,1.2498309122132136,-0.7928859579564245
1629667,2021-2023,0.41959658626227725,0.14434692192553727,-0.27524966433674
1629669,2021-2023,1.394962227130221,1.3104911929485745,-0.08447103418164659
1629670,2021-2023,0.4161711855318672,0.26648203235708107,-0.14968915317478615
1629672,2021-2023,0.0633868215755232,-0.1327148483222491,-0.1961016698977723
1629673,2021-2023,2.9666132621675727,2.6476052094991784,-0.31900805266839427
1629674,2021-2023,-1.0910676567440478,-0.9194590021396992,0.1716086546043486
1629675,2021-2023,0.6722138239149409,0.6165554298762072,-0.05565839403873374
1629677,2021-2023,0.15621114387936283,0.3255702776938475,0.16935913381448467
1629678,2021-2023,-0.25546175509859803,-0.22269601532188896,0.032765739776709074
1629680,2021-2023,-0.06487246366778857,-0.22534039065915054,-0.16046792699136198
1629684,2021-2023,0.7163825691011232,0.5435068543653734,-0.1728757147357498
1629713,2021-2023,0.1351576604001122,-0.15349061328781294,-0.2886482736879251
1629723,2021-2023,0.6283384596894986,0.43622110865966945,-0.1921173510298292
1629726,2021-2023,0.9792937426968411,0.6242199569697193,-0.3550737857271218
1629731,2021-2023,0.6870226053364281,0.45917255881104896,-0.22785004652537916
1629735,2021-2023,-0.5176744200535481,-0.7549581553210323,-0.23728373526748414
1629740,2021-2023,0.4324050158049465,0.5067911528021074,0.0743861369971609
1629744,2021-2023,0.41650010529723813,0.2547340423437974,-0.16176606295344076
1629750,2021-2023,0.45702468291122067,0.08241883691339229,-0.37460584599782837
1630162,2021-2023,3.7700419252385458,3.349033968869449,-0.4210079563690967
1630163,2021-2023,3.915833365802217,3.331447822184478,-0.584385543617739
1630164,2021-2023,-1.1075272189094507,-1.1302284704779288,-0.02270125156847813
1630165,2021-2023,0.9515781596187984,1.1213921908629123,0.16981403124411387
1630166,2021-2023,1.000793365130288,1.1944239000619554,0.19363053493166738
1630167,2021-2023,0.3431697660113716,0.10649459434216588,-0.23667517166920574
1630168,2021-2023,0.8546725946078677,0.8909048124270023,0.03623221781913455
1630169,2021-2023,4.894253655547206,4.235650989650229,-0.6586026658969768
1630170,2021-2023,1.8564431801329726,1.7879916626580978,-0.06845151747487477
1630171,2021-2023,0.6405662151502434,0.6710054561008807,0.030439240950637325
1630172,2021-2023,1.1764569639099802,1.0045890856293385,-0.17186787828064176
1630173,2021-2023,-0.40129930513453227,-0.49184870924499685,-0.09054940411046458
1630174,2021-2023,0.3630411286522327,0.4072891702160145,0.044248041563781815
1630175,2021-2023,2.0977077595867777,2.1642911889534124,0.06658342936663475
1630178,2021-2023,3.163010388369528,2.662891486340972,-0.5001189020285559
1630180,2021-2023,1.716177314491445,1.4877328420866107,-0.22844447240483423
1630182,2021-2023,0.9065500409671072,1.0337420602644676,0.12719201929736035
1630183,2021-2023,0.7644872677687466,0.7929216532363202,0.028434385467573597
1630184,2021-2023,0.887055274138121,1.032045426370907,0.14499015223278588
1630188,2021-2023,-0.029221259132175416,0.13926211985106207,0.16848337898323748
1630191,2021-2023,-0.3584308102763012,-0.35551733488766046,0.0029134753886407294
1630192,2021-2023,0.3590508562969812,0.436991852606986,0.07794099631000478
1630193,2021-2023,2.7928319343202768,2.7405561295733434,-0.052275804746933385
1630194,2021-2023,0.1269085566580165,-0.026351377246150352,-0.15325993390416687
1630197,2021-2023,0.5587610907449346,0.7106805861618324,0.15191949541689775
1630198,2021-2023,1.8161068265609959,1.5169450503958974,-0.2991617761650984
1630200,2021-2023,1.58309187581921,1.5446724743302829,-0.038419401488927196
1630201,2021-2023,0.46679043035127676,0.4385740081472299,-0.028216422204046854
1630202,2021-2023,1.51359727495004,1.0965194695559712,-0.4170778053940687
1630204,2021-2023,0.2589477344203231,0.5247200718580458,0.2657723374377227
1630205,2021-2023,-0.20825669436572697,-0.45049434216005785,-0.24223764779433088
1630208,2021-2023,-0.5861666025337744,-0.7106727213372858,-0.12450611880351137
1630209,2021-2023,-0.213654648578009,-0.35547205243494717,-0.14181740385693817
1630214,2021-2023,0.749338291927694,0.8936596180659911,0.14432132613829718
1630215,2021-2023,1.8952482177377967,1.9603406793620681,0.0650924616242714
1630217,2021-2023,2.859157444803979,2.055368162463485,-0.8037892823404942
1630219,2021-2023,1.4857880085405437,1.0669744772749836,-0.4188135312655601
1630224,2021-2023,2.7792977455266974,2.451675770874239,-0.32762197465245846
1630228,2021-2023,1.4470357453265748,1.2574546914689382,-0.18958105385763657
1630230,2021-2023,0.4694208533554797,0.20046755422694257,-0.2689532991285371
1630231,2021-2023,0.7495024005095438,0.6668163754839181,-0.08268602502562561
1630235,2021-2023,0.3445502030029549,0.37447698023305626,0.029926777230101342
1630241,2021-2023,1.067380749101583,0.7467063917640587,-0.32067435733752425
1630243,2021-2023,0.45701292915601915,0.17570081986195835,-0.2813121092940608
1630245,2021-2023,0.7634721694917824,0.9021200542103323,0.13864788471854983
1630249,2021-2023,0.49058828967936813,0.6807352237799241,0.190146934100556
1630256,2021-2023,0.7807104550729328,0.36749666915120666,-0.41321378592172614
1630264,2021-2023,-0.1335894375027458,-0.1909168922238429,-0.0573274547210971
1630288,2021-2023,0.04628676002043246,0.001746822818124155,-0.044539937202308304
1630314,2021-2023,1.5667104257441171,1.3345793158729284,-0.23213110987118868
1630322,2021-2023,1.127306620723785,0.8484947271646858,-0.2788118935590992
1630346,2021-2023,0.3597700237621232,0.19143894109705034,-0.16833108266507285
1630526,2021-2023,0.895735734596585,0.943956849893306,0.04822111529672102
1630527,2021-2023,0.9027997277914771,0.7587997229547702,-0.14400000483670694
1630529,2021-2023,0.5957948490511132,0.5750468533829138,-0.020747995668199404
1630530,2021-2023,2.3405127566343515,1.7098093354954458,-0.6307034211389058
1630531,2021-2023,1.055214193300108,1.241202945421616,0.185988752121508
1630532,2021-2023,2.8822689233034757,2.6379150209949205,-0.24435390230855525
1630533,2021-2023,0.6815844789135442,0.9520291073348496,0.27044462842130534
1630534,2021-2023,0.4636001375202028,0.5241939039268109,0.060593766406608074
1630536,2021-2023,0.026017599961456715,0.28367994614351744,0.25766234618206074
1630537,2021-2023,0.5708094829153477,0.28340145919058557,-0.28740802372476215
1630538,2021-2023,2.811449336789903,2.329904009338129,-0.48154532745177425
1630539,2021-2023,-0.5996600060857981,-0.2827298357325166,0.31693017035328147
1630540,2021-2023,0.5957734756293964,0.9467342834597929,0.3509608078303965
1630541,2021-2023,1.1074118944879698,1.25606212233693,0.1486502278489601
1630543,2021-2023,0.26443856885387335,0.3408100948048761,0.07637152595100277
1630544,2021-2023,1.2019608571566889,1.3029840052574826,0.10102314810079371
1630548,2021-2023,0.13719363481572283,0.40203361260306536,0.26483997778734253
1630549,2021-2023,0.018135768026779332,0.09952115466471396,0.08138538663793463
1630550,2021-2023,0.3390796863049279,0.44615298008773674,0.10707329378280883
1630551,2021-2023,1.055406195784119,1.191650328189085,0.1362441324049659
1630552,2021-2023,0.6933696404702364,0.886258987685213,0.19288934721497664
1630553,2021-2023,0.7537198263330155,0.8067382384113693,0.05301841207835378
1630556,2021-2023,0.5581553761813054,0.7178106025190353,0.15965522633772988
1630557,2021-2023,1.0929409956985556,0.6500066491283143,-0.44293434657024133
1630558,2021-2023,0.5838931369674961,0.6388007089813321,0.054907572013836003
1630559,2021-2023,1.4960987286944358,1.1470487109621217,-0.34905001773231414
1630560,2021-2023,2.0192906873647543,2.1048946875117025,0.08560400014694824
1630567,2021-2023,2.3348927653560083,2.2663427509261793,-0.068550014429829
1630568,2021-2023,0.9710702651734652,0.9997664378717571,0.028696172698291944
1630570,2021-2023,1.095108029427082,1.1467554677577725,0.05164743833069041
1630572,2021-2023,0.4769079312142946,0.4324040498590402,-0.044503881355254404
1630573,2021-2023,0.9525767514368313,0.32743553685905336,-0.6251412145777779
1630577,2021-2023,0.966460871008658,0.859426711463432,-0.107034159545226
1630578,2021-2023,1.961750788539008,1.851479282154304,-0.11027150638470395
1630579,2021-2023,-0.5868429830121609,-0.7544467175058717,-0.1676037344937108
1630581,2021-2023,2.784363252537699,2.6358915072083695,-0.1484717453293296
1630583,2021-2023,0.9409737029541692,0.9496058125617897,0.008632109607620508
1630587,2021-2023,0.5929571698650196,0.3164749509006554,-0.27648221896436415
1630590,2021-2023,1.0025254440564235,0.8991448224675633,-0.10338062158886019
1630591,2021-2023,1.254320206170353,1.052093094778694,-0.20222711139165894
1630595,2021-2023,2.6788167721885427,2.455352620111862,-0.2234641520766809
1630596,2021-2023,1.0876279934563473,0.8402821505890226,-0.24734584286732475
1630598,2021-2023,0.42057494967583064,0.30938701438813965,-0.111187935287691
1630610,2021-2023,-0.19858626693481332,-0.3577487850326931,-0.15916251809787976
1630625,2021-2023,0.3498482482611641,0.43646292222025596,0.08661467395909184
1630631,2021-2023,0.9656457864306949,0.884437882490489,-0.08120790394020583
1630639,2021-2023,0.9113480472881774,1.00556205514046,0.09421400785228262
1630643,2021-2023,0.9460807682233755,0.4574941699368031,-0.4885865982865724
1630647,2021-2023,0.18310970551425637,-0.1928592983438562,-0.3759690038581126
1630649,2021-2023,-0.5320083567033895,-0.7293673520703557,-0.19735899536696622
1630692,2021-2023,0.7441135158075157,0.5500914712910976,-0.19402204451641814
1630695,2021-2023,0.0780699640285381,-0.32093373539686043,-0.39900369942539854
1630696,2021-2023,-0.11048242125168176,-0.23569841582216836,-0.1252159945704866
1630699,2021-2023,0.4970911892105231,0.6682479288420784,0.1711567396315553
1630700,2021-2023,0.49714553527871785,0.8173818218015949,0.32023628652287706
1630702,2021-2023,2.4271407484292746,2.129969140823962,-0.2971716076053128
1631093,2021-2023,2.4176052360729137,2.163284801539527,-0.2543204345333865
1631094,2021-2023,2.749754487495484,2.3587221227354767,-0.39103236476000713
1631095,2021-2023,0.5754196328035359,0.5101054582145553,-0.06531417458898059
1631097,2021-2023,1.0736824840295032,0.9043441416912005,-0.1693383423383027
1631098,2021-2023,-0.01533281163842525,0.16767110776019697,0.18300391939862223
1631099,2021-2023,2.128714144365216,1.7247665618539139,-0.40394758251130236
1631101,2021-2023,0.8598718018344286,0.8322393490157701,-0.02763245281865845
1631102,2021-2023,0.7166734811351628,0.968401697126439,0.25172821599127615
1631103,2021-2023,1.050149516897374,1.243932050132755,0.19378253323538108
1631104,2021-2023,0.028758142254125808,0.11967690962436209,0.09091876737023628
1631105,2021-2023,0.8854469319423315,0.8945371147695835,0.009090182827252047
1631106,2021-2023,0.536987520474457,0.5121767980249322,-0.024810722449524758
1631107,2021-2023,1.3545267033960677,1.099645689167601,-0.25488101422846676
1631108,2021-2023,0.3858740860107429,0.6386644752962731,0.2527903892855302
1631109,2021-2023,0.01053263302138627,0.3007776378083487,0.2902450047869624
1631110,2021-2023,1.1537476774687312,1.1429633675449273,-0.010784309923803859
1631111,2021-2023,0.5844717096325004,0.7966006369623153,0.21212892732981492
1631113,2021-2023,0.8860296897884089,0.9926784624160154,0.10664877262760653
1631114,2021-2023,1.6332709707886663,1.6267231489664653,-0.006547821822201039
1631115,2021-2023,0.38286334072534034,0.5839736919237537,0.20111035119841336
1631116,2021-2023,1.344010204735561,1.2061492915654888,-0.13786091317007232
1631117,2021-2023,1.0460588811236806,0.7727169387164905,-0.2733419424071901
1631119,2021-2023,1.0222187448506361,1.1146884369615608,0.0924696921109247
1631120,2021-2023,0.7620811275508067,0.9321962453033878,0.17011511775258115
1631121,2021-2023,0.11562239350820518,0.281852570261956,0.1662301767537508
1631123,2021-2023,-0.36687508271672253,-0.5622295085796373,-0.19535442586291474
1631128,2021-2023,0.636799924206393,0.7811608565211561,0.1443609323147631
1631132,2021-2023,-0.5134835844727077,-0.2606790207370614,0.2528045637356463
1631133,2021-2023,-0.31711082128737794,-0.10337361176920531,0.21373720951817263
1631157,2021-2023,0.2417202569820763,0.2883806903817024,0.04666043339962608
1631165,2021-2023,1.0053669732500636,0.7891999219100916,-0.21616705133997205
1631169,2021-2023,0.58185913360538,0.6516982177707393,0.06983908416535933
1631172,2021-2023,0.7843345801015325,1.0841561386099965,0.29982155850846404
1631197,2021-2023,-0.2662874107644951,-0.14220365925116557,0.12408375151332951
1631199,2021-2023,0.6555781483558994,0.7178131599234577,0.062235011567558285
1631207,2021-2023,1.0695320585513106,1.20717405867385,0.13764200012253935
1631212,2021-2023,0.09704910397750363,0.20186797213307622,0.10481886815557259
1631213,2021-2023,0.07667264158544576,-0.13833170053799632,-0.21500434212344208
1631216,2021-2023,0.3428656275904743,0.7216731971915397,0.3788075696010654
1631217,2021-2023,0.16377002510838196,0.44835604497789827,0.2845860198695163
1631222,2021-2023,0.7881776176580735,1.039124390574901,0.25094677291682754
1631223,2021-2023,0.2362823770441021,0.37601967112938317,0.13973729408528107
1631230,2021-2023,0.06753322347724451,0.5186689194768466,0.45113569599960207
1631245,2021-2023,0.2325486302728022,-0.07038065915427613,-0.3029292894270783
1631246,2021-2023,0.3013859050438511,0.3559094343650211,0.054523529321169995
1631260,2021-2023,1.0679787763250612,0.9461991646623631,-0.12177961166269813
1631288,2021-2023,0.43990992541610846,0.13898048984732028,-0.30092943556878815
1631303,2021-2023,-0.5902020011101544,-0.5850335365302971,0.0051684645798573126
1631306,2021-2023,0.1291816822290089,0.20822469066690444,0.07904300843789555
1631311,2021-2023,2.0627920432865845,1.9926321561529163,-0.07015988713366816
1631323,2021-2023,0.0741303208105092,-0.09654946975532089,-0.1706797905658301
1631367,2021-2023,0.28827454746775955,0.15015550431450905,-0.1381190431532505
1631466,2021-2023,0.40988284326312724,0.17431189296720206,-0.23557095029592517
2544,2024-2026,6.295673584905008,6.717749532831728,0.42207594792671976
101108,2024-2026,3.0279587352527906,3.148184650524965,0.12022591527217452
200768,2024-2026,2.121901631246371,2.497526339050614,0.37562470780424295
200782,2024-2026,-0.0005293338683912463,0.4570210328004219,0.45755036666881316
201142,2024-2026,5.100775858024904,4.8637149362096395,-0.2370609218152646
201143,2024-2026,1.9700644486291168,2.4640026037924434,0.4939381551633266
201144,2024-2026,2.931571883178589,2.9817355716745753,0.0501636884959864
201145,2024-2026,0.9751772500471887,1.6234078969785781,0.6482306469313894
201152,2024-2026,1.6754563805208353,1.962033682654237,0.2865773021334017
201565,2024-2026,1.4465572091990635,1.6659613168752672,0.21940410767620366
201566,2024-2026,3.139752322345171,3.2726354946344776,0.13288317228930646
201567,2024-2026,2.5663591097316996,2.919605257387003,0.3532461476553035
201568,2024-2026,1.962936161787668,2.1839091626031393,0.22097300081547133
201569,2024-2026,2.0039128742565344,1.8904627343561178,-0.11345013990041664
201572,2024-2026,1.4211933150175033,2.043965881957613,0.6227725669401099
201577,2024-2026,0.37085440294974287,0.5707011940724649,0.19984679112272202
201580,2024-2026,0.3770271569099459,0.8565180833012149,0.479490926391269
201587,2024-2026,1.349597525154363,1.4204404915638773,0.07084296640951426
201599,2024-2026,0.2644023908458224,0.7610648657798291,0.4966624749340067
201935,2024-2026,6.45805236480205,5.9978315809499225,-0.4602207838521277
201939,2024-2026,7.300343267992323,6.520292374507866,-0.7800508934844572
201942,2024-2026,3.4807238164890864,3.6181771305140495,0.1374533140249632
201949,2024-2026,0.12979811591757373,0.37207796984220554,0.2422798539246318
201950,2024-2026,3.0045988410648596,3.0161762219321364,0.011577380867276776
201959,2024-2026,-0.748087455053459,-0.1604496492332529,0.5876378058202061
201976,2024-2026,1.7645807879654718,1.9021124097603597,0.13753162179488787
201980,2024-2026,0.024142985835454118,0.4444393505057745,0.4202963646703204
201988,2024-2026,1.3579227858444713,1.8001706628872562,0.4422478770427849
202066,2024-2026,1.1523903095334815,1.710380430458321,0.5579901209248395
202083,2024-2026,0.6124124246871293,0.9450750565050638,0.33266263181793454
202330,2024-2026,1.5013971758028037,1.770775253504549,0.26937807770174516
202331,2024-2026,3.6287039210538445,3.6125814107763574,-0.016122510277487123
202397,2024-2026,0.28879986975995886,0.5196624832772772,0.2308626135173183
202681,2024-2026,5.028675945427978,4.5915367936648135,-0.43713915176316487
202684,2024-2026,-0.15361008095722853,0.2588019495699245,0.41241203052715303
202685,2024-2026,1.633700327603341,2.019775490469935,0.38607516286659394
202687,2024-2026,-1.469200461669138,-1.171587263953406,0.29761319771573214
202691,2024-2026,3.0704818941073855,2.9814838035573707,-0.08899809055001473
202692,2024-2026,2.130267912932942,2.190927610075139,0.0606596971421971
202693,2024-2026,0.2608453970915575,0.5905994798849707,0.32975408279341323
202694,2024-2026,0.4142867754101832,0.603589557862023,0.18930278245183974
202695,2024-2026,6.085812079975137,5.629036533049122,-0.4567755469260151
202696,2024-2026,2.2463542110940624,2.2093532549265094,-0.037000956167553056
202699,2024-2026,1.8877497897080917,1.8744826703454147,-0.013267119362676993
202704,2024-2026,1.7499110581667012,1.98550059477243,0.2355895366057288
202709,2024-2026,1.0988986667887575,1.296406746017577,0.19750807922881952
202710,2024-2026,4.255913319127989,4.5179465692092915,0.26203325008130207
202711,2024-2026,2.1289161866542194,2.1825109192937875,0.05359473263956804
202722,2024-2026,1.330633769080059,1.093110690589819,-0.23752307849024
202738,2024-2026,0.9346623139718749,0.9843842715496909,0.049721957577815945
203076,2024-2026,2.223426270842645,2.3026378185129794,0.07921154767033434
203078,2024-2026,2.465471669795559,2.1583425145043162,-0.30712915529124274
203081,2024-2026,5.685160789499955,4.993255705334391,-0.6919050841655636
203083,2024-2026,0.20738165360681227,0.21651973366799523,0.009138080061182968
203084,2024-2026,1.7884310903696297,1.5954059232790976,-0.19302516709053208
203095,2024-2026,0.8380989694771162,0.736690513584783,-0.10140845589233316
203109,2024-2026,1.0395610011397083,1.156886039312667,0.1173250381729587
203110,2024-2026,2.084664060710841,2.231806637366528,0.1471425766556873
203114,2024-2026,2.7010355454293937,2.67222453149371,-0.02881101393568386
203200,2024-2026,1.0995689997308484,1.187643592592704,0.0880745928618556
203458,2024-2026,-0.33334386287027107,-0.19659478940721692,0.13674907346305415
203468,2024-2026,3.1376813371174683,2.8513230733583628,-0.28635826375910556
203469,2024-2026,0.618522147109296,0.6283133605824235,0.009791213473127502
203471,2024-2026,1.6389077171288549,1.3600736410547474,-0.2788340760741075
203482,2024-2026,1.8166108978162225,1.905191350245645,0.08858045242942247
203484,2024-2026,1.3543444105164961,1.3130705098980964,-0.04127390061839975
203486,2024-2026,0.33750535013062816,0.8035363634877644,0.4660310133571362
203488,2024-2026,0.42067085478900246,0.5662772473684307,0.1456063925794282
203490,2024-2026,0.06292861445005678,-0.07012633412182943,-0.1330549485718862
203493,2024-2026,0.1037038688631482,0.29189420034217883,0.18819033147903064
203496,2024-2026,0.7848294772278417,0.8830691604261043,0.0982396831982626
203497,2024-2026,0.6348665365058088,0.8620005533875854,0.2271340168817766
203500,2024-2026,0.6585323362968408,0.8280559141961069,0.1695235778992661
203501,2024-2026,2.2604026333430944,2.2043183189030047,-0.056084314440089766
203507,2024-2026,3.511269341759255,3.0714246326861723,-0.4398447090730828
203552,2024-2026,1.5756344131392834,1.5555626000005929,-0.020071813138690553
203648,2024-2026,-0.0269364124777434,-0.022108932210558114,0.004827480267185286
203897,2024-2026,2.4626062876947237,1.9326525896994944,-0.5299536979952293
203901,2024-2026,-0.3359026780440534,-0.08265595499693394,0.2532467230471194
203903,2024-2026,2.2721978615747895,2.422394367279214,0.15019650570442433
203914,2024-2026,0.6375896186497922,0.556666480838622,-0.08092313781117022
203915,2024-2026,1.6753906686889066,1.5716528361555029,-0.10373783253340374
203924,2024-2026,1.62918767967187,1.3836566801363446,-0.24553099953552548
203925,2024-2026,-0.09754084947147752,0.1216260327805367,0.21916688225201422
203926,2024-2026,0.7411835948511992,0.6402970330715757,-0.10088656177962352
203932,2024-2026,1.416591476437303,1.3160904156799416,-0.10050106075736154
203933,2024-2026,-0.14563347723359416,-0.13987537880385503,0.0057580984297391224
203935,2024-2026,1.641079532060387,1.5665683811122777,-0.07451115094810934
203937,2024-2026,0.6488411914134805,0.6623606880341553,0.013519496620674754
203939,2024-2026,0.3014194287578039,0.36896383345909906,0.06754440470129514
203944,2024-2026,2.6989767849067574,2.3431169061314607,-0.3558598787752967
203952,2024-2026,1.9635698135302682,1.6186122043726658,-0.3449576091576023
203954,2024-2026,4.450767684376787,4.01610702377597,-0.43466066060081676
203957,2024-2026,0.45381853386172494,0.12959930752742793,-0.324219226334297
203967,2024-2026,1.1460042806949917,1.0428136180820884,-0.10319066261290333
203991,2024-2026,0.060303720130407745,-0.1046895442888935,-0.16499326441930123
203992,2024-2026,1.9666470692919773,1.8563290455859658,-0.11031802370601151
203994,2024-2026,1.046920433267801,0.8770883536874494,-0.16983207958035162
203999,2024-2026,5.700103443658297,5.085863593409553,-0.6142398502487438
204001,2024-2026,2.3226031716269575,1.9677414441232048,-0.35486172750375267
204060,2024-2026,1.5604781203120721,1.587881379703473,0.02740325939140087
204456,2024-2026,2.1474410485031488,2.0846359714904086,-0.06280507701274018
1626143,2024-2026,-0.16000263113816732,-0.1628445787545063,-0.002841947616338991
1626145,2024-2026,1.8593431195270973,1.4162335600479135,-0.44310955947918385
1626153,2024-2026,1.2152805467792605,1.4423693590718787,0.22708881229261824
1626156,2024-2026,2.2726883473232777,1.9199986675766536,-0.35268967974662413
1626157,2024-2026,2.655378226495684,2.133628058253248,-0.5217501682424359
1626158,2024-2026,-0.061535060722621805,-0.008918736266603167,0.05261632445601864
1626162,2024-2026,0.569977489909058,0.4034686073720481,-0.16650888253700996
1626164,2024-2026,4.10095605943621,3.783923485202336,-0.317032574233874
1626166,2024-2026,1.2634410702826997,1.052685990565126,-0.21075507971757368
1626167,2024-2026,0.7570267419343931,0.5277809560115291,-0.22924578592286404
1626168,2024-2026,0.8089729096578251,0.5452582835551447,-0.26371462610268037
1626171,2024-2026,1.351733216132574,0.9298502748895441,-0.42188294124302983
1626172,2024-2026,0.6109590579272913,0.4012874747949432,-0.20967158313234813
1626174,2024-2026,-0.5752745895625775,-0.7972655982697477,-0.22199100870717026
1626179,2024-2026,2.184020179715089,2.078017435941448,-0.10600274377364105
1626181,2024-2026,2.1706109770609134,1.7180440811196163,-0.4525668959412972
1626192,2024-2026,0.8970667802510783,0.8178485451395552,-0.07921823511152315
1626196,2024-2026,0.8543973127389968,0.7172548692825581,-0.13714244345643867
1626204,2024-2026,0.7091271013506548,0.5688030782580814,-0.1403240230925734
1626220,2024-2026,1.6644822624134634,1.36091361242303,-0.3035686499904333
1626224,2024-2026,0.345180958997753,0.07179156074537338,-0.2733893982523796
1626246,2024-2026,0.7760447950081902,1.3287571350382454,0.5527123400300552
1627732,2024-2026,-0.06926439547044703,-0.12471841893855565,-0.05545402346810861
1627734,2024-2026,1.9555575037754498,1.583089434947626,-0.3724680688278237
1627736,2024-2026,1.2040060276535443,0.6345622893434273,-0.569443738310117
1627739,2024-2026,0.9229538338526424,0.9066200515986818,-0.01633378225396065
1627741,2024-2026,1.9382454149537132,1.9210409398777304,-0.017204475075982772
1627742,2024-2026,1.9904420222240042,1.564099170339043,-0.42634285188496124
1627745,2024-2026,-0.5784204642551314,-0.70204390148366,-0.12362343722852864
1627746,2024-2026,0.5940869454009147,0.38893471694735204,-0.20515222845356262
1627747,2024-2026,1.271585057028134,0.9838875169063742,-0.28769754012175974
1627749,2024-2026,2.245661081690342,1.8402925886428574,-0.4053684930474848
1627750,2024-2026,4.402424260372365,3.7817858032105263,-0.6206384571618391
1627751,2024-2026,1.0575981293955412,0.5957037204634401,-0.4618944089321011
1627752,2024-2026,0.8933315743721046,0.44216029403195717,-0.4511712803401475
1627759,2024-2026,2.817344637598586,2.3579130249970293,-0.45943161260155696
1627763,2024-2026,2.5657001327426707,2.381473255305087,-0.1842268774375837
1627777,2024-2026,0.6032383643306385,0.4729681417297652,-0.1302702226008733
1627780,2024-2026,0.9368913631121032,0.8778802483171905,-0.05901111479491272
1627783,2024-2026,2.6636630536769044,2.511448196922454,-0.15221485675445035
1627788,2024-2026,-0.29046285180150405,-0.5163100141584638,-0.22584716235695973
1627814,2024-2026,1.896988016565619,2.110190439643894,0.21320242307827497
1627824,2024-2026,0.8996268165798676,0.6704385179555474,-0.22918829862432022
1627826,2024-2026,0.2152770412507135,0.1169644447719076,-0.09831259647880591
1627827,2024-2026,1.2192705721565296,1.187995698151468,-0.03127487400506146
1627832,2024-2026,2.325387590579484,2.0534764114494104,-0.2719111791300737
1627853,2024-2026,-0.09317315784171176,-0.1125002765272686,-0.019327118685556838
1627863,2024-2026,-0.0040085905825572475,-0.003557168579425751,0.0004514220031314963
1627884,2024-2026,0.10514783865601462,-0.22247334081860695,-0.32762117947462155
1627885,2024-2026,-0.42349295066486736,-0.44964048817717367,-0.026147537512306307
1627936,2024-2026,1.3551777008900672,1.1175590347957975,-0.23761866609426963
1628365,2024-2026,-0.22499367550073326,-0.2782035178239509,-0.053209842323217654
1628366,2024-2026,0.4847083404885879,0.41841475125940375,-0.06629358922918416
1628368,2024-2026,2.636560441814617,2.198532830235146,-0.438027611579471
1628369,2024-2026,3.5259927586056845,3.0218029565005464,-0.5041898021051381
1628370,2024-2026,1.1882199461011007,0.9195065567218389,-0.2687133893792618
1628371,2024-2026,-0.12548003346041894,-0.519189042779052,-0.39370900931863306
1628372,2024-2026,0.26128442716184885,0.0885496882145679,-0.17273473894728095
1628373,2024-2026,-0.5536524137311701,-0.5826415100637442,-0.02898909633257407
1628374,2024-2026,2.2947004124113333,2.056740521200536,-0.2379598912107972
1628378,2024-2026,4.320659777971035,3.668531359068955,-0.6521284189020804
1628379,2024-2026,1.9417161492425763,1.1011348660679054,-0.8405812831746708
1628380,2024-2026,0.12213299131825128,0.09998585601968539,-0.022147135298565893
1628381,2024-2026,0.4253966399216583,0.31381222339662684,-0.11158441652503148
1628382,2024-2026,-0.3564783077557424,-0.5125532952774943,-0.15607498752175186
1628384,2024-2026,0.8100459218937537,0.5844592772207337,-0.22558664467302003
1628385,2024-2026,-0.48964497878911006,-0.8754428990150661,-0.38579792022595605
1628386,2024-2026,0.8383932581727361,0.8618478855142367,0.02345462734150061
1628389,2024-2026,1.7955052532851705,1.3521579537978927,-0.4433472994872778
1628391,2024-2026,0.2899380488668158,0.01487776683526985,-0.2750602820315459
1628392,2024-2026,0.7918718882983387,0.7148144954035393,-0.0770573928947994
1628396,2024-2026,-0.5247722718291336,-0.5340123585310288,-0.009240086701895245
1628398,2024-2026,1.0129237814376375,0.7075330884009043,-0.30539069303673316
1628401,2024-2026,2.514091652322875,2.2250468870360764,-0.28904476528679846
1628404,2024-2026,1.1145397509713946,0.9119036829202539,-0.20263606805114065
1628408,2024-2026,-0.13744128676396997,-0.4282952155966308,-0.2908539288326608
1628415,2024-2026,1.04179254411377,0.8785144841299852,-0.16327805998378486
1628418,2024-2026,-0.06496453965183727,-0.35164826906010305,-0.2866837294082658
1628420,2024-2026,1.0771649574269566,1.0280432590292443,-0.0491216983977123
1628424,2024-2026,0.05977101409628329,-0.20385669826202593,-0.26362771235830923
1628427,2024-2026,-0.7615827588012458,-0.8526856705011131,-0.09110291169986728
1628436,2024-2026,1.119820238837187,0.9790700525843393,-0.14075018625284763
1628449,2024-2026,0.5833687977961416,0.7269195571352041,0.14355075933906247
1628464,2024-2026,-0.10723352489800728,0.17745088769345002,0.28468441259145727
1628467,2024-2026,-0.1889855561780492,-0.03823709508424184,0.15074846109380738
1628470,2024-2026,1.0086550531757255,1.1495902146880965,0.14093516151237107
1628960,2024-2026,1.9219216754730906,1.335799093417571,-0.5861225820555196
1628962,2024-2026,-1.9028029949423448,-1.745951828347745,0.15685116659459974
1628963,2024-2026,0.24032198915617903,0.2866410409419378,0.04631905178575879
1628964,2024-2026,-1.1731380663895856,-1.3798650377206503,-0.20672697133106466
1628966,2024-2026,0.19597354059315208,-0.2547592565300886,-0.45073279712324066
1628969,2024-2026,1.7837922130653934,1.3455269098161735,-0.43826530324921986
1628970,2024-2026,1.257979840909896,1.008750159997056,-0.2492296809128398
1628971,2024-2026,-0.02424858713295728,-0.19300542459466227,-0.168756837461705
1628972,2024-2026,-0.34887432338766244,-0.41679413172219953,-0.06791980833453709
1628973,2024-2026,4.3743968523605,3.769231142386014,-0.6051657099744863
1628975,2024-2026,0.864958325750518,0.6572298196096213,-0.20772850614089666
1628976,2024-2026,-0.08780592536641249,-0.20873402936580954,-0.12092810399939705
1628977,2024-2026,-0.30218433365692166,-0.4387652953522223,-0.13658096169530065
1628978,2024-2026,1.8463390132499626,1.1697264022985612,-0.6766126109514015
1628981,2024-2026,-0.9526578237316802,-0.8863495904588495,0.06630823327283064
1628983,2024-2026,5.587935762320895,4.996391712089475,-0.5915440502314198
1628984,2024-2026,0.8064556610952922,0.6539830276648537,-0.1524726334304385
1628988,2024-2026,0.7202092830145326,0.32646171714677286,-0.3937475658677597
1628989,2024-2026,0.7201131833646354,0.3875744895596101,-0.33253869380502526
1628991,2024-2026,0.9995344710646504,0.6097401442431527,-0.3897943268214977
1628995,2024-2026,-0.6930412720595832,-0.8077738978400492,-0.11473262578046595
1628997,2024-2026,0.14103868191889662,-0.11739541405811313,-0.2584340959770097
1628998,2024-2026,0.2203773753394036,0.05705762530368454,-0.16331975003571908
1629001,2024-2026,1.0162191500040958,0.7423531400024074,-0.2738660100016884
1629002,2024-2026,-0.37223604347576095,-0.6060959407367431,-0.23385989726098216
1629003,2024-2026,0.10172158759779011,-0.09764350235337269,-0.1993650899511628
1629004,2024-2026,0.8973832162464674,0.7083473786679447,-0.18903583757852271
1629006,2024-2026,0.41226689662550475,-0.0588332036597289,-0.47110010028523364
1629008,2024-2026,1.7784404682856683,1.317097498315585,-0.4613429699700833
1629010,2024-2026,-0.46784164600209843,-0.8656750427462303,-0.3978333967441319
1629011,2024-2026,-0.39171785180862134,-0.5060034724891889,-0.11428562068056752
1629012,2024-2026,2.557356854791756,2.292984476063552,-0.2643723787282042
1629013,2024-2026,0.38837480166585325,0.22615350376526186,-0.1622212979005914
1629014,2024-2026,2.004251373694305,1.5940471520503237,-0.4102042216439812
1629018,2024-2026,0.7259415417821657,0.35992915601803144,-0.3660123857641343
1629020,2024-2026,-0.20862242306670203,-0.423921581776358,-0.215299158709656
1629021,2024-2026,0.3243366053291391,0.1150528947893352,-0.2092837105398039
1629022,2024-2026,0.6453404189449531,0.19091724495352907,-0.454423173991424
1629023,2024-2026,0.2018919360461911,-0.09580500306752897,-0.2976969391137201
1629026,2024-2026,0.9668581093343066,0.7108179212043442,-0.25604018812996243
1629027,2024-2026,3.8979352041624247,2.9439332042030086,-0.954001999959416
1629028,2024-2026,-0.195986221178521,-0.45374105196065634,-0.25775483078213535
1629029,2024-2026,5.694937742378325,4.99945449443349,-0.6954832479448356
1629048,2024-2026,0.1322482917403577,0.28232364185157766,0.15007535011121995
1629052,2024-2026,0.0982298423504349,-0.18616902641591493,-0.28439886876634984
1629056,2024-2026,-0.3164111213118406,-0.3397295801081831,-0.02331845879634248
1629057,2024-2026,-0.37380983035677096,-0.4752630058877304,-0.10145317553095945
1629060,2024-2026,0.13585601835135272,-0.2977455938765628,-0.4336016122279155
1629111,2024-2026,1.1108822105890692,0.9032496808539898,-0.2076325297350794
1629117,2024-2026,-1.5325837552668804,-1.700579596804792,-0.1679958415379117
1629130,2024-2026,1.2731386409680658,0.8374717809596263,-0.43566686000843957
1629139,2024-2026,-0.3197571995963141,-0.5773700188858703,-0.25761281928955615
1629162,2024-2026,1.3882379453027152,0.9999959282833377,-0.38824201701937744
1629216,2024-2026,0.5005957637080248,0.45072410798540935,-0.04987165572261548
1629234,2024-2026,-1.3146184992735541,-1.3160249958888433,-0.0014064966152891323
1629308,2024-2026,-0.4878670401839047,-0.43716524735582885,0.05070179282807585
1629312,2024-2026,0.5641186652554355,0.19427859962085495,-0.3698400656345806
1629599,2024-2026,-0.14364315380989118,-0.41969127801702016,-0.276048124207129
1629603,2024-2026,-0.036095557467922076,-0.23223856710060597,-0.19614300963268388
1629610,2024-2026,-0.22962188190420552,-0.6352356503887124,-0.4056137684845069
1629611,2024-2026,0.265463381007277,-0.01667583120099634,-0.28213921220827337
1629614,2024-2026,0.8010109793399351,0.633042392368793,-0.16796858697114214
1629622,2024-2026,1.0902333916280689,0.8117135268677795,-0.27851986476028934
1629623,2024-2026,-0.3314956907694774,-0.6905762438461204,-0.359080553076643
1629626,2024-2026,0.09485763187075082,-0.38747113554444096,-0.48232876741519176
1629627,2024-2026,2.1117306242446725,1.7681979183901764,-0.34353270585449613
1629628,2024-2026,1.023530591287144,0.5308595845015169,-0.49267100678562703
1629629,2024-2026,-0.7923993518432044,-0.8474406897604272,-0.055041337917222766
1629630,2024-2026,2.7945020295751695,2.0239505805238434,-0.7705514490513261
1629631,2024-2026,0.40043461549993936,0.30895587268716684,-0.09147874281277252
1629632,2024-2026,1.8977797495048345,1.5317032420166918,-0.3660765074881427
1629634,2024-2026,0.30019266476503526,0.17939924992686737,-0.12079341483816788
1629636,2024-2026,2.8863417749361036,2.3472342355764972,-0.5391075393596063
1629637,2024-2026,-0.49935105885511016,-0.733704668754037,-0.23435360989892678
1629638,2024-2026,1.2721841699924412,0.8786411312846445,-0.3935430387077967
1629639,2024-2026,3.1353517267514497,2.720612675929986,-0.4147390508214639
1629640,2024-2026,0.39014817223827036,0.25652600824589084,-0.13362216399237953
1629642,2024-2026,-0.6246422470088395,-0.8337962201460073,-0.20915397313716777
1629643,2024-2026,0.10348869850943557,-0.13331985959470627,-0.23680855810414184
1629645,2024-2026,1.291787917916104,0.8754622248350621,-0.41632569308104195
1629646,2024-2026,-0.5879420890117405,-0.4299280797267798,0.15801400928496068
1629647,2024-2026,-0.6639051717598025,-0.6535891774172511,0.010315994342551371
1629650,2024-2026,-0.7638605862163812,-0.5947961645022793,0.16906442171410185
1629651,2024-2026,0.05832671922362078,0.03021519037472008,-0.0281115288489007
1629652,2024-2026,0.8712401064952126,0.4746233994043657,-0.39661670709084684
1629655,2024-2026,0.02177044188259778,-0.2344992332473812,-0.256269675129979
1629656,2024-2026,0.5330302556405371,0.33263923977269716,-0.20039101586783992
1629659,2024-2026,0.1378621596992314,-0.07055327095992156,-0.20841543065915297
1629660,2024-2026,4.072049017392675,3.4642297133085087,-0.607819304084166
1629661,2024-2026,2.067465105759564,1.64183895439051,-0.425626151369054
1629667,2024-2026,-0.5720601662264954,-0.5802189006486216,-0.008158734422126224
1629669,2024-2026,-0.6637089672659153,-0.7508678159696632,-0.0871588487037479
1629670,2024-2026,0.08291242938346549,-0.12028695952302115,-0.20319938890648664
1629673,2024-2026,1.837679169639101,1.3461876667696457,-0.4914915028694553
1629675,2024-2026,0.9341318068660167,0.4589809149554194,-0.47515089191059734
1629677,2024-2026,-1.0277743385494587,-1.11165002647469,-0.08387568792523137
1629678,2024-2026,-0.5678620513917277,-0.5623995738688381,0.005462477522889642
1629680,2024-2026,0.6160459707419207,0.31224913998145165,-0.30379683076046904
1629684,2024-2026,0.1832936733707622,0.01333252035029634,-0.16996115302046585
1629685,2024-2026,0.17670552920412644,0.027875117533739502,-0.14883041167038694
1629717,2024-2026,-0.3291124124655266,-0.46437595240749274,-0.13526353994196616
1629718,2024-2026,-1.1334818128749924,-1.274456357297305,-0.14097454442231272
1629723,2024-2026,0.6139716226639532,0.4460025367374132,-0.16796908592654003
1629726,2024-2026,-0.19758020811410498,-0.39958931053842456,-0.20200910242431958
1629731,2024-2026,0.6404804718405938,0.3200530210400454,-0.32042745080054835
1629750,2024-2026,0.8640649558265894,0.6059009315622077,-0.2581640242643817
1630162,2024-2026,3.6673880442842046,3.202740855190845,-0.46464718909335945
1630163,2024-2026,3.1277248014248276,2.201570255519266,-0.9261545459055616
1630164,2024-2026,-1.5493008740693326,-1.2927198705910405,0.25658100347829205
1630165,2024-2026,-0.27321504901830856,-0.24828926176245097,0.02492578725585759
1630166,2024-2026,1.8340817199947401,1.298722088501865,-0.535359631492875
1630167,2024-2026,0.8370834328254644,0.4174784726637476,-0.4196049601617168
1630168,2024-2026,0.37479130669968297,0.31396678118923804,-0.06082452551044493
1630169,2024-2026,5.197956439167237,4.567237052358673,-0.6307193868085639
1630170,2024-2026,1.3704515837618891,1.0787263911716019,-0.2917251925902873
1630171,2024-2026,0.1752011016983797,-0.013685967579315289,-0.188887069277695
1630172,2024-2026,-0.38844273194666024,-0.46162459396179684,-0.0731818620151366
1630173,2024-2026,-0.6791958285138182,-0.6572089580417698,0.021986870472048392
1630174,2024-2026,0.6016303984654915,0.3020429361292519,-0.29958746233623956
1630175,2024-2026,0.5088463063141473,0.2772435473470412,-0.23160275896710608
1630177,2024-2026,-0.9999293525193375,-0.9474693683179731,0.05245998420136433
1630178,2024-2026,3.5366662848290873,3.067884588338209,-0.4687816964908782
1630180,2024-2026,1.2223451990512182,1.02288923842752,-0.19945596062369808
1630181,2024-2026,-0.7111233778265129,-0.5127738045842596,0.19834957324225333
1630182,2024-2026,0.28128768467449605,0.16831438563894766,-0.1129732990355484
1630183,2024-2026,0.14794904894479674,0.025208190721373668,-0.12274085822342307
1630184,2024-2026,-0.15890784772885808,-0.1677743497104402,-0.00886650198158212
1630188,2024-2026,-0.27259326359498304,-0.35910387941929717,-0.08651061582431413
1630191,2024-2026,-1.464873563991105,-1.3423824368335322,0.12249112715757282
1630192,2024-2026,-0.7900731006319222,-1.0356944590851325,-0.24562135845321031
1630193,2024-2026,2.67255340456261,2.1709841423807252,-0.5015692621818846
1630194,2024-2026,-0.0412974470798947,-0.10136751228314086,-0.06007006520324616
1630197,2024-2026,-0.07876929509623345,-0.08501998351054103,-0.006250688414307579
1630198,2024-2026,1.0904935705136745,0.5601549340288697,-0.5303386364848047
1630200,2024-2026,1.150131156133304,1.1000350068111104,-0.05009614932219364
1630201,2024-2026,0.6025915225179476,0.41627049434130237,-0.1863210281766452
1630202,2024-2026,2.5860874287581956,1.7868056713013878,-0.7992817574568079
1630205,2024-2026,-0.6810154197238605,-0.8764231241481667,-0.19540770442430622
1630208,2024-2026,-1.594398033583881,-1.6852285286362154,-0.09083049505233443
1630209,2024-2026,-1.0909128456000452,-1.1557218899866766,-0.06480904438663138
1630214,2024-2026,-0.3633420976058938,-0.5450997380325731,-0.18175764042667925
1630215,2024-2026,0.6120136577711724,0.5444188044400208,-0.06759485333115167
1630217,2024-2026,2.572323912737448,2.214257657704935,-0.3580662550325133
1630219,2024-2026,0.09547854389318793,-0.03168011973233947,-0.1271586636255274
1630222,2024-2026,0.35620314026760413,0.05887770275635886,-0.2973254375112453
1630224,2024-2026,1.62691193899867,1.3474893930591112,-0.27942254593955873
1630227,2024-2026,-0.178018485428521,-0.09738407194133017,0.08063441348719083
1630228,2024-2026,0.5098945077586392,0.4597116005427636,-0.050182907215875594
1630230,2024-2026,0.6867781550136801,0.6603928200114465,-0.026385335002233612
1630231,2024-2026,-1.0547249950759823,-1.074864408897366,-0.020139413821383734
1630235,2024-2026,-0.5454434689739567,-0.5846574242497831,-0.039213955275826384
1630240,2024-2026,0.3789898824611394,0.14820851644519645,-0.23078136601594296
1630241,2024-2026,1.3837933654128345,0.8736872823557406,-0.5101060830570939
1630245,2024-2026,0.5042835684955354,0.20066529509588826,-0.3036182733996471
1630249,2024-2026,0.8349135765981103,0.0537436868462285,-0.7811698897518817
1630256,2024-2026,0.20883710169002673,-0.004631381329069889,-0.21346848301909663
1630264,2024-2026,0.37973891385986747,0.5091983852260532,0.12945947136618574
1630284,2024-2026,-0.5055315455744539,-0.7087066933939979,-0.20317514781954404
1630288,2024-2026,0.6353864972346525,0.3858379849318027,-0.24954851230284975
1630314,2024-2026,1.0886640603617626,0.7907558947735682,-0.29790816558819433
1630322,2024-2026,0.4007811721695688,0.1676083266638346,-0.23317284550573422
1630346,2024-2026,-0.380237191059428,-0.5057657791754133,-0.12552858811598533
1630526,2024-2026,0.09081381841864575,0.012324237506173643,-0.0784895809124721
1630527,2024-2026,-0.2992053343922036,-0.2545457936042216,0.04465954078798201
1630528,2024-2026,-0.6954827276557809,-0.8785439871108747,-0.18306125945509377
1630529,2024-2026,0.6463292754211831,0.3868852379280277,-0.2594440374931554
1630530,2024-2026,2.345515721109957,1.848344435785311,-0.49717128532464594
1630532,2024-2026,1.8561624433797235,1.8538012931931693,-0.0023611501865541396
1630533,2024-2026,-0.39474018297096874,-0.4072324769649923,-0.012492293994023573
1630534,2024-2026,-0.09137860271111606,-0.33307085293580985,-0.2416922502246938
1630535,2024-2026,-0.7504434625955783,-0.6505023373762567,0.09994112521932152
1630537,2024-2026,-0.1015875314207293,-0.23036984492088602,-0.12878231350015673
1630538,2024-2026,0.8001750605205162,0.5340922189920638,-0.2660828415284524
1630539,2024-2026,-0.4537797013218842,-0.4474028980715091,0.006376803250375096
1630540,2024-2026,0.8698036430661787,0.6593442758612955,-0.21045936720488323
1630541,2024-2026,0.7489201254831268,0.5958177924501599,-0.15310233303296694
1630543,2024-2026,-0.36784261465760204,-0.21574074139413008,0.15210187326347197
1630544,2024-2026,0.032854819251439404,-0.1542703358970992,-0.1871251551485386
1630547,2024-2026,0.34672964965169123,0.27915910458280924,-0.067570545068882
1630549,2024-2026,0.5993295232265246,0.733394806005737,0.13406528277921248
1630550,2024-2026,-1.1562946095470505,-1.2637305965581551,-0.10743598701110457
1630551,2024-2026,0.3469041700651049,0.1514707323364092,-0.19543343772869567
1630552,2024-2026,1.4507090961479048,1.2937946647898335,-0.15691443135807126
1630553,2024-2026,-0.01592694449599657,-0.1609941606749396,-0.14506721617894303
1630556,2024-2026,-0.3824217316761623,-0.6257362362244001,-0.24331450454823783
1630557,2024-2026,0.2871237247011897,0.060838564629874005,-0.2262851600713157
1630558,2024-2026,0.35718354214636155,-0.02084556539535536,-0.3780291075417169
1630559,2024-2026,3.336147904348209,2.8421491156588856,-0.49399878868932356
1630560,2024-2026,1.6510348979414495,1.472513036424962,-0.17852186151648763
1630561,2024-2026,-0.059980428182773236,-0.2260839644974615,-0.16610353631468824
1630563,2024-2026,-0.7567714491341493,-0.701811530087021,0.05495991904712827
1630567,2024-2026,1.6632921322448755,1.4671453492582756,-0.19614678298659993
1630568,2024-2026,0.4936417140442641,0.5527641046863956,0.059122390642131484
1630570,2024-2026,-0.2942178232982813,-0.24798305754974853,0.04623476574853275
1630572,2024-2026,0.8995716792664149,0.6173305329553416,-0.28224114631107333
1630573,2024-2026,0.6711348635141015,0.11634673294959304,-0.5547881305645084
1630577,2024-2026,0.7386251233605817,0.39001348523353263,-0.3486116381270491
1630578,2024-2026,2.3685044578056287,2.072242173307491,-0.2962622844981375
1630579,2024-2026,-0.8617876326431958,-0.8932306864131139,-0.03144305376991807
1630581,2024-2026,1.7174988973347893,1.6051842140863584,-0.11231468324843097
1630583,2024-2026,0.6757076522428755,0.520070518299022,-0.1556371339438536
1630586,2024-2026,-1.1108558537031303,-1.0082064913324573,0.10264936237067301
1630587,2024-2026,-0.18471454664106632,-0.412493792192294,-0.22777924555122767
1630591,2024-2026,1.1582251734004554,0.9604809569595696,-0.1977442164408858
1630595,2024-2026,3.24593381533778,2.664621589639715,-0.5813122256980647
1630596,2024-2026,0.8871516043909302,0.8499072863643164,-0.037244318026613765
1630598,2024-2026,0.6010306154724407,0.3043712010829849,-0.29665941438945587
1630625,2024-2026,0.15518393815852558,-0.000345989356578541,-0.1555299275151041
1630631,2024-2026,0.8308688349331549,0.7006365081597252,-0.13023232677342966
1630647,2024-2026,0.26175218900969627,-0.016927978271754553,-0.27868016728145084
1630678,2024-2026,-0.38835940441509115,-0.30416071987527904,0.08419868453981211
1630688,2024-2026,0.061185537507024414,-0.07678254879005869,-0.1379680862970831
1630692,2024-2026,0.493712307121391,0.37003744304298114,-0.12367486407840989
1630699,2024-2026,-0.5084478170609921,-0.5339251376566325,-0.02547732059564045
1630700,2024-2026,0.7255345008418124,0.9371991213343769,0.21166462049256451
1630702,2024-2026,0.154773945601725,0.09087260909713209,-0.06390133650459291
1630846,2024-2026,-1.4874980756948681,-1.532921932751691,-0.045423857056822836
1631093,2024-2026,0.7822439512436364,0.5750210776964039,-0.20722287354723257
1631094,2024-2026,2.0803871351743517,1.7906694066019828,-0.2897177285723689
1631095,2024-2026,0.3096419026272824,0.24878594481867414,-0.06085595780860828
1631097,2024-2026,0.1661680600363995,0.06481546511390307,-0.10135259492249643
1631098,2024-2026,-0.8745056719792759,-0.8274582014243475,0.04704747055492842
1631099,2024-2026,0.8096153214289684,0.4514809420197647,-0.35813437940920373
1631100,2024-2026,-1.7125595283568742,-1.4936035835753203,0.2189559447815539
1631101,2024-2026,0.948920331412905,0.9059589090649045,-0.04296142234800049
1631102,2024-2026,-0.22840211657169424,-0.11697361555053372,0.11142850102116052
1631103,2024-2026,-0.12211384397743812,-0.08469726429961423,0.037416579677823886
1631104,2024-2026,-0.37758899287598036,-0.26571971967243824,0.11186927320354212
1631105,2024-2026,1.0408714245795505,1.3082919388705725,0.267420514291022
1631106,2024-2026,0.035732420863927104,-0.21627737119569757,-0.25200979205962465
1631108,2024-2026,0.259107618435303,0.030661102158738317,-0.22844651627656468
1631109,2024-2026,0.4538632871578211,0.6320400997598662,0.1781768126020451
1631110,2024-2026,0.022078897424964328,0.0840784241147147,0.06199952668975037
1631113,2024-2026,-0.0004530304223084536,-0.047795675993334494,-0.04734264557102604
1631114,2024-2026,2.1442216490667745,1.986053386485981,-0.15816826258079342
1631115,2024-2026,-0.4867625939074699,-0.4458316580403109,0.04093093586715901
1631117,2024-2026,-0.2813355242636707,-0.10757983545565422,0.17375568880801648
1631119,2024-2026,0.34482377137133263,0.34412276078201093,-0.0007010105893217045
1631121,2024-2026,-0.6433248323576811,-0.6283378350333766,0.01498699732430453
1631128,2024-2026,0.19090494404343197,0.18630438229931454,-0.004600561744117437
1631132,2024-2026,-1.1678756829123011,-1.3129751321135,-0.14509944920119877
1631133,2024-2026,-0.5731706286452873,-0.4916431792373386,0.08152744940794876
1631172,2024-2026,-0.25772628013933796,-0.27346981330198683,-0.01574353316264887
1631216,2024-2026,0.27878851544238203,0.28844598454183223,0.0096574690994502
1631222,2024-2026,0.4026434544046631,0.31766565066074015,-0.08497780374392294
1631223,2024-2026,-0.46296512682974267,-0.41502530250037745,0.04793982432936522
1631230,2024-2026,-0.10480572308818081,0.053888439340474624,0.15869416242865544
1631260,2024-2026,0.2114343180765324,-0.17889614672142923,-0.39033046479796163
1631288,2024-2026,-0.05836680321170923,-0.24601273292354459,-0.18764592971183536
1631323,2024-2026,0.9259425447331175,0.7645613063113813,-0.16138123842173624
