window,window_mid,player_id,player_name,poss_off,poss_def,shrinkage,prior_off,prior_def,prior_total,boost_off,boost_def,boost_total,u_off,u_def,u_total,u_plain_off,u_plain_def,u_plain_total,rapm_mm_off,rapm_mm_def,rapm_mm_total,rating_off,rating_def,rating_total,rating_off_raw,rating_def_raw,key,player_name_con,team,adj_offense,adj_defense,adj_overall,z_ours_total,z_con_total,d_total,rk_ours_total,rk_con_total,dr_total,z_ours_off,z_con_off,d_off,rk_ours_off,rk_con_off,dr_off,z_ours_def,z_con_def,d_def,rk_ours_def,rk_con_def,dr_def,bigness,minutes,orb,blk,drb,ast,fg3m,archetype,mins_bucket
2024-2026,2025.0,1643007,Taelon Peter,1056.0,1057.0,0.084,-1.512,-0.534,-2.046,-0.699,-0.215,-0.914,-0.428,-0.242,-0.67,-0.643,-0.258,-0.901,-2.156,-0.792,-2.948,-2.371,-2.224,-4.595,-1.941,-0.776,taelon peter,Taelon Peter,Indiana Pacers,-2.7,-0.5,-3.2,-1.802,-1.15,-0.652,461.0,426.0,-35.0,-1.472,-1.16,-0.311,465.0,433.5,-31.5,-1.431,-0.488,-0.943,444.0,318.5,-125.5,-0.563,492.0,0.732,0.293,3.585,2.927,3.0,guard,<1000
2024-2026,2025.0,1630658,Colin Castleton,1061.0,1069.0,0.085,-2.017,-0.235,-2.252,0.264,0.252,0.516,-0.326,-0.328,-0.654,-0.578,-0.325,-0.903,-2.595,-0.56,-3.155,-2.376,-1.935,-4.311,-2.343,-0.563,colin castleton,Colin Castleton,Orlando Magic,-1.9,-0.3,-2.2,-1.673,-0.74,-0.933,455.0,370.0,-85.0,-1.475,-0.751,-0.724,466.0,379.5,-86.5,-1.228,-0.305,-0.923,426.0,280.0,-146.0,5.563,508.0,4.323,0.709,5.74,2.268,0.142,big,<1000
2024-2026,2025.0,1642854,Asa Newell,1063.0,1079.0,0.085,-1.141,-0.466,-1.608,0.169,0.247,0.415,0.04,-0.075,-0.036,-0.011,-0.134,-0.144,-1.152,-0.6,-1.752,-2.017,-1.905,-3.922,-1.102,-0.542,asa newell,Asa Newell,Atlanta Hawks,-0.7,-0.4,-1.1,-1.497,-0.288,-1.208,444.0,271.0,-173.0,-1.201,-0.138,-1.064,437.0,236.5,-200.5,-1.207,-0.397,-0.811,424.0,298.5,-125.5,3.586,502.0,3.155,1.076,3.729,1.865,2.08,big,<1000
2024-2026,2025.0,1642353,Cam Christie,1071.0,1072.0,0.086,-1.634,-0.712,-2.346,0.294,-0.169,0.124,-0.131,0.291,0.16,-0.338,0.244,-0.094,-1.972,-0.468,-2.44,-2.173,-1.737,-3.911,-1.765,-0.421,cam christie,Cam Christie,Los Angeles Clippers,-2.6,0.8,-1.7,-1.491,-0.535,-0.957,443.0,320.5,-122.5,-1.321,-1.109,-0.212,453.0,428.5,-24.5,-1.09,0.702,-1.792,416.0,106.0,-310.0,1.495,537.0,1.475,0.268,4.559,2.48,0.939,wing,<1000
2024-2026,2025.0,1643016,Bez Mbeng,1083.0,1093.0,0.086,-1.513,0.193,-1.319,0.664,-0.073,0.591,-0.308,-0.743,-1.051,-0.516,-0.635,-1.151,-2.028,-0.442,-2.47,-2.303,-1.899,-4.201,-1.821,-0.55,bez mbeng,Bez Mbeng,Utah Jazz,-2.5,-0.9,-3.3,-1.623,-1.191,-0.432,454.0,432.5,-21.5,-1.419,-1.058,-0.362,461.0,423.0,-38.0,-1.203,-0.854,-0.349,423.0,385.5,-37.5,0.095,493.0,1.314,0.365,2.848,4.527,0.438,wing,<1000
2024-2026,2025.0,1631466,Nate Williams,1083.0,1093.0,0.086,-1.606,-0.942,-2.548,0.513,-0.033,0.48,0.384,-0.633,-0.249,0.221,-0.771,-0.55,-1.385,-1.713,-3.098,-1.892,-3.264,-5.156,-1.222,-1.575,nate williams,Nate Williams,Golden State Warriors,-1.6,-1.4,-3.0,-2.056,-1.068,-0.988,472.0,413.5,-58.5,-1.106,-0.598,-0.508,423.0,341.5,-81.5,-2.159,-1.312,-0.846,474.0,441.0,-33.0,1.901,517.0,2.576,0.348,2.019,2.089,1.462,wing,<1000
2024-2026,2025.0,1630619,Moussa Cisse,1113.0,1116.0,0.089,-1.657,0.688,-0.969,-0.256,-1.204,-1.46,0.224,-0.048,0.175,0.097,-0.053,0.044,-1.56,0.635,-0.925,-2.122,-0.292,-2.414,-1.433,0.639,moussa cisse,Moussa Cisse,Dallas Mavericks,-1.6,0.0,-1.5,-0.813,-0.452,-0.36,368.0,299.0,-69.0,-1.281,-0.598,-0.684,449.0,341.5,-107.5,-0.079,-0.03,-0.048,246.0,223.5,-22.5,11.384,530.0,6.045,3.057,8.626,0.611,0.0,big,<1000
2024-2026,2025.0,1642878,Tyrese Proctor,1114.0,1116.0,0.089,-0.68,-0.819,-1.5,-0.701,0.298,-0.403,0.212,0.086,0.299,0.125,0.075,0.2,-0.555,-0.744,-1.299,-1.725,-2.115,-3.84,-0.468,-0.733,tyrese proctor,Tyrese Proctor,Cleveland Cavaliers,0.1,-0.1,0.0,-1.459,0.163,-1.623,439.0,185.0,-254.0,-0.979,0.271,-1.25,404.0,153.5,-250.5,-1.354,-0.122,-1.232,439.0,243.0,-196.0,-1.869,549.0,0.721,0.0,3.475,4.852,3.016,guard,<1000
2024-2026,2025.0,1642355,Bronny James,1119.0,1127.0,0.089,-1.261,-0.654,-1.915,-0.13,-0.009,-0.139,-0.375,-0.89,-1.265,-0.601,-0.894,-1.495,-1.862,-1.549,-3.41,-2.093,-3.188,-5.28,-1.635,-1.544,bronny james,Bronny James,Los Angeles Lakers,-3.1,-0.9,-4.0,-2.113,-1.479,-0.634,474.0,457.0,-17.0,-1.259,-1.365,0.106,447.0,452.5,5.5,-2.105,-0.854,-1.251,472.0,385.5,-86.5,-1.498,560.0,0.579,0.45,2.057,4.693,1.993,guard,<1000
2024-2026,2025.0,1630623,Tyson Etienne,1122.0,1119.0,0.089,-0.997,-1.193,-2.189,-1.034,0.757,-0.277,-0.402,-0.875,-1.277,-0.624,-0.898,-1.522,-1.62,-2.091,-3.711,-1.994,-3.88,-5.873,-1.399,-2.068,tyson etienne,Tyson Etienne,Brooklyn Nets,-1.7,-1.8,-3.5,-2.382,-1.274,-1.108,475.0,440.5,-34.5,-1.183,-0.649,-0.535,435.0,352.0,-83.0,-2.59,-1.678,-0.911,475.0,461.0,-14.0,-2.102,531.0,0.542,0.068,1.898,3.525,3.797,guard,<1000
2024-2026,2025.0,1628396,Tony Bradley,1174.0,1178.0,0.093,-2.054,-0.662,-2.717,0.074,0.543,0.617,-0.122,-0.098,-0.22,-0.33,-0.236,-0.566,-2.385,-0.898,-3.283,-2.281,-2.1,-4.381,-2.176,-0.761,tony bradley,Tony Bradley,Atlanta Hawks,-1.8,-0.5,-2.3,-1.705,-0.781,-0.924,456.0,378.0,-78.0,-1.403,-0.7,-0.703,460.0,364.5,-95.5,-1.344,-0.488,-0.856,437.0,318.5,-118.5,6.539,566.0,4.961,1.018,5.088,1.781,0.191,big,<1000
2024-2026,2025.0,1642859,Jase Richardson,1204.0,1203.0,0.095,-0.62,-0.926,-1.546,0.202,0.143,0.346,-0.114,-0.325,-0.439,-0.143,-0.39,-0.533,-0.763,-1.316,-2.079,-1.789,-2.722,-4.511,-0.734,-1.251,jase richardson,Jase Richardson,Orlando Magic,-1.3,-0.4,-1.7,-1.764,-0.535,-1.229,459.0,320.5,-138.5,-1.027,-0.444,-0.583,415.0,308.5,-106.5,-1.779,-0.397,-1.382,460.0,298.5,-161.5,-0.281,589.0,1.284,0.122,2.567,3.545,1.711,guard,<1000
2024-2026,2025.0,1641794,Dillon Jones,1225.0,1213.0,0.097,-1.815,-0.514,-2.329,0.675,-0.149,0.526,-0.111,-0.206,-0.317,-0.289,-0.196,-0.485,-2.104,-0.71,-2.814,-2.15,-2.004,-4.154,-1.927,-0.72,dillon jones,Dillon Jones,New York Knicks,-2.7,-0.1,-2.8,-1.602,-0.986,-0.616,451.0,401.5,-49.5,-1.303,-1.16,-0.143,452.0,433.5,-18.5,-1.277,-0.122,-1.155,430.0,243.0,-187.0,1.639,593.0,1.943,0.243,5.828,3.764,1.032,wing,<1000
2024-2026,2025.0,202066,Garrett Temple,1243.0,1245.0,0.098,0.383,0.432,0.815,-0.217,0.174,-0.043,-0.702,0.276,-0.426,-0.83,0.331,-0.499,-0.448,0.763,0.316,-1.413,-0.112,-1.525,-0.319,0.708,garrett temple,Garrett Temple,Toronto Raptors,-4.2,-0.4,-4.6,-0.409,-1.725,1.316,313.0,467.0,154.0,-0.74,-1.927,1.187,361.0,473.5,112.5,0.048,-0.397,0.444,225.0,298.5,73.5,0.555,590.0,1.708,0.427,3.356,4.149,1.281,wing,<1000
2024-2026,2025.0,1642885,Mohamed Diawara,1258.0,1261.0,0.099,-1.326,-0.829,-2.155,0.233,-0.183,0.05,0.176,0.805,0.981,0.092,0.716,0.808,-1.235,-0.113,-1.347,-1.947,-1.064,-3.01,-1.15,-0.024,mohamed diawara,Mohamed Diawara,New York Knicks,-1.8,0.7,-1.1,-1.083,-0.288,-0.795,408.0,271.0,-137.0,-1.148,-0.7,-0.448,432.0,364.5,-67.5,-0.619,0.61,-1.229,340.0,125.0,-215.0,-0.057,635.0,0.85,0.34,4.479,3.005,2.721,wing,<1000
2024-2026,2025.0,1641816,Hunter Tyson,1291.0,1278.0,0.101,-2.226,-0.738,-2.965,-0.248,-0.129,-0.377,-0.741,0.403,-0.338,-1.054,0.336,-0.718,-3.28,-0.402,-3.683,-2.523,-1.448,-3.971,-2.968,-0.335,hunter tyson,Hunter Tyson,Brooklyn Nets,-1.8,-0.5,-2.3,-1.519,-0.781,-0.738,446.0,378.0,-68.0,-1.588,-0.7,-0.888,471.0,364.5,-106.5,-0.888,-0.488,-0.4,383.0,318.5,-64.5,1.88,609.0,1.773,0.414,5.498,2.305,2.01,wing,<1000
2024-2026,2025.0,1642880,Kam Jones,1307.0,1311.0,0.102,-1.202,-0.811,-2.013,-0.826,-0.03,-0.855,-0.239,-0.409,-0.648,-0.476,-0.443,-0.919,-1.678,-1.254,-2.932,-2.043,-2.594,-4.637,-1.441,-1.22,kam jones,Kam Jones,Indiana Pacers,-2.4,-1.3,-3.6,-1.821,-1.315,-0.506,463.0,444.0,-19.0,-1.221,-1.007,-0.214,439.0,418.0,-21.0,-1.69,-1.221,-0.469,458.0,430.0,-28.0,-2.326,616.0,0.877,0.0,2.63,6.955,1.286,guard,<1000
2024-2026,2025.0,1631111,Wendell Moore Jr.,1314.0,1323.0,0.103,-1.369,-0.378,-1.747,0.756,-0.103,0.653,-0.596,-0.026,-0.621,-0.78,0.086,-0.694,-2.149,-0.291,-2.441,-2.078,-1.521,-3.599,-1.965,-0.403,wendell moore,Wendell Moore Jr.,Detroit Pistons,-3.1,0.0,-3.2,-1.35,-1.15,-0.2,429.0,426.0,-3.0,-1.248,-1.365,0.117,445.0,452.5,7.5,-0.938,-0.03,-0.908,391.0,223.5,-167.5,1.803,639.0,1.746,0.451,4.62,2.93,0.789,wing,<1000
2024-2026,2025.0,1642853,Rasheer Fleming,1322.0,1322.0,0.103,-1.658,-0.663,-2.321,-0.854,0.124,-0.729,0.522,0.325,0.847,0.345,0.349,0.695,-1.313,-0.313,-1.626,-1.906,-1.429,-3.335,-1.136,-0.338,rasheer fleming,Rasheer Fleming,Phoenix Suns,-1.0,0.7,-0.3,-1.23,0.04,-1.271,420.0,206.0,-214.0,-1.117,-0.291,-0.826,427.0,279.0,-148.0,-0.874,0.61,-1.485,378.0,125.0,-253.0,3.834,677.0,3.031,1.117,3.563,0.851,2.393,big,<1000
2024-2026,2025.0,1630209,Omer Yurtseven,1324.0,1335.0,0.104,-2.945,-0.284,-3.229,-0.682,-0.244,-0.926,-0.389,-0.413,-0.802,-0.687,-0.52,-1.207,-3.632,-0.804,-4.436,-2.714,-1.897,-4.61,-3.334,-0.697,omer yurtseven,Omer Yurtseven,Golden State Warriors,-2.6,-0.9,-3.5,-1.809,-1.274,-0.535,462.0,440.5,-21.5,-1.733,-1.109,-0.624,474.0,428.5,-45.5,-1.202,-0.854,-0.347,422.0,385.5,-36.5,7.167,650.0,4.708,1.052,8.474,2.049,0.277,big,<1000
2024-2026,2025.0,1630679,Ethan Thompson,1354.0,1357.0,0.106,-1.528,-0.399,-1.926,-0.109,0.78,0.671,0.006,0.666,0.672,-0.249,0.603,0.354,-1.777,0.205,-1.573,-2.055,-0.618,-2.673,-1.522,0.267,ethan thompson,Ethan Thompson,Indiana Pacers,-1.1,0.4,-0.7,-0.93,-0.124,-0.806,385.0,237.0,-148.0,-1.231,-0.342,-0.888,441.0,287.0,-154.0,-0.307,0.336,-0.643,287.0,166.5,-120.5,-0.115,655.0,0.934,0.495,2.858,3.133,2.089,wing,<1000
2024-2026,2025.0,1641989,Elijah Harkless,1434.0,1436.0,0.111,-1.656,0.307,-1.348,-0.163,0.275,0.112,0.229,-0.435,-0.205,0.006,-0.38,-0.374,-1.65,-0.073,-1.722,-1.819,-1.08,-2.898,-1.427,-0.127,elijah harkless,Elijah Harkless,Utah Jazz,-0.6,0.4,-0.2,-1.032,0.081,-1.113,400.0,198.0,-202.0,-1.05,-0.086,-0.963,416.0,221.5,-194.5,-0.63,0.336,-0.966,343.0,166.5,-176.5,-0.538,682.0,1.003,0.37,2.903,4.381,1.478,guard,<1000
2024-2026,2025.0,1642942,Jahmai Mashack,1436.0,1426.0,0.111,-1.707,0.049,-1.658,-0.014,-0.099,-0.112,-0.331,-1.323,-1.654,-0.566,-1.31,-1.876,-2.273,-1.261,-3.534,-2.255,-2.564,-4.819,-2.038,-1.274,jahmai mashack,Jahmai Mashack,Memphis Grizzlies,-3.5,-1.2,-4.7,-1.904,-1.766,-0.137,466.0,468.5,2.5,-1.383,-1.569,0.186,458.0,462.0,4.0,-1.669,-1.129,-0.54,456.0,418.0,-38.0,0.661,670.0,1.236,0.752,3.116,3.707,1.021,wing,<1000
2024-2026,2025.0,1630574,Ariel Hukporti,1444.0,1474.0,0.112,-3.327,0.519,-2.808,-0.031,-0.21,-0.241,-0.326,0.433,0.106,-0.605,0.449,-0.157,-3.932,0.968,-2.964,-2.817,0.324,-2.493,-3.653,0.952,ariel hukporti,Ariel Hukporti,New York Knicks,-3.5,0.8,-2.6,-0.848,-0.904,0.056,374.0,392.5,18.5,-1.812,-1.569,-0.243,475.0,462.0,-13.0,0.353,0.702,-0.349,168.0,106.0,-62.0,6.648,718.0,3.51,2.056,7.019,2.006,0.05,big,<1000
2024-2026,2025.0,1641732,Colby Jones,1446.0,1452.0,0.112,-1.473,0.008,-1.465,0.256,0.024,0.28,-0.199,-0.178,-0.376,-0.477,-0.003,-0.48,-1.95,0.004,-1.945,-1.876,-1.127,-3.003,-1.672,-0.17,colby jones,Colby Jones,Detroit Pistons,-2.4,-0.1,-2.5,-1.08,-0.863,-0.217,406.0,388.5,-17.5,-1.093,-1.007,-0.087,421.0,418.0,-3.0,-0.663,-0.122,-0.541,350.0,243.0,-107.0,2.21,712.0,1.921,0.91,4.702,3.337,0.91,big,<1000
2024-2026,2025.0,201959,Taj Gibson,1449.0,1453.0,0.112,-1.768,0.71,-1.059,0.594,0.275,0.869,-1.023,-0.273,-1.296,-1.254,-0.254,-1.508,-3.023,0.456,-2.567,-2.381,-0.34,-2.722,-2.791,0.437,taj gibson,Taj Gibson,Memphis Grizzlies,-4.1,-0.8,-5.0,-0.952,-1.889,0.937,389.0,472.0,83.0,-1.479,-1.876,0.396,467.0,471.5,4.5,-0.112,-0.763,0.651,251.0,372.5,121.5,5.675,708.0,3.763,1.322,5.593,1.932,0.305,big,<1000
2024-2026,2025.0,1631132,Christian Koloko,1460.0,1465.0,0.113,-2.768,0.452,-2.316,0.48,-0.077,0.402,-0.203,0.424,0.221,-0.455,0.457,0.001,-3.223,0.908,-2.314,-2.503,0.234,-2.269,-2.971,0.876,christian koloko,Christian Koloko,Atlanta Hawks,-3.0,0.5,-2.5,-0.747,-0.863,0.116,362.0,388.5,26.5,-1.572,-1.313,-0.258,470.0,448.0,-22.0,0.29,0.427,-0.138,180.0,154.0,-26.0,6.147,701.0,3.389,2.003,5.495,1.746,0.051,big,<1000
2024-2026,2025.0,1641778,Leaky Black,1480.0,1484.0,0.114,-1.898,-0.005,-1.903,0.714,-0.152,0.562,-0.094,-0.305,-0.398,-0.417,-0.197,-0.614,-2.315,-0.202,-2.517,-2.056,-1.286,-3.343,-1.992,-0.309,leaky black,Leaky Black,Washington Wizards,-2.5,-1.2,-3.8,-1.234,-1.397,0.163,421.0,452.5,31.5,-1.231,-1.058,-0.174,442.0,423.0,-19.0,-0.774,-1.129,0.355,361.0,418.0,57.0,1.936,716.0,1.207,0.955,4.978,2.313,1.408,wing,<1000
2024-2026,2025.0,1630536,Sharife Cooper,1482.0,1485.0,0.115,-1.161,-0.959,-2.119,0.136,0.106,0.242,-0.114,-0.637,-0.751,-0.272,-0.669,-0.941,-1.433,-1.628,-3.06,-1.897,-2.946,-4.843,-1.275,-1.596,sharife cooper,Sharife Cooper,Washington Wizards,-1.8,-1.6,-3.4,-1.914,-1.232,-0.682,469.0,436.5,-32.5,-1.109,-0.7,-0.41,426.0,364.5,-61.5,-1.936,-1.495,-0.441,466.0,450.5,-15.5,-1.551,701.0,0.924,0.257,3.492,6.368,1.489,guard,<1000
2024-2026,2025.0,1631116,Patrick Baldwin Jr.,1493.0,1495.0,0.115,-1.771,-0.267,-2.037,0.398,-0.436,-0.038,0.008,0.615,0.623,-0.188,0.685,0.497,-1.959,0.418,-1.541,-1.89,-0.43,-2.32,-1.763,0.348,patrick baldwin,Patrick Baldwin Jr.,Sacramento Kings,-2.1,-0.4,-2.5,-0.77,-0.863,0.093,365.0,388.5,23.5,-1.104,-0.853,-0.251,422.0,397.0,-25.0,-0.175,-0.397,0.222,261.0,298.5,37.5,3.009,701.0,1.746,1.13,7.036,1.9,2.568,big,<1000
2024-2026,2025.0,1641810,Antonio Reeves,1497.0,1496.0,0.116,-1.389,-1.133,-2.523,-0.168,-0.157,-0.325,-0.009,-0.661,-0.67,-0.332,-0.684,-1.016,-1.721,-1.818,-3.539,-1.785,-3.191,-4.975,-1.398,-1.794,antonio reeves,Antonio Reeves,Charlotte Hornets,-1.8,-0.8,-2.6,-1.974,-0.904,-1.07,470.0,392.5,-77.5,-1.024,-0.7,-0.324,413.0,364.5,-48.5,-2.108,-0.763,-1.345,473.0,372.5,-100.5,-0.242,729.0,0.988,0.198,2.519,2.074,2.864,guard,<1000
2024-2026,2025.0,1642382,Branden Carlson,1536.0,1537.0,0.118,-1.704,-0.185,-1.889,-0.051,-0.3,-0.351,0.347,-0.156,0.191,0.187,-0.175,0.012,-1.517,-0.36,-1.877,-1.741,-1.292,-3.033,-1.357,-0.341,branden carlson,Branden Carlson,Oklahoma City Thunder,-0.5,-1.0,-1.5,-1.093,-0.452,-0.641,409.0,299.0,-110.0,-0.99,-0.035,-0.955,406.0,207.5,-198.5,-0.779,-0.946,0.167,362.0,396.0,34.0,4.434,738.0,2.244,2.341,6.439,2.098,2.585,big,<1000
2024-2026,2025.0,1629646,Charles Bassey,1548.0,1558.0,0.119,-1.686,0.398,-1.288,-0.29,-0.382,-0.672,-0.661,-0.872,-1.533,-0.798,-0.88,-1.678,-2.484,-0.482,-2.966,-2.136,-1.456,-3.592,-2.347,-0.475,charles bassey,Charles Bassey,Golden State Warriors,-1.5,-1.3,-2.9,-1.347,-1.027,-0.32,428.0,408.0,-20.0,-1.292,-0.547,-0.745,450.0,329.0,-121.0,-0.894,-1.221,0.327,384.0,430.0,46.0,9.449,733.0,5.01,2.849,8.988,2.21,0.0,big,<1000
2024-2026,2025.0,1642869,Noah Penda,1561.0,1559.0,0.12,-1.03,-0.075,-1.105,0.565,0.226,0.792,-0.042,-0.254,-0.296,-0.077,-0.281,-0.357,-1.107,-0.356,-1.463,-1.78,-1.261,-3.041,-1.072,-0.329,noah penda,Noah Penda,Orlando Magic,-1.4,-0.4,-1.7,-1.097,-0.535,-0.562,410.0,320.5,-89.5,-1.02,-0.495,-0.525,412.0,318.5,-93.5,-0.757,-0.397,-0.36,360.0,298.5,-61.5,3.501,761.0,3.17,0.852,5.677,3.311,1.419,big,<1000
2024-2026,2025.0,1631131,Oscar Tshiebwe,1576.0,1575.0,0.121,-0.745,-0.746,-1.491,-0.654,-0.363,-1.017,0.303,-0.549,-0.246,0.142,-0.593,-0.451,-0.603,-1.339,-1.942,-1.247,-2.492,-3.739,-0.442,-1.295,oscar tshiebwe,Oscar Tshiebwe,Utah Jazz,0.1,-1.1,-1.0,-1.413,-0.247,-1.166,436.0,262.5,-173.5,-0.614,0.271,-0.885,331.0,153.5,-177.5,-1.618,-1.038,-0.581,453.0,405.0,-48.0,8.348,743.0,6.347,0.339,9.012,2.083,0.0,big,<1000
2024-2026,2025.0,1631123,Jamaree Bouyea,1586.0,1580.0,0.122,-1.24,-0.389,-1.629,-0.31,-0.078,-0.389,-0.293,0.779,0.486,-0.55,0.86,0.31,-1.79,0.471,-1.319,-1.747,-0.325,-2.072,-1.533,0.39,jamaree bouyea,Jamaree Bouyea,Phoenix Suns,-2.1,0.7,-1.4,-0.657,-0.411,-0.246,347.0,292.0,-55.0,-0.995,-0.853,-0.142,407.0,397.0,-10.0,-0.102,0.61,-0.712,249.0,125.0,-124.0,0.166,800.0,0.99,0.81,3.78,4.635,1.125,wing,<1000
2024-2026,2025.0,1642868,Carter Bryant,1685.0,1691.0,0.128,-2.198,-0.803,-3.002,0.317,-0.316,0.001,-0.131,0.384,0.253,-0.23,0.399,0.169,-2.429,-0.404,-2.833,-2.321,-1.305,-3.626,-2.329,-0.419,carter bryant,Carter Bryant,San Antonio Spurs,-1.6,0.6,-0.9,-1.362,-0.206,-1.156,430.0,254.0,-176.0,-1.433,-0.598,-0.835,463.0,341.5,-121.5,-0.787,0.519,-1.306,365.0,142.0,-223.0,2.587,817.0,1.674,1.013,6.169,2.071,2.291,big,<1000
2024-2026,2025.0,1630587,Isaiah Livers,1691.0,1716.0,0.129,-2.023,-0.265,-2.288,0.294,0.321,0.615,-0.17,-0.751,-0.921,-0.424,-0.747,-1.17,-2.446,-1.012,-3.458,-2.068,-2.061,-4.129,-2.192,-1.016,isaiah livers,Isaiah Livers,Phoenix Suns,-3.0,-0.9,-3.8,-1.591,-1.397,-0.194,450.0,452.5,2.5,-1.24,-1.313,0.073,443.0,448.0,5.0,-1.317,-0.854,-0.462,435.0,385.5,-49.5,1.448,818.0,1.496,0.572,3.301,2.024,1.496,wing,<1000
2024-2026,2025.0,1631159,Leonard Miller,1750.0,1742.0,0.133,-1.67,-0.75,-2.419,-0.347,-0.14,-0.487,0.275,-0.502,-0.227,0.052,-0.558,-0.506,-1.618,-1.307,-2.925,-1.603,-2.324,-3.928,-1.395,-1.252,leonard miller,Leonard Miller,Chicago Bulls,0.4,-0.2,0.2,-1.499,0.245,-1.745,445.0,175.0,-270.0,-0.886,0.425,-1.31,389.0,129.5,-259.5,-1.501,-0.214,-1.288,448.0,264.0,-184.0,3.85,808.0,2.762,0.757,6.683,2.139,1.515,big,<1000
2024-2026,2025.0,1642914,Javon Small,1766.0,1756.0,0.134,0.148,-0.295,-0.148,0.091,0.379,0.47,0.267,-0.82,-0.553,0.23,-0.866,-0.636,0.378,-1.162,-0.784,-1.011,-2.142,-3.153,0.415,-1.115,javon small,Javon Small,Memphis Grizzlies,0.2,-0.4,-0.2,-1.148,0.081,-1.229,411.0,198.0,-213.0,-0.434,0.323,-0.756,300.0,144.5,-155.5,-1.373,-0.397,-0.977,440.0,298.5,-141.5,-1.167,830.0,1.561,0.39,3.99,6.549,2.602,guard,<1000
2024-2026,2025.0,1631250,Pete Nance,1793.0,1795.0,0.135,-1.769,-0.473,-2.242,0.715,-0.006,0.709,0.144,-0.497,-0.353,-0.129,-0.567,-0.696,-1.898,-1.04,-2.938,-1.696,-1.942,-3.638,-1.625,-0.97,pete nance,Pete Nance,Milwaukee Bucks,-1.9,-1.3,-3.2,-1.368,-1.15,-0.217,431.0,426.0,-5.0,-0.957,-0.751,-0.206,401.0,379.5,-21.5,-1.233,-1.221,-0.013,427.0,430.0,3.0,1.208,897.0,1.284,0.642,4.696,2.328,2.408,wing,<1000
2024-2026,2025.0,1630545,Terrence Shannon Jr,1842.0,1856.0,0.139,-2.341,-0.995,-3.335,-0.075,-0.006,-0.08,0.213,-0.893,-0.68,-0.077,-1.045,-1.122,-2.418,-2.039,-4.457,-1.982,-3.07,-5.052,-2.128,-1.887,terrence shannon,Terrence Shannon Jr.,Minnesota Timberwolves,-0.8,-1.2,-2.0,-2.009,-0.658,-1.351,471.0,348.0,-123.0,-1.174,-0.189,-0.986,434.0,249.5,-184.5,-2.023,-1.129,-0.894,468.0,418.0,-50.0,-0.124,874.0,0.824,0.247,3.13,2.883,1.73,wing,<1000
2024-2026,2025.0,1642928,Dylan Cardwell,1868.0,1847.0,0.14,-1.485,0.93,-0.555,0.907,-0.301,0.606,-0.329,0.775,0.446,-0.489,0.918,0.429,-1.974,1.848,-0.126,-2.039,1.464,-0.575,-1.814,1.705,dylan cardwell,Dylan Cardwell,Sacramento Kings,-1.6,0.6,-1.0,0.021,-0.247,0.268,240.0,262.5,22.5,-1.218,-0.598,-0.621,438.0,341.5,-96.5,1.151,0.519,0.632,63.0,142.0,79.0,9.393,911.0,5.809,2.648,7.311,2.45,0.079,big,<1000
2024-2026,2025.0,1642879,Ben Saraf,1875.0,1875.0,0.141,-1.87,-0.656,-2.526,0.076,-0.284,-0.208,-0.734,-0.079,-0.813,-1.128,-0.096,-1.225,-2.998,-0.752,-3.75,-2.43,-1.601,-4.031,-2.603,-0.735,ben saraf,Ben Saraf,Brooklyn Nets,-3.6,-0.7,-4.3,-1.546,-1.602,0.056,448.0,460.5,12.5,-1.517,-1.62,0.104,468.0,465.0,-3.0,-0.995,-0.671,-0.324,401.0,358.0,-43.0,-1.199,916.0,0.786,0.314,2.83,5.699,0.747,guard,<1000
2024-2026,2025.0,1631342,Daeqwon Plowden,1892.0,1891.0,0.142,-1.315,-0.913,-2.228,-0.523,0.167,-0.356,0.061,0.132,0.193,-0.284,0.061,-0.224,-1.599,-0.853,-2.452,-1.548,-1.65,-3.198,-1.254,-0.781,daeqwon plowden,Daeqwon Plowden,Sacramento Kings,-0.9,-1.2,-2.1,-1.168,-0.699,-0.47,415.0,359.0,-56.0,-0.843,-0.24,-0.604,384.0,264.5,-119.5,-1.029,-1.129,0.1,409.0,418.0,9.0,0.607,913.0,1.459,0.276,2.8,1.696,2.8,wing,<1000
2024-2026,2025.0,1642877,Micah Peavy,1925.0,1916.0,0.144,-1.533,-0.519,-2.052,0.135,0.19,0.325,0.262,0.152,0.415,0.005,0.172,0.176,-1.528,-0.347,-1.876,-1.756,-1.114,-2.87,-1.271,-0.366,micah peavy,Micah Peavy,New Orleans Pelicans,-1.6,0.2,-1.5,-1.019,-0.452,-0.567,397.0,299.0,-98.0,-1.002,-0.598,-0.405,409.0,341.5,-67.5,-0.654,0.153,-0.806,346.0,191.5,-154.5,1.364,913.0,1.814,0.355,2.8,2.405,1.104,wing,<1000
2024-2026,2025.0,1630699,MarJon Beauchamp,2046.0,2052.0,0.152,-2.039,-0.734,-2.774,0.634,-0.162,0.472,-0.274,0.159,-0.115,-0.449,0.129,-0.32,-2.488,-0.605,-3.094,-1.939,-1.317,-3.256,-2.314,-0.575,marjon beauchamp,MarJon Beauchamp,Philadelphia 76ers,-2.1,-0.3,-2.4,-1.195,-0.822,-0.373,418.0,384.0,-34.0,-1.142,-0.853,-0.288,430.0,397.0,-33.0,-0.796,-0.305,-0.491,367.0,280.0,-87.0,1.555,963.0,1.495,0.449,5.047,2.131,2.093,wing,<1000
2024-2026,2025.0,1642857,Kasparas Jakučionis,2062.0,2066.0,0.153,0.0,-0.559,-0.558,-0.34,0.354,0.015,0.364,0.795,1.159,0.338,0.804,1.142,0.338,0.246,0.584,-0.92,-0.302,-1.222,0.364,0.236,kasparas jakucionis,Kasparas Jakucionis,Miami Heat,0.0,0.0,0.0,-0.272,0.163,-0.435,286.0,185.0,-101.0,-0.364,0.22,-0.585,286.0,163.5,-122.5,-0.086,-0.03,-0.055,248.0,223.5,-24.5,-0.622,949.0,1.631,0.266,3.604,5.197,2.504,guard,<1000
2024-2026,2025.0,1641787,Tosan Evbuomwan,2081.0,2101.0,0.154,-1.698,-0.469,-2.167,0.1,-0.089,0.011,-0.416,-0.287,-0.704,-0.842,-0.395,-1.237,-2.54,-0.864,-3.404,-1.837,-1.526,-3.363,-2.114,-0.756,tosan evbuomwan,Tosan Evbuomwan,Charlotte Hornets,-2.0,0.0,-2.0,-1.243,-0.658,-0.586,422.0,348.0,-74.0,-1.064,-0.802,-0.262,417.0,389.5,-27.5,-0.942,-0.03,-0.912,392.0,223.5,-168.5,1.918,1040.0,1.765,0.519,4.535,2.458,1.246,wing,1000-2000
2024-2026,2025.0,1642278,Tyler Kolek,2091.0,2083.0,0.154,-0.963,-0.688,-1.651,-0.286,-0.081,-0.367,-0.189,1.159,0.97,-0.388,1.111,0.723,-1.351,0.423,-0.928,-1.442,0.0,-1.442,-1.152,0.471,tyler kolek,Tyler Kolek,New York Knicks,-1.5,0.7,-0.8,-0.372,-0.165,-0.207,306.0,244.0,-62.0,-0.763,-0.547,-0.216,365.0,329.0,-36.0,0.126,0.61,-0.484,211.0,125.0,-86.0,-2.844,1024.0,0.844,0.281,3.551,8.438,2.039,guard,1000-2000
2024-2026,2025.0,1641998,Trey Jemison III,2115.0,2106.0,0.156,-3.259,-0.271,-3.53,-0.056,0.426,0.37,-0.32,-0.808,-1.128,-0.985,-0.969,-1.954,-4.244,-1.24,-5.484,-2.539,-1.911,-4.45,-3.579,-1.079,trey jemison,Trey Jemison III,New York Knicks,-4.1,-0.7,-4.8,-1.736,-1.807,0.071,457.0,470.0,13.0,-1.6,-1.876,0.276,472.0,471.5,-0.5,-1.212,-0.671,-0.54,425.0,358.0,-67.0,6.159,1048.0,3.985,1.546,4.844,1.649,0.0,big,1000-2000
2024-2026,2025.0,1631126,Caleb Love,2127.0,2123.0,0.157,-0.961,-1.596,-2.556,-0.731,0.086,-0.645,-0.15,-0.467,-0.616,-0.396,-0.748,-1.144,-1.357,-2.343,-3.7,-1.639,-3.122,-4.761,-1.11,-2.062,caleb love,Caleb Love,Portland Trail Blazers,-1.3,-0.8,-2.1,-1.877,-0.699,-1.178,464.0,359.0,-105.0,-0.913,-0.444,-0.468,393.0,308.5,-84.5,-2.059,-0.763,-1.296,469.0,372.5,-96.5,-1.525,1015.0,0.887,0.142,3.157,4.363,3.299,guard,1000-2000
2024-2026,2025.0,1642277,Johnny Furphy,2141.0,2144.0,0.158,-1.443,-0.317,-1.76,0.574,-0.238,0.336,-0.145,0.313,0.168,-0.36,0.321,-0.039,-1.803,0.004,-1.799,-1.631,-0.568,-2.199,-1.588,-0.003,johnny furphy,Johnny Furphy,Indiana Pacers,-1.7,0.6,-1.1,-0.715,-0.288,-0.427,357.0,271.0,-86.0,-0.907,-0.649,-0.258,392.0,352.0,-40.0,-0.272,0.519,-0.79,280.0,142.0,-138.0,2.762,1023.0,1.935,0.633,5.947,2.111,1.337,big,1000-2000
2024-2026,2025.0,1642864,Hugo González,2157.0,2134.0,0.158,-1.706,-0.082,-1.788,0.043,-0.484,-0.441,0.905,1.172,2.077,0.784,1.156,1.941,-0.921,1.074,0.152,-1.497,0.789,-0.707,-0.801,1.09,hugo gonzalez,Hugo Gonzalez,Boston Celtics,-1.5,1.8,0.3,-0.039,0.287,-0.325,249.0,166.5,-82.5,-0.804,-0.547,-0.258,374.0,329.0,-45.0,0.678,1.617,-0.939,112.0,28.0,-84.0,3.371,1083.0,2.061,0.698,6.116,1.33,1.396,big,1000-2000
2024-2026,2025.0,1630811,Keaton Wallace,2161.0,2159.0,0.159,-1.164,-0.08,-1.244,-0.533,-0.092,-0.626,-0.519,0.152,-0.367,-0.804,0.248,-0.556,-1.968,0.168,-1.8,-1.673,-0.466,-2.139,-1.683,0.073,keaton wallace,Keaton Wallace,Atlanta Hawks,-2.3,0.1,-2.3,-0.688,-0.781,0.093,353.0,378.0,25.0,-0.939,-0.956,0.017,398.0,411.5,13.5,-0.2,0.061,-0.261,269.0,210.0,-59.0,-2.109,1036.0,0.347,0.486,3.336,6.081,2.259,guard,1000-2000
2024-2026,2025.0,1642364,Jamir Watkins,2166.0,2192.0,0.159,-1.289,0.412,-0.878,-0.047,-0.147,-0.194,0.035,-0.1,-0.065,-0.161,-0.018,-0.179,-1.45,0.394,-1.056,-1.699,-0.169,-1.868,-1.254,0.312,jamir watkins,Jamir Watkins,Washington Wizards,-1.3,0.6,-0.7,-0.565,-0.124,-0.441,333.0,237.0,-96.0,-0.959,-0.444,-0.514,402.0,308.5,-93.5,0.008,0.519,-0.511,230.0,142.0,-88.0,2.281,1029.0,1.714,0.875,5.073,2.344,1.644,big,1000-2000
2024-2026,2025.0,1630639,A.J. Lawson,2168.0,2177.0,0.159,-1.634,-0.873,-2.506,0.035,-0.239,-0.204,0.206,0.103,0.309,-0.148,0.072,-0.076,-1.782,-0.8,-2.582,-1.462,-1.504,-2.966,-1.427,-0.77,a j lawson,A.J. Lawson,Toronto Raptors,-1.0,-0.2,-1.2,-1.063,-0.329,-0.734,404.0,280.0,-124.0,-0.778,-0.291,-0.487,369.0,279.0,-90.0,-0.927,-0.214,-0.713,387.0,264.0,-123.0,1.468,1025.0,1.51,0.457,4.777,2.037,2.283,wing,1000-2000
2024-2026,2025.0,1642354,KJ Simpson,2211.0,2231.0,0.162,-1.79,-0.242,-2.032,-0.281,-0.064,-0.345,-0.725,-0.594,-1.318,-1.185,-0.569,-1.753,-2.975,-0.811,-3.785,-2.085,-1.566,-3.652,-2.515,-0.836,kj simpson,KJ Simpson,Denver Nuggets,-2.3,0.0,-2.3,-1.374,-0.781,-0.593,432.0,378.0,-54.0,-1.253,-0.956,-0.298,446.0,411.5,-34.5,-0.97,-0.03,-0.94,396.0,223.5,-172.5,-0.396,1101.0,1.569,0.196,3.204,5.068,1.471,guard,1000-2000
2024-2026,2025.0,1641772,Nae'Qwan Tomlin,2211.0,2222.0,0.162,-1.089,-0.408,-1.497,0.228,-0.02,0.208,0.191,0.778,0.969,0.053,0.797,0.85,-1.036,0.389,-0.647,-1.269,-0.081,-1.35,-0.898,0.37,naeqwan tomlin,Nae'Qwan Tomlin,Cleveland Cavaliers,-0.5,0.4,-0.2,-0.33,0.081,-0.411,297.0,198.0,-99.0,-0.631,-0.035,-0.595,339.0,207.5,-131.5,0.069,0.336,-0.266,223.0,166.5,-56.5,4.189,1070.0,3.196,1.178,3.768,1.85,0.976,big,1000-2000
2024-2026,2025.0,1642269,Devin Carter,2253.0,2238.0,0.164,-1.331,-0.151,-1.482,-0.462,0.041,-0.42,0.241,0.068,0.309,-0.07,0.082,0.012,-1.401,-0.069,-1.47,-1.351,-0.624,-1.975,-1.089,-0.083,devin carter,Devin Carter,Sacramento Kings,0.2,-0.3,0.0,-0.613,0.163,-0.777,338.0,185.0,-153.0,-0.693,0.323,-1.016,353.0,144.5,-208.5,-0.311,-0.305,-0.005,289.0,280.0,-9.0,0.708,1098.0,1.803,0.426,4.787,4.656,1.574,wing,1000-2000
2024-2026,2025.0,1631115,Orlando Robinson,2257.0,2261.0,0.165,-1.751,-0.475,-2.226,-0.262,0.226,-0.037,-0.373,0.081,-0.292,-0.705,0.014,-0.691,-2.457,-0.46,-2.917,-1.788,-1.003,-2.791,-2.125,-0.394,orlando robinson,Orlando Robinson,Orlando Magic,-1.5,-0.6,-2.1,-0.984,-0.699,-0.285,392.0,359.0,-33.0,-1.027,-0.547,-0.48,414.0,329.0,-85.0,-0.576,-0.58,0.003,334.0,338.5,4.5,4.334,1099.0,3.898,0.786,6.191,3.734,0.852,big,1000-2000
2024-2026,2025.0,1642358,AJ Johnson,2261.0,2257.0,0.165,-2.585,-1.181,-3.766,-0.408,-0.184,-0.591,-0.458,-0.718,-1.176,-0.912,-0.751,-1.663,-3.497,-1.931,-5.429,-2.325,-2.85,-5.175,-3.043,-1.899,aj johnson,AJ Johnson,Dallas Mavericks,-2.9,-0.5,-3.4,-2.065,-1.232,-0.833,473.0,436.5,-36.5,-1.436,-1.262,-0.174,464.0,443.0,-21.0,-1.869,-0.488,-1.381,462.0,318.5,-143.5,-0.668,1094.0,0.724,0.197,3.027,4.048,1.185,guard,1000-2000
2024-2026,2025.0,1628420,Monte Morris,2280.0,2273.0,0.166,-0.216,-0.696,-0.913,-0.339,-0.087,-0.426,-0.341,0.059,-0.281,-0.313,0.091,-0.223,-0.53,-0.606,-1.135,-0.999,-1.293,-2.291,-0.557,-0.637,monte morris,Monte Morris,Indiana Pacers,-0.6,-0.5,-1.1,-0.757,-0.288,-0.469,363.0,271.0,-92.0,-0.424,-0.086,-0.338,298.0,221.5,-76.5,-0.779,-0.488,-0.291,363.0,318.5,-44.5,-1.076,1111.0,0.648,0.421,3.597,4.893,1.944,guard,1000-2000
2024-2026,2025.0,1628365,Markelle Fultz,2290.0,2295.0,0.167,-1.199,-0.281,-1.481,0.298,-0.246,0.052,-0.125,0.203,0.078,-0.304,0.23,-0.075,-1.504,-0.052,-1.555,-1.378,-0.603,-1.981,-1.325,-0.078,markelle fultz,Markelle Fultz,Toronto Raptors,-4.0,-0.3,-4.3,-0.616,-1.602,0.986,339.0,460.5,121.5,-0.714,-1.825,1.111,354.0,469.5,115.5,-0.296,-0.305,0.009,285.0,280.0,-5.0,0.874,1128.0,1.979,0.543,3.096,4.947,0.255,wing,1000-2000
2024-2026,2025.0,1629610,DaQuan Jeffries,2362.0,2357.0,0.171,-1.674,-0.413,-2.087,0.427,0.033,0.46,0.038,-1.005,-0.967,-0.414,-1.031,-1.445,-2.088,-1.444,-3.532,-1.512,-2.214,-3.726,-1.636,-1.418,daquan jeffries,DaQuan Jeffries,Sacramento Kings,-1.9,-1.1,-3.0,-1.408,-1.068,-0.339,435.0,413.5,-21.5,-0.816,-0.751,-0.065,377.0,379.5,2.5,-1.424,-1.038,-0.386,443.0,405.0,-38.0,1.338,1173.0,1.228,0.798,3.223,1.811,1.872,wing,1000-2000
2024-2026,2025.0,1642874,Danny Wolf,2381.0,2356.0,0.172,-1.737,-0.161,-1.898,-0.249,-0.158,-0.408,-0.748,0.617,-0.131,-1.177,0.574,-0.603,-2.914,0.413,-2.501,-2.311,0.08,-2.231,-2.485,0.456,danny wolf,Danny Wolf,Brooklyn Nets,-2.2,0.6,-1.6,-0.73,-0.494,-0.236,360.0,309.5,-50.5,-1.426,-0.904,-0.521,462.0,404.0,-58.0,0.182,0.519,-0.337,197.0,142.0,-55.0,1.978,1192.0,1.721,0.966,6.765,3.836,2.054,wing,1000-2000
2024-2026,2025.0,1628964,Mo Bamba,2388.0,2390.0,0.173,-2.639,1.167,-1.472,-0.302,-0.829,-1.131,-0.506,0.356,-0.15,-0.886,0.609,-0.277,-3.525,1.775,-1.749,-2.27,1.382,-0.887,-3.144,1.522,mo bamba,Mo Bamba,Utah Jazz,-2.9,-0.7,-3.6,-0.12,-1.315,1.194,261.0,444.0,183.0,-1.394,-1.262,-0.132,459.0,443.0,-16.0,1.094,-0.671,1.765,68.0,358.0,290.0,7.603,1197.0,3.579,2.827,8.602,1.805,1.203,big,1000-2000
2024-2026,2025.0,1630164,James Wiseman,2394.0,2383.0,0.173,-2.735,-0.01,-2.745,-0.324,0.123,-0.201,-0.767,-1.297,-2.064,-1.32,-1.334,-2.654,-4.055,-1.344,-5.398,-2.449,-2.064,-4.513,-3.502,-1.307,james wiseman,James Wiseman,Indiana Pacers,-3.6,-1.3,-4.9,-1.765,-1.848,0.083,460.0,471.0,11.0,-1.531,-1.62,0.089,469.0,465.0,-4.0,-1.319,-1.221,-0.098,436.0,430.0,-6.0,6.104,1153.0,3.591,1.249,7.181,1.78,0.0,big,1000-2000
2024-2026,2025.0,1642948,Ryan Nembhard,2403.0,2414.0,0.173,-1.711,-0.886,-2.598,-0.598,-0.119,-0.717,0.208,-0.068,0.14,0.026,-0.199,-0.173,-1.685,-1.085,-2.77,-1.777,-1.631,-3.408,-1.503,-0.954,ryan nembhard,Ryan Nembhard,Dallas Mavericks,-1.5,0.1,-1.4,-1.264,-0.411,-0.852,424.0,292.0,-132.0,-1.018,-0.547,-0.472,411.0,329.0,-82.0,-1.016,0.061,-1.077,406.0,210.0,-196.0,-3.883,1170.0,0.4,0.062,3.692,9.723,1.477,guard,1000-2000
2024-2026,2025.0,1631169,Josh Minott,2477.0,2466.0,0.178,-0.892,0.482,-0.41,0.068,-0.069,-0.0,-0.062,0.279,0.217,-0.267,0.366,0.099,-1.159,0.848,-0.311,-1.135,0.479,-0.655,-0.954,0.761,josh minott,Josh Minott,Brooklyn Nets,-1.2,0.7,-0.5,-0.015,-0.042,0.027,248.0,222.0,-26.0,-0.528,-0.393,-0.135,319.0,296.5,-22.5,0.461,0.61,-0.149,150.0,125.0,-25.0,2.5,1204.0,1.914,1.226,4.724,2.153,2.452,big,1000-2000
2024-2026,2025.0,1629162,Jordan McLaughlin,2485.0,2477.0,0.178,0.132,-0.003,0.13,-0.763,-0.161,-0.924,0.149,0.776,0.925,0.145,0.995,1.14,0.277,0.992,1.27,-0.497,0.496,-0.001,0.281,0.773,jordan mclaughlin,Jordan McLaughlin,San Antonio Spurs,-2.3,-0.1,-2.4,0.282,-0.822,1.104,186.0,384.0,198.0,-0.041,-0.956,0.914,214.0,411.5,197.5,0.473,-0.122,0.595,148.0,243.0,95.0,-1.729,1224.0,0.912,0.294,3.029,5.853,2.294,guard,1000-2000
2024-2026,2025.0,1642849,Nolan Traore,2487.0,2484.0,0.178,-1.686,-0.476,-2.162,0.15,-0.256,-0.107,0.03,-0.648,-0.618,-0.358,-0.706,-1.064,-2.044,-1.182,-3.226,-1.875,-1.804,-3.679,-1.656,-1.124,nolan traore,Nolan Traore,Brooklyn Nets,-1.7,-1.1,-2.8,-1.386,-0.986,-0.4,433.0,401.5,-31.5,-1.093,-0.649,-0.444,420.0,352.0,-68.0,-1.137,-1.038,-0.099,418.0,405.0,-13.0,-1.976,1246.0,0.404,0.665,2.456,6.154,1.762,guard,1000-2000
2024-2026,2025.0,1642867,Collin Murray-Boyles,2530.0,2518.0,0.181,-0.482,0.011,-0.472,0.323,0.156,0.479,0.056,1.215,1.271,0.101,1.165,1.267,-0.381,1.176,0.795,-1.229,1.055,-0.174,-0.426,1.225,collin murray boyles,Collin Murray-Boyles,Toronto Raptors,0.1,1.5,1.6,0.203,0.82,-0.617,197.0,94.0,-103.0,-0.6,0.271,-0.871,329.0,153.5,-175.5,0.864,1.343,-0.479,92.0,45.5,-46.5,4.968,1245.0,3.846,1.533,4.395,3.065,0.492,big,1000-2000
2024-2026,2025.0,1631288,Jamal Cain,2561.0,2556.0,0.183,-1.396,-0.603,-2.0,0.294,-0.176,0.118,0.386,-0.944,-0.559,0.069,-1.025,-0.957,-1.327,-1.629,-2.956,-1.131,-2.287,-3.418,-1.011,-1.548,jamal cain,Jamal Cain,Orlando Magic,-0.5,-0.7,-1.2,-1.268,-0.329,-0.939,425.0,280.0,-145.0,-0.526,-0.035,-0.49,317.0,207.5,-109.5,-1.475,-0.671,-0.803,446.0,358.0,-88.0,2.042,1243.0,2.027,0.521,3.765,1.767,1.883,big,1000-2000
2024-2026,2025.0,201599,DeAndre Jordan,2581.0,2603.0,0.184,-1.221,0.904,-0.318,0.172,-0.526,-0.354,-0.444,0.317,-0.128,-0.792,0.419,-0.373,-2.014,1.323,-0.691,-1.472,1.06,-0.412,-1.666,1.22,deandre jordan,DeAndre Jordan,New Orleans Pelicans,-3.1,-0.7,-3.8,0.095,-1.397,1.492,226.0,452.5,226.5,-0.786,-1.365,0.579,370.0,452.5,82.5,0.868,-0.671,1.539,89.0,358.0,269.0,7.792,1284.0,4.598,1.486,9.897,2.523,0.0,big,1000-2000
2024-2026,2025.0,1642856,Egor Dëmin,2641.0,2648.0,0.187,-0.133,-0.335,-0.467,-0.906,-0.008,-0.914,-0.015,0.285,0.27,-0.2,0.213,0.013,-0.333,-0.122,-0.455,-1.08,-0.453,-1.533,-0.148,-0.049,egor demin,Egor Demin,Brooklyn Nets,-0.8,0.5,-0.3,-0.413,0.04,-0.453,314.0,206.0,-108.0,-0.486,-0.189,-0.298,313.0,249.5,-63.5,-0.191,0.427,-0.619,266.0,154.0,-112.0,-1.514,1305.0,0.579,0.469,3.972,4.772,3.421,guard,1000-2000
2024-2026,2025.0,1642962,Drake Powell,2654.0,2664.0,0.188,-1.585,-0.8,-2.385,0.147,0.377,0.524,-1.402,-0.761,-2.163,-1.868,-0.909,-2.777,-3.453,-1.709,-5.162,-2.568,-2.266,-4.834,-2.987,-1.561,drake powell,Drake Powell,Brooklyn Nets,-4.0,-0.4,-4.4,-1.91,-1.643,-0.267,468.0,464.5,-3.5,-1.622,-1.825,0.203,473.0,469.5,-3.5,-1.46,-0.397,-1.063,445.0,298.5,-146.5,-0.106,1319.0,0.573,0.382,2.456,2.484,1.392,wing,1000-2000
2024-2026,2025.0,1630322,Lindy Waters III,2736.0,2735.0,0.193,-0.96,-0.7,-1.66,0.502,-0.127,0.375,-0.211,0.114,-0.096,-0.355,0.102,-0.252,-1.314,-0.598,-1.912,-1.172,-1.068,-2.24,-1.171,-0.586,lindy waters,Lindy Waters III,San Antonio Spurs,-1.4,-0.2,-1.6,-0.734,-0.494,-0.24,361.0,309.5,-51.5,-0.557,-0.495,-0.061,321.0,318.5,-2.5,-0.621,-0.214,-0.408,342.0,264.0,-78.0,-0.134,1348.0,0.801,0.507,3.979,2.537,3.418,guard,1000-2000
2024-2026,2025.0,1642920,Kobe Sanders,2743.0,2736.0,0.193,-1.53,-0.394,-1.925,-0.029,0.162,0.134,0.277,-0.281,-0.004,0.073,-0.23,-0.157,-1.458,-0.625,-2.082,-1.642,-1.173,-2.815,-1.254,-0.676,kobe sanders,Kobe Sanders,Los Angeles Clippers,-0.9,0.1,-0.8,-0.994,-0.165,-0.829,394.0,244.0,-150.0,-0.915,-0.24,-0.675,394.0,264.5,-129.5,-0.695,0.061,-0.756,353.0,210.0,-143.0,-0.274,1353.0,0.772,0.266,3.299,2.9,2.129,guard,1000-2000
2024-2026,2025.0,203967,Dario Saric,2747.0,2744.0,0.193,0.051,-0.324,-0.274,0.076,-0.116,-0.039,-0.532,-0.216,-0.748,-0.319,-0.305,-0.624,-0.268,-0.63,-0.898,-0.812,-1.009,-1.821,-0.482,-0.54,dario saric,Dario Saric,Detroit Pistons,-2.1,-0.4,-2.5,-0.544,-0.863,0.319,332.0,388.5,56.5,-0.282,-0.853,0.571,274.0,397.0,123.0,-0.581,-0.397,-0.184,335.0,298.5,-36.5,1.522,1348.0,2.35,0.294,6.703,4.513,2.19,wing,1000-2000
2024-2026,2025.0,1631245,Quenton Jackson,2753.0,2751.0,0.194,-0.639,-0.551,-1.19,-0.317,-0.124,-0.441,-0.251,0.227,-0.024,-0.522,0.086,-0.436,-1.161,-0.465,-1.625,-1.019,-0.749,-1.768,-0.89,-0.324,quenton jackson,Quenton Jackson,Indiana Pacers,-0.4,0.2,-0.2,-0.52,0.081,-0.601,323.0,198.0,-125.0,-0.44,0.016,-0.455,302.0,195.0,-107.0,-0.398,0.153,-0.551,305.0,191.5,-113.5,-0.873,1290.0,1.172,0.307,3.349,5.442,1.591,guard,1000-2000
2024-2026,2025.0,1630214,Xavier Tillman,2781.0,2810.0,0.195,-1.877,0.541,-1.337,-0.104,-0.127,-0.231,-0.597,1.07,0.474,-0.896,1.144,0.248,-2.773,1.684,-1.088,-1.858,1.569,-0.289,-2.474,1.611,xavier tillman,Xavier Tillman,Charlotte Hornets,-3.4,0.3,-3.1,0.151,-1.109,1.26,215.0,419.5,204.5,-1.08,-1.518,0.438,419.0,460.0,41.0,1.224,0.244,0.98,55.0,177.0,122.0,3.943,1394.0,2.557,1.395,5.113,2.505,0.723,big,1000-2000
2024-2026,2025.0,1641774,Tristan Vukcevic,2831.0,2826.0,0.198,-0.941,0.144,-0.796,-1.106,-0.007,-1.113,-0.739,-0.987,-1.726,-0.984,-0.957,-1.941,-1.925,-0.813,-2.737,-1.42,-1.345,-2.765,-1.68,-0.843,tristan vukcevic,Tristan Vukcevic,Washington Wizards,-0.9,-0.9,-1.8,-0.972,-0.576,-0.396,391.0,332.0,-59.0,-0.746,-0.24,-0.506,362.0,264.5,-97.5,-0.815,-0.854,0.039,371.0,385.5,14.5,2.942,1334.0,1.727,1.7,6.72,2.888,2.645,big,1000-2000
2024-2026,2025.0,1642954,Will Richard,2867.0,2876.0,0.2,-0.727,0.221,-0.505,0.305,0.017,0.322,-0.587,-0.235,-0.822,-0.513,-0.135,-0.648,-1.24,0.087,-1.153,-1.655,-0.348,-2.003,-1.314,-0.013,will richard,Will Richard,Golden State Warriors,-2.0,0.2,-1.7,-0.626,-0.535,-0.092,341.0,320.5,-20.5,-0.925,-0.802,-0.123,396.0,389.5,-6.5,-0.118,0.153,-0.27,253.0,191.5,-61.5,0.853,1376.0,1.753,0.235,2.747,2.433,1.858,wing,1000-2000
2024-2026,2025.0,1629634,Brandon Clarke,2930.0,2913.0,0.204,-0.889,0.035,-0.854,-0.657,0.071,-0.585,0.812,0.868,1.68,0.841,0.898,1.739,-0.048,0.933,0.885,-0.529,0.754,0.225,-0.077,0.903,brandon clarke,Brandon Clarke,Memphis Grizzlies,-0.2,0.6,0.4,0.384,0.328,0.057,169.0,156.5,-12.5,-0.066,0.118,-0.184,217.0,179.5,-37.5,0.654,0.519,0.135,115.0,142.0,27.0,5.627,1364.0,3.801,1.109,5.806,2.006,0.053,big,1000-2000
2024-2026,2025.0,204060,Joe Ingles,2940.0,2916.0,0.204,0.5,0.304,0.804,-0.399,0.045,-0.354,0.739,-0.878,-0.139,0.702,-0.708,-0.007,1.202,-0.404,0.798,0.17,-0.993,-0.823,1.239,-0.574,joe ingles,Joe Ingles,Minnesota Timberwolves,-1.9,-1.3,-3.2,-0.091,-1.15,1.059,254.0,426.0,172.0,0.467,-0.751,1.218,134.0,379.5,245.5,-0.569,-1.221,0.651,332.0,430.0,98.0,-2.247,1432.0,0.503,0.176,3.821,6.536,2.011,guard,1000-2000
2024-2026,2025.0,1630568,Luka Garza,2954.0,2942.0,0.205,-1.101,-0.445,-1.546,-0.887,0.729,-0.158,0.838,0.327,1.165,0.682,0.056,0.738,-0.419,-0.388,-0.808,-0.631,-0.45,-1.08,-0.262,-0.118,luka garza,Luka Garza,Boston Celtics,2.1,-0.5,1.5,-0.208,0.779,-0.987,272.0,101.0,-171.0,-0.144,1.294,-1.437,240.0,45.0,-195.0,-0.189,-0.488,0.299,265.0,318.5,53.5,5.342,1455.0,5.097,0.792,3.959,2.004,1.831,big,1000-2000
2024-2026,2025.0,1641740,Jaylen Clark,2963.0,2952.0,0.206,-1.195,-0.194,-1.389,0.321,0.015,0.337,0.635,0.262,0.897,0.544,0.229,0.773,-0.652,0.035,-0.617,-0.895,-0.227,-1.123,-0.56,0.068,jaylen clark,Jaylen Clark,Minnesota Timberwolves,-0.5,1.1,0.6,-0.227,0.41,-0.637,279.0,145.5,-133.5,-0.345,-0.035,-0.31,283.0,207.5,-75.5,-0.033,0.977,-1.01,239.0,72.5,-166.5,1.591,1412.0,2.04,0.28,2.371,1.759,1.402,wing,1000-2000
2024-2026,2025.0,1642383,Walter Clayton Jr.,2968.0,2975.0,0.206,-1.135,-0.706,-1.841,-0.647,0.433,-0.213,0.26,-1.351,-1.09,0.06,-1.454,-1.394,-1.075,-2.16,-3.235,-1.387,-2.739,-4.125,-0.874,-2.057,walter clayton,Walter Clayton Jr.,Memphis Grizzlies,-1.4,-1.7,-3.1,-1.589,-1.109,-0.479,449.0,419.5,-29.5,-0.72,-0.495,-0.225,357.0,318.5,-38.5,-1.791,-1.587,-0.204,461.0,454.0,-7.0,-2.329,1411.0,0.638,0.485,2.909,7.118,1.914,guard,1000-2000
2024-2026,2025.0,202687,Bismack Biyombo,2969.0,2969.0,0.206,-2.696,0.81,-1.886,0.439,-0.171,0.268,-0.205,-0.057,-0.262,-0.601,0.084,-0.517,-3.297,0.894,-2.404,-2.043,0.584,-1.459,-2.901,0.753,bismack biyombo,Bismack Biyombo,San Antonio Spurs,-5.2,-1.8,-7.0,-0.379,-2.71,2.331,308.0,475.0,167.0,-1.221,-2.438,1.217,440.0,475.0,35.0,0.535,-1.678,2.213,139.0,461.0,322.0,5.237,1460.0,2.712,1.529,6.978,2.195,0.0,big,1000-2000
2024-2026,2025.0,1641724,Jett Howard,3006.0,2989.0,0.208,-1.835,-0.953,-2.788,-0.171,0.166,-0.005,-0.107,-0.885,-0.993,-0.473,-1.036,-1.508,-2.307,-1.989,-4.296,-1.526,-2.467,-3.994,-1.942,-1.838,jett howard,Jett Howard,Orlando Magic,-1.1,-0.9,-2.0,-1.529,-0.658,-0.871,447.0,348.0,-99.0,-0.827,-0.342,-0.485,378.0,287.0,-91.0,-1.601,-0.854,-0.747,452.0,385.5,-66.5,0.249,1462.0,1.083,0.591,2.955,2.339,2.856,wing,1000-2000
2024-2026,2025.0,1641750,Ryan Kalkbrenner,3018.0,3013.0,0.209,-1.684,0.704,-0.979,-0.157,0.295,0.138,-0.517,0.87,0.353,-0.478,0.928,0.45,-2.162,1.632,-0.53,-2.137,1.562,-0.575,-2.201,1.574,ryan kalkbrenner,Ryan Kalkbrenner,Charlotte Hornets,-1.8,0.8,-1.0,0.022,-0.247,0.269,239.0,262.5,23.5,-1.293,-0.7,-0.593,451.0,364.5,-86.5,1.219,0.702,0.517,56.0,106.0,50.0,7.395,1480.0,4.062,2.457,5.108,1.314,0.0,big,1000-2000
2024-2026,2025.0,1630311,Pat Spencer,3055.0,3060.0,0.211,-0.031,-0.518,-0.549,0.179,-0.106,0.073,-0.341,-0.503,-0.844,-0.43,-0.492,-0.922,-0.46,-1.01,-1.471,-0.671,-1.488,-2.16,-0.372,-1.021,pat spencer,Pat Spencer,Golden State Warriors,-1.7,-1.5,-3.2,-0.697,-1.15,0.453,355.0,426.0,71.0,-0.175,-0.649,0.474,251.0,352.0,101.0,-0.916,-1.404,0.488,385.0,448.0,63.0,-1.211,1501.0,1.631,0.192,3.358,6.835,1.559,guard,1000-2000
2024-2026,2025.0,1642450,Daniss Jenkins,3055.0,3073.0,0.211,-0.944,-0.537,-1.482,0.419,-0.321,0.098,0.276,0.81,1.086,0.051,0.908,0.959,-0.893,0.371,-0.523,-0.939,0.035,-0.904,-0.668,0.272,daniss jenkins,Daniss Jenkins,Detroit Pistons,-0.1,1.0,0.8,-0.128,0.492,-0.62,262.0,134.0,-128.0,-0.379,0.169,-0.548,289.0,171.5,-117.5,0.15,0.885,-0.735,206.0,82.0,-124.0,-1.684,1475.0,1.245,0.366,2.856,6.858,1.806,guard,1000-2000
2024-2026,2025.0,203500,Steven Adams,3058.0,3070.0,0.211,-0.659,0.569,-0.089,0.98,0.59,1.569,0.762,0.6,1.362,0.738,0.739,1.477,0.079,1.308,1.387,-0.524,1.092,0.568,0.103,1.169,steven adams,Steven Adams,Houston Rockets,0.2,1.3,1.5,0.54,0.779,-0.239,141.0,101.0,-40.0,-0.062,0.323,-0.385,216.0,144.5,-71.5,0.89,1.16,-0.27,86.0,60.0,-26.0,9.209,1523.0,7.351,1.135,6.902,2.695,0.0,big,1000-2000
2024-2026,2025.0,1642848,Tre Johnson,3066.0,3077.0,0.211,-0.665,-0.93,-1.595,-0.306,0.04,-0.266,-0.197,-0.544,-0.741,-0.308,-0.82,-1.128,-0.973,-1.75,-2.723,-1.381,-2.018,-3.399,-0.863,-1.474,tre johnson,Tre Johnson,Washington Wizards,-1.2,-0.5,-1.7,-1.259,-0.535,-0.725,423.0,320.5,-102.5,-0.716,-0.393,-0.323,356.0,296.5,-59.5,-1.287,-0.488,-0.798,431.0,318.5,-112.5,-0.443,1438.0,0.726,0.451,3.53,3.054,2.879,guard,1000-2000
2024-2026,2025.0,1629057,Robert Williams III,3088.0,3087.0,0.212,-1.468,0.77,-0.698,-0.678,-0.338,-1.015,-0.019,0.558,0.539,-0.187,0.665,0.478,-1.655,1.435,-0.22,-1.262,1.282,0.02,-1.487,1.327,robert williams,Robert Williams III,Portland Trail Blazers,-0.6,1.4,0.8,0.291,0.492,-0.2,185.0,134.0,-51.0,-0.625,-0.086,-0.539,336.0,221.5,-114.5,1.023,1.251,-0.228,73.0,52.5,-20.5,9.309,1478.0,4.555,3.093,9.353,2.095,0.244,big,1000-2000
2024-2026,2025.0,1642461,Spencer Jones,3146.0,3150.0,0.216,-1.688,0.252,-1.435,-0.18,0.517,0.337,-0.116,0.155,0.04,-0.221,0.107,-0.114,-1.909,0.36,-1.549,-1.54,0.213,-1.327,-1.804,0.408,spencer jones,Spencer Jones,Denver Nuggets,-2.2,0.6,-1.6,-0.32,-0.494,0.174,292.0,309.5,17.5,-0.837,-0.904,0.067,382.0,404.0,22.0,0.275,0.519,-0.244,184.0,142.0,-42.0,2.539,1541.0,1.939,0.794,3.341,1.308,1.355,big,1000-2000
2024-2026,2025.0,1642265,Rob Dillingham,3171.0,3161.0,0.217,-1.813,-0.782,-2.594,0.186,0.046,0.232,-0.373,-1.072,-1.445,-0.85,-1.173,-2.023,-2.662,-1.955,-4.617,-1.748,-2.431,-4.179,-2.185,-1.854,rob dillingham,Rob Dillingham,Chicago Bulls,-3.0,-0.2,-3.2,-1.613,-1.15,-0.463,452.0,426.0,-26.0,-0.996,-1.313,0.318,408.0,448.0,40.0,-1.576,-0.214,-1.362,450.0,264.0,-186.0,-1.554,1490.0,0.749,0.169,3.624,5.823,1.619,guard,1000-2000
2024-2026,2025.0,1642844,Dylan Harper,3202.0,3223.0,0.219,-0.66,-0.967,-1.626,0.032,-0.056,-0.024,0.887,1.21,2.096,0.88,0.98,1.861,0.221,0.013,0.234,-0.779,0.031,-0.748,0.227,0.243,dylan harper,Dylan Harper,San Antonio Spurs,0.6,1.8,2.4,-0.057,1.149,-1.206,250.0,59.5,-190.5,-0.257,0.527,-0.784,266.0,113.0,-153.0,0.147,1.617,-1.47,207.0,28.0,-179.0,-0.587,1559.0,1.247,0.554,4.157,6.142,1.409,guard,1000-2000
2024-2026,2025.0,1642367,Jonathan Mogbo,3206.0,3221.0,0.219,-1.332,-0.054,-1.386,-0.094,-0.013,-0.108,-1.112,-0.366,-1.477,-1.523,-0.44,-1.963,-2.855,-0.493,-3.348,-1.896,-0.742,-2.638,-2.444,-0.419,jonathan mogbo,Jonathan Mogbo,Toronto Raptors,-3.3,0.1,-3.2,-0.914,-1.15,0.236,383.0,426.0,43.0,-1.109,-1.467,0.358,425.0,458.5,33.5,-0.394,0.061,-0.455,302.0,210.0,-92.0,3.584,1537.0,2.998,0.984,5.879,4.005,0.398,big,1000-2000
2024-2026,2025.0,1629618,Jalen Pickett,3213.0,3200.0,0.219,-1.312,-0.877,-2.19,0.411,0.16,0.571,0.154,0.338,0.492,-0.346,0.108,-0.239,-1.659,-0.769,-2.428,-1.057,-0.881,-1.938,-1.158,-0.539,jalen pickett,Jalen Pickett,Denver Nuggets,-1.8,0.2,-1.6,-0.597,-0.494,-0.103,336.0,309.5,-26.5,-0.469,-0.7,0.231,308.0,364.5,56.5,-0.491,0.153,-0.643,317.0,191.5,-125.5,-1.521,1591.0,0.769,0.226,3.734,5.498,2.217,guard,1000-2000
2024-2026,2025.0,1642419,Jamison Battle,3238.0,3252.0,0.22,-1.664,-0.972,-2.636,0.787,0.249,1.036,-0.183,-0.043,-0.225,-0.594,-0.092,-0.686,-2.258,-1.064,-3.322,-1.555,-1.43,-2.985,-1.847,-1.014,jamison battle,Jamison Battle,Toronto Raptors,-2.2,-0.6,-2.8,-1.072,-0.986,-0.085,405.0,401.5,-3.5,-0.849,-0.904,0.056,385.0,404.0,19.0,-0.875,-0.58,-0.295,379.0,338.5,-40.5,0.75,1559.0,1.316,0.3,4.387,1.778,3.233,wing,1000-2000
2024-2026,2025.0,1628366,Lonzo Ball,3254.0,3251.0,0.221,-0.787,0.429,-0.358,-0.906,-0.071,-0.977,-0.196,0.344,0.149,-0.334,0.433,0.098,-1.121,0.862,-0.259,-1.071,0.66,-0.412,-0.982,0.773,lonzo ball,Lonzo Ball,Utah Jazz,-1.5,1.4,-0.1,0.096,0.122,-0.027,225.0,191.5,-33.5,-0.48,-0.547,0.067,311.0,329.0,18.0,0.588,1.251,-0.664,128.0,52.5,-75.5,-0.7,1502.0,1.222,0.623,4.961,6.016,2.565,guard,1000-2000
2024-2026,2025.0,1630165,Killian Hayes,3266.0,3280.0,0.222,-1.945,-0.057,-2.002,-0.608,-0.298,-0.906,-0.29,-0.435,-0.726,-0.986,-0.465,-1.451,-2.931,-0.522,-3.453,-1.645,-0.813,-2.459,-2.236,-0.492,killian hayes,Killian Hayes,Sacramento Kings,-3.2,-0.1,-3.3,-0.833,-1.191,0.359,372.0,432.5,60.5,-0.918,-1.416,0.498,395.0,456.0,61.0,-0.443,-0.122,-0.321,309.0,243.0,-66.0,-1.782,1576.0,0.457,0.64,3.906,7.241,1.074,guard,1000-2000
2024-2026,2025.0,1630696,Dru Smith,3316.0,3323.0,0.225,-0.639,0.624,-0.015,0.627,0.857,1.484,-0.787,1.412,0.624,-0.922,1.582,0.66,-1.561,2.206,0.645,-1.197,2.139,0.942,-1.426,2.036,dru smith,Dru Smith,Miami Heat,-1.7,1.8,0.1,0.709,0.204,0.505,107.0,179.5,72.5,-0.576,-0.649,0.073,325.0,352.0,27.0,1.623,1.617,0.005,29.0,28.0,-1.0,0.466,1544.0,1.865,0.699,3.334,5.06,1.422,wing,1000-2000
2024-2026,2025.0,1641738,Kobe Brown,3321.0,3326.0,0.225,-1.714,-0.547,-2.261,0.958,0.319,1.277,-0.258,-1.334,-1.592,-0.757,-1.434,-2.19,-2.471,-1.98,-4.451,-1.494,-2.415,-3.909,-1.973,-1.88,kobe brown,Kobe Brown,Indiana Pacers,-1.9,-1.8,-3.7,-1.491,-1.356,-0.135,442.0,447.5,5.5,-0.802,-0.751,-0.051,373.0,379.5,6.5,-1.565,-1.678,0.114,449.0,461.0,12.0,2.155,1624.0,2.372,0.488,4.544,2.86,1.596,big,1000-2000
2024-2026,2025.0,1631216,Caleb Houstan,3322.0,3333.0,0.225,-1.037,-0.859,-1.896,-0.116,0.194,0.077,-0.375,-0.291,-0.666,-0.707,-0.371,-1.077,-1.744,-1.23,-2.974,-1.186,-1.565,-2.751,-1.412,-1.15,caleb houstan,Caleb Houstan,Atlanta Hawks,-2.1,-0.1,-2.2,-0.966,-0.74,-0.226,390.0,370.0,-20.0,-0.567,-0.853,0.286,324.0,397.0,73.0,-0.97,-0.122,-0.848,395.0,243.0,-152.0,0.12,1677.0,1.116,0.236,2.533,1.46,3.156,wing,1000-2000
2024-2026,2025.0,1641775,Jordan Walsh,3322.0,3339.0,0.225,-1.057,0.101,-0.957,0.394,-0.212,0.182,0.7,0.438,1.138,0.559,0.464,1.023,-0.498,0.565,0.067,-0.598,0.398,-0.2,-0.357,0.539,jordan walsh,Jordan Walsh,Boston Celtics,-0.9,0.8,-0.1,0.192,0.122,0.069,203.0,191.5,-11.5,-0.118,-0.24,0.121,234.0,264.5,30.5,0.405,0.702,-0.297,156.0,106.0,-50.0,3.507,1698.0,2.396,0.912,5.258,1.654,1.378,big,1000-2000
2024-2026,2025.0,1628449,Chris Boucher,3355.0,3373.0,0.227,-0.092,-0.341,-0.432,-0.329,-0.318,-0.647,0.977,-0.273,0.704,0.87,-0.371,0.499,0.779,-0.712,0.067,0.104,-0.934,-0.83,0.886,-0.614,chris boucher,Chris Boucher,Utah Jazz,0.4,-0.7,-0.3,-0.094,0.04,-0.135,256.0,206.0,-50.0,0.417,0.425,-0.008,143.0,129.5,-13.5,-0.528,-0.671,0.143,328.0,358.0,30.0,4.628,1663.0,2.901,1.212,6.819,1.277,2.23,big,1000-2000
2024-2026,2025.0,1642907,Cedric Coward,3398.0,3383.0,0.229,0.026,-0.477,-0.451,-0.244,0.253,0.009,0.401,0.351,0.753,0.461,0.147,0.608,0.486,-0.33,0.157,-0.642,-0.359,-1.0,0.427,-0.125,cedric coward,Cedric Coward,Memphis Grizzlies,0.3,0.5,0.8,-0.171,0.492,-0.663,267.0,134.0,-133.0,-0.152,0.374,-0.526,244.0,138.0,-106.0,-0.125,0.427,-0.552,256.0,154.0,-102.0,1.609,1602.0,1.865,0.607,6.315,3.843,2.09,wing,1000-2000
2024-2026,2025.0,1642860,Will Riley,3426.0,3452.0,0.23,-0.687,-0.859,-1.546,-0.199,-0.107,-0.306,-0.392,-1.555,-1.948,-0.647,-1.72,-2.367,-1.334,-2.579,-3.913,-1.484,-3.002,-4.486,-1.079,-2.414,will riley,Will Riley,Washington Wizards,-1.2,-1.8,-3.0,-1.752,-1.068,-0.684,458.0,413.5,-44.5,-0.795,-0.393,-0.401,371.0,296.5,-74.5,-1.975,-1.678,-0.297,467.0,461.0,-6.0,0.168,1631.0,1.236,0.199,3.443,3.223,1.722,wing,1000-2000
2024-2026,2025.0,1631223,David Roddy,3458.0,3484.0,0.232,-1.975,-0.853,-2.828,-0.254,0.01,-0.244,-0.675,-0.418,-1.093,-1.22,-0.561,-1.781,-3.195,-1.413,-4.609,-1.853,-1.671,-3.524,-2.65,-1.271,david roddy,David Roddy,Denver Nuggets,-2.5,-0.5,-3.0,-1.316,-1.068,-0.248,426.0,413.5,-12.5,-1.076,-1.058,-0.018,418.0,423.0,5.0,-1.043,-0.488,-0.555,411.0,318.5,-92.5,1.732,1659.0,1.606,0.456,5.23,2.582,1.519,wing,1000-2000
2024-2026,2025.0,1631321,Sidy Cissoko,3499.0,3515.0,0.234,-1.299,-0.298,-1.597,0.3,0.98,1.28,-0.377,0.669,0.292,-0.712,0.733,0.021,-2.011,0.435,-1.576,-1.297,0.234,-1.064,-1.675,0.371,sidy cissoko,Sidy Cissoko,Portland Trail Blazers,-2.7,0.9,-1.8,-0.2,-0.576,0.375,270.0,332.0,62.0,-0.652,-1.16,0.508,343.0,433.5,90.5,0.289,0.794,-0.504,181.0,92.0,-89.0,1.143,1688.0,1.664,0.618,2.794,2.879,1.344,wing,1000-2000
2024-2026,2025.0,203926,Doug McDermott,3512.0,3525.0,0.235,-0.212,-1.073,-1.285,0.666,0.163,0.829,-0.428,-0.627,-1.055,-0.557,-0.709,-1.266,-0.769,-1.781,-2.551,-0.72,-2.151,-2.87,-0.64,-1.699,doug mcdermott,Doug McDermott,Sacramento Kings,-1.8,-1.9,-3.7,-1.02,-1.356,0.336,398.0,447.5,49.5,-0.211,-0.7,0.489,257.0,364.5,107.5,-1.38,-1.77,0.39,441.0,467.0,26.0,-1.42,1686.0,0.427,0.171,2.093,2.114,3.972,guard,1000-2000
2024-2026,2025.0,1631255,Karlo Matković,3541.0,3555.0,0.236,-1.894,0.222,-1.673,0.177,-0.195,-0.019,-0.101,0.161,0.06,-0.497,0.26,-0.237,-2.391,0.481,-1.909,-1.602,0.254,-1.347,-1.996,0.383,karlo matkovic,Karlo Matkovic,New Orleans Pelicans,-1.5,0.5,-0.9,-0.329,-0.206,-0.123,296.0,254.0,-42.0,-0.884,-0.547,-0.338,388.0,329.0,-59.0,0.304,0.427,-0.123,178.0,154.0,-24.0,5.288,1702.0,2.877,2.009,6.388,2.031,1.248,big,1000-2000
2024-2026,2025.0,1631248,Baylor Scheierman,3565.0,3548.0,0.237,-0.645,-0.486,-1.13,0.756,-0.171,0.585,0.029,0.975,1.004,-0.062,0.867,0.805,-0.707,0.381,-0.326,-0.842,0.381,-0.461,-0.616,0.489,baylor scheierman,Baylor Scheierman,Boston Celtics,-0.4,1.2,0.8,0.073,0.492,-0.419,229.0,134.0,-95.0,-0.305,0.016,-0.32,279.0,195.0,-84.0,0.392,1.068,-0.676,158.0,65.5,-92.5,0.746,1819.0,1.504,0.158,5.106,2.949,2.434,wing,1000-2000
2024-2026,2025.0,1641744,Zach Edey,3583.0,3581.0,0.238,-1.54,1.521,-0.019,-1.2,-0.305,-1.505,1.306,1.017,2.323,1.19,1.456,2.646,-0.35,2.977,2.627,-0.584,2.738,2.153,-0.234,2.538,zach edey,Zach Edey,Memphis Grizzlies,0.3,2.0,2.3,1.259,1.108,0.151,47.0,66.5,19.5,-0.108,0.374,-0.482,231.0,138.0,-93.0,2.042,1.801,0.241,15.0,23.0,8.0,9.584,1703.0,5.813,2.241,8.35,1.628,0.402,big,1000-2000
2024-2026,2025.0,1630548,Johnny Juzang,3583.0,3575.0,0.238,-1.017,-0.811,-1.828,0.013,-0.004,0.009,-0.235,-0.434,-0.669,-0.557,-0.641,-1.198,-1.574,-1.452,-3.025,-1.046,-1.609,-2.655,-1.253,-1.244,johnny juzang,Johnny Juzang,Minnesota Timberwolves,-1.5,-0.9,-2.5,-0.922,-0.863,-0.059,384.0,388.5,4.5,-0.46,-0.547,0.086,306.0,329.0,23.0,-1.001,-0.854,-0.146,403.0,385.5,-17.5,0.188,1725.0,1.127,0.23,3.819,2.024,3.256,wing,1000-2000
2024-2026,2025.0,1641757,Jordan Miller,3586.0,3603.0,0.238,-1.036,-0.631,-1.667,0.26,0.079,0.338,0.409,-1.422,-1.012,0.055,-1.392,-1.337,-0.981,-2.022,-3.003,-0.697,-2.537,-3.233,-0.627,-2.052,jordan miller,Jordan Miller,Los Angeles Clippers,-0.9,-0.7,-1.5,-1.184,-0.452,-0.732,416.0,299.0,-117.0,-0.194,-0.24,0.046,254.0,264.5,10.5,-1.65,-0.671,-0.978,455.0,358.0,-97.0,0.792,1768.0,1.548,0.326,3.441,3.462,0.957,wing,1000-2000
2024-2026,2025.0,1642272,Jared McCain,3611.0,3620.0,0.24,-0.379,-1.221,-1.6,-0.205,0.055,-0.15,-0.225,0.048,-0.177,-0.268,-0.132,-0.4,-0.647,-1.353,-1.999,-0.818,-1.52,-2.339,-0.604,-1.173,jared mccain,Jared McCain,Oklahoma City Thunder,-0.8,-0.1,-0.9,-0.779,-0.206,-0.572,366.0,254.0,-112.0,-0.287,-0.189,-0.098,276.0,249.5,-26.5,-0.938,-0.122,-0.816,390.0,243.0,-147.0,-0.961,1757.0,0.738,0.102,3.217,3.073,3.073,guard,1000-2000
2024-2026,2025.0,1629660,Ty Jerome,3618.0,3612.0,0.24,2.377,-0.213,2.164,0.087,0.089,0.177,1.225,-0.585,0.64,1.823,-0.664,1.159,4.2,-0.877,3.323,1.707,-1.089,0.617,3.602,-0.798,ty jerome,Ty Jerome,Memphis Grizzlies,3.6,-0.5,3.2,0.562,1.477,-0.915,138.0,36.5,-101.5,1.64,2.061,-0.421,29.0,18.5,-10.5,-0.636,-0.488,-0.148,344.0,318.5,-25.5,-2.237,1746.0,1.278,0.144,3.175,6.701,3.155,guard,1000-2000
2024-2026,2025.0,1642275,Tidjane Salaün,3665.0,3675.0,0.242,-1.913,-0.72,-2.633,0.219,-0.319,-0.1,-1.131,-0.494,-1.625,-1.636,-0.676,-2.312,-3.549,-1.397,-4.946,-2.207,-1.556,-3.762,-3.044,-1.214,tidjane salaun,Tidjane Salaun,Charlotte Hornets,-3.2,0.2,-3.0,-1.424,-1.068,-0.356,437.0,413.5,-23.5,-1.346,-1.416,0.07,455.0,456.0,1.0,-0.963,0.153,-1.116,394.0,191.5,-202.5,2.545,1822.0,1.897,0.415,6.58,1.996,1.857,big,1000-2000
2024-2026,2025.0,1630192,Zeke Nnaji,3684.0,3703.0,0.243,-2.096,-0.041,-2.137,0.677,-0.442,0.235,-0.731,0.349,-0.383,-1.32,0.333,-0.987,-3.415,0.292,-3.124,-1.931,0.19,-1.742,-2.827,0.307,zeke nnaji,Zeke Nnaji,Denver Nuggets,-3.5,0.3,-3.2,-0.508,-1.15,0.643,322.0,426.0,104.0,-1.136,-1.569,0.433,429.0,462.0,33.0,0.259,0.244,0.014,187.0,177.0,-10.0,4.723,1812.0,2.523,1.987,4.47,1.669,0.735,big,1000-2000
2024-2026,2025.0,203552,Seth Curry,3696.0,3673.0,0.244,0.206,-0.576,-0.37,-0.19,-0.017,-0.207,-0.564,-0.095,-0.659,-0.731,-0.189,-0.919,-0.525,-0.765,-1.29,-0.531,-0.927,-1.458,-0.358,-0.671,seth curry,Seth Curry,Golden State Warriors,-1.0,-1.2,-2.2,-0.379,-0.74,0.361,307.0,370.0,63.0,-0.068,-0.291,0.223,220.0,279.0,59.0,-0.523,-1.129,0.606,326.0,418.0,92.0,-0.142,1806.0,0.917,0.259,2.93,2.272,2.651,guard,1000-2000
2024-2026,2025.0,201567,Kevin Love,3700.0,3762.0,0.244,1.173,-0.102,1.072,-0.624,0.218,-0.406,0.222,0.253,0.475,0.663,0.056,0.718,1.836,-0.046,1.79,0.47,0.014,0.483,1.395,0.151,kevin love,Kevin Love,Utah Jazz,0.0,-1.0,-1.1,0.501,-0.288,0.79,147.0,271.0,124.0,0.696,0.22,0.476,97.0,163.5,66.5,0.135,-0.946,1.081,208.0,396.0,188.0,2.939,1787.0,2.74,0.463,10.294,4.11,3.243,big,1000-2000
2024-2026,2025.0,1630543,Isaiah Jackson,3703.0,3701.0,0.244,-1.191,0.36,-0.831,-0.361,-0.59,-0.951,0.343,-0.484,-0.141,0.186,-0.566,-0.38,-1.005,-0.206,-1.212,-0.793,-0.301,-1.094,-0.849,-0.124,isaiah jackson,Isaiah Jackson,Los Angeles Clippers,-0.6,-0.1,-0.8,-0.214,-0.165,-0.049,274.0,244.0,-30.0,-0.267,-0.086,-0.181,268.0,221.5,-46.5,-0.085,-0.122,0.037,247.0,243.0,-4.0,7.848,1761.0,4.457,2.412,6.91,2.187,0.0,big,1000-2000
2024-2026,2025.0,1631243,Mouhamed Gueye,3707.0,3751.0,0.245,-1.13,0.45,-0.68,-0.0,-0.397,-0.397,0.198,0.685,0.883,0.059,0.917,0.975,-1.072,1.367,0.295,-0.839,1.139,0.3,-0.933,1.135,mouhamed gueye,Mouhamed Gueye,Atlanta Hawks,-1.3,1.8,0.4,0.419,0.328,0.091,165.0,156.5,-8.5,-0.302,-0.444,0.142,278.0,308.5,30.5,0.923,1.617,-0.694,81.0,28.0,-53.0,4.67,1783.0,2.887,1.534,5.916,2.019,1.292,big,1000-2000
2024-2026,2025.0,1631121,Bryce McGowens,3709.0,3712.0,0.245,-2.066,-0.796,-2.862,0.038,-0.155,-0.117,0.17,-0.476,-0.306,-0.468,-0.596,-1.064,-2.535,-1.392,-3.926,-1.391,-1.612,-3.003,-1.896,-1.272,bryce mcgowens,Bryce McGowens,New Orleans Pelicans,-1.4,-0.9,-2.3,-1.08,-0.781,-0.299,407.0,378.0,-29.0,-0.724,-0.495,-0.228,358.0,318.5,-39.5,-1.002,-0.854,-0.148,404.0,385.5,-18.5,0.227,1794.0,0.622,0.361,3.251,2.308,1.445,wing,1000-2000
2024-2026,2025.0,1642883,Sion James,3725.0,3732.0,0.245,-1.79,-0.348,-2.138,-0.065,0.012,-0.053,0.545,1.341,1.886,0.427,1.264,1.691,-1.362,0.915,-0.447,-1.599,0.979,-0.62,-1.245,0.993,sion james,Sion James,Charlotte Hornets,-1.2,1.6,0.4,0.001,0.328,-0.327,244.0,156.5,-87.5,-0.883,-0.393,-0.489,387.0,296.5,-90.5,0.811,1.434,-0.623,98.0,39.0,-59.0,0.503,1840.0,0.959,0.391,4.657,3.189,1.624,wing,1000-2000
2024-2026,2025.0,1630695,Micah Potter,3758.0,3790.0,0.247,-1.831,-0.555,-2.386,0.332,-0.041,0.29,-0.139,-0.406,-0.545,-0.603,-0.651,-1.254,-2.434,-1.206,-3.64,-1.428,-1.246,-2.674,-1.97,-0.961,micah potter,Micah Potter,Indiana Pacers,-0.9,-0.9,-1.9,-0.931,-0.617,-0.314,386.0,341.5,-44.5,-0.752,-0.24,-0.512,364.0,264.5,-99.5,-0.747,-0.854,0.108,359.0,385.5,26.5,2.951,1797.0,2.224,0.701,6.591,2.124,2.224,big,1000-2000
2024-2026,2025.0,1642366,Quinten Post,3761.0,3770.0,0.247,-0.835,-0.055,-0.89,0.503,0.141,0.644,-0.608,0.23,-0.378,-0.416,0.26,-0.156,-1.251,0.205,-1.046,-1.279,0.05,-1.229,-1.443,0.175,quinten post,Quinten Post,Golden State Warriors,-0.6,0.7,0.1,-0.275,0.204,-0.479,287.0,179.5,-107.5,-0.638,-0.086,-0.551,340.0,221.5,-118.5,0.161,0.61,-0.45,202.0,125.0,-77.0,2.119,1848.0,2.006,1.032,6.117,2.922,3.234,big,1000-2000
2024-2026,2025.0,1630264,Anthony Gill,3807.0,3851.0,0.249,-0.92,-0.115,-1.034,0.746,0.117,0.863,-0.336,-1.146,-1.482,-0.731,-1.084,-1.816,-1.651,-1.199,-2.85,-1.014,-1.577,-2.591,-1.256,-1.26,anthony gill,Anthony Gill,Washington Wizards,-2.8,-1.8,-4.7,-0.893,-1.766,0.873,379.0,468.5,89.5,-0.436,-1.211,0.775,301.0,438.5,137.5,-0.978,-1.678,0.701,398.0,461.0,63.0,2.656,1819.0,2.236,0.673,4.057,2.355,0.732,big,1000-2000
2024-2026,2025.0,1631172,Ousmane Dieng,3834.0,3833.0,0.251,-1.766,-0.646,-2.412,-0.067,0.094,0.027,-0.798,0.012,-0.786,-1.297,-0.058,-1.355,-3.063,-0.703,-3.767,-1.767,-0.859,-2.626,-2.564,-0.634,ousmane dieng,Ousmane Dieng,Milwaukee Bucks,-1.6,-0.6,-2.2,-0.909,-0.74,-0.169,381.0,370.0,-11.0,-1.011,-0.598,-0.413,410.0,341.5,-68.5,-0.475,-0.58,0.104,315.0,338.5,23.5,0.34,1875.0,1.094,0.557,4.896,3.917,2.054,wing,1000-2000
2024-2026,2025.0,201145,Jeff Green,3851.0,3871.0,0.252,-0.209,-0.271,-0.48,0.045,-0.066,-0.021,-0.21,-1.641,-1.851,-0.319,-1.732,-2.05,-0.527,-2.003,-2.53,-0.536,-2.307,-2.844,-0.419,-1.912,jeff green,Jeff Green,Houston Rockets,-2.3,-2.0,-4.3,-1.007,-1.602,0.594,395.0,460.5,65.5,-0.072,-0.956,0.884,222.0,411.5,189.5,-1.489,-1.861,0.372,447.0,469.0,22.0,1.408,1879.0,1.226,0.709,3.774,1.878,1.801,wing,1000-2000
2024-2026,2025.0,1642363,Nique Clifford,3881.0,3873.0,0.253,-1.576,-0.434,-2.01,-0.062,-0.039,-0.101,0.079,0.595,0.674,-0.376,0.552,0.176,-1.952,0.118,-1.834,-1.728,0.052,-1.676,-1.497,0.161,nique clifford,Nique Clifford,Sacramento Kings,-1.6,0.5,-1.1,-0.478,-0.288,-0.19,321.0,271.0,-50.0,-0.981,-0.598,-0.383,405.0,341.5,-63.5,0.162,0.427,-0.265,201.0,154.0,-47.0,0.647,1882.0,1.243,0.459,4.151,3.424,1.473,wing,1000-2000
2024-2026,2025.0,1630544,Tre Mann,3928.0,3921.0,0.255,-1.171,-0.592,-1.763,-0.105,-0.033,-0.139,-0.575,-0.068,-0.644,-1.0,-0.106,-1.106,-2.171,-0.698,-2.869,-1.292,-0.872,-2.165,-1.746,-0.661,tre mann,Tre Mann,Charlotte Hornets,-2.8,-1.0,-3.8,-0.699,-1.397,0.697,356.0,452.5,96.5,-0.648,-1.211,0.563,342.0,438.5,96.5,-0.485,-0.946,0.461,316.0,396.0,80.0,-1.113,1982.0,0.945,0.218,4.123,5.267,2.198,guard,1000-2000
2024-2026,2025.0,1641763,Julian Phillips,3958.0,3946.0,0.257,-1.012,-0.66,-1.672,0.085,0.183,0.268,0.342,-0.825,-0.484,0.119,-0.978,-0.858,-0.893,-1.637,-2.53,-0.65,-1.799,-2.449,-0.671,-1.485,julian phillips,Julian Phillips,Minnesota Timberwolves,-1.7,0.2,-1.6,-0.828,-0.494,-0.335,371.0,309.5,-61.5,-0.158,-0.649,0.491,247.0,352.0,105.0,-1.133,0.153,-1.286,417.0,191.5,-225.5,2.262,1875.0,1.958,0.653,2.918,1.19,1.574,big,1000-2000
2024-2026,2025.0,1641871,Duop Reath,3976.0,3953.0,0.258,-0.766,-0.433,-1.199,0.156,0.194,0.35,-0.318,-0.249,-0.567,-0.519,-0.554,-1.072,-1.285,-0.986,-2.271,-0.897,-0.887,-1.784,-1.085,-0.681,duop reath,Duop Reath,Atlanta Hawks,-2.0,-0.7,-2.7,-0.527,-0.945,0.418,325.0,395.0,70.0,-0.347,-0.802,0.455,284.0,389.5,105.5,-0.495,-0.671,0.176,318.0,358.0,40.0,3.098,1945.0,2.721,1.111,4.313,1.906,2.684,big,1000-2000
2024-2026,2025.0,1630526,Jeremiah Robinson-Earl,4007.0,4042.0,0.259,-1.198,-0.645,-1.843,0.746,-0.119,0.627,-0.145,-1.498,-1.643,-0.68,-1.702,-2.383,-1.879,-2.347,-4.226,-1.042,-2.532,-3.573,-1.343,-2.143,jeremiah robinson earl,Jeremiah Robinson-Earl,Dallas Mavericks,-1.8,-1.9,-3.6,-1.338,-1.315,-0.024,427.0,444.0,17.0,-0.457,-0.7,0.243,305.0,364.5,59.5,-1.646,-1.77,0.124,454.0,467.0,13.0,3.442,1934.0,3.146,0.223,6.05,2.308,1.471,big,1000-2000
2024-2026,2025.0,1641765,Olivier-Maxence Prosper,4020.0,4045.0,0.26,-1.302,-0.711,-2.012,0.485,-0.303,0.182,-0.813,-0.116,-0.929,-1.009,-0.418,-1.427,-2.311,-1.128,-3.439,-1.492,-1.043,-2.536,-2.115,-0.826,olivier maxence prosper,Olivier-Maxence Prosper,Memphis Grizzlies,-0.9,-0.7,-1.6,-0.868,-0.494,-0.374,376.0,309.5,-66.5,-0.801,-0.24,-0.561,372.0,264.5,-107.5,-0.604,-0.671,0.067,337.0,358.0,21.0,2.648,1899.0,2.427,0.436,5.005,2.142,1.611,big,1000-2000
2024-2026,2025.0,1631104,Blake Wesley,4038.0,4056.0,0.261,-1.338,-0.651,-1.989,0.161,-0.314,-0.154,-0.46,-0.312,-0.772,-0.868,-0.353,-1.221,-2.206,-1.004,-3.21,-1.301,-1.194,-2.496,-1.798,-0.963,blake wesley,Blake Wesley,Portland Trail Blazers,-3.2,-0.4,-3.5,-0.85,-1.274,0.424,375.0,440.5,65.5,-0.655,-1.416,0.76,344.0,456.0,112.0,-0.71,-0.397,-0.313,355.0,298.5,-56.5,-1.465,1924.0,0.805,0.374,2.825,6.399,0.73,guard,1000-2000
2024-2026,2025.0,1641748,Andre Jackson Jr.,4044.0,4031.0,0.261,-1.602,-0.117,-1.719,0.79,0.073,0.863,-0.608,0.454,-0.154,-0.786,0.529,-0.258,-2.389,0.412,-1.977,-1.545,0.272,-1.273,-2.21,0.337,andre jackson,Andre Jackson Jr.,Milwaukee Bucks,-2.7,-0.1,-2.9,-0.295,-1.027,0.732,290.0,408.0,118.0,-0.841,-1.16,0.319,383.0,433.5,50.5,0.316,-0.122,0.438,175.0,243.0,68.0,2.102,1959.0,2.444,0.441,4.3,3.234,1.139,big,1000-2000
2024-2026,2025.0,1628998,Cody Martin,4059.0,4074.0,0.262,-1.042,0.559,-0.483,0.177,0.056,0.233,-0.523,0.044,-0.478,-0.892,0.092,-0.8,-1.934,0.651,-1.283,-1.17,0.574,-0.596,-1.564,0.603,cody martin,Cody Martin,Indiana Pacers,-2.9,0.6,-2.3,0.012,-0.781,0.793,242.0,378.0,136.0,-0.555,-1.262,0.707,320.0,443.0,123.0,0.528,0.519,0.009,142.0,142.0,0.0,1.339,1982.0,1.326,0.945,4.977,3.832,1.271,wing,1000-2000
2024-2026,2025.0,1630538,Bones Hyland,4059.0,4055.0,0.262,-0.055,-0.529,-0.584,-0.777,0.098,-0.679,-0.594,0.203,-0.391,-0.685,0.147,-0.538,-0.74,-0.382,-1.123,-0.64,-0.473,-1.113,-0.649,-0.326,bones hyland,Bones Hyland,Minnesota Timberwolves,0.5,0.4,0.9,-0.223,0.533,-0.755,278.0,128.5,-149.5,-0.151,0.476,-0.627,243.0,119.5,-123.5,-0.205,0.336,-0.541,272.0,166.5,-105.5,-2.264,1957.0,0.607,0.46,3.201,5.758,3.532,guard,1000-2000
2024-2026,2025.0,1642875,Maxime Raynaud,4071.0,4071.0,0.262,-1.713,-0.003,-1.717,-1.025,-0.378,-1.403,-0.601,-1.375,-1.975,-0.921,-1.468,-2.389,-2.634,-1.472,-4.106,-2.217,-1.655,-3.873,-2.314,-1.378,maxime raynaud,Maxime Raynaud,Sacramento Kings,-1.1,-1.7,-2.7,-1.474,-0.945,-0.529,441.0,395.0,-46.0,-1.354,-0.342,-1.012,456.0,287.0,-169.0,-1.033,-1.587,0.554,410.0,454.0,44.0,4.493,1968.0,2.598,0.713,7.573,1.829,0.439,big,1000-2000
2024-2026,2025.0,1642285,Cam Spencer,4083.0,4070.0,0.263,1.526,-0.705,0.821,-0.903,0.03,-0.872,-0.11,-0.829,-0.939,0.185,-1.061,-0.876,1.71,-1.766,-0.056,0.429,-1.829,-1.399,1.416,-1.534,cam spencer,Cam Spencer,Memphis Grizzlies,1.0,-0.7,0.3,-0.352,0.287,-0.639,303.0,166.5,-136.5,0.665,0.732,-0.066,101.0,92.5,-8.5,-1.154,-0.671,-0.483,419.0,358.0,-61.0,-3.123,1968.0,0.951,0.22,2.945,7.939,3.018,guard,1000-2000
2024-2026,2025.0,1628467,Maxi Kleber,4090.0,4085.0,0.263,-1.439,0.576,-0.863,0.641,0.464,1.105,0.263,0.138,0.401,0.32,0.249,0.568,-1.119,0.825,-0.294,-0.93,0.703,-0.228,-1.176,0.715,maxi kleber,Maxi Kleber,Los Angeles Lakers,-3.3,-0.5,-3.9,0.179,-1.438,1.617,206.0,456.0,250.0,-0.372,-1.467,1.095,287.0,458.5,171.5,0.618,-0.488,1.106,125.0,318.5,193.5,2.359,1967.0,1.665,1.062,4.228,2.526,0.933,big,1000-2000
2024-2026,2025.0,1642261,Dalton Knecht,4124.0,4127.0,0.265,-1.747,-1.204,-2.951,0.235,-0.172,0.063,0.239,-1.296,-1.057,-0.153,-1.505,-1.658,-1.9,-2.709,-4.609,-1.282,-2.906,-4.188,-1.508,-2.5,dalton knecht,Dalton Knecht,Los Angeles Lakers,-1.8,-1.6,-3.4,-1.617,-1.232,-0.385,453.0,436.5,-16.5,-0.64,-0.7,0.059,341.0,364.5,23.5,-1.908,-1.495,-0.413,464.0,450.5,-13.5,0.565,2044.0,0.898,0.335,4.227,1.532,2.924,wing,2000-3000
2024-2026,2025.0,1630256,Jae'Sean Tate,4178.0,4175.0,0.267,-1.159,-0.086,-1.245,0.823,-0.128,0.695,0.179,0.605,0.784,-0.011,0.687,0.676,-1.17,0.601,-0.569,-0.808,0.492,-0.316,-0.98,0.519,jaesean tate,Jae'Sean Tate,Houston Rockets,-2.0,0.2,-1.8,0.139,-0.576,0.714,216.0,332.0,116.0,-0.279,-0.802,0.523,273.0,389.5,116.5,0.47,0.153,0.318,149.0,191.5,42.5,2.74,2027.0,2.557,0.444,4.316,2.415,0.87,big,2000-3000
2024-2026,2025.0,1631213,Tyrese Martin,4179.0,4217.0,0.267,-0.811,-0.945,-1.756,-0.462,0.067,-0.395,-0.78,0.175,-0.604,-1.258,-0.143,-1.4,-2.069,-1.088,-3.157,-1.342,-0.953,-2.295,-1.591,-0.77,tyrese martin,Tyrese Martin,Philadelphia 76ers,-1.9,-0.4,-2.3,-0.759,-0.781,0.022,364.0,378.0,14.0,-0.687,-0.751,0.064,352.0,379.5,27.5,-0.541,-0.397,-0.144,330.0,298.5,-31.5,0.329,2087.0,1.587,0.259,4.192,3.45,2.622,wing,2000-3000
2024-2026,2025.0,1629726,Garrison Mathews,4233.0,4259.0,0.27,-1.045,-0.686,-1.731,-0.429,0.462,0.034,-0.245,0.353,0.108,-0.517,0.25,-0.268,-1.562,-0.436,-1.998,-0.979,-0.455,-1.435,-1.29,-0.333,garrison mathews,Garrison Mathews,Indiana Pacers,-1.3,-0.5,-1.8,-0.368,-0.576,0.207,304.0,332.0,28.0,-0.409,-0.444,0.035,295.0,308.5,13.5,-0.193,-0.488,0.295,267.0,318.5,51.5,-0.376,2018.0,0.571,0.464,2.926,1.909,3.336,guard,2000-3000
2024-2026,2025.0,1642846,Ace Bailey,4237.0,4222.0,0.27,-0.629,-0.333,-0.962,0.358,0.143,0.501,-0.558,-0.792,-1.351,-0.704,-0.858,-1.562,-1.333,-1.191,-2.525,-1.532,-1.341,-2.873,-1.188,-1.125,ace bailey,Ace Bailey,Utah Jazz,-0.3,-1.1,-1.5,-1.021,-0.452,-0.568,399.0,299.0,-100.0,-0.831,0.067,-0.898,381.0,186.5,-194.5,-0.813,-1.038,0.225,370.0,405.0,35.0,1.671,1984.0,1.887,0.889,3.593,2.377,2.486,wing,1000-2000
2024-2026,2025.0,1642852,Derik Queen,4274.0,4278.0,0.272,-0.796,0.307,-0.488,0.136,0.456,0.592,0.127,-1.249,-1.122,-0.073,-1.188,-1.261,-0.869,-0.881,-1.75,-1.243,-1.13,-2.373,-0.669,-0.942,derik queen,Derik Queen,New Orleans Pelicans,-0.9,-1.1,-2.0,-0.794,-0.658,-0.136,367.0,348.0,-19.0,-0.611,-0.24,-0.371,330.0,264.5,-65.5,-0.665,-1.038,0.373,351.0,405.0,54.0,3.241,2028.0,2.414,1.314,7.74,5.29,0.408,big,2000-3000
2024-2026,2025.0,1641707,Taylor Hendricks,4282.0,4289.0,0.272,-0.906,-0.028,-0.934,0.149,-0.258,-0.109,-0.54,0.08,-0.46,-0.698,-0.026,-0.723,-1.604,-0.053,-1.657,-1.071,-0.019,-1.089,-1.446,0.052,taylor hendricks,Taylor Hendricks,Memphis Grizzlies,-1.6,-0.4,-1.9,-0.212,-0.617,0.405,273.0,341.5,68.5,-0.479,-0.598,0.118,310.0,341.5,31.5,0.113,-0.397,0.51,213.0,298.5,85.5,3.144,2054.0,2.033,1.122,5.346,1.56,2.086,big,2000-3000
2024-2026,2025.0,1642349,Ajay Mitchell,4300.0,4294.0,0.273,-0.782,-0.291,-1.073,-0.136,-0.156,-0.292,0.312,2.397,2.709,0.259,2.452,2.712,-0.523,2.161,1.638,-0.648,2.274,1.626,-0.471,2.106,ajay mitchell,Ajay Mitchell,Oklahoma City Thunder,0.8,2.3,3.0,1.02,1.395,-0.375,66.0,40.0,-26.0,-0.157,0.629,-0.786,245.0,102.0,-143.0,1.718,2.075,-0.357,22.0,14.0,-8.0,-0.497,2070.0,1.009,0.383,3.478,4.696,1.461,guard,2000-3000
2024-2026,2025.0,1641715,Cam Whitmore,4335.0,4346.0,0.275,-0.742,-1.221,-1.964,-0.381,-0.58,-0.961,0.196,-0.067,0.128,0.005,-0.467,-0.463,-0.738,-1.688,-2.426,-0.53,-1.506,-2.036,-0.547,-1.289,cam whitmore,Cam Whitmore,Washington Wizards,-0.9,-0.9,-1.8,-0.641,-0.576,-0.065,343.0,332.0,-11.0,-0.066,-0.24,0.173,218.0,264.5,46.5,-0.928,-0.854,-0.074,388.0,385.5,-2.5,1.945,2064.0,1.727,0.663,5.058,1.692,2.791,wing,2000-3000
2024-2026,2025.0,203486,Mason Plumlee,4389.0,4399.0,0.277,-0.881,1.185,0.304,0.341,0.12,0.461,0.445,-0.559,-0.115,0.809,-0.265,0.544,-0.073,0.92,0.847,-0.462,0.632,0.17,-0.437,0.626,mason plumlee,Mason Plumlee,San Antonio Spurs,-2.3,-1.1,-3.4,0.359,-1.232,1.592,171.0,436.5,265.5,-0.015,-0.956,0.941,210.0,411.5,201.5,0.568,-1.038,1.605,133.0,405.0,272.0,5.324,2145.0,3.239,1.074,9.214,3.508,0.0,big,2000-3000
2024-2026,2025.0,1628418,Thomas Bryant,4401.0,4428.0,0.278,-1.833,-0.145,-1.978,0.242,-0.37,-0.129,0.068,-0.094,-0.026,-0.062,-0.067,-0.129,-1.895,-0.212,-2.107,-1.249,-0.329,-1.578,-1.764,-0.24,thomas bryant,Thomas Bryant,Cleveland Cavaliers,-0.6,-0.7,-1.2,-0.434,-0.329,-0.104,318.0,280.0,-38.0,-0.616,-0.086,-0.529,332.0,221.5,-110.5,-0.105,-0.671,0.567,250.0,358.0,108.0,4.969,2140.0,3.062,1.396,6.981,1.834,1.665,big,2000-3000
2024-2026,2025.0,1626204,Larry Nance Jr.,4401.0,4424.0,0.278,-0.875,0.492,-0.383,0.371,-0.228,0.143,-0.545,0.485,-0.06,-0.627,0.591,-0.036,-1.502,1.083,-0.419,-1.046,1.023,-0.023,-1.42,0.977,larry nance,Larry Nance Jr.,Cleveland Cavaliers,-2.6,-0.2,-2.8,0.272,-0.986,1.258,190.0,401.5,211.5,-0.461,-1.109,0.648,307.0,428.5,121.5,0.842,-0.214,1.055,94.0,264.0,170.0,2.805,2128.0,2.47,0.643,6.039,3.13,1.387,big,2000-3000
2024-2026,2025.0,1629011,Mitchell Robinson,4411.0,4443.0,0.278,-1.235,0.695,-0.54,0.386,-0.448,-0.063,0.641,0.481,1.123,0.742,0.478,1.22,-0.492,1.173,0.68,-0.555,1.245,0.69,-0.593,1.176,mitchell robinson,Mitchell Robinson,New York Knicks,1.2,1.5,2.7,0.595,1.272,-0.677,131.0,47.5,-83.5,-0.086,0.834,-0.919,224.0,82.0,-142.0,0.997,1.343,-0.346,76.0,45.5,-30.5,10.652,2232.0,7.194,1.984,7.145,1.339,0.0,big,2000-3000
2024-2026,2025.0,1642348,Justin Edwards,4426.0,4424.0,0.279,-0.839,-0.135,-0.975,-0.16,0.003,-0.156,0.502,-1.225,-0.723,0.219,-1.25,-1.031,-0.62,-1.385,-2.005,-0.561,-1.57,-2.131,-0.338,-1.36,justin edwards,Justin Edwards,Philadelphia 76ers,-0.7,-1.4,-2.1,-0.684,-0.699,0.015,351.0,359.0,8.0,-0.09,-0.138,0.047,227.0,236.5,9.5,-0.973,-1.312,0.339,397.0,441.0,44.0,0.358,2124.0,1.22,0.458,2.881,2.525,2.305,wing,2000-3000
2024-2026,2025.0,1641737,Adem Bona,4440.0,4421.0,0.279,-2.269,0.331,-1.937,-0.138,-0.366,-0.505,0.168,0.617,0.785,-0.336,0.565,0.229,-2.605,0.896,-1.708,-1.61,0.994,-0.615,-2.101,0.949,adem bona,Adem Bona,Philadelphia 76ers,-1.6,-0.1,-1.7,0.003,-0.535,0.538,243.0,320.5,77.5,-0.89,-0.598,-0.293,390.0,341.5,-48.5,0.822,-0.122,0.944,96.0,243.0,147.0,7.39,2145.0,3.692,2.534,5.572,0.99,0.034,big,2000-3000
2024-2026,2025.0,1630314,Brandon Williams,4444.0,4423.0,0.28,-0.599,-0.755,-1.354,0.179,-0.14,0.038,-0.349,-0.741,-1.09,-0.524,-0.813,-1.337,-1.123,-1.569,-2.692,-0.757,-1.718,-2.475,-0.948,-1.496,brandon williams,Brandon Williams,Dallas Mavericks,0.0,-0.8,-0.8,-0.84,-0.165,-0.675,373.0,244.0,-129.0,-0.24,0.22,-0.46,264.0,163.5,-100.5,-1.077,-0.763,-0.314,413.0,372.5,-40.5,-1.097,2065.0,0.802,0.453,3.766,6.084,1.098,guard,2000-3000
2024-2026,2025.0,1642847,Jeremiah Fears,4445.0,4454.0,0.28,-0.782,-0.228,-1.009,0.363,0.043,0.407,0.103,-1.012,-0.908,-0.212,-0.986,-1.198,-0.994,-1.213,-2.207,-1.254,-1.433,-2.686,-0.678,-1.239,jeremiah fears,Jeremiah Fears,New Orleans Pelicans,0.3,-0.9,-0.5,-0.936,-0.042,-0.894,388.0,222.0,-166.0,-0.619,0.374,-0.993,334.0,138.0,-196.0,-0.877,-0.854,-0.022,381.0,385.5,4.5,-0.305,2110.0,1.024,0.512,4.095,4.76,1.723,guard,2000-3000
2024-2026,2025.0,1641712,Rayan Rupert,4521.0,4508.0,0.283,-2.083,-0.299,-2.382,0.136,-0.07,0.066,-1.322,-1.097,-2.419,-2.124,-1.062,-3.186,-4.207,-1.36,-5.567,-2.23,-1.594,-3.823,-3.405,-1.396,rayan rupert,Rayan Rupert,Memphis Grizzlies,-4.2,-1.1,-5.3,-1.452,-2.012,0.561,438.0,474.0,36.0,-1.364,-1.927,0.563,457.0,473.5,16.5,-0.99,-1.038,0.048,400.0,405.0,5.0,1.278,2166.0,1.629,0.266,4.188,2.576,1.463,wing,2000-3000
2024-2026,2025.0,1628975,Jevon Carter,4527.0,4527.0,0.283,-0.359,-0.857,-1.216,0.175,0.087,0.263,0.185,-0.308,-0.124,0.122,-0.333,-0.211,-0.238,-1.189,-1.427,-0.281,-1.337,-1.619,-0.175,-1.165,jevon carter,Jevon Carter,Orlando Magic,-1.2,-0.6,-1.8,-0.452,-0.576,0.124,320.0,332.0,12.0,0.123,-0.393,0.516,184.0,296.5,112.5,-0.81,-0.58,-0.23,368.0,338.5,-29.5,-1.328,2191.0,0.476,0.476,2.613,3.631,3.122,guard,2000-3000
2024-2026,2025.0,1630625,Dalano Banton,4560.0,4573.0,0.285,-1.175,-0.702,-1.877,0.004,-0.0,0.004,-0.29,-0.497,-0.787,-0.817,-0.513,-1.331,-1.992,-1.215,-3.208,-1.065,-1.37,-2.435,-1.465,-1.199,dalano banton,Dalano Banton,Boston Celtics,-2.9,-0.2,-3.0,-0.822,-1.068,0.246,370.0,413.5,43.5,-0.475,-1.262,0.787,309.0,443.0,134.0,-0.833,-0.214,-0.619,374.0,264.0,-110.0,0.066,2230.0,1.178,0.952,3.955,4.811,2.115,wing,2000-3000
2024-2026,2025.0,1641726,Dereck Lively II,4617.0,4619.0,0.287,-0.615,1.035,0.42,0.557,-0.113,0.444,0.841,0.977,1.819,1.149,1.032,2.181,0.534,2.067,2.601,-0.022,2.178,2.156,0.226,2.012,dereck lively,Dereck Lively II,Dallas Mavericks,-0.1,1.3,1.2,1.26,0.656,0.604,46.0,115.5,69.5,0.321,0.169,0.151,156.0,171.5,15.5,1.651,1.16,0.491,28.0,60.0,32.0,7.197,2239.0,4.068,2.315,6.946,2.54,0.0,big,2000-3000
2024-2026,2025.0,1642281,Jaylon Tyson,4623.0,4626.0,0.288,-0.95,-0.601,-1.551,0.194,0.208,0.402,0.156,0.311,0.467,0.107,0.272,0.379,-0.843,-0.329,-1.172,-0.817,-0.358,-1.175,-0.794,-0.29,jaylon tyson,Jaylon Tyson,Cleveland Cavaliers,1.0,0.2,1.3,-0.251,0.697,-0.948,281.0,111.0,-170.0,-0.285,0.732,-1.017,275.0,92.5,-182.5,-0.125,0.153,-0.278,255.0,191.5,-63.5,1.824,2230.0,2.502,0.5,4.504,3.083,2.47,wing,2000-3000
2024-2026,2025.0,1631207,Dalen Terry,4676.0,4683.0,0.29,-1.226,-0.209,-1.434,0.373,-0.05,0.323,-0.58,0.879,0.299,-0.938,0.957,0.019,-2.164,0.748,-1.416,-1.253,0.704,-0.549,-1.806,0.671,dalen terry,Dalen Terry,Philadelphia 76ers,-2.3,0.7,-1.6,0.033,-0.494,0.527,235.0,309.5,74.5,-0.618,-0.956,0.337,333.0,411.5,78.5,0.618,0.61,0.008,123.0,125.0,2.0,0.924,2213.0,1.513,0.781,3.742,3.969,1.269,wing,2000-3000
2024-2026,2025.0,1629001,De'Anthony Melton,4701.0,4700.0,0.291,-0.332,0.864,0.532,-0.206,0.255,0.05,0.736,-0.267,0.469,0.945,0.251,1.196,0.613,1.115,1.728,0.088,0.625,0.713,0.404,0.597,deanthony melton,De'Anthony Melton,Golden State Warriors,-0.1,0.7,0.6,0.606,0.41,0.196,128.0,145.5,17.5,0.405,0.169,0.236,148.0,171.5,23.5,0.563,0.61,-0.047,136.0,125.0,-11.0,-0.127,2270.0,1.158,0.603,3.901,4.06,2.569,guard,2000-3000
2024-2026,2025.0,1629680,Matisse Thybulle,4702.0,4719.0,0.291,-0.712,1.057,0.345,-0.824,-0.537,-1.36,-0.577,0.771,0.194,-0.866,1.15,0.284,-1.578,2.207,0.628,-0.945,1.977,1.032,-1.289,1.828,matisse thybulle,Matisse Thybulle,Portland Trail Blazers,-2.8,2.2,-0.6,0.75,-0.083,0.833,101.0,230.5,129.5,-0.383,-1.211,0.828,290.0,438.5,148.5,1.51,1.984,-0.474,31.0,16.5,-14.5,0.996,2280.0,0.963,1.168,2.937,2.289,2.179,wing,2000-3000
2024-2026,2025.0,1641854,Craig Porter Jr.,4723.0,4722.0,0.292,-0.873,-0.042,-0.915,-0.14,0.134,-0.006,0.436,0.129,0.566,0.129,0.337,0.467,-0.743,0.296,-0.448,-0.417,0.067,-0.35,-0.436,0.087,craig porter,Craig Porter Jr.,Cleveland Cavaliers,-0.8,-0.1,-0.9,0.124,-0.206,0.33,219.0,254.0,35.0,0.02,-0.189,0.208,204.0,249.5,45.5,0.173,-0.122,0.295,198.0,243.0,45.0,0.793,2312.0,1.946,1.059,4.22,6.135,1.028,wing,2000-3000
2024-2026,2025.0,1629020,Jarred Vanderbilt,4734.0,4730.0,0.292,-1.216,0.423,-0.794,0.844,-0.477,0.366,0.91,-0.573,0.337,0.809,-0.458,0.351,-0.407,-0.035,-0.443,-0.332,-0.193,-0.525,-0.306,-0.15,jarred vanderbilt,Jarred Vanderbilt,Los Angeles Lakers,-1.4,0.2,-1.2,0.044,-0.329,0.373,232.0,280.0,48.0,0.084,-0.495,0.58,191.0,318.5,127.5,-0.009,0.153,-0.162,237.0,191.5,-45.5,3.944,2291.0,2.97,0.534,6.647,2.53,0.723,big,2000-3000
2024-2026,2025.0,1630611,Gui Santos,4787.0,4781.0,0.295,-0.607,-0.264,-0.871,0.251,0.034,0.285,0.571,0.562,1.134,0.615,0.591,1.206,0.008,0.327,0.335,-0.165,0.303,0.138,-0.036,0.298,gui santos,Gui Santos,Golden State Warriors,1.0,0.6,1.6,0.345,0.82,-0.475,175.0,94.0,-81.0,0.212,0.732,-0.52,168.0,92.5,-75.5,0.338,0.519,-0.181,169.0,142.0,-27.0,1.828,2356.0,2.506,0.52,4.935,3.866,1.864,wing,2000-3000
2024-2026,2025.0,203939,Dwight Powell,4802.0,4796.0,0.295,-0.741,0.794,0.053,0.181,0.433,0.614,0.032,0.739,0.771,-0.006,0.793,0.788,-0.747,1.588,0.841,-0.573,1.657,1.083,-0.71,1.534,dwight powell,Dwight Powell,Dallas Mavericks,-1.5,0.1,-1.3,0.774,-0.37,1.144,96.0,286.5,190.5,-0.1,-0.547,0.447,230.0,329.0,99.0,1.286,0.061,1.224,47.0,210.0,163.0,4.727,2294.0,3.766,0.973,5.477,3.248,0.078,big,2000-3000
2024-2026,2025.0,1631103,Malaki Branham,4834.0,4861.0,0.297,-1.61,-1.172,-2.782,-0.562,-0.072,-0.635,-0.934,-0.635,-1.569,-1.465,-0.936,-2.401,-3.074,-2.109,-5.183,-1.694,-1.995,-3.689,-2.544,-1.808,malaki branham,Malaki Branham,Charlotte Hornets,-3.0,-0.7,-3.7,-1.391,-1.356,-0.035,434.0,447.5,13.5,-0.955,-1.313,0.358,400.0,448.0,48.0,-1.271,-0.671,-0.599,429.0,358.0,-71.0,-0.723,2295.0,0.737,0.204,3.075,3.404,2.212,guard,2000-3000
2024-2026,2025.0,1629004,Svi Mykhailiuk,4855.0,4861.0,0.298,-0.314,-0.772,-1.087,0.554,0.402,0.956,1.012,0.107,1.119,0.982,-0.137,0.845,0.668,-0.91,-0.242,0.297,-0.744,-0.447,0.697,-0.666,svi mykhailiuk,Svi Mykhailiuk,Utah Jazz,0.0,-0.4,-0.5,0.08,-0.042,0.121,228.0,222.0,-6.0,0.564,0.22,0.344,116.0,163.5,47.5,-0.395,-0.397,0.002,303.0,298.5,-4.5,-0.73,2327.0,1.067,0.17,3.032,3.156,3.249,guard,2000-3000
2024-2026,2025.0,1629021,Moritz Wagner,4894.0,4918.0,0.299,-0.997,-0.654,-1.651,-1.009,-0.136,-1.144,0.266,-0.647,-0.381,0.04,-0.853,-0.813,-0.957,-1.507,-2.464,-0.587,-1.432,-2.019,-0.731,-1.301,moritz wagner,Moritz Wagner,Orlando Magic,0.1,-0.5,-0.4,-0.634,-0.001,-0.633,342.0,214.0,-128.0,-0.11,0.271,-0.382,232.0,153.5,-78.5,-0.877,-0.488,-0.389,380.0,318.5,-61.5,3.437,2404.0,2.755,0.524,6.379,2.471,1.303,big,2000-3000
2024-2026,2025.0,1642843,Cooper Flagg,4927.0,4924.0,0.301,1.608,0.182,1.79,0.079,0.271,0.35,-0.907,0.001,-0.907,-0.803,-0.089,-0.892,0.805,0.094,0.899,-0.429,0.189,-0.24,0.701,0.183,cooper flagg,Cooper Flagg,Dallas Mavericks,0.5,0.5,1.0,0.173,0.574,-0.401,207.0,124.0,-83.0,0.01,0.476,-0.466,205.0,119.5,-85.5,0.258,0.427,-0.169,188.0,154.0,-34.0,1.183,2349.0,1.318,0.981,5.824,4.843,1.103,wing,2000-3000
2024-2026,2025.0,200768,Kyle Lowry,4949.0,4953.0,0.302,0.993,1.073,2.066,-1.455,0.213,-1.242,-1.474,0.323,-1.151,-1.19,0.709,-0.481,-0.197,1.782,1.585,-0.446,1.511,1.065,-0.482,1.396,kyle lowry,Kyle Lowry,Philadelphia 76ers,-2.3,-0.6,-2.9,0.765,-1.027,1.793,99.0,408.0,309.0,-0.003,-0.956,0.953,207.0,411.5,204.5,1.184,-0.58,1.763,58.0,338.5,280.5,-1.252,2469.0,0.656,0.496,3.281,5.249,1.91,guard,2000-3000
2024-2026,2025.0,1630579,Jericho Sims,5002.0,5020.0,0.304,-2.392,-0.127,-2.519,0.433,0.344,0.777,0.161,-0.459,-0.297,-0.42,-0.563,-0.984,-2.812,-0.691,-3.503,-1.498,-0.641,-2.14,-2.23,-0.586,jericho sims,Jericho Sims,Milwaukee Bucks,-2.1,-1.7,-3.8,-0.688,-1.397,0.708,354.0,452.5,98.5,-0.806,-0.853,0.048,375.0,397.0,22.0,-0.323,-1.587,1.264,295.0,454.0,159.0,5.39,2538.0,3.887,0.78,6.241,2.298,0.0,big,2000-3000
2024-2026,2025.0,1641733,Nick Smith Jr.,5003.0,4999.0,0.304,-1.224,-1.474,-2.698,-1.633,-0.132,-1.765,-1.713,-1.176,-2.889,-2.476,-1.491,-3.968,-3.701,-2.965,-6.666,-1.95,-2.884,-4.834,-2.937,-2.65,nick smith,Nick Smith Jr.,Los Angeles Lakers,-3.0,-1.4,-4.4,-1.91,-1.643,-0.267,467.0,464.5,-2.5,-1.15,-1.313,0.163,433.0,448.0,15.0,-1.893,-1.312,-0.581,463.0,441.0,-22.0,-1.345,2468.0,0.496,0.219,2.757,3.428,2.932,guard,2000-3000
2024-2026,2025.0,1629234,Drew Eubanks,5069.0,5091.0,0.307,-2.478,-0.083,-2.561,-0.122,-0.261,-0.383,-0.878,0.138,-0.74,-1.271,0.034,-1.236,-3.749,-0.048,-3.798,-2.192,0.061,-2.131,-3.356,0.055,drew eubanks,Drew Eubanks,Sacramento Kings,-2.5,-0.8,-3.3,-0.684,-1.191,0.507,352.0,432.5,80.5,-1.335,-1.058,-0.277,454.0,423.0,-31.0,0.169,-0.763,0.932,199.0,372.5,173.5,5.829,2465.0,2.95,1.84,6.908,1.986,0.102,big,2000-3000
2024-2026,2025.0,1628371,Jonathan Isaac,5104.0,5151.0,0.308,-1.595,0.682,-0.913,0.514,-0.398,0.116,0.231,2.021,2.252,-0.264,2.248,1.984,-1.858,2.93,1.071,-0.959,2.931,1.972,-1.364,2.703,jonathan isaac,Jonathan Isaac,Orlando Magic,-1.8,2.2,0.4,1.177,0.328,0.849,58.0,156.5,98.5,-0.394,-0.7,0.306,292.0,364.5,72.5,2.178,1.984,0.194,10.0,16.5,6.5,6.801,2524.0,3.366,2.582,6.704,1.312,1.255,big,2000-3000
2024-2026,2025.0,1631230,Dominick Barlow,5138.0,5166.0,0.31,-1.122,0.034,-1.088,0.402,-0.009,0.392,0.079,0.53,0.61,-0.007,0.526,0.519,-1.128,0.56,-0.569,-0.745,0.617,-0.128,-1.042,0.564,dominick barlow,Dominick Barlow,Philadelphia 76ers,-1.3,1.3,0.0,0.224,0.163,0.061,195.0,185.0,-10.0,-0.231,-0.444,0.214,261.0,308.5,47.5,0.558,1.16,-0.602,137.0,60.0,-77.0,4.501,2480.0,3.092,1.205,4.718,2.061,0.45,big,2000-3000
2024-2026,2025.0,1630590,Scotty Pippen Jr.,5145.0,5144.0,0.31,0.007,0.999,1.005,-0.799,-0.099,-0.898,-0.263,0.56,0.297,-0.413,1.026,0.613,-0.406,2.024,1.618,-0.266,1.692,1.426,-0.256,1.559,scotty pippen,Scotty Pippen Jr.,Memphis Grizzlies,-0.5,0.8,0.3,0.929,0.287,0.643,79.0,166.5,87.5,0.135,-0.035,0.17,181.0,207.5,26.5,1.31,0.702,0.608,43.0,106.0,63.0,-1.219,2419.0,1.414,0.655,3.765,7.322,1.89,guard,2000-3000
2024-2026,2025.0,1629630,Ja Morant,5198.0,5184.0,0.312,1.11,-0.748,0.362,0.567,-0.238,0.329,0.288,-0.09,0.198,0.49,-0.382,0.109,1.6,-1.13,0.471,0.768,-0.894,-0.125,1.398,-0.838,ja morant,Ja Morant,Memphis Grizzlies,2.4,0.2,2.7,0.225,1.272,-1.046,194.0,47.5,-146.5,0.924,1.447,-0.523,66.0,38.0,-28.0,-0.5,0.153,-0.652,322.0,191.5,-130.5,-2.927,2401.0,0.72,0.345,4.078,8.966,1.829,guard,2000-3000
2024-2026,2025.0,1642851,Kon Knueppel,5201.0,5187.0,0.312,2.683,-0.38,2.303,-0.004,0.329,0.325,0.602,0.68,1.282,1.512,0.504,2.016,4.195,0.125,4.32,1.119,0.335,1.454,3.285,0.3,kon knueppel,Kon Knueppel,Charlotte Hornets,2.8,1.0,3.9,0.942,1.764,-0.823,78.0,24.5,-53.5,1.192,1.652,-0.46,48.0,31.5,-16.5,0.36,0.885,-0.525,164.0,82.0,-82.0,-0.419,2549.0,1.37,0.268,4.731,3.87,3.856,guard,2000-3000
2024-2026,2025.0,1626192,Pat Connaughton,5267.0,5282.0,0.315,-0.416,-0.41,-0.826,0.053,0.016,0.07,-0.465,-0.278,-0.743,-0.211,-0.343,-0.554,-0.626,-0.754,-1.38,-0.652,-0.725,-1.377,-0.881,-0.688,pat connaughton,Pat Connaughton,Charlotte Hornets,-1.7,-0.1,-1.8,-0.342,-0.576,0.233,300.0,332.0,32.0,-0.16,-0.649,0.489,249.0,352.0,103.0,-0.381,-0.122,-0.259,301.0,243.0,-58.0,0.519,2572.0,1.19,0.434,4.535,3.485,1.806,wing,2000-3000
2024-2026,2025.0,1628963,Marvin Bagley III,5279.0,5300.0,0.316,-0.863,-0.727,-1.59,-1.015,0.293,-0.722,-0.042,0.567,0.525,-0.249,-0.052,-0.301,-1.112,-0.779,-1.891,-0.651,-0.156,-0.806,-0.905,-0.16,marvin bagley,Marvin Bagley III,Dallas Mavericks,-0.3,-0.6,-0.9,-0.083,-0.206,0.123,253.0,254.0,1.0,-0.159,0.067,-0.226,248.0,186.5,-61.5,0.017,-0.58,0.597,229.0,338.5,109.5,6.359,2521.0,4.541,1.2,6.34,2.156,0.514,big,2000-3000
2024-2026,2025.0,1642266,Ja'Kobe Walter,5290.0,5311.0,0.316,-1.053,-0.389,-1.442,-0.508,0.174,-0.334,-0.034,-0.203,-0.236,-0.221,-0.17,-0.391,-1.273,-0.56,-1.833,-0.971,-0.619,-1.59,-1.086,-0.592,jakobe walter,Ja'Kobe Walter,Toronto Raptors,-0.8,0.8,0.0,-0.439,0.163,-0.602,319.0,185.0,-134.0,-0.403,-0.189,-0.215,294.0,249.5,-44.5,-0.308,0.702,-1.01,288.0,106.0,-182.0,0.762,2575.0,1.608,0.336,3.216,2.335,2.447,wing,2000-3000
2024-2026,2025.0,1630643,Jay Huff,5336.0,5323.0,0.318,-1.516,0.449,-1.066,-0.899,-0.447,-1.346,-0.789,-0.432,-1.221,-1.245,-0.349,-1.594,-2.761,0.101,-2.66,-1.531,0.039,-1.491,-2.305,0.017,jay huff,Jay Huff,Indiana Pacers,-0.6,-0.2,-0.7,-0.394,-0.124,-0.27,309.0,237.0,-72.0,-0.83,-0.086,-0.744,380.0,221.5,-158.5,0.153,-0.214,0.367,205.0,264.0,59.0,3.753,2523.0,1.498,3.025,5.122,2.297,2.897,big,2000-3000
2024-2026,2025.0,1631218,Trayce Jackson-Davis,5358.0,5386.0,0.319,-0.463,-0.525,-0.989,-0.77,0.105,-0.664,-0.784,1.09,0.306,-0.432,0.864,0.432,-0.895,0.339,-0.557,-0.878,0.629,-0.249,-1.248,0.565,trayce jackson davis,Trayce Jackson-Davis,Toronto Raptors,-1.5,0.4,-1.1,0.169,-0.288,0.458,209.0,271.0,62.0,-0.332,-0.547,0.215,281.0,329.0,48.0,0.566,0.336,0.23,135.0,166.5,31.5,6.789,2600.0,4.472,1.911,6.563,3.115,0.014,big,2000-3000
2024-2026,2025.0,1630570,Trendon Watford,5366.0,5386.0,0.319,-1.8,-0.637,-2.437,-0.429,0.067,-0.361,-0.379,-0.432,-0.811,-1.005,-0.603,-1.608,-2.805,-1.24,-4.045,-1.458,-1.124,-2.582,-2.18,-1.069,trendon watford,Trendon Watford,Philadelphia 76ers,-2.5,-0.6,-3.1,-0.889,-1.109,0.22,378.0,419.5,41.5,-0.775,-1.058,0.283,368.0,423.0,55.0,-0.661,-0.58,-0.081,348.0,338.5,-9.5,1.508,2631.0,1.738,0.725,5.501,4.488,0.903,wing,2000-3000
2024-2026,2025.0,203914,Gary Harris,5386.0,5394.0,0.32,-0.584,-0.254,-0.838,0.679,0.194,0.873,-0.14,0.513,0.374,-0.301,0.57,0.27,-0.885,0.316,-0.569,-0.551,0.302,-0.249,-0.724,0.259,gary harris,Gary Harris,Milwaukee Bucks,-3.7,-0.1,-3.7,0.169,-1.356,1.525,208.0,447.5,239.5,-0.083,-1.671,1.588,223.0,467.5,244.5,0.338,-0.122,0.46,170.0,243.0,73.0,0.024,2671.0,0.809,0.472,2.103,2.264,1.887,wing,2000-3000
2024-2026,2025.0,1626172,Kevon Looney,5386.0,5415.0,0.32,-0.809,0.165,-0.643,0.602,0.238,0.84,0.086,0.137,0.223,0.48,0.015,0.495,-0.329,0.181,-0.148,-0.536,0.349,-0.187,-0.723,0.303,kevon looney,Kevon Looney,New Orleans Pelicans,-0.5,0.4,-0.1,0.197,0.122,0.075,198.0,191.5,-6.5,-0.071,-0.035,-0.036,221.0,207.5,-13.5,0.37,0.336,0.034,160.0,166.5,6.5,6.732,2646.0,5.116,1.034,8.476,3.878,0.054,big,2000-3000
2024-2026,2025.0,1642845,VJ Edgecombe,5403.0,5393.0,0.321,0.173,0.063,0.235,-0.351,0.208,-0.143,0.186,0.501,0.687,0.461,0.57,1.032,0.634,0.633,1.267,-0.663,0.63,-0.033,0.359,0.564,vj edgecombe,VJ Edgecombe,Philadelphia 76ers,0.8,0.5,1.3,0.267,0.697,-0.43,191.0,111.0,-80.0,-0.168,0.629,-0.797,250.0,102.0,-148.0,0.566,0.427,0.139,134.0,154.0,20.0,0.469,2626.0,1.673,0.535,4.126,4.318,2.043,wing,2000-3000
2024-2026,2025.0,1629216,Gabe Vincent,5411.0,5417.0,0.321,-0.823,-0.702,-1.525,0.957,0.299,1.255,0.32,0.539,0.859,0.233,0.433,0.665,-0.59,-0.269,-0.859,-0.394,-0.148,-0.542,-0.503,-0.162,gabe vincent,Gabe Vincent,Atlanta Hawks,-1.8,-0.5,-2.4,0.036,-0.822,0.858,234.0,384.0,150.0,0.037,-0.7,0.737,196.0,364.5,168.5,0.022,-0.488,0.51,228.0,318.5,90.5,-1.026,2620.0,0.563,0.22,1.566,2.679,2.35,guard,2000-3000
2024-2026,2025.0,1631204,Marcus Sasser,5450.0,5426.0,0.322,-0.497,-0.989,-1.486,-0.796,-0.284,-1.08,-0.022,-0.337,-0.358,-0.566,-0.478,-1.043,-1.063,-1.467,-2.529,-0.404,-1.391,-1.794,-0.518,-1.326,marcus sasser,Marcus Sasser,Detroit Pistons,-1.5,0.3,-1.2,-0.532,-0.329,-0.202,327.0,280.0,-47.0,0.03,-0.547,0.576,198.0,329.0,131.0,-0.847,0.244,-1.092,375.0,177.0,-198.0,-2.527,2617.0,0.495,0.275,2.71,6.108,2.641,guard,2000-3000
2024-2026,2025.0,1629013,Landry Shamet,5450.0,5445.0,0.322,-1.111,-0.891,-2.001,0.026,0.281,0.307,0.344,0.272,0.616,0.142,0.077,0.219,-0.969,-0.813,-1.782,-0.558,-0.634,-1.192,-0.767,-0.619,landry shamet,Landry Shamet,New York Knicks,-0.6,0.9,0.3,-0.258,0.287,-0.545,283.0,166.5,-116.5,-0.088,-0.086,-0.002,226.0,221.5,-4.5,-0.318,0.794,-1.111,293.0,92.0,-201.0,-0.584,2661.0,0.676,0.284,2.232,2.07,2.949,guard,2000-3000
2024-2026,2025.0,1642346,Ryan Dunn,5510.0,5528.0,0.325,-1.086,0.074,-1.012,0.015,-0.069,-0.055,0.038,0.768,0.806,0.01,0.849,0.859,-1.076,0.923,-0.152,-0.952,0.931,-0.021,-1.048,0.842,ryan dunn,Ryan Dunn,Phoenix Suns,-0.8,1.1,0.4,0.273,0.328,-0.055,189.0,156.5,-32.5,-0.389,-0.189,-0.2,291.0,249.5,-41.5,0.778,0.977,-0.199,101.0,72.5,-28.5,3.089,2764.0,2.488,0.899,4.858,2.071,1.797,big,2000-3000
2024-2026,2025.0,1641796,Pelle Larsson,5558.0,5562.0,0.327,-1.131,-0.459,-1.59,0.343,-0.005,0.338,0.848,0.599,1.446,0.694,0.4,1.094,-0.437,-0.059,-0.497,-0.444,0.184,-0.261,-0.283,0.139,pelle larsson,Pelle Larsson,Miami Heat,0.5,0.7,1.2,0.164,0.656,-0.492,211.0,115.5,-95.5,-0.001,0.476,-0.477,206.0,119.5,-86.5,0.254,0.61,-0.356,189.0,125.0,-64.0,0.049,2634.0,1.326,0.314,3.267,4.114,1.285,wing,2000-3000
2024-2026,2025.0,201569,Eric Gordon,5593.0,5599.0,0.328,0.771,-0.215,0.556,0.139,0.273,0.413,-0.157,0.004,-0.153,0.206,-0.041,0.165,0.978,-0.256,0.721,0.313,-0.188,0.126,0.614,-0.211,eric gordon,Eric Gordon,Memphis Grizzlies,-1.9,-1.3,-3.2,0.339,-1.15,1.49,179.0,426.0,247.0,0.577,-0.751,1.328,113.0,379.5,266.5,-0.005,-1.221,1.215,235.0,430.0,195.0,-1.022,2734.0,0.329,0.566,1.909,2.726,2.818,guard,2000-3000
2024-2026,2025.0,1629645,Kevin Porter Jr.,5597.0,5611.0,0.328,-0.097,0.662,0.565,-0.014,0.124,0.11,-0.414,0.56,0.146,-0.647,0.915,0.268,-0.743,1.577,0.834,-0.616,1.339,0.723,-0.511,1.222,kevin porter,Kevin Porter Jr.,Milwaukee Bucks,-0.5,0.9,0.3,0.61,0.287,0.324,127.0,166.5,39.5,-0.132,-0.035,-0.097,239.0,207.5,-31.5,1.063,0.794,0.269,70.0,92.0,22.0,-1.055,2743.0,0.997,0.42,5.25,7.035,1.326,guard,2000-3000
2024-2026,2025.0,1628380,Zach Collins,5637.0,5614.0,0.33,-1.299,0.126,-1.172,-1.156,0.267,-0.89,-0.686,0.52,-0.167,-1.337,0.197,-1.139,-2.635,0.323,-2.312,-1.315,0.727,-0.588,-1.985,0.646,zach collins,Zach Collins,Chicago Bulls,-1.7,-0.1,-1.8,0.016,-0.576,0.591,241.0,332.0,91.0,-0.665,-0.649,-0.017,347.0,352.0,5.0,0.635,-0.122,0.757,119.0,243.0,124.0,3.539,2694.0,3.154,1.136,6.388,4.276,1.323,big,2000-3000
2024-2026,2025.0,1626166,Cameron Payne,5680.0,5683.0,0.332,0.115,-0.665,-0.55,-0.513,0.067,-0.446,0.146,0.262,0.409,0.043,0.228,0.271,0.158,-0.437,-0.28,0.103,-0.386,-0.282,0.261,-0.403,cameron payne,Cameron Payne,Philadelphia 76ers,-1.2,0.3,-0.9,0.154,-0.206,0.36,213.0,254.0,41.0,0.416,-0.393,0.81,144.0,296.5,152.5,-0.144,0.244,-0.388,258.0,177.0,-81.0,-2.4,2768.0,0.494,0.442,2.952,6.061,2.978,guard,2000-3000
2024-2026,2025.0,1631246,Vince Williams Jr.,5685.0,5696.0,0.332,-0.993,-0.257,-1.25,0.269,0.07,0.339,0.341,0.048,0.389,-0.106,0.017,-0.089,-1.098,-0.241,-1.339,-0.462,-0.18,-0.642,-0.652,-0.209,vince williams,Vince Williams Jr.,Utah Jazz,-1.0,0.7,-0.3,-0.009,0.04,-0.049,245.0,206.0,-39.0,-0.015,-0.291,0.276,211.0,279.0,68.0,0.0,0.61,-0.61,234.0,125.0,-109.0,0.546,2762.0,1.564,0.743,5.513,5.161,2.085,wing,2000-3000
2024-2026,2025.0,1627780,Gary Payton II,5691.0,5726.0,0.332,0.55,0.529,1.079,0.128,0.006,0.134,0.399,0.497,0.896,1.155,0.838,1.993,1.706,1.366,3.072,0.543,1.131,1.674,0.949,1.025,gary payton,Gary Payton II,Golden State Warriors,1.1,0.2,1.3,1.042,0.697,0.344,64.0,111.0,47.0,0.752,0.783,-0.031,91.0,86.5,-4.5,0.918,0.153,0.765,84.0,191.5,107.5,2.654,2750.0,2.618,0.733,4.752,3.325,1.152,big,2000-3000
2024-2026,2025.0,1642263,Reed Sheppard,5695.0,5701.0,0.332,0.606,0.174,0.781,-0.745,-0.254,-0.999,-0.545,-0.866,-1.411,-0.185,-0.431,-0.616,0.421,-0.256,0.165,-0.254,-0.691,-0.945,0.061,-0.692,reed sheppard,Reed Sheppard,Houston Rockets,-1.0,-0.3,-1.3,-0.146,-0.37,0.224,264.0,286.5,22.5,0.144,-0.291,0.435,180.0,279.0,99.0,-0.358,-0.305,-0.053,297.0,280.0,-17.0,-1.148,2804.0,0.565,0.912,3.492,4.519,3.531,guard,2000-3000
2024-2026,2025.0,1642262,Cody Williams,5724.0,5758.0,0.333,-2.029,-0.459,-2.489,0.249,-0.111,0.138,-0.87,-0.351,-1.221,-1.505,-0.449,-1.954,-3.535,-0.908,-4.443,-2.107,-0.815,-2.922,-2.899,-0.81,cody williams,Cody Williams,Utah Jazz,-2.9,-1.5,-4.4,-1.043,-1.643,0.6,401.0,464.5,63.5,-1.27,-1.262,-0.008,448.0,443.0,-5.0,-0.444,-1.404,0.959,310.0,448.0,138.0,0.988,2685.0,1.18,0.563,2.99,2.628,0.845,wing,2000-3000
2024-2026,2025.0,1642345,Oso Ighodaro,5736.0,5749.0,0.334,-0.827,0.5,-0.328,1.054,0.223,1.277,0.084,0.974,1.058,0.265,1.011,1.276,-0.562,1.511,0.948,-0.756,1.607,0.851,-0.743,1.473,oso ighodaro,Oso Ighodaro,Phoenix Suns,-0.6,1.6,1.0,0.668,0.574,0.095,110.0,124.0,14.0,-0.239,-0.086,-0.153,263.0,221.5,-41.5,1.251,1.434,-0.184,52.0,39.0,-13.0,3.696,2852.0,2.575,1.086,5.504,3.231,0.0,big,2000-3000
2024-2026,2025.0,1629111,Jock Landale,5741.0,5773.0,0.334,-0.586,0.061,-0.525,0.33,0.382,0.713,0.353,0.18,0.533,0.383,0.129,0.512,-0.204,0.191,-0.013,-0.2,0.301,0.101,-0.234,0.241,jock landale,Jock Landale,Atlanta Hawks,0.7,-1.2,-0.5,0.328,-0.042,0.37,182.0,222.0,40.0,0.185,0.578,-0.393,173.0,108.0,-65.0,0.337,-1.129,1.466,171.0,418.0,247.0,4.811,2770.0,4.25,1.027,4.796,2.82,1.235,big,2000-3000
2024-2026,2025.0,1641842,Ronald Holland II,5805.0,5799.0,0.336,-1.575,-0.077,-1.652,-0.42,-0.077,-0.496,-0.109,1.201,1.092,-0.539,1.318,0.779,-2.114,1.241,-0.873,-1.341,1.238,-0.103,-1.684,1.124,ronald holland,Ronald Holland II,Detroit Pistons,-2.0,2.5,0.5,0.235,0.369,-0.133,193.0,151.0,-42.0,-0.686,-0.802,0.117,351.0,389.5,38.5,0.992,2.258,-1.266,77.0,11.0,-66.0,2.14,2811.0,1.575,0.564,5.251,2.267,1.101,big,2000-3000
2024-2026,2025.0,1631124,Julian Strawther,5829.0,5808.0,0.337,-1.705,-0.833,-2.538,-0.406,-0.314,-0.721,-0.395,0.413,0.018,-0.849,0.366,-0.483,-2.554,-0.467,-3.021,-1.392,-0.393,-1.785,-2.101,-0.419,julian strawther,Julian Strawther,Denver Nuggets,-1.8,-0.5,-2.3,-0.527,-0.781,0.253,326.0,378.0,52.0,-0.725,-0.7,-0.025,359.0,364.5,5.5,-0.149,-0.488,0.339,259.0,318.5,59.5,-0.32,2794.0,0.438,0.374,3.646,2.461,2.487,guard,2000-3000
2024-2026,2025.0,1627824,Guerschon Yabusele,5855.0,5877.0,0.338,-1.111,-0.186,-1.296,0.304,0.081,0.385,0.24,-0.568,-0.328,-0.01,-0.856,-0.866,-1.121,-1.042,-2.163,-0.827,-0.745,-1.572,-0.871,-0.754,guerschon yabusele,Guerschon Yabusele,Chicago Bulls,-0.7,-1.2,-1.9,-0.431,-0.617,0.186,317.0,341.5,24.5,-0.294,-0.138,-0.156,277.0,236.5,-40.5,-0.395,-1.129,0.734,304.0,418.0,114.0,2.324,2897.0,2.361,0.497,5.455,2.622,2.15,big,2000-3000
2024-2026,2025.0,1628988,Aaron Holiday,5887.0,5902.0,0.34,-0.511,-0.919,-1.429,-0.202,0.568,0.366,0.201,0.915,1.116,0.039,0.758,0.796,-0.472,-0.161,-0.633,-0.246,0.049,-0.197,-0.309,-0.004,aaron holiday,Aaron Holiday,Houston Rockets,-1.4,1.0,-0.5,0.193,-0.042,0.235,202.0,222.0,20.0,0.15,-0.495,0.646,179.0,318.5,139.5,0.16,0.885,-0.725,203.0,82.0,-121.0,-1.225,2841.0,0.621,0.279,2.661,3.586,2.826,guard,2000-3000
2024-2026,2025.0,1631107,Nikola Jović,5894.0,5894.0,0.34,-1.119,-0.43,-1.549,-0.081,-0.023,-0.104,-0.066,-0.168,-0.234,-0.156,-0.385,-0.54,-1.275,-0.814,-2.089,-0.804,-0.576,-1.381,-1.186,-0.597,nikola jovic,Nikola Jovic,Miami Heat,-1.8,0.9,-0.9,-0.344,-0.206,-0.138,301.0,254.0,-47.0,-0.276,-0.7,0.424,270.0,364.5,94.5,-0.278,0.794,-1.071,282.0,92.0,-190.0,0.226,2866.0,0.955,0.553,5.64,4.057,2.361,wing,2000-3000
2024-2026,2025.0,1630702,Jaden Hardy,5899.0,5879.0,0.34,-1.106,-1.369,-2.475,-0.858,0.153,-0.705,-0.373,-0.77,-1.143,-0.743,-1.115,-1.858,-1.849,-2.484,-4.333,-0.988,-2.202,-3.19,-1.479,-2.139,jaden hardy,Jaden Hardy,Washington Wizards,-1.1,-1.1,-2.2,-1.165,-0.74,-0.425,413.0,370.0,-43.0,-0.416,-0.342,-0.074,296.0,287.0,-9.0,-1.415,-1.038,-0.378,442.0,405.0,-37.0,-1.169,2797.0,0.566,0.193,3.372,3.192,3.359,guard,2000-3000
2024-2026,2025.0,1630194,Paul Reed,5912.0,5930.0,0.34,-0.748,0.735,-0.014,0.595,-0.528,0.067,0.79,1.234,2.024,0.708,1.508,2.217,-0.04,2.243,2.203,-0.011,2.129,2.118,0.042,1.968,paul reed,Paul Reed,Detroit Pistons,0.3,2.1,2.4,1.243,1.149,0.094,50.0,59.5,9.5,0.329,0.374,-0.044,155.0,138.0,-17.0,1.616,1.892,-0.276,30.0,19.5,-10.5,6.894,2931.0,4.459,2.076,6.657,2.862,0.516,big,2000-3000
2024-2026,2025.0,1629006,Josh Okogie,5929.0,5935.0,0.341,-0.77,0.705,-0.065,0.948,0.352,1.3,0.687,0.122,0.808,0.702,0.526,1.227,-0.068,1.231,1.162,-0.096,0.926,0.83,-0.083,0.827,josh okogie,Josh Okogie,Houston Rockets,-0.7,1.0,0.3,0.659,0.287,0.372,114.0,166.5,52.5,0.264,-0.138,0.402,161.0,236.5,75.5,0.774,0.885,-0.111,102.0,82.0,-20.0,2.524,2951.0,2.44,0.72,3.257,2.025,1.501,big,2000-3000
2024-2026,2025.0,1641713,GG Jackson,5954.0,5945.0,0.342,-1.109,-1.124,-2.233,-0.669,-0.298,-0.967,0.071,-0.692,-0.621,-0.464,-1.157,-1.62,-1.572,-2.281,-3.853,-0.698,-1.855,-2.553,-1.038,-1.816,gg jackson,GG Jackson,Memphis Grizzlies,-0.2,-1.2,-1.3,-0.876,-0.37,-0.506,377.0,286.5,-90.5,-0.195,0.118,-0.313,255.0,179.5,-75.5,-1.173,-1.129,-0.044,420.0,418.0,-2.0,1.964,2869.0,1.619,0.916,4.944,2.121,2.484,wing,2000-3000
2024-2026,2025.0,1629723,John Konchar,5964.0,5984.0,0.342,-0.664,1.181,0.517,-0.971,-0.214,-1.184,-0.771,0.368,-0.403,-1.158,1.033,-0.126,-1.822,2.214,0.391,-0.961,1.687,0.726,-1.435,1.549,john konchar,John Konchar,Utah Jazz,-1.6,1.1,-0.4,0.612,-0.001,0.612,126.0,214.0,88.0,-0.396,-0.598,0.202,293.0,341.5,48.5,1.307,0.977,0.33,44.0,72.5,28.5,3.221,2849.0,2.312,1.302,5.876,3.412,1.125,big,2000-3000
2024-2026,2025.0,1630572,Sandro Mamukelashvili,5975.0,6009.0,0.343,-0.299,-0.525,-0.824,-0.14,0.247,0.107,0.528,1.094,1.622,0.559,0.873,1.432,0.26,0.349,0.608,0.114,0.656,0.77,0.229,0.569,sandro mamukelashvili,Sandro Mamukelashvili,Toronto Raptors,1.4,0.7,2.1,0.631,1.025,-0.394,120.0,75.5,-44.5,0.425,0.936,-0.511,142.0,72.5,-69.5,0.585,0.61,-0.026,129.0,125.0,-4.0,2.965,2885.0,2.683,0.873,6.414,3.095,2.421,big,2000-3000
2024-2026,2025.0,1630549,Day'Ron Sharpe,5991.0,5990.0,0.343,-0.903,0.055,-0.848,-0.282,0.538,0.256,0.54,0.893,1.432,-0.027,0.657,0.629,-0.931,0.712,-0.219,-0.277,1.054,0.777,-0.364,0.948,dayron sharpe,Day'Ron Sharpe,Brooklyn Nets,0.2,1.8,1.9,0.635,0.943,-0.309,119.0,82.0,-37.0,0.126,0.323,-0.196,183.0,144.5,-38.5,0.864,1.617,-0.754,93.0,28.0,-65.0,7.451,2987.0,5.797,1.35,7.846,3.869,0.289,big,2000-3000
2024-2026,2025.0,1631221,Collin Gillespie,6015.0,5993.0,0.344,0.879,0.001,0.881,-0.07,0.083,0.013,0.408,0.614,1.023,0.623,0.747,1.37,1.503,0.748,2.251,0.785,0.706,1.491,1.288,0.616,collin gillespie,Collin Gillespie,Phoenix Suns,1.3,1.1,2.4,0.959,1.149,-0.19,73.0,59.5,-13.5,0.937,0.885,0.052,63.0,77.5,14.5,0.62,0.977,-0.357,120.0,72.5,-47.5,-1.52,2965.0,1.36,0.255,3.812,5.779,3.473,guard,2000-3000
2024-2026,2025.0,1629674,Neemias Queta,6091.0,6058.0,0.347,-1.106,1.046,-0.06,0.055,-0.187,-0.132,1.391,1.623,3.014,1.322,1.811,3.134,0.216,2.858,3.074,0.154,2.86,3.014,0.285,2.669,neemias queta,Neemias Queta,Boston Celtics,2.0,2.6,4.6,1.649,2.052,-0.402,25.0,13.5,-11.5,0.455,1.243,-0.788,135.0,49.0,-86.0,2.128,2.35,-0.222,13.0,9.5,-3.5,7.215,3122.0,4.29,1.88,7.172,2.202,0.012,big,3000+
2024-2026,2025.0,1629750,Javonte Green,6120.0,6120.0,0.348,-0.372,0.769,0.397,0.797,-0.114,0.683,0.69,0.686,1.376,0.532,0.976,1.509,0.16,1.745,1.906,0.18,1.588,1.768,0.318,1.456,javonte green,Javonte Green,Detroit Pistons,-0.9,1.4,0.6,1.084,0.41,0.674,61.0,145.5,84.5,0.475,-0.24,0.715,130.0,264.5,134.5,1.237,1.251,-0.014,54.0,52.5,-1.5,2.439,2933.0,1.731,0.786,4.591,1.436,1.841,big,2000-3000
2024-2026,2025.0,1631119,Jaylin Williams,6163.0,6179.0,0.35,-1.016,-0.127,-1.144,0.591,0.341,0.932,0.574,1.521,2.095,0.561,1.4,1.96,-0.456,1.273,0.817,-0.303,1.523,1.22,-0.442,1.394,jaylin williams,Jaylin Williams,Oklahoma City Thunder,-1.2,2.8,1.5,0.836,0.779,0.057,89.0,101.0,12.0,0.107,-0.393,0.5,188.0,296.5,108.5,1.192,2.533,-1.341,57.0,7.0,-50.0,1.904,2961.0,1.41,1.191,8.973,4.717,2.578,wing,2000-3000
2024-2026,2025.0,1629026,Kenrich Williams,6211.0,6212.0,0.352,-0.221,-0.433,-0.655,0.938,-0.037,0.901,1.157,1.2,2.357,1.171,1.06,2.231,0.949,0.627,1.577,0.598,0.869,1.466,0.935,0.767,kenrich williams,Kenrich Williams,Oklahoma City Thunder,-1.3,0.1,-1.3,0.947,-0.37,1.318,76.0,286.5,210.5,0.794,-0.444,1.238,85.0,308.5,223.5,0.734,0.061,0.673,107.0,210.0,103.0,1.688,3014.0,2.21,0.287,5.399,3.213,2.054,wing,3000+
2024-2026,2025.0,1630551,Justin Champagnie,6222.0,6256.0,0.352,-0.879,0.032,-0.847,0.278,-0.429,-0.151,0.193,-1.577,-1.384,-0.165,-1.582,-1.747,-1.044,-1.55,-2.594,-0.455,-1.545,-2.001,-0.685,-1.545,justin champagnie,Justin Champagnie,Washington Wizards,0.3,-0.6,-0.3,-0.625,0.04,-0.665,340.0,206.0,-134.0,-0.01,0.374,-0.384,209.0,138.0,-71.0,-0.956,-0.58,-0.376,393.0,338.5,-54.5,4.672,2952.0,3.366,1.11,6.244,1.988,1.707,big,2000-3000
2024-2026,2025.0,203482,Kelly Olynyk,6250.0,6208.0,0.353,0.324,1.057,1.382,-1.128,-0.191,-1.32,-0.475,-1.358,-1.833,-0.415,-1.124,-1.539,-0.091,-0.067,-0.157,-0.122,-0.244,-0.366,-0.151,-0.3,kelly olynyk,Kelly Olynyk,San Antonio Spurs,-0.9,-0.9,-1.8,0.116,-0.576,0.692,220.0,332.0,112.0,0.245,-0.24,0.485,163.0,264.5,101.5,-0.045,-0.854,0.809,241.0,385.5,144.5,1.095,3015.0,2.316,0.621,5.958,6.257,1.254,wing,3000+
2024-2026,2025.0,1631109,Mark Williams,6343.0,6356.0,0.356,-1.021,0.577,-0.444,-1.673,-0.239,-1.912,-0.591,-1.072,-1.663,-0.8,-1.243,-2.043,-1.82,-0.667,-2.487,-1.082,-0.442,-1.524,-1.612,-0.495,mark williams,Mark Williams,Phoenix Suns,-0.7,0.1,-0.6,-0.409,-0.083,-0.326,312.0,230.5,-81.5,-0.488,-0.138,-0.35,314.0,236.5,-77.5,-0.184,0.061,-0.245,263.0,210.0,-53.0,7.47,3092.0,4.576,1.502,8.325,2.201,0.012,big,3000+
2024-2026,2025.0,203935,Marcus Smart,6355.0,6358.0,0.357,0.408,0.636,1.044,-0.422,0.693,0.271,-0.232,0.866,0.634,0.17,1.185,1.356,0.578,1.822,2.4,0.096,1.635,1.731,0.175,1.503,marcus smart,Marcus Smart,Los Angeles Lakers,-0.7,2.3,1.6,1.067,0.82,0.247,63.0,94.0,31.0,0.411,-0.138,0.548,146.0,236.5,90.5,1.27,2.075,-0.805,48.0,14.0,-34.0,-1.145,3052.0,0.708,0.436,2.796,4.482,2.218,guard,3000+
2024-2026,2025.0,1631217,Moussa Diabaté,6374.0,6390.0,0.358,-0.204,0.144,-0.06,1.707,0.294,2.001,1.345,1.133,2.478,1.749,0.935,2.684,1.545,1.079,2.625,0.731,1.4,2.132,1.141,1.277,moussa diabate,Moussa Diabate,Charlotte Hornets,1.7,0.9,2.6,1.249,1.231,0.018,49.0,52.0,3.0,0.895,1.089,-0.194,71.0,62.0,-9.0,1.106,0.794,0.313,67.0,92.0,25.0,7.565,3206.0,5.334,1.269,6.984,2.257,0.011,big,3000+
2024-2026,2025.0,203954,Joel Embiid,6396.0,6395.0,0.358,2.781,1.487,4.268,-0.249,0.918,0.669,-0.319,0.324,0.006,0.895,0.94,1.835,3.676,2.427,6.103,1.582,1.955,3.537,2.462,1.811,joel embiid,Joel Embiid,Philadelphia 76ers,3.3,0.8,4.1,1.887,1.847,0.04,17.0,19.0,2.0,1.545,1.907,-0.363,32.0,25.0,-7.0,1.494,0.702,0.792,33.0,106.0,73.0,3.022,3081.0,2.407,1.519,7.852,5.305,1.519,big,3000+
2024-2026,2025.0,1641730,Noah Clowney,6410.0,6439.0,0.359,-1.157,-0.243,-1.4,-0.966,-0.059,-1.025,-0.652,0.172,-0.481,-1.3,0.037,-1.263,-2.457,-0.205,-2.662,-1.213,0.001,-1.212,-1.81,-0.071,noah clowney,Noah Clowney,Brooklyn Nets,-1.9,-0.6,-2.5,-0.267,-0.863,0.596,285.0,388.5,103.5,-0.588,-0.751,0.163,327.0,379.5,52.5,0.127,-0.58,0.707,210.0,338.5,128.5,1.723,3197.0,1.363,0.923,4.662,1.869,2.567,wing,3000+
2024-2026,2025.0,1630692,Jordan Goodwin,6411.0,6394.0,0.359,-0.633,0.516,-0.117,-0.061,0.104,0.043,0.173,0.431,0.605,-0.289,0.708,0.419,-0.922,1.224,0.302,-0.318,1.059,0.74,-0.46,0.948,jordan goodwin,Jordan Goodwin,Phoenix Suns,-0.2,1.5,1.3,0.618,0.697,-0.079,122.0,111.0,-11.0,0.095,0.118,-0.023,189.0,179.5,-9.5,0.867,1.343,-0.476,90.0,45.5,-44.5,2.194,3177.0,2.992,0.487,5.008,3.943,2.04,big,3000+
2024-2026,2025.0,1630249,Vít Krejčí,6418.0,6430.0,0.359,-0.821,-0.292,-1.113,-0.572,0.067,-0.505,-0.087,-0.23,-0.317,-0.442,-0.177,-0.62,-1.263,-0.47,-1.733,-0.595,-0.467,-1.062,-0.908,-0.522,vit krejci,Vit Krejci,Portland Trail Blazers,-1.9,-0.4,-2.3,-0.199,-0.781,0.582,269.0,378.0,109.0,-0.116,-0.751,0.635,233.0,379.5,146.5,-0.201,-0.397,0.196,271.0,298.5,27.5,-0.529,3083.0,0.747,0.584,3.41,3.468,2.873,guard,3000+
2024-2026,2025.0,1629637,Jaxson Hayes,6518.0,6551.0,0.363,-1.772,0.397,-1.374,-0.862,-0.133,-0.995,-0.424,0.087,-0.337,-0.404,0.121,-0.284,-2.176,0.518,-1.658,-1.452,0.579,-0.872,-2.196,0.484,jaxson hayes,Jaxson Hayes,Los Angeles Lakers,-0.5,0.3,-0.2,-0.113,0.081,-0.195,258.0,198.0,-60.0,-0.77,-0.035,-0.735,367.0,207.5,-159.5,0.531,0.244,0.287,141.0,177.0,36.0,5.127,3183.0,2.782,1.493,5.712,1.697,0.034,big,3000+
2024-2026,2025.0,1629312,Haywood Highsmith,6527.0,6540.0,0.363,-0.799,0.1,-0.699,0.035,0.077,0.112,-0.384,1.276,0.892,-0.226,1.296,1.071,-1.025,1.397,0.372,-0.798,1.502,0.704,-1.183,1.376,haywood highsmith,Haywood Highsmith,Phoenix Suns,-1.7,0.5,-1.2,0.602,-0.329,0.931,129.0,280.0,151.0,-0.271,-0.649,0.378,269.0,352.0,83.0,1.177,0.427,0.75,59.0,154.0,95.0,1.605,3273.0,1.573,0.737,3.652,2.079,1.903,wing,3000+
2024-2026,2025.0,1642276,Kel'el Ware,6530.0,6540.0,0.363,-1.228,0.374,-0.854,-0.503,-0.938,-1.44,0.444,-0.521,-0.078,0.176,-0.485,-0.309,-1.052,-0.111,-1.163,-0.755,-0.074,-0.829,-0.784,-0.148,kelel ware,Kel'el Ware,Miami Heat,-0.1,0.1,0.0,-0.094,0.163,-0.257,255.0,185.0,-70.0,-0.239,0.169,-0.408,262.0,171.5,-90.5,0.074,0.061,0.013,221.0,210.0,-11.0,7.241,3129.0,3.831,1.783,9.595,1.335,1.461,big,3000+
2024-2026,2025.0,1641722,Jordan Hawkins,6564.0,6582.0,0.364,-1.907,-1.127,-3.035,-0.339,-0.542,-0.88,-0.486,-2.03,-2.516,-1.216,-2.211,-3.427,-3.124,-3.338,-6.461,-1.58,-3.182,-4.762,-2.394,-3.157,jordan hawkins,Jordan Hawkins,New Orleans Pelicans,-2.7,-1.7,-4.4,-1.878,-1.643,-0.235,465.0,464.5,-0.5,-0.868,-1.16,0.292,386.0,433.5,47.5,-2.101,-1.587,-0.515,471.0,454.0,-17.0,0.166,3171.0,0.84,0.454,3.633,2.021,3.02,wing,3000+
2024-2026,2025.0,1630188,Jalen Smith,6582.0,6590.0,0.365,-1.455,-0.584,-2.038,0.194,-0.696,-0.501,1.882,1.295,3.177,1.417,0.811,2.228,-0.038,0.227,0.189,0.312,0.815,1.127,0.427,0.712,jalen smith,Jalen Smith,Chicago Bulls,1.1,0.3,1.5,0.793,0.779,0.014,95.0,101.0,6.0,0.575,0.783,-0.207,114.0,86.5,-27.5,0.697,0.244,0.452,111.0,177.0,66.0,5.395,3106.0,3.466,1.437,8.693,2.237,2.492,big,3000+
2024-2026,2025.0,1642259,Alex Sarr,6606.0,6623.0,0.366,-0.906,1.254,0.348,0.51,0.455,0.965,-1.043,-0.233,-1.276,-1.261,-0.102,-1.363,-2.167,1.152,-1.015,-1.53,1.134,-0.396,-1.949,1.021,alex sarr,Alex Sarr,Washington Wizards,-1.5,-0.1,-1.6,0.103,-0.494,0.596,222.0,309.5,87.5,-0.83,-0.547,-0.283,379.0,329.0,-50.0,0.92,-0.122,1.042,83.0,243.0,160.0,4.449,3122.0,2.641,2.26,6.469,3.356,1.787,big,3000+
2024-2026,2025.0,1631133,Jabari Walker,6648.0,6616.0,0.367,-1.826,-0.569,-2.396,-0.238,-0.581,-0.82,0.028,-1.082,-1.054,-0.607,-1.307,-1.914,-2.433,-1.877,-4.31,-1.183,-1.619,-2.802,-1.799,-1.651,jabari walker,Jabari Walker,Philadelphia 76ers,-1.6,0.0,-1.6,-0.989,-0.494,-0.495,393.0,309.5,-83.5,-0.565,-0.598,0.033,323.0,341.5,18.5,-1.008,-0.03,-0.977,405.0,223.5,-181.5,4.495,3206.0,3.167,0.46,7.063,1.595,1.134,big,3000+
2024-2026,2025.0,1642274,Yves Missi,6671.0,6663.0,0.368,-1.684,0.62,-1.063,0.193,-0.374,-0.181,-0.389,-1.182,-1.571,-0.775,-1.126,-1.902,-2.459,-0.506,-2.965,-1.614,-0.496,-2.11,-2.072,-0.562,yves missi,Yves Missi,New Orleans Pelicans,-0.8,-0.6,-1.4,-0.675,-0.411,-0.263,350.0,292.0,-58.0,-0.894,-0.189,-0.705,391.0,249.5,-141.5,-0.221,-0.58,0.359,277.0,338.5,61.5,7.851,3255.0,4.844,2.201,6.061,2.024,0.0,big,3000+
2024-2026,2025.0,203083,Andre Drummond,6694.0,6722.0,0.369,-1.229,1.106,-0.124,-1.101,-1.329,-2.43,-0.414,-0.133,-0.546,-0.58,0.262,-0.318,-1.809,1.368,-0.441,-1.091,1.085,-0.006,-1.643,0.973,andre drummond,Andre Drummond,Philadelphia 76ers,-1.8,-0.1,-1.9,0.279,-0.617,0.896,187.0,341.5,154.5,-0.495,-0.7,0.205,316.0,364.5,48.5,0.885,-0.122,1.007,88.0,243.0,155.0,9.638,3333.0,6.2,1.242,10.542,1.631,0.378,big,3000+
2024-2026,2025.0,1642273,Kyshawn George,6724.0,6693.0,0.37,-0.948,0.351,-0.596,0.12,0.114,0.235,-0.664,-0.262,-0.926,-0.917,-0.09,-1.007,-1.864,0.261,-1.603,-1.305,0.176,-1.129,-1.612,0.089,kyshawn george,Kyshawn George,Washington Wizards,-1.2,0.2,-1.1,-0.23,-0.288,0.058,280.0,271.0,-9.0,-0.658,-0.393,-0.265,345.0,296.5,-48.5,0.249,0.153,0.096,190.0,191.5,1.5,0.448,3191.0,1.038,1.049,4.941,4.321,2.403,wing,3000+
2024-2026,2025.0,1631157,Ryan Rollins,6727.0,6701.0,0.37,0.479,0.305,0.785,0.021,0.057,0.078,0.344,-0.114,0.229,0.261,0.211,0.472,0.74,0.517,1.257,0.551,0.281,0.832,0.823,0.191,ryan rollins,Ryan Rollins,Milwaukee Bucks,0.0,0.4,0.4,0.659,0.328,0.332,112.0,156.5,44.5,0.758,0.22,0.537,90.0,163.5,73.5,0.323,0.336,-0.013,174.0,166.5,-7.5,-1.297,3269.0,0.848,0.562,4.207,5.859,2.599,guard,3000+
2024-2026,2025.0,1629048,Goga Bitadze,6740.0,6730.0,0.37,-1.123,1.197,0.073,0.525,-0.654,-0.129,0.37,0.344,0.714,0.108,0.751,0.86,-1.015,1.948,0.933,-0.498,1.668,1.17,-0.753,1.54,goga bitadze,Goga Bitadze,Orlando Magic,0.2,1.1,1.4,0.813,0.738,0.075,91.0,106.5,15.5,-0.042,0.323,-0.365,215.0,144.5,-70.5,1.293,0.977,0.317,45.0,72.5,27.5,7.365,3363.0,4.421,2.473,7.022,3.211,0.075,big,3000+
2024-2026,2025.0,1629684,Grant Williams,6765.0,6774.0,0.371,-1.386,-0.136,-1.521,0.161,0.243,0.404,0.63,-0.757,-0.127,0.468,-0.975,-0.508,-0.918,-1.111,-2.029,-0.496,-0.832,-1.328,-0.755,-0.893,grant williams,Grant Williams,Charlotte Hornets,-0.7,0.6,-0.1,-0.32,0.122,-0.442,293.0,191.5,-101.5,-0.041,-0.138,0.097,213.0,236.5,23.5,-0.456,0.519,-0.975,313.0,142.0,-171.0,1.325,3318.0,1.627,0.759,4.253,2.897,2.224,wing,3000+
2024-2026,2025.0,1642347,Jamal Shead,6865.0,6837.0,0.375,-0.999,-0.615,-1.613,0.105,0.232,0.336,0.404,0.287,0.691,-0.023,0.121,0.099,-1.021,-0.493,-1.515,-0.638,-0.247,-0.885,-0.595,-0.327,jamal shead,Jamal Shead,Toronto Raptors,-0.9,1.2,0.3,-0.119,0.287,-0.406,260.0,166.5,-93.5,-0.149,-0.24,0.091,241.0,264.5,23.5,-0.047,1.068,-1.115,242.0,65.5,-176.5,-3.271,3311.0,0.609,0.272,2.196,8.263,1.696,guard,3000+
2024-2026,2025.0,1631117,Walker Kessler,6979.0,6981.0,0.379,-1.457,1.475,0.018,-0.364,-0.167,-0.531,-0.071,0.017,-0.054,-0.235,0.259,0.025,-1.692,1.734,0.042,-0.995,1.614,0.618,-1.529,1.492,walker kessler,Walker Kessler,Utah Jazz,-0.2,1.1,0.9,0.563,0.533,0.03,137.0,128.5,-8.5,-0.422,0.118,-0.54,297.0,179.5,-117.5,1.255,0.977,0.279,50.0,72.5,22.5,9.558,3386.0,4.827,3.2,8.378,1.829,0.17,big,3000+
2024-2026,2025.0,1642271,Kyle Filipowski,7032.0,7025.0,0.38,-0.717,0.179,-0.539,-0.275,-0.265,-0.54,0.435,-1.085,-0.65,0.233,-1.238,-1.006,-0.485,-1.06,-1.544,-0.413,-0.832,-1.246,-0.282,-0.906,kyle filipowski,Kyle Filipowski,Utah Jazz,0.4,-0.7,-0.3,-0.283,0.04,-0.323,288.0,206.0,-82.0,0.022,0.425,-0.403,203.0,129.5,-73.5,-0.457,-0.671,0.215,314.0,358.0,44.0,3.344,3320.0,2.776,0.661,7.981,3.665,1.637,big,3000+
2024-2026,2025.0,1642270,Donovan Clingan,7052.0,7083.0,0.381,-1.47,1.426,-0.043,0.26,-0.256,0.004,0.622,1.315,1.937,0.346,1.8,2.147,-1.123,3.227,2.103,-0.805,2.885,2.08,-0.848,2.742,donovan clingan,Donovan Clingan,Portland Trail Blazers,1.9,1.4,3.4,1.226,1.559,-0.334,54.0,33.0,-21.0,-0.277,1.192,-1.468,271.0,52.5,-218.5,2.145,1.251,0.894,12.0,52.5,40.5,9.495,3419.0,5.939,2.527,9.003,2.517,1.032,big,3000+
2024-2026,2025.0,1630592,Jalen Wilson,7065.0,7100.0,0.382,-1.611,-0.863,-2.473,-0.309,-0.079,-0.389,0.202,-0.693,-0.491,-0.661,-0.969,-1.63,-2.272,-1.832,-4.104,-0.936,-1.492,-2.428,-1.409,-1.556,jalen wilson,Jalen Wilson,Brooklyn Nets,-2.1,-1.2,-3.3,-0.819,-1.191,0.372,369.0,432.5,63.5,-0.377,-0.853,0.477,288.0,397.0,109.0,-0.918,-1.129,0.211,386.0,418.0,32.0,0.635,3558.0,1.406,0.111,3.804,2.428,2.024,wing,3000+
2024-2026,2025.0,1631106,Tari Eason,7073.0,7076.0,0.382,-1.242,0.673,-0.569,0.393,-0.212,0.18,1.286,0.228,1.514,1.195,0.721,1.916,-0.047,1.394,1.347,0.056,1.009,1.065,0.044,0.901,tari eason,Tari Eason,Houston Rockets,0.1,1.5,1.6,0.765,0.82,-0.055,98.0,94.0,-4.0,0.38,0.271,0.109,149.0,153.5,4.5,0.832,1.343,-0.51,95.0,45.5,-49.5,4.206,3452.0,3.108,1.012,6.184,2.086,1.815,big,3000+
2024-2026,2025.0,1642268,Isaiah Collier,7092.0,7095.0,0.382,-0.838,-0.251,-1.089,-0.345,-0.54,-0.885,-0.638,-1.774,-2.412,-0.918,-1.833,-2.751,-1.757,-2.084,-3.841,-1.224,-1.967,-3.192,-1.476,-2.024,isaiah collier,Isaiah Collier,Utah Jazz,-1.9,-2.2,-4.1,-1.165,-1.52,0.355,414.0,458.0,44.0,-0.597,-0.751,0.154,328.0,379.5,51.5,-1.251,-2.045,0.794,428.0,470.0,42.0,-2.934,3356.0,0.569,0.386,3.561,9.322,0.74,guard,3000+
2024-2026,2025.0,1641783,Tristan da Silva,7127.0,7143.0,0.384,-1.013,-0.368,-1.381,0.0,0.084,0.084,-0.124,-0.066,-0.19,-0.465,0.019,-0.446,-1.477,-0.349,-1.827,-1.024,-0.348,-1.372,-1.137,-0.434,tristan da silva,Tristan da Silva,Orlando Magic,-1.2,0.4,-0.8,-0.34,-0.165,-0.175,299.0,244.0,-55.0,-0.444,-0.393,-0.05,303.0,296.5,-6.5,-0.117,0.336,-0.453,252.0,166.5,-85.5,0.968,3531.0,1.336,0.438,4.058,2.416,2.039,wing,3000+
2024-2026,2025.0,1642258,Zaccharie Risacher,7152.0,7130.0,0.384,-1.234,-0.248,-1.482,-0.172,-0.41,-0.582,-0.301,0.016,-0.285,-0.695,0.069,-0.626,-1.929,-0.179,-2.108,-1.257,-0.142,-1.398,-1.535,-0.232,zaccharie risacher,Zaccharie Risacher,Atlanta Hawks,-1.3,-0.7,-2.0,-0.352,-0.658,0.306,302.0,348.0,46.0,-0.621,-0.444,-0.177,335.0,308.5,-26.5,0.027,-0.671,0.698,227.0,358.0,131.0,1.826,3344.0,1.69,0.786,3.962,1.809,2.336,wing,3000+
2024-2026,2025.0,1630175,Cole Anthony,7176.0,7197.0,0.385,-0.874,-0.36,-1.235,-0.235,0.221,-0.015,-0.1,0.042,-0.058,-0.554,-0.092,-0.647,-1.429,-0.453,-1.881,-0.648,-0.229,-0.877,-0.974,-0.319,cole anthony,Cole Anthony,Phoenix Suns,-2.1,0.0,-2.1,-0.116,-0.699,0.583,259.0,359.0,100.0,-0.157,-0.853,0.696,246.0,397.0,151.0,-0.034,-0.03,-0.004,240.0,223.5,-16.5,-0.02,3579.0,1.267,0.805,4.788,5.512,1.931,wing,3000+
2024-2026,2025.0,1641767,Ben Sheppard,7244.0,7256.0,0.387,-1.29,-0.726,-2.016,0.21,-0.06,0.15,0.155,-0.574,-0.419,-0.165,-0.868,-1.033,-1.455,-1.594,-3.049,-0.728,-1.222,-1.951,-1.134,-1.3,ben sheppard,Ben Sheppard,Indiana Pacers,-1.1,-0.6,-1.7,-0.602,-0.535,-0.068,337.0,320.5,-16.5,-0.218,-0.342,0.124,259.0,287.0,28.0,-0.73,-0.58,-0.15,357.0,338.5,-18.5,0.265,3436.0,1.069,0.231,3.761,2.64,2.106,wing,3000+
2024-2026,2025.0,203078,Bradley Beal,7312.0,7322.0,0.39,1.429,0.14,1.569,0.069,-0.014,0.055,-1.145,0.018,-1.127,-0.109,0.174,0.065,1.32,0.314,1.634,0.193,0.257,0.45,0.284,0.158,bradley beal,Bradley Beal,Los Angeles Clippers,-0.4,-1.1,-1.5,0.486,-0.452,0.939,149.0,299.0,150.0,0.485,0.016,0.469,127.0,195.0,68.0,0.305,-1.038,1.343,177.0,405.0,228.0,-0.771,3588.0,0.903,0.552,3.251,4.716,2.107,guard,3000+
2024-2026,2025.0,1641716,Jarace Walker,7376.0,7411.0,0.392,-0.673,-0.293,-0.966,-0.445,-0.307,-0.752,-1.342,-0.683,-2.025,-1.674,-0.808,-2.482,-2.347,-1.101,-3.448,-1.34,-0.888,-2.228,-2.015,-0.976,jarace walker,Jarace Walker,Indiana Pacers,-2.0,-0.8,-2.8,-0.728,-0.986,0.258,359.0,401.5,42.5,-0.684,-0.802,0.118,350.0,389.5,39.5,-0.496,-0.763,0.267,319.0,372.5,53.5,0.662,3487.0,0.888,0.64,6.163,3.531,2.375,wing,3000+
2024-2026,2025.0,1630208,Nick Richards,7466.0,7483.0,0.395,-2.349,0.559,-1.79,-1.012,-0.878,-1.891,-0.474,-1.713,-2.187,-1.218,-1.791,-3.009,-3.567,-1.232,-4.799,-1.893,-1.064,-2.957,-2.823,-1.154,nick richards,Nick Richards,Chicago Bulls,-2.5,-2.7,-5.2,-1.059,-1.971,0.913,403.0,473.0,70.0,-1.106,-1.058,-0.049,424.0,423.0,-1.0,-0.619,-2.502,1.884,341.0,474.0,133.0,7.279,3718.0,3.844,1.559,8.24,1.152,0.048,big,3000+
2024-2026,2025.0,203937,Kyle Anderson,7510.0,7477.0,0.396,-0.48,0.537,0.057,-0.438,0.334,-0.105,-1.404,0.723,-0.681,-1.388,1.024,-0.364,-1.868,1.561,-0.307,-1.263,1.367,0.104,-1.885,1.26,kyle anderson,Kyle Anderson,Minnesota Timberwolves,-3.1,1.1,-2.0,0.329,-0.658,0.987,180.0,348.0,168.0,-0.626,-1.365,0.739,337.0,452.5,115.5,1.082,0.977,0.106,69.0,72.5,3.5,0.853,3639.0,1.533,1.049,4.689,5.955,0.396,wing,3000+
2024-2026,2025.0,1630560,Cam Thomas,7524.0,7476.0,0.396,0.598,-1.154,-0.556,1.062,-0.314,0.748,0.517,-1.507,-0.991,0.507,-2.054,-1.546,1.105,-3.207,-2.102,0.781,-2.576,-1.796,1.114,-2.661,cam thomas,Cam Thomas,Milwaukee Bucks,0.9,-2.7,-1.9,-0.532,-0.617,0.084,328.0,341.5,13.5,0.933,0.68,0.253,64.0,97.5,33.5,-1.677,-2.502,0.825,457.0,474.0,17.0,-1.276,3735.0,0.52,0.212,3.027,3.798,2.545,guard,3000+
2024-2026,2025.0,1629599,Amir Coffey,7541.0,7532.0,0.397,-1.48,-0.711,-2.191,-0.435,-0.086,-0.521,-0.318,-1.11,-1.428,-0.52,-1.202,-1.722,-2.0,-1.913,-3.913,-1.203,-1.731,-2.933,-1.798,-1.821,amir coffey,Amir Coffey,Phoenix Suns,-2.7,-0.3,-3.0,-1.048,-1.068,0.02,402.0,413.5,11.5,-0.58,-1.16,0.58,326.0,433.5,107.5,-1.086,-0.305,-0.781,414.0,280.0,-134.0,0.259,3698.0,0.779,0.253,2.784,1.752,1.83,wing,3000+
2024-2026,2025.0,1628436,Luke Kornet,7545.0,7579.0,0.397,-0.35,0.526,0.176,0.744,0.798,1.542,1.244,1.927,3.171,1.511,1.854,3.365,1.161,2.38,3.541,0.643,2.564,3.208,0.894,2.453,luke kornet,Luke Kornet,San Antonio Spurs,0.7,1.4,2.1,1.737,1.025,0.712,22.0,75.5,53.5,0.828,0.578,0.25,78.0,108.0,30.0,1.921,1.251,0.67,17.0,52.5,35.5,6.695,3779.0,4.658,1.877,5.468,2.953,0.01,big,3000+
2024-2026,2025.0,1629731,Dean Wade,7560.0,7576.0,0.398,-0.636,0.197,-0.439,1.374,0.277,1.651,1.056,1.18,2.236,1.155,1.223,2.378,0.519,1.419,1.939,0.328,1.483,1.811,0.42,1.377,dean wade,Dean Wade,Cleveland Cavaliers,-0.3,1.3,1.1,1.104,0.615,0.489,60.0,120.0,60.0,0.588,0.067,0.521,111.0,186.5,75.5,1.164,1.16,0.004,60.0,60.0,0.0,1.809,3689.0,1.376,0.664,5.592,2.02,2.245,wing,3000+
2024-2026,2025.0,204001,Kristaps Porziņģis,7585.0,7550.0,0.398,1.361,1.889,3.251,-1.122,-0.218,-1.341,-0.52,0.227,-0.294,0.49,1.023,1.513,1.851,2.913,4.764,0.593,2.224,2.817,0.841,2.116,kristaps porzingis,Kristaps Porzingis,Golden State Warriors,1.8,0.3,2.1,1.56,1.025,0.535,28.0,75.5,47.5,0.79,1.141,-0.351,87.0,57.5,-29.5,1.683,0.244,1.438,27.0,177.0,150.0,3.585,3667.0,2.013,2.081,6.43,2.778,2.621,big,3000+
2024-2026,2025.0,1630631,Jose Alvarado,7692.0,7677.0,0.402,-0.272,0.063,-0.209,-0.546,0.014,-0.531,0.505,0.591,1.096,0.265,0.768,1.033,-0.007,0.831,0.824,0.197,0.755,0.952,0.233,0.654,jose alvarado,Jose Alvarado,New York Knicks,-0.5,0.8,0.4,0.714,0.328,0.387,106.0,156.5,50.5,0.488,-0.035,0.523,125.0,207.5,82.5,0.654,0.702,-0.048,114.0,106.0,-8.0,-1.901,3766.0,0.746,0.354,3.413,5.831,2.772,guard,3000+
2024-2026,2025.0,1631200,Kris Murray,7695.0,7697.0,0.402,-1.086,-0.326,-1.412,0.814,0.283,1.097,-0.242,0.729,0.487,-0.892,0.76,-0.132,-1.978,0.434,-1.543,-0.872,0.504,-0.368,-1.327,0.403,kris murray,Kris Murray,Portland Trail Blazers,-2.2,1.7,-0.5,0.115,-0.042,0.157,221.0,222.0,1.0,-0.328,-0.904,0.576,280.0,404.0,124.0,0.479,1.526,-1.047,146.0,33.5,-112.5,2.52,3725.0,2.426,0.58,3.489,2.213,1.063,big,3000+
2024-2026,2025.0,204456,T.J. McConnell,7723.0,7785.0,0.403,1.271,-0.232,1.039,-0.225,-0.815,-1.04,0.487,-0.362,0.125,0.745,-0.42,0.325,2.016,-0.651,1.365,1.249,-0.493,0.756,1.758,-0.594,t j mcconnell,T.J. McConnell,Indiana Pacers,-0.8,-0.4,-1.3,0.625,-0.37,0.996,121.0,286.5,165.5,1.29,-0.189,1.479,43.0,249.5,206.5,-0.219,-0.397,0.178,276.0,298.5,22.5,-2.653,3674.0,0.999,0.382,3.978,10.073,0.48,guard,3000+
2024-2026,2025.0,1628997,Caleb Martin,7772.0,7780.0,0.404,-1.108,-0.068,-1.175,0.227,-0.032,0.195,-1.011,0.736,-0.275,-1.179,0.653,-0.526,-2.287,0.585,-1.701,-1.424,0.769,-0.655,-2.119,0.668,caleb martin,Caleb Martin,Dallas Mavericks,-3.7,0.7,-3.0,-0.015,-1.068,1.053,247.0,413.5,166.5,-0.749,-1.671,0.922,363.0,467.5,104.5,0.664,0.61,0.054,113.0,125.0,12.0,1.325,3835.0,1.455,0.629,4.187,2.995,1.295,wing,3000+
2024-2026,2025.0,1631093,Jaden Ivey,7832.0,7817.0,0.406,-0.73,-0.52,-1.25,-0.366,0.056,-0.31,-0.506,-0.212,-0.718,-1.06,-0.541,-1.6,-1.79,-1.061,-2.85,-0.808,-0.628,-1.436,-1.236,-0.732,jaden ivey,Jaden Ivey,Chicago Bulls,-2.3,-0.7,-3.1,-0.369,-1.109,0.74,305.0,419.5,114.5,-0.279,-0.956,0.676,272.0,411.5,139.5,-0.313,-0.671,0.358,290.0,358.0,68.0,-0.205,3789.0,1.425,0.627,3.126,4.589,2.252,guard,3000+
2024-2026,2025.0,1629622,Max Strus,7833.0,7834.0,0.406,-0.262,-0.332,-0.595,0.125,0.248,0.373,0.373,0.984,1.357,0.51,0.889,1.399,0.248,0.557,0.804,0.117,0.752,0.869,0.11,0.652,max strus,Max Strus,Cleveland Cavaliers,0.5,-0.4,0.1,0.676,0.204,0.472,109.0,179.5,70.5,0.427,0.476,-0.049,141.0,119.5,-21.5,0.652,-0.397,1.049,116.0,298.5,182.5,-0.393,3802.0,1.212,0.388,4.659,4.403,2.973,guard,3000+
2024-2026,2025.0,1630533,Ziaire Williams,7836.0,7859.0,0.406,-1.774,-0.149,-1.924,-0.858,-0.159,-1.018,-1.081,0.499,-0.583,-2.102,0.441,-1.661,-3.876,0.291,-3.585,-1.943,0.45,-1.493,-2.856,0.349,ziaire williams,Ziaire Williams,Brooklyn Nets,-2.3,0.9,-1.5,-0.395,-0.452,0.058,310.0,299.0,-11.0,-1.145,-0.956,-0.189,431.0,411.5,-19.5,0.441,0.794,-0.352,154.0,92.0,-62.0,1.102,3863.0,1.174,0.541,4.427,2.041,2.302,wing,3000+
2024-2026,2025.0,1630167,Obi Toppin,7886.0,7885.0,0.408,-0.252,-0.624,-0.876,0.594,-0.104,0.49,1.771,-0.85,0.921,1.911,-1.234,0.677,1.659,-1.858,-0.2,1.112,-1.366,-0.254,1.519,-1.474,obi toppin,Obi Toppin,Indiana Pacers,1.9,-0.9,1.1,0.167,0.615,-0.448,210.0,120.0,-90.0,1.186,1.192,-0.006,49.0,52.5,3.5,-0.83,-0.854,0.024,373.0,385.5,12.5,1.439,3701.0,1.498,0.7,5.739,3.025,2.422,wing,3000+
2024-2026,2025.0,1630241,Sam Merrill,7891.0,7882.0,0.408,0.105,-0.855,-0.75,-1.153,0.552,-0.601,0.354,0.855,1.209,0.752,0.698,1.45,0.857,-0.157,0.7,0.357,0.103,0.46,0.459,0.001,sam merrill,Sam Merrill,Cleveland Cavaliers,2.2,0.4,2.6,0.491,1.231,-0.74,148.0,52.0,-96.0,0.61,1.345,-0.735,106.0,42.0,-64.0,0.198,0.336,-0.138,194.0,166.5,-27.5,-1.272,3853.0,0.822,0.234,3.009,3.186,4.092,guard,3000+
2024-2026,2025.0,203114,Khris Middleton,7960.0,7942.0,0.41,1.01,0.203,1.213,0.144,-0.002,0.142,-0.059,-1.209,-1.268,0.653,-1.032,-0.378,1.664,-0.829,0.835,0.703,-0.897,-0.194,0.951,-1.005,khris middleton,Khris Middleton,Dallas Mavericks,-0.4,-1.5,-1.9,0.194,-0.617,0.811,201.0,341.5,140.5,0.874,0.016,0.858,73.0,195.0,122.0,-0.502,-1.404,0.902,324.0,448.0,124.0,-0.957,3773.0,0.992,0.305,4.971,5.897,1.994,guard,3000+
2024-2026,2025.0,1630540,Miles McBride,7988.0,8012.0,0.411,-0.474,-0.868,-1.341,0.215,0.395,0.61,1.011,1.091,2.103,0.964,0.827,1.791,0.49,-0.041,0.45,0.405,0.325,0.73,0.538,0.224,miles mcbride,Miles McBride,New York Knicks,1.5,1.3,2.7,0.613,1.272,-0.658,124.0,47.5,-76.5,0.646,0.987,-0.341,102.0,67.5,-34.5,0.353,1.16,-0.806,167.0,60.0,-107.0,-1.125,4005.0,0.917,0.297,2.328,3.658,3.02,guard,3000+
2024-2026,2025.0,1641824,Matas Buzelis,8041.0,8034.0,0.412,-1.389,-0.2,-1.589,-0.133,-0.271,-0.404,-0.374,0.177,-0.197,-0.874,0.049,-0.824,-2.262,-0.151,-2.413,-1.45,0.08,-1.369,-1.763,-0.023,matas buzelis,Matas Buzelis,Chicago Bulls,-0.1,-0.4,-0.4,-0.339,-0.001,-0.338,298.0,214.0,-84.0,-0.768,0.169,-0.938,366.0,171.5,-194.5,0.182,-0.397,0.579,195.0,298.5,103.5,2.633,3762.0,1.263,1.828,5.684,2.268,2.574,big,3000+
2024-2026,2025.0,1641729,Brice Sensabaugh,8048.0,8020.0,0.413,0.292,-1.029,-0.737,-0.151,-0.096,-0.247,-0.469,-2.284,-2.753,-0.512,-2.721,-3.233,-0.22,-3.75,-3.97,-0.073,-3.182,-3.255,-0.177,-3.313,brice sensabaugh,Brice Sensabaugh,Utah Jazz,0.4,-1.8,-1.4,-1.194,-0.411,-0.783,417.0,292.0,-125.0,0.282,0.425,-0.143,160.0,129.5,-30.5,-2.101,-1.678,-0.423,470.0,461.0,-9.0,-0.252,3782.0,1.085,0.247,4.084,2.932,3.36,guard,3000+
2024-2026,2025.0,203903,Jordan Clarkson,8086.0,8067.0,0.414,0.948,-0.9,0.048,0.018,0.026,0.043,-0.425,0.237,-0.188,0.004,-0.1,-0.096,0.952,-1.0,-0.048,0.398,-0.554,-0.156,0.523,-0.663,jordan clarkson,Jordan Clarkson,New York Knicks,-0.9,-1.2,-2.1,0.212,-0.699,0.91,196.0,359.0,163.0,0.641,-0.24,0.881,104.0,264.5,160.5,-0.262,-1.129,0.867,278.0,418.0,140.0,-0.957,3929.0,1.246,0.22,2.721,4.682,2.245,guard,3000+
2024-2026,2025.0,1630228,Jonathan Kuminga,8145.0,8148.0,0.416,-0.894,-0.44,-1.335,-0.182,0.172,-0.01,0.006,1.247,1.253,0.409,1.051,1.46,-0.485,0.611,0.126,-0.568,0.901,0.333,-0.888,0.807,jonathan kuminga,Jonathan Kuminga,Atlanta Hawks,-1.2,1.4,0.2,0.434,0.245,0.188,160.0,175.0,15.0,-0.096,-0.393,0.297,229.0,296.5,67.5,0.757,1.251,-0.495,105.0,52.5,-52.5,1.922,3925.0,1.807,0.624,5.292,3.21,1.229,wing,3000+
2024-2026,2025.0,1642377,Jaylen Wells,8166.0,8160.0,0.416,-0.689,-0.283,-0.972,0.09,0.016,0.106,1.446,0.226,1.672,1.369,0.016,1.385,0.68,-0.267,0.413,0.299,0.047,0.346,0.757,-0.057,jaylen wells,Jaylen Wells,Memphis Grizzlies,0.8,-0.4,0.3,0.439,0.287,0.153,157.0,166.5,9.5,0.566,0.629,-0.063,115.0,102.0,-13.0,0.158,-0.397,0.555,204.0,298.5,94.5,0.347,3864.0,1.379,0.158,3.168,2.292,2.488,wing,3000+
2024-2026,2025.0,1641711,Gradey Dick,8181.0,8169.0,0.417,-1.539,-0.877,-2.415,-0.546,-0.4,-0.946,-0.543,-1.709,-2.253,-1.203,-2.124,-3.326,-2.741,-3.0,-5.742,-1.401,-2.452,-3.853,-2.082,-2.586,gradey dick,Gradey Dick,Toronto Raptors,-1.9,0.2,-1.7,-1.465,-0.535,-0.931,440.0,320.5,-119.5,-0.731,-0.751,0.02,360.0,379.5,19.5,-1.591,0.153,-1.743,451.0,191.5,-259.5,0.257,3928.0,1.036,0.174,3.29,1.989,2.365,wing,3000+
2024-2026,2025.0,203991,Clint Capela,8290.0,8306.0,0.42,-0.887,1.005,0.118,-0.443,-0.128,-0.571,-0.057,1.451,1.394,-0.047,1.622,1.575,-0.934,2.627,1.693,-0.605,2.524,1.919,-0.944,2.456,clint capela,Clint Capela,Houston Rockets,-0.8,1.6,0.8,1.153,0.492,0.661,59.0,134.0,75.0,-0.124,-0.189,0.065,236.0,249.5,13.5,1.892,1.434,0.458,19.0,39.0,20.0,9.615,3989.0,6.038,2.004,8.312,1.832,0.009,big,3000+
2024-2026,2025.0,101108,Chris Paul,8303.0,8254.0,0.42,1.796,1.043,2.839,-1.097,-1.001,-2.099,-0.824,-1.411,-2.235,0.081,-0.834,-0.753,1.877,0.209,2.086,0.708,-0.26,0.448,0.972,-0.369,chris paul,Chris Paul,Toronto Raptors,-1.4,-1.4,-2.8,0.486,-0.986,1.472,150.0,401.5,251.5,0.878,-0.495,1.374,72.0,318.5,246.5,-0.056,-1.312,1.256,244.0,441.0,197.0,-3.413,4052.0,0.506,0.249,4.371,9.338,2.026,guard,3000+
2024-2026,2025.0,1631110,Jeremy Sochan,8413.0,8395.0,0.424,-1.132,-0.259,-1.391,-0.318,0.205,-0.112,-0.818,-0.319,-1.136,-1.237,-0.614,-1.851,-2.369,-0.873,-3.242,-1.317,-0.464,-1.781,-1.95,-0.577,jeremy sochan,Jeremy Sochan,New York Knicks,-2.6,-0.1,-2.7,-0.526,-0.945,0.42,324.0,395.0,71.0,-0.667,-1.109,0.442,348.0,428.5,80.5,-0.199,-0.122,-0.077,268.0,243.0,-25.0,2.8,4026.0,2.692,0.662,5.669,3.729,0.975,big,3000+
2024-2026,2025.0,1627936,Alex Caruso,8466.0,8423.0,0.425,0.433,1.383,1.816,-0.285,0.427,0.143,-0.278,2.614,2.336,0.24,3.307,3.547,0.673,4.689,5.363,0.153,4.025,4.178,0.155,3.997,alex caruso,Alex Caruso,Oklahoma City Thunder,-0.7,3.5,2.8,2.177,1.313,0.864,9.0,43.5,34.5,0.454,-0.138,0.592,136.0,236.5,100.5,2.943,3.174,-0.231,2.0,2.5,0.5,0.317,4101.0,1.124,1.027,4.029,4.337,2.186,wing,3000+
2024-2026,2025.0,201587,Nicolas Batum,8489.0,8494.0,0.426,0.023,0.672,0.695,1.352,-0.031,1.321,0.142,-0.182,-0.04,0.419,0.453,0.872,0.442,1.126,1.568,0.15,0.584,0.734,0.165,0.49,nicolas batum,Nicolas Batum,Los Angeles Clippers,-2.1,0.0,-2.1,0.615,-0.699,1.314,123.0,359.0,236.0,0.452,-0.853,1.305,137.0,397.0,260.0,0.534,-0.03,0.565,140.0,223.5,83.5,1.298,4184.0,1.205,0.835,4.388,2.375,2.177,wing,3000+
2024-2026,2025.0,1627751,Jakob Poeltl,8549.0,8537.0,0.427,-0.483,1.707,1.224,-0.085,-0.066,-0.151,0.61,1.416,2.026,0.451,1.91,2.361,-0.032,3.617,3.585,0.146,3.16,3.307,0.128,3.123,jakob poeltl,Jakob Poeltl,Toronto Raptors,0.1,0.8,0.9,1.782,0.533,1.249,19.0,128.5,109.5,0.449,0.271,0.178,138.0,153.5,15.5,2.338,0.702,1.636,6.0,106.0,100.0,6.007,4157.0,3.888,1.55,7.361,3.274,0.009,big,3000+
2024-2026,2025.0,1631323,Simone Fontecchio,8573.0,8587.0,0.428,-0.517,-0.669,-1.186,0.106,-0.009,0.098,0.502,0.491,0.993,0.162,0.246,0.408,-0.355,-0.423,-0.778,0.053,-0.071,-0.018,-0.015,-0.177,simone fontecchio,Simone Fontecchio,Miami Heat,0.1,-0.2,-0.1,0.274,0.122,0.152,188.0,191.5,3.5,0.378,0.271,0.107,150.0,153.5,3.5,0.076,-0.214,0.29,220.0,264.0,44.0,0.881,4057.0,1.526,0.39,4.437,2.369,2.955,wing,3000+
2024-2026,2025.0,1630191,Isaiah Stewart,8622.0,8659.0,0.43,-2.699,0.227,-2.472,0.144,0.216,0.36,0.25,0.006,0.256,-0.654,-0.02,-0.674,-3.353,0.207,-3.146,-1.664,0.33,-1.334,-2.449,0.233,isaiah stewart,Isaiah Stewart,Detroit Pistons,-1.9,0.2,-1.8,-0.323,-0.576,0.253,294.0,332.0,38.0,-0.932,-0.751,-0.181,397.0,379.5,-17.5,0.357,0.153,0.204,165.0,191.5,26.5,4.83,4171.0,2.589,2.002,5.99,2.261,1.07,big,3000+
2024-2026,2025.0,1628379,Luke Kennard,8652.0,8688.0,0.43,0.603,-0.769,-0.166,0.05,-0.036,0.015,0.886,-1.013,-0.126,1.024,-1.126,-0.102,1.627,-1.895,-0.268,1.109,-1.637,-0.529,1.489,-1.781,luke kennard,Luke Kennard,Los Angeles Lakers,-0.5,-1.4,-1.8,0.042,-0.576,0.618,233.0,332.0,99.0,1.183,-0.035,1.219,50.0,207.5,157.5,-1.02,-1.312,0.292,407.0,441.0,34.0,-1.585,4153.0,0.693,0.13,3.45,4.551,2.921,guard,3000+
2024-2026,2025.0,203992,Bogdan Bogdanović,8663.0,8651.0,0.431,0.977,-0.301,0.676,-0.224,-0.008,-0.232,0.247,0.44,0.687,0.555,0.423,0.979,1.533,0.122,1.655,0.91,0.238,1.148,1.225,0.139,bogdan bogdanovic,Bogdan Bogdanovic,Los Angeles Clippers,-0.5,-0.3,-0.9,0.803,-0.206,1.009,93.0,254.0,161.0,1.032,-0.035,1.067,57.0,207.5,150.5,0.292,-0.305,0.597,179.0,280.0,101.0,-1.098,4200.0,0.711,0.343,3.489,3.806,3.24,guard,3000+
2024-2026,2025.0,203994,Jusuf Nurkić,8723.0,8691.0,0.432,-0.353,1.763,1.41,0.139,1.126,1.265,-0.282,1.871,1.589,0.23,2.246,2.476,-0.123,4.009,3.886,-0.397,3.646,3.249,-0.635,3.635,jusuf nurkic,Jusuf Nurkic,Utah Jazz,-1.3,1.6,0.3,1.756,0.287,1.469,21.0,166.5,145.5,0.035,-0.444,0.479,197.0,308.5,111.5,2.678,1.434,1.243,4.0,39.0,35.0,5.002,4224.0,3.537,1.159,10.611,5.216,0.673,big,3000+
2024-2026,2025.0,1630163,LaMelo Ball,8727.0,8659.0,0.432,2.465,-0.406,2.06,1.163,-0.357,0.806,1.382,0.003,1.386,2.279,-0.29,1.989,4.744,-0.695,4.049,2.756,-0.29,2.466,3.847,-0.402,lamelo ball,LaMelo Ball,Charlotte Hornets,5.9,-0.9,5.0,1.401,2.216,-0.815,40.0,10.5,-29.5,2.441,3.237,-0.796,13.0,7.0,-6.0,-0.077,-0.854,0.777,245.0,385.5,140.5,-3.285,4231.0,1.2,0.289,4.688,8.815,4.433,guard,3000+
2024-2026,2025.0,1631222,Jake LaRavia,8728.0,8743.0,0.432,-0.815,0.26,-0.556,0.572,-0.002,0.57,1.012,-0.413,0.599,0.854,0.016,0.869,0.038,0.276,0.314,0.197,-0.047,0.15,0.197,-0.153,jake laravia,Jake LaRavia,Los Angeles Lakers,-0.4,-0.2,-0.6,0.35,-0.083,0.433,174.0,230.5,56.5,0.488,0.016,0.472,126.0,195.0,69.0,0.093,-0.214,0.306,215.0,264.0,49.0,1.789,4223.0,2.191,0.622,3.887,3.077,1.628,wing,3000+
2024-2026,2025.0,202685,Jonas Valančiūnas,8737.0,8726.0,0.433,-0.391,0.979,0.588,0.866,-0.286,0.58,1.058,0.571,1.628,1.044,0.97,2.014,0.653,1.948,2.601,0.529,1.612,2.141,0.666,1.549,jonas valanciunas,Jonas Valanciunas,Denver Nuggets,0.4,-1.3,-0.9,1.253,-0.206,1.46,48.0,254.0,206.0,0.741,0.425,0.316,92.0,129.5,37.5,1.254,-1.221,2.475,51.0,430.0,379.0,6.349,4321.0,4.007,1.258,9.964,3.458,0.442,big,3000+
2024-2026,2025.0,1627749,Dejounte Murray,8753.0,8748.0,0.433,0.531,0.223,0.754,-0.145,0.065,-0.079,0.477,-0.827,-0.351,0.535,-0.919,-0.384,1.066,-0.695,0.371,0.77,-0.486,0.283,1.007,-0.604,dejounte murray,Dejounte Murray,New Orleans Pelicans,0.5,-0.5,0.0,0.411,0.163,0.247,167.0,185.0,18.0,0.925,0.476,0.449,65.0,119.5,54.5,-0.215,-0.488,0.274,273.0,318.5,45.5,-1.84,4184.0,0.714,0.336,5.231,7.047,2.34,guard,3000+
2024-2026,2025.0,1630182,Josh Green,8757.0,8741.0,0.433,-1.332,-0.156,-1.488,0.412,0.251,0.663,0.467,0.419,0.885,0.127,0.345,0.472,-1.205,0.189,-1.016,-0.562,0.357,-0.204,-0.865,0.262,josh green,Josh Green,Charlotte Hornets,-1.0,0.9,-0.2,0.19,0.081,0.108,205.0,198.0,-7.0,-0.091,-0.291,0.2,228.0,279.0,51.0,0.376,0.794,-0.418,159.0,92.0,-67.0,0.274,4302.0,1.18,0.251,2.653,2.385,1.9,wing,3000+
2024-2026,2025.0,1642264,Stephon Castle,8759.0,8739.0,0.433,0.987,-0.381,0.606,0.792,0.085,0.877,0.356,0.278,0.634,1.024,0.191,1.215,2.011,-0.189,1.822,0.671,0.002,0.673,1.343,-0.102,stephon castle,Stephon Castle,San Antonio Spurs,1.5,0.9,2.4,0.587,1.149,-0.561,132.0,59.5,-72.5,0.849,0.987,-0.138,76.0,67.5,-8.5,0.127,0.794,-0.666,209.0,92.0,-117.0,-1.01,4198.0,1.604,0.352,4.048,7.152,1.509,guard,3000+
2024-2026,2025.0,1627827,Dorian Finney-Smith,8770.0,8788.0,0.434,-0.204,0.283,0.079,1.448,0.426,1.874,0.616,0.925,1.541,0.887,0.917,1.803,0.682,1.2,1.883,0.33,1.279,1.609,0.412,1.208,dorian finney smith,Dorian Finney-Smith,Houston Rockets,-1.6,0.6,-1.0,1.012,-0.247,1.259,68.0,262.5,194.5,0.589,-0.598,1.187,110.0,341.5,231.5,1.021,0.519,0.502,74.0,142.0,68.0,1.608,4371.0,1.845,0.552,3.566,1.919,2.248,wing,3000+
2024-2026,2025.0,201143,Al Horford,8822.0,8830.0,0.435,0.873,1.24,2.113,0.517,-0.063,0.454,-0.017,-0.577,-0.594,0.939,-0.172,0.767,1.812,1.069,2.88,0.642,0.746,1.388,0.856,0.663,al horford,Al Horford,Golden State Warriors,-0.5,-0.1,-0.6,0.912,-0.083,0.995,82.0,230.5,148.5,0.828,-0.035,0.863,79.0,207.5,128.5,0.648,-0.122,0.77,117.0,243.0,126.0,2.334,4372.0,1.688,1.35,6.554,3.392,2.437,big,3000+
2024-2026,2025.0,1630703,Scoot Henderson,8857.0,8823.0,0.436,-0.533,-0.887,-1.42,0.331,0.087,0.418,-0.045,-0.977,-1.022,-0.411,-1.194,-1.605,-0.944,-2.081,-3.025,-0.357,-1.71,-2.067,-0.578,-1.864,scoot henderson,Scoot Henderson,Portland Trail Blazers,-1.0,-0.4,-1.4,-0.655,-0.411,-0.244,345.0,292.0,-53.0,0.065,-0.291,0.356,193.0,279.0,86.0,-1.071,-0.397,-0.674,412.0,298.5,-113.5,-1.925,4272.0,1.037,0.295,2.941,6.598,2.098,guard,3000+
2024-2026,2025.0,1629655,Daniel Gafford,8879.0,8869.0,0.437,-1.135,1.148,0.014,-0.343,-0.561,-0.904,0.37,0.76,1.13,0.396,0.933,1.329,-0.739,2.082,1.343,-0.474,1.954,1.48,-0.764,1.908,daniel gafford,Daniel Gafford,Dallas Mavericks,0.4,0.2,0.6,0.954,0.41,0.544,75.0,145.5,70.5,-0.024,0.425,-0.449,212.0,129.5,-82.5,1.494,0.153,1.341,34.0,191.5,157.5,7.969,4235.0,4.148,2.754,7.14,2.151,0.0,big,3000+
2024-2026,2025.0,1630172,Patrick Williams,8932.0,8948.0,0.438,-1.626,-0.177,-1.803,-0.257,0.164,-0.093,-1.274,0.009,-1.264,-1.739,-0.131,-1.87,-3.364,-0.308,-3.672,-2.003,-0.062,-2.065,-2.899,-0.167,patrick williams,Patrick Williams,Chicago Bulls,-3.6,-0.2,-3.8,-0.654,-1.397,0.742,344.0,452.5,108.5,-1.191,-1.62,0.429,436.0,465.0,29.0,0.083,-0.214,0.296,216.0,264.0,48.0,1.07,4224.0,1.176,0.776,4.091,2.514,2.131,wing,3000+
2024-2026,2025.0,1631165,Keon Ellis,8950.0,8955.0,0.439,-0.589,0.936,0.348,-0.153,-0.026,-0.178,0.503,-0.178,0.324,0.661,0.452,1.114,0.073,1.389,1.461,-0.006,0.836,0.83,-0.086,0.758,keon ellis,Keon Ellis,Cleveland Cavaliers,-0.6,0.9,0.3,0.659,0.287,0.372,113.0,166.5,53.5,0.333,-0.086,0.419,154.0,221.5,67.5,0.711,0.794,-0.083,108.0,92.0,-16.0,0.915,4399.0,1.064,1.129,2.791,2.267,2.455,wing,3000+
2024-2026,2025.0,1630541,Moses Moody,8955.0,8972.0,0.439,-0.741,-0.298,-1.039,-0.563,-0.074,-0.638,-0.568,1.213,0.645,-0.144,1.205,1.061,-0.885,0.906,0.021,-0.883,0.987,0.104,-1.308,0.914,moses moody,Moses Moody,Golden State Warriors,0.5,1.8,2.3,0.329,1.108,-0.778,181.0,66.5,-114.5,-0.336,0.476,-0.812,282.0,119.5,-162.5,0.816,1.617,-0.801,97.0,28.0,-69.0,0.967,4354.0,1.389,0.736,3.448,2.075,2.886,wing,3000+
2024-2026,2025.0,1630534,Ochai Agbaji,9009.0,9030.0,0.44,-1.132,-0.344,-1.476,0.163,-0.032,0.131,-0.776,-0.263,-1.039,-1.418,-0.459,-1.878,-2.551,-0.803,-3.354,-1.311,-0.487,-1.799,-1.908,-0.607,ochai agbaji,Ochai Agbaji,Brooklyn Nets,-2.3,0.1,-2.2,-0.534,-0.74,0.206,329.0,370.0,41.0,-0.663,-0.956,0.293,346.0,411.5,65.5,-0.215,0.061,-0.276,275.0,210.0,-65.0,1.69,4358.0,1.495,0.752,3.453,1.883,1.627,wing,3000+
2024-2026,2025.0,1630180,Saddiq Bey,9015.0,8993.0,0.44,-0.431,-0.493,-0.924,0.267,-0.086,0.18,1.124,-1.399,-0.275,1.129,-1.629,-0.501,0.698,-2.123,-1.425,0.229,-1.732,-1.504,0.693,-1.893,saddiq bey,Saddiq Bey,New Orleans Pelicans,1.8,-0.9,0.9,-0.4,0.533,-0.933,311.0,128.5,-182.5,0.512,1.141,-0.628,122.0,57.5,-64.5,-1.087,-0.854,-0.232,415.0,385.5,-29.5,1.842,4306.0,2.408,0.15,4.373,2.291,2.207,wing,3000+
2024-2026,2025.0,1630598,Aaron Wiggins,9081.0,9109.0,0.442,-1.101,-0.468,-1.569,0.287,-0.02,0.267,1.534,0.528,2.062,1.227,0.508,1.735,0.126,0.041,0.166,0.379,0.158,0.537,0.433,0.06,aaron wiggins,Aaron Wiggins,Oklahoma City Thunder,-0.6,0.2,-0.3,0.526,0.04,0.486,143.0,206.0,63.0,0.627,-0.086,0.714,105.0,221.5,116.5,0.236,0.153,0.084,191.0,191.5,0.5,0.957,4389.0,1.493,0.533,4.085,2.699,2.362,wing,3000+
2024-2026,2025.0,1630173,Precious Achiuwa,9158.0,9221.0,0.444,-1.882,0.042,-1.841,-0.061,-0.452,-0.513,-0.276,0.391,0.114,-0.879,0.306,-0.573,-2.762,0.348,-2.414,-1.499,0.516,-0.983,-2.159,0.432,precious achiuwa,Precious Achiuwa,Sacramento Kings,-1.2,-0.1,-1.3,-0.164,-0.37,0.207,266.0,286.5,20.5,-0.806,-0.393,-0.413,376.0,296.5,-79.5,0.487,-0.122,0.609,145.0,243.0,98.0,5.751,4541.0,3.718,1.268,6.556,2.006,0.499,big,3000+
2024-2026,2025.0,1626156,D'Angelo Russell,9274.0,9270.0,0.447,0.884,-0.45,0.434,-0.126,0.13,0.004,0.101,0.281,0.383,0.542,0.277,0.819,1.426,-0.173,1.253,0.759,-0.065,0.694,0.985,-0.168,dangelo russell,D'Angelo Russell,Washington Wizards,0.2,-0.1,0.1,0.597,0.204,0.393,130.0,179.5,49.5,0.917,0.323,0.594,69.0,144.5,75.5,0.081,-0.122,0.203,217.0,243.0,26.0,-2.846,4458.0,0.452,0.493,3.254,7.131,3.004,guard,3000+
2024-2026,2025.0,1631260,AJ Green,9281.0,9284.0,0.448,-0.999,-0.692,-1.691,0.183,0.456,0.639,0.512,1.324,1.836,0.352,1.284,1.636,-0.647,0.592,-0.055,-0.294,0.705,0.411,-0.487,0.632,aj green,AJ Green,Milwaukee Bucks,0.7,-0.3,0.4,0.469,0.328,0.141,151.0,156.5,5.5,0.113,0.578,-0.465,186.0,108.0,-78.0,0.62,-0.305,0.925,121.0,280.0,159.0,-1.06,4547.0,0.443,0.15,3.127,2.296,3.61,guard,3000+
2024-2026,2025.0,1630174,Aaron Nesmith,9320.0,9306.0,0.449,-0.911,-0.219,-1.129,0.524,-0.257,0.268,1.649,-0.81,0.84,1.591,-0.884,0.707,0.68,-1.102,-0.422,0.608,-0.892,-0.284,0.739,-1.029,aaron nesmith,Aaron Nesmith,Indiana Pacers,0.7,-0.2,0.6,0.153,0.41,-0.256,214.0,145.5,-68.5,0.801,0.578,0.223,84.0,108.0,24.0,-0.499,-0.214,-0.285,320.0,264.0,-56.0,1.044,4450.0,1.197,0.72,3.98,2.006,2.662,wing,3000+
2024-2026,2025.0,1630529,Herbert Jones,9322.0,9289.0,0.449,-0.882,1.378,0.496,0.43,0.569,1.0,0.927,1.167,2.094,0.851,1.64,2.491,-0.031,3.018,2.987,0.094,2.542,2.636,0.045,2.545,herbert jones,Herbert Jones,New Orleans Pelicans,-0.4,2.0,1.6,1.478,0.82,0.658,35.0,94.0,59.0,0.409,0.016,0.393,147.0,195.0,48.0,1.905,1.801,0.105,18.0,23.0,5.0,0.507,4559.0,1.129,0.774,3.135,3.309,1.706,wing,3000+
2024-2026,2025.0,1630583,Santi Aldama,9374.0,9428.0,0.45,-0.554,-0.046,-0.6,0.178,-0.221,-0.044,0.431,-0.561,-0.13,0.222,-0.685,-0.463,-0.332,-0.731,-1.063,-0.026,-0.487,-0.512,-0.122,-0.607,santi aldama,Santi Aldama,Memphis Grizzlies,0.3,-0.4,-0.1,0.05,0.122,-0.072,231.0,191.5,-39.5,0.318,0.374,-0.056,157.0,138.0,-19.0,-0.215,-0.397,0.182,274.0,298.5,24.5,2.004,4476.0,1.874,0.917,6.611,3.635,2.381,big,3000+
2024-2026,2025.0,1628392,Isaiah Hartenstein,9412.0,9384.0,0.451,-0.265,1.263,0.999,0.375,0.486,0.861,1.138,1.819,2.957,1.479,2.295,3.773,1.214,3.558,4.772,0.681,3.052,3.734,0.873,3.083,isaiah hartenstein,Isaiah Hartenstein,Oklahoma City Thunder,1.2,2.4,3.7,1.976,1.682,0.293,13.0,27.0,14.0,0.858,0.834,0.024,75.0,82.0,7.0,2.262,2.167,0.095,8.0,12.0,4.0,6.14,4628.0,4.325,1.424,8.743,4.457,0.008,big,3000+
2024-2026,2025.0,1630171,Isaac Okoro,9524.0,9519.0,0.454,-1.168,-0.102,-1.27,0.476,0.157,0.633,0.905,0.277,1.181,0.55,0.187,0.737,-0.618,0.085,-0.533,-0.126,0.261,0.135,-0.263,0.175,isaac okoro,Isaac Okoro,Chicago Bulls,-0.4,-0.5,-0.9,0.344,-0.206,0.55,176.0,254.0,78.0,0.241,0.016,0.226,164.0,195.0,31.0,0.309,-0.488,0.797,176.0,318.5,142.5,0.977,4644.0,1.434,0.612,2.512,2.326,1.651,wing,3000+
2024-2026,2025.0,1630591,Jalen Suggs,9525.0,9504.0,0.454,-0.026,1.402,1.376,-0.79,0.735,-0.055,-0.296,1.572,1.276,-0.331,2.128,1.797,-0.357,3.53,3.173,-0.198,2.938,2.741,-0.322,2.973,jalen suggs,Jalen Suggs,Orlando Magic,-0.4,2.8,2.4,1.525,1.149,0.377,31.0,59.5,28.5,0.187,0.016,0.171,172.0,195.0,23.0,2.183,2.533,-0.35,9.0,7.0,-2.0,-0.716,4600.0,0.837,0.939,3.78,5.056,2.747,guard,3000+
2024-2026,2025.0,1630198,Isaiah Joe,9557.0,9537.0,0.455,0.012,-0.822,-0.81,-0.467,0.059,-0.408,0.965,0.457,1.422,1.218,0.226,1.444,1.23,-0.596,0.633,0.768,-0.255,0.512,0.977,-0.365,isaiah joe,Isaiah Joe,Oklahoma City Thunder,1.7,0.8,2.5,0.515,1.19,-0.675,144.0,54.5,-89.5,0.923,1.089,-0.166,67.0,62.0,-5.0,-0.053,0.702,-0.755,243.0,106.0,-137.0,-0.638,4556.0,0.838,0.332,3.564,2.465,4.109,guard,3000+
2024-2026,2025.0,203897,Zach LaVine,9677.0,9691.0,0.458,1.543,-0.539,1.005,-0.378,0.193,-0.185,-0.432,-1.688,-2.12,0.375,-1.995,-1.62,1.918,-2.533,-0.615,0.841,-2.03,-1.189,1.111,-2.226,zach lavine,Zach LaVine,Sacramento Kings,0.1,-1.8,-1.6,-0.257,-0.494,0.236,282.0,309.5,27.5,0.979,0.271,0.708,62.0,153.5,91.5,-1.295,-1.678,0.383,433.0,461.0,28.0,-1.415,4708.0,0.291,0.229,3.93,3.8,3.036,guard,3000+
2024-2026,2025.0,203932,Aaron Gordon,9690.0,9677.0,0.458,0.115,-0.174,-0.059,-0.51,0.674,0.165,0.312,0.525,0.837,1.293,0.461,1.754,1.408,0.287,1.694,0.356,0.426,0.782,0.428,0.351,aaron gordon,Aaron Gordon,Denver Nuggets,1.8,1.0,2.8,0.637,1.313,-0.676,118.0,43.5,-74.5,0.61,1.141,-0.531,107.0,57.5,-49.5,0.424,0.885,-0.461,155.0,82.0,-73.0,1.75,4746.0,2.314,0.523,4.718,3.937,1.335,wing,3000+
2024-2026,2025.0,1629611,Terance Mann,9697.0,9716.0,0.459,-1.02,-0.26,-1.281,0.749,0.046,0.795,0.547,-1.142,-0.595,0.528,-1.096,-0.568,-0.492,-1.357,-1.849,-0.298,-1.245,-1.542,-0.473,-1.402,terance mann,Terance Mann,Brooklyn Nets,-0.9,-0.9,-1.8,-0.417,-0.576,0.158,315.0,332.0,17.0,0.11,-0.24,0.35,187.0,264.5,77.5,-0.745,-0.854,0.109,358.0,385.5,27.5,0.811,4822.0,1.68,0.336,3.195,3.21,1.396,wing,3000+
2024-2026,2025.0,1631212,Peyton Watson,9744.0,9717.0,0.46,-1.958,-0.274,-2.232,0.315,-0.16,0.155,0.462,0.109,0.571,0.117,0.04,0.157,-1.84,-0.234,-2.075,-1.029,-0.067,-1.095,-1.496,-0.165,peyton watson,Peyton Watson,Denver Nuggets,-0.9,-0.1,-1.0,-0.214,-0.247,0.033,276.0,262.5,-13.5,-0.447,-0.24,-0.207,304.0,264.5,-39.5,0.079,-0.122,0.201,218.0,243.0,25.0,2.732,4742.0,1.154,1.837,4.578,2.209,1.321,big,3000+
2024-2026,2025.0,1629631,De'Andre Hunter,9745.0,9731.0,0.46,-0.81,-0.74,-1.551,-0.406,-0.182,-0.588,0.957,0.031,0.988,0.887,-0.424,0.463,0.076,-1.164,-1.088,0.173,-0.584,-0.411,0.146,-0.709,deandre hunter,De'Andre Hunter,Sacramento Kings,-0.1,-0.8,-0.9,0.096,-0.206,0.302,224.0,254.0,30.0,0.47,0.169,0.3,132.0,171.5,39.5,-0.283,-0.763,0.48,283.0,372.5,89.5,0.265,4601.0,0.822,0.274,4.382,2.105,2.731,wing,3000+
2024-2026,2025.0,1627747,Caris LeVert,9794.0,9807.0,0.461,-0.001,-0.255,-0.256,-0.011,0.012,0.001,0.178,0.222,0.4,0.198,0.266,0.464,0.197,0.011,0.209,0.176,0.059,0.235,0.178,-0.033,caris levert,Caris LeVert,Detroit Pistons,-1.8,0.2,-1.5,0.389,-0.452,0.841,168.0,299.0,131.0,0.472,-0.7,1.172,131.0,364.5,233.5,0.167,0.153,0.014,200.0,191.5,-8.5,-0.838,4703.0,0.788,0.827,3.804,5.511,2.097,guard,3000+
2024-2026,2025.0,201144,Mike Conley,9877.0,9900.0,0.463,1.698,0.815,2.513,-1.742,0.235,-1.507,-0.836,0.26,-0.575,-0.188,0.928,0.74,1.51,1.743,3.253,0.654,1.109,1.763,0.862,1.075,mike conley,Mike Conley,Minnesota Timberwolves,-0.6,0.0,-0.6,1.082,-0.083,1.165,62.0,230.5,168.5,0.836,-0.086,0.923,77.0,221.5,144.5,0.902,-0.03,0.933,85.0,223.5,138.5,-2.577,4939.0,0.634,0.328,2.959,6.742,2.639,guard,3000+
2024-2026,2025.0,1631101,Shaedon Sharpe,9917.0,9912.0,0.464,-0.528,-0.858,-1.387,0.199,-0.021,0.178,0.167,-0.645,-0.478,-0.245,-1.038,-1.284,-0.774,-1.897,-2.67,-0.216,-1.338,-1.553,-0.362,-1.504,shaedon sharpe,Shaedon Sharpe,Portland Trail Blazers,-0.2,-0.5,-0.7,-0.422,-0.124,-0.298,316.0,237.0,-79.0,0.173,0.118,0.055,178.0,179.5,1.5,-0.81,-0.488,-0.322,369.0,318.5,-50.5,0.158,4777.0,1.213,0.256,4.069,3.195,2.336,wing,3000+
2024-2026,2025.0,1628971,Bruce Brown,9922.0,9950.0,0.464,-1.265,-0.291,-1.556,0.11,-0.053,0.057,0.121,-1.325,-1.205,-0.257,-1.555,-1.812,-1.522,-1.845,-3.367,-0.779,-1.444,-2.224,-1.144,-1.616,bruce brown,Bruce Brown,Denver Nuggets,-2.2,-0.6,-2.8,-0.726,-0.986,0.26,358.0,401.5,43.5,-0.257,-0.904,0.647,267.0,404.0,137.0,-0.885,-0.58,-0.305,382.0,338.5,-43.5,0.915,4782.0,1.34,0.354,4.427,3.388,1.031,wing,3000+
2024-2026,2025.0,1641709,Ausar Thompson,9956.0,9931.0,0.465,-1.06,1.061,0.002,0.599,0.046,0.645,0.74,1.922,2.662,0.425,2.345,2.77,-0.635,3.407,2.771,-0.176,2.913,2.737,-0.32,2.983,ausar thompson,Ausar Thompson,Detroit Pistons,0.5,3.4,3.9,1.524,1.764,-0.241,32.0,24.5,-7.5,0.203,0.476,-0.273,169.0,119.5,-49.5,2.165,3.082,-0.917,11.0,4.0,-7.0,3.901,4814.0,2.916,1.256,5.482,3.604,0.284,big,3000+
2024-2026,2025.0,1628374,Lauri Markkanen,9961.0,9960.0,0.465,1.235,-0.002,1.233,0.162,0.379,0.542,1.177,1.208,2.385,1.658,0.859,2.517,2.893,0.857,3.75,1.82,1.229,3.049,2.412,1.206,lauri markkanen,Lauri Markkanen,Utah Jazz,3.7,0.8,4.5,1.665,2.011,-0.345,24.0,15.0,-9.0,1.726,2.112,-0.386,26.0,16.0,-10.0,0.986,0.702,0.284,78.0,106.0,28.0,1.956,4742.0,2.111,0.486,5.603,2.042,3.249,wing,3000+
2024-2026,2025.0,1626171,Bobby Portis,9975.0,9985.0,0.466,-0.071,-0.711,-0.782,0.285,-0.656,-0.371,-0.05,-1.523,-1.572,0.345,-1.893,-1.548,0.274,-2.603,-2.33,-0.047,-2.028,-2.075,-0.121,-2.233,bobby portis,Bobby Portis,Milwaukee Bucks,-0.7,-1.4,-2.1,-0.659,-0.699,0.04,348.0,359.0,11.0,0.302,-0.138,0.439,158.0,236.5,78.5,-1.293,-1.312,0.019,432.0,441.0,9.0,3.355,4872.0,2.372,0.532,8.313,2.313,2.217,big,3000+
2024-2026,2025.0,1629028,Deandre Ayton,9995.0,10016.0,0.466,-1.508,0.582,-0.926,-1.68,-0.188,-1.868,-1.154,-0.024,-1.178,-1.16,-0.184,-1.343,-2.668,0.399,-2.269,-1.909,0.615,-1.294,-2.662,0.558,deandre ayton,Deandre Ayton,Los Angeles Lakers,-1.5,-0.6,-2.1,-0.305,-0.699,0.394,291.0,359.0,68.0,-1.119,-0.547,-0.572,428.0,329.0,-99.0,0.556,-0.58,1.136,138.0,338.5,200.5,6.234,4956.0,3.523,1.097,8.027,1.547,0.051,big,3000+
2024-2026,2025.0,1642267,Bub Carrington,9998.0,9999.0,0.466,-0.217,-0.625,-0.842,-0.431,-0.113,-0.543,-1.67,-1.162,-2.832,-2.074,-1.379,-3.452,-2.291,-2.004,-4.295,-1.701,-1.605,-3.306,-1.888,-1.787,bub carrington,Bub Carrington,Washington Wizards,-2.5,-1.8,-4.3,-1.217,-1.602,0.385,419.0,460.5,41.5,-0.96,-1.058,0.097,403.0,423.0,20.0,-0.997,-1.678,0.681,402.0,461.0,59.0,-1.721,4728.0,0.503,0.289,4.195,5.673,2.338,guard,3000+
2024-2026,2025.0,1628989,Kevin Huerter,10005.0,9949.0,0.466,-0.672,-0.123,-0.795,0.666,-0.069,0.596,1.057,0.332,1.389,0.811,0.356,1.167,0.139,0.233,0.372,0.345,0.285,0.629,0.385,0.21,kevin huerter,Kevin Huerter,Detroit Pistons,0.6,0.8,1.4,0.568,0.738,-0.17,135.0,106.5,-28.5,0.601,0.527,0.074,109.0,113.0,4.0,0.325,0.702,-0.377,173.0,106.0,-67.0,-0.307,4794.0,0.766,0.593,4.258,3.755,2.666,guard,3000+
2024-2026,2025.0,202331,Paul George,10038.0,10015.0,0.467,2.98,1.468,4.448,-0.764,0.087,-0.678,-0.905,0.834,-0.071,1.011,1.71,2.721,3.991,3.177,7.169,1.533,2.263,3.796,2.075,2.302,paul george,Paul George,Philadelphia 76ers,0.7,1.0,1.7,2.004,0.861,1.143,11.0,89.0,78.0,1.508,0.578,0.93,34.0,108.0,74.0,1.709,0.885,0.824,23.0,82.0,59.0,-0.663,4966.0,0.587,0.529,5.234,4.154,3.182,guard,3000+
2024-2026,2025.0,1630557,Corey Kispert,10052.0,10047.0,0.467,-1.145,-1.07,-2.215,-0.432,-0.041,-0.473,-0.407,-1.244,-1.651,-0.861,-1.635,-2.496,-2.005,-2.705,-4.711,-1.071,-2.102,-3.174,-1.551,-2.314,corey kispert,Corey Kispert,Atlanta Hawks,-0.7,-1.4,-2.1,-1.157,-0.699,-0.458,412.0,359.0,-53.0,-0.48,-0.138,-0.342,312.0,236.5,-75.5,-1.346,-1.312,-0.033,438.0,441.0,3.0,-0.503,4751.0,0.705,0.296,3.372,2.66,2.963,guard,3000+
2024-2026,2025.0,1627741,Buddy Hield,10078.0,10018.0,0.468,0.73,-0.429,0.301,-0.548,-0.205,-0.753,-0.429,-0.285,-0.713,0.13,-0.437,-0.307,0.86,-0.866,-0.006,0.261,-0.589,-0.328,0.302,-0.714,buddy hield,Buddy Hield,Atlanta Hawks,-0.7,-1.1,-1.8,0.134,-0.576,0.709,217.0,332.0,115.0,0.537,-0.138,0.675,120.0,236.5,116.5,-0.286,-1.038,0.751,284.0,405.0,121.0,-0.393,4846.0,1.033,0.55,3.789,3.276,3.685,guard,3000+
2024-2026,2025.0,202710,Jimmy Butler III,10088.0,10047.0,0.468,3.031,0.717,3.747,-1.778,0.438,-1.34,0.288,0.43,0.718,1.891,0.753,2.644,4.921,1.47,6.391,2.45,1.168,3.618,3.319,1.146,jimmy butler,Jimmy Butler III,Golden State Warriors,3.5,0.9,4.4,1.923,1.97,-0.046,14.0,16.0,2.0,2.207,2.01,0.197,16.0,20.5,4.5,0.943,0.794,0.15,80.0,92.0,12.0,0.528,4974.0,2.302,0.311,3.669,5.653,0.897,wing,3000+
2024-2026,2025.0,1641710,Anthony Black,10127.0,10141.0,0.469,-1.098,0.104,-0.994,-0.24,0.014,-0.225,-0.323,1.013,0.69,-0.755,1.177,0.422,-1.852,1.281,-0.571,-1.009,1.138,0.129,-1.42,1.117,anthony black,Anthony Black,Orlando Magic,-0.7,1.0,0.3,0.341,0.287,0.054,177.0,166.5,-10.5,-0.432,-0.138,-0.295,299.0,236.5,-62.5,0.922,0.885,0.037,82.0,82.0,0.0,0.198,4957.0,0.959,0.828,3.493,4.118,1.445,wing,3000+
2024-2026,2025.0,1627752,Taurean Prince,10142.0,10125.0,0.47,-0.614,0.187,-0.426,0.883,-0.35,0.534,0.15,-0.654,-0.504,0.445,-0.319,0.126,-0.168,-0.132,-0.3,-0.293,-0.356,-0.65,-0.464,-0.467,taurean prince,Taurean Prince,Milwaukee Bucks,-1.3,-1.4,-2.8,-0.012,-0.986,0.974,246.0,401.5,155.5,0.114,-0.444,0.558,185.0,308.5,123.5,-0.124,-1.312,1.189,254.0,441.0,187.0,-0.169,4890.0,0.434,0.412,3.968,2.356,2.569,guard,3000+
2024-2026,2025.0,1630200,Tre Jones,10201.0,10196.0,0.471,-0.062,-0.384,-0.447,-0.995,-0.346,-1.342,0.234,0.203,0.437,-0.105,-0.038,-0.144,-0.168,-0.423,-0.59,0.187,-0.088,0.099,0.171,-0.181,tre jones,Tre Jones,Chicago Bulls,1.3,0.1,1.4,0.327,0.738,-0.411,183.0,106.5,-76.5,0.48,0.885,-0.405,128.0,77.5,-50.5,0.064,0.061,0.003,224.0,210.0,-14.0,-1.938,4793.0,0.954,0.225,3.62,7.661,0.931,guard,3000+
2024-2026,2025.0,1629661,Cameron Johnson,10233.0,10175.0,0.472,0.9,0.153,1.054,0.233,0.051,0.284,0.801,0.175,0.976,1.325,0.177,1.503,2.226,0.331,2.556,1.28,0.392,1.672,1.701,0.329,cameron johnson,Cameron Johnson,Denver Nuggets,2.3,0.0,2.3,1.041,1.108,-0.067,65.0,66.5,1.5,1.315,1.396,-0.082,42.0,40.5,-1.5,0.4,-0.03,0.431,157.0,223.5,66.5,-0.116,5048.0,1.084,0.435,3.937,3.309,2.903,wing,3000+
2024-2026,2025.0,1628381,John Collins,10235.0,10211.0,0.472,-0.871,0.169,-0.703,-0.912,-0.559,-1.471,0.091,-0.659,-0.568,0.219,-0.666,-0.446,-0.652,-0.497,-1.149,-0.53,-0.379,-0.909,-0.78,-0.49,john collins,John Collins,Los Angeles Clippers,-0.6,-0.6,-1.1,-0.13,-0.288,0.158,263.0,271.0,8.0,-0.067,-0.086,0.02,219.0,221.5,2.5,-0.14,-0.58,0.44,257.0,338.5,81.5,4.149,4988.0,2.569,1.097,6.589,1.638,1.689,big,3000+
2024-2026,2025.0,1629627,Zion Williamson,10242.0,10240.0,0.472,0.872,-0.371,0.5,-0.133,-0.047,-0.18,0.579,-0.981,-0.402,0.905,-1.147,-0.243,1.776,-1.519,0.257,1.106,-1.191,-0.085,1.451,-1.352,zion williamson,Zion Williamson,New Orleans Pelicans,1.9,0.0,1.9,0.244,0.943,-0.7,192.0,82.0,-110.0,1.182,1.192,-0.01,51.0,52.5,1.5,-0.708,-0.03,-0.677,354.0,223.5,-130.5,1.964,4906.0,2.37,0.792,4.784,5.21,0.073,wing,3000+
2024-2026,2025.0,1627884,Derrick Jones Jr.,10259.0,10251.0,0.473,-0.751,0.471,-0.28,0.381,-0.111,0.27,0.093,0.434,0.527,0.338,0.74,1.078,-0.413,1.211,0.798,-0.45,0.933,0.484,-0.658,0.905,derrick jones,Derrick Jones Jr.,Los Angeles Clippers,-0.3,1.1,0.9,0.502,0.533,-0.031,146.0,128.5,-17.5,-0.006,0.067,-0.073,208.0,186.5,-21.5,0.779,0.977,-0.197,99.0,72.5,-26.5,2.282,5001.0,1.699,0.965,3.239,1.469,1.548,big,3000+
2024-2026,2025.0,1630573,Sam Hauser,10386.0,10346.0,0.476,-0.503,-0.853,-1.356,0.988,0.266,1.254,1.662,0.53,2.191,1.934,0.251,2.185,1.431,-0.602,0.829,0.882,-0.224,0.658,1.158,-0.323,sam hauser,Sam Hauser,Boston Celtics,2.0,0.2,2.2,0.581,1.067,-0.486,133.0,71.5,-61.5,1.01,1.243,-0.232,60.0,49.0,-11.0,-0.031,0.153,-0.184,238.0,191.5,-46.5,0.332,5217.0,1.001,0.421,4.52,1.794,3.871,wing,3000+
2024-2026,2025.0,203924,Jerami Grant,10442.0,10468.0,0.477,0.543,0.118,0.661,-0.663,-0.194,-0.858,-0.517,-1.421,-1.938,-0.53,-1.384,-1.915,0.013,-1.267,-1.254,0.049,-1.143,-1.095,0.026,-1.303,jerami grant,Jerami Grant,Portland Trail Blazers,-0.4,-1.2,-1.6,-0.214,-0.494,0.279,275.0,309.5,34.5,0.375,0.016,0.359,151.0,195.0,44.0,-0.674,-1.129,0.455,352.0,418.0,66.0,0.247,5054.0,0.841,0.826,3.091,2.671,2.529,wing,3000+
2024-2026,2025.0,203076,Anthony Davis,10468.0,10451.0,0.478,1.379,1.99,3.369,-0.195,0.527,0.332,-0.233,0.977,0.743,0.625,1.471,2.096,2.004,3.461,5.465,0.885,2.857,3.742,1.145,2.967,anthony davis,Anthony Davis,Washington Wizards,1.1,0.9,2.1,1.98,1.025,0.954,12.0,75.5,63.5,1.013,0.783,0.23,59.0,86.5,27.5,2.125,0.794,1.332,14.0,92.0,78.0,6.27,5030.0,3.113,2.297,9.569,3.6,0.53,big,3000+
2024-2026,2025.0,1630193,Immanuel Quickley,10517.0,10533.0,0.479,1.251,-0.706,0.545,-1.211,0.209,-1.002,-0.038,0.854,0.815,0.528,0.603,1.131,1.779,-0.103,1.676,0.921,0.215,1.136,1.213,0.148,immanuel quickley,Immanuel Quickley,Toronto Raptors,2.1,0.2,2.3,0.797,1.108,-0.31,94.0,66.5,-27.5,1.04,1.294,-0.254,56.0,45.0,-11.0,0.276,0.153,0.124,183.0,191.5,8.5,-2.634,5139.0,0.497,0.133,4.112,6.564,3.04,guard,3000+
2024-2026,2025.0,1629639,Tyler Herro,10525.0,10493.0,0.479,1.977,-0.914,1.063,-0.167,0.204,0.037,0.134,-0.334,-0.2,0.883,-0.835,0.048,2.86,-1.749,1.111,1.586,-1.091,0.495,2.111,-1.248,tyler herro,Tyler Herro,Miami Heat,1.3,-1.1,0.2,0.507,0.245,0.261,145.0,175.0,30.0,1.548,0.885,0.663,31.0,77.5,46.5,-0.638,-1.038,0.399,345.0,405.0,60.0,-1.726,5162.0,0.474,0.223,4.959,5.217,3.257,guard,3000+
2024-2026,2025.0,1626145,Tyus Jones,10549.0,10543.0,0.479,0.632,-0.663,-0.031,-1.9,-0.536,-2.437,-0.93,-1.433,-2.363,-0.488,-1.89,-2.378,0.144,-2.553,-2.409,-0.186,-1.884,-2.07,-0.298,-2.096,tyus jones,Tyus Jones,Denver Nuggets,-0.9,-1.3,-2.2,-0.657,-0.74,0.083,346.0,370.0,24.0,0.196,-0.24,0.436,170.0,264.5,94.5,-1.193,-1.221,0.028,421.0,430.0,9.0,-3.161,5086.0,0.51,0.205,2.683,7.595,2.208,guard,3000+
2024-2026,2025.0,1629014,Anfernee Simons,10571.0,10604.0,0.48,0.924,-1.336,-0.412,-0.908,-0.108,-1.016,-0.267,-0.131,-0.397,-0.171,-0.945,-1.116,0.753,-2.281,-1.528,0.507,-1.295,-0.788,0.657,-1.467,anfernee simons,Anfernee Simons,Chicago Bulls,0.9,-1.3,-0.4,-0.075,-0.001,-0.074,252.0,214.0,-38.0,0.725,0.68,0.044,94.0,97.5,3.5,-0.781,-1.221,0.44,364.0,430.0,66.0,-2.402,5244.0,0.535,0.124,2.835,4.984,3.549,guard,3000+
2024-2026,2025.0,1630558,Davion Mitchell,10609.0,10601.0,0.481,-0.963,-0.173,-1.136,0.916,-0.05,0.866,1.059,0.301,1.36,0.498,0.169,0.667,-0.465,-0.004,-0.469,0.125,0.194,0.319,0.095,0.128,davion mitchell,Davion Mitchell,Miami Heat,0.1,0.6,0.7,0.427,0.451,-0.024,162.0,139.0,-23.0,0.433,0.271,0.162,140.0,153.5,13.5,0.262,0.519,-0.257,185.0,142.0,-43.0,-2.408,5124.0,0.604,0.211,2.543,6.674,1.623,guard,3000+
2024-2026,2025.0,1641706,Brandon Miller,10642.0,10629.0,0.482,0.726,-0.594,0.132,0.266,0.156,0.421,-0.118,0.723,0.605,-0.013,0.315,0.303,0.713,-0.279,0.434,0.462,0.194,0.656,0.608,0.128,brandon miller,Brandon Miller,Charlotte Hornets,1.3,1.3,2.6,0.58,1.231,-0.651,134.0,52.0,-82.0,0.69,0.885,-0.195,98.0,77.5,-20.5,0.261,1.16,-0.898,186.0,60.0,-126.0,0.015,5277.0,1.057,0.723,4.161,3.343,3.356,wing,3000+
2024-2026,2025.0,1627739,Kris Dunn,10677.0,10695.0,0.482,-0.129,1.408,1.279,0.33,-0.066,0.264,0.28,0.62,0.9,0.509,1.493,2.002,0.381,2.9,3.281,0.135,1.964,2.099,0.151,2.028,kris dunn,Kris Dunn,Los Angeles Clippers,-1.4,1.6,0.2,1.234,0.245,0.989,52.0,175.0,123.0,0.441,-0.495,0.936,139.0,318.5,179.5,1.501,1.434,0.066,32.0,39.0,7.0,-0.43,5267.0,1.1,0.472,3.759,5.188,1.34,guard,3000+
2024-2026,2025.0,1627742,Brandon Ingram,10764.0,10734.0,0.485,0.313,-0.062,0.251,0.601,0.412,1.013,0.486,-0.053,0.433,0.689,-0.098,0.591,1.002,-0.16,0.842,0.623,-0.036,0.587,0.799,-0.115,brandon ingram,Brandon Ingram,Toronto Raptors,-0.1,-0.5,-0.6,0.548,-0.083,0.631,140.0,230.5,90.5,0.813,0.169,0.643,81.0,171.5,90.5,0.101,-0.488,0.589,214.0,318.5,104.5,-0.185,5301.0,0.835,0.72,4.964,5.025,1.793,guard,3000+
2024-2026,2025.0,1629656,Quentin Grimes,10782.0,10802.0,0.485,-0.702,-0.645,-1.347,-0.768,0.015,-0.753,-0.286,-0.11,-0.396,-0.526,-0.264,-0.79,-1.228,-0.909,-2.137,-0.708,-0.632,-1.34,-0.988,-0.755,quentin grimes,Quentin Grimes,Philadelphia 76ers,-0.4,0.1,-0.3,-0.325,0.04,-0.365,295.0,206.0,-89.0,-0.203,0.016,-0.218,256.0,195.0,-61.0,-0.316,0.061,-0.377,291.0,210.0,-81.0,-0.459,5252.0,0.823,0.391,3.955,3.688,2.536,guard,3000+
2024-2026,2025.0,1629018,Gary Trent Jr.,10804.0,10810.0,0.485,-0.435,-0.899,-1.334,-0.115,-0.689,-0.804,0.119,-2.028,-1.909,0.116,-2.342,-2.226,-0.318,-3.242,-3.56,-0.206,-2.652,-2.859,-0.316,-2.927,gary trent,Gary Trent Jr.,Milwaukee Bucks,-0.9,-1.8,-2.8,-1.014,-0.986,-0.028,396.0,401.5,5.5,0.18,-0.24,0.42,175.0,264.5,89.5,-1.731,-1.678,-0.052,459.0,461.0,2.0,-1.053,5262.0,0.363,0.116,2.531,1.95,3.291,guard,3000+
2024-2026,2025.0,1641731,Bilal Coulibaly,10888.0,10897.0,0.487,-1.385,0.335,-1.05,-0.142,0.013,-0.129,-0.944,-1.39,-2.334,-1.482,-1.391,-2.873,-2.868,-1.055,-3.923,-1.688,-0.911,-2.6,-2.329,-1.055,bilal coulibaly,Bilal Coulibaly,Washington Wizards,-1.9,-0.1,-2.1,-0.897,-0.699,-0.198,380.0,359.0,-21.0,-0.951,-0.751,-0.199,399.0,379.5,-19.5,-0.512,-0.122,-0.39,325.0,243.0,-82.0,1.498,5134.0,1.367,1.003,4.193,3.183,1.346,wing,3000+
2024-2026,2025.0,1629027,Trae Young,10934.0,10928.0,0.488,2.546,-1.189,1.357,0.048,-1.346,-1.299,0.917,-1.103,-0.187,1.563,-1.649,-0.087,4.108,-2.838,1.27,2.623,-2.059,0.564,3.462,-2.292,trae young,Trae Young,Washington Wizards,4.5,-2.4,2.0,0.538,0.984,-0.446,142.0,79.0,-63.0,2.339,2.521,-0.182,14.0,10.5,-3.5,-1.315,-2.228,0.912,434.0,472.0,38.0,-5.451,5058.0,0.448,0.178,2.505,11.267,2.989,guard,3000+
2024-2026,2025.0,1630532,Franz Wagner,10962.0,10935.0,0.489,0.749,-0.054,0.695,0.314,0.144,0.457,0.964,2.42,3.384,1.051,2.507,3.558,1.8,2.453,4.252,1.295,2.259,3.554,1.713,2.366,franz wagner,Franz Wagner,Orlando Magic,2.4,1.7,4.1,1.894,1.847,0.048,16.0,19.0,3.0,1.326,1.447,-0.122,41.0,38.0,-3.0,1.707,1.526,0.181,24.0,33.5,9.5,0.122,5382.0,1.144,0.401,4.876,4.455,1.645,wing,3000+
2024-2026,2025.0,1631096,Chet Holmgren,11026.0,11012.0,0.491,-0.414,1.291,0.876,0.641,0.155,0.796,1.15,2.133,3.283,1.464,2.783,4.247,1.05,4.073,5.123,0.592,3.234,3.827,0.736,3.424,chet holmgren,Chet Holmgren,Oklahoma City Thunder,1.8,3.5,5.2,2.018,2.298,-0.28,10.0,8.0,-2.0,0.79,1.141,-0.351,88.0,57.5,-30.5,2.389,3.174,-0.784,5.0,2.5,-2.5,5.24,5287.0,2.09,2.669,8.26,2.574,1.777,big,3000+
2024-2026,2025.0,1628370,Malik Monk,11042.0,11009.0,0.491,-0.079,-0.873,-0.952,-0.068,0.119,0.051,0.407,-0.032,0.375,0.449,-0.278,0.171,0.37,-1.151,-0.781,0.272,-0.773,-0.501,0.327,-0.905,malik monk,Malik Monk,Sacramento Kings,0.7,-1.1,-0.5,0.055,-0.042,0.097,230.0,222.0,-8.0,0.545,0.578,-0.033,118.0,108.0,-10.0,-0.415,-1.038,0.622,306.0,405.0,99.0,-2.032,5291.0,0.497,0.687,3.409,6.239,2.796,guard,3000+
2024-2026,2025.0,1628976,Wendell Carter Jr.,11046.0,11037.0,0.491,-1.757,0.587,-1.17,0.073,-0.148,-0.075,-0.113,1.227,1.114,-0.404,1.358,0.955,-2.161,1.946,-0.215,-1.38,1.743,0.363,-1.871,1.814,wendell carter,Wendell Carter Jr.,Orlando Magic,-1.1,1.8,0.7,0.447,0.451,-0.004,155.0,139.0,-16.0,-0.715,-0.342,-0.373,355.0,287.0,-68.0,1.346,1.617,-0.272,42.0,28.0,-14.0,3.892,5455.0,2.805,0.779,6.764,2.528,1.142,big,3000+
2024-2026,2025.0,1631097,Bennedict Mathurin,11093.0,11102.0,0.492,-1.327,-1.007,-2.334,-0.11,0.048,-0.063,0.06,-0.026,0.034,-0.165,-0.495,-0.66,-1.492,-1.502,-2.994,-0.91,-0.892,-1.802,-1.266,-1.033,bennedict mathurin,Bennedict Mathurin,Los Angeles Clippers,-0.2,-0.3,-0.5,-0.535,-0.042,-0.493,330.0,222.0,-108.0,-0.356,0.118,-0.474,285.0,179.5,-105.5,-0.499,-0.305,-0.193,321.0,280.0,-41.0,1.169,5305.0,1.371,0.346,4.805,2.606,1.717,wing,3000+
2024-2026,2025.0,203110,Draymond Green,11095.0,11098.0,0.492,0.579,1.94,2.519,-0.343,0.678,0.336,-1.413,1.323,-0.091,0.031,2.042,2.073,0.61,3.981,4.592,-0.613,3.079,2.465,-0.834,3.262,draymond green,Draymond Green,Golden State Warriors,-2.8,0.7,-2.1,1.4,-0.699,2.099,41.0,359.0,318.0,-0.13,-1.211,1.081,237.0,438.5,201.5,2.281,0.61,1.67,7.0,125.0,118.0,0.137,5343.0,1.381,1.071,6.617,7.351,1.563,wing,3000+
2024-2026,2025.0,1631108,Max Christie,11120.0,11133.0,0.493,-1.277,-0.392,-1.669,0.114,-0.411,-0.297,-0.348,-0.452,-0.8,-0.833,-0.614,-1.447,-2.11,-1.006,-3.115,-1.179,-0.717,-1.896,-1.625,-0.844,max christie,Max Christie,Dallas Mavericks,-1.9,-0.2,-2.1,-0.578,-0.699,0.121,334.0,359.0,25.0,-0.562,-0.751,0.189,322.0,379.5,57.5,-0.376,-0.214,-0.162,300.0,264.0,-36.0,0.027,5311.0,0.461,0.508,3.938,2.42,2.284,wing,3000+
2024-2026,2025.0,1629614,Andrew Nembhard,11170.0,11149.0,0.494,-0.357,-0.346,-0.702,-0.384,-0.189,-0.573,-0.238,0.52,0.281,-0.226,0.197,-0.029,-0.583,-0.148,-0.731,-0.409,0.222,-0.187,-0.595,0.174,andrew nembhard,Andrew Nembhard,Indiana Pacers,1.1,-0.2,0.9,0.197,0.533,-0.336,199.0,128.5,-70.5,0.025,0.783,-0.757,200.0,86.5,-113.5,0.281,-0.214,0.495,182.0,264.0,82.0,-2.433,5363.0,0.638,0.168,2.833,7.001,1.47,guard,3000+
2024-2026,2025.0,202695,Kawhi Leonard,11182.0,11173.0,0.494,4.682,1.433,6.114,1.204,0.407,1.611,0.547,0.619,1.166,2.842,1.664,4.506,7.524,3.097,10.621,3.903,1.954,5.857,5.229,2.052,kawhi leonard,Kawhi Leonard,Los Angeles Clippers,6.2,0.8,7.0,2.939,3.037,-0.098,4.0,6.0,2.0,3.316,3.39,-0.074,6.0,5.5,-0.5,1.493,0.702,0.791,35.0,106.0,71.0,0.627,5596.0,1.222,0.663,5.52,3.821,2.509,wing,3000+
2024-2026,2025.0,1630230,Naji Marshall,11220.0,11274.0,0.495,-0.791,-0.33,-1.12,0.041,0.051,0.092,0.567,-0.613,-0.046,0.388,-0.75,-0.362,-0.402,-1.08,-1.482,-0.137,-0.809,-0.946,-0.223,-0.942,naji marshall,Naji Marshall,Dallas Mavericks,0.0,0.2,0.2,-0.147,0.245,-0.392,265.0,175.0,-90.0,0.233,0.22,0.013,166.0,163.5,-2.5,-0.44,0.153,-0.593,308.0,191.5,-116.5,0.531,5358.0,1.303,0.195,4.851,3.877,1.209,wing,3000+
2024-2026,2025.0,1628960,Grayson Allen,11280.0,11250.0,0.496,0.713,-0.02,0.693,-0.017,-0.076,-0.094,0.599,-1.554,-0.955,1.52,-1.368,0.152,2.233,-1.388,0.845,0.993,-1.391,-0.398,1.312,-1.574,grayson allen,Grayson Allen,Phoenix Suns,2.7,-0.7,2.0,0.102,0.984,-0.882,223.0,79.0,-144.0,1.096,1.601,-0.505,54.0,34.0,-20.0,-0.848,-0.671,-0.176,376.0,358.0,-18.0,-0.855,5526.0,0.775,0.502,3.42,3.642,3.342,guard,3000+
2024-2026,2025.0,1629628,RJ Barrett,11305.0,11301.0,0.497,-0.424,-0.59,-1.014,0.461,0.35,0.811,1.315,0.445,1.76,1.192,-0.038,1.154,0.768,-0.628,0.14,0.695,-0.076,0.618,0.891,-0.146,rj barrett,RJ Barrett,Toronto Raptors,1.2,-0.7,0.6,0.563,0.41,0.153,136.0,145.5,9.5,0.868,0.834,0.034,74.0,82.0,8.0,0.072,-0.671,0.744,222.0,358.0,136.0,0.036,5430.0,1.12,0.385,5.383,4.614,1.943,wing,3000+
2024-2026,2025.0,1629673,Jordan Poole,11306.0,11300.0,0.497,0.776,-0.691,0.085,-1.646,-0.145,-1.791,-1.277,-1.093,-2.37,-1.38,-1.53,-2.91,-0.605,-2.221,-2.826,-0.353,-1.585,-1.937,-0.501,-1.784,jordan poole,Jordan Poole,New Orleans Pelicans,-0.7,-1.4,-2.1,-0.596,-0.699,0.102,335.0,359.0,24.0,0.069,-0.138,0.206,192.0,236.5,44.5,-0.983,-1.312,0.329,399.0,441.0,42.0,-2.204,5285.0,0.49,0.456,2.861,5.211,3.508,guard,3000+
2024-2026,2025.0,1631114,Jalen Williams,11327.0,11313.0,0.497,0.686,0.153,0.839,-0.212,0.025,-0.187,-0.075,0.969,0.894,0.402,1.198,1.6,1.088,1.351,2.439,0.482,1.09,1.571,0.611,1.122,jalen williams,Jalen Williams,Oklahoma City Thunder,1.7,1.0,2.7,0.995,1.272,-0.277,70.0,47.5,-22.5,0.705,1.089,-0.384,95.0,62.0,-33.0,0.888,0.885,0.003,87.0,82.0,-5.0,-0.677,5401.0,0.82,0.667,4.532,5.712,1.666,guard,3000+
2024-2026,2025.0,1629012,Collin Sexton,11349.0,11353.0,0.498,1.172,-0.793,0.378,-0.293,-0.43,-0.723,0.444,-0.419,0.024,0.748,-0.788,-0.04,1.919,-1.581,0.339,1.235,-1.059,0.176,1.615,-1.213,collin sexton,Collin Sexton,Chicago Bulls,0.4,-1.0,-0.6,0.362,-0.083,0.445,170.0,230.5,60.5,1.28,0.425,0.855,45.0,129.5,84.5,-0.615,-0.946,0.331,339.0,396.0,57.0,-1.726,5449.0,1.136,0.225,2.372,5.748,2.312,guard,3000+
2024-2026,2025.0,1630245,Ayo Dosunmu,11388.0,11403.0,0.499,-0.485,-0.61,-1.095,-0.17,0.051,-0.119,-0.557,-0.596,-1.153,-0.612,-0.895,-1.507,-1.097,-1.506,-2.602,-0.759,-1.053,-1.812,-1.042,-1.207,ayo dosunmu,Ayo Dosunmu,Minnesota Timberwolves,-0.5,-0.6,-1.1,-0.54,-0.288,-0.251,331.0,271.0,-60.0,-0.241,-0.035,-0.206,265.0,207.5,-57.5,-0.611,-0.58,-0.032,338.0,338.5,0.5,-0.826,5491.0,0.833,0.472,3.193,4.583,1.993,guard,3000+
2024-2026,2025.0,1629636,Darius Garland,11392.0,11354.0,0.499,2.144,-0.777,1.367,0.106,-0.442,-0.336,0.555,-0.171,0.385,1.319,-0.391,0.928,3.464,-1.168,2.295,2.037,-0.816,1.221,2.7,-0.948,darius garland,Darius Garland,Los Angeles Clippers,2.9,-0.8,2.2,0.836,1.067,-0.231,88.0,71.5,-16.5,1.892,1.703,0.189,23.0,29.5,6.5,-0.445,-0.763,0.318,311.0,372.5,61.5,-3.521,5542.0,0.617,0.169,2.455,7.665,3.027,guard,3000+
2024-2026,2025.0,1641705,Victor Wembanyama,11471.0,11441.0,0.5,1.753,2.447,4.2,0.367,0.813,1.18,-0.036,2.923,2.887,0.776,3.673,4.449,2.529,6.12,8.65,1.309,4.979,6.288,1.717,5.37,victor wembanyama,Victor Wembanyama,San Antonio Spurs,4.0,4.6,8.6,3.135,3.694,-0.559,3.0,3.0,0.0,1.337,2.265,-0.929,40.0,13.0,-27.0,3.611,4.181,-0.57,1.0,1.0,0.0,6.616,5495.0,2.444,4.108,10.639,4.199,2.568,big,3000+
2024-2026,2025.0,201566,Russell Westbrook,11526.0,11544.0,0.502,1.825,0.802,2.627,-0.005,0.021,0.016,-1.383,-1.835,-3.219,-0.301,-1.365,-1.666,1.524,-0.563,0.961,0.324,-0.895,-0.57,0.441,-1.033,russell westbrook,Russell Westbrook,Sacramento Kings,-1.1,-1.7,-2.8,0.024,-0.986,1.01,238.0,401.5,163.5,0.585,-0.342,0.927,112.0,287.0,175.0,-0.5,-1.587,1.086,323.0,454.0,131.0,-0.772,5473.0,1.809,0.474,5.17,7.821,1.737,guard,3000+
2024-2026,2025.0,1629060,Rui Hachimura,11581.0,11604.0,0.503,-1.645,-0.408,-2.053,0.572,-0.154,0.418,1.069,0.2,1.269,1.217,0.003,1.221,-0.428,-0.405,-0.833,-0.413,-0.141,-0.554,-0.576,-0.208,rui hachimura,Rui Hachimura,Los Angeles Lakers,-0.7,-0.1,-0.8,0.031,-0.165,0.196,236.0,244.0,8.0,0.023,-0.138,0.16,202.0,236.5,34.5,0.027,-0.122,0.149,226.0,243.0,17.0,1.309,5618.0,1.141,0.461,4.082,1.416,2.025,wing,3000+
2024-2026,2025.0,1631170,Jaime Jaquez Jr.,11608.0,11646.0,0.503,-1.212,-0.704,-1.916,0.043,0.188,0.232,0.648,-0.117,0.531,0.317,-0.378,-0.061,-0.895,-1.082,-1.977,-0.41,-0.702,-1.112,-0.564,-0.821,jaime jaquez,Jaime Jaquez Jr.,Miami Heat,-0.4,-0.3,-0.7,-0.222,-0.124,-0.098,277.0,237.0,-40.0,0.025,0.016,0.009,201.0,195.0,-6.0,-0.365,-0.305,-0.06,299.0,280.0,-19.0,0.661,5607.0,1.682,0.353,4.417,4.578,1.027,wing,3000+
2024-2026,2025.0,1626162,Kelly Oubre Jr.,11616.0,11624.0,0.504,-0.533,0.141,-0.392,-0.465,-0.512,-0.977,-0.013,-0.675,-0.688,0.142,-0.581,-0.439,-0.391,-0.44,-0.831,-0.408,-0.439,-0.846,-0.546,-0.534,kelly oubre,Kelly Oubre Jr.,Philadelphia 76ers,-0.7,-1.0,-1.6,-0.102,-0.494,0.392,257.0,309.5,52.5,0.027,-0.138,0.164,199.0,236.5,37.5,-0.181,-0.946,0.765,262.0,396.0,134.0,1.954,5717.0,1.518,0.636,4.534,1.82,1.625,wing,3000+
2024-2026,2025.0,203484,Kentavious Caldwell-Pope,11623.0,11623.0,0.504,0.224,0.491,0.715,-0.405,0.183,-0.222,-0.481,0.842,0.361,-0.035,1.144,1.109,0.189,1.635,1.824,-0.202,1.268,1.066,-0.257,1.333,kentavious caldwell pope,Kentavious Caldwell-Pope,Memphis Grizzlies,-1.3,0.5,-0.8,0.766,-0.165,0.931,97.0,244.0,147.0,0.183,-0.444,0.628,174.0,308.5,134.5,1.014,0.427,0.586,75.0,154.0,79.0,-0.376,5766.0,0.524,0.524,2.454,2.86,1.829,guard,3000+
2024-2026,2025.0,1641717,Cason Wallace,11660.0,11666.0,0.504,-0.103,0.824,0.721,-0.399,0.117,-0.282,-0.177,1.109,0.933,0.125,1.619,1.744,0.022,2.443,2.465,-0.196,1.815,1.619,-0.28,1.933,cason wallace,Cason Wallace,Oklahoma City Thunder,0.1,2.8,2.9,1.016,1.354,-0.338,67.0,41.5,-25.5,0.188,0.271,-0.083,171.0,153.5,-17.5,1.396,2.533,-1.137,40.0,7.0,-33.0,0.453,5618.0,1.192,0.641,2.999,3.159,1.749,wing,3000+
2024-2026,2025.0,201950,Jrue Holiday,11721.0,11752.0,0.506,1.67,0.546,2.216,0.025,0.544,0.57,-0.515,1.19,0.675,0.732,1.698,2.43,2.402,2.244,4.646,0.86,1.631,2.491,1.155,1.736,jrue holiday,Jrue Holiday,Portland Trail Blazers,1.5,1.2,2.7,1.412,1.272,0.141,39.0,47.5,8.5,0.994,0.987,0.007,61.0,67.5,6.5,1.268,1.068,0.199,49.0,65.5,16.5,-0.551,5724.0,1.453,0.541,4.101,5.623,2.409,guard,3000+
2024-2026,2025.0,1629130,Duncan Robinson,11731.0,11698.0,0.506,0.517,-0.396,0.121,-0.212,0.622,0.411,0.253,0.156,0.409,0.664,0.195,0.859,1.181,-0.201,0.98,0.576,-0.173,0.403,0.77,-0.24,duncan robinson,Duncan Robinson,Detroit Pistons,1.8,0.0,1.7,0.465,0.861,-0.396,152.0,89.0,-63.0,0.777,1.141,-0.363,89.0,57.5,-31.5,0.005,-0.03,0.035,231.0,223.5,-7.5,-1.559,5804.0,0.385,0.273,2.996,3.269,3.703,guard,3000+
2024-2026,2025.0,1627826,Ivica Zubac,11735.0,11741.0,0.506,-0.856,1.146,0.29,-1.804,0.379,-1.425,-0.799,1.26,0.461,0.163,1.812,1.975,-0.693,2.958,2.265,-1.263,2.241,0.978,-1.655,2.406,ivica zubac,Ivica Zubac,Indiana Pacers,0.1,0.8,1.0,0.726,0.574,0.152,104.0,124.0,20.0,-0.626,0.271,-0.897,338.0,153.5,-184.5,1.694,0.702,0.992,25.0,106.0,81.0,6.818,5867.0,4.037,1.307,9.124,2.528,0.0,big,3000+
2024-2026,2025.0,1628369,Jayson Tatum,11748.0,11698.0,0.506,2.478,-0.401,2.077,-0.269,0.184,-0.085,0.263,0.332,0.595,1.788,0.149,1.937,4.266,-0.252,4.014,2.048,-0.018,2.03,2.741,-0.069,jayson tatum,Jayson Tatum,Boston Celtics,3.7,1.4,5.0,1.203,2.216,-1.013,57.0,10.5,-46.5,1.9,2.112,-0.212,22.0,16.0,-6.0,0.114,1.251,-1.138,212.0,52.5,-159.5,-0.405,5793.0,0.764,0.522,7.836,5.469,3.269,guard,3000+
2024-2026,2025.0,1626181,Norman Powell,11813.0,11811.0,0.508,1.192,-0.565,0.627,-0.548,-0.144,-0.692,0.378,0.877,1.255,1.238,0.737,1.974,2.43,0.171,2.602,1.194,0.328,1.521,1.571,0.312,norman powell,Norman Powell,Miami Heat,1.5,0.2,1.7,0.972,0.861,0.111,72.0,89.0,17.0,1.249,0.987,0.261,46.0,67.5,21.5,0.355,0.153,0.202,166.0,191.5,25.5,-0.718,5668.0,0.375,0.286,3.36,2.223,3.188,guard,3000+
2024-2026,2025.0,1631128,Christian Braun,11814.0,11829.0,0.508,-1.249,-0.26,-1.509,0.553,0.059,0.611,1.059,0.723,1.782,1.437,0.793,2.23,0.188,0.533,0.721,-0.131,0.466,0.335,-0.19,0.463,christian braun,Christian Braun,Denver Nuggets,0.9,0.7,1.6,0.434,0.82,-0.386,159.0,94.0,-65.0,0.238,0.68,-0.443,165.0,97.5,-67.5,0.452,0.61,-0.159,152.0,125.0,-27.0,1.396,5731.0,1.495,0.528,4.328,2.871,1.225,wing,3000+
2024-2026,2025.0,1630577,Julian Champagnie,11818.0,11867.0,0.508,-0.817,-0.298,-1.114,0.641,-0.151,0.49,1.176,1.023,2.199,1.209,0.979,2.188,0.392,0.682,1.074,0.295,0.704,0.999,0.359,0.725,julian champagnie,Julian Champagnie,San Antonio Spurs,1.3,0.5,1.8,0.736,0.902,-0.167,103.0,85.5,-17.5,0.563,0.885,-0.322,117.0,77.5,-39.5,0.619,0.427,0.191,122.0,154.0,32.0,1.156,5673.0,1.161,0.73,5.166,2.164,3.008,wing,3000+
2024-2026,2025.0,1629651,Nic Claxton,11820.0,11853.0,0.508,-1.087,1.168,0.081,-1.001,-0.241,-1.241,-1.616,0.225,-1.39,-2.432,0.36,-2.073,-3.519,1.528,-1.991,-2.078,1.313,-0.765,-2.703,1.394,nic claxton,Nic Claxton,Brooklyn Nets,-1.0,-0.1,-1.1,-0.065,-0.288,0.224,251.0,271.0,20.0,-1.247,-0.291,-0.957,444.0,279.0,-165.0,1.045,-0.122,1.167,71.0,243.0,172.0,5.553,5920.0,3.15,1.964,7.182,3.387,0.055,big,3000+
2024-2026,2025.0,1631105,Jalen Duren,11951.0,11920.0,0.511,-0.423,0.564,0.141,-0.14,-0.031,-0.171,0.933,-0.084,0.849,1.029,-0.138,0.891,0.605,0.426,1.031,0.4,0.476,0.876,0.51,0.48,jalen duren,Jalen Duren,Detroit Pistons,3.5,0.4,3.9,0.68,1.764,-1.085,108.0,24.5,-83.5,0.643,2.01,-1.367,103.0,20.5,-82.5,0.459,0.336,0.123,151.0,166.5,15.5,7.074,5790.0,4.564,1.212,9.445,3.072,0.0,big,3000+
2024-2026,2025.0,1630596,Evan Mobley,11993.0,11946.0,0.512,-0.524,1.22,0.697,-0.728,0.531,-0.197,0.244,1.5,1.745,0.833,1.938,2.771,0.309,3.159,3.468,-0.21,2.508,2.298,-0.28,2.721,evan mobley,Evan Mobley,Cleveland Cavaliers,1.9,1.7,3.6,1.325,1.641,-0.317,44.0,28.5,-15.5,0.177,1.192,-1.014,176.0,52.5,-123.5,1.882,1.526,0.356,21.0,33.5,12.5,4.584,5780.0,2.684,1.856,7.985,3.862,1.053,big,3000+
2024-2026,2025.0,202691,Klay Thompson,12015.0,11972.0,0.512,2.297,-0.421,1.876,-0.649,-0.059,-0.707,-1.677,-0.749,-2.426,-0.284,-0.988,-1.272,2.012,-1.409,0.603,0.46,-1.024,-0.564,0.619,-1.17,klay thompson,Klay Thompson,Dallas Mavericks,-0.9,-0.6,-1.5,0.027,-0.452,0.479,237.0,299.0,62.0,0.689,-0.24,0.928,99.0,264.5,165.5,-0.591,-0.58,-0.011,336.0,338.5,2.5,-0.846,5749.0,0.607,0.545,3.419,2.611,4.296,guard,3000+
2024-2026,2025.0,1629023,P.J. Washington,12056.0,12058.0,0.513,-1.262,0.307,-0.955,0.056,-0.308,-0.252,-0.235,0.422,0.187,-0.42,0.479,0.058,-1.682,0.786,-0.896,-1.134,0.698,-0.436,-1.497,0.73,p j washington,P.J. Washington,Dallas Mavericks,-1.0,0.6,-0.5,0.085,-0.042,0.127,227.0,222.0,-5.0,-0.527,-0.291,-0.236,318.0,279.0,-39.0,0.614,0.519,0.096,126.0,142.0,16.0,2.64,5785.0,1.562,1.114,6.198,2.303,1.861,big,3000+
2024-2026,2025.0,1627734,Domantas Sabonis,12162.0,12112.0,0.515,0.818,0.701,1.519,-0.991,0.277,-0.714,0.001,0.888,0.889,0.574,0.862,1.436,1.392,1.563,2.955,0.616,1.471,2.087,0.819,1.589,domantas sabonis,Domantas Sabonis,Sacramento Kings,1.4,-0.3,1.1,1.229,0.615,0.614,53.0,120.0,67.0,0.808,0.936,-0.128,82.0,72.5,-9.5,1.155,-0.305,1.46,62.0,280.0,218.0,3.523,5923.0,3.799,0.474,10.229,7.136,0.626,big,3000+
2024-2026,2025.0,203952,Andrew Wiggins,12172.0,12171.0,0.515,0.433,0.55,0.982,-0.069,0.143,0.074,-0.636,-0.27,-0.906,0.141,-0.181,-0.04,0.574,0.369,0.943,-0.159,0.286,0.127,-0.204,0.28,andrew wiggins,Andrew Wiggins,Miami Heat,-0.8,-0.3,-1.0,0.34,-0.247,0.587,178.0,262.5,84.5,0.216,-0.189,0.405,167.0,249.5,82.5,0.326,-0.305,0.631,172.0,280.0,108.0,1.736,5827.0,1.928,0.989,3.75,2.836,2.218,wing,3000+
2024-2026,2025.0,1628991,Jaren Jackson Jr.,12196.0,12107.0,0.516,-0.024,1.138,1.114,-0.95,-0.201,-1.152,-0.775,1.768,0.993,-0.866,2.139,1.274,-0.89,3.278,2.388,-0.604,2.66,2.056,-0.799,2.906,jaren jackson,Jaren Jackson Jr.,Utah Jazz,-0.2,1.7,1.5,1.215,0.779,0.436,56.0,101.0,45.0,-0.123,0.118,-0.241,235.0,179.5,-55.5,1.988,1.526,0.462,16.0,33.5,17.5,2.615,5783.0,1.357,1.793,5.204,2.465,2.16,big,3000+
2024-2026,2025.0,1630552,Jalen Johnson,12202.0,12186.0,0.516,-0.032,0.011,-0.022,-0.559,0.435,-0.124,-0.26,0.864,0.604,-0.106,0.755,0.649,-0.139,0.765,0.627,-0.21,0.823,0.613,-0.293,0.874,jalen johnson,Jalen Johnson,Atlanta Hawks,1.1,0.8,1.9,0.56,0.943,-0.383,139.0,82.0,-57.0,0.177,0.783,-0.605,177.0,86.5,-90.5,0.702,0.702,-0.0,109.0,106.0,-3.0,1.179,5709.0,1.494,0.719,8.513,5.991,1.482,wing,3000+
2024-2026,2025.0,1629640,Keldon Johnson,12215.0,12172.0,0.516,-0.982,-1.168,-2.151,-0.379,0.018,-0.361,0.068,-0.425,-0.357,-0.318,-1.081,-1.399,-1.301,-2.249,-3.55,-0.692,-1.409,-2.1,-0.914,-1.593,keldon johnson,Keldon Johnson,San Antonio Spurs,0.7,-0.1,0.6,-0.67,0.41,-1.08,349.0,145.5,-203.5,-0.19,0.578,-0.768,253.0,108.0,-145.0,-0.86,-0.122,-0.738,377.0,243.0,-134.0,1.928,5780.0,2.143,0.33,5.257,2.684,1.949,wing,3000+
2024-2026,2025.0,203507,Giannis Antetokounmpo,12224.0,12179.0,0.516,2.935,1.548,4.482,0.707,-0.052,0.655,1.611,0.029,1.64,3.281,0.692,3.973,6.215,2.24,8.455,3.465,1.456,4.921,4.546,1.576,giannis antetokounmpo,Giannis Antetokounmpo,Milwaukee Bucks,7.1,1.1,8.2,2.514,3.53,-1.015,5.0,4.0,-1.0,2.981,3.85,-0.869,7.0,3.0,-4.0,1.145,0.977,0.168,64.0,72.5,8.5,3.106,5903.0,2.689,1.104,9.453,6.739,0.384,big,3000+
2024-2026,2025.0,1630530,Trey Murphy III,12242.0,12227.0,0.517,0.982,-0.264,0.719,-1.584,-0.168,-1.752,-0.666,0.152,-0.514,-0.304,0.049,-0.255,0.678,-0.215,0.464,0.225,-0.07,0.155,0.317,-0.112,trey murphy,Trey Murphy III,New Orleans Pelicans,2.1,-0.6,1.5,0.353,0.779,-0.427,173.0,101.0,-72.0,0.509,1.294,-0.785,123.0,45.0,-78.0,0.077,-0.58,0.656,219.0,338.5,119.5,-0.138,5889.0,0.929,0.556,4.725,3.436,3.307,guard,3000+
2024-2026,2025.0,1631099,Keegan Murray,12289.0,12246.0,0.518,-0.807,0.512,-0.296,0.561,-0.163,0.398,0.089,1.224,1.312,0.162,1.349,1.512,-0.645,1.861,1.216,-0.557,1.596,1.039,-0.719,1.735,keegan murray,Keegan Murray,Sacramento Kings,-0.5,1.0,0.5,0.753,0.369,0.385,100.0,151.0,51.0,-0.087,-0.035,-0.052,225.0,207.5,-17.5,1.243,0.885,0.358,53.0,82.0,29.0,2.379,5992.0,1.712,0.985,4.65,1.658,2.211,big,3000+
2024-2026,2025.0,1630168,Onyeka Okongwu,12315.0,12261.0,0.518,-0.958,0.291,-0.667,-0.154,-0.097,-0.251,0.799,0.696,1.496,0.731,0.554,1.285,-0.227,0.845,0.618,-0.098,0.92,0.821,-0.158,0.988,onyeka okongwu,Onyeka Okongwu,Atlanta Hawks,0.5,0.8,1.3,0.655,0.697,-0.042,116.0,111.0,-5.0,0.263,0.476,-0.213,162.0,119.5,-42.5,0.769,0.702,0.068,104.0,106.0,2.0,4.48,5765.0,3.154,1.293,6.825,2.954,1.343,big,3000+
2024-2026,2025.0,1626220,Royce O'Neale,12345.0,12328.0,0.519,0.48,0.385,0.865,-0.109,-0.02,-0.129,-0.941,0.093,-0.849,-0.221,0.206,-0.014,0.259,0.592,0.85,-0.39,0.458,0.069,-0.462,0.478,royce oneale,Royce O'Neale,Phoenix Suns,-1.2,-0.7,-2.0,0.314,-0.658,0.971,184.0,348.0,164.0,0.04,-0.393,0.434,194.0,296.5,102.5,0.447,-0.671,1.118,153.0,358.0,205.0,0.27,6007.0,1.031,0.653,5.55,3.536,3.278,wing,3000+
2024-2026,2025.0,1641764,Brandin Podziemski,12345.0,12368.0,0.519,0.232,-0.629,-0.398,-0.615,-0.017,-0.632,-0.273,0.978,0.705,0.258,0.872,1.13,0.489,0.243,0.732,-0.048,0.342,0.293,-0.041,0.348,brandin podziemski,Brandin Podziemski,Golden State Warriors,0.1,1.6,1.8,0.415,0.902,-0.487,166.0,85.5,-80.5,0.301,0.271,0.029,159.0,153.5,-5.5,0.365,1.434,-1.069,161.0,39.0,-122.0,0.18,6022.0,1.524,0.251,5.476,4.765,2.14,wing,3000+
2024-2026,2025.0,1641718,Keyonte George,12355.0,12377.0,0.519,1.022,-1.169,-0.148,-0.269,-0.228,-0.497,-0.672,-2.126,-2.798,-0.361,-2.849,-3.21,0.661,-4.019,-3.358,0.262,-2.943,-2.681,0.35,-3.295,keyonte george,Keyonte George,Utah Jazz,1.0,-2.7,-1.7,-0.934,-0.535,-0.399,387.0,320.5,-66.5,0.538,0.732,-0.194,119.0,92.5,-26.5,-1.934,-2.502,0.568,465.0,474.0,9.0,-2.609,5917.0,0.389,0.183,3.644,6.334,2.768,guard,3000+
2024-2026,2025.0,1630581,Josh Giddey,12386.0,12389.0,0.52,0.642,0.138,0.78,0.576,0.08,0.656,0.667,-0.939,-0.272,0.874,-1.06,-0.186,1.515,-0.922,0.594,1.016,-0.695,0.322,1.309,-0.801,josh giddey,Josh Giddey,Chicago Bulls,0.5,-0.6,-0.2,0.428,0.081,0.347,161.0,198.0,37.0,1.113,0.476,0.637,53.0,119.5,66.5,-0.36,-0.58,0.219,298.0,338.5,40.5,-0.12,5859.0,1.874,0.713,7.515,8.498,1.782,wing,3000+
2024-2026,2025.0,1630224,Jalen Green,12543.0,12538.0,0.523,0.102,-0.797,-0.695,0.506,-0.03,0.477,-0.003,-0.48,-0.484,0.004,-0.824,-0.82,0.107,-1.622,-1.515,0.049,-1.126,-1.077,0.099,-1.278,jalen green,Jalen Green,Phoenix Suns,-0.2,-0.2,-0.4,-0.206,-0.001,-0.206,271.0,214.0,-57.0,0.375,0.118,0.257,152.0,179.5,27.5,-0.662,-0.214,-0.449,349.0,264.0,-85.0,-0.736,6127.0,0.599,0.37,4.783,3.901,2.973,guard,3000+
2024-2026,2025.0,201939,Stephen Curry,12604.0,12544.0,0.524,7.036,-0.127,6.909,0.378,0.029,0.408,-0.177,-1.011,-1.188,2.924,-1.032,1.892,9.96,-1.159,8.802,5.23,-1.001,4.228,6.859,-1.138,stephen curry,Stephen Curry,Golden State Warriors,6.2,-1.2,5.0,2.2,2.216,-0.016,8.0,10.5,2.5,4.328,3.39,0.938,2.0,5.5,3.5,-0.575,-1.129,0.554,333.0,418.0,85.0,-2.794,6000.0,0.564,0.45,4.2,6.018,5.148,guard,3000+
2024-2026,2025.0,1628398,Kyle Kuzma,12651.0,12617.0,0.525,-0.378,-0.221,-0.599,-0.52,0.243,-0.276,-1.307,-1.26,-2.566,-1.497,-1.469,-2.966,-1.875,-1.69,-3.565,-1.321,-1.309,-2.63,-1.684,-1.481,kyle kuzma,Kyle Kuzma,Milwaukee Bucks,-2.4,-1.1,-3.5,-0.911,-1.274,0.363,382.0,440.5,58.5,-0.67,-1.007,0.337,349.0,418.0,69.0,-0.791,-1.038,0.247,366.0,405.0,39.0,0.676,6026.0,1.034,0.574,5.819,3.776,1.971,wing,3000+
2024-2026,2025.0,1629675,Naz Reid,12697.0,12702.0,0.526,-0.972,-0.291,-1.263,-0.024,0.029,0.005,0.209,1.314,1.523,0.121,1.32,1.441,-0.85,1.028,0.178,-0.614,0.932,0.319,-0.762,1.022,naz reid,Naz Reid,Minnesota Timberwolves,-0.7,1.3,0.6,0.427,0.41,0.017,164.0,145.5,-18.5,-0.13,-0.138,0.007,238.0,236.5,-1.5,0.778,1.16,-0.381,100.0,60.0,-40.0,2.241,6178.0,1.486,1.299,6.556,2.663,2.949,big,3000+
2024-2026,2025.0,1626167,Myles Turner,12743.0,12724.0,0.527,-0.635,1.654,1.019,-0.185,-0.07,-0.255,0.149,0.4,0.549,0.554,0.887,1.441,-0.08,2.541,2.46,-0.392,1.853,1.461,-0.486,2.054,myles turner,Myles Turner,Milwaukee Bucks,-0.9,0.1,-0.8,0.945,-0.165,1.11,77.0,244.0,167.0,0.039,-0.24,0.279,195.0,264.5,69.5,1.423,0.061,1.362,38.0,210.0,172.0,4.016,6163.0,1.624,2.354,6.449,1.834,2.448,big,3000+
2024-2026,2025.0,203471,Dennis Schröder,12812.0,12829.0,0.528,0.348,-0.363,-0.015,-0.433,-0.07,-0.503,-0.171,-1.167,-1.338,0.036,-1.214,-1.177,0.384,-1.576,-1.192,0.1,-1.354,-1.255,0.177,-1.53,dennis schroder,Dennis Schroder,Cleveland Cavaliers,-1.3,-0.8,-2.1,-0.287,-0.699,0.412,289.0,359.0,70.0,0.414,-0.444,0.858,145.0,308.5,163.5,-0.822,-0.763,-0.059,372.0,372.5,0.5,-2.599,6291.0,0.567,0.229,3.039,7.056,1.946,guard,3000+
2024-2026,2025.0,1629652,Luguentz Dort,12823.0,12822.0,0.528,-0.679,0.379,-0.301,0.064,-0.1,-0.037,0.935,0.331,1.266,1.353,0.404,1.757,0.674,0.783,1.456,0.187,0.646,0.833,0.256,0.71,luguentz dort,Luguentz Dort,Oklahoma City Thunder,-0.6,0.2,-0.4,0.66,-0.001,0.661,111.0,214.0,103.0,0.48,-0.086,0.567,129.0,221.5,92.5,0.578,0.153,0.426,131.0,191.5,60.5,1.019,6173.0,1.277,0.659,3.517,1.825,2.648,wing,3000+
2024-2026,2025.0,1628386,Jarrett Allen,12882.0,12903.0,0.529,-0.35,1.063,0.713,-0.435,-0.065,-0.499,1.629,0.92,2.549,2.04,0.999,3.039,1.691,2.062,3.752,0.969,1.78,2.749,1.279,1.983,jarrett allen,Jarrett Allen,Cleveland Cavaliers,2.4,1.5,3.9,1.529,1.764,-0.235,30.0,24.5,-5.5,1.077,1.447,-0.371,55.0,38.0,-17.0,1.372,1.343,0.029,41.0,45.5,4.5,5.833,6259.0,3.468,1.156,8.524,2.692,0.006,big,3000+
2024-2026,2025.0,1628415,Dillon Brooks,12928.0,12886.0,0.53,-0.37,-0.303,-0.673,0.014,0.048,0.061,-0.001,1.016,1.015,0.064,0.764,0.828,-0.306,0.461,0.155,-0.325,0.644,0.319,-0.371,0.712,dillon brooks,Dillon Brooks,Phoenix Suns,0.0,0.4,0.3,0.427,0.287,0.14,163.0,166.5,3.5,0.09,0.22,-0.131,190.0,163.5,-26.5,0.577,0.336,0.241,132.0,166.5,34.5,0.117,6317.0,0.975,0.199,3.151,1.972,2.542,wing,3000+
2024-2026,2025.0,203468,CJ McCollum,12964.0,12909.0,0.531,2.398,-0.078,2.319,0.266,0.187,0.453,-0.037,-0.642,-0.68,0.917,-0.554,0.362,3.314,-0.633,2.682,1.788,-0.635,1.154,2.36,-0.721,cj mccollum,CJ McCollum,Atlanta Hawks,1.8,-0.3,1.5,0.806,0.779,0.026,92.0,101.0,9.0,1.702,1.141,0.562,28.0,57.5,29.5,-0.318,-0.305,-0.013,294.0,280.0,-14.0,-1.311,6254.0,0.823,0.576,3.494,4.749,3.46,guard,3000+
2024-2026,2025.0,1630170,Devin Vassell,13105.0,13084.0,0.534,0.162,-0.487,-0.325,-0.166,-0.181,-0.346,0.326,-0.293,0.033,0.486,-0.721,-0.235,0.648,-1.207,-0.56,0.351,-0.69,-0.339,0.488,-0.78,devin vassell,Devin Vassell,San Antonio Spurs,0.8,-0.1,0.7,0.128,0.451,-0.322,218.0,139.0,-79.0,0.605,0.629,-0.024,108.0,102.0,-6.0,-0.357,-0.122,-0.235,296.0,243.0,-53.0,-0.706,6275.0,0.574,0.465,3.93,3.597,2.811,guard,3000+
2024-2026,2025.0,202699,Tobias Harris,13168.0,13183.0,0.535,0.603,0.745,1.348,0.708,0.047,0.755,0.967,0.875,1.843,1.527,1.278,2.806,2.131,2.023,4.154,1.179,1.439,2.618,1.571,1.62,tobias harris,Tobias Harris,Detroit Pistons,1.1,1.2,2.3,1.47,1.108,0.362,36.0,66.5,30.5,1.237,0.783,0.454,47.0,86.5,39.5,1.133,1.068,0.065,66.0,65.5,-0.5,1.444,6427.0,1.12,0.723,5.646,3.002,1.479,wing,3000+
2024-2026,2025.0,1628978,Donte DiVincenzo,13176.0,13201.0,0.535,0.456,0.089,0.544,-0.568,-0.175,-0.743,0.43,0.289,0.719,0.891,0.419,1.31,1.346,0.508,1.854,0.633,0.335,0.968,0.886,0.377,donte divincenzo,Donte DiVincenzo,Minnesota Timberwolves,0.6,0.7,1.2,0.721,0.656,0.065,105.0,115.5,10.5,0.82,0.527,0.293,80.0,113.0,33.0,0.361,0.61,-0.25,163.0,125.0,-38.0,-1.106,6465.0,0.902,0.484,3.892,4.199,3.903,guard,3000+
2024-2026,2025.0,1630202,Payton Pritchard,13187.0,13106.0,0.535,1.095,-1.13,-0.035,0.463,0.253,0.717,1.709,0.25,1.958,2.408,-0.01,2.398,3.503,-1.14,2.363,2.117,-0.781,1.336,2.804,-0.881,payton pritchard,Payton Pritchard,Boston Celtics,3.4,-0.3,3.1,0.888,1.436,-0.548,86.0,39.0,-47.0,1.953,1.959,-0.006,20.0,22.5,2.5,-0.421,-0.305,-0.116,307.0,280.0,-27.0,-1.436,6659.0,1.303,0.162,3.476,5.233,3.319,guard,3000+
2024-2026,2025.0,203944,Julius Randle,13275.0,13276.0,0.537,1.931,0.019,1.95,0.09,0.18,0.271,0.496,-0.542,-0.046,1.647,-0.648,0.999,3.579,-0.63,2.949,1.825,-0.467,1.359,2.427,-0.524,julius randle,Julius Randle,Minnesota Timberwolves,1.4,-0.8,0.7,0.899,0.451,0.448,85.0,139.0,54.0,1.73,0.936,0.794,25.0,72.5,47.5,-0.201,-0.763,0.562,270.0,372.5,102.5,0.829,6467.0,2.088,0.256,5.94,5.288,1.631,wing,3000+
2024-2026,2025.0,203501,Tim Hardaway Jr.,13288.0,13310.0,0.537,1.06,-0.969,0.091,0.158,-0.209,-0.051,-0.229,-0.889,-1.118,0.602,-1.352,-0.75,1.662,-2.321,-0.659,0.597,-1.65,-1.052,0.831,-1.858,tim hardaway,Tim Hardaway Jr.,Denver Nuggets,-0.3,-1.4,-1.7,-0.195,-0.535,0.34,268.0,320.5,52.5,0.793,0.067,0.726,86.0,186.5,100.5,-1.029,-1.312,0.283,408.0,441.0,33.0,-0.958,6403.0,0.32,0.129,3.295,2.08,3.39,guard,3000+
2024-2026,2025.0,1641708,Amen Thompson,13378.0,13390.0,0.539,-0.286,0.131,-0.155,-0.094,0.351,0.258,1.014,0.866,1.881,1.198,1.103,2.301,0.912,1.234,2.146,0.516,0.876,1.392,0.728,0.997,amen thompson,Amen Thompson,Houston Rockets,2.1,2.1,4.2,0.913,1.888,-0.974,81.0,17.0,-64.0,0.731,1.294,-0.563,93.0,45.0,-48.0,0.739,1.892,-1.153,106.0,19.5,-86.5,3.325,6566.0,3.153,0.959,5.549,4.649,0.318,big,3000+
2024-2026,2025.0,1628384,OG Anunoby,13396.0,13377.0,0.539,-0.481,0.744,0.263,0.003,-0.072,-0.069,1.133,1.789,2.922,1.521,2.047,3.568,1.04,2.791,3.831,0.447,2.232,2.679,0.652,2.533,og anunoby,OG Anunoby,New York Knicks,0.9,1.5,2.4,1.498,1.149,0.349,34.0,59.5,25.5,0.679,0.68,-0.001,100.0,97.5,-2.5,1.688,1.343,0.345,26.0,45.5,19.5,1.109,6637.0,1.242,0.808,3.732,2.256,2.332,wing,3000+
2024-2026,2025.0,1630217,Desmond Bane,13512.0,13453.0,0.541,1.42,-0.12,1.3,0.263,0.133,0.396,0.537,0.223,0.761,0.928,0.126,1.054,2.349,0.006,2.355,1.486,0.08,1.567,1.957,0.104,desmond bane,Desmond Bane,Orlando Magic,3.1,0.1,3.2,0.993,1.477,-0.484,71.0,36.5,-34.5,1.472,1.805,-0.333,35.0,27.0,-8.0,0.182,0.061,0.121,196.0,210.0,14.0,-0.839,6403.0,1.102,0.489,4.189,5.268,2.631,guard,3000+
2024-2026,2025.0,201572,Brook Lopez,13516.0,13535.0,0.541,0.075,1.788,1.863,0.395,0.172,0.567,-0.919,0.423,-0.496,0.19,1.298,1.488,0.265,3.086,3.351,-0.731,1.939,1.208,-0.845,2.211,brook lopez,Brook Lopez,Los Angeles Clippers,-0.9,0.5,-0.4,0.83,-0.001,0.831,90.0,214.0,124.0,-0.22,-0.24,0.02,260.0,264.5,4.5,1.483,0.427,1.056,36.0,154.0,118.0,3.27,6593.0,1.513,2.315,4.401,2.004,2.19,big,3000+
2024-2026,2025.0,203084,Harrison Barnes,13583.0,13532.0,0.543,0.608,-0.198,0.41,0.437,-0.124,0.314,0.418,-0.245,0.172,0.929,-0.352,0.577,1.537,-0.549,0.987,0.748,-0.404,0.344,1.026,-0.443,harrison barnes,Harrison Barnes,San Antonio Spurs,0.5,-1.3,-0.8,0.438,-0.165,0.603,158.0,244.0,86.0,0.908,0.476,0.432,70.0,119.5,49.5,-0.157,-1.221,1.064,260.0,430.0,170.0,0.32,6598.0,1.233,0.207,2.979,2.09,2.423,wing,3000+
2024-2026,2025.0,1630700,Dyson Daniels,13585.0,13576.0,0.543,-0.4,0.994,0.594,0.802,0.194,0.995,1.802,1.208,3.01,1.549,1.551,3.1,1.15,2.545,3.694,1.07,1.926,2.996,1.403,2.202,dyson daniels,Dyson Daniels,Atlanta Hawks,1.6,2.6,4.1,1.641,1.847,-0.205,27.0,19.0,-8.0,1.154,1.038,0.115,52.0,64.0,12.0,1.474,2.35,-0.876,37.0,9.5,-27.5,1.12,6457.0,2.063,0.619,4.655,5.274,0.803,wing,3000+
2024-2026,2025.0,1629632,Coby White,13601.0,13595.0,0.543,0.487,-0.808,-0.32,0.307,0.223,0.529,1.246,-0.231,1.014,1.541,-0.565,0.976,2.029,-1.373,0.656,1.312,-0.93,0.382,1.733,-1.039,coby white,Coby White,Charlotte Hornets,2.7,-0.7,2.0,0.456,0.984,-0.529,153.0,79.0,-74.0,1.339,1.601,-0.262,39.0,34.0,-5.0,-0.525,-0.671,0.147,327.0,358.0,31.0,-1.883,6578.0,0.471,0.213,3.913,5.117,2.955,guard,3000+
2024-2026,2025.0,1628378,Donovan Mitchell,13605.0,13534.0,0.543,3.216,0.02,3.236,-0.124,-0.052,-0.175,0.793,1.386,2.179,2.094,1.418,3.512,5.31,1.438,6.748,3.072,1.224,4.296,4.009,1.406,donovan mitchell,Donovan Mitchell,Cleveland Cavaliers,4.9,0.4,5.3,2.231,2.339,-0.108,7.0,7.0,0.0,2.682,2.725,-0.044,11.0,9.0,-2.0,0.983,0.336,0.647,79.0,166.5,87.5,-1.926,6515.0,0.845,0.37,4.227,5.995,3.531,guard,3000+
2024-2026,2025.0,1629638,Nickeil Alexander-Walker,13745.0,13738.0,0.545,-0.193,-0.334,-0.527,0.5,0.268,0.768,1.421,0.743,2.164,1.437,0.848,2.285,1.244,0.514,1.758,0.906,0.34,1.246,1.228,0.409,nickeil alexander walker,Nickeil Alexander-Walker,Atlanta Hawks,1.0,0.7,1.6,0.847,0.82,0.027,87.0,94.0,7.0,1.029,0.732,0.297,58.0,92.5,34.5,0.364,0.61,-0.247,162.0,125.0,-37.0,-0.758,6602.0,0.769,0.643,3.048,3.888,2.852,guard,3000+
2024-2026,2025.0,1630578,Alperen Sengun,13821.0,13786.0,0.547,1.176,0.986,2.162,0.433,0.185,0.617,0.507,0.246,0.753,1.09,0.479,1.569,2.266,1.465,3.732,1.244,1.058,2.303,1.684,1.232,alperen sengun,Alperen Sengun,Houston Rockets,1.3,-0.2,1.1,1.327,0.615,0.712,43.0,120.0,77.0,1.287,0.885,0.402,44.0,77.5,33.5,0.867,-0.214,1.08,91.0,264.0,173.0,3.409,6847.0,3.47,0.967,7.124,5.936,0.494,big,3000+
2024-2026,2025.0,1631095,Jabari Smith Jr.,13846.0,13822.0,0.547,-1.029,0.078,-0.951,0.447,-0.255,0.191,0.243,0.519,0.762,0.245,0.646,0.891,-0.784,0.724,-0.06,-0.691,0.5,-0.191,-0.786,0.597,jabari smith,Jabari Smith Jr.,Houston Rockets,0.4,0.8,1.2,0.196,0.656,-0.46,200.0,115.5,-84.5,-0.19,0.425,-0.615,252.0,129.5,-122.5,0.476,0.702,-0.226,147.0,106.0,-41.0,2.923,6841.0,1.852,0.91,6.273,1.705,2.173,big,3000+
2024-2026,2025.0,1630595,Cade Cunningham,13858.0,13853.0,0.548,2.119,-0.263,1.856,1.172,-0.014,1.158,0.73,0.411,1.142,1.155,0.236,1.391,3.274,-0.027,3.247,2.169,0.107,2.276,2.849,0.148,cade cunningham,Cade Cunningham,Detroit Pistons,3.3,0.7,4.0,1.315,1.805,-0.491,45.0,21.5,-23.5,1.993,1.907,0.085,19.0,25.0,6.0,0.2,0.61,-0.41,193.0,125.0,-68.0,-2.581,6699.0,0.779,0.693,4.853,9.329,2.112,guard,3000+
2024-2026,2025.0,1629029,Luka Dončić,13875.0,13823.0,0.548,4.433,-0.36,4.072,-0.6,-0.645,-1.245,1.071,1.129,2.2,3.235,0.91,4.146,7.668,0.55,8.218,4.243,0.65,4.893,5.504,0.769,luka doncic,Luka Doncic,Los Angeles Lakers,7.3,0.7,8.0,2.502,3.448,-0.946,6.0,5.0,-1.0,3.575,3.952,-0.377,4.0,2.0,-2.0,0.581,0.61,-0.03,130.0,125.0,-5.0,-2.312,6683.0,0.754,0.501,7.601,8.613,3.852,guard,3000+
2024-2026,2025.0,1630166,Deni Avdija,13883.0,13904.0,0.548,0.446,-0.436,0.011,0.821,0.173,0.994,1.6,0.266,1.865,1.557,-0.1,1.457,2.003,-0.536,1.467,1.562,-0.173,1.388,2.046,-0.17,deni avdija,Deni Avdija,Portland Trail Blazers,2.8,-0.6,2.2,0.912,1.067,-0.155,83.0,71.5,-11.5,1.529,1.652,-0.123,33.0,31.5,-1.5,0.005,-0.58,0.584,232.0,338.5,106.5,0.624,6621.0,1.457,0.609,6.786,5.486,1.838,wing,3000+
2024-2026,2025.0,1626157,Karl-Anthony Towns,13884.0,13771.0,0.548,1.788,0.728,2.516,0.867,-0.31,0.558,0.939,0.072,1.01,2.046,0.262,2.308,3.833,0.99,4.824,2.054,0.676,2.731,2.726,0.799,karl anthony towns,Karl-Anthony Towns,New York Knicks,3.3,0.1,3.4,1.521,1.559,-0.038,33.0,33.0,0.0,1.905,1.907,-0.002,21.0,25.0,4.0,0.599,0.061,0.538,127.0,210.0,83.0,3.832,6864.0,2.827,0.687,9.362,3.341,2.051,big,3000+
2024-2026,2025.0,202696,Nikola Vučević,13887.0,13893.0,0.548,0.862,0.614,1.477,-0.37,0.165,-0.205,-0.447,-0.442,-0.889,0.116,-0.586,-0.47,0.979,0.028,1.007,0.252,0.126,0.378,0.416,0.172,nikola vucevic,Nikola Vucevic,Boston Celtics,-0.1,-0.4,-0.6,0.454,-0.083,0.537,154.0,230.5,76.5,0.53,0.169,0.361,121.0,171.5,50.5,0.214,-0.397,0.611,192.0,298.5,106.5,3.458,6705.0,2.754,0.821,8.376,3.882,1.723,big,3000+
2024-2026,2025.0,1629008,Michael Porter Jr.,13907.0,13911.0,0.548,0.304,0.019,0.323,-0.02,-0.061,-0.082,0.773,-0.685,0.087,1.406,-0.653,0.753,1.71,-0.633,1.076,0.765,-0.609,0.157,1.076,-0.666,michael porter,Michael Porter Jr.,Brooklyn Nets,3.7,-1.2,2.5,0.353,1.19,-0.836,172.0,54.5,-117.5,0.922,2.112,-1.19,68.0,16.0,-52.0,-0.3,-1.129,0.829,286.0,418.0,132.0,1.611,6852.0,1.644,0.546,6.089,2.338,3.095,wing,3000+
2024-2026,2025.0,1631094,Paolo Banchero,14016.0,14023.0,0.55,1.296,-0.201,1.094,0.724,0.452,1.176,-0.384,-0.702,-1.085,-0.114,-0.869,-0.983,1.182,-1.071,0.111,0.615,-0.819,-0.204,0.912,-0.903,paolo banchero,Paolo Banchero,Orlando Magic,0.8,-0.3,0.5,0.19,0.369,-0.179,204.0,151.0,-53.0,0.807,0.629,0.178,83.0,102.0,19.0,-0.447,-0.305,-0.142,312.0,280.0,-32.0,0.476,6878.0,1.141,0.602,6.726,5.354,1.518,wing,3000+
2024-2026,2025.0,1627759,Jaylen Brown,14116.0,14065.0,0.552,1.484,-0.162,1.322,0.487,-0.1,0.387,0.486,-0.526,-0.04,1.687,-0.622,1.065,3.171,-0.784,2.387,1.439,-0.633,0.805,1.969,-0.688,jaylen brown,Jaylen Brown,Boston Celtics,2.0,-0.5,1.4,0.648,0.738,-0.091,117.0,106.5,-10.5,1.435,1.243,0.193,37.0,49.0,12.0,-0.317,-0.488,0.171,292.0,318.5,26.5,0.104,6944.0,1.281,0.43,5.184,4.661,2.079,wing,3000+
2024-2026,2025.0,1627750,Jamal Murray,14166.0,14129.0,0.553,3.702,-0.161,3.541,0.869,-0.055,0.813,1.367,-1.537,-0.171,3.269,-1.499,1.769,6.97,-1.66,5.31,3.913,-1.515,2.398,5.068,-1.698,jamal murray,Jamal Murray,Denver Nuggets,4.3,-1.9,2.4,1.37,1.149,0.221,42.0,59.5,17.5,3.323,2.419,0.905,5.0,12.0,7.0,-0.935,-1.77,0.835,389.0,467.0,78.0,-2.311,6936.0,0.618,0.524,3.706,6.862,2.834,guard,3000+
2024-2026,2025.0,1628970,Miles Bridges,14233.0,14254.0,0.554,-0.163,-0.12,-0.282,-0.149,0.372,0.223,-0.5,-0.49,-0.991,-0.698,-0.957,-1.655,-0.861,-1.077,-1.937,-0.639,-0.569,-1.208,-0.663,-0.61,miles bridges,Miles Bridges,Charlotte Hornets,0.4,-0.6,-0.3,-0.266,0.04,-0.306,284.0,206.0,-78.0,-0.15,0.425,-0.575,242.0,129.5,-112.5,-0.272,-0.58,0.308,281.0,338.5,57.5,0.794,7001.0,1.121,0.576,6.263,3.728,2.293,wing,3000+
2024-2026,2025.0,2544,LeBron James,14259.0,14280.0,0.555,5.386,1.212,6.598,-0.193,0.143,-0.05,-1.609,-0.322,-1.932,0.949,0.311,1.26,6.336,1.523,7.858,2.862,0.736,3.599,3.777,0.89,lebron james,LeBron James,Los Angeles Lakers,2.1,-0.3,1.8,1.914,0.902,1.012,15.0,85.5,70.5,2.522,1.294,1.228,12.0,45.0,33.0,0.641,-0.305,0.946,118.0,280.0,162.0,-1.475,6943.0,0.913,0.581,6.492,8.275,1.944,guard,3000+
2024-2026,2025.0,1630567,Scottie Barnes,14282.0,14339.0,0.555,0.578,1.022,1.6,0.034,0.484,0.518,-0.242,0.526,0.284,-0.133,0.794,0.661,0.445,1.817,2.261,0.173,1.309,1.482,0.336,1.549,scottie barnes,Scottie Barnes,Toronto Raptors,1.4,2.1,3.5,0.954,1.6,-0.646,74.0,30.5,-43.5,0.47,0.936,-0.467,133.0,72.5,-60.5,1.042,1.892,-0.85,72.0,19.5,-52.5,1.664,6913.0,2.078,1.39,6.233,6.327,1.276,wing,3000+
2024-2026,2025.0,1630183,Jaden McDaniels,14303.0,14290.0,0.555,-1.542,0.8,-0.742,0.187,-0.093,0.094,0.286,0.186,0.472,0.245,0.568,0.813,-1.297,1.367,0.071,-1.083,0.818,-0.265,-1.256,0.986,jaden mcdaniels,Jaden McDaniels,Minnesota Timberwolves,0.0,1.1,1.1,0.162,0.615,-0.453,212.0,120.0,-92.0,-0.489,0.22,-0.709,315.0,163.5,-151.5,0.698,0.977,-0.278,110.0,72.5,-37.5,1.666,7041.0,1.334,0.966,3.799,2.367,1.478,wing,3000+
2024-2026,2025.0,1630559,Austin Reaves,14327.0,14327.0,0.556,2.374,-0.388,1.986,-0.155,0.045,-0.11,0.024,0.219,0.243,1.56,0.101,1.661,3.935,-0.288,3.647,1.795,-0.188,1.607,2.398,-0.169,austin reaves,Austin Reaves,Los Angeles Lakers,3.0,0.4,3.4,1.011,1.559,-0.548,69.0,33.0,-36.0,1.708,1.754,-0.046,27.0,28.0,1.0,-0.006,0.336,-0.342,236.0,166.5,-69.5,-1.636,6938.0,0.784,0.348,3.995,5.972,2.449,guard,3000+
2024-2026,2025.0,1641739,Toumani Camara,14477.0,14489.0,0.558,-0.801,0.351,-0.449,0.693,0.286,0.979,0.579,1.623,2.202,0.158,1.586,1.745,-0.642,1.938,1.295,-0.267,1.666,1.398,-0.222,1.974,toumani camara,Toumani Camara,Portland Trail Blazers,0.4,1.4,1.8,0.916,0.902,0.014,80.0,85.5,5.5,0.134,0.425,-0.291,182.0,129.5,-52.5,1.292,1.251,0.04,46.0,52.5,6.5,2.024,7020.0,2.262,0.605,3.964,2.374,2.113,big,3000+
2024-2026,2025.0,1630178,Tyrese Maxey,14775.0,14743.0,0.563,2.112,-0.394,1.718,-0.198,-0.257,-0.455,0.586,-0.929,-0.344,1.502,-0.91,0.593,3.615,-1.304,2.311,2.027,-1.2,0.828,2.698,-1.324,tyrese maxey,Tyrese Maxey,Philadelphia 76ers,3.8,0.1,4.0,0.658,1.805,-1.148,115.0,21.5,-93.5,1.885,2.163,-0.278,24.0,14.0,-10.0,-0.714,0.061,-0.775,356.0,210.0,-146.0,-2.307,7250.0,0.372,0.541,3.213,6.013,2.945,guard,3000+
2024-2026,2025.0,203497,Rudy Gobert,14826.0,14857.0,0.564,-0.611,2.022,1.411,-0.782,-0.112,-0.894,-0.142,2.557,2.415,0.055,3.712,3.768,-0.556,5.735,5.179,-0.723,3.888,3.165,-0.754,4.579,rudy gobert,Rudy Gobert,Minnesota Timberwolves,-0.3,3.0,2.7,1.718,1.272,0.446,23.0,47.5,24.5,-0.214,0.067,-0.281,258.0,186.5,-71.5,2.847,2.716,0.131,3.0,5.0,2.0,7.816,7358.0,4.154,1.908,8.758,1.747,0.0,big,3000+
2024-2026,2025.0,1628368,De'Aaron Fox,14913.0,14888.0,0.566,1.788,-0.026,1.762,0.481,0.041,0.522,1.28,1.168,2.448,2.095,1.108,3.203,3.883,1.082,4.965,2.337,0.92,3.257,3.068,1.142,deaaron fox,De'Aaron Fox,San Antonio Spurs,2.9,0.7,3.6,1.759,1.641,0.118,20.0,28.5,8.5,2.121,1.703,0.418,18.0,29.5,11.5,0.77,0.61,0.159,103.0,125.0,22.0,-1.772,7133.0,0.823,0.379,3.76,6.334,2.337,guard,3000+
2024-2026,2025.0,1627783,Pascal Siakam,15106.0,15112.0,0.569,1.527,0.188,1.716,0.11,0.152,0.261,0.326,0.713,1.039,1.026,0.635,1.661,2.553,0.823,3.377,1.369,0.703,2.072,1.853,0.901,pascal siakam,Pascal Siakam,Indiana Pacers,2.5,0.7,3.2,1.222,1.477,-0.255,55.0,36.5,-18.5,1.382,1.498,-0.116,38.0,36.0,-2.0,0.618,0.61,0.007,124.0,125.0,1.0,1.251,7271.0,1.787,0.456,5.719,4.164,1.565,wing,3000+
2024-2026,2025.0,1626164,Devin Booker,15149.0,15109.0,0.569,3.06,-0.756,2.304,0.403,0.118,0.521,0.322,0.318,0.64,2.067,0.009,2.076,5.127,-0.747,4.38,2.557,-0.448,2.109,3.383,-0.438,devin booker,Devin Booker,Phoenix Suns,5.2,-0.1,5.0,1.239,2.216,-0.977,51.0,10.5,-40.5,2.289,2.879,-0.59,15.0,8.0,-7.0,-0.188,-0.122,-0.066,264.0,243.0,-21.0,-2.095,7388.0,0.877,0.302,3.318,6.759,2.227,guard,3000+
2024-2026,2025.0,1628389,Bam Adebayo,15164.0,15160.0,0.57,0.518,0.491,1.01,-0.492,0.816,0.324,-0.285,2.535,2.25,0.226,2.278,2.504,0.745,2.769,3.514,0.048,2.521,2.57,0.233,3.026,bam adebayo,Bam Adebayo,Miami Heat,1.5,2.0,3.5,1.448,1.6,-0.152,37.0,30.5,-6.5,0.374,0.987,-0.613,153.0,67.5,-85.5,1.891,1.801,0.09,20.0,23.0,3.0,3.218,7457.0,2.38,0.811,8.328,4.089,1.067,big,3000+
2024-2026,2025.0,1628404,Josh Hart,15187.0,15178.0,0.57,0.113,0.274,0.387,0.447,-0.349,0.098,0.679,0.459,1.138,1.336,0.471,1.806,1.449,0.745,2.194,0.476,0.554,1.03,0.792,0.733,josh hart,Josh Hart,New York Knicks,0.3,0.4,0.7,0.75,0.451,0.299,102.0,139.0,37.0,0.701,0.374,0.327,96.0,138.0,42.0,0.514,0.336,0.178,143.0,166.5,23.5,1.174,7598.0,1.81,0.317,7.183,5.217,1.251,wing,3000+
2024-2026,2025.0,1628401,Derrick White,15236.0,15172.0,0.571,1.279,0.568,1.848,0.894,0.323,1.217,1.023,1.648,2.671,2.22,1.812,4.032,3.499,2.381,5.88,1.683,1.822,3.505,2.302,2.216,derrick white,Derrick White,Boston Celtics,2.3,2.3,4.6,1.872,2.052,-0.18,18.0,13.5,-4.5,1.621,1.396,0.225,30.0,40.5,10.5,1.401,2.075,-0.674,39.0,14.0,-25.0,-0.662,7574.0,0.97,1.26,3.736,5.476,3.185,guard,3000+
2024-2026,2025.0,1628973,Jalen Brunson,15325.0,15242.0,0.572,3.274,-0.745,2.529,0.367,-0.357,0.009,1.214,-0.257,0.957,2.515,-0.67,1.845,5.789,-1.415,4.374,3.435,-0.936,2.499,4.488,-1.002,jalen brunson,Jalen Brunson,New York Knicks,4.5,-1.3,3.2,1.416,1.477,-0.061,38.0,36.5,-1.5,2.959,2.521,0.438,8.0,10.5,2.5,-0.529,-1.221,0.691,329.0,430.0,101.0,-3.109,7625.0,0.477,0.137,2.885,7.068,2.634,guard,3000+
2024-2026,2025.0,201935,James Harden,15551.0,15526.0,0.576,4.77,0.732,5.503,0.066,-0.908,-0.842,-0.379,-1.285,-1.663,2.061,-0.535,1.526,6.831,0.198,7.029,3.351,-0.559,2.792,4.392,-0.553,james harden,James Harden,Cleveland Cavaliers,3.6,-1.4,2.2,1.549,1.067,0.482,29.0,71.5,42.5,2.894,2.061,0.833,9.0,18.5,9.5,-0.265,-1.312,1.047,279.0,441.0,162.0,-2.827,7702.0,0.603,0.654,4.824,8.684,2.973,guard,3000+
2024-2026,2025.0,1628983,Shai Gilgeous-Alexander,15651.0,15606.0,0.577,4.113,0.378,4.49,0.682,0.322,1.004,2.36,1.439,3.799,3.926,1.76,5.686,8.039,2.137,10.176,5.085,1.453,6.538,6.472,1.817,shai gilgeous alexander,Shai Gilgeous-Alexander,Oklahoma City Thunder,6.7,2.1,8.7,3.248,3.735,-0.487,2.0,2.0,0.0,4.217,3.646,0.572,3.0,4.0,1.0,1.143,1.892,-0.749,65.0,19.5,-45.5,-1.01,7411.0,0.826,0.952,4.45,6.796,1.812,guard,3000+
2024-2026,2025.0,203999,Nikola Jokić,15777.0,15711.0,0.579,4.63,1.643,6.273,1.374,0.168,1.542,2.646,0.211,2.857,5.029,0.702,5.731,9.659,2.345,12.003,5.724,1.476,7.2,7.276,1.854,nikola jokic,Nikola Jokic,Denver Nuggets,8.5,1.6,10.1,3.548,4.31,-0.762,1.0,1.0,0.0,4.705,4.566,0.139,1.0,1.0,0.0,1.159,1.434,-0.275,61.0,39.0,-22.0,1.017,7577.0,2.922,0.789,9.925,10.077,1.582,wing,3000+
2024-2026,2025.0,1630162,Anthony Edwards,15912.0,15918.0,0.581,2.403,-0.264,2.139,0.506,-0.24,0.266,0.752,-0.788,-0.036,1.718,-0.711,1.008,4.122,-0.975,3.147,2.376,-0.993,1.383,3.155,-1.052,anthony edwards,Anthony Edwards,Minnesota Timberwolves,2.7,-0.3,2.4,0.91,1.149,-0.239,84.0,59.5,-24.5,2.151,1.601,0.55,17.0,34.0,17.0,-0.569,-0.305,-0.264,331.0,280.0,-51.0,-0.834,7777.0,0.69,0.657,4.782,4.583,3.31,guard,3000+
2024-2026,2025.0,201142,Kevin Durant,16111.0,16110.0,0.585,4.569,0.875,5.444,1.412,0.036,1.447,-0.389,-0.951,-1.339,2.055,-0.356,1.699,6.625,0.519,7.143,3.178,-0.175,3.003,4.181,-0.076,kevin durant,Kevin Durant,Houston Rockets,3.4,-0.5,2.9,1.644,1.354,0.29,26.0,41.5,15.5,2.762,1.959,0.804,10.0,22.5,12.5,0.004,-0.488,0.492,233.0,318.5,85.5,-0.051,7899.0,0.479,1.089,5.423,4.617,2.343,wing,3000+
2024-2026,2025.0,201942,DeMar DeRozan,16596.0,16579.0,0.592,2.57,0.117,2.687,-0.359,-0.348,-0.707,-0.497,-1.297,-1.794,0.789,-1.142,-0.353,3.358,-1.025,2.334,1.467,-1.119,0.348,2.073,-1.18,demar derozan,DeMar DeRozan,Sacramento Kings,1.0,-2.3,-1.2,0.44,-0.329,0.77,156.0,280.0,124.0,1.457,0.732,0.726,36.0,92.5,56.5,-0.657,-2.136,1.479,347.0,471.0,124.0,-0.762,8173.0,0.564,0.44,3.242,4.753,0.907,guard,3000+
2024-2026,2025.0,1628969,Mikal Bridges,17319.0,17331.0,0.602,0.468,-0.258,0.209,-0.038,0.177,0.139,0.124,1.076,1.2,0.732,0.832,1.564,1.199,0.574,1.773,0.214,0.516,0.73,0.592,0.818,mikal bridges,Mikal Bridges,New York Knicks,1.5,0.7,2.3,0.613,1.108,-0.494,125.0,66.5,-58.5,0.501,0.987,-0.487,124.0,67.5,-56.5,0.487,0.61,-0.123,144.0,125.0,-19.0,-0.419,8589.0,0.914,0.566,3.039,3.81,2.263,guard,3000+
