held_out,side,miss,poss,rows,names
1998,D,-23.81576863028191,216.0,54,"Jeff Hornacek, Karl Malone, John Stockton, Greg Ostertag, Bryon Russell"
1998,O,18.337123034120992,248.0,75,"Nick Van Exel, Robert Horry, Eddie Jones, Shaquille O'Neal, Kobe Bryant"
1998,O,16.51363559289438,203.0,64,"Jeff Hornacek, Karl Malone, John Stockton, Bryon Russell, Shandon Anderson"
1998,O,-15.473753035840263,268.0,46,"Patrick Ewing, Chris Mills, Allan Houston, Charlie Ward, Charles Oakley"
1998,O,15.42666134857257,378.0,52,"Michael Smith, Lee Mayberry, Bryant Reeves, Blue Edwards, Shareef Abdur-Rahim"
1998,O,14.591514369693282,203.0,35,"Brian Grant, Isaiah Rider, Arvydas Sabonis, Rasheed Wallace, Damon Stoudamire"
1998,O,-14.360697412853854,231.0,30,"Billy Owens, Corliss Williamson, Otis Thorpe, Tariq Abdul-Wahad, Anthony Johnson"
1998,O,-14.2740375537992,243.0,41,"Bison Dele, Joe Dumars, Grant Hill, Lindsey Hunter, Theo Ratliff"
1998,O,14.027773340511368,236.0,68,"LaPhonso Ellis, Johnny Newman, Cory Alexander, Anthony Goldwire, Dean Garrett"
1998,D,-13.584612718225547,229.0,79,"Dana Barros, Antoine Walker, Walter McCarty, Travis Knight, Ron Mercer"
1998,O,13.482589370484892,404.0,116,"Kendall Gill, Jayson Williams, Sherman Douglas, Kerry Kittles, Keith Van Horn"
1998,O,13.327980334250222,266.0,92,"Jeff Hornacek, Adam Keefe, Karl Malone, Howard Eisley, Greg Ostertag"
1998,O,13.080998614889154,229.0,32,"Avery Johnson, David Robinson, Will Perdue, Jaren Jackson, Tim Duncan"
1998,D,12.914433608105842,645.0,135,"Nick Van Exel, Robert Horry, Eddie Jones, Rick Fox, Shaquille O'Neal"
1998,D,12.903021794165237,267.0,44,"Patrick Ewing, Chris Mills, Allan Houston, Charlie Ward, Charles Oakley"
1998,D,12.39497482160222,201.0,25,"Cedric Ceballos, Clifford Robinson, Rex Chapman, Jason Kidd, Antonio McDyess"
1998,O,-12.272656615859724,205.0,28,"Cedric Ceballos, Clifford Robinson, Rex Chapman, Jason Kidd, Antonio McDyess"
1998,D,11.99138915912166,309.0,83,"Shawn Kemp, Wesley Person, Zydrunas Ilgauskas, Derek Anderson, Cedric Henderson"
1998,D,-11.419957458100383,372.0,73,"Clyde Drexler, Mario Elie, Hakeem Olajuwon, Charles Barkley, Matt Maloney"
1998,D,11.289119746334462,202.0,72,"Terrell Brandon, Tyrone Hill, Armen Gilliam, Glenn Robinson, Ray Allen"
1998,D,-11.147143953773128,223.0,37,"Michael Smith, Lee Mayberry, Tony Massenburg, Blue Edwards, Shareef Abdur-Rahim"
1998,O,10.975026769037028,229.0,47,"Grant Long, Bison Dele, Joe Dumars, Grant Hill, Jerry Stackhouse"
1998,D,10.898267145355163,388.0,67,"Kenny Anderson, Brian Grant, Isaiah Rider, Arvydas Sabonis, Rasheed Wallace"
1998,O,-10.600035679840367,243.0,104,"Jalen Rose, Antonio Davis, Derrick McKey, Reggie Miller, Travis Best"
1998,D,10.5032435071586,258.0,42,"Gary Payton, Detlef Schrempf, Vin Baker, Hersey Hawkins, Aaron Williams"
1998,D,10.491114909687282,310.0,80,"Antoine Walker, Walter McCarty, Travis Knight, Chauncey Billups, Ron Mercer"
1998,O,10.484034471951043,353.0,89,"Sam Cassell, Michael Cage, Kendall Gill, Kerry Kittles, Keith Van Horn"
1998,D,-10.457086831906418,334.0,73,"Terrell Brandon, Armen Gilliam, Michael Curry, Ervin Johnson, Ray Allen"
1998,O,10.298697195808314,545.0,85,"Mark Bryant, Clifford Robinson, Rex Chapman, Jason Kidd, Antonio McDyess"
1998,O,10.285894975833738,251.0,86,"Terry Porter, Sam Mitchell, Cherokee Parks, Kevin Garnett, Stephon Marbury"
1998,D,9.960352544419447,475.0,130,"Avery Johnson, Chuck Person, David Robinson, Jaren Jackson, Tim Duncan"
1998,D,-9.896369540647104,344.0,68,"Dennis Scott, Khalid Reeves, Michael Finley, Shawn Bradley, A.C. Green"
1998,D,-9.801748591524564,605.0,138,"Jeff Hornacek, Adam Keefe, Karl Malone, Greg Foster, Howard Eisley"
1998,D,9.782327026719694,299.0,88,"Vlade Divac, David Wesley, Anthony Mason, Dell Curry, Glen Rice"
1998,D,9.680011467933683,509.0,105,"Sean Elliott, Avery Johnson, David Robinson, Jaren Jackson, Tim Duncan"
1998,D,9.67074497773252,462.0,63,"Patrick Ewing, Allan Houston, Charlie Ward, Charles Oakley, Larry Johnson"
1998,O,-9.433892479998534,365.0,72,"Hubert Davis, Khalid Reeves, Michael Finley, Shawn Bradley, A.C. Green"
1998,O,9.430508785450538,480.0,74,"Dennis Rodman, Ron Harper, Toni Kukoc, Michael Jordan, Scottie Pippen"
1998,D,-9.326933815429001,215.0,38,"Kevin Johnson, Clifford Robinson, Rex Chapman, Jason Kidd, Antonio McDyess"
1998,D,-9.263202830702799,202.0,35,"Luc Longley, Ron Harper, Toni Kukoc, Michael Jordan, Scottie Pippen"
1998,O,9.244745366060808,428.0,62,"Eric Piatkowski, Darrick Martin, Lamond Murray, Rodney Rogers, Ike Austin"
1998,O,9.193726324157547,846.0,160,"Robert Horry, Eddie Jones, Rick Fox, Shaquille O'Neal, Derek Fisher"
1998,O,-8.914433058682414,324.0,82,"Antoine Walker, Walter McCarty, Travis Knight, Chauncey Billups, Ron Mercer"
1998,D,-8.803431316583001,294.0,77,"Tracy Murray, Chris Webber, Calbert Cheaney, Rod Strickland, Terry Davis"
1998,D,8.767942365949855,291.0,72,"Andrew DeClercq, Antoine Walker, Walter McCarty, Chauncey Billups, Ron Mercer"
1998,O,8.548538400877579,336.0,49,"Michael Smith, Lee Mayberry, Sam Mack, Bryant Reeves, Shareef Abdur-Rahim"
1998,D,-8.272157019369969,224.0,53,"Terry Porter, Sam Mitchell, Kevin Garnett, Stanley Roberts, Stephon Marbury"
1998,D,-8.231663948340536,348.0,59,"Billy Owens, Corliss Williamson, Mitch Richmond, Otis Thorpe, Anthony Johnson"
1998,O,8.21758177241288,328.0,98,"Nick Anderson, Derek Harper, Horace Grant, Derek Strong, Bo Outlaw"
1998,O,8.069967691846966,288.0,69,"Hubert Davis, Michael Finley, Shawn Bradley, A.C. Green, Erick Strickland"
1998,D,-8.048853853949062,329.0,76,"Vinny Del Negro, Avery Johnson, Chuck Person, David Robinson, Tim Duncan"
1998,D,7.928346123079639,201.0,36,"Brian Grant, Isaiah Rider, Arvydas Sabonis, Rasheed Wallace, Damon Stoudamire"
1998,O,7.837664797789853,215.0,28,"Antoine Carr, Jeff Hornacek, Adam Keefe, Karl Malone, John Stockton"
1998,O,-7.683406057913533,513.0,107,"Sean Elliott, Avery Johnson, David Robinson, Jaren Jackson, Tim Duncan"
1998,D,7.664432504410391,636.0,94,"Clyde Drexler, Mario Elie, Hakeem Olajuwon, Kevin Willis, Matt Maloney"
1998,D,7.558895064861976,368.0,102,"Shawn Kemp, Wesley Person, Zydrunas Ilgauskas, Derek Anderson, Brevin Knight"
1998,O,7.526190379558282,225.0,37,"Michael Smith, Lee Mayberry, Tony Massenburg, Blue Edwards, Shareef Abdur-Rahim"
1998,D,-7.492346676987287,1014.0,177,"David Wesley, Bobby Phills, Anthony Mason, Matt Geiger, Glen Rice"
1998,D,-7.453762874412673,252.0,77,"Nick Van Exel, Robert Horry, Eddie Jones, Shaquille O'Neal, Kobe Bryant"
1998,O,-7.397019566452719,341.0,73,"Kenny Anderson, Isaiah Rider, Arvydas Sabonis, Gary Trent, Rasheed Wallace"
1998,D,7.386728372918452,425.0,61,"Jeff Hornacek, Adam Keefe, Karl Malone, John Stockton, Greg Ostertag"
1998,D,-7.3335455915791,391.0,67,"Terrell Brandon, Armen Gilliam, Glenn Robinson, Ervin Johnson, Ray Allen"
1998,O,7.316450638528438,395.0,71,"Kenny Anderson, Brian Grant, Isaiah Rider, Arvydas Sabonis, Rasheed Wallace"
1998,O,7.289134507604065,490.0,134,"Avery Johnson, Chuck Person, David Robinson, Jaren Jackson, Tim Duncan"
1998,O,-7.267031774364409,434.0,132,"Jalen Rose, Antonio Davis, Derrick McKey, Travis Best, Fred Hoiberg"
1998,D,-7.2487049184834484,385.0,54,"Michael Smith, Lee Mayberry, Bryant Reeves, Blue Edwards, Shareef Abdur-Rahim"
1998,D,-7.096049558990893,552.0,177,"Tracy Murray, Chris Webber, Calbert Cheaney, Rod Strickland, Juwan Howard"
1998,O,-7.032208722797191,346.0,62,"Latrell Sprewell, Joe Smith, Bimbo Coles, Donyell Marshall, Erick Dampier"
1998,D,6.984915057524652,1938.0,308,"Rik Smits, Mark Jackson, Reggie Miller, Chris Mullin, Dale Davis"
1998,D,-6.801842135637536,250.0,85,"Terry Porter, Sam Mitchell, Cherokee Parks, Kevin Garnett, Stephon Marbury"
1998,O,6.787907041646456,616.0,196,"Gary Payton, Sam Perkins, Detlef Schrempf, Vin Baker, Hersey Hawkins"
1998,D,6.757960753829189,284.0,85,"Rik Smits, Antonio Davis, Mark Jackson, Reggie Miller, Chris Mullin"
1998,O,6.619862830417096,502.0,86,"Dan Schayes, Nick Anderson, Derek Harper, Horace Grant, Bo Outlaw"
1998,O,6.609383449814058,242.0,76,"Lee Mayberry, George Lynch, Pete Chilcutt, Bryant Reeves, Blue Edwards"
1998,O,6.396531367180083,258.0,42,"Gary Payton, Detlef Schrempf, Vin Baker, Hersey Hawkins, Aaron Williams"
1998,O,-6.272514361212166,204.0,48,"Eric Piatkowski, Darrick Martin, Lamond Murray, Lorenzen Wright, Maurice Taylor"
1998,D,-6.2051826828103955,1772.0,260,"Jim McIlvaine, Gary Payton, Detlef Schrempf, Vin Baker, Hersey Hawkins"
1998,O,-6.1788357479294795,235.0,82,"Dana Barros, Antoine Walker, Walter McCarty, Travis Knight, Ron Mercer"
1998,D,-6.103031133182336,344.0,59,"Latrell Sprewell, Joe Smith, Bimbo Coles, Donyell Marshall, Erick Dampier"
1998,O,-6.045880794659268,658.0,137,"Nick Van Exel, Robert Horry, Eddie Jones, Rick Fox, Shaquille O'Neal"
1998,D,6.013090107876211,201.0,51,"Eric Piatkowski, Darrick Martin, Lamond Murray, Lorenzen Wright, Maurice Taylor"
1998,O,-5.9864322220882515,224.0,57,"Jeff Hornacek, Karl Malone, Howard Eisley, Greg Ostertag, Bryon Russell"
1998,O,-5.926154061504569,784.0,127,"Brian Shaw, Joe Smith, Bimbo Coles, Donyell Marshall, Erick Dampier"
1998,D,5.887115218258759,1108.0,204,"Chris Webber, Calbert Cheaney, Rod Strickland, Terry Davis, Juwan Howard"
1998,D,-5.845160712360498,426.0,60,"Eric Piatkowski, Darrick Martin, Lamond Murray, Rodney Rogers, Ike Austin"
1998,D,5.758477881667573,219.0,54,"Jeff Hornacek, Karl Malone, Howard Eisley, Greg Ostertag, Bryon Russell"
1998,O,-5.745934939987506,292.0,43,"Clar. Weatherspoon, Eric Montross, Jerry Stackhouse, Jim Jackson, Allen Iverson"
1998,O,-5.7260547636595,207.0,53,"Terrell Brandon, Tyrone Hill, Michael Curry, Ervin Johnson, Ray Allen"
1998,D,-5.579644563196367,425.0,93,"Anthony Peeler, Sam Mitchell, Cherokee Parks, Kevin Garnett, Stephon Marbury"
1998,O,5.572858600227519,238.0,44,"Anthony Peeler, Sam Mitchell, Kevin Garnett, Stanley Roberts, Stephon Marbury"
1998,D,5.537511810841265,455.0,77,"Terry Dehere, Olden Polynice, Billy Owens, Corliss Williamson, Mitch Richmond"
1998,D,-5.508273000597755,218.0,54,"Dikembe Mutombo, Steven Smith, Alan Henderson, Eldridge Recasner, Tyrone Corbin"
1998,D,-5.496502504452128,253.0,46,"Monty Williams, Sean Elliott, Avery Johnson, David Robinson, Tim Duncan"
1998,D,-5.440883192509118,402.0,54,"Darrick Martin, Lamond Murray, Brent Barry, Rodney Rogers, Stojko Vrankovic"
1998,O,-5.414493426497272,441.0,87,"Theo Ratliff, Jim Jackson, Derrick Coleman, Allen Iverson, Tim Thomas"
1998,O,5.31416793595085,306.0,56,"P.J. Brown, Keith Askins, Alonzo Mourning, Voshon Lenard, Tim Hardaway"
1998,O,-5.162018322955967,205.0,34,"Luc Longley, Ron Harper, Toni Kukoc, Michael Jordan, Scottie Pippen"
1998,D,5.1443033848995725,221.0,68,"Tracy Murray, Calbert Cheaney, Rod Strickland, Terry Davis, Juwan Howard"
1998,D,5.03377555188411,424.0,75,"Aaron McKie, Theo Ratliff, Derrick Coleman, Allen Iverson, Tim Thomas"
1998,D,5.032266984669426,242.0,102,"Jalen Rose, Antonio Davis, Derrick McKey, Reggie Miller, Travis Best"
1998,D,-5.0134618525979935,225.0,46,"Grant Long, Bison Dele, Joe Dumars, Grant Hill, Jerry Stackhouse"
1998,D,5.013136911230219,1819.0,325,"Shawn Kemp, Wesley Person, Zydrunas Ilgauskas, Brevin Knight, Cedric Henderson"
1998,D,5.006760604347907,352.0,90,"Sam Cassell, Michael Cage, Kendall Gill, Kerry Kittles, Keith Van Horn"
1998,O,4.989383821996612,274.0,84,"Rik Smits, Antonio Davis, Mark Jackson, Reggie Miller, Chris Mullin"
1998,D,4.977617224088822,1023.0,215,"Dikembe Mutombo, Steven Smith, Mookie Blaylock, Alan Henderson, Tyrone Corbin"
1998,O,-4.974580295835503,209.0,72,"Nick Van Exel, Robert Horry, Eddie Jones, Elden Campbell, Kobe Bryant"
1998,O,-4.94814392277459,223.0,55,"Doug Christie, Damon Stoudamire, Oliver Miller, Marcus Camby, Walt Williams"
1998,O,4.896822792613715,305.0,81,"Tracy Murray, Chris Webber, Calbert Cheaney, Rod Strickland, Terry Davis"
1998,O,4.879936462271796,622.0,110,"P.J. Brown, Alonzo Mourning, Jamal Mashburn, Voshon Lenard, Tim Hardaway"
1998,O,-4.842137549497164,215.0,37,"Kevin Johnson, Clifford Robinson, Rex Chapman, Jason Kidd, Antonio McDyess"
1998,D,4.8331614059082915,210.0,29,"Antoine Carr, Jeff Hornacek, Adam Keefe, Karl Malone, John Stockton"
1998,O,-4.816908243454186,459.0,74,"Armen Gilliam, Elliot Perry, Michael Curry, Ervin Johnson, Ray Allen"
1998,O,4.76879824246787,435.0,63,"Chris Dudley, Allan Houston, Charlie Ward, Charles Oakley, Larry Johnson"
1998,D,-4.753027947939041,211.0,75,"Steven Smith, Mookie Blaylock, Christian Laettner, Alan Henderson, Tyrone Corbin"
1998,D,-4.660429624103529,485.0,75,"Dennis Rodman, Luc Longley, Ron Harper, Michael Jordan, Scottie Pippen"
1998,O,-4.658539110907182,319.0,86,"Shawn Kemp, Wesley Person, Zydrunas Ilgauskas, Derek Anderson, Cedric Henderson"
1998,O,4.5989481853341365,1019.0,203,"Dikembe Mutombo, Steven Smith, Mookie Blaylock, Alan Henderson, Tyrone Corbin"
1998,O,-4.575607833859111,922.0,154,"Terrell Brandon, Tyrone Hill, Glenn Robinson, Ervin Johnson, Ray Allen"
1998,O,4.532435348576188,1333.0,298,"Sam Cassell, Kendall Gill, Jayson Williams, Kerry Kittles, Keith Van Horn"
1998,D,4.432512242753785,314.0,51,"Vinny Del Negro, Sean Elliott, Avery Johnson, David Robinson, Tim Duncan"
1998,D,4.350497794430505,642.0,145,"Antonio Davis, Mark Jackson, Reggie Miller, Chris Mullin, Dale Davis"
1998,D,4.258129604922766,337.0,71,"Kenny Anderson, Isaiah Rider, Arvydas Sabonis, Gary Trent, Rasheed Wallace"
1998,D,-4.254450434770929,376.0,59,"Hot Williams, Clifford Robinson, Rex Chapman, Jason Kidd, Antonio McDyess"
1998,D,4.228570824705356,302.0,57,"P.J. Brown, Keith Askins, Alonzo Mourning, Voshon Lenard, Tim Hardaway"
1998,O,-4.0273784012452705,1032.0,153,"Sam Mack, Bryant Reeves, Otis Thorpe, Shareef Abdur-Rahim, Antonio Daniels"
1998,D,4.017006924391379,383.0,76,"Derek Harper, Horace Grant, Darrell Armstrong, Bo Outlaw, Rony Seikaly"
1998,O,4.009751202001869,454.0,139,"Gary Payton, Detlef Schrempf, Dale Ellis, Vin Baker, Hersey Hawkins"
1998,D,3.978685900820177,620.0,204,"Gary Payton, Sam Perkins, Detlef Schrempf, Vin Baker, Hersey Hawkins"
1998,D,3.928787591478647,1309.0,294,"Sam Cassell, Kendall Gill, Jayson Williams, Kerry Kittles, Keith Van Horn"
1998,D,-3.8754931996055446,204.0,28,"Sam Mack, Bryant Reeves, Tony Massenburg, Shareef Abdur-Rahim, Antonio Daniels"
1998,O,-3.864228208302208,300.0,89,"Vlade Divac, David Wesley, Anthony Mason, Dell Curry, Glen Rice"
1998,D,-3.838996890925076,300.0,70,"Hubert Davis, Michael Finley, Shawn Bradley, A.C. Green, Erick Strickland"
1998,O,3.8301917407763253,1768.0,253,"Jim McIlvaine, Gary Payton, Detlef Schrempf, Vin Baker, Hersey Hawkins"
1998,D,-3.8141031311048597,291.0,43,"Clar. Weatherspoon, Eric Montross, Jerry Stackhouse, Jim Jackson, Allen Iverson"
1998,D,-3.778821996461095,231.0,31,"Billy Owens, Corliss Williamson, Otis Thorpe, Tariq Abdul-Wahad, Anthony Johnson"
1998,D,-3.757883526108567,355.0,79,"Dikembe Mutombo, Steven Smith, Christian Laettner, Eldridge Recasner, Tyrone Corbin"
1998,D,-3.727761388384261,679.0,124,"Clyde Drexler, Mario Elie, Charles Barkley, Kevin Willis, Matt Maloney"
1998,D,-3.7210249259425856,232.0,42,"Tracy Murray, Calbert Cheaney, Rod Strickland, Terry Davis, Ben Wallace"
1998,O,3.6829041405241068,630.0,145,"Antonio Davis, Mark Jackson, Reggie Miller, Chris Mullin, Dale Davis"
1998,D,-3.629571311511492,202.0,44,"Monty Williams, Vinny Del Negro, Avery Johnson, David Robinson, Tim Duncan"
1998,O,3.5194726898653332,485.0,71,"Dennis Rodman, Luc Longley, Ron Harper, Michael Jordan, Scottie Pippen"
1998,O,-3.508576030956172,254.0,66,"Danny Manning, Clifford Robinson, Rex Chapman, Jason Kidd, Antonio McDyess"
1998,O,3.504338686497255,1968.0,317,"Rik Smits, Mark Jackson, Reggie Miller, Chris Mullin, Dale Davis"
1998,O,3.48692624992479,210.0,30,"Doug Christie, Zan Tabak, Damon Stoudamire, Oliver Miller, Marcus Camby"
1998,O,3.4753898685114186,211.0,51,"Jeff Hornacek, Karl Malone, John Stockton, Greg Ostertag, Bryon Russell"
1998,D,3.438502774510268,248.0,42,"Bison Dele, Joe Dumars, Grant Hill, Lindsey Hunter, Theo Ratliff"
1998,O,3.4338359030146246,215.0,54,"Dikembe Mutombo, Steven Smith, Alan Henderson, Eldridge Recasner, Tyrone Corbin"
1998,D,3.4150072428861096,331.0,95,"Nick Anderson, Derek Harper, Horace Grant, Derek Strong, Bo Outlaw"
1998,O,-3.4053736889167423,205.0,45,"Bison Dele, Grant Hill, Lindsey Hunter, Theo Ratliff, Malik Sealy"
1998,O,3.334018616402248,744.0,114,"Jeff Hornacek, Adam Keefe, Karl Malone, John Stockton, Greg Foster"
1998,D,3.307599039155846,946.0,169,"Billy Owens, Corliss Williamson, Mitch Richmond, Anthony Johnson, Michael Stewart"
1998,O,3.2604956868999087,270.0,52,"Theo Ratliff, Mark Davis, Jim Jackson, Derrick Coleman, Allen Iverson"
1998,O,3.2315438877298073,448.0,74,"LaPhonso Ellis, Cory Alexander, Anthony Goldwire, Dean Garrett, Danny Fortson"
1998,D,3.206728773229241,1353.0,263,"Vlade Divac, David Wesley, Bobby Phills, Anthony Mason, Glen Rice"
1998,D,3.1953598290130563,684.0,127,"Tom Gugliotta, Cherokee Parks, Kevin Garnett, Chris Carr, Stephon Marbury"
1998,D,-3.159593716817317,670.0,117,"LaPhonso Ellis, Dean Garrett, Tony Battie, Bobby Jackson, Eric Washington"
1998,O,3.116506457009983,204.0,73,"Terrell Brandon, Tyrone Hill, Armen Gilliam, Glenn Robinson, Ray Allen"
1998,D,3.104272298493279,231.0,43,"Anthony Peeler, Sam Mitchell, Kevin Garnett, Stanley Roberts, Stephon Marbury"
1998,D,3.0942041374919746,205.0,64,"Jeff Hornacek, Karl Malone, John Stockton, Bryon Russell, Shandon Anderson"
1998,O,3.0843818793035034,326.0,71,"Terrell Brandon, Armen Gilliam, Michael Curry, Ervin Johnson, Ray Allen"
1998,D,-3.0554491014652463,206.0,70,"Nick Van Exel, Robert Horry, Eddie Jones, Elden Campbell, Kobe Bryant"
1998,O,-3.0440102205047177,558.0,103,"Tyrone Hill, Glenn Robinson, Elliot Perry, Ervin Johnson, Ray Allen"
1998,O,-3.0062151281175566,213.0,49,"Dennis Scott, Khalid Reeves, Michael Finley, A.C. Green, Samaki Walker"
1998,D,-3.004952485700821,336.0,50,"Michael Smith, Lee Mayberry, Sam Mack, Bryant Reeves, Shareef Abdur-Rahim"
1998,O,-2.9708570091654702,326.0,77,"Vinny Del Negro, Avery Johnson, Chuck Person, David Robinson, Tim Duncan"
1998,O,-2.9610697041488194,426.0,89,"Anthony Peeler, Sam Mitchell, Cherokee Parks, Kevin Garnett, Stephon Marbury"
1998,O,-2.9512442359431135,587.0,90,"Tom Gugliotta, Kevin Garnett, Chris Carr, Stanley Roberts, Stephon Marbury"
1998,O,2.8577860439060943,1852.0,328,"Shawn Kemp, Wesley Person, Zydrunas Ilgauskas, Brevin Knight, Cedric Henderson"
1998,O,2.840780200440193,221.0,58,"Bison Dele, Joe Dumars, Grant Hill, Lindsey Hunter, Jerome Williams"
1998,D,-2.796485091027274,247.0,69,"LaPhonso Ellis, Johnny Newman, Cory Alexander, Anthony Goldwire, Dean Garrett"
1998,O,2.7451088367519967,947.0,170,"Billy Owens, Corliss Williamson, Mitch Richmond, Anthony Johnson, Michael Stewart"
1998,D,-2.7140076588264,620.0,123,"Chris Mills, Allan Houston, Charlie Ward, Charles Oakley, Larry Johnson"
1998,D,-2.6951924509128893,213.0,48,"Dennis Scott, Khalid Reeves, Michael Finley, A.C. Green, Samaki Walker"
1998,D,-2.6448271342218495,451.0,72,"Armen Gilliam, Elliot Perry, Michael Curry, Ervin Johnson, Ray Allen"
1998,D,-2.6392411409960057,223.0,58,"Bison Dele, Joe Dumars, Grant Hill, Lindsey Hunter, Jerome Williams"
1998,D,2.628673429374015,547.0,103,"Tyrone Hill, Glenn Robinson, Elliot Perry, Ervin Johnson, Ray Allen"
1998,D,-2.590849391678698,726.0,136,"Nick Van Exel, Robert Horry, Eddie Jones, Rick Fox, Elden Campbell"
1998,O,2.5793283843479995,1311.0,232,"Dikembe Mutombo, Steven Smith, Mookie Blaylock, Christian Laettner, Tyrone Corbin"
1998,O,2.5778049620921415,718.0,132,"Dennis Rodman, Luc Longley, Ron Harper, Toni Kukoc, Michael Jordan"
1998,D,-2.5024144141132703,272.0,52,"Theo Ratliff, Mark Davis, Jim Jackson, Derrick Coleman, Allen Iverson"
1998,O,2.446821592557502,338.0,79,"Eric Piatkowski, Darrick Martin, Lamond Murray, Rodney Rogers, Lorenzen Wright"
1998,D,-2.299280503526649,540.0,82,"Mark Bryant, Clifford Robinson, Rex Chapman, Jason Kidd, Antonio McDyess"
1998,D,2.2728704970722307,483.0,76,"Dennis Rodman, Ron Harper, Toni Kukoc, Michael Jordan, Scottie Pippen"
1998,O,2.2315941980364054,607.0,136,"Jeff Hornacek, Adam Keefe, Karl Malone, Greg Foster, Howard Eisley"
1998,D,2.1889399223356087,783.0,131,"Brian Shaw, Joe Smith, Bimbo Coles, Donyell Marshall, Erick Dampier"
1998,D,2.166233148784601,410.0,110,"Kendall Gill, Jayson Williams, Sherman Douglas, Kerry Kittles, Keith Van Horn"
1998,D,-2.1317386570060077,780.0,112,"Bison Dele, Joe Dumars, Grant Hill, Lindsey Hunter, Don Reid"
1998,D,-2.1171450705670947,1030.0,154,"Sam Mack, Bryant Reeves, Otis Thorpe, Shareef Abdur-Rahim, Antonio Daniels"
1998,D,2.068889971023536,739.0,116,"Jeff Hornacek, Adam Keefe, Karl Malone, John Stockton, Greg Foster"
1998,O,-2.0205411193516545,327.0,63,"David Wesley, Anthony Mason, Matt Geiger, Glen Rice, Corey Beck"
1998,D,-2.003102466478016,360.0,72,"Hubert Davis, Khalid Reeves, Michael Finley, Shawn Bradley, A.C. Green"
1998,O,-1.9787978191500637,732.0,133,"Nick Van Exel, Robert Horry, Eddie Jones, Rick Fox, Elden Campbell"
1998,D,-1.9528634619699725,265.0,89,"Jeff Hornacek, Adam Keefe, Karl Malone, Howard Eisley, Greg Ostertag"
1998,O,1.9081614803402052,727.0,118,"Muggsy Bogues, Clar. Weatherspoon, Jim Jackson, Donyell Marshall, Erick Dampier"
1998,O,1.8645688154962587,460.0,81,"Terry Dehere, Olden Polynice, Billy Owens, Corliss Williamson, Mitch Richmond"
1998,O,-1.8533089322690148,253.0,46,"Monty Williams, Sean Elliott, Avery Johnson, David Robinson, Tim Duncan"
1998,O,1.847029942627382,320.0,100,"Dana Barros, Andrew DeClercq, Antoine Walker, Walter McCarty, Ron Mercer"
1998,D,1.7907252507788287,337.0,82,"Eric Piatkowski, Darrick Martin, Lamond Murray, Rodney Rogers, Lorenzen Wright"
1998,O,1.7901491728885426,220.0,65,"Jeff Hornacek, Adam Keefe, Karl Malone, John Stockton, Bryon Russell"
1998,D,-1.773581557253449,232.0,31,"Avery Johnson, David Robinson, Will Perdue, Jaren Jackson, Tim Duncan"
1998,O,1.7482948708276824,427.0,60,"Jeff Hornacek, Adam Keefe, Karl Malone, John Stockton, Greg Ostertag"
1998,D,-1.714772068268088,432.0,61,"Chris Dudley, Allan Houston, Charlie Ward, Charles Oakley, Larry Johnson"
1998,D,1.6731222118302675,205.0,54,"Terrell Brandon, Tyrone Hill, Michael Curry, Ervin Johnson, Ray Allen"
1998,O,1.6729390226390415,376.0,74,"Clyde Drexler, Mario Elie, Hakeem Olajuwon, Charles Barkley, Matt Maloney"
1998,O,-1.6134219704203348,392.0,66,"Terrell Brandon, Armen Gilliam, Glenn Robinson, Ervin Johnson, Ray Allen"
1998,D,-1.5611072074893348,434.0,84,"Theo Ratliff, Jim Jackson, Derrick Coleman, Allen Iverson, Tim Thomas"
1998,O,-1.5280040940481412,554.0,132,"Allan Houston, John Starks, Charlie Ward, Charles Oakley, Larry Johnson"
1998,D,1.5126012205048474,233.0,77,"Lee Mayberry, George Lynch, Pete Chilcutt, Bryant Reeves, Blue Edwards"
1998,D,-1.4823420529768838,296.0,73,"Sam Cassell, Kendall Gill, Jayson Williams, Chris Gatling, Kerry Kittles"
1998,O,-1.4763983492974775,232.0,40,"Tracy Murray, Calbert Cheaney, Rod Strickland, Terry Davis, Ben Wallace"
1998,D,-1.465653207161183,620.0,109,"P.J. Brown, Alonzo Mourning, Jamal Mashburn, Voshon Lenard, Tim Hardaway"
1998,D,1.4277339480366653,322.0,94,"Dana Barros, Andrew DeClercq, Antoine Walker, Walter McCarty, Ron Mercer"
1998,D,-1.3782536503087572,722.0,112,"Muggsy Bogues, Clar. Weatherspoon, Jim Jackson, Donyell Marshall, Erick Dampier"
1998,O,1.3537343991015542,688.0,128,"Tom Gugliotta, Cherokee Parks, Kevin Garnett, Chris Carr, Stephon Marbury"
1998,O,1.2988391826361554,248.0,37,"Anthony Peeler, Bryant Reeves, Otis Thorpe, Shareef Abdur-Rahim, Antonio Daniels"
1998,D,1.2926612822261232,323.0,68,"David Wesley, Anthony Mason, Matt Geiger, Glen Rice, Corey Beck"
1998,D,-1.290630629125668,203.0,48,"Bison Dele, Grant Hill, Lindsey Hunter, Theo Ratliff, Malik Sealy"
1998,O,1.2770189350762868,349.0,61,"Billy Owens, Corliss Williamson, Mitch Richmond, Otis Thorpe, Anthony Johnson"
1998,O,-1.114233419012857,749.0,148,"P.J. Brown, Jamal Mashburn, Voshon Lenard, Tim Hardaway, Ike Austin"
1998,D,1.108461295115487,206.0,29,"Doug Christie, Zan Tabak, Damon Stoudamire, Oliver Miller, Marcus Camby"
1998,D,-1.105620049003866,549.0,128,"Allan Houston, John Starks, Charlie Ward, Charles Oakley, Larry Johnson"
1998,O,-1.0957556927768952,373.0,57,"Hot Williams, Clifford Robinson, Rex Chapman, Jason Kidd, Antonio McDyess"
1998,D,1.0938676469748256,444.0,74,"LaPhonso Ellis, Cory Alexander, Anthony Goldwire, Dean Garrett, Danny Fortson"
1998,D,-1.0855122874966696,255.0,65,"Danny Manning, Clifford Robinson, Rex Chapman, Jason Kidd, Antonio McDyess"
1998,O,1.0609544216158235,576.0,194,"Tracy Murray, Chris Webber, Calbert Cheaney, Rod Strickland, Juwan Howard"
1998,D,-1.0181741383152172,422.0,87,"Olden Polynice, Billy Owens, Corliss Williamson, Mitch Richmond, Anthony Johnson"
1998,O,-0.9614551943573773,225.0,69,"Tracy Murray, Calbert Cheaney, Rod Strickland, Terry Davis, Juwan Howard"
1998,O,0.9237852960214429,418.0,86,"Olden Polynice, Billy Owens, Corliss Williamson, Mitch Richmond, Anthony Johnson"
1998,O,-0.920729283350676,219.0,51,"Terry Porter, Sam Mitchell, Kevin Garnett, Stanley Roberts, Stephon Marbury"
1998,O,-0.9085455984099061,237.0,27,"Clyde Drexler, Hakeem Olajuwon, Matt Bullard, Kevin Willis, Matt Maloney"
1998,D,0.8870269269367803,1292.0,232,"Dikembe Mutombo, Steven Smith, Mookie Blaylock, Christian Laettner, Tyrone Corbin"
1998,D,-0.8516041512778254,234.0,29,"Clyde Drexler, Hakeem Olajuwon, Matt Bullard, Kevin Willis, Matt Maloney"
1998,O,0.8483641205667043,637.0,123,"Chris Mills, Allan Houston, Charlie Ward, Charles Oakley, Larry Johnson"
1998,O,-0.8460363248471289,682.0,117,"LaPhonso Ellis, Dean Garrett, Tony Battie, Bobby Jackson, Eric Washington"
1998,D,-0.839920103826194,222.0,68,"Jeff Hornacek, Adam Keefe, Karl Malone, John Stockton, Bryon Russell"
1998,D,-0.8032672687708714,584.0,88,"Tom Gugliotta, Kevin Garnett, Chris Carr, Stanley Roberts, Stephon Marbury"
1998,D,-0.7683891741496298,745.0,153,"P.J. Brown, Jamal Mashburn, Voshon Lenard, Tim Hardaway, Ike Austin"
1998,O,0.747573275657867,465.0,65,"Patrick Ewing, Allan Houston, Charlie Ward, Charles Oakley, Larry Johnson"
1998,D,0.7389504433067559,911.0,151,"Terrell Brandon, Tyrone Hill, Glenn Robinson, Ervin Johnson, Ray Allen"
1998,D,0.6728292013404641,840.0,159,"Robert Horry, Eddie Jones, Rick Fox, Shaquille O'Neal, Derek Fisher"
1998,O,-0.6487445797852307,441.0,83,"Aaron McKie, Theo Ratliff, Derrick Coleman, Allen Iverson, Tim Thomas"
1998,O,-0.6202234567641863,206.0,58,"Gary Payton, Detlef Schrempf, Vin Baker, Jerome Kersey, Hersey Hawkins"
1998,O,0.6088252642217561,405.0,56,"Darrick Martin, Lamond Murray, Brent Barry, Rodney Rogers, Stojko Vrankovic"
1998,D,-0.5872428684622975,464.0,140,"Gary Payton, Detlef Schrempf, Dale Ellis, Vin Baker, Hersey Hawkins"
1998,O,-0.5245725496496035,303.0,74,"Sam Cassell, Kendall Gill, Jayson Williams, Chris Gatling, Kerry Kittles"
1998,O,0.5201832484883944,204.0,31,"Brian Grant, Isaiah Rider, Arvydas Sabonis, Rasheed Wallace, Alvin Williams"
1998,D,0.5172969572422119,203.0,32,"Brian Grant, Isaiah Rider, Arvydas Sabonis, Rasheed Wallace, Alvin Williams"
1998,O,-0.49097494353505056,699.0,169,"Dan Majerle, P.J. Brown, Alonzo Mourning, Voshon Lenard, Tim Hardaway"
1998,O,0.4895867994782731,219.0,73,"Steven Smith, Mookie Blaylock, Christian Laettner, Alan Henderson, Tyrone Corbin"
1998,D,0.4681784792153041,223.0,53,"Doug Christie, Damon Stoudamire, Oliver Miller, Marcus Camby, Walt Williams"
1998,O,-0.46210119125098126,302.0,74,"Andrew DeClercq, Antoine Walker, Walter McCarty, Chauncey Billups, Ron Mercer"
1998,D,0.43302456450955307,722.0,130,"Dennis Rodman, Luc Longley, Ron Harper, Toni Kukoc, Michael Jordan"
1998,D,0.42857631178437133,501.0,85,"Dan Schayes, Nick Anderson, Derek Harper, Horace Grant, Bo Outlaw"
1998,D,-0.3955461069844547,211.0,61,"Gary Payton, Detlef Schrempf, Vin Baker, Jerome Kersey, Hersey Hawkins"
1998,O,-0.366032261963595,201.0,29,"Sam Mack, Bryant Reeves, Tony Massenburg, Shareef Abdur-Rahim, Antonio Daniels"
1998,D,0.26541754801490447,249.0,36,"Anthony Peeler, Bryant Reeves, Otis Thorpe, Shareef Abdur-Rahim, Antonio Daniels"
1998,O,0.25964768783717196,1343.0,256,"Vlade Divac, David Wesley, Bobby Phills, Anthony Mason, Glen Rice"
1998,D,0.2514151535516465,434.0,133,"Jalen Rose, Antonio Davis, Derrick McKey, Travis Best, Fred Hoiberg"
1998,O,-0.24753051749072483,355.0,81,"Dikembe Mutombo, Steven Smith, Christian Laettner, Eldridge Recasner, Tyrone Corbin"
1998,O,-0.1933865267933869,373.0,104,"Shawn Kemp, Wesley Person, Zydrunas Ilgauskas, Derek Anderson, Brevin Knight"
1998,O,-0.16332182016664232,801.0,114,"Bison Dele, Joe Dumars, Grant Hill, Lindsey Hunter, Don Reid"
1998,O,-0.14080253907099546,1012.0,172,"David Wesley, Bobby Phills, Anthony Mason, Matt Geiger, Glen Rice"
1998,O,0.129348853916423,339.0,66,"Dennis Scott, Khalid Reeves, Michael Finley, Shawn Bradley, A.C. Green"
1998,D,-0.11881726851281339,682.0,169,"Dan Majerle, P.J. Brown, Alonzo Mourning, Voshon Lenard, Tim Hardaway"
1998,O,0.06516710360062793,321.0,52,"Vinny Del Negro, Sean Elliott, Avery Johnson, David Robinson, Tim Duncan"
1998,O,0.05576216122401799,1116.0,203,"Chris Webber, Calbert Cheaney, Rod Strickland, Terry Davis, Juwan Howard"
1998,O,-0.04583263758219053,382.0,75,"Derek Harper, Horace Grant, Darrell Armstrong, Bo Outlaw, Rony Seikaly"
1998,O,0.021824138284544072,670.0,118,"Clyde Drexler, Mario Elie, Charles Barkley, Kevin Willis, Matt Maloney"
1998,O,-0.01906870181959843,636.0,94,"Clyde Drexler, Mario Elie, Hakeem Olajuwon, Kevin Willis, Matt Maloney"
1999,D,-17.422079505911714,426.0,82,"Kenny Anderson, Antoine Walker, Vitaly Potapenko, Ron Mercer, Paul Pierce"
1999,O,17.39908524875884,235.0,64,"Hubert Davis, Michael Finley, Gary Trent, Shawn Bradley, Steve Nash"
1999,O,15.552905630146048,288.0,53,"Nick Van Exel, Antonio McDyess, Chauncey Billups, Danny Fortson, Johnny Taylor"
1999,D,15.503607403584729,200.0,37,"Doug Christie, Charles Oakley, John Thomas, Alvin Williams, Vince Carter"
1999,D,14.735768940555083,311.0,57,"John Starks, Jason Caffey, Bimbo Coles, Erick Dampier, Antawn Jamison"
1999,D,-13.922133437148993,498.0,92,"Calbert Cheaney, Rod Strickland, Mitch Richmond, Otis Thorpe, Ben Wallace"
1999,D,-13.589825727788115,221.0,45,"Bison Dele, Joe Dumars, Grant Hill, Lindsey Hunter, Jerome Williams"
1999,D,-12.774344040988984,705.0,109,"Nick Van Exel, Bryant Stith, Antonio McDyess, Chauncey Billups, Danny Fortson"
1999,D,12.543792545494533,269.0,42,"Chris Dudley, Allan Houston, Charlie Ward, Kurt Thomas, Larry Johnson"
1999,O,12.164501138600386,321.0,62,"John Starks, Bimbo Coles, Donyell Marshall, Erick Dampier, Antawn Jamison"
1999,O,12.038002737405531,741.0,149,"David Wesley, Bobby Phills, Eddie Jones, Chucky Brown, Elden Campbell"
1999,O,11.987849838474487,336.0,55,"Eric Piatkowski, Sherman Douglas, Maurice Taylor, Michael Olowokandi, Tyrone Nesby"
1999,D,-11.374507365818083,328.0,118,"Dan Majerle, P.J. Brown, Alonzo Mourning, Terry Porter, Tim Hardaway"
1999,D,11.22331494630277,235.0,46,"Terrell Brandon, Tyrone Hill, Glenn Robinson, Ervin Johnson, Ray Allen"
1999,O,10.346192926405584,485.0,68,"Glenn Robinson, Haywoode Workman, Ray Allen, Tim Thomas, Robert Traylor"
1999,D,-10.128252803869136,225.0,46,"Kendall Gill, Stephon Marbury, Kerry Kittles, Mark Hendrickson, Jamie Feick"
1999,D,10.099663037976553,417.0,98,"Horace Grant, Darrell Armstrong, Anfernee Hardaway, Ike Austin, Matt Harpring"
1999,O,9.789649070618278,207.0,62,"Dikembe Mutombo, Steven Smith, Mookie Blaylock, Alan Henderson, Tyrone Corbin"
1999,D,-9.775078435611936,322.0,61,"Dennis Rodman, Derek Harper, Shaquille O'Neal, Glen Rice, Kobe Bryant"
1999,O,-9.705681937227551,373.0,95,"Kenny Anderson, Antoine Walker, Tony Battie, Ron Mercer, Paul Pierce"
1999,D,9.305331493448644,245.0,51,"Brent Price, Hakeem Olajuwon, Scottie Pippen, Othella Harrington, Michael Dickerson"
1999,D,8.936831657569616,341.0,62,"Brian Grant, Stacey Augmon, Isaiah Rider, Arvydas Sabonis, Damon Stoudamire"
1999,O,-8.564928149643341,237.0,44,"Terrell Brandon, Tyrone Hill, Glenn Robinson, Ervin Johnson, Ray Allen"
1999,D,8.532676039753227,353.0,82,"Hakeem Olajuwon, Scottie Pippen, Othella Harrington, Michael Dickerson, Cuttino Mobley"
1999,D,8.442781109964542,264.0,47,"Dan Majerle, P.J. Brown, Alonzo Mourning, Rex Walters, Tim Hardaway"
1999,O,-8.415048836250376,612.0,88,"Nick Anderson, Horace Grant, Anfernee Hardaway, Bo Outlaw, Ike Austin"
1999,D,-8.390327053062457,238.0,53,"Dana Barros, Antoine Walker, Vitaly Potapenko, Ron Mercer, Paul Pierce"
1999,O,8.323721668705733,232.0,39,"Gary Payton, Detlef Schrempf, Olden Polynice, Hersey Hawkins, Don MacLean"
1999,D,8.164035858389001,318.0,63,"Kendall Gill, Jayson Williams, Eric Murdock, Kerry Kittles, Keith Van Horn"
1999,O,-8.122999209982884,493.0,93,"Calbert Cheaney, Rod Strickland, Mitch Richmond, Otis Thorpe, Ben Wallace"
1999,O,7.830030215457877,275.0,45,"Grant Long, Dikembe Mutombo, Steven Smith, Mookie Blaylock, Chris Crawford"
1999,O,-7.6975351184922705,295.0,86,"Sam Perkins, Jalen Rose, Antonio Davis, Travis Best, Austin Croshere"
1999,D,-7.661333245193123,206.0,36,"Bison Dele, Joe Dumars, Grant Hill, Lindsey Hunter, Loy Vaught"
1999,O,-7.634384461320725,431.0,81,"Kenny Anderson, Antoine Walker, Vitaly Potapenko, Ron Mercer, Paul Pierce"
1999,O,-7.62770013447317,203.0,48,"Stacey Augmon, Isaiah Rider, Arvydas Sabonis, Rasheed Wallace, Damon Stoudamire"
1999,D,-7.44388705015555,626.0,119,"Shawn Kemp, Wesley Person, Andrew DeClercq, Brevin Knight, Cedric Henderson"
1999,O,-7.419915262709334,247.0,51,"Brent Price, Hakeem Olajuwon, Scottie Pippen, Othella Harrington, Michael Dickerson"
1999,D,7.368321857314199,771.0,117,"Patrick Ewing, Allan Houston, Charlie Ward, Kurt Thomas, Larry Johnson"
1999,O,-7.327408184117846,205.0,45,"Eric Piatkowski, Darrick Martin, Lamond Murray, Maurice Taylor, Michael Olowokandi"
1999,D,7.254967705249413,402.0,119,"Jeff Hornacek, Karl Malone, Howard Eisley, Greg Ostertag, Bryon Russell"
1999,O,7.224347111437817,274.0,61,"Kendall Gill, Stephon Marbury, Kerry Kittles, Jamie Feick, Keith Van Horn"
1999,O,7.2145078422912325,477.0,97,"David Wesley, Bobby Phills, Chuck Person, J.R. Reid, Derrick Coleman"
1999,D,7.008220686572756,490.0,89,"Dan Majerle, P.J. Brown, Alonzo Mourning, Jamal Mashburn, Tim Hardaway"
1999,D,6.919700576231188,236.0,40,"Gary Payton, Detlef Schrempf, Olden Polynice, Hersey Hawkins, Don MacLean"
1999,O,-6.836164306289041,315.0,64,"Kendall Gill, Jayson Williams, Eric Murdock, Kerry Kittles, Keith Van Horn"
1999,D,6.820058562731092,404.0,73,"Dikembe Mutombo, LaPhonso Ellis, Steven Smith, Mookie Blaylock, Alan Henderson"
1999,O,6.704199515900855,380.0,68,"Rod Strickland, Terry Davis, Juwan Howard, Mitch Richmond, Otis Thorpe"
1999,O,-6.68408259194699,238.0,47,"Chris Mills, John Starks, Bimbo Coles, Donyell Marshall, Erick Dampier"
1999,O,-6.682425832116326,349.0,61,"Brian Grant, Stacey Augmon, Isaiah Rider, Arvydas Sabonis, Damon Stoudamire"
1999,D,6.625253398933447,743.0,119,"Doug Christie, Kevin Willis, Charles Oakley, Alvin Williams, Vince Carter"
1999,O,-6.610390434906823,301.0,49,"Nick Anderson, Horace Grant, Anfernee Hardaway, Ike Austin, Matt Harpring"
1999,O,-6.609535871467486,789.0,120,"Patrick Ewing, Allan Houston, Charlie Ward, Kurt Thomas, Larry Johnson"
1999,D,-6.494548914337352,237.0,48,"Michael Smith, Sam Mack, Bryant Reeves, Shareef Abdur-Rahim, Mike Bibby"
1999,O,-6.357511787966951,236.0,50,"Michael Smith, Sam Mack, Bryant Reeves, Shareef Abdur-Rahim, Mike Bibby"
1999,O,6.326311520350331,224.0,75,"Gary Payton, Detlef Schrempf, Dale Ellis, Vin Baker, Hersey Hawkins"
1999,O,-6.200127843084004,351.0,83,"Hakeem Olajuwon, Scottie Pippen, Othella Harrington, Michael Dickerson, Cuttino Mobley"
1999,O,6.116894634817519,309.0,93,"Gary Payton, Detlef Schrempf, Dale Ellis, Olden Polynice, Hersey Hawkins"
1999,O,6.053268069991475,407.0,71,"Dikembe Mutombo, LaPhonso Ellis, Steven Smith, Mookie Blaylock, Alan Henderson"
1999,O,6.042653097791113,1361.0,209,"Rik Smits, Mark Jackson, Reggie Miller, Chris Mullin, Dale Davis"
1999,D,5.90043249017096,225.0,52,"Harvey Grant, Theo Ratliff, Eric Snow, Matt Geiger, Allen Iverson"
1999,D,5.809174275632975,804.0,131,"George Lynch, Theo Ratliff, Eric Snow, Matt Geiger, Allen Iverson"
1999,O,5.797979697664035,315.0,52,"Dan Majerle, P.J. Brown, Keith Askins, Alonzo Mourning, Tim Hardaway"
1999,O,5.779558395530306,416.0,102,"Horace Grant, Darrell Armstrong, Anfernee Hardaway, Ike Austin, Matt Harpring"
1999,D,-5.648817468379494,1341.0,205,"Rik Smits, Mark Jackson, Reggie Miller, Chris Mullin, Dale Davis"
1999,D,-5.314805744400304,204.0,65,"Michael Smith, Tony Massenburg, Shareef Abdur-Rahim, Mike Bibby, Felipe Lopez"
1999,O,5.136344590468236,244.0,54,"Dana Barros, Antoine Walker, Vitaly Potapenko, Ron Mercer, Paul Pierce"
1999,D,5.11623853030557,482.0,68,"Glenn Robinson, Haywoode Workman, Ray Allen, Tim Thomas, Robert Traylor"
1999,D,5.09362956067223,232.0,72,"Vlade Divac, Vernon Maxwell, Jon Barry, Peja Stojakovic, Lawrence Funderburke"
1999,O,5.004137745655529,222.0,47,"Bison Dele, Joe Dumars, Grant Hill, Lindsey Hunter, Jerome Williams"
1999,O,-4.853648539197412,227.0,71,"Vlade Divac, Vernon Maxwell, Jon Barry, Peja Stojakovic, Lawrence Funderburke"
1999,O,-4.8497735959736,222.0,50,"Harvey Grant, Theo Ratliff, Eric Snow, Matt Geiger, Allen Iverson"
1999,D,-4.685961689943092,296.0,85,"Sam Perkins, Jalen Rose, Antonio Davis, Travis Best, Austin Croshere"
1999,D,4.678749954637862,329.0,57,"Eric Piatkowski, Sherman Douglas, Maurice Taylor, Michael Olowokandi, Tyrone Nesby"
1999,O,-4.666933592375296,268.0,47,"Kendall Gill, Jayson Williams, Stephon Marbury, Kerry Kittles, Keith Van Horn"
1999,O,4.65587256155692,339.0,49,"Brian Grant, Isaiah Rider, Arvydas Sabonis, Rasheed Wallace, Damon Stoudamire"
1999,O,-4.474150190581059,273.0,57,"Shaquille O'Neal, J.R. Reid, Glen Rice, Derek Fisher, Kobe Bryant"
1999,O,4.465699113382491,206.0,35,"Bison Dele, Joe Dumars, Grant Hill, Lindsey Hunter, Loy Vaught"
1999,D,-4.432927846885906,224.0,60,"Antonio Davis, Mark Jackson, Reggie Miller, Chris Mullin, Dale Davis"
1999,D,4.353626581856433,619.0,89,"Nick Anderson, Horace Grant, Anfernee Hardaway, Bo Outlaw, Ike Austin"
1999,D,4.3053074643592435,237.0,47,"Chris Mills, John Starks, Bimbo Coles, Donyell Marshall, Erick Dampier"
1999,D,-4.111993845750415,306.0,61,"Brian Grant, Isaiah Rider, Arvydas Sabonis, Damon Stoudamire, Walt Williams"
1999,D,4.105960357689887,308.0,50,"Dan Majerle, P.J. Brown, Keith Askins, Alonzo Mourning, Tim Hardaway"
1999,D,-4.100542983071872,367.0,77,"David Wesley, Bobby Phills, Eddie Jones, Elden Campbell, Derrick Coleman"
1999,O,4.013785965633096,1172.0,215,"Mario Elie, Sean Elliott, Avery Johnson, David Robinson, Tim Duncan"
1999,D,-3.943195313904168,241.0,48,"Derek Harper, Eddie Jones, Shaquille O'Neal, Travis Knight, Kobe Bryant"
1999,O,-3.914473306646172,202.0,36,"Doug Christie, Charles Oakley, John Thomas, Alvin Williams, Vince Carter"
1999,D,3.8876660239701097,272.0,47,"Grant Long, Dikembe Mutombo, Steven Smith, Mookie Blaylock, Chris Crawford"
1999,O,3.8812990140041577,265.0,47,"Dickey Simpkins, Ron Harper, Toni Kukoc, Brent Barry, Randy Brown"
1999,O,3.8674709466954695,202.0,66,"Vernon Maxwell, Chris Webber, Jon Barry, Peja Stojakovic, Lawrence Funderburke"
1999,O,3.844887522790454,358.0,54,"Luc Longley, Tom Gugliotta, Clifford Robinson, Rex Chapman, Jason Kidd"
1999,D,3.8433549488001346,205.0,66,"Vernon Maxwell, Chris Webber, Jon Barry, Peja Stojakovic, Lawrence Funderburke"
1999,D,-3.8058918222442224,270.0,48,"Dickey Simpkins, Ron Harper, Toni Kukoc, Brent Barry, Randy Brown"
1999,D,-3.794140619684255,330.0,60,"Dikembe Mutombo, Steven Smith, Mookie Blaylock, Alan Henderson, Chris Crawford"
1999,D,3.771784556827711,469.0,91,"David Wesley, Bobby Phills, Chuck Person, J.R. Reid, Derrick Coleman"
1999,O,3.769234046391244,217.0,63,"Antonio Davis, Mark Jackson, Reggie Miller, Chris Mullin, Dale Davis"
1999,O,-3.7214591029385216,568.0,79,"Cherokee Parks, Tony Massenburg, Shareef Abdur-Rahim, Mike Bibby, Felipe Lopez"
1999,O,3.679732213693361,631.0,121,"Shawn Kemp, Wesley Person, Andrew DeClercq, Brevin Knight, Cedric Henderson"
1999,D,3.5209758406828944,736.0,148,"David Wesley, Bobby Phills, Eddie Jones, Chucky Brown, Elden Campbell"
1999,O,3.3514435237694786,268.0,48,"Michael Finley, Gary Trent, Shawn Bradley, A.C. Green, Steve Nash"
1999,D,3.2212021677605174,374.0,53,"Bison Dele, Joe Dumars, Grant Hill, Lindsey Hunter, Don Reid"
1999,D,-3.2007397455736792,303.0,51,"Luc Longley, George McCloud, Tom Gugliotta, Rex Chapman, Jason Kidd"
1999,D,3.0835800792091685,338.0,48,"Brian Grant, Isaiah Rider, Arvydas Sabonis, Rasheed Wallace, Damon Stoudamire"
1999,O,3.050581845484426,492.0,89,"Dan Majerle, P.J. Brown, Alonzo Mourning, Jamal Mashburn, Tim Hardaway"
1999,O,-2.8893414621707367,275.0,43,"Chris Dudley, Allan Houston, Charlie Ward, Kurt Thomas, Larry Johnson"
1999,D,-2.864245721969084,320.0,101,"Gary Payton, Detlef Schrempf, Dale Ellis, Olden Polynice, Hersey Hawkins"
1999,O,-2.735399418181111,213.0,71,"Doug Christie, Dee Brown, Kevin Willis, Charles Oakley, Vince Carter"
1999,D,2.7261313108705765,316.0,66,"John Starks, Bimbo Coles, Donyell Marshall, Erick Dampier, Antawn Jamison"
1999,D,2.698391833476107,226.0,64,"Hubert Davis, Michael Finley, Gary Trent, Shawn Bradley, Steve Nash"
1999,O,-2.6201197344316705,365.0,80,"David Wesley, Bobby Phills, Eddie Jones, Elden Campbell, Derrick Coleman"
1999,O,2.4332295236974795,356.0,90,"Nick Anderson, Horace Grant, Darrell Armstrong, Anfernee Hardaway, Ike Austin"
1999,O,2.3813400554967386,433.0,64,"Anthony Peeler, Joe Smith, Kevin Garnett, Stephon Marbury, Dean Garrett"
1999,D,-2.3580141575908597,273.0,60,"Kendall Gill, Stephon Marbury, Kerry Kittles, Jamie Feick, Keith Van Horn"
1999,D,2.3404601963021223,212.0,63,"Dikembe Mutombo, Steven Smith, Mookie Blaylock, Alan Henderson, Tyrone Corbin"
1999,O,2.261556999963391,705.0,111,"Nick Van Exel, Bryant Stith, Antonio McDyess, Chauncey Billups, Danny Fortson"
1999,O,2.257246310872457,1032.0,143,"Hakeem Olajuwon, Charles Barkley, Scottie Pippen, Michael Dickerson, Cuttino Mobley"
1999,O,2.229982014801998,309.0,60,"Brian Grant, Isaiah Rider, Arvydas Sabonis, Damon Stoudamire, Walt Williams"
1999,D,2.1340651452094765,229.0,72,"Danny Manning, Tom Gugliotta, Clifford Robinson, Rex Chapman, Jason Kidd"
1999,O,-2.1162241042734657,750.0,117,"Doug Christie, Kevin Willis, Charles Oakley, Alvin Williams, Vince Carter"
1999,D,2.1087917604603574,247.0,41,"Chris Mills, John Starks, Jason Caffey, Erick Dampier, Tony Delk"
1999,O,-2.1044476337510716,378.0,53,"Bison Dele, Joe Dumars, Grant Hill, Lindsey Hunter, Don Reid"
1999,D,-2.0296782173596615,214.0,49,"Stacey Augmon, Isaiah Rider, Arvydas Sabonis, Rasheed Wallace, Damon Stoudamire"
1999,D,1.8790885019787413,264.0,45,"Kendall Gill, Jayson Williams, Stephon Marbury, Kerry Kittles, Keith Van Horn"
1999,D,1.8433056657750384,363.0,92,"Kenny Anderson, Antoine Walker, Tony Battie, Ron Mercer, Paul Pierce"
1999,O,1.7910241942148546,246.0,48,"Derek Harper, Eddie Jones, Shaquille O'Neal, Travis Knight, Kobe Bryant"
1999,O,1.762672448203235,265.0,46,"Dan Majerle, P.J. Brown, Alonzo Mourning, Rex Walters, Tim Hardaway"
1999,O,-1.75706972370362,807.0,131,"George Lynch, Theo Ratliff, Eric Snow, Matt Geiger, Allen Iverson"
1999,D,-1.7490357558013856,265.0,56,"Shaquille O'Neal, J.R. Reid, Glen Rice, Derek Fisher, Kobe Bryant"
1999,O,-1.7451886889127828,315.0,58,"John Starks, Jason Caffey, Bimbo Coles, Erick Dampier, Antawn Jamison"
1999,D,1.7246248289358634,267.0,48,"Michael Finley, Gary Trent, Shawn Bradley, A.C. Green, Steve Nash"
1999,O,1.6477057247138363,1559.0,231,"Vlade Divac, Chris Webber, Corliss Williamson, Tariq Abdul-Wahad, Jason Williams"
1999,D,-1.6403105257855954,1553.0,230,"Vlade Divac, Chris Webber, Corliss Williamson, Tariq Abdul-Wahad, Jason Williams"
1999,O,1.628944589177752,406.0,119,"Jeff Hornacek, Karl Malone, Howard Eisley, Greg Ostertag, Bryon Russell"
1999,O,-1.6221544757705921,337.0,61,"Dikembe Mutombo, Steven Smith, Mookie Blaylock, Alan Henderson, Chris Crawford"
1999,O,1.602257169056642,221.0,47,"Kendall Gill, Stephon Marbury, Kerry Kittles, Mark Hendrickson, Jamie Feick"
1999,D,-1.5242761396253084,305.0,47,"Nick Anderson, Horace Grant, Anfernee Hardaway, Ike Austin, Matt Harpring"
1999,O,-1.4548685819878244,324.0,62,"Dennis Rodman, Derek Harper, Shaquille O'Neal, Glen Rice, Kobe Bryant"
1999,D,-1.4126378293725101,361.0,57,"Luc Longley, Tom Gugliotta, Clifford Robinson, Rex Chapman, Jason Kidd"
1999,O,-1.3773841921538106,446.0,89,"Sean Elliott, Avery Johnson, David Robinson, Jaren Jackson, Tim Duncan"
1999,O,-1.370952077691973,303.0,51,"Luc Longley, George McCloud, Tom Gugliotta, Rex Chapman, Jason Kidd"
1999,D,1.3330761034482548,217.0,73,"Gary Payton, Detlef Schrempf, Dale Ellis, Vin Baker, Hersey Hawkins"
1999,D,-1.2941674088933055,1179.0,215,"Jeff Hornacek, Karl Malone, John Stockton, Greg Ostertag, Bryon Russell"
1999,O,1.256392060166809,208.0,71,"Sam Perkins, Jalen Rose, Antonio Davis, Reggie Miller, Travis Best"
1999,D,1.2524577685959721,358.0,87,"Nick Anderson, Horace Grant, Darrell Armstrong, Anfernee Hardaway, Ike Austin"
1999,D,-1.2273503708481135,422.0,65,"Anthony Peeler, Joe Smith, Kevin Garnett, Stephon Marbury, Dean Garrett"
1999,O,1.1873235133760451,248.0,42,"Chris Mills, John Starks, Jason Caffey, Erick Dampier, Tony Delk"
1999,D,-1.170402752456619,1031.0,145,"Hakeem Olajuwon, Charles Barkley, Scottie Pippen, Michael Dickerson, Cuttino Mobley"
1999,O,-0.9528434531537596,1182.0,218,"Jeff Hornacek, Karl Malone, John Stockton, Greg Ostertag, Bryon Russell"
1999,D,0.8650670889954796,1159.0,214,"Mario Elie, Sean Elliott, Avery Johnson, David Robinson, Tim Duncan"
1999,D,-0.8183190828927249,209.0,73,"Doug Christie, Dee Brown, Kevin Willis, Charles Oakley, Vince Carter"
1999,D,0.8044965301155182,448.0,89,"Sean Elliott, Avery Johnson, David Robinson, Jaren Jackson, Tim Duncan"
1999,D,0.7747811001712985,558.0,79,"Cherokee Parks, Tony Massenburg, Shareef Abdur-Rahim, Mike Bibby, Felipe Lopez"
1999,D,0.7580855052180907,289.0,56,"Nick Van Exel, Antonio McDyess, Chauncey Billups, Danny Fortson, Johnny Taylor"
1999,O,0.5745740473675699,329.0,115,"Dan Majerle, P.J. Brown, Alonzo Mourning, Terry Porter, Tim Hardaway"
1999,O,-0.3479815143493181,231.0,69,"Danny Manning, Tom Gugliotta, Clifford Robinson, Rex Chapman, Jason Kidd"
1999,D,-0.33455464829277626,376.0,71,"Rod Strickland, Terry Davis, Juwan Howard, Mitch Richmond, Otis Thorpe"
1999,O,0.31625712863196276,201.0,55,"Michael Smith, Tony Massenburg, Shareef Abdur-Rahim, Mike Bibby, Felipe Lopez"
1999,O,-0.1556043907541181,395.0,88,"Gary Payton, Detlef Schrempf, Olden Polynice, Vin Baker, Hersey Hawkins"
1999,D,0.13918118612004557,208.0,69,"Sam Perkins, Jalen Rose, Antonio Davis, Reggie Miller, Travis Best"
1999,D,0.1351711619742459,389.0,89,"Gary Payton, Detlef Schrempf, Olden Polynice, Vin Baker, Hersey Hawkins"
2000,D,21.332255470354774,233.0,55,"Shaquille O'Neal, Glen Rice, A.C. Green, Derek Fisher, Kobe Bryant"
2000,O,-19.17619064988215,264.0,53,"Dickey Simpkins, Randy Brown, Hersey Hawkins, Elton Brand, Metta World Peace"
2000,O,17.615304524627838,381.0,130,"Kenny Anderson, Antoine Walker, Tony Battie, Adrian Griffin, Paul Pierce"
2000,O,16.931573523151336,315.0,108,"Terrell Brandon, Anthony Peeler, Joe Smith, Kevin Garnett, Malik Sealy"
2000,D,15.457013676202958,212.0,73,"Scott Burrell, Johnny Newman, Lucious Harris, Stephon Marbury, Jamie Feick"
2000,D,-15.222406837487195,573.0,96,"Rik Smits, Jalen Rose, Mark Jackson, Reggie Miller, Austin Croshere"
2000,D,14.995491551789867,226.0,65,"Sam Perkins, Jalen Rose, Mark Jackson, Reggie Miller, Dale Davis"
2000,O,13.902034217322305,211.0,37,"Doug Christie, Dell Curry, Antonio Davis, Charles Oakley, Vince Carter"
2000,O,13.759266405900565,390.0,95,"Olden Polynice, Karl Malone, John Stockton, Howard Eisley, Bryon Russell"
2000,O,-13.392064709213688,213.0,41,"Shawn Kemp, Bob Sura, Andrew DeClercq, Brevin Knight, Cedric Henderson"
2000,O,13.274654075693551,707.0,127,"Terrell Brandon, Kevin Garnett, Malik Sealy, Rasho Nesterovic, Wally Szczerbiak"
2000,D,12.354207694187966,215.0,37,"Eric Piatkowski, Derek Anderson, Maurice Taylor, Michael Olowokandi, Lamar Odom"
2000,O,-12.107935720959235,270.0,37,"Mario Elie, Sean Elliott, Avery Johnson, David Robinson, Tim Duncan"
2000,O,-11.919270453171373,399.0,50,"Mookie Blaylock, Jason Caffey, Donyell Marshall, Adonal Foyle, Larry Hughes"
2000,D,11.757092192186715,212.0,75,"Robert Horry, Brian Shaw, Rick Fox, Shaquille O'Neal, Kobe Bryant"
2000,O,11.376248082088125,419.0,105,"Tom Gugliotta, Anfernee Hardaway, Clifford Robinson, Jason Kidd, Rodney Rogers"
2000,D,-11.36846742117564,245.0,60,"Latrell Sprewell, Patrick Ewing, Allan Houston, Charlie Ward, Kurt Thomas"
2000,O,11.16295300742755,350.0,96,"Cedric Ceballos, Hubert Davis, Michael Finley, Shawn Bradley, Dirk Nowitzki"
2000,O,11.107456227835812,335.0,103,"Sam Perkins, Jalen Rose, Travis Best, Austin Croshere, Al Harrington"
2000,O,10.741337595772547,325.0,99,"Latrell Sprewell, Allan Houston, Charlie Ward, Kurt Thomas, Marcus Camby"
2000,O,10.736906482464354,328.0,53,"Terrell Brandon, Kevin Garnett, Malik Sealy, Dean Garrett, Wally Szczerbiak"
2000,O,10.684858290233185,491.0,74,"Shandon Anderson, Walt Williams, Kelvin Cato, Steve Francis, Kenny Thomas"
2000,D,-10.510251931063907,206.0,62,"Robert Horry, Brian Shaw, Shaquille O'Neal, Glen Rice, Kobe Bryant"
2000,O,-10.24055278007658,218.0,36,"Eric Piatkowski, Derek Anderson, Maurice Taylor, Michael Olowokandi, Lamar Odom"
2000,O,10.150060501938082,202.0,58,"Terrell Brandon, Sam Mitchell, Joe Smith, Kevin Garnett, Malik Sealy"
2000,D,-10.082107861742662,481.0,148,"Dennis Scott, Shareef Abdur-Rahim, Othella Harrington, Mike Bibby, Michael Dickerson"
2000,O,-10.015729932946881,358.0,100,"Terrell Brandon, Anthony Peeler, Joe Smith, Kevin Garnett, Wally Szczerbiak"
2000,D,-9.997941610246183,210.0,37,"Scott Burrell, Kendall Gill, Stephon Marbury, Jamie Feick, Keith Van Horn"
2000,O,9.899171647662246,261.0,85,"Sam Perkins, Jalen Rose, Reggie Miller, Travis Best, Austin Croshere"
2000,O,9.88307014270366,391.0,69,"Terrell Brandon, Sam Mitchell, Kevin Garnett, Malik Sealy, Rasho Nesterovic"
2000,D,-9.857807385288691,396.0,50,"Mookie Blaylock, Jason Caffey, Donyell Marshall, Adonal Foyle, Larry Hughes"
2000,D,9.68611603993182,505.0,156,"Robert Horry, Rick Fox, Shaquille O'Neal, Derek Fisher, Kobe Bryant"
2000,D,9.636554022839734,305.0,104,"Robert Horry, Brian Shaw, Rick Fox, Shaquille O'Neal, Derek Fisher"
2000,O,9.615450497466737,386.0,74,"George McCloud, Nick Van Exel, Antonio McDyess, Raef LaFrentz, James Posey"
2000,D,-9.610772868508556,200.0,69,"Danny Ferry, Bob Sura, Andrew DeClercq, Brevin Knight, Cedric Henderson"
2000,D,9.429682105802971,205.0,77,"Latrell Sprewell, Chris Childs, Allan Houston, Kurt Thomas, Marcus Camby"
2000,D,9.375093069140624,353.0,61,"Cedric Ceballos, Michael Finley, Shawn Bradley, Erick Strickland, Dirk Nowitzki"
2000,O,-9.306435206474616,264.0,58,"Shandon Anderson, Kelvin Cato, Cuttino Mobley, Steve Francis, Kenny Thomas"
2000,D,9.253871060747542,205.0,46,"Dickey Simpkins, Toni Kukoc, Matt Maloney, Elton Brand, Metta World Peace"
2000,O,9.064170567489814,204.0,57,"Kendall Gill, Lucious Harris, Stephon Marbury, Jamie Feick, Keith Van Horn"
2000,O,-9.033921993077985,326.0,69,"Derek Anderson, Maurice Taylor, Michael Olowokandi, Tyrone Nesby, Lamar Odom"
2000,D,-8.910717405411443,360.0,59,"Hakeem Olajuwon, Shandon Anderson, Walt Williams, Steve Francis, Kenny Thomas"
2000,O,-8.909652897318946,237.0,41,"Dickey Simpkins, Toni Kukoc, Randy Brown, Elton Brand, Metta World Peace"
2000,O,8.847036202438657,668.0,206,"Sam Cassell, Glenn Robinson, Ervin Johnson, Ray Allen, Tim Thomas"
2000,O,-8.824858955459913,209.0,54,"Lindsey Hunter, Christian Laettner, Terry Mills, Michael Curry, Jerry Stackhouse"
2000,D,-8.812288121739167,209.0,44,"Shawn Kemp, Bob Sura, Andrew DeClercq, Brevin Knight, Cedric Henderson"
2000,O,-8.643915178624408,333.0,49,"Eric Murdock, Derek Anderson, Maurice Taylor, Michael Olowokandi, Lamar Odom"
2000,D,8.599883465799326,1066.0,211,"Kenny Anderson, Antoine Walker, Vitaly Potapenko, Adrian Griffin, Paul Pierce"
2000,O,-8.58556458233599,449.0,88,"Michael Smith, Rod Strickland, Juwan Howard, Mitch Richmond, Ike Austin"
2000,O,-8.584461657473422,275.0,54,"Tyrone Hill, George Lynch, Eric Snow, Matt Geiger, Allen Iverson"
2000,O,-8.564061302879518,383.0,69,"Nick Anderson, Vlade Divac, Chris Webber, Tyrone Corbin, Jason Williams"
2000,D,-8.558219701496608,236.0,39,"Dickey Simpkins, Toni Kukoc, Randy Brown, Elton Brand, Metta World Peace"
2000,D,-8.2995673419382,274.0,52,"Tyrone Hill, George Lynch, Eric Snow, Matt Geiger, Allen Iverson"
2000,D,-8.204154199531606,214.0,61,"Gary Payton, Vernon Maxwell, Horace Grant, Vin Baker, Brent Barry"
2000,O,-8.18133401251845,240.0,58,"Shaquille O'Neal, Glen Rice, A.C. Green, Derek Fisher, Kobe Bryant"
2000,D,8.099479780694763,251.0,68,"Detlef Schrempf, Steven Smith, Rasheed Wallace, Damon Stoudamire, Scottie Pippen"
2000,O,8.023260825227542,261.0,87,"Dikembe Mutombo, Isaiah Rider, Alan Henderson, Jim Jackson, Jason Terry"
2000,O,7.888191672668202,369.0,84,"Kenny Anderson, Eric Williams, Antoine Walker, Vitaly Potapenko, Paul Pierce"
2000,O,-7.86663206733593,210.0,39,"Kendall Gill, Stephon Marbury, Kerry Kittles, Keith Van Horn, Evan Eschmeyer"
2000,O,-7.775730831398812,272.0,83,"Robert Horry, Shaquille O'Neal, Glen Rice, Derek Fisher, Kobe Bryant"
2000,D,7.752865119673854,488.0,89,"Mario Elie, Avery Johnson, Jerome Kersey, David Robinson, Tim Duncan"
2000,O,-7.6215974918088625,209.0,65,"Chris Webber, Jon Barry, Peja Stojakovic, Scot Pollard, Jason Williams"
2000,D,7.4501210708027426,340.0,109,"Sam Perkins, Jalen Rose, Travis Best, Austin Croshere, Al Harrington"
2000,D,-7.419721736906108,405.0,91,"Dikembe Mutombo, LaPhonso Ellis, Alan Henderson, Jim Jackson, Jason Terry"
2000,D,-7.30806394310343,421.0,83,"Terrell Brandon, Anthony Peeler, Kevin Garnett, Rasho Nesterovic, Wally Szczerbiak"
2000,D,7.191396113007507,262.0,90,"Sam Perkins, Jalen Rose, Reggie Miller, Travis Best, Austin Croshere"
2000,O,7.154637994169597,207.0,76,"Sam Perkins, Reggie Miller, Travis Best, Austin Croshere, Al Harrington"
2000,D,-7.068543133176998,306.0,68,"Steven Smith, Rasheed Wallace, Damon Stoudamire, Scottie Pippen, Jermaine O'Neal"
2000,D,-7.041833600113501,894.0,149,"Nick Van Exel, Antonio McDyess, Ron Mercer, Raef LaFrentz, James Posey"
2000,D,6.960207776638963,510.0,81,"Michael Finley, Shawn Bradley, Steve Nash, Erick Strickland, Dirk Nowitzki"
2000,O,-6.893591984291851,210.0,35,"Scott Burrell, Kendall Gill, Stephon Marbury, Jamie Feick, Keith Van Horn"
2000,D,6.833910763133737,680.0,124,"Ron Harper, Shaquille O'Neal, Glen Rice, A.C. Green, Derek Fisher"
2000,O,6.782084565327287,220.0,81,"Robert Horry, Brian Shaw, Rick Fox, Shaquille O'Neal, Kobe Bryant"
2000,O,6.7772841795014545,638.0,161,"Steven Smith, Brian Grant, Rasheed Wallace, Damon Stoudamire, Scottie Pippen"
2000,D,-6.760147976911518,591.0,112,"Cherokee Parks, Shareef Abdur-Rahim, Othella Harrington, Mike Bibby, Michael Dickerson"
2000,D,-6.741595521483395,228.0,46,"Dikembe Mutombo, Alan Henderson, Jim Jackson, Bimbo Coles, Roshown McLeod"
2000,O,-6.7206876808398635,344.0,106,"Olden Polynice, Jeff Hornacek, Karl Malone, Howard Eisley, Bryon Russell"
2000,D,-6.68880551233508,522.0,100,"Mario Elie, Avery Johnson, David Robinson, Jaren Jackson, Tim Duncan"
2000,D,6.665762264584415,415.0,102,"Tom Gugliotta, Anfernee Hardaway, Clifford Robinson, Jason Kidd, Rodney Rogers"
2000,D,-6.612271694984137,300.0,67,"Tracy Murray, Rod Strickland, Juwan Howard, Mitch Richmond, Jahidi White"
2000,D,-6.571136902743538,321.0,103,"Olden Polynice, Jeff Hornacek, Karl Malone, Howard Eisley, Bryon Russell"
2000,O,6.5662915660052,1094.0,187,"Dan Majerle, P.J. Brown, Alonzo Mourning, Jamal Mashburn, Tim Hardaway"
2000,D,6.565324737917609,269.0,44,"Latrell Sprewell, Patrick Ewing, Allan Houston, Kurt Thomas, Larry Johnson"
2000,O,-6.552931679247217,563.0,84,"Dikembe Mutombo, Alan Henderson, Jim Jackson, Roshown McLeod, Jason Terry"
2000,O,-6.271985676576402,212.0,28,"Olden Polynice, Jeff Hornacek, Karl Malone, John Stockton, Scott Padgett"
2000,O,6.192072620552271,447.0,114,"Terrell Brandon, Joe Smith, Kevin Garnett, Malik Sealy, Wally Szczerbiak"
2000,D,6.179346478141865,699.0,128,"Terrell Brandon, Kevin Garnett, Malik Sealy, Rasho Nesterovic, Wally Szczerbiak"
2000,D,-6.136631196944749,322.0,67,"Maurice Taylor, Troy Hudson, Michael Olowokandi, Tyrone Nesby, Lamar Odom"
2000,O,-6.128296864990365,219.0,72,"Latrell Sprewell, Chris Childs, Kurt Thomas, Larry Johnson, Marcus Camby"
2000,D,5.92835516076152,1637.0,249,"Steven Smith, Arvydas Sabonis, Rasheed Wallace, Damon Stoudamire, Scottie Pippen"
2000,D,-5.913779059104452,326.0,70,"Derek Anderson, Maurice Taylor, Michael Olowokandi, Tyrone Nesby, Lamar Odom"
2000,O,5.913747151767855,336.0,114,"Grant Hill, Lindsey Hunter, Terry Mills, Jerry Stackhouse, Jerome Williams"
2000,O,5.90631133079827,217.0,65,"Sam Perkins, Jalen Rose, Mark Jackson, Reggie Miller, Dale Davis"
2000,D,-5.885302918785017,415.0,79,"David Wesley, Bobby Phills, Anthony Mason, Eddie Jones, Elden Campbell"
2000,D,-5.843883221767692,233.0,78,"Latrell Sprewell, Patrick Ewing, Allan Houston, Charlie Ward, Marcus Camby"
2000,D,-5.722324968644439,640.0,154,"Steven Smith, Brian Grant, Rasheed Wallace, Damon Stoudamire, Scottie Pippen"
2000,D,5.715961357753923,249.0,32,"Vlade Divac, Chris Webber, Corliss Williamson, Peja Stojakovic, Jason Williams"
2000,O,5.699714454740861,304.0,90,"George McCloud, Nick Van Exel, Antonio McDyess, Ron Mercer, Raef LaFrentz"
2000,D,5.681212762447563,278.0,86,"Robert Horry, Shaquille O'Neal, Glen Rice, Derek Fisher, Kobe Bryant"
2000,O,5.680101120424113,613.0,166,"Grant Hill, Lindsey Hunter, Christian Laettner, Jerry Stackhouse, Jerome Williams"
2000,D,5.67685524525182,351.0,65,"Darrell Armstrong, Bo Outlaw, John Amaechi, Ben Wallace, Tariq Abdul-Wahad"
2000,D,-5.626698162464545,253.0,85,"Dikembe Mutombo, Isaiah Rider, Alan Henderson, Jim Jackson, Jason Terry"
2000,O,5.500542366191113,518.0,83,"Michael Finley, Shawn Bradley, Steve Nash, Erick Strickland, Dirk Nowitzki"
2000,O,-5.414698840367475,897.0,149,"Nick Van Exel, Antonio McDyess, Ron Mercer, Raef LaFrentz, James Posey"
2000,D,-5.305573975358082,381.0,73,"George McCloud, Nick Van Exel, Antonio McDyess, Raef LaFrentz, James Posey"
2000,D,5.287115845472582,214.0,75,"Latrell Sprewell, Chris Childs, Kurt Thomas, Larry Johnson, Marcus Camby"
2000,D,-5.231832715031575,674.0,211,"Sam Cassell, Glenn Robinson, Ervin Johnson, Ray Allen, Tim Thomas"
2000,D,-5.168115680319588,706.0,121,"Dan Majerle, P.J. Brown, Alonzo Mourning, Jamal Mashburn, Anthony Carter"
2000,O,5.130738224745558,270.0,40,"Anthony Miller, Matt Bullard, Shandon Anderson, Walt Williams, Steve Francis"
2000,O,5.103257172144691,721.0,168,"Kendall Gill, Stephon Marbury, Kerry Kittles, Jamie Feick, Keith Van Horn"
2000,D,-5.077933964733669,222.0,73,"Johnny Newman, Stephon Marbury, Kerry Kittles, Jamie Feick, Keith Van Horn"
2000,O,5.0723611835288684,283.0,46,"Sam Mitchell, Kevin Garnett, Malik Sealy, Bobby Jackson, Rasho Nesterovic"
2000,O,-5.059439086787136,365.0,113,"Darrick Martin, Jon Barry, Peja Stojakovic, Lawrence Funderburke, Scot Pollard"
2000,D,5.036246139531504,452.0,108,"Gary Payton, Horace Grant, Vin Baker, Brent Barry, Rashard Lewis"
2000,D,-5.024181978874677,446.0,141,"Karl Malone, John Stockton, Howard Eisley, Greg Ostertag, Bryon Russell"
2000,D,4.954223086300428,330.0,53,"Terrell Brandon, Kevin Garnett, Malik Sealy, Dean Garrett, Wally Szczerbiak"
2000,O,-4.881114953594141,356.0,59,"Cedric Ceballos, Michael Finley, Shawn Bradley, Erick Strickland, Dirk Nowitzki"
2000,O,-4.831201701640905,503.0,158,"Robert Horry, Rick Fox, Shaquille O'Neal, Derek Fisher, Kobe Bryant"
2000,D,-4.830551869324065,208.0,36,"Doug Christie, Dell Curry, Antonio Davis, Charles Oakley, Vince Carter"
2000,O,-4.812199162429318,523.0,95,"Mark Bryant, Shawn Kemp, Lamond Murray, Bob Sura, Brevin Knight"
2000,O,4.810955530534151,215.0,78,"Scott Burrell, Johnny Newman, Lucious Harris, Stephon Marbury, Jamie Feick"
2000,D,4.759464002582692,387.0,129,"Kenny Anderson, Antoine Walker, Tony Battie, Adrian Griffin, Paul Pierce"
2000,O,4.732327097077491,1666.0,243,"Dikembe Mutombo, Isaiah Rider, Alan Henderson, Jim Jackson, Bimbo Coles"
2000,D,4.501066331825194,318.0,112,"Terrell Brandon, Anthony Peeler, Joe Smith, Kevin Garnett, Malik Sealy"
2000,D,4.466119144466827,294.0,51,"Mookie Blaylock, John Starks, Donyell Marshall, Adonal Foyle, Antawn Jamison"
2000,O,4.393172254267679,279.0,73,"Muggsy Bogues, Antonio Davis, Charles Oakley, Tracy McGrady, Vince Carter"
2000,D,4.349166220660502,208.0,70,"Scott Burrell, Johnny Newman, Elliot Perry, Lucious Harris, Jamie Feick"
2000,D,-4.342736601713853,354.0,101,"Terrell Brandon, Anthony Peeler, Joe Smith, Kevin Garnett, Wally Szczerbiak"
2000,O,-4.334558230974787,453.0,110,"Gary Payton, Horace Grant, Vin Baker, Brent Barry, Rashard Lewis"
2000,D,4.327372352198779,211.0,26,"Olden Polynice, Jeff Hornacek, Karl Malone, John Stockton, Scott Padgett"
2000,O,4.281187444244396,233.0,40,"Darrell Armstrong, Bo Outlaw, Ben Wallace, Tariq Abdul-Wahad, Michael Doleac"
2000,O,4.216734685559873,352.0,65,"Darrell Armstrong, Bo Outlaw, John Amaechi, Ben Wallace, Tariq Abdul-Wahad"
2000,O,-4.174376276129233,664.0,91,"Mario Elie, Chucky Brown, Avery Johnson, David Robinson, Tim Duncan"
2000,D,4.090640744332509,980.0,159,"Darrell Armstrong, Bo Outlaw, John Amaechi, Ben Wallace, Ron Mercer"
2000,D,-4.014156644813538,1289.0,182,"Sam Cassell, Scott Williams, Glenn Robinson, Ervin Johnson, Ray Allen"
2000,O,-3.954444758119746,375.0,82,"Clifford Robinson, Rex Chapman, Jason Kidd, Rodney Rogers, Oliver Miller"
2000,O,3.9478503101659057,232.0,75,"Latrell Sprewell, Patrick Ewing, Allan Houston, Charlie Ward, Marcus Camby"
2000,D,3.9322657974398427,942.0,145,"Tyrone Hill, George Lynch, Theo Ratliff, Eric Snow, Allen Iverson"
2000,D,-3.9084517686361493,560.0,85,"Dikembe Mutombo, Alan Henderson, Jim Jackson, Roshown McLeod, Jason Terry"
2000,O,3.9049277960014455,506.0,134,"Jeff Hornacek, Karl Malone, John Stockton, Greg Ostertag, Bryon Russell"
2000,D,-3.8555928215771607,204.0,38,"Kendall Gill, Stephon Marbury, Kerry Kittles, Keith Van Horn, Evan Eschmeyer"
2000,D,3.8260922702224858,445.0,86,"Michael Smith, Rod Strickland, Juwan Howard, Mitch Richmond, Ike Austin"
2000,O,-3.7677478029853013,354.0,65,"Nick Van Exel, Antonio McDyess, Raef LaFrentz, Keon Clark, James Posey"
2000,D,3.755652407608736,570.0,118,"Shawn Kemp, Lamond Murray, Bob Sura, Andrew DeClercq, Brevin Knight"
2000,D,-3.7127324749109625,209.0,58,"Terrell Brandon, Sam Mitchell, Joe Smith, Kevin Garnett, Malik Sealy"
2000,D,3.706263394220166,380.0,66,"Terrell Brandon, Sam Mitchell, Kevin Garnett, Malik Sealy, Rasho Nesterovic"
2000,O,-3.6470951139034553,248.0,84,"Sam Cassell, Scott Williams, Glenn Robinson, Ray Allen, Tim Thomas"
2000,O,3.643287297374827,2075.0,303,"Grant Hill, Lindsey Hunter, Christian Laettner, Terry Mills, Jerry Stackhouse"
2000,O,3.6424557339702566,295.0,52,"Mookie Blaylock, John Starks, Donyell Marshall, Adonal Foyle, Antawn Jamison"
2000,O,3.59779625611756,347.0,67,"Tyrone Hill, Toni Kukoc, Theo Ratliff, Eric Snow, Allen Iverson"
2000,O,-3.554918397838987,375.0,49,"Rod Strickland, Juwan Howard, Mitch Richmond, Gerard King, Jahidi White"
2000,D,3.5252357247180544,204.0,64,"Johnny Newman, Lucious Harris, Stephon Marbury, Jamie Feick, Keith Van Horn"
2000,O,3.4782525991416757,375.0,68,"P.J. Brown, Alonzo Mourning, Jamal Mashburn, Voshon Lenard, Tim Hardaway"
2000,O,3.463705283334584,411.0,80,"Terrell Brandon, Anthony Peeler, Kevin Garnett, Rasho Nesterovic, Wally Szczerbiak"
2000,D,3.4239762009938275,872.0,135,"Jim McIlvaine, Kendall Gill, Stephon Marbury, Kerry Kittles, Keith Van Horn"
2000,D,-3.3915246868996696,272.0,71,"Muggsy Bogues, Antonio Davis, Charles Oakley, Tracy McGrady, Vince Carter"
2000,D,3.3834369454837905,371.0,84,"Kenny Anderson, Eric Williams, Antoine Walker, Vitaly Potapenko, Paul Pierce"
2000,D,3.3508210234008575,653.0,91,"Mario Elie, Chucky Brown, Avery Johnson, David Robinson, Tim Duncan"
2000,O,-3.3100342596715655,2334.0,317,"Nick Anderson, Vlade Divac, Chris Webber, Corliss Williamson, Jason Williams"
2000,D,-3.281145345213026,311.0,75,"Jalen Rose, Mark Jackson, Reggie Miller, Dale Davis, Austin Croshere"
2000,D,3.2719399210110724,479.0,80,"Derek Anderson, Maurice Taylor, Troy Hudson, Michael Olowokandi, Lamar Odom"
2000,D,3.2553453879707344,1082.0,184,"Dan Majerle, P.J. Brown, Alonzo Mourning, Jamal Mashburn, Tim Hardaway"
2000,D,-3.212300584408689,214.0,69,"Chris Webber, Jon Barry, Peja Stojakovic, Scot Pollard, Jason Williams"
2000,O,3.188022239634209,337.0,53,"Chris Whitney, Juwan Howard, Mitch Richmond, Gerard King, Jahidi White"
2000,D,-3.134380353416341,314.0,38,"Luc Longley, Anfernee Hardaway, Clifford Robinson, Randy Livingston, Shawn Marion"
2000,D,-3.123082700967553,2323.0,313,"Nick Anderson, Vlade Divac, Chris Webber, Corliss Williamson, Jason Williams"
2000,O,3.070428787381106,413.0,77,"David Wesley, Bobby Phills, Anthony Mason, Eddie Jones, Elden Campbell"
2000,O,3.0370689878887176,889.0,140,"Jim McIlvaine, Kendall Gill, Stephon Marbury, Kerry Kittles, Keith Van Horn"
2000,O,-3.013010564031267,303.0,70,"Steven Smith, Rasheed Wallace, Damon Stoudamire, Scottie Pippen, Jermaine O'Neal"
2000,D,-2.9848023498824525,324.0,97,"Latrell Sprewell, Allan Houston, Charlie Ward, Kurt Thomas, Marcus Camby"
2000,D,-2.9694783643113305,351.0,114,"Grant Hill, Lindsey Hunter, Terry Mills, Jerry Stackhouse, Jerome Williams"
2000,O,2.9673789458533806,363.0,58,"Hakeem Olajuwon, Shandon Anderson, Walt Williams, Steve Francis, Kenny Thomas"
2000,O,-2.9456709363968594,605.0,106,"Michael Smith, Rod Strickland, Juwan Howard, Mitch Richmond, Jahidi White"
2000,D,2.9112147581366976,1647.0,224,"Ron Harper, Shaquille O'Neal, Glen Rice, A.C. Green, Kobe Bryant"
2000,O,-2.910082369753615,490.0,90,"Mario Elie, Avery Johnson, Jerome Kersey, David Robinson, Tim Duncan"
2000,O,2.889825523713681,335.0,98,"Grant Long, Shareef Abdur-Rahim, Othella Harrington, Mike Bibby, Michael Dickerson"
2000,D,-2.880771646245415,610.0,164,"Grant Hill, Lindsey Hunter, Christian Laettner, Jerry Stackhouse, Jerome Williams"
2000,O,-2.8339457870170675,582.0,120,"Shawn Kemp, Lamond Murray, Bob Sura, Andrew DeClercq, Brevin Knight"
2000,O,-2.810042611888339,506.0,66,"Monty Williams, Darrell Armstrong, Ben Wallace, Tariq Abdul-Wahad, Michael Doleac"
2000,D,2.779313050233352,1685.0,269,"Olden Polynice, Jeff Hornacek, Karl Malone, John Stockton, Bryon Russell"
2000,D,2.778595628864486,235.0,41,"Darrell Armstrong, Bo Outlaw, Ben Wallace, Tariq Abdul-Wahad, Michael Doleac"
2000,O,2.7773305142034026,672.0,119,"Ron Harper, Shaquille O'Neal, Glen Rice, A.C. Green, Derek Fisher"
2000,D,-2.7591235275271244,209.0,54,"Lindsey Hunter, Christian Laettner, Terry Mills, Michael Curry, Jerry Stackhouse"
2000,O,-2.7489550882932283,325.0,38,"Luc Longley, Anfernee Hardaway, Clifford Robinson, Randy Livingston, Shawn Marion"
2000,O,2.7444011813832088,212.0,62,"Gary Payton, Vernon Maxwell, Horace Grant, Vin Baker, Brent Barry"
2000,D,2.648513789664509,293.0,38,"Hakeem Olajuwon, Charles Barkley, Shandon Anderson, Walt Williams, Steve Francis"
2000,O,2.64831834636731,206.0,65,"Robert Horry, Brian Shaw, Shaquille O'Neal, Glen Rice, Kobe Bryant"
2000,D,-2.643362169440377,262.0,71,"Latrell Sprewell, Patrick Ewing, Chris Childs, Allan Houston, Larry Johnson"
2000,O,2.567456020987409,647.0,102,"Sam Cassell, Glenn Robinson, Ervin Johnson, Ray Allen, Darvin Ham"
2000,O,-2.4821444826654915,2083.0,290,"Rik Smits, Jalen Rose, Mark Jackson, Reggie Miller, Dale Davis"
2000,O,-2.461880954183281,536.0,91,"Luc Longley, Tom Gugliotta, Anfernee Hardaway, Clifford Robinson, Jason Kidd"
2000,D,2.443622971182235,372.0,47,"Rod Strickland, Juwan Howard, Mitch Richmond, Gerard King, Jahidi White"
2000,D,-2.3605100115779973,265.0,58,"Dickey Simpkins, Randy Brown, Hersey Hawkins, Elton Brand, Metta World Peace"
2000,O,2.340231654305345,1995.0,296,"Gary Payton, Horace Grant, Vin Baker, Brent Barry, Ruben Patterson"
2000,O,2.339427946239169,258.0,74,"Detlef Schrempf, Steven Smith, Rasheed Wallace, Damon Stoudamire, Scottie Pippen"
2000,D,2.3319243487845998,201.0,70,"Chris Whitney, Tracy Murray, Ike Austin, Aaron Williams, Richard Hamilton"
2000,O,2.2992448405851302,954.0,176,"Doug Christie, Antonio Davis, Charles Oakley, Tracy McGrady, Vince Carter"
2000,D,2.288892892477487,384.0,73,"Nick Anderson, Vlade Divac, Chris Webber, Tyrone Corbin, Jason Williams"
2000,D,-2.2669270736306055,266.0,61,"Shandon Anderson, Kelvin Cato, Cuttino Mobley, Steve Francis, Kenny Thomas"
2000,D,2.230828792772717,515.0,131,"Jeff Hornacek, Karl Malone, John Stockton, Greg Ostertag, Bryon Russell"
2000,D,-2.224229139686199,290.0,92,"George McCloud, Nick Van Exel, Antonio McDyess, Ron Mercer, Raef LaFrentz"
2000,D,2.221558380872965,234.0,33,"Mookie Blaylock, Jason Caffey, Donyell Marshall, Erick Dampier, Larry Hughes"
2000,D,-2.211453151591031,729.0,170,"Kendall Gill, Stephon Marbury, Kerry Kittles, Jamie Feick, Keith Van Horn"
2000,D,-2.1085362592156103,285.0,47,"Sam Mitchell, Kevin Garnett, Malik Sealy, Bobby Jackson, Rasho Nesterovic"
2000,D,2.0858159798657585,539.0,80,"Doug Christie, Antonio Davis, Charles Oakley, Alvin Williams, Vince Carter"
2000,D,2.0613423920352316,386.0,97,"Olden Polynice, Karl Malone, John Stockton, Howard Eisley, Bryon Russell"
2000,D,2.03894614716357,333.0,55,"Chris Whitney, Juwan Howard, Mitch Richmond, Gerard King, Jahidi White"
2000,O,-2.037794614443309,280.0,88,"Robert Horry, Ron Harper, Shaquille O'Neal, Glen Rice, Kobe Bryant"
2000,D,2.024775953624208,2068.0,353,"David Wesley, Anthony Mason, Eddie Jones, Elden Campbell, Derrick Coleman"
2000,D,-2.01333734918029,1960.0,294,"Bryant Reeves, Shareef Abdur-Rahim, Othella Harrington, Mike Bibby, Michael Dickerson"
2000,O,-1.989060123182828,978.0,160,"Darrell Armstrong, Bo Outlaw, John Amaechi, Ben Wallace, Ron Mercer"
2000,O,-1.9462084280676746,246.0,31,"Vlade Divac, Chris Webber, Corliss Williamson, Peja Stojakovic, Jason Williams"
2000,O,-1.916835510096412,1983.0,294,"Bryant Reeves, Shareef Abdur-Rahim, Othella Harrington, Mike Bibby, Michael Dickerson"
2000,O,-1.8839724875090373,1692.0,271,"Olden Polynice, Jeff Hornacek, Karl Malone, John Stockton, Bryon Russell"
2000,O,1.8676901604523948,207.0,70,"Chris Whitney, Tracy Murray, Ike Austin, Aaron Williams, Richard Hamilton"
2000,D,-1.8445832271493017,1658.0,243,"Dikembe Mutombo, Isaiah Rider, Alan Henderson, Jim Jackson, Bimbo Coles"
2000,D,-1.8123676931347321,277.0,88,"Robert Horry, Ron Harper, Shaquille O'Neal, Glen Rice, Kobe Bryant"
2000,O,1.8118972829845812,227.0,45,"Dikembe Mutombo, Alan Henderson, Jim Jackson, Bimbo Coles, Roshown McLeod"
2000,D,1.7838347351557817,328.0,46,"Eric Murdock, Derek Anderson, Maurice Taylor, Michael Olowokandi, Lamar Odom"
2000,D,1.7380908048261963,506.0,93,"Mark Bryant, Shawn Kemp, Lamond Murray, Bob Sura, Brevin Knight"
2000,D,1.6630117578384136,556.0,112,"Kenny Anderson, Calbert Cheaney, Antoine Walker, Vitaly Potapenko, Paul Pierce"
2000,O,1.6501963471447898,1305.0,190,"Sam Cassell, Scott Williams, Glenn Robinson, Ervin Johnson, Ray Allen"
2000,O,1.5771435268749256,306.0,71,"Jalen Rose, Mark Jackson, Reggie Miller, Dale Davis, Austin Croshere"
2000,D,-1.5115684782900252,2057.0,288,"Rik Smits, Jalen Rose, Mark Jackson, Reggie Miller, Dale Davis"
2000,O,-1.499041284404866,287.0,77,"Nick Anderson, Vlade Divac, Chris Webber, Peja Stojakovic, Jason Williams"
2000,O,1.4909462048459892,474.0,148,"Dennis Scott, Shareef Abdur-Rahim, Othella Harrington, Mike Bibby, Michael Dickerson"
2000,O,-1.4831885075231017,1647.0,225,"Ron Harper, Shaquille O'Neal, Glen Rice, A.C. Green, Kobe Bryant"
2000,O,-1.4726527151669537,264.0,77,"Latrell Sprewell, Patrick Ewing, Chris Childs, Allan Houston, Larry Johnson"
2000,O,-1.4591914103907733,277.0,44,"Latrell Sprewell, Patrick Ewing, Allan Houston, Kurt Thomas, Larry Johnson"
2000,D,-1.4256795888778722,248.0,81,"Sam Cassell, Scott Williams, Glenn Robinson, Ray Allen, Tim Thomas"
2000,O,1.3749314277273659,302.0,40,"Doug Christie, Antonio Davis, Dee Brown, Charles Oakley, Vince Carter"
2000,O,-1.294606320720315,206.0,68,"Scott Burrell, Johnny Newman, Elliot Perry, Lucious Harris, Jamie Feick"
2000,O,1.2928636178709692,471.0,117,"Mario Elie, Terry Porter, Avery Johnson, David Robinson, Tim Duncan"
2000,D,1.2864659492885417,637.0,104,"Sam Cassell, Glenn Robinson, Ervin Johnson, Ray Allen, Darvin Ham"
2000,D,-1.2852859150171079,374.0,55,"Luc Longley, Tom Gugliotta, Anfernee Hardaway, Jason Kidd, Shawn Marion"
2000,D,1.2423086097780924,606.0,103,"Michael Smith, Rod Strickland, Juwan Howard, Mitch Richmond, Jahidi White"
2000,O,-1.1830269115649623,1304.0,178,"Latrell Sprewell, Patrick Ewing, Allan Houston, Charlie Ward, Larry Johnson"
2000,O,1.1762074704219272,712.0,122,"Dan Majerle, P.J. Brown, Alonzo Mourning, Jamal Mashburn, Anthony Carter"
2000,D,-1.1475778765989326,807.0,136,"Mark Bryant, Shawn Kemp, Lamond Murray, Wesley Person, Andre Miller"
2000,O,-1.1327824621922815,302.0,40,"Hakeem Olajuwon, Charles Barkley, Shandon Anderson, Walt Williams, Steve Francis"
2000,D,-1.122539499965834,302.0,39,"Doug Christie, Antonio Davis, Dee Brown, Charles Oakley, Vince Carter"
2000,O,1.1117610426653535,375.0,113,"Monty Williams, Chucky Atkins, Michael Doleac, Pat Garrity, Corey Maggette"
2000,D,-1.093893640960574,348.0,66,"Tyrone Hill, Toni Kukoc, Theo Ratliff, Eric Snow, Allen Iverson"
2000,O,1.0288897167895836,225.0,77,"Johnny Newman, Stephon Marbury, Kerry Kittles, Jamie Feick, Keith Van Horn"
2000,O,0.9844591685118134,570.0,111,"Kenny Anderson, Calbert Cheaney, Antoine Walker, Vitaly Potapenko, Paul Pierce"
2000,O,0.9709802715890222,237.0,59,"Latrell Sprewell, Patrick Ewing, Allan Houston, Charlie Ward, Kurt Thomas"
2000,O,0.9704394503781887,2078.0,355,"David Wesley, Anthony Mason, Eddie Jones, Elden Campbell, Derrick Coleman"
2000,O,0.9617824581607853,304.0,97,"Robert Horry, Brian Shaw, Rick Fox, Shaquille O'Neal, Derek Fisher"
2000,D,0.9269183061041331,372.0,77,"Clifford Robinson, Rex Chapman, Jason Kidd, Rodney Rogers, Oliver Miller"
2000,O,0.9021761888200623,406.0,94,"Dikembe Mutombo, LaPhonso Ellis, Alan Henderson, Jim Jackson, Jason Terry"
2000,O,-0.8892045805967828,205.0,50,"Dickey Simpkins, Toni Kukoc, Matt Maloney, Elton Brand, Metta World Peace"
2000,D,0.8839994411622053,293.0,78,"Nick Anderson, Vlade Divac, Chris Webber, Peja Stojakovic, Jason Williams"
2000,D,0.85801384841203,352.0,92,"Cedric Ceballos, Hubert Davis, Michael Finley, Shawn Bradley, Dirk Nowitzki"
2000,O,-0.8521689033920886,371.0,55,"Luc Longley, Tom Gugliotta, Anfernee Hardaway, Jason Kidd, Shawn Marion"
2000,O,0.7891380428356461,951.0,146,"Tyrone Hill, George Lynch, Theo Ratliff, Eric Snow, Allen Iverson"
2000,O,-0.7698759730213232,534.0,100,"Mario Elie, Avery Johnson, David Robinson, Jaren Jackson, Tim Duncan"
2000,O,0.7549755956712418,331.0,67,"Maurice Taylor, Troy Hudson, Michael Olowokandi, Tyrone Nesby, Lamar Odom"
2000,D,-0.7369900747603199,465.0,116,"Mario Elie, Terry Porter, Avery Johnson, David Robinson, Tim Duncan"
2000,O,-0.6789498638273771,441.0,132,"Karl Malone, John Stockton, Howard Eisley, Greg Ostertag, Bryon Russell"
2000,O,-0.6265424187538291,487.0,81,"Derek Anderson, Maurice Taylor, Troy Hudson, Michael Olowokandi, Lamar Odom"
2000,D,-0.5553175825874727,343.0,65,"Nick Van Exel, Antonio McDyess, Raef LaFrentz, Keon Clark, James Posey"
2000,O,-0.5374288995136866,304.0,70,"Tracy Murray, Rod Strickland, Juwan Howard, Mitch Richmond, Jahidi White"
2000,D,0.534184478792191,363.0,114,"Darrick Martin, Jon Barry, Peja Stojakovic, Lawrence Funderburke, Scot Pollard"
2000,D,-0.5291738780709627,270.0,38,"Mario Elie, Sean Elliott, Avery Johnson, David Robinson, Tim Duncan"
2000,D,-0.5075304968923334,376.0,67,"P.J. Brown, Alonzo Mourning, Jamal Mashburn, Voshon Lenard, Tim Hardaway"
2000,D,-0.467940653184353,384.0,117,"Monty Williams, Chucky Atkins, Michael Doleac, Pat Garrity, Corey Maggette"
2000,D,0.45827676512868964,491.0,64,"Monty Williams, Darrell Armstrong, Ben Wallace, Tariq Abdul-Wahad, Michael Doleac"
2000,D,-0.4371710722517503,2062.0,303,"Grant Hill, Lindsey Hunter, Christian Laettner, Terry Mills, Jerry Stackhouse"
2000,O,-0.43413111645976155,550.0,80,"Doug Christie, Antonio Davis, Charles Oakley, Alvin Williams, Vince Carter"
2000,D,-0.422845339330292,1278.0,175,"Latrell Sprewell, Patrick Ewing, Allan Houston, Charlie Ward, Larry Johnson"
2000,D,-0.370948281308577,959.0,184,"Doug Christie, Antonio Davis, Charles Oakley, Tracy McGrady, Vince Carter"
2000,D,0.3602023315881612,1994.0,297,"Gary Payton, Horace Grant, Vin Baker, Brent Barry, Ruben Patterson"
2000,O,-0.34139975877523215,590.0,108,"Cherokee Parks, Shareef Abdur-Rahim, Othella Harrington, Mike Bibby, Michael Dickerson"
2000,O,0.33278199421533405,1067.0,220,"Kenny Anderson, Antoine Walker, Vitaly Potapenko, Adrian Griffin, Paul Pierce"
2000,D,-0.3148817767381068,201.0,73,"Sam Perkins, Reggie Miller, Travis Best, Austin Croshere, Al Harrington"
2000,D,0.31337364328110917,267.0,40,"Anthony Miller, Matt Bullard, Shandon Anderson, Walt Williams, Steve Francis"
2000,D,0.2716383552273341,491.0,76,"Shandon Anderson, Walt Williams, Kelvin Cato, Steve Francis, Kenny Thomas"
2000,O,-0.2325679936939386,829.0,139,"Mark Bryant, Shawn Kemp, Lamond Murray, Wesley Person, Andre Miller"
2000,O,-0.20459142313009096,238.0,36,"Mookie Blaylock, Jason Caffey, Donyell Marshall, Erick Dampier, Larry Hughes"
2000,D,0.1652360441906863,436.0,112,"Terrell Brandon, Joe Smith, Kevin Garnett, Malik Sealy, Wally Szczerbiak"
2000,D,0.06983275157880756,344.0,100,"Grant Long, Shareef Abdur-Rahim, Othella Harrington, Mike Bibby, Michael Dickerson"
2000,O,-0.017031792584425276,569.0,97,"Rik Smits, Jalen Rose, Mark Jackson, Reggie Miller, Austin Croshere"
2000,D,-0.012153840128266449,527.0,87,"Luc Longley, Tom Gugliotta, Anfernee Hardaway, Clifford Robinson, Jason Kidd"
2000,O,0.00410443045279769,1674.0,262,"Steven Smith, Arvydas Sabonis, Rasheed Wallace, Damon Stoudamire, Scottie Pippen"
2001,D,-30.34781486044872,220.0,63,"Darrell Armstrong, Bo Outlaw, John Amaechi, Tracy McGrady, Pat Garrity"
2001,O,-20.552971790528737,280.0,33,"Latrell Sprewell, Allan Houston, Mark Jackson, Larry Johnson, Marcus Camby"
2001,D,19.39703469992958,204.0,68,"Danny Ferry, David Robinson, Tim Duncan, Antonio Daniels, Derek Anderson"
2001,D,-18.927887498610566,338.0,108,"Olden Polynice, Karl Malone, John Starks, Bryon Russell, Jacque Vaughn"
2001,D,16.010933620233697,343.0,55,"Stacey Augmon, Arvydas Sabonis, Rasheed Wallace, Damon Stoudamire, Bonzi Wells"
2001,D,-15.988523132000779,285.0,80,"Kenny Anderson, Bryant Stith, Antoine Walker, Vitaly Potapenko, Paul Pierce"
2001,D,-15.980260577014457,230.0,86,"Sam Cassell, Lindsey Hunter, Glenn Robinson, Ervin Johnson, Tim Thomas"
2001,O,-15.951855696872485,256.0,83,"Tom Gugliotta, Jason Kidd, Rodney Rogers, Tony Delk, Shawn Marion"
2001,D,15.721966047101333,251.0,40,"Juwan Howard, Michael Finley, Steve Nash, Dirk Nowitzki, Calvin Booth"
2001,D,-15.504832857547072,269.0,59,"Lucious Harris, Stephon Marbury, Aaron Williams, Keith Van Horn, Kenyon Martin"
2001,O,15.288567984147857,371.0,63,"Sam Cassell, Scott Williams, Glenn Robinson, Ray Allen, Mark Pope"
2001,D,15.214256466904772,323.0,84,"Hubert Davis, Michael Finley, Shawn Bradley, Steve Nash, Dirk Nowitzki"
2001,D,-15.08127304443161,242.0,64,"David Wesley, P.J. Brown, Jamal Mashburn, Derrick Coleman, Baron Davis"
2001,D,-14.797998656678168,209.0,57,"Johnny Newman, Lucious Harris, Stephon Marbury, Aaron Williams, Keith Van Horn"
2001,O,14.61812015985667,344.0,103,"Karl Malone, John Stockton, John Starks, Donyell Marshall, Bryon Russell"
2001,D,-14.331224275298409,402.0,101,"LaPhonso Ellis, Terrell Brandon, Kevin Garnett, Chauncey Billups, Wally Szczerbiak"
2001,O,14.318791418966553,215.0,66,"Darrell Armstrong, Bo Outlaw, John Amaechi, Tracy McGrady, Pat Garrity"
2001,O,14.30928701424987,204.0,69,"Darrell Armstrong, Tracy McGrady, Michael Doleac, Pat Garrity, Mike Miller"
2001,O,-13.92322272296963,241.0,63,"Latrell Sprewell, Chris Childs, Allan Houston, Larry Johnson, Marcus Camby"
2001,D,13.605797472031123,417.0,74,"Dikembe Mutombo, Lorenzen Wright, Matt Maloney, Roshown McLeod, Jason Terry"
2001,O,13.407943618047508,502.0,113,"Howard Eisley, Michael Finley, Shawn Bradley, Steve Nash, Dirk Nowitzki"
2001,D,13.131188210393004,671.0,121,"Sean Elliott, Avery Johnson, David Robinson, Tim Duncan, Derek Anderson"
2001,O,12.82675647018944,347.0,109,"Gary Payton, Vin Baker, Brent Barry, Ruben Patterson, Rashard Lewis"
2001,D,-12.787691755883174,215.0,75,"Eric Williams, Randy Brown, Antoine Walker, Vitaly Potapenko, Paul Pierce"
2001,O,12.748497416865723,381.0,120,"George McCloud, Nick Van Exel, Antonio McDyess, Voshon Lenard, Raef LaFrentz"
2001,D,11.957954349030837,226.0,63,"Hubert Davis, Howard Eisley, Michael Finley, Shawn Bradley, Dirk Nowitzki"
2001,D,11.94539160445277,258.0,84,"Tom Gugliotta, Jason Kidd, Rodney Rogers, Tony Delk, Shawn Marion"
2001,O,-11.798203402780832,363.0,73,"Terrell Brandon, Anthony Peeler, Kevin Garnett, Dean Garrett, Wally Szczerbiak"
2001,O,11.767649081460771,336.0,59,"Horace Grant, Rick Fox, Shaquille O'Neal, Derek Fisher, Kobe Bryant"
2001,D,-11.70023210212769,341.0,101,"Karl Malone, John Stockton, John Starks, Donyell Marshall, Bryon Russell"
2001,D,11.475085559068118,236.0,34,"Sam Cassell, Glenn Robinson, Ervin Johnson, Ray Allen, Mark Pope"
2001,O,11.422076481834468,253.0,72,"Eric Piatkowski, Sean Rooks, Jeff McInnis, Lamar Odom, Darius Miles"
2001,D,11.412931315473875,233.0,36,"Sam Perkins, Jalen Rose, Derrick McKey, Reggie Miller, Jermaine O'Neal"
2001,O,11.3305180618866,390.0,63,"Terrell Brandon, Anthony Peeler, Kevin Garnett, Reggie Slater, Wally Szczerbiak"
2001,O,-11.183902111276309,260.0,47,"Gary Payton, Patrick Ewing, Vin Baker, Rashard Lewis, Desmond Mason"
2001,O,11.179647006600161,338.0,75,"Clar. Weatherspoon, Chris Gatling, Lamond Murray, Jim Jackson, Andre Miller"
2001,O,-10.97892156018016,328.0,52,"Mario Elie, Chris Dudley, Clifford Robinson, Jason Kidd, Shawn Marion"
2001,D,10.875289807220232,730.0,130,"Danny Ferry, Terry Porter, David Robinson, Tim Duncan, Derek Anderson"
2001,D,10.813225054125121,529.0,95,"Juwan Howard, Michael Finley, Shawn Bradley, Steve Nash, Dirk Nowitzki"
2001,D,10.715106107579924,208.0,39,"Dikembe Mutombo, Alan Henderson, Matt Maloney, Jason Terry, DerMarr Johnson"
2001,O,10.561874741741372,214.0,68,"Sam Cassell, Glenn Robinson, Jason Caffey, Ray Allen, Tim Thomas"
2001,D,10.517147264298725,766.0,125,"Antonio Davis, Mark Jackson, Corliss Williamson, Charles Oakley, Vince Carter"
2001,D,-10.433446790721739,387.0,107,"Darrell Armstrong, Bo Outlaw, John Amaechi, Tracy McGrady, Mike Miller"
2001,O,10.36801239397036,334.0,45,"Mookie Blaylock, Marc Jackson, Antawn Jamison, Larry Hughes, Chris Porter"
2001,O,-10.164631085594033,241.0,90,"Bryant Stith, Antoine Walker, Vitaly Potapenko, Paul Pierce, Milt Palacio"
2001,D,-10.022255287006848,403.0,125,"Sam Cassell, Glenn Robinson, Ervin Johnson, Ray Allen, Tim Thomas"
2001,D,-10.010607165243867,219.0,66,"Sam Cassell, Glenn Robinson, Jason Caffey, Ervin Johnson, Ray Allen"
2001,O,9.881717489866151,288.0,77,"Karl Malone, John Stockton, Danny Manning, Donyell Marshall, Bryon Russell"
2001,O,9.871714161791417,216.0,76,"Eric Williams, Randy Brown, Antoine Walker, Vitaly Potapenko, Paul Pierce"
2001,O,-9.738458739507422,203.0,31,"Dikembe Mutombo, Lorenzen Wright, Brevin Knight, Roshown McLeod, Jason Terry"
2001,D,9.65088413624708,231.0,38,"Toni Kukoc, Alan Henderson, Brevin Knight, Nazr Mohammed, Jason Terry"
2001,O,9.588689120317653,450.0,72,"Lucious Harris, Stephon Marbury, Keith Van Horn, Evan Eschmeyer, Kenyon Martin"
2001,D,9.569895582061458,221.0,62,"Doug Christie, Chris Webber, Peja Stojakovic, Scot Pollard, Bobby Jackson"
2001,D,-9.483353512594979,218.0,42,"Kenny Anderson, Bryant Stith, Antoine Walker, Tony Battie, Paul Pierce"
2001,O,9.457431361893722,215.0,38,"Bryant Stith, Randy Brown, Antoine Walker, Tony Battie, Paul Pierce"
2001,D,-9.434830420516704,221.0,42,"Stacey Augmon, Rasheed Wallace, Damon Stoudamire, Dale Davis, Bonzi Wells"
2001,D,9.125881632596345,231.0,76,"Anthony Mason, Eddie Jones, Tim Hardaway, A.C. Green, Bruce Bowen"
2001,O,-9.110582895849026,230.0,34,"Sam Perkins, Jalen Rose, Derrick McKey, Reggie Miller, Jermaine O'Neal"
2001,D,8.99786388456591,286.0,48,"Latrell Sprewell, Allan Houston, Glen Rice, Larry Johnson, Marcus Camby"
2001,O,8.96693736773477,343.0,62,"Fred Hoiberg, Bryce Drew, Brad Miller, Elton Brand, Metta World Peace"
2001,D,8.893807860541655,266.0,73,"Mario Elie, Clifford Robinson, Jason Kidd, Rodney Rogers, Shawn Marion"
2001,O,-8.750383971638337,220.0,35,"Mookie Blaylock, Bob Sura, Chris Mullin, Marc Jackson, Antawn Jamison"
2001,O,-8.710227959604865,457.0,61,"Dikembe Mutombo, Tyrone Hill, George Lynch, Eric Snow, Allen Iverson"
2001,D,-8.56210618267039,205.0,30,"Christian Laettner, Jahidi White, Richard Hamilton, Laron Profit, Courtney Alexander"
2001,O,-8.534770839102405,214.0,44,"Dikembe Mutombo, Alan Henderson, Matt Maloney, Jason Terry, DerMarr Johnson"
2001,D,8.532138033583475,248.0,56,"Jalen Rose, Reggie Miller, Travis Best, Jermaine O'Neal, Jeff Foster"
2001,O,8.507827710829217,406.0,72,"Olden Polynice, Karl Malone, John Stockton, Donyell Marshall, Bryon Russell"
2001,O,8.500018493536722,894.0,130,"Antonio Davis, Charles Oakley, Alvin Williams, Vince Carter, Morris Peterson"
2001,D,8.45299412319923,304.0,44,"Jalen Rose, Reggie Miller, Zan Tabak, Jermaine O'Neal, Al Harrington"
2001,D,8.433625985011648,561.0,89,"Mario Elie, Clifford Robinson, Jason Kidd, Shawn Marion, Jake Tsakalidis"
2001,D,-8.421204336692709,579.0,153,"LaPhonso Ellis, Terrell Brandon, Anthony Peeler, Kevin Garnett, Wally Szczerbiak"
2001,D,-8.42015751892825,286.0,42,"Shandon Anderson, Maurice Taylor, Kelvin Cato, Cuttino Mobley, Steve Francis"
2001,O,8.382942720049948,584.0,123,"Antonio Davis, Mark Jackson, Charles Oakley, Vince Carter, Morris Peterson"
2001,D,8.319467272648227,602.0,110,"Terrell Brandon, Anthony Peeler, Kevin Garnett, Rasho Nesterovic, Wally Szczerbiak"
2001,D,-8.312338400349379,230.0,37,"Doug Overton, Johnny Newman, Lucious Harris, Keith Van Horn, Evan Eschmeyer"
2001,O,-8.278619747424163,382.0,62,"Tyrone Hill, George Lynch, Theo Ratliff, Eric Snow, Allen Iverson"
2001,D,-8.27454308511565,257.0,49,"Gary Payton, Patrick Ewing, Vin Baker, Rashard Lewis, Desmond Mason"
2001,D,8.063519975143038,364.0,81,"Doug Christie, Vlade Divac, Chris Webber, Peja Stojakovic, Bobby Jackson"
2001,D,-8.037551049168007,270.0,48,"Shareef Abdur-Rahim, Othella Harrington, Mike Bibby, Michael Dickerson, Damon Jones"
2001,O,7.871001803145554,403.0,119,"Sam Cassell, Glenn Robinson, Ervin Johnson, Ray Allen, Tim Thomas"
2001,O,7.850491311480941,351.0,74,"Brian Shaw, Horace Grant, Rick Fox, Shaquille O'Neal, Derek Fisher"
2001,O,7.786076645719412,580.0,96,"Clar. Weatherspoon, Wesley Person, Matt Harpring, Andre Miller, Chris Mihm"
2001,D,7.715482365488208,390.0,63,"Terrell Brandon, Anthony Peeler, Kevin Garnett, Reggie Slater, Wally Szczerbiak"
2001,D,7.681967185886783,268.0,62,"Ron Mercer, Elton Brand, Metta World Peace, Michael Ruffin, Khalid El-Amin"
2001,O,7.661145461041602,353.0,57,"Brian Shaw, Horace Grant, Rick Fox, Shaquille O'Neal, Kobe Bryant"
2001,D,7.641282246975084,249.0,67,"Antonio Davis, Mark Jackson, Charles Oakley, Alvin Williams, Vince Carter"
2001,O,-7.60803288965526,394.0,115,"Bryant Stith, Randy Brown, Antoine Walker, Vitaly Potapenko, Paul Pierce"
2001,D,-7.528781587713241,202.0,47,"Steven Smith, Stacey Augmon, Rasheed Wallace, Damon Stoudamire, Dale Davis"
2001,D,-7.5060921602353625,208.0,46,"Grant Long, Tony Massenburg, Shareef Abdur-Rahim, Mike Bibby, Michael Dickerson"
2001,O,7.465860357937985,286.0,40,"Shandon Anderson, Maurice Taylor, Kelvin Cato, Cuttino Mobley, Steve Francis"
2001,D,7.356164511627646,288.0,68,"Mookie Blaylock, Bob Sura, Marc Jackson, Antawn Jamison, Larry Hughes"
2001,O,-7.1976422298842975,605.0,109,"Terrell Brandon, Anthony Peeler, Kevin Garnett, Rasho Nesterovic, Wally Szczerbiak"
2001,D,-7.1749870511483005,331.0,114,"Lindsey Hunter, Glenn Robinson, Ervin Johnson, Ray Allen, Tim Thomas"
2001,O,7.0010090021362945,250.0,42,"Juwan Howard, Michael Finley, Steve Nash, Dirk Nowitzki, Calvin Booth"
2001,O,-6.991054511898087,564.0,90,"Mario Elie, Clifford Robinson, Jason Kidd, Shawn Marion, Jake Tsakalidis"
2001,D,6.835276711911661,220.0,52,"Gary Payton, Patrick Ewing, Emanual Davis, Ruben Patterson, Rashard Lewis"
2001,O,6.807879541100536,335.0,116,"Lindsey Hunter, Glenn Robinson, Ervin Johnson, Ray Allen, Tim Thomas"
2001,O,6.778238630514381,228.0,37,"Doug Overton, Johnny Newman, Lucious Harris, Keith Van Horn, Evan Eschmeyer"
2001,O,-6.771709293128445,224.0,39,"Gary Payton, Patrick Ewing, Vin Baker, Ruben Patterson, Rashard Lewis"
2001,D,-6.72777077065803,212.0,32,"Nick Van Exel, Antonio McDyess, Tariq Abdul-Wahad, Raef LaFrentz, James Posey"
2001,O,6.706458697572321,305.0,44,"Jalen Rose, Reggie Miller, Zan Tabak, Jermaine O'Neal, Al Harrington"
2001,D,6.688909898495968,287.0,56,"Rod Strickland, Juwan Howard, Mitch Richmond, Felipe Lopez, Jahidi White"
2001,D,-6.671092796776784,240.0,80,"Robert Horry, Brian Shaw, Isaiah Rider, Shaquille O'Neal, Kobe Bryant"
2001,O,-6.4973153218347734,249.0,65,"David Wesley, P.J. Brown, Jamal Mashburn, Derrick Coleman, Baron Davis"
2001,O,-6.328532028477263,380.0,111,"Darrell Armstrong, Bo Outlaw, John Amaechi, Tracy McGrady, Mike Miller"
2001,D,-6.32570152323968,844.0,142,"Tyrone Hill, Aaron McKie, George Lynch, Theo Ratliff, Allen Iverson"
2001,O,6.322398680789249,327.0,78,"Terry Porter, David Robinson, Tim Duncan, Antonio Daniels, Derek Anderson"
2001,D,6.25646552525619,343.0,94,"Doug Christie, Chris Webber, Peja Stojakovic, Scot Pollard, Jason Williams"
2001,O,-6.236187104687942,366.0,68,"Shareef Abdur-Rahim, Othella Harrington, Ike Austin, Mike Bibby, Michael Dickerson"
2001,D,6.192850298885077,691.0,115,"Hakeem Olajuwon, Shandon Anderson, Maurice Taylor, Cuttino Mobley, Steve Francis"
2001,D,6.161815468509831,360.0,73,"Hakeem Olajuwon, Shandon Anderson, Cuttino Mobley, Steve Francis, Kenny Thomas"
2001,O,-6.125263998987876,398.0,103,"LaPhonso Ellis, Terrell Brandon, Kevin Garnett, Chauncey Billups, Wally Szczerbiak"
2001,D,6.100820213722202,207.0,36,"Chris Mills, Bob Sura, Erick Dampier, Antawn Jamison, Larry Hughes"
2001,D,6.091899046172019,209.0,36,"Anthony Peeler, Kevin Garnett, Chauncey Billups, Rasho Nesterovic, Wally Szczerbiak"
2001,O,6.064158380260775,478.0,109,"Jalen Rose, Reggie Miller, Travis Best, Jermaine O'Neal, Austin Croshere"
2001,D,-6.023002620277574,351.0,111,"Gary Payton, Vin Baker, Brent Barry, Ruben Patterson, Rashard Lewis"
2001,O,5.908283974273838,242.0,61,"Sam Cassell, Scott Williams, Glenn Robinson, Ray Allen, Tim Thomas"
2001,D,5.894196209307367,460.0,98,"Jalen Rose, Reggie Miller, Travis Best, Jermaine O'Neal, Austin Croshere"
2001,O,-5.828632998478372,244.0,70,"Antonio Davis, Mark Jackson, Charles Oakley, Alvin Williams, Vince Carter"
2001,D,-5.779913184932095,325.0,52,"Sam Perkins, Jalen Rose, Reggie Miller, Jermaine O'Neal, Al Harrington"
2001,O,5.767990590676201,670.0,82,"Eric Piatkowski, Cherokee Parks, Jeff McInnis, Michael Olowokandi, Lamar Odom"
2001,D,-5.712514433445207,390.0,113,"Bryant Stith, Randy Brown, Antoine Walker, Vitaly Potapenko, Paul Pierce"
2001,O,-5.692914008704585,654.0,95,"Latrell Sprewell, Allan Houston, Charlie Ward, Larry Johnson, Marcus Camby"
2001,D,5.674940780103512,249.0,92,"Bryant Stith, Antoine Walker, Vitaly Potapenko, Paul Pierce, Milt Palacio"
2001,D,-5.64223468384477,577.0,75,"Hakeem Olajuwon, Shandon Anderson, Walt Williams, Maurice Taylor, Steve Francis"
2001,O,-5.602505734208522,643.0,113,"Clar. Weatherspoon, Lamond Murray, Zydrunas Ilgauskas, Matt Harpring, Andre Miller"
2001,O,5.585929096907846,385.0,65,"Rasheed Wallace, Damon Stoudamire, Dale Davis, Scottie Pippen, Bonzi Wells"
2001,D,-5.506805397538209,575.0,95,"Clar. Weatherspoon, Wesley Person, Matt Harpring, Andre Miller, Chris Mihm"
2001,D,5.468230729017949,370.0,63,"Sam Cassell, Scott Williams, Glenn Robinson, Ray Allen, Mark Pope"
2001,D,5.404898245507622,360.0,66,"Shareef Abdur-Rahim, Othella Harrington, Ike Austin, Mike Bibby, Michael Dickerson"
2001,D,5.373923476798223,202.0,32,"Dikembe Mutombo, Lorenzen Wright, Brevin Knight, Roshown McLeod, Jason Terry"
2001,O,5.316484566770273,210.0,69,"Danny Ferry, David Robinson, Tim Duncan, Antonio Daniels, Derek Anderson"
2001,D,-5.302482268789545,245.0,69,"Fred Hoiberg, Ron Mercer, Bryce Drew, Brad Miller, Elton Brand"
2001,D,5.257189342768639,321.0,45,"Sam Cassell, Glenn Robinson, Jason Caffey, Ray Allen, Mark Pope"
2001,D,5.182206643254852,599.0,117,"Bryant Reeves, Shareef Abdur-Rahim, Othella Harrington, Mike Bibby, Michael Dickerson"
2001,O,-5.13829462011858,330.0,58,"Kendall Gill, Stephon Marbury, Aaron Williams, Stephen Jackson, Kenyon Martin"
2001,O,5.119987905194925,574.0,145,"LaPhonso Ellis, Terrell Brandon, Anthony Peeler, Kevin Garnett, Wally Szczerbiak"
2001,D,-5.115869637956606,1085.0,184,"Michael Curry, Joe Smith, Jerry Stackhouse, Chucky Atkins, Ben Wallace"
2001,D,5.082347963895238,201.0,72,"Karl Malone, John Starks, Greg Ostertag, Bryon Russell, Jacque Vaughn"
2001,O,5.0545372938828415,272.0,63,"Ron Mercer, Elton Brand, Metta World Peace, Michael Ruffin, Khalid El-Amin"
2001,D,-5.043767843534479,556.0,166,"Clifford Robinson, Jason Kidd, Rodney Rogers, Tony Delk, Shawn Marion"
2001,O,5.030374325335572,213.0,55,"Rod Strickland, Juwan Howard, Mitch Richmond, Jahidi White, Richard Hamilton"
2001,O,-4.925902325630563,218.0,31,"Mookie Blaylock, Bob Sura, Adonal Foyle, Marc Jackson, Antawn Jamison"
2001,O,4.92554196341601,421.0,77,"Shandon Anderson, Maurice Taylor, Cuttino Mobley, Steve Francis, Kenny Thomas"
2001,O,4.8481033275020895,516.0,84,"Christian Laettner, Howard Eisley, Michael Finley, Steve Nash, Dirk Nowitzki"
2001,O,4.810778540556609,206.0,57,"Johnny Newman, Lucious Harris, Stephon Marbury, Aaron Williams, Keith Van Horn"
2001,D,4.780517942417785,210.0,58,"Rod Strickland, Juwan Howard, Mitch Richmond, Jahidi White, Richard Hamilton"
2001,O,-4.729384566234676,242.0,30,"Jeff McInnis, Michael Olowokandi, Brian Skinner, Lamar Odom, Quentin Richardson"
2001,O,-4.64745059476524,222.0,45,"Kenny Anderson, Bryant Stith, Antoine Walker, Tony Battie, Paul Pierce"
2001,O,4.565793320187933,335.0,60,"Joe Smith, Jerry Stackhouse, Corliss Williamson, Chucky Atkins, Ben Wallace"
2001,O,-4.521718143818049,211.0,45,"Grant Long, Tony Massenburg, Shareef Abdur-Rahim, Mike Bibby, Michael Dickerson"
2001,O,4.435727429731549,287.0,68,"Mookie Blaylock, Bob Sura, Marc Jackson, Antawn Jamison, Larry Hughes"
2001,O,4.412138368777681,813.0,118,"Olden Polynice, Karl Malone, John Stockton, John Starks, Donyell Marshall"
2001,O,-4.375947111480006,401.0,73,"Terrell Brandon, Kevin Garnett, Chauncey Billups, Rasho Nesterovic, Wally Szczerbiak"
2001,D,4.3729726804600295,343.0,62,"Doug Christie, Vlade Divac, Chris Webber, Jason Williams, Hedo Turkoglu"
2001,O,-4.350723608173436,234.0,90,"Sam Cassell, Lindsey Hunter, Glenn Robinson, Ervin Johnson, Tim Thomas"
2001,D,4.338851199495486,369.0,70,"Terrell Brandon, Anthony Peeler, Kevin Garnett, Dean Garrett, Wally Szczerbiak"
2001,O,4.326698274984864,345.0,72,"Bryant Reeves, Shareef Abdur-Rahim, Mike Bibby, Michael Dickerson, Stromile Swift"
2001,O,-4.309708488992838,672.0,121,"Sean Elliott, Avery Johnson, David Robinson, Tim Duncan, Derek Anderson"
2001,O,-4.214648773524407,209.0,36,"Chris Mills, Bob Sura, Erick Dampier, Antawn Jamison, Larry Hughes"
2001,O,4.100166959871617,225.0,53,"Gary Payton, Patrick Ewing, Emanual Davis, Ruben Patterson, Rashard Lewis"
2001,D,-4.09048878996178,316.0,78,"Terry Porter, David Robinson, Tim Duncan, Antonio Daniels, Derek Anderson"
2001,D,-4.05825421457563,365.0,63,"Jeff McInnis, Michael Olowokandi, Lamar Odom, Darius Miles, Quentin Richardson"
2001,O,-4.029482904492681,252.0,88,"Karl Malone, John Stockton, Greg Ostertag, Donyell Marshall, Bryon Russell"
2001,D,3.9999595884777723,607.0,115,"Bryant Stith, Randy Brown, Antoine Walker, Mark Blount, Paul Pierce"
2001,D,3.995384137511316,414.0,121,"Darrell Armstrong, Bo Outlaw, Tracy McGrady, Michael Doleac, Mike Miller"
2001,D,3.9430819791242473,242.0,60,"Sam Cassell, Scott Williams, Glenn Robinson, Ray Allen, Tim Thomas"
2001,O,3.901776820538909,408.0,122,"Darrell Armstrong, Bo Outlaw, Tracy McGrady, Michael Doleac, Mike Miller"
2001,O,-3.8779314514461345,238.0,38,"Chris Dudley, Clifford Robinson, Jason Kidd, Tony Delk, Shawn Marion"
2001,D,3.8743825982801274,402.0,58,"Kendall Gill, Stephon Marbury, Stephen Jackson, Evan Eschmeyer, Kenyon Martin"
2001,O,-3.838615133566411,220.0,40,"Stacey Augmon, Rasheed Wallace, Damon Stoudamire, Dale Davis, Bonzi Wells"
2001,D,-3.823787822390897,341.0,76,"Bryant Reeves, Shareef Abdur-Rahim, Mike Bibby, Michael Dickerson, Stromile Swift"
2001,O,-3.776816903043572,457.0,75,"Ron Mercer, Bryce Drew, Brad Miller, Elton Brand, Metta World Peace"
2001,O,3.7571976319653912,229.0,38,"Toni Kukoc, Alan Henderson, Brevin Knight, Nazr Mohammed, Jason Terry"
2001,O,3.7408407773109067,344.0,54,"Stacey Augmon, Arvydas Sabonis, Rasheed Wallace, Damon Stoudamire, Bonzi Wells"
2001,O,3.6941903695516443,442.0,111,"Eric Piatkowski, Jeff McInnis, Michael Olowokandi, Lamar Odom, Darius Miles"
2001,O,-3.671372391603562,693.0,88,"Gary Payton, Patrick Ewing, Emanual Davis, Rashard Lewis, Jelani McCoy"
2001,O,-3.6493588038774156,398.0,65,"Terrell Brandon, Kevin Garnett, Dean Garrett, Chauncey Billups, Wally Szczerbiak"
2001,D,3.6474891360112536,233.0,54,"Gary Payton, Patrick Ewing, Vin Baker, Rashard Lewis, Shammond Williams"
2001,D,3.639994634632672,241.0,71,"Eric Piatkowski, Sean Rooks, Jeff McInnis, Lamar Odom, Darius Miles"
2001,O,3.6162473734132248,296.0,95,"Gary Payton, Vin Baker, Brent Barry, Ruben Patterson, Desmond Mason"
2001,O,-3.594365017751066,420.0,85,"Sean Elliott, David Robinson, Tim Duncan, Antonio Daniels, Derek Anderson"
2001,O,3.587343773638076,345.0,62,"Doug Christie, Vlade Divac, Chris Webber, Jason Williams, Hedo Turkoglu"
2001,D,-3.5773729912281995,239.0,62,"Latrell Sprewell, Chris Childs, Allan Houston, Larry Johnson, Marcus Camby"
2001,O,3.544582793373304,600.0,117,"Bryant Reeves, Shareef Abdur-Rahim, Othella Harrington, Mike Bibby, Michael Dickerson"
2001,D,-3.53295036651065,323.0,48,"Mario Elie, Chris Dudley, Clifford Robinson, Jason Kidd, Shawn Marion"
2001,O,-3.468626157896059,247.0,70,"Fred Hoiberg, Ron Mercer, Bryce Drew, Brad Miller, Elton Brand"
2001,D,3.432159228085088,634.0,115,"Clar. Weatherspoon, Lamond Murray, Zydrunas Ilgauskas, Matt Harpring, Andre Miller"
2001,O,-3.4187522184737844,290.0,54,"Rod Strickland, Juwan Howard, Mitch Richmond, Felipe Lopez, Jahidi White"
2001,O,-3.391711316273095,232.0,30,"Duane Causwell, Anthony Mason, Eddie Jones, Brian Grant, Tim Hardaway"
2001,D,3.3905808868185994,609.0,187,"David Wesley, P.J. Brown, Jamal Mashburn, Baron Davis, Jamaal Magloire"
2001,D,-3.3686715868611024,696.0,90,"Gary Payton, Patrick Ewing, Emanual Davis, Rashard Lewis, Jelani McCoy"
2001,O,-3.33312514741914,263.0,59,"Lucious Harris, Stephon Marbury, Aaron Williams, Keith Van Horn, Kenyon Martin"
2001,D,3.32498209641867,325.0,60,"Kendall Gill, Stephon Marbury, Aaron Williams, Stephen Jackson, Kenyon Martin"
2001,O,-3.3182212299876745,580.0,75,"Hakeem Olajuwon, Shandon Anderson, Walt Williams, Maurice Taylor, Steve Francis"
2001,O,3.291855094380963,423.0,78,"Dikembe Mutombo, Lorenzen Wright, Matt Maloney, Roshown McLeod, Jason Terry"
2001,O,3.2318254278454197,783.0,119,"Darrell Armstrong, Bo Outlaw, Andrew DeClercq, Tracy McGrady, Mike Miller"
2001,O,3.221947223709799,534.0,94,"Juwan Howard, Michael Finley, Shawn Bradley, Steve Nash, Dirk Nowitzki"
2001,O,-3.207674275269241,211.0,33,"Nick Van Exel, Antonio McDyess, Tariq Abdul-Wahad, Raef LaFrentz, James Posey"
2001,D,3.2045169806987146,393.0,66,"Terrell Brandon, Kevin Garnett, Dean Garrett, Chauncey Billups, Wally Szczerbiak"
2001,D,-3.1764222411607013,245.0,30,"Jeff McInnis, Michael Olowokandi, Brian Skinner, Lamar Odom, Quentin Richardson"
2001,D,-3.12297519918466,205.0,62,"Clar. Weatherspoon, Chris Gatling, Lamond Murray, Matt Harpring, Andre Miller"
2001,D,3.0828970801484887,503.0,113,"Howard Eisley, Michael Finley, Shawn Bradley, Steve Nash, Dirk Nowitzki"
2001,O,3.059915005250175,330.0,51,"Sam Perkins, Jalen Rose, Reggie Miller, Jermaine O'Neal, Al Harrington"
2001,D,-2.951331156877624,333.0,59,"Joe Smith, Jerry Stackhouse, Corliss Williamson, Chucky Atkins, Ben Wallace"
2001,O,-2.9451406351930567,664.0,112,"Grant Long, Bryant Reeves, Shareef Abdur-Rahim, Mike Bibby, Michael Dickerson"
2001,D,2.9389601427077543,811.0,117,"Olden Polynice, Karl Malone, John Stockton, John Starks, Donyell Marshall"
2001,O,2.9169229057179082,319.0,43,"Sam Cassell, Glenn Robinson, Jason Caffey, Ray Allen, Mark Pope"
2001,O,-2.8693508478746734,229.0,68,"Sam Cassell, Glenn Robinson, Jason Caffey, Ervin Johnson, Ray Allen"
2001,D,-2.8590453519225396,394.0,71,"Terrell Brandon, Kevin Garnett, Chauncey Billups, Rasho Nesterovic, Wally Szczerbiak"
2001,O,2.8506279623496615,981.0,133,"Ron Harper, Horace Grant, Rick Fox, Shaquille O'Neal, Kobe Bryant"
2001,O,-2.7792409211674696,231.0,53,"Gary Payton, Patrick Ewing, Vin Baker, Rashard Lewis, Shammond Williams"
2001,O,-2.7785877767664218,408.0,63,"Kendall Gill, Stephon Marbury, Stephen Jackson, Evan Eschmeyer, Kenyon Martin"
2001,D,-2.7413209081624594,669.0,114,"Grant Long, Bryant Reeves, Shareef Abdur-Rahim, Mike Bibby, Michael Dickerson"
2001,D,2.730593318742022,381.0,63,"Tyrone Hill, George Lynch, Theo Ratliff, Eric Snow, Allen Iverson"
2001,D,2.718054482613721,204.0,43,"Billy Owens, Joe Smith, Jerry Stackhouse, Chucky Atkins, Ben Wallace"
2001,O,-2.7035534912238357,210.0,39,"Billy Owens, Joe Smith, Jerry Stackhouse, Chucky Atkins, Ben Wallace"
2001,D,-2.696989287494115,231.0,44,"Clar. Weatherspoon, Lamond Murray, Jim Jackson, Robert Traylor, Andre Miller"
2001,D,-2.6915549373133016,528.0,100,"Steven Smith, Arvydas Sabonis, Rasheed Wallace, Damon Stoudamire, Scottie Pippen"
2001,O,-2.6772184176587452,359.0,60,"Arvydas Sabonis, Rasheed Wallace, Damon Stoudamire, Scottie Pippen, Bonzi Wells"
2001,D,-2.6483437310253106,577.0,123,"Antonio Davis, Mark Jackson, Charles Oakley, Vince Carter, Morris Peterson"
2001,O,2.647434709218472,401.0,80,"Gary Payton, Patrick Ewing, Brent Barry, Ruben Patterson, Rashard Lewis"
2001,D,2.5608605498970283,338.0,59,"Fred Hoiberg, Bryce Drew, Brad Miller, Elton Brand, Metta World Peace"
2001,D,-2.5254633303289715,386.0,124,"Eric Williams, Antoine Walker, Vitaly Potapenko, Paul Pierce, Milt Palacio"
2001,O,2.5116375851131525,217.0,37,"Anthony Peeler, Kevin Garnett, Chauncey Billups, Rasho Nesterovic, Wally Szczerbiak"
2001,O,-2.4480639106004163,260.0,69,"David Wesley, P.J. Brown, Elden Campbell, Baron Davis, Eddie Robinson"
2001,D,-2.436101809358289,447.0,110,"Eric Piatkowski, Jeff McInnis, Michael Olowokandi, Lamar Odom, Darius Miles"
2001,O,2.4003154473916535,586.0,103,"Dan Majerle, Anthony Mason, Brian Grant, Tim Hardaway, Bruce Bowen"
2001,O,2.3738505267368555,1619.0,252,"Nick Van Exel, Antonio McDyess, Voshon Lenard, Raef LaFrentz, James Posey"
2001,O,-2.368765788376008,230.0,43,"Clar. Weatherspoon, Lamond Murray, Jim Jackson, Robert Traylor, Andre Miller"
2001,D,2.245641096747584,1599.0,255,"Nick Van Exel, Antonio McDyess, Voshon Lenard, Raef LaFrentz, James Posey"
2001,O,-2.238573714134538,238.0,35,"Chris Whitney, Juwan Howard, Felipe Lopez, Tyrone Nesby, Calvin Booth"
2001,D,-2.2159869442122315,371.0,54,"Mookie Blaylock, Bob Sura, Adonal Foyle, Antawn Jamison, Larry Hughes"
2001,D,2.199788925192797,271.0,48,"Eric Montross, Michael Curry, Jerry Stackhouse, Chucky Atkins, Ben Wallace"
2001,D,2.1790974116004476,276.0,50,"Latrell Sprewell, Allan Houston, Mark Jackson, Kurt Thomas, Marcus Camby"
2001,D,2.1738359895324275,240.0,37,"Chris Whitney, Juwan Howard, Felipe Lopez, Tyrone Nesby, Calvin Booth"
2001,O,-2.162036787241462,241.0,81,"Robert Horry, Brian Shaw, Isaiah Rider, Shaquille O'Neal, Kobe Bryant"
2001,D,-2.090527591370791,974.0,134,"Ron Harper, Horace Grant, Rick Fox, Shaquille O'Neal, Kobe Bryant"
2001,O,2.0549571701597995,349.0,110,"Olden Polynice, Karl Malone, John Starks, Bryon Russell, Jacque Vaughn"
2001,D,2.0356177346554425,229.0,42,"Gary Payton, Patrick Ewing, Vin Baker, Ruben Patterson, Rashard Lewis"
2001,O,-2.020104431331384,244.0,35,"Sam Cassell, Glenn Robinson, Ervin Johnson, Ray Allen, Mark Pope"
2001,O,-2.011560213556129,730.0,129,"Danny Ferry, Terry Porter, David Robinson, Tim Duncan, Derek Anderson"
2001,O,1.9446191258892334,324.0,52,"Kenny Anderson, Bryant Stith, Antoine Walker, Mark Blount, Paul Pierce"
2001,D,1.9139441291965986,298.0,95,"Gary Payton, Vin Baker, Brent Barry, Ruben Patterson, Desmond Mason"
2001,O,1.886944725465986,363.0,84,"Doug Christie, Vlade Divac, Chris Webber, Peja Stojakovic, Bobby Jackson"
2001,O,1.795608626518383,274.0,50,"Latrell Sprewell, Allan Houston, Mark Jackson, Kurt Thomas, Marcus Camby"
2001,O,-1.7871758091168712,2476.0,445,"David Wesley, P.J. Brown, Jamal Mashburn, Elden Campbell, Baron Davis"
2001,D,-1.770436413656887,657.0,81,"Eric Piatkowski, Cherokee Parks, Jeff McInnis, Michael Olowokandi, Lamar Odom"
2001,O,-1.7464724529255662,474.0,81,"Doug Christie, Vlade Divac, Peja Stojakovic, Scot Pollard, Jason Williams"
2001,D,1.7290204062719199,2447.0,432,"David Wesley, P.J. Brown, Jamal Mashburn, Elden Campbell, Baron Davis"
2001,D,-1.7261838793995712,258.0,69,"David Wesley, P.J. Brown, Elden Campbell, Baron Davis, Eddie Robinson"
2001,D,1.7244928648209354,217.0,31,"Mookie Blaylock, Bob Sura, Adonal Foyle, Marc Jackson, Antawn Jamison"
2001,D,1.6851661601247392,1612.0,296,"Anthony Mason, Eddie Jones, Brian Grant, Tim Hardaway, Bruce Bowen"
2001,D,-1.6822709046519242,417.0,83,"Sean Elliott, David Robinson, Tim Duncan, Antonio Daniels, Derek Anderson"
2001,D,1.6179184191815508,414.0,74,"Shandon Anderson, Maurice Taylor, Cuttino Mobley, Steve Francis, Kenny Thomas"
2001,O,1.6090540872285597,1107.0,192,"Michael Curry, Joe Smith, Jerry Stackhouse, Chucky Atkins, Ben Wallace"
2001,D,1.5685425615194157,465.0,74,"Doug Christie, Vlade Divac, Peja Stojakovic, Scot Pollard, Jason Williams"
2001,D,1.531216466763816,226.0,57,"Jalen Rose, Reggie Miller, Travis Best, Jermaine O'Neal, Al Harrington"
2001,O,1.511973214437549,200.0,62,"Doug Christie, Chris Webber, Scot Pollard, Bobby Jackson, Hedo Turkoglu"
2001,D,-1.4754724286001522,254.0,93,"Karl Malone, John Stockton, Greg Ostertag, Donyell Marshall, Bryon Russell"
2001,O,1.451026706746074,211.0,74,"Anthony Mason, Eddie Jones, A.C. Green, Bruce Bowen, Anthony Carter"
2001,O,-1.4441696798342056,232.0,65,"Hubert Davis, Howard Eisley, Michael Finley, Shawn Bradley, Dirk Nowitzki"
2001,O,1.4125951053850865,848.0,144,"Tyrone Hill, Aaron McKie, George Lynch, Theo Ratliff, Allen Iverson"
2001,D,-1.3254499731985394,774.0,122,"Darrell Armstrong, Bo Outlaw, Andrew DeClercq, Tracy McGrady, Mike Miller"
2001,O,1.2900821406212137,244.0,55,"Jalen Rose, Reggie Miller, Travis Best, Jermaine O'Neal, Jeff Foster"
2001,O,1.286341385856202,208.0,32,"Christian Laettner, Jahidi White, Richard Hamilton, Laron Profit, Courtney Alexander"
2001,O,1.2654451084684406,890.0,178,"Steven Smith, Rasheed Wallace, Damon Stoudamire, Dale Davis, Scottie Pippen"
2001,D,-1.2629271817596635,403.0,81,"Gary Payton, Patrick Ewing, Brent Barry, Ruben Patterson, Rashard Lewis"
2001,D,1.2507072393237235,441.0,70,"Lucious Harris, Stephon Marbury, Keith Van Horn, Evan Eschmeyer, Kenyon Martin"
2001,D,1.213134005149422,586.0,104,"Dan Majerle, Anthony Mason, Brian Grant, Tim Hardaway, Bruce Bowen"
2001,O,-1.1904297438219804,235.0,45,"Sam Perkins, Reggie Miller, Travis Best, Jermaine O'Neal, Austin Croshere"
2001,O,1.1583805332410702,293.0,52,"Latrell Sprewell, Allan Houston, Glen Rice, Larry Johnson, Marcus Camby"
2001,O,1.152324611002006,363.0,73,"Hakeem Olajuwon, Shandon Anderson, Cuttino Mobley, Steve Francis, Kenny Thomas"
2001,O,-1.1001677442472753,615.0,114,"Bryant Stith, Randy Brown, Antoine Walker, Mark Blount, Paul Pierce"
2001,O,-1.0814854831040717,230.0,58,"Jalen Rose, Reggie Miller, Travis Best, Jermaine O'Neal, Al Harrington"
2001,D,1.0422361820571804,654.0,95,"Latrell Sprewell, Allan Houston, Charlie Ward, Larry Johnson, Marcus Camby"
2001,O,-1.0393615667293814,279.0,84,"Kenny Anderson, Bryant Stith, Antoine Walker, Vitaly Potapenko, Paul Pierce"
2001,D,-1.0319570810454184,332.0,72,"Clar. Weatherspoon, Chris Gatling, Lamond Murray, Jim Jackson, Andre Miller"
2001,O,1.0130796638462678,2299.0,323,"Doug Christie, Vlade Divac, Chris Webber, Peja Stojakovic, Jason Williams"
2001,D,-0.9854611831482066,223.0,41,"Bryant Stith, Randy Brown, Antoine Walker, Tony Battie, Paul Pierce"
2001,D,-0.9720291541226522,238.0,41,"Chris Dudley, Clifford Robinson, Jason Kidd, Tony Delk, Shawn Marion"
2001,D,-0.9260807258915217,229.0,46,"Sam Perkins, Reggie Miller, Travis Best, Jermaine O'Neal, Austin Croshere"
2001,D,0.9164597249472646,394.0,70,"Olden Polynice, Karl Malone, John Stockton, Donyell Marshall, Bryon Russell"
2001,D,-0.9071590606330903,2302.0,327,"Doug Christie, Vlade Divac, Chris Webber, Peja Stojakovic, Jason Williams"
2001,D,0.8740028422438308,351.0,59,"Arvydas Sabonis, Rasheed Wallace, Damon Stoudamire, Scottie Pippen, Bonzi Wells"
2001,O,-0.8585917767414363,602.0,185,"David Wesley, P.J. Brown, Jamal Mashburn, Baron Davis, Jamaal Magloire"
2001,D,0.8503690925504562,892.0,130,"Antonio Davis, Charles Oakley, Alvin Williams, Vince Carter, Morris Peterson"
2001,D,-0.8415581840734497,456.0,62,"Dikembe Mutombo, Tyrone Hill, George Lynch, Eric Snow, Allen Iverson"
2001,O,0.8360503174028692,528.0,99,"Steven Smith, Arvydas Sabonis, Rasheed Wallace, Damon Stoudamire, Scottie Pippen"
2001,O,0.8150732002514997,698.0,111,"Hakeem Olajuwon, Shandon Anderson, Maurice Taylor, Cuttino Mobley, Steve Francis"
2001,D,0.7863427093981739,451.0,75,"Ron Mercer, Bryce Drew, Brad Miller, Elton Brand, Metta World Peace"
2001,O,0.7801103357367885,675.0,104,"Olden Polynice, Karl Malone, John Stockton, John Starks, Bryon Russell"
2001,D,0.7420228541050904,514.0,83,"Christian Laettner, Howard Eisley, Michael Finley, Steve Nash, Dirk Nowitzki"
2001,D,0.7370656186704848,277.0,32,"Latrell Sprewell, Allan Houston, Mark Jackson, Larry Johnson, Marcus Camby"
2001,D,-0.7307559588377438,878.0,182,"Steven Smith, Rasheed Wallace, Damon Stoudamire, Dale Davis, Scottie Pippen"
2001,O,0.672832889559462,272.0,76,"Mario Elie, Clifford Robinson, Jason Kidd, Rodney Rogers, Shawn Marion"
2001,O,0.66707478360771,769.0,124,"Antonio Davis, Mark Jackson, Corliss Williamson, Charles Oakley, Vince Carter"
2001,D,0.6530889699539566,202.0,75,"Anthony Mason, Eddie Jones, A.C. Green, Bruce Bowen, Anthony Carter"
2001,O,-0.6187442226051456,570.0,165,"Clifford Robinson, Jason Kidd, Rodney Rogers, Tony Delk, Shawn Marion"
2001,D,-0.60934440367625,676.0,104,"Olden Polynice, Karl Malone, John Stockton, John Starks, Bryon Russell"
2001,O,0.5893240778643979,371.0,64,"Jeff McInnis, Michael Olowokandi, Lamar Odom, Darius Miles, Quentin Richardson"
2001,O,0.5803160514621187,272.0,49,"Eric Montross, Michael Curry, Jerry Stackhouse, Chucky Atkins, Ben Wallace"
2001,O,-0.5800245137035247,371.0,54,"Mookie Blaylock, Bob Sura, Adonal Foyle, Antawn Jamison, Larry Hughes"
2001,D,-0.5658682462854431,322.0,52,"Kenny Anderson, Bryant Stith, Antoine Walker, Mark Blount, Paul Pierce"
2001,D,0.561460252160895,385.0,67,"Rasheed Wallace, Damon Stoudamire, Dale Davis, Scottie Pippen, Bonzi Wells"
2001,O,-0.5570318257444593,344.0,96,"Doug Christie, Chris Webber, Peja Stojakovic, Scot Pollard, Jason Williams"
2001,D,0.5090802042708642,291.0,77,"Karl Malone, John Stockton, Danny Manning, Donyell Marshall, Bryon Russell"
2001,O,0.49757603419999596,445.0,80,"Darrell Armstrong, Bo Outlaw, John Amaechi, Tracy McGrady, Michael Doleac"
2001,D,0.4720509306290247,338.0,45,"Mookie Blaylock, Marc Jackson, Antawn Jamison, Larry Hughes, Chris Porter"
2001,D,-0.43882377106751097,359.0,75,"Brian Shaw, Horace Grant, Rick Fox, Shaquille O'Neal, Derek Fisher"
2001,D,0.424875588984554,214.0,67,"Sam Cassell, Glenn Robinson, Jason Caffey, Ray Allen, Tim Thomas"
2001,O,-0.40912548549384786,1627.0,296,"Anthony Mason, Eddie Jones, Brian Grant, Tim Hardaway, Bruce Bowen"
2001,D,-0.38698853240936804,370.0,120,"George McCloud, Nick Van Exel, Antonio McDyess, Voshon Lenard, Raef LaFrentz"
2001,D,-0.35741692450055956,350.0,56,"Brian Shaw, Horace Grant, Rick Fox, Shaquille O'Neal, Kobe Bryant"
2001,O,0.34709937453619655,372.0,120,"Eric Williams, Antoine Walker, Vitaly Potapenko, Paul Pierce, Milt Palacio"
2001,D,0.341491860683444,440.0,79,"Darrell Armstrong, Bo Outlaw, John Amaechi, Tracy McGrady, Michael Doleac"
2001,O,-0.26922944567987767,328.0,86,"Hubert Davis, Michael Finley, Shawn Bradley, Steve Nash, Dirk Nowitzki"
2001,O,-0.2514509034704333,222.0,75,"Anthony Mason, Eddie Jones, Tim Hardaway, A.C. Green, Bruce Bowen"
2001,D,0.2098474754840855,331.0,58,"Horace Grant, Rick Fox, Shaquille O'Neal, Derek Fisher, Kobe Bryant"
2001,O,-0.20830175003249143,273.0,50,"Shareef Abdur-Rahim, Othella Harrington, Mike Bibby, Michael Dickerson, Damon Jones"
2001,O,0.18888655793619086,219.0,65,"Doug Christie, Chris Webber, Peja Stojakovic, Scot Pollard, Bobby Jackson"
2001,D,-0.10419984059881625,218.0,36,"Mookie Blaylock, Bob Sura, Chris Mullin, Marc Jackson, Antawn Jamison"
2001,D,-0.044728076020361045,227.0,30,"Duane Causwell, Anthony Mason, Eddie Jones, Brian Grant, Tim Hardaway"
2002,O,22.062358975657716,235.0,87,"Robert Horry, Shaquille O'Neal, Derek Fisher, Kobe Bryant, Devean George"
2002,D,17.826965962810426,221.0,68,"Terry Porter, Malik Rose, Tim Duncan, Antonio Daniels, Charles Smith"
2002,O,17.53603221732046,232.0,67,"Jeff McInnis, Elton Brand, Corey Maggette, Darius Miles, Quentin Richardson"
2002,D,17.007798552427243,204.0,44,"Grant Long, Tony Massenburg, Brevin Knight, Pau Gasol, Shane Battier"
2002,D,-16.607177817209685,379.0,86,"Latrell Sprewell, Allan Houston, Mark Jackson, Kurt Thomas, Othella Harrington"
2002,D,-15.079849969447631,202.0,41,"Kelvin Cato, Cuttino Mobley, Steve Francis, Eddie Griffin, Terence Morris"
2002,O,-14.97264821919747,423.0,53,"Tom Gugliotta, Anfernee Hardaway, Stephon Marbury, Shawn Marion, Jake Voskuhl"
2002,O,14.218388555217876,233.0,52,"Gary Payton, Vin Baker, Brent Barry, Rashard Lewis, Vladimir Radmanovic"
2002,D,-14.02373070378075,309.0,64,"Juwan Howard, Michael Finley, Steve Nash, Adrian Griffin, Dirk Nowitzki"
2002,O,13.940646333737037,327.0,59,"Greg Anthony, Ron Mercer, Brad Miller, Marcus Fizer, Trenton Hassell"
2002,D,-13.582585986916714,249.0,44,"Jalen Rose, Travis Best, Tyson Chandler, Eddy Curry, Trenton Hassell"
2002,D,13.082905935335075,200.0,48,"Gary Payton, Brent Barry, Rashard Lewis, Jerome James, Desmond Mason"
2002,O,13.066410016834867,250.0,60,"Doug Christie, Chris Webber, Peja Stojakovic, Scot Pollard, Mike Bibby"
2002,D,12.621731059153367,203.0,38,"Latrell Sprewell, Allan Houston, Felton Spencer, Mark Jackson, Kurt Thomas"
2002,D,12.434364982663288,730.0,121,"Karl Malone, John Stockton, Bryon Russell, Andrei Kirilenko, Jarron Collins"
2002,O,12.41329841776267,307.0,52,"Chris Whitney, Popeye Jones, Michael Jordan, Jahidi White, Richard Hamilton"
2002,O,-12.22511221184892,372.0,60,"Steven Smith, David Robinson, Tim Duncan, Charles Smith, Tony Parker"
2002,D,-12.035204908048,253.0,62,"Doug Christie, Chris Webber, Peja Stojakovic, Scot Pollard, Mike Bibby"
2002,O,11.869244418918948,446.0,135,"Jeff McInnis, Michael Olowokandi, Elton Brand, Darius Miles, Quentin Richardson"
2002,D,11.844164282621406,414.0,69,"Grant Long, Lorenzen Wright, Jason Williams, Pau Gasol, Shane Battier"
2002,O,11.833275734227033,255.0,38,"Gary Payton, Brent Barry, Predrag Drobnjak, Jerome James, Desmond Mason"
2002,O,-11.70089914253858,346.0,57,"Karl Malone, John Stockton, Donyell Marshall, DeShawn Stevenson, Jarron Collins"
2002,O,11.622379827204167,243.0,72,"David Wesley, P.J. Brown, Baron Davis, Lee Nailon, Jamaal Magloire"
2002,D,11.596972938506983,452.0,69,"Doug Christie, Vlade Divac, Chris Webber, Mike Bibby, Hedo Turkoglu"
2002,D,-11.543673519717691,1327.0,210,"Latrell Sprewell, Clar. Weatherspoon, Allan Houston, Mark Jackson, Kurt Thomas"
2002,O,11.491763066482388,459.0,71,"Chris Whitney, Hubert Davis, Popeye Jones, Michael Jordan, Jahidi White"
2002,O,11.47316132876115,218.0,39,"Shareef Abdur-Rahim, Jason Terry, Dion Glover, DerMarr Johnson, Hanno Mottola"
2002,D,11.434611193804532,822.0,142,"Kenny Anderson, Antoine Walker, Tony Battie, Paul Pierce, Joe Johnson"
2002,O,11.314175019445113,232.0,52,"Moochie Norris, Kelvin Cato, Cuttino Mobley, Steve Francis, Kenny Thomas"
2002,O,11.259120775956035,218.0,55,"Danny Fortson, Antawn Jamison, Larry Hughes, Jason Richardson, Troy Murphy"
2002,D,11.169673102110893,860.0,113,"Shareef Abdur-Rahim, Nazr Mohammed, Jason Terry, Ira Newble, DerMarr Johnson"
2002,D,-10.847444393452312,202.0,55,"Steven Smith, David Robinson, Tim Duncan, Antonio Daniels, Tony Parker"
2002,D,10.530156641658474,249.0,37,"Gary Payton, Brent Barry, Predrag Drobnjak, Jerome James, Desmond Mason"
2002,D,10.486924616002026,337.0,43,"Anthony Mason, Sam Cassell, Ray Allen, Tim Thomas, Joel Przybilla"
2002,D,10.188716372049722,341.0,54,"Karl Malone, John Stockton, Donyell Marshall, DeShawn Stevenson, Jarron Collins"
2002,O,-10.009467936961054,228.0,80,"Kenny Anderson, Antoine Walker, Vitaly Potapenko, Erick Strickland, Paul Pierce"
2002,O,9.966623033867728,342.0,50,"Gary Payton, Brent Barry, Rashard Lewis, Jerome James, Vladimir Radmanovic"
2002,O,9.944983569775113,242.0,80,"Chris Webber, Peja Stojakovic, Scot Pollard, Bobby Jackson, Hedo Turkoglu"
2002,D,-9.75261554712154,285.0,36,"Karl Malone, John Stockton, Greg Ostertag, Donyell Marshall, Quincy Lewis"
2002,O,-9.494536413670868,478.0,63,"Adonal Foyle, Danny Fortson, Antawn Jamison, Jason Richardson, Gilbert Arenas"
2002,O,-9.435348047277465,413.0,70,"Grant Long, Lorenzen Wright, Jason Williams, Pau Gasol, Shane Battier"
2002,D,-9.272007516246529,321.0,59,"Antonio Davis, Jerome Williams, Alvin Williams, Vince Carter, Keon Clark"
2002,O,-9.252762033576866,229.0,33,"P.J. Brown, George Lynch, Jamal Mashburn, Elden Campbell, Baron Davis"
2002,D,-9.231238815942552,227.0,34,"Gary Payton, Vin Baker, Brent Barry, Rashard Lewis, Calvin Booth"
2002,D,9.196323162136606,484.0,72,"Jeff McInnis, Michael Olowokandi, Elton Brand, Lamar Odom, Corey Maggette"
2002,D,-9.006842306668279,267.0,51,"Erick Dampier, Danny Fortson, Antawn Jamison, Jason Richardson, Gilbert Arenas"
2002,O,-8.992751973434821,201.0,63,"LaPhonso Ellis, Eddie Jones, Alonzo Mourning, Rod Strickland, Jim Jackson"
2002,D,8.833331022338129,364.0,89,"Antonio Davis, Alvin Williams, Vince Carter, Keon Clark, Morris Peterson"
2002,O,-8.731875023106829,208.0,65,"Lucious Harris, Jason Kidd, Kenyon Martin, Richard Jefferson, Jason Collins"
2002,O,-8.65583280407649,263.0,43,"Greg Anthony, Charles Oakley, Ron Mercer, Brad Miller, Trenton Hassell"
2002,D,-8.603008102692709,224.0,67,"Anfernee Hardaway, Bo Outlaw, Rodney Rogers, Stephon Marbury, Shawn Marion"
2002,O,-8.207658605336706,291.0,54,"Jason Kidd, Kerry Kittles, Keith Van Horn, Todd MacCulloch, Richard Jefferson"
2002,O,8.169431431961367,568.0,152,"Gary Payton, Vin Baker, Brent Barry, Rashard Lewis, Desmond Mason"
2002,D,-8.02614103480981,463.0,65,"Walt Williams, Kelvin Cato, Cuttino Mobley, Steve Francis, Kenny Thomas"
2002,D,-8.017643195850038,203.0,28,"Lamond Murray, Wesley Person, Michael Doleac, Andre Miller, Chris Mihm"
2002,O,-7.97472293671231,379.0,67,"Anfernee Hardaway, Bo Outlaw, Stephon Marbury, Shawn Marion, Jake Tsakalidis"
2002,O,7.877573487745308,386.0,112,"Anthony Peeler, Kevin Garnett, Chauncey Billups, Rasho Nesterovic, Wally Szczerbiak"
2002,O,7.720424375252761,380.0,80,"Jason Kidd, Kerry Kittles, Keith Van Horn, Kenyon Martin, Jason Collins"
2002,D,-7.6023622414098675,268.0,59,"Latrell Sprewell, Clar. Weatherspoon, Mark Jackson, Kurt Thomas, Shandon Anderson"
2002,D,-7.413388074205659,224.0,36,"Steven Smith, David Robinson, Tim Duncan, Antonio Daniels, Charles Smith"
2002,D,7.398873958061863,817.0,163,"Kenny Anderson, Eric Williams, Antoine Walker, Tony Battie, Paul Pierce"
2002,D,7.398785910615129,226.0,65,"Karl Malone, John Stockton, Donyell Marshall, Bryon Russell, Andrei Kirilenko"
2002,O,7.394843780479929,202.0,39,"Kelvin Cato, Cuttino Mobley, Steve Francis, Eddie Griffin, Terence Morris"
2002,D,7.343384210616869,238.0,88,"Robert Horry, Shaquille O'Neal, Derek Fisher, Kobe Bryant, Devean George"
2002,D,-7.2821993159302885,228.0,44,"Shawn Kemp, Damon Stoudamire, Dale Davis, Scottie Pippen, Bonzi Wells"
2002,O,-7.27353032538122,835.0,141,"Kenny Anderson, Antoine Walker, Tony Battie, Paul Pierce, Joe Johnson"
2002,D,7.214529727374457,226.0,51,"Moochie Norris, Kelvin Cato, Cuttino Mobley, Steve Francis, Kenny Thomas"
2002,O,7.196601117906545,282.0,71,"Horace Grant, Darrell Armstrong, Tracy McGrady, Troy Hudson, Pat Garrity"
2002,D,-6.987515807049096,316.0,42,"Hakeem Olajuwon, Antonio Davis, Jerome Williams, Alvin Williams, Vince Carter"
2002,O,6.964030962980862,312.0,70,"Antonio Davis, Jerome Williams, Alvin Williams, Keon Clark, Morris Peterson"
2002,D,6.7887647079567985,320.0,51,"Eric Piatkowski, Jeff McInnis, Michael Olowokandi, Elton Brand, Lamar Odom"
2002,O,-6.724235383275184,274.0,40,"Tom Gugliotta, Stephon Marbury, Shawn Marion, Jake Tsakalidis, Joe Johnson"
2002,O,-6.687868466555176,662.0,102,"Robert Horry, Lindsey Hunter, Rick Fox, Shaquille O'Neal, Kobe Bryant"
2002,D,-6.671439065548196,217.0,58,"Danny Fortson, Antawn Jamison, Larry Hughes, Jason Richardson, Troy Murphy"
2002,O,6.649746779788505,456.0,65,"Doug Christie, Vlade Divac, Chris Webber, Mike Bibby, Hedo Turkoglu"
2002,D,6.591585978175656,361.0,72,"Dikembe Mutombo, Aaron McKie, Derrick Coleman, Allen Iverson, Matt Harpring"
2002,O,6.573301255189701,276.0,79,"Clifford Robinson, Jon Barry, Corliss Williamson, Zeljko Rebraca, Damon Jones"
2002,O,6.48579506380546,447.0,59,"Eric Piatkowski, Jeff McInnis, Michael Olowokandi, Tremaine Fowlkes, Elton Brand"
2002,D,6.394913548126623,559.0,83,"Adonal Foyle, Danny Fortson, Antawn Jamison, Larry Hughes, Jason Richardson"
2002,D,-6.364986111316717,658.0,103,"Robert Horry, Lindsey Hunter, Rick Fox, Shaquille O'Neal, Kobe Bryant"
2002,O,6.3121171585692375,974.0,150,"David Wesley, P.J. Brown, Elden Campbell, Baron Davis, Lee Nailon"
2002,O,-6.279337662763946,1006.0,170,"Latrell Sprewell, Allan Houston, Mark Jackson, Kurt Thomas, Marcus Camby"
2002,D,6.192322828163445,308.0,80,"Rasheed Wallace, Damon Stoudamire, Dale Davis, Derek Anderson, Bonzi Wells"
2002,D,6.173425791800276,280.0,71,"Anfernee Hardaway, Rodney Rogers, Stephon Marbury, Shawn Marion, Jake Tsakalidis"
2002,D,-6.126889651880847,968.0,148,"David Wesley, P.J. Brown, Elden Campbell, Baron Davis, Lee Nailon"
2002,D,-6.119504246359667,291.0,90,"Doug Christie, Chris Webber, Scot Pollard, Bobby Jackson, Hedo Turkoglu"
2002,O,6.067325542113562,300.0,71,"Bob Sura, Erick Dampier, Danny Fortson, Antawn Jamison, Larry Hughes"
2002,O,-6.059389369128842,1084.0,155,"Eddie Jones, Brian Grant, Alonzo Mourning, Kendall Gill, Rod Strickland"
2002,O,-6.041237408554802,296.0,44,"Chris Whitney, Christian Laettner, Jahidi White, Richard Hamilton, Courtney Alexander"
2002,D,-5.999632305893768,349.0,86,"Jalen Rose, Reggie Miller, Jermaine O'Neal, Al Harrington, Jamaal Tinsley"
2002,D,5.9544826554007075,335.0,46,"Gary Payton, Brent Barry, Rashard Lewis, Jerome James, Vladimir Radmanovic"
2002,O,-5.908227220270438,920.0,124,"Doug Christie, Vlade Divac, Peja Stojakovic, Scot Pollard, Mike Bibby"
2002,O,5.790247509180571,296.0,91,"Doug Christie, Chris Webber, Scot Pollard, Bobby Jackson, Hedo Turkoglu"
2002,D,-5.72114413063454,548.0,91,"Grant Long, Tony Massenburg, Jason Williams, Pau Gasol, Shane Battier"
2002,D,5.6634362561336955,364.0,61,"Steven Smith, David Robinson, Tim Duncan, Charles Smith, Tony Parker"
2002,D,-5.601172779357769,447.0,69,"Tyrone Hill, Lamond Murray, Wesley Person, Zydrunas Ilgauskas, Andre Miller"
2002,D,-5.465308728647314,202.0,47,"Rasheed Wallace, Damon Stoudamire, Dale Davis, Bonzi Wells, Ruben Patterson"
2002,D,5.45411478899812,343.0,110,"Clifford Robinson, Jon Barry, Jerry Stackhouse, Chucky Atkins, Ben Wallace"
2002,D,5.410559608895286,1342.0,218,"Steven Smith, David Robinson, Bruce Bowen, Tim Duncan, Tony Parker"
2002,O,-5.327344796643832,359.0,73,"Dikembe Mutombo, Aaron McKie, Derrick Coleman, Allen Iverson, Matt Harpring"
2002,O,-5.31517290238795,224.0,63,"Karl Malone, John Stockton, Donyell Marshall, Bryon Russell, Andrei Kirilenko"
2002,D,5.29397893465748,764.0,117,"Lamond Murray, Wesley Person, Andre Miller, Jumaine Jones, Chris Mihm"
2002,D,-5.239653792305129,375.0,75,"Jason Kidd, Kerry Kittles, Keith Van Horn, Kenyon Martin, Jason Collins"
2002,O,5.212040149612553,217.0,61,"Doug Christie, Vlade Divac, Peja Stojakovic, Mike Bibby, Hedo Turkoglu"
2002,D,-5.203857444565328,493.0,136,"Robert Horry, Rick Fox, Shaquille O'Neal, Derek Fisher, Kobe Bryant"
2002,D,5.132867397037,477.0,63,"Adonal Foyle, Danny Fortson, Antawn Jamison, Jason Richardson, Gilbert Arenas"
2002,D,-5.125284140367305,450.0,133,"Jeff McInnis, Michael Olowokandi, Elton Brand, Darius Miles, Quentin Richardson"
2002,D,-5.097597053646347,992.0,170,"Latrell Sprewell, Allan Houston, Mark Jackson, Kurt Thomas, Marcus Camby"
2002,O,-5.047187360030826,326.0,54,"Glen Rice, Kelvin Cato, Cuttino Mobley, Steve Francis, Kenny Thomas"
2002,O,-5.041648684689925,209.0,28,"Lamond Murray, Wesley Person, Michael Doleac, Andre Miller, Chris Mihm"
2002,D,-5.036516619852835,291.0,54,"Jason Kidd, Kerry Kittles, Keith Van Horn, Todd MacCulloch, Richard Jefferson"
2002,D,4.995183487435185,824.0,118,"Terrell Brandon, Joe Smith, Kevin Garnett, Rasho Nesterovic, Wally Szczerbiak"
2002,O,4.96418135221335,832.0,119,"Terrell Brandon, Joe Smith, Kevin Garnett, Rasho Nesterovic, Wally Szczerbiak"
2002,O,4.935460586941622,1174.0,213,"Horace Grant, Darrell Armstrong, Tracy McGrady, Pat Garrity, Mike Miller"
2002,D,-4.9288265491793375,211.0,65,"Lucious Harris, Jason Kidd, Kenyon Martin, Richard Jefferson, Jason Collins"
2002,O,-4.873960835904601,631.0,79,"Lindsey Hunter, Rick Fox, Shaquille O'Neal, Samaki Walker, Kobe Bryant"
2002,D,-4.804648939686787,296.0,55,"Kevin Garnett, Gary Trent, Chauncey Billups, Rasho Nesterovic, Wally Szczerbiak"
2002,D,4.7896094563020695,633.0,81,"Lindsey Hunter, Rick Fox, Shaquille O'Neal, Samaki Walker, Kobe Bryant"
2002,D,4.759664408517127,548.0,122,"Grant Long, Jason Williams, Stromile Swift, Pau Gasol, Shane Battier"
2002,O,4.757065217225692,434.0,77,"Dikembe Mutombo, Eric Snow, Corie Blount, Allen Iverson, Matt Harpring"
2002,D,4.731021942218361,449.0,65,"Dana Barros, Clifford Robinson, Michael Curry, Jerry Stackhouse, Ben Wallace"
2002,D,4.580680371613943,217.0,38,"Shareef Abdur-Rahim, Jason Terry, Dion Glover, DerMarr Johnson, Hanno Mottola"
2002,D,4.57226871397962,269.0,40,"Tom Gugliotta, Stephon Marbury, Shawn Marion, Jake Tsakalidis, Joe Johnson"
2002,O,4.526634165847281,453.0,71,"Tyrone Hill, Lamond Murray, Wesley Person, Zydrunas Ilgauskas, Andre Miller"
2002,O,4.5192331715291525,533.0,89,"Reggie Miller, Jermaine O'Neal, Brad Miller, Metta World Peace, Jamaal Tinsley"
2002,D,4.481179566615044,442.0,58,"Eric Piatkowski, Jeff McInnis, Michael Olowokandi, Tremaine Fowlkes, Elton Brand"
2002,O,4.45034906625164,253.0,55,"Eric Piatkowski, Jeff McInnis, Michael Olowokandi, Elton Brand, Darius Miles"
2002,O,-4.418235824617994,292.0,92,"Kenny Anderson, Eric Williams, Antoine Walker, Vitaly Potapenko, Paul Pierce"
2002,O,4.403319121791639,321.0,51,"Eric Piatkowski, Jeff McInnis, Michael Olowokandi, Elton Brand, Lamar Odom"
2002,O,4.332518271276885,217.0,63,"Terry Porter, Malik Rose, Tim Duncan, Antonio Daniels, Charles Smith"
2002,D,4.289944924893945,275.0,83,"Moochie Norris, Cuttino Mobley, Steve Francis, Kenny Thomas, Eddie Griffin"
2002,D,-4.271227504760971,370.0,51,"Bo Outlaw, Stephon Marbury, Shawn Marion, Jake Tsakalidis, Joe Johnson"
2002,D,4.259692706072115,864.0,130,"Erick Dampier, Danny Fortson, Antawn Jamison, Larry Hughes, Jason Richardson"
2002,O,4.154315212347649,537.0,119,"Grant Long, Jason Williams, Stromile Swift, Pau Gasol, Shane Battier"
2002,D,-4.114884595060819,332.0,52,"Kelvin Cato, Cuttino Mobley, Steve Francis, Kenny Thomas, Eddie Griffin"
2002,D,4.002554604078139,204.0,56,"Jason Williams, Rodney Buford, Stromile Swift, Pau Gasol, Shane Battier"
2002,O,3.984503640518943,325.0,57,"Sam Mitchell, Kevin Garnett, Chauncey Billups, Rasho Nesterovic, Wally Szczerbiak"
2002,O,3.9289454848997765,674.0,81,"Rick Fox, Shaquille O'Neal, Samaki Walker, Derek Fisher, Kobe Bryant"
2002,O,-3.9038397860511473,336.0,53,"Kelvin Cato, Cuttino Mobley, Steve Francis, Kenny Thomas, Eddie Griffin"
2002,O,3.7941813682673597,268.0,49,"Erick Dampier, Danny Fortson, Antawn Jamison, Jason Richardson, Gilbert Arenas"
2002,D,-3.75634872200718,311.0,71,"Antonio Davis, Jerome Williams, Alvin Williams, Keon Clark, Morris Peterson"
2002,D,-3.723492625283415,230.0,50,"Gary Payton, Vin Baker, Brent Barry, Rashard Lewis, Vladimir Radmanovic"
2002,O,3.689295736803079,892.0,121,"Joe Smith, Kevin Garnett, Chauncey Billups, Rasho Nesterovic, Wally Szczerbiak"
2002,D,3.687277755074256,432.0,101,"Rasheed Wallace, Damon Stoudamire, Dale Davis, Derek Anderson, Ruben Patterson"
2002,O,3.6738488867804424,527.0,106,"Jason Kidd, Kerry Kittles, Aaron Williams, Keith Van Horn, Kenyon Martin"
2002,O,3.667524219775003,316.0,64,"Juwan Howard, Michael Finley, Steve Nash, Adrian Griffin, Dirk Nowitzki"
2002,D,-3.622591470745521,392.0,70,"Lorenzen Wright, Jason Williams, Rodney Buford, Pau Gasol, Shane Battier"
2002,D,-3.5926282535081633,224.0,58,"Shawn Kemp, Rasheed Wallace, Damon Stoudamire, Scottie Pippen, Bonzi Wells"
2002,D,-3.5842285007776247,267.0,48,"Anfernee Hardaway, Bo Outlaw, Stephon Marbury, Shawn Marion, Jake Voskuhl"
2002,D,3.4851362332560454,292.0,91,"Kenny Anderson, Eric Williams, Antoine Walker, Vitaly Potapenko, Paul Pierce"
2002,O,3.4080845212329796,295.0,44,"Shareef Abdur-Rahim, Emanual Davis, Nazr Mohammed, Jason Terry, Dion Glover"
2002,D,-3.392947807885514,448.0,108,"Clifford Robinson, Jerry Stackhouse, Corliss Williamson, Chucky Atkins, Ben Wallace"
2002,O,3.3882384296286716,486.0,75,"Jeff McInnis, Michael Olowokandi, Elton Brand, Lamar Odom, Corey Maggette"
2002,O,-3.3694239034022564,276.0,84,"Moochie Norris, Cuttino Mobley, Steve Francis, Kenny Thomas, Eddie Griffin"
2002,O,3.2596828288577075,314.0,80,"Rasheed Wallace, Damon Stoudamire, Dale Davis, Derek Anderson, Bonzi Wells"
2002,O,-3.2157577090955574,207.0,38,"Latrell Sprewell, Allan Houston, Felton Spencer, Mark Jackson, Kurt Thomas"
2002,D,3.190612963178412,212.0,51,"Gary Payton, Brent Barry, Art Long, Rashard Lewis, Desmond Mason"
2002,D,-3.098313747118939,1520.0,232,"Doug Christie, Vlade Divac, Chris Webber, Peja Stojakovic, Mike Bibby"
2002,D,3.0871479148133303,920.0,125,"Doug Christie, Vlade Divac, Peja Stojakovic, Scot Pollard, Mike Bibby"
2002,O,3.0814987184700833,300.0,55,"Kevin Garnett, Gary Trent, Chauncey Billups, Rasho Nesterovic, Wally Szczerbiak"
2002,D,-2.9217252751044103,326.0,94,"Kenny Anderson, Antoine Walker, Erick Strickland, Tony Battie, Paul Pierce"
2002,D,-2.8857325229012365,230.0,78,"Kenny Anderson, Antoine Walker, Vitaly Potapenko, Erick Strickland, Paul Pierce"
2002,D,-2.8600594261755488,509.0,109,"David Wesley, P.J. Brown, Jamal Mashburn, Baron Davis, Jamaal Magloire"
2002,O,-2.831922630124784,466.0,65,"Walt Williams, Kelvin Cato, Cuttino Mobley, Steve Francis, Kenny Thomas"
2002,O,-2.8129413203794003,375.0,53,"Bo Outlaw, Stephon Marbury, Shawn Marion, Jake Tsakalidis, Joe Johnson"
2002,O,-2.8023038107159772,655.0,97,"Hakeem Olajuwon, Antonio Davis, Alvin Williams, Vince Carter, Morris Peterson"
2002,O,2.800407655023778,773.0,120,"Lamond Murray, Wesley Person, Andre Miller, Jumaine Jones, Chris Mihm"
2002,D,2.783766117919201,252.0,42,"Greg Anthony, Charles Oakley, Ron Mercer, Brad Miller, Trenton Hassell"
2002,D,-2.7713783970022576,455.0,72,"Chris Whitney, Hubert Davis, Popeye Jones, Michael Jordan, Jahidi White"
2002,O,2.7106570977486553,386.0,73,"Tom Gugliotta, Anfernee Hardaway, Stephon Marbury, Shawn Marion, Jake Tsakalidis"
2002,O,2.681582749805066,508.0,110,"David Wesley, P.J. Brown, Jamal Mashburn, Baron Davis, Jamaal Magloire"
2002,D,2.646108839259136,893.0,134,"Jalen Rose, Reggie Miller, Jermaine O'Neal, Jeff Foster, Jamaal Tinsley"
2002,D,2.63053624884146,226.0,34,"P.J. Brown, George Lynch, Jamal Mashburn, Elden Campbell, Baron Davis"
2002,O,2.60133114368392,317.0,42,"Hakeem Olajuwon, Antonio Davis, Jerome Williams, Alvin Williams, Vince Carter"
2002,D,2.5930704728321117,321.0,54,"Sam Mitchell, Kevin Garnett, Chauncey Billups, Rasho Nesterovic, Wally Szczerbiak"
2002,D,-2.587332956092571,649.0,96,"Hakeem Olajuwon, Antonio Davis, Alvin Williams, Vince Carter, Morris Peterson"
2002,O,2.5673698984483684,363.0,95,"Jalen Rose, Reggie Miller, Jermaine O'Neal, Al Harrington, Jamaal Tinsley"
2002,D,-2.5389918713295767,215.0,42,"Rick Fox, Samaki Walker, Derek Fisher, Kobe Bryant, Slava Medvedenko"
2002,O,-2.5108893744792966,1654.0,278,"Clifford Robinson, Michael Curry, Jerry Stackhouse, Chucky Atkins, Ben Wallace"
2002,O,-2.494381028424988,1330.0,209,"Latrell Sprewell, Clar. Weatherspoon, Allan Houston, Mark Jackson, Kurt Thomas"
2002,O,-2.4718954361099237,339.0,47,"Chris Whitney, Christian Laettner, Michael Jordan, Jahidi White, Richard Hamilton"
2002,D,-2.46851586650298,384.0,108,"Anthony Peeler, Kevin Garnett, Chauncey Billups, Rasho Nesterovic, Wally Szczerbiak"
2002,D,2.4256074836050177,1168.0,209,"Horace Grant, Darrell Armstrong, Tracy McGrady, Pat Garrity, Mike Miller"
2002,O,2.406109524338437,270.0,52,"Anfernee Hardaway, Bo Outlaw, Stephon Marbury, Shawn Marion, Jake Voskuhl"
2002,D,-2.404859735664888,294.0,47,"Shareef Abdur-Rahim, Emanual Davis, Nazr Mohammed, Jason Terry, Dion Glover"
2002,D,2.396652684414446,222.0,64,"Doug Christie, Vlade Divac, Peja Stojakovic, Mike Bibby, Hedo Turkoglu"
2002,O,2.3701373562886032,212.0,35,"P.J. Brown, George Lynch, Elden Campbell, Baron Davis, Lee Nailon"
2002,O,2.294520983424849,227.0,39,"Steven Smith, David Robinson, Tim Duncan, Antonio Daniels, Charles Smith"
2002,O,2.2723512755903035,1353.0,218,"Steven Smith, David Robinson, Bruce Bowen, Tim Duncan, Tony Parker"
2002,D,-2.271317353133207,281.0,85,"Anthony Peeler, Joe Smith, Kevin Garnett, Chauncey Billups, Wally Szczerbiak"
2002,O,2.268940161149031,227.0,46,"Shawn Kemp, Damon Stoudamire, Dale Davis, Scottie Pippen, Bonzi Wells"
2002,D,2.268404216445528,756.0,91,"Anthony Mason, Sam Cassell, Glenn Robinson, Ray Allen, Joel Przybilla"
2002,D,2.244290271276123,883.0,122,"Joe Smith, Kevin Garnett, Chauncey Billups, Rasho Nesterovic, Wally Szczerbiak"
2002,O,-2.2391035285568934,252.0,45,"Jalen Rose, Travis Best, Tyson Chandler, Eddy Curry, Trenton Hassell"
2002,O,-2.2080607375838115,274.0,68,"Latrell Sprewell, Clar. Weatherspoon, Mark Jackson, Kurt Thomas, Shandon Anderson"
2002,D,2.2045591062753296,1072.0,152,"Eddie Jones, Brian Grant, Alonzo Mourning, Kendall Gill, Rod Strickland"
2002,D,-2.186837695923651,240.0,77,"Chris Webber, Peja Stojakovic, Scot Pollard, Bobby Jackson, Hedo Turkoglu"
2002,O,-2.1675864471462387,288.0,37,"Karl Malone, John Stockton, Greg Ostertag, Donyell Marshall, Quincy Lewis"
2002,O,-2.1547107119419224,454.0,68,"Dana Barros, Clifford Robinson, Michael Curry, Jerry Stackhouse, Ben Wallace"
2002,O,-2.0246174648953357,1530.0,235,"Doug Christie, Vlade Divac, Chris Webber, Peja Stojakovic, Mike Bibby"
2002,D,-2.0060137972528427,306.0,51,"Chris Whitney, Popeye Jones, Michael Jordan, Jahidi White, Richard Hamilton"
2002,O,1.8732313416612243,866.0,114,"Shareef Abdur-Rahim, Nazr Mohammed, Jason Terry, Ira Newble, DerMarr Johnson"
2002,D,-1.8649648670545913,300.0,72,"Bob Sura, Erick Dampier, Danny Fortson, Antawn Jamison, Larry Hughes"
2002,O,-1.8477340441643302,327.0,58,"Antonio Davis, Jerome Williams, Alvin Williams, Vince Carter, Keon Clark"
2002,O,-1.8433036121429482,762.0,155,"Eddie Jones, Brian Grant, Alonzo Mourning, Rod Strickland, Jim Jackson"
2002,O,1.809131753544557,447.0,110,"Clifford Robinson, Jerry Stackhouse, Corliss Williamson, Chucky Atkins, Ben Wallace"
2002,D,-1.771512431009495,209.0,48,"Reggie Miller, Jermaine O'Neal, Brad Miller, Jonathan Bender, Jamaal Tinsley"
2002,D,1.7701101189046473,208.0,33,"P.J. Brown, George Lynch, Elden Campbell, Baron Davis, Lee Nailon"
2002,O,-1.758317767808497,299.0,39,"Horace Grant, Darrell Armstrong, Tracy McGrady, Mike Miller, Steven Hunter"
2002,D,1.70326629264582,469.0,64,"Gary Payton, Vin Baker, Brent Barry, Art Long, Rashard Lewis"
2002,O,1.6997819809206778,1982.0,300,"Jason Kidd, Kerry Kittles, Keith Van Horn, Todd MacCulloch, Kenyon Martin"
2002,O,1.6602550455449614,763.0,93,"Anthony Mason, Sam Cassell, Glenn Robinson, Ray Allen, Joel Przybilla"
2002,D,1.6275694177779605,301.0,89,"Anthony Mason, Sam Cassell, Glenn Robinson, Ray Allen, Tim Thomas"
2002,O,1.5647452338067966,225.0,60,"Shawn Kemp, Rasheed Wallace, Damon Stoudamire, Scottie Pippen, Bonzi Wells"
2002,O,1.5478901260338764,816.0,113,"Eric Piatkowski, Jeff McInnis, Michael Olowokandi, Elton Brand, Corey Maggette"
2002,O,1.51818131323517,396.0,67,"Lorenzen Wright, Jason Williams, Rodney Buford, Pau Gasol, Shane Battier"
2002,D,-1.4981354880219961,244.0,73,"David Wesley, P.J. Brown, Baron Davis, Lee Nailon, Jamaal Magloire"
2002,O,-1.4879287689712757,232.0,34,"Gary Payton, Vin Baker, Brent Barry, Rashard Lewis, Calvin Booth"
2002,O,1.4578940457981784,325.0,96,"Kenny Anderson, Antoine Walker, Erick Strickland, Tony Battie, Paul Pierce"
2002,O,1.4339941436907075,343.0,109,"Clifford Robinson, Jon Barry, Jerry Stackhouse, Chucky Atkins, Ben Wallace"
2002,D,1.38921698727046,386.0,66,"Anfernee Hardaway, Bo Outlaw, Stephon Marbury, Shawn Marion, Jake Tsakalidis"
2002,O,-1.357203579042432,553.0,80,"Adonal Foyle, Danny Fortson, Antawn Jamison, Larry Hughes, Jason Richardson"
2002,O,-1.337846259424391,235.0,78,"Lucious Harris, Jason Kidd, Aaron Williams, Kenyon Martin, Richard Jefferson"
2002,D,1.3154439753699705,530.0,107,"Jason Kidd, Kerry Kittles, Aaron Williams, Keith Van Horn, Kenyon Martin"
2002,D,-1.2759017406417257,228.0,48,"Rasheed Wallace, Dale Davis, Scottie Pippen, Derek Anderson, Bonzi Wells"
2002,O,-1.2561219349614565,330.0,58,"Monty Williams, Horace Grant, Darrell Armstrong, Tracy McGrady, Pat Garrity"
2002,D,-1.2312743709751426,627.0,124,"Anthony Mason, Sam Cassell, Glenn Robinson, Ervin Johnson, Ray Allen"
2002,O,-1.2174581865992402,215.0,42,"Rick Fox, Samaki Walker, Derek Fisher, Kobe Bryant, Slava Medvedenko"
2002,O,-1.2081151926544957,282.0,84,"Anthony Peeler, Joe Smith, Kevin Garnett, Chauncey Billups, Wally Szczerbiak"
2002,O,-1.1914275486316217,380.0,87,"Latrell Sprewell, Allan Houston, Mark Jackson, Kurt Thomas, Othella Harrington"
2002,O,-1.0827203160999885,369.0,88,"Antonio Davis, Alvin Williams, Vince Carter, Keon Clark, Morris Peterson"
2002,O,1.0546017805201622,211.0,47,"Grant Long, Tony Massenburg, Brevin Knight, Pau Gasol, Shane Battier"
2002,D,-1.044878642090835,234.0,77,"Lucious Harris, Jason Kidd, Aaron Williams, Kenyon Martin, Richard Jefferson"
2002,D,0.9910504639606736,1945.0,293,"Jason Kidd, Kerry Kittles, Keith Van Horn, Todd MacCulloch, Kenyon Martin"
2002,D,-0.982321536717056,287.0,77,"Horace Grant, Darrell Armstrong, Tracy McGrady, Troy Hudson, Pat Garrity"
2002,D,-0.9714618567662658,327.0,55,"Glen Rice, Kelvin Cato, Cuttino Mobley, Steve Francis, Kenny Thomas"
2002,O,-0.9440668224300819,236.0,80,"Danny Ferry, Terry Porter, Malik Rose, Tim Duncan, Antonio Daniels"
2002,D,0.9279123733819538,271.0,80,"Clifford Robinson, Jon Barry, Corliss Williamson, Zeljko Rebraca, Damon Jones"
2002,O,0.9111299487456228,227.0,47,"Rasheed Wallace, Dale Davis, Scottie Pippen, Derek Anderson, Bonzi Wells"
2002,D,0.9088454365865303,414.0,51,"Tom Gugliotta, Anfernee Hardaway, Stephon Marbury, Shawn Marion, Jake Voskuhl"
2002,O,-0.8943500534415318,344.0,44,"Anthony Mason, Sam Cassell, Ray Allen, Tim Thomas, Joel Przybilla"
2002,D,0.8627076019820784,564.0,153,"Gary Payton, Vin Baker, Brent Barry, Rashard Lewis, Desmond Mason"
2002,D,0.8522722277314247,521.0,90,"Reggie Miller, Jermaine O'Neal, Brad Miller, Metta World Peace, Jamaal Tinsley"
2002,O,-0.8099598681795643,467.0,64,"Gary Payton, Vin Baker, Brent Barry, Art Long, Rashard Lewis"
2002,D,0.7842447540188389,435.0,78,"Dikembe Mutombo, Eric Snow, Corie Blount, Allen Iverson, Matt Harpring"
2002,D,-0.7611795839909473,377.0,72,"Tom Gugliotta, Anfernee Hardaway, Stephon Marbury, Shawn Marion, Jake Tsakalidis"
2002,O,0.7565384920745809,761.0,130,"David Wesley, P.J. Brown, Jamal Mashburn, Elden Campbell, Baron Davis"
2002,O,-0.7501105529786065,312.0,88,"Anthony Mason, Sam Cassell, Glenn Robinson, Ray Allen, Tim Thomas"
2002,D,0.5969383571637668,816.0,113,"Eric Piatkowski, Jeff McInnis, Michael Olowokandi, Elton Brand, Corey Maggette"
2002,D,-0.5862591674621475,747.0,128,"David Wesley, P.J. Brown, Jamal Mashburn, Elden Campbell, Baron Davis"
2002,O,-0.5815683359790385,748.0,119,"Karl Malone, John Stockton, Bryon Russell, Andrei Kirilenko, Jarron Collins"
2002,D,0.5772094507838178,952.0,149,"Dikembe Mutombo, Eric Snow, Derrick Coleman, Allen Iverson, Matt Harpring"
2002,D,0.5700879514812138,299.0,38,"Horace Grant, Darrell Armstrong, Tracy McGrady, Mike Miller, Steven Hunter"
2002,O,-0.5202604596821588,233.0,88,"Jon Barry, Corliss Williamson, Ben Wallace, Zeljko Rebraca, Damon Jones"
2002,O,0.5060973603265628,206.0,50,"Gary Payton, Brent Barry, Art Long, Rashard Lewis, Desmond Mason"
2002,O,-0.4850493885268381,821.0,163,"Kenny Anderson, Eric Williams, Antoine Walker, Tony Battie, Paul Pierce"
2002,O,-0.4802025182436267,864.0,133,"Erick Dampier, Danny Fortson, Antawn Jamison, Larry Hughes, Jason Richardson"
2002,D,-0.4502995128957145,324.0,57,"Greg Anthony, Ron Mercer, Brad Miller, Marcus Fizer, Trenton Hassell"
2002,O,0.44000828786506385,1500.0,231,"Rasheed Wallace, Damon Stoudamire, Dale Davis, Scottie Pippen, Bonzi Wells"
2002,D,0.4324269637470659,230.0,69,"Jeff McInnis, Elton Brand, Corey Maggette, Darius Miles, Quentin Richardson"
2002,O,0.4149349273208419,952.0,145,"Dikembe Mutombo, Eric Snow, Derrick Coleman, Allen Iverson, Matt Harpring"
2002,D,-0.3639485476416344,1491.0,230,"Rasheed Wallace, Damon Stoudamire, Dale Davis, Scottie Pippen, Bonzi Wells"
2002,O,0.36087539979600103,205.0,46,"Reggie Miller, Jermaine O'Neal, Brad Miller, Jonathan Bender, Jamaal Tinsley"
2002,O,0.33979867864364316,432.0,97,"Rasheed Wallace, Damon Stoudamire, Dale Davis, Derek Anderson, Ruben Patterson"
2002,D,-0.3334438019972108,250.0,53,"Eric Piatkowski, Jeff McInnis, Michael Olowokandi, Elton Brand, Darius Miles"
2002,O,-0.2885766418457826,628.0,121,"Anthony Mason, Sam Cassell, Glenn Robinson, Ervin Johnson, Ray Allen"
2002,D,-0.2818827051348478,242.0,88,"Jon Barry, Corliss Williamson, Ben Wallace, Zeljko Rebraca, Damon Jones"
2002,D,0.2646039339203724,752.0,155,"Eddie Jones, Brian Grant, Alonzo Mourning, Rod Strickland, Jim Jackson"
2002,O,0.2420816618475998,275.0,70,"Anfernee Hardaway, Rodney Rogers, Stephon Marbury, Shawn Marion, Jake Tsakalidis"
2002,D,0.23231446512544096,236.0,83,"Danny Ferry, Terry Porter, Malik Rose, Tim Duncan, Antonio Daniels"
2002,O,0.22951662076782867,554.0,90,"Grant Long, Tony Massenburg, Jason Williams, Pau Gasol, Shane Battier"
2002,D,0.20760402893101715,336.0,47,"Chris Whitney, Christian Laettner, Michael Jordan, Jahidi White, Richard Hamilton"
2002,D,-0.20627003060716284,1637.0,278,"Clifford Robinson, Michael Curry, Jerry Stackhouse, Chucky Atkins, Ben Wallace"
2002,O,0.16318314828952835,496.0,141,"Robert Horry, Rick Fox, Shaquille O'Neal, Derek Fisher, Kobe Bryant"
2002,O,-0.11640249072102378,219.0,66,"Anfernee Hardaway, Bo Outlaw, Rodney Rogers, Stephon Marbury, Shawn Marion"
2002,D,0.09569226438456879,669.0,81,"Rick Fox, Shaquille O'Neal, Samaki Walker, Derek Fisher, Kobe Bryant"
2002,D,-0.08675367028373593,325.0,57,"Monty Williams, Horace Grant, Darrell Armstrong, Tracy McGrady, Pat Garrity"
2002,D,0.07359224618249073,297.0,43,"Chris Whitney, Christian Laettner, Jahidi White, Richard Hamilton, Courtney Alexander"
2002,O,-0.0016936013925728244,903.0,135,"Jalen Rose, Reggie Miller, Jermaine O'Neal, Jeff Foster, Jamaal Tinsley"
2003,D,-20.762306658692143,216.0,58,"Jason Kidd, Kerry Kittles, Aaron Williams, Kenyon Martin, Richard Jefferson"
2003,D,-19.234225050759076,248.0,92,"Malik Rose, Tim Duncan, Stephen Jackson, Manu Ginobili, Tony Parker"
2003,O,18.173660884327393,287.0,96,"Malik Rose, Bruce Bowen, Tim Duncan, Manu Ginobili, Tony Parker"
2003,D,-17.778635108750393,236.0,42,"Wesley Person, Lorenzen Wright, Jason Williams, Mike Miller, Pau Gasol"
2003,D,17.394509737806082,284.0,60,"Juwan Howard, Ryan Bowen, Nene, Vincent Yarbrough, Junior Harrington"
2003,D,-16.657648414406015,218.0,67,"Karl Malone, Mark Jackson, Tony Massenburg, Matt Harpring, Andrei Kirilenko"
2003,O,16.507489912292048,200.0,32,"Antonio Davis, Alvin Williams, Vince Carter, Morris Peterson, Michael Bradley"
2003,D,-16.167988991467457,202.0,52,"Gary Payton, Brent Barry, Rashard Lewis, Desmond Mason, Vladimir Radmanovic"
2003,O,15.95475692651097,285.0,61,"Juwan Howard, Ryan Bowen, Nene, Vincent Yarbrough, Junior Harrington"
2003,D,-15.506363637301565,245.0,57,"David Robinson, Bruce Bowen, Tim Duncan, Manu Ginobili, Tony Parker"
2003,D,15.369077585910686,323.0,58,"Doug Christie, Vlade Divac, Peja Stojakovic, Mike Bibby, Keon Clark"
2003,O,15.021780534295182,212.0,67,"Aaron McKie, Eric Snow, Derrick Coleman, Allen Iverson, Kenny Thomas"
2003,O,14.800344481553507,225.0,40,"Andrew DeClercq, Tracy McGrady, Jacque Vaughn, Gordan Giricek, Drew Gooden"
2003,O,-14.267625729818672,235.0,44,"Brian Grant, Travis Best, Malik Allen, Caron Butler, Rasual Butler"
2003,D,-14.183118624584456,284.0,84,"Darrell Armstrong, Andrew DeClercq, Tracy McGrady, Pat Garrity, Mike Miller"
2003,O,13.666504185652812,325.0,74,"Rasheed Wallace, Dale Davis, Scottie Pippen, Derek Anderson, Ruben Patterson"
2003,D,-13.393106543614605,231.0,61,"Wesley Person, Jason Williams, Pau Gasol, Shane Battier, Mike Batiste"
2003,D,-13.340005954835592,227.0,63,"Latrell Sprewell, Allan Houston, Howard Eisley, Othella Harrington, Michael Doleac"
2003,O,13.25665080801743,331.0,82,"Karl Malone, John Stockton, Greg Ostertag, Matt Harpring, Andrei Kirilenko"
2003,D,-13.250065864522673,322.0,80,"David Wesley, P.J. Brown, Jamal Mashburn, Courtney Alexander, Jamaal Magloire"
2003,O,-12.88523007607105,231.0,65,"Doug Christie, Chris Webber, Jim Jackson, Bobby Jackson, Keon Clark"
2003,D,12.373688103131437,266.0,64,"Eric Williams, Antoine Walker, Walter McCarty, Paul Pierce, J.R. Bremer"
2003,O,11.864054379057668,277.0,76,"Glenn Robinson, Alan Henderson, Shareef Abdur-Rahim, Jason Terry, Ira Newble"
2003,O,11.821591320897616,282.0,72,"Glen Rice, Maurice Taylor, Cuttino Mobley, Steve Francis, Yao Ming"
2003,D,11.814371512796058,373.0,82,"Michael Finley, Shawn Bradley, Steve Nash, Dirk Nowitzki, Raja Bell"
2003,O,-11.775839958516539,245.0,59,"David Robinson, Bruce Bowen, Tim Duncan, Manu Ginobili, Tony Parker"
2003,O,11.772456721498148,297.0,47,"Grant Hill, Shawn Kemp, Tracy McGrady, Pat Garrity, Mike Miller"
2003,D,-11.710975781723016,344.0,61,"Voshon Lenard, Jerome Williams, Alvin Williams, Jelani McCoy, Morris Peterson"
2003,O,11.64456515972165,254.0,88,"Clar. Weatherspoon, Allan Houston, Charlie Ward, Shandon Anderson, Michael Doleac"
2003,O,11.500700238001158,270.0,49,"P.J. Brown, George Lynch, Jamal Mashburn, Baron Davis, Jamaal Magloire"
2003,D,-11.472022122723855,271.0,51,"Christian Laettner, Jerry Stackhouse, Michael Jordan, Tyronn Lue, Brendan Haywood"
2003,O,-11.460967506288354,281.0,90,"Latrell Sprewell, Clar. Weatherspoon, Charlie Ward, Shandon Anderson, Michael Doleac"
2003,D,-11.377861972060183,210.0,34,"Rick Fox, Shaquille O'Neal, Derek Fisher, Kobe Bryant, Slava Medvedenko"
2003,O,11.09730721108683,205.0,44,"Reggie Miller, Al Harrington, Brad Miller, Metta World Peace, Jamaal Tinsley"
2003,O,10.766241335073774,215.0,62,"Latrell Sprewell, Allan Houston, Howard Eisley, Othella Harrington, Michael Doleac"
2003,D,-10.717467720722036,258.0,65,"Kevin Willis, Bruce Bowen, Tim Duncan, Stephen Jackson, Tony Parker"
2003,D,10.668646795623554,273.0,65,"Robert Horry, Samaki Walker, Derek Fisher, Kobe Bryant, Devean George"
2003,D,10.645082004746023,307.0,78,"Antoine Walker, Tony Delk, Walter McCarty, Tony Battie, Paul Pierce"
2003,D,10.57191876219661,286.0,94,"Clifford Robinson, Jon Barry, Corliss Williamson, Chucky Atkins, Mehmet Okur"
2003,O,10.53137332611548,271.0,60,"Eric Williams, Antoine Walker, Walter McCarty, Paul Pierce, J.R. Bremer"
2003,D,-10.517881430056491,443.0,100,"Maurice Taylor, Cuttino Mobley, Steve Francis, James Posey, Yao Ming"
2003,D,-10.463707441746822,214.0,66,"Anthony Peeler, Kendall Gill, Kevin Garnett, Troy Hudson, Rasho Nesterovic"
2003,O,10.390938636094301,318.0,106,"Latrell Sprewell, Clar. Weatherspoon, Allan Houston, Charlie Ward, Kurt Thomas"
2003,O,-10.370779770323079,348.0,39,"Sean Rooks, Cherokee Parks, Lamar Odom, Andre Miller, Corey Maggette"
2003,O,10.323806341017654,297.0,40,"Jalen Rose, Donyell Marshall, Jamal Crawford, Tyson Chandler, Eddy Curry"
2003,O,-10.304172641154928,239.0,75,"Zydrunas Ilgauskas, Ricky Davis, Jumaine Jones, Milt Palacio, Carlos Boozer"
2003,D,-10.155724755720842,346.0,40,"Sean Rooks, Cherokee Parks, Lamar Odom, Andre Miller, Corey Maggette"
2003,O,-10.079753941468223,271.0,52,"Dale Davis, Scottie Pippen, Derek Anderson, Bonzi Wells, Zach Randolph"
2003,D,-10.075866973756954,569.0,87,"Sean Rooks, Elton Brand, Lamar Odom, Andre Miller, Corey Maggette"
2003,O,9.993664852415547,226.0,52,"Anthony Peeler, Joe Smith, Kevin Garnett, Troy Hudson, Wally Szczerbiak"
2003,D,9.737251499497066,487.0,72,"Michael Finley, Shawn Bradley, Steve Nash, Adrian Griffin, Dirk Nowitzki"
2003,D,9.521270934271937,219.0,36,"Michael Curry, Ben Wallace, Zeljko Rebraca, Chauncey Billups, Richard Hamilton"
2003,O,9.491199225812945,519.0,160,"Robert Horry, Shaquille O'Neal, Derek Fisher, Kobe Bryant, Devean George"
2003,D,9.35978605658473,250.0,48,"Wesley Person, Jason Williams, Stromile Swift, Mike Miller, Pau Gasol"
2003,O,9.269579424755143,217.0,46,"Lorenzen Wright, Jason Williams, Gordan Giricek, Pau Gasol, Drew Gooden"
2003,O,9.227358871075298,254.0,47,"Wesley Person, Jason Williams, Stromile Swift, Mike Miller, Pau Gasol"
2003,D,-9.178059790815826,211.0,72,"Lucious Harris, Jason Kidd, Rodney Rogers, Aaron Williams, Richard Jefferson"
2003,O,9.014740507897026,959.0,209,"Lucious Harris, Jason Kidd, Kenyon Martin, Richard Jefferson, Jason Collins"
2003,D,8.89116185220131,519.0,104,"Steven Smith, David Robinson, Bruce Bowen, Tim Duncan, Tony Parker"
2003,O,-8.796469091610854,241.0,43,"Jerry Stackhouse, Bryon Russell, Larry Hughes, Kwame Brown, Brendan Haywood"
2003,O,-8.70100340470191,214.0,73,"Lucious Harris, Jason Kidd, Rodney Rogers, Aaron Williams, Richard Jefferson"
2003,O,-8.50923222219399,830.0,120,"Zydrunas Ilgauskas, Ricky Davis, Milt Palacio, Darius Miles, Carlos Boozer"
2003,D,-8.457187341799708,201.0,32,"Shawn Kemp, Tracy McGrady, Jacque Vaughn, Pat Garrity, Gordan Giricek"
2003,D,8.440157199993106,307.0,68,"Reggie Miller, Jermaine O'Neal, Al Harrington, Metta World Peace, Jamaal Tinsley"
2003,O,8.374028441639856,409.0,86,"Jermaine O'Neal, Al Harrington, Brad Miller, Metta World Peace, Jamaal Tinsley"
2003,D,-8.372914918701445,794.0,125,"Rick Fox, Shaquille O'Neal, Derek Fisher, Kobe Bryant, Mark Madsen"
2003,D,-8.357238976117118,313.0,106,"Latrell Sprewell, Clar. Weatherspoon, Allan Houston, Charlie Ward, Kurt Thomas"
2003,D,8.221319861759387,222.0,41,"Andrew DeClercq, Tracy McGrady, Jacque Vaughn, Gordan Giricek, Drew Gooden"
2003,O,-8.197953540855096,276.0,67,"Robert Horry, Samaki Walker, Derek Fisher, Kobe Bryant, Devean George"
2003,D,-8.159105083706613,397.0,69,"Scott Williams, Stephon Marbury, Shawn Marion, Joe Johnson, Amar'e Stoudemire"
2003,D,8.077119624485999,354.0,61,"Michael Olowokandi, Elton Brand, Lamar Odom, Andre Miller, Corey Maggette"
2003,D,-8.026285644100941,293.0,88,"Lucious Harris, Jason Kidd, Aaron Williams, Kenyon Martin, Richard Jefferson"
2003,O,7.996021236564421,258.0,82,"Bo Outlaw, Stephon Marbury, Shawn Marion, Jake Voskuhl, Joe Johnson"
2003,O,7.951061427813341,236.0,41,"Wesley Person, Lorenzen Wright, Jason Williams, Mike Miller, Pau Gasol"
2003,D,-7.94680256940799,217.0,59,"Nick Van Exel, Michael Finley, Shawn Bradley, Steve Nash, Dirk Nowitzki"
2003,O,-7.841323796875823,247.0,44,"Anthony Mason, Sam Cassell, Jason Caffey, Ray Allen, Tim Thomas"
2003,D,7.812046412365157,299.0,57,"Gary Payton, Brent Barry, Predrag Drobnjak, Rashard Lewis, Vladimir Radmanovic"
2003,O,7.793719660125412,480.0,174,"Clifford Robinson, Corliss Williamson, Ben Wallace, Chauncey Billups, Richard Hamilton"
2003,D,-7.70427261407433,280.0,79,"Glenn Robinson, Alan Henderson, Shareef Abdur-Rahim, Jason Terry, Ira Newble"
2003,O,7.622163053251542,1069.0,190,"Anthony Peeler, Kevin Garnett, Troy Hudson, Rasho Nesterovic, Wally Szczerbiak"
2003,O,-7.58628836219708,360.0,63,"Michael Olowokandi, Elton Brand, Lamar Odom, Andre Miller, Corey Maggette"
2003,O,7.479917489391394,298.0,101,"Jon Barry, Corliss Williamson, Chucky Atkins, Ben Wallace, Mehmet Okur"
2003,O,7.3765277450464835,268.0,57,"Jalen Rose, Donyell Marshall, Eddie Robinson, Tyson Chandler, Jay Williams"
2003,O,-7.348985092597042,315.0,81,"Antoine Walker, Tony Delk, Walter McCarty, Tony Battie, Paul Pierce"
2003,O,7.257759045977013,452.0,114,"Adonal Foyle, Antawn Jamison, Jason Richardson, Troy Murphy, Gilbert Arenas"
2003,O,7.232000017432653,408.0,69,"Scott Williams, Stephon Marbury, Shawn Marion, Joe Johnson, Amar'e Stoudemire"
2003,O,7.1804938748333536,355.0,97,"Bob Sura, Adonal Foyle, Antawn Jamison, Earl Boykins, Mike Dunleavy"
2003,D,-7.152196140568048,253.0,41,"Gary Payton, Anthony Mason, Sam Cassell, Tim Thomas, Desmond Mason"
2003,D,7.1476610577741795,338.0,109,"Clifford Robinson, Jon Barry, Corliss Williamson, Chucky Atkins, Ben Wallace"
2003,O,7.136443095666691,326.0,80,"David Wesley, P.J. Brown, Jamal Mashburn, Courtney Alexander, Jamaal Magloire"
2003,D,7.1197654374085815,360.0,90,"Antonio Davis, Voshon Lenard, Jerome Williams, Alvin Williams, Morris Peterson"
2003,D,-7.02120302566497,284.0,56,"Wesley Person, Lorenzen Wright, Jason Williams, Pau Gasol, Drew Gooden"
2003,O,7.00660007773154,232.0,71,"Antonio Davis, Voshon Lenard, Jerome Williams, Alvin Williams, Vince Carter"
2003,O,-6.918369985582388,210.0,75,"Vin Baker, Antoine Walker, Walter McCarty, Paul Pierce, Shammond Williams"
2003,D,-6.854017130723959,274.0,50,"Dale Davis, Scottie Pippen, Derek Anderson, Bonzi Wells, Zach Randolph"
2003,O,6.8009457988830935,670.0,148,"Latrell Sprewell, Clar. Weatherspoon, Allan Houston, Howard Eisley, Kurt Thomas"
2003,O,6.779213830198573,657.0,144,"Wesley Person, Lorenzen Wright, Jason Williams, Pau Gasol, Shane Battier"
2003,O,6.730597245095844,649.0,104,"David Wesley, P.J. Brown, George Lynch, Jamal Mashburn, Jamaal Magloire"
2003,O,-6.591420806138229,215.0,36,"Michael Curry, Ben Wallace, Zeljko Rebraca, Chauncey Billups, Richard Hamilton"
2003,D,-6.570742649690886,264.0,46,"P.J. Brown, George Lynch, Jamal Mashburn, Baron Davis, Jamaal Magloire"
2003,O,-6.520372999158333,880.0,141,"Aaron McKie, Eric Snow, Allen Iverson, Keith Van Horn, Todd MacCulloch"
2003,O,6.5150133793412355,288.0,87,"Darrell Armstrong, Andrew DeClercq, Tracy McGrady, Pat Garrity, Mike Miller"
2003,O,6.503719053079616,510.0,130,"Anfernee Hardaway, Bo Outlaw, Stephon Marbury, Shawn Marion, Amar'e Stoudemire"
2003,O,6.42841039119032,230.0,41,"Doug Christie, Vlade Divac, Chris Webber, Bobby Jackson, Gerald Wallace"
2003,O,6.364092405092818,1199.0,218,"David Robinson, Bruce Bowen, Tim Duncan, Stephen Jackson, Tony Parker"
2003,O,6.330282849248762,289.0,58,"Wesley Person, Lorenzen Wright, Jason Williams, Pau Gasol, Drew Gooden"
2003,O,6.326430407218782,270.0,71,"Nick Van Exel, Michael Finley, Steve Nash, Raef LaFrentz, Dirk Nowitzki"
2003,D,-6.295092538352296,227.0,42,"Rasheed Wallace, Damon Stoudamire, Dale Davis, Derek Anderson, Ruben Patterson"
2003,O,-6.249628955225856,485.0,77,"Eric Piatkowski, Michael Olowokandi, Elton Brand, Andre Miller, Corey Maggette"
2003,D,6.1625880976082925,259.0,79,"Mark Jackson, Calbert Cheaney, Tony Massenburg, Andrei Kirilenko, Scott Padgett"
2003,D,6.121259869460159,493.0,92,"Jalen Rose, Donyell Marshall, Jamal Crawford, Tyson Chandler, Trenton Hassell"
2003,O,-6.099699138661074,486.0,73,"Michael Finley, Shawn Bradley, Steve Nash, Adrian Griffin, Dirk Nowitzki"
2003,O,-6.063411534655557,290.0,45,"Brian Grant, Anthony Carter, Malik Allen, Caron Butler, Rasual Butler"
2003,O,6.019040026869314,214.0,61,"Jason Kidd, Kerry Kittles, Aaron Williams, Kenyon Martin, Richard Jefferson"
2003,O,5.917942988857481,258.0,46,"Kendall Gill, Rod Strickland, Joe Smith, Kevin Garnett, Rasho Nesterovic"
2003,O,-5.90586956622446,202.0,40,"Juwan Howard, Nikoloz Tskitishvili, Nene, Vincent Yarbrough, Junior Harrington"
2003,O,-5.84234969717928,207.0,58,"Nick Van Exel, Michael Finley, Shawn Bradley, Steve Nash, Dirk Nowitzki"
2003,D,5.732070533092758,572.0,93,"Antonio Davis, Jerome Williams, Alvin Williams, Vince Carter, Morris Peterson"
2003,O,-5.664875967524047,266.0,79,"Mark Jackson, Calbert Cheaney, Tony Massenburg, Andrei Kirilenko, Scott Padgett"
2003,O,5.639232593157042,353.0,86,"Aaron McKie, Eric Snow, Allen Iverson, Keith Van Horn, Brian Skinner"
2003,O,5.636028774023314,415.0,83,"Juwan Howard, Donnell Harvey, Nene, Vincent Yarbrough, Junior Harrington"
2003,O,5.629941476755664,225.0,61,"Wesley Person, Jason Williams, Pau Gasol, Shane Battier, Mike Batiste"
2003,O,5.628192709041377,373.0,68,"Zydrunas Ilgauskas, Ricky Davis, Darius Miles, Carlos Boozer, Smush Parker"
2003,D,5.52159445756665,543.0,93,"Doug Christie, Vlade Divac, Chris Webber, Peja Stojakovic, Bobby Jackson"
2003,D,-5.472250356490451,401.0,97,"Darrell Armstrong, Shawn Kemp, Tracy McGrady, Pat Garrity, Mike Miller"
2003,O,-5.434303481145816,209.0,65,"Lucious Harris, Jason Kidd, Rodney Rogers, Aaron Williams, Kenyon Martin"
2003,D,5.417438802077019,419.0,83,"Eric Snow, Derrick Coleman, Allen Iverson, Keith Van Horn, Kenny Thomas"
2003,D,-5.390998592600377,292.0,95,"Latrell Sprewell, Clar. Weatherspoon, Charlie Ward, Shandon Anderson, Michael Doleac"
2003,D,5.346799546270718,516.0,159,"Robert Horry, Shaquille O'Neal, Derek Fisher, Kobe Bryant, Devean George"
2003,O,5.22922891475046,676.0,170,"Malik Rose, Bruce Bowen, Tim Duncan, Stephen Jackson, Tony Parker"
2003,D,-5.211410469278981,678.0,173,"Malik Rose, Bruce Bowen, Tim Duncan, Stephen Jackson, Tony Parker"
2003,O,5.134652808199604,501.0,128,"Aaron McKie, Eric Snow, Derrick Coleman, Allen Iverson, Keith Van Horn"
2003,O,5.071014176926859,2349.0,344,"Erick Dampier, Antawn Jamison, Jason Richardson, Troy Murphy, Gilbert Arenas"
2003,O,4.98126383882408,798.0,124,"Rick Fox, Shaquille O'Neal, Derek Fisher, Kobe Bryant, Mark Madsen"
2003,O,-4.939915565354453,570.0,86,"Sean Rooks, Elton Brand, Lamar Odom, Andre Miller, Corey Maggette"
2003,D,4.937396487518933,264.0,55,"Jason Williams, Gordan Giricek, Pau Gasol, Shane Battier, Drew Gooden"
2003,O,-4.9157915837869535,247.0,33,"Tyrone Hill, Eric Snow, Derrick Coleman, Allen Iverson, Keith Van Horn"
2003,O,4.910380228465771,216.0,85,"Karl Malone, Mark Jackson, Calbert Cheaney, Greg Ostertag, Matt Harpring"
2003,D,-4.8510803573424655,1101.0,182,"Glenn Robinson, Theo Ratliff, Shareef Abdur-Rahim, Jason Terry, Ira Newble"
2003,D,-4.8332096317670885,429.0,64,"Anthony Mason, Sam Cassell, Ray Allen, Tim Thomas, Dan Gadzuric"
2003,D,4.744204626954435,238.0,72,"Zydrunas Ilgauskas, Ricky Davis, Jumaine Jones, Milt Palacio, Carlos Boozer"
2003,D,4.700394186961098,207.0,42,"Anthony Mason, Sam Cassell, Ervin Johnson, Ray Allen, Tim Thomas"
2003,D,4.656132887816545,409.0,81,"Juwan Howard, Donnell Harvey, Nene, Vincent Yarbrough, Junior Harrington"
2003,O,4.546507840985484,436.0,52,"Gary Payton, Brent Barry, Predrag Drobnjak, Rashard Lewis, Reggie Evans"
2003,O,-4.494147726665798,401.0,96,"Darrell Armstrong, Shawn Kemp, Tracy McGrady, Pat Garrity, Mike Miller"
2003,O,4.432001089365499,666.0,139,"Lorenzen Wright, Jason Williams, Gordan Giricek, Pau Gasol, Shane Battier"
2003,D,4.389624133505129,498.0,130,"Anfernee Hardaway, Bo Outlaw, Stephon Marbury, Shawn Marion, Amar'e Stoudemire"
2003,D,4.332872153477395,308.0,107,"Jon Barry, Corliss Williamson, Chucky Atkins, Ben Wallace, Mehmet Okur"
2003,D,4.318759147750416,255.0,47,"Kendall Gill, Rod Strickland, Joe Smith, Kevin Garnett, Rasho Nesterovic"
2003,D,4.317907448433634,347.0,88,"Clar. Weatherspoon, Allan Houston, Charlie Ward, Kurt Thomas, Shandon Anderson"
2003,O,-4.315085856544189,534.0,104,"Steven Smith, David Robinson, Bruce Bowen, Tim Duncan, Tony Parker"
2003,D,4.207121849635744,257.0,78,"Bo Outlaw, Stephon Marbury, Shawn Marion, Jake Voskuhl, Joe Johnson"
2003,D,-4.2010237608186936,823.0,118,"Zydrunas Ilgauskas, Ricky Davis, Milt Palacio, Darius Miles, Carlos Boozer"
2003,O,4.063777484924752,480.0,74,"Eric Williams, Antoine Walker, Tony Battie, Paul Pierce, J.R. Bremer"
2003,D,-4.056153851139177,625.0,157,"Bo Outlaw, Stephon Marbury, Shawn Marion, Joe Johnson, Amar'e Stoudemire"
2003,D,-3.943796908329545,203.0,34,"Antonio Davis, Alvin Williams, Vince Carter, Morris Peterson, Michael Bradley"
2003,O,3.9247737533228255,516.0,114,"Wesley Person, Jason Williams, Stromile Swift, Pau Gasol, Shane Battier"
2003,D,-3.9214382322681756,213.0,45,"Lorenzen Wright, Jason Williams, Gordan Giricek, Pau Gasol, Drew Gooden"
2003,D,3.9114767754725457,619.0,86,"Kendall Gill, Kevin Garnett, Gary Trent, Troy Hudson, Rasho Nesterovic"
2003,D,3.878476623366176,484.0,76,"Eric Piatkowski, Michael Olowokandi, Elton Brand, Andre Miller, Corey Maggette"
2003,D,-3.8656836506562122,229.0,42,"Doug Christie, Vlade Divac, Chris Webber, Bobby Jackson, Gerald Wallace"
2003,D,3.850784451290525,295.0,46,"Grant Hill, Shawn Kemp, Tracy McGrady, Pat Garrity, Mike Miller"
2003,O,-3.8382279507793635,398.0,64,"Scott Williams, Anfernee Hardaway, Stephon Marbury, Shawn Marion, Amar'e Stoudemire"
2003,D,3.800588828554791,261.0,55,"Jalen Rose, Donyell Marshall, Eddie Robinson, Tyson Chandler, Jay Williams"
2003,D,-3.7234225386506017,284.0,45,"Brian Grant, Anthony Carter, Malik Allen, Caron Butler, Rasual Butler"
2003,D,3.7114464823977724,557.0,95,"Dikembe Mutombo, Jason Kidd, Kerry Kittles, Kenyon Martin, Richard Jefferson"
2003,O,3.708734946935186,268.0,54,"Christian Laettner, Jerry Stackhouse, Michael Jordan, Tyronn Lue, Brendan Haywood"
2003,D,-3.694918228530046,670.0,97,"Rick Fox, Shaquille O'Neal, Samaki Walker, Derek Fisher, Kobe Bryant"
2003,O,3.625829231691653,442.0,100,"Maurice Taylor, Cuttino Mobley, Steve Francis, James Posey, Yao Ming"
2003,D,3.622257976421534,1294.0,233,"Glenn Robinson, Theo Ratliff, Shareef Abdur-Rahim, Jason Terry, Dion Glover"
2003,D,3.6124903616252646,220.0,59,"Grant Hill, Darrell Armstrong, Tracy McGrady, Pat Garrity, Mike Miller"
2003,O,3.6087543841892913,288.0,76,"Kendall Gill, Kevin Garnett, Troy Hudson, Rasho Nesterovic, Wally Szczerbiak"
2003,O,3.5776389520368728,312.0,60,"Jalen Rose, Donyell Marshall, Eddy Curry, Trenton Hassell, Jay Williams"
2003,O,-3.568718717664756,426.0,71,"Theo Ratliff, Shareef Abdur-Rahim, Jason Terry, Dion Glover, Ira Newble"
2003,O,3.5627083988539248,329.0,106,"Clifford Robinson, Jon Barry, Corliss Williamson, Chucky Atkins, Ben Wallace"
2003,O,3.559618226056838,250.0,41,"Gary Payton, Anthony Mason, Sam Cassell, Tim Thomas, Desmond Mason"
2003,O,-3.554521388072614,456.0,82,"Jalen Rose, Tyson Chandler, Eddy Curry, Trenton Hassell, Jay Williams"
2003,O,3.5417721817220933,361.0,90,"Antonio Davis, Voshon Lenard, Jerome Williams, Alvin Williams, Morris Peterson"
2003,O,3.5105332816265875,1384.0,226,"David Wesley, P.J. Brown, Jamal Mashburn, Baron Davis, Jamaal Magloire"
2003,D,-3.4601209522580323,308.0,61,"Robert Horry, Rick Fox, Samaki Walker, Derek Fisher, Kobe Bryant"
2003,O,3.4172057956154647,291.0,89,"Lucious Harris, Jason Kidd, Aaron Williams, Kenyon Martin, Richard Jefferson"
2003,D,-3.358391383022693,363.0,64,"Shawn Kemp, Tracy McGrady, Jacque Vaughn, Pat Garrity, Mike Miller"
2003,D,-3.3480814187125416,1001.0,171,"Eddie Jones, Brian Grant, Travis Best, Malik Allen, Caron Butler"
2003,O,3.3450648992603464,321.0,57,"Doug Christie, Vlade Divac, Peja Stojakovic, Mike Bibby, Keon Clark"
2003,O,3.3188514138416236,618.0,87,"Kendall Gill, Kevin Garnett, Gary Trent, Troy Hudson, Rasho Nesterovic"
2003,O,-3.31048823962047,429.0,63,"Anthony Mason, Sam Cassell, Ray Allen, Tim Thomas, Dan Gadzuric"
2003,O,-3.2587130855699,1076.0,162,"Reggie Miller, Jermaine O'Neal, Brad Miller, Metta World Peace, Jamaal Tinsley"
2003,O,3.2558241450482823,626.0,155,"Bo Outlaw, Stephon Marbury, Shawn Marion, Joe Johnson, Amar'e Stoudemire"
2003,D,-3.2508491412571496,354.0,91,"Reggie Miller, Jermaine O'Neal, Al Harrington, Brad Miller, Jamaal Tinsley"
2003,O,-3.126528366525162,490.0,88,"Jalen Rose, Donyell Marshall, Jamal Crawford, Tyson Chandler, Trenton Hassell"
2003,O,3.111646191123788,347.0,92,"Clar. Weatherspoon, Allan Houston, Charlie Ward, Kurt Thomas, Shandon Anderson"
2003,D,-3.1098582196362345,327.0,78,"Rasheed Wallace, Dale Davis, Scottie Pippen, Derek Anderson, Ruben Patterson"
2003,D,3.0892158983801217,994.0,175,"Eric Williams, Antoine Walker, Tony Delk, Tony Battie, Paul Pierce"
2003,O,-3.0817872089791196,449.0,69,"Anfernee Hardaway, Stephon Marbury, Shawn Marion, Jake Tsakalidis, Amar'e Stoudemire"
2003,O,3.0071496671831506,1018.0,174,"Eddie Jones, Brian Grant, Travis Best, Malik Allen, Caron Butler"
2003,D,-2.9814419324712342,286.0,75,"Glen Rice, Maurice Taylor, Cuttino Mobley, Steve Francis, Yao Ming"
2003,D,2.9707493998891734,1558.0,240,"Karl Malone, John Stockton, Calbert Cheaney, Greg Ostertag, Matt Harpring"
2003,D,2.9358604378036013,237.0,36,"Christian Laettner, Jerry Stackhouse, Michael Jordan, Tyronn Lue, Jahidi White"
2003,D,-2.9297317076458103,448.0,80,"Jalen Rose, Tyson Chandler, Eddy Curry, Trenton Hassell, Jay Williams"
2003,O,-2.8925857309860743,580.0,99,"Glen Rice, Cuttino Mobley, Steve Francis, Eddie Griffin, Yao Ming"
2003,O,2.8860736757314243,581.0,95,"Antonio Davis, Jerome Williams, Alvin Williams, Vince Carter, Morris Peterson"
2003,D,2.843781397376464,1276.0,204,"Rasheed Wallace, Dale Davis, Scottie Pippen, Derek Anderson, Bonzi Wells"
2003,D,2.8002706626233653,229.0,65,"Doug Christie, Chris Webber, Jim Jackson, Bobby Jackson, Keon Clark"
2003,D,-2.7765812007491246,658.0,136,"Lorenzen Wright, Jason Williams, Gordan Giricek, Pau Gasol, Shane Battier"
2003,O,2.770669903018029,368.0,81,"Michael Finley, Shawn Bradley, Steve Nash, Dirk Nowitzki, Raja Bell"
2003,D,-2.730552135461339,473.0,74,"Eric Williams, Antoine Walker, Tony Battie, Paul Pierce, J.R. Bremer"
2003,D,2.6598684167008986,655.0,136,"Jalen Rose, Donyell Marshall, Tyson Chandler, Trenton Hassell, Jay Williams"
2003,D,2.656455523864212,291.0,42,"Jalen Rose, Donyell Marshall, Jamal Crawford, Tyson Chandler, Eddy Curry"
2003,O,2.655023469380535,224.0,60,"Grant Hill, Darrell Armstrong, Tracy McGrady, Pat Garrity, Mike Miller"
2003,D,2.6469519857451513,579.0,95,"Glen Rice, Cuttino Mobley, Steve Francis, Eddie Griffin, Yao Ming"
2003,O,2.6433099882367865,349.0,62,"Michael Finley, Steve Nash, Raef LaFrentz, Dirk Nowitzki, Raja Bell"
2003,D,2.639270766513739,370.0,68,"Zydrunas Ilgauskas, Ricky Davis, Darius Miles, Carlos Boozer, Smush Parker"
2003,D,-2.6274166080903187,243.0,45,"Clifford Robinson, Michael Curry, Chauncey Billups, Richard Hamilton, Mehmet Okur"
2003,D,2.574240459028272,642.0,104,"David Wesley, P.J. Brown, George Lynch, Jamal Mashburn, Jamaal Magloire"
2003,O,-2.5551794061628024,211.0,46,"Anthony Mason, Sam Cassell, Ervin Johnson, Ray Allen, Tim Thomas"
2003,D,-2.530459121717697,357.0,84,"Aaron McKie, Eric Snow, Allen Iverson, Keith Van Horn, Brian Skinner"
2003,D,2.5032390296439395,1349.0,209,"Cuttino Mobley, Steve Francis, James Posey, Eddie Griffin, Yao Ming"
2003,D,2.4113113007779994,212.0,45,"Reggie Miller, Al Harrington, Brad Miller, Metta World Peace, Jamaal Tinsley"
2003,O,-2.3897449719602117,344.0,62,"Voshon Lenard, Jerome Williams, Alvin Williams, Jelani McCoy, Morris Peterson"
2003,D,-2.382650667232918,209.0,68,"Lucious Harris, Jason Kidd, Rodney Rogers, Aaron Williams, Kenyon Martin"
2003,O,-2.3590286889314185,1770.0,288,"Clifford Robinson, Michael Curry, Ben Wallace, Chauncey Billups, Richard Hamilton"
2003,D,-2.341179299786014,1845.0,268,"Latrell Sprewell, Allan Houston, Howard Eisley, Kurt Thomas, Othella Harrington"
2003,D,-2.304098874399154,242.0,30,"Tyrone Hill, Eric Snow, Derrick Coleman, Allen Iverson, Keith Van Horn"
2003,O,-2.290505349105989,665.0,136,"Jalen Rose, Donyell Marshall, Tyson Chandler, Trenton Hassell, Jay Williams"
2003,O,-2.2685114414193364,1107.0,182,"Glenn Robinson, Theo Ratliff, Shareef Abdur-Rahim, Jason Terry, Ira Newble"
2003,O,-2.2145372482284538,221.0,70,"Karl Malone, Mark Jackson, Tony Massenburg, Matt Harpring, Andrei Kirilenko"
2003,O,2.204062934208678,1888.0,276,"Latrell Sprewell, Allan Houston, Howard Eisley, Kurt Thomas, Othella Harrington"
2003,D,-2.2019541484726033,650.0,142,"Wesley Person, Lorenzen Wright, Jason Williams, Pau Gasol, Shane Battier"
2003,D,-2.1522853735826115,242.0,44,"Anthony Mason, Sam Cassell, Jason Caffey, Ray Allen, Tim Thomas"
2003,O,2.0946347209648977,560.0,96,"Dikembe Mutombo, Jason Kidd, Kerry Kittles, Kenyon Martin, Richard Jefferson"
2003,D,2.0932386647940815,496.0,91,"Rasheed Wallace, Damon Stoudamire, Dale Davis, Derek Anderson, Bonzi Wells"
2003,D,2.083846458686063,1359.0,225,"David Wesley, P.J. Brown, Jamal Mashburn, Baron Davis, Jamaal Magloire"
2003,D,-2.078742937042074,735.0,95,"Brent Barry, Ray Allen, Predrag Drobnjak, Rashard Lewis, Reggie Evans"
2003,D,2.0599210571816307,230.0,67,"Eddie Jones, Brian Grant, Malik Allen, Mike James, Caron Butler"
2003,D,-2.0564805869053764,363.0,98,"Bob Sura, Adonal Foyle, Antawn Jamison, Earl Boykins, Mike Dunleavy"
2003,D,-1.932431528462279,244.0,90,"Clar. Weatherspoon, Allan Houston, Charlie Ward, Shandon Anderson, Michael Doleac"
2003,D,1.926600700850047,297.0,99,"Malik Rose, Bruce Bowen, Tim Duncan, Manu Ginobili, Tony Parker"
2003,O,1.918804868306536,1094.0,154,"Christian Laettner, Jerry Stackhouse, Michael Jordan, Larry Hughes, Brendan Haywood"
2003,D,-1.9070601876970978,404.0,88,"Jermaine O'Neal, Al Harrington, Brad Miller, Metta World Peace, Jamaal Tinsley"
2003,O,1.7636752617633946,374.0,128,"Karl Malone, Mark Jackson, Greg Ostertag, Matt Harpring, Andrei Kirilenko"
2003,O,1.741474454111502,419.0,82,"Eric Snow, Derrick Coleman, Allen Iverson, Keith Van Horn, Kenny Thomas"
2003,O,-1.7090881284159531,988.0,173,"Eric Williams, Antoine Walker, Tony Delk, Tony Battie, Paul Pierce"
2003,D,-1.6874526549437388,1064.0,237,"Robert Horry, Rick Fox, Shaquille O'Neal, Derek Fisher, Kobe Bryant"
2003,O,1.6377083641574262,1576.0,242,"Karl Malone, John Stockton, Calbert Cheaney, Greg Ostertag, Matt Harpring"
2003,O,1.6373555190317886,248.0,47,"Clifford Robinson, Michael Curry, Chauncey Billups, Richard Hamilton, Mehmet Okur"
2003,D,1.6164334398019153,376.0,130,"Karl Malone, Mark Jackson, Greg Ostertag, Matt Harpring, Andrei Kirilenko"
2003,D,1.5759308035888924,1704.0,236,"Doug Christie, Vlade Divac, Chris Webber, Peja Stojakovic, Mike Bibby"
2003,O,-1.573272193995397,501.0,87,"Rasheed Wallace, Damon Stoudamire, Dale Davis, Derek Anderson, Bonzi Wells"
2003,O,1.5620571602061022,264.0,56,"Jason Williams, Gordan Giricek, Pau Gasol, Shane Battier, Drew Gooden"
2003,O,1.4732918446287895,386.0,106,"Gary Payton, Brent Barry, Predrag Drobnjak, Rashard Lewis, Desmond Mason"
2003,D,-1.4696592859410593,311.0,61,"Jalen Rose, Donyell Marshall, Eddy Curry, Trenton Hassell, Jay Williams"
2003,D,-1.463129072334424,2320.0,341,"Erick Dampier, Antawn Jamison, Jason Richardson, Troy Murphy, Gilbert Arenas"
2003,O,1.4613909933818139,1288.0,228,"Glenn Robinson, Theo Ratliff, Shareef Abdur-Rahim, Jason Terry, Dion Glover"
2003,D,1.4172793870362126,519.0,111,"Wesley Person, Jason Williams, Stromile Swift, Pau Gasol, Shane Battier"
2003,O,1.3838615485686792,544.0,94,"Doug Christie, Vlade Divac, Chris Webber, Peja Stojakovic, Bobby Jackson"
2003,O,-1.3830740278973328,732.0,94,"Brent Barry, Ray Allen, Predrag Drobnjak, Rashard Lewis, Reggie Evans"
2003,D,1.3768421169958163,476.0,167,"Clifford Robinson, Corliss Williamson, Ben Wallace, Chauncey Billups, Richard Hamilton"
2003,D,-1.370809327183021,292.0,74,"Kendall Gill, Kevin Garnett, Troy Hudson, Rasho Nesterovic, Wally Szczerbiak"
2003,D,-1.3389971144094965,236.0,74,"Antonio Davis, Voshon Lenard, Jerome Williams, Alvin Williams, Vince Carter"
2003,O,1.3176798549846354,306.0,60,"Robert Horry, Rick Fox, Samaki Walker, Derek Fisher, Kobe Bryant"
2003,D,-1.3136873389969532,1192.0,212,"David Robinson, Bruce Bowen, Tim Duncan, Stephen Jackson, Tony Parker"
2003,O,-1.3049978025615794,1219.0,211,"Jason Kidd, Kerry Kittles, Kenyon Martin, Richard Jefferson, Jason Collins"
2003,D,1.2825732703216293,434.0,51,"Gary Payton, Brent Barry, Predrag Drobnjak, Rashard Lewis, Reggie Evans"
2003,D,1.2262508339366216,1096.0,156,"Christian Laettner, Jerry Stackhouse, Michael Jordan, Larry Hughes, Brendan Haywood"
2003,O,1.2240958543480274,235.0,72,"Eddie Jones, Brian Grant, Malik Allen, Mike James, Caron Butler"
2003,O,1.215016096448024,1713.0,241,"Doug Christie, Vlade Divac, Chris Webber, Peja Stojakovic, Mike Bibby"
2003,D,1.1576210283210604,496.0,128,"Aaron McKie, Eric Snow, Derrick Coleman, Allen Iverson, Keith Van Horn"
2003,D,-1.1575393107614493,425.0,71,"Theo Ratliff, Shareef Abdur-Rahim, Jason Terry, Dion Glover, Ira Newble"
2003,D,-1.093012702336407,219.0,85,"Karl Malone, Mark Jackson, Calbert Cheaney, Greg Ostertag, Matt Harpring"
2003,D,-1.0882146221814053,471.0,118,"Adonal Foyle, Antawn Jamison, Jason Richardson, Troy Murphy, Gilbert Arenas"
2003,O,-1.0611965330802147,360.0,91,"Reggie Miller, Jermaine O'Neal, Al Harrington, Brad Miller, Jamaal Tinsley"
2003,D,-1.0483816549646972,268.0,70,"Nick Van Exel, Michael Finley, Steve Nash, Raef LaFrentz, Dirk Nowitzki"
2003,D,1.0386584392205478,874.0,140,"Aaron McKie, Eric Snow, Allen Iverson, Keith Van Horn, Todd MacCulloch"
2003,O,1.0221511908321605,210.0,69,"Anthony Peeler, Kendall Gill, Kevin Garnett, Troy Hudson, Rasho Nesterovic"
2003,O,-0.9365613562715928,1367.0,208,"Cuttino Mobley, Steve Francis, James Posey, Eddie Griffin, Yao Ming"
2003,O,-0.9115360595900255,676.0,103,"Rick Fox, Shaquille O'Neal, Samaki Walker, Derek Fisher, Kobe Bryant"
2003,O,-0.8020235232971547,292.0,96,"Clifford Robinson, Jon Barry, Corliss Williamson, Chucky Atkins, Mehmet Okur"
2003,O,-0.773857160500984,274.0,56,"Michael Finley, Steve Nash, Adrian Griffin, Raef LaFrentz, Dirk Nowitzki"
2003,O,-0.7576781556844386,299.0,56,"Gary Payton, Brent Barry, Predrag Drobnjak, Rashard Lewis, Vladimir Radmanovic"
2003,D,0.7266401688676073,254.0,42,"Jerry Stackhouse, Bryon Russell, Larry Hughes, Kwame Brown, Brendan Haywood"
2003,O,-0.6816157743841401,302.0,67,"Reggie Miller, Jermaine O'Neal, Al Harrington, Metta World Peace, Jamaal Tinsley"
2003,O,0.6718134840213845,1289.0,207,"Rasheed Wallace, Dale Davis, Scottie Pippen, Derek Anderson, Bonzi Wells"
2003,D,-0.6375051695651376,350.0,62,"Michael Finley, Steve Nash, Raef LaFrentz, Dirk Nowitzki, Raja Bell"
2003,O,-0.6288656436921188,213.0,34,"Rick Fox, Shaquille O'Neal, Derek Fisher, Kobe Bryant, Slava Medvedenko"
2003,O,0.6245615916090587,255.0,64,"Kevin Willis, Bruce Bowen, Tim Duncan, Stephen Jackson, Tony Parker"
2003,D,-0.6072565680978119,951.0,210,"Lucious Harris, Jason Kidd, Kenyon Martin, Richard Jefferson, Jason Collins"
2003,D,0.6026939427451873,1763.0,288,"Clifford Robinson, Michael Curry, Ben Wallace, Chauncey Billups, Richard Hamilton"
2003,O,0.6001521943329343,212.0,58,"Gary Payton, Brent Barry, Rashard Lewis, Desmond Mason, Vladimir Radmanovic"
2003,D,0.5984857153184879,657.0,148,"Latrell Sprewell, Clar. Weatherspoon, Allan Houston, Howard Eisley, Kurt Thomas"
2003,D,0.5457950233316979,1055.0,190,"Anthony Peeler, Kevin Garnett, Troy Hudson, Rasho Nesterovic, Wally Szczerbiak"
2003,D,-0.47287179237663735,233.0,48,"Brian Grant, Travis Best, Malik Allen, Caron Butler, Rasual Butler"
2003,O,-0.3915174358503012,371.0,69,"Shawn Kemp, Tracy McGrady, Jacque Vaughn, Pat Garrity, Mike Miller"
2003,D,-0.34305556448014424,222.0,52,"Anthony Peeler, Joe Smith, Kevin Garnett, Troy Hudson, Wally Szczerbiak"
2003,D,0.3143995876026212,274.0,52,"Michael Finley, Steve Nash, Adrian Griffin, Raef LaFrentz, Dirk Nowitzki"
2003,D,0.20581454256204285,1059.0,161,"Reggie Miller, Jermaine O'Neal, Brad Miller, Metta World Peace, Jamaal Tinsley"
2003,O,0.19649066826301112,221.0,40,"Rasheed Wallace, Damon Stoudamire, Dale Davis, Derek Anderson, Ruben Patterson"
2003,D,0.19171068292513752,1210.0,213,"Jason Kidd, Kerry Kittles, Kenyon Martin, Richard Jefferson, Jason Collins"
2003,O,0.16604150168560242,239.0,36,"Christian Laettner, Jerry Stackhouse, Michael Jordan, Tyronn Lue, Jahidi White"
2003,D,-0.15184499841046178,440.0,67,"Anfernee Hardaway, Stephon Marbury, Shawn Marion, Jake Tsakalidis, Amar'e Stoudemire"
2003,D,-0.14813561065200287,338.0,91,"Karl Malone, John Stockton, Greg Ostertag, Matt Harpring, Andrei Kirilenko"
2003,O,0.11596662698205462,251.0,90,"Malik Rose, Tim Duncan, Stephen Jackson, Manu Ginobili, Tony Parker"
2003,D,-0.0992232741248926,395.0,68,"Scott Williams, Anfernee Hardaway, Stephon Marbury, Shawn Marion, Amar'e Stoudemire"
2003,D,0.03624185386366109,207.0,73,"Vin Baker, Antoine Walker, Walter McCarty, Paul Pierce, Shammond Williams"
2003,O,0.032808455214449986,1064.0,241,"Robert Horry, Rick Fox, Shaquille O'Neal, Derek Fisher, Kobe Bryant"
2003,D,0.02300936844463119,390.0,105,"Gary Payton, Brent Barry, Predrag Drobnjak, Rashard Lewis, Desmond Mason"
2004,O,22.59315685541077,237.0,65,"Ray Allen, Vitaly Potapenko, Antonio Daniels, Rashard Lewis, Vladimir Radmanovic"
2004,O,22.57562413880855,230.0,40,"Clifford Robinson, Erick Dampier, Speedy Claxton, Brian Cardinal, Jason Richardson"
2004,O,-20.677096365089586,246.0,36,"Antonio Davis, Michael Curry, Jerome Williams, Alvin Williams, Vince Carter"
2004,O,19.296538191723823,205.0,47,"Juwan Howard, Andrew DeClercq, Tracy McGrady, Tyronn Lue, Gordan Giricek"
2004,O,16.625008858676594,431.0,81,"Bob Sura, Stephen Jackson, Chris Crawford, Jason Terry, Jason Collier"
2004,D,16.329182663278758,432.0,70,"Clifford Robinson, Erick Dampier, Jason Richardson, Mike Dunleavy, Mickael Pietrus"
2004,O,16.054258634624468,249.0,68,"Clifford Robinson, Calbert Cheaney, Erick Dampier, Speedy Claxton, Jason Richardson"
2004,D,15.913870089847084,268.0,51,"Joe Smith, Desmond Mason, Michael Redd, Daniel Santiago, T.J. Ford"
2004,O,14.98595607807435,237.0,44,"Dikembe Mutombo, Allan Houston, Howard Eisley, Kurt Thomas, Keith Van Horn"
2004,O,13.461758688830571,222.0,69,"Toni Kukoc, Tim Thomas, Damon Jones, Desmond Mason, Dan Gadzuric"
2004,O,13.44488965838631,540.0,94,"Greg Ostertag, Matt Harpring, Andrei Kirilenko, DeShawn Stevenson, Carlos Arroyo"
2004,O,13.438750106676897,247.0,36,"Rasheed Wallace, Damon Stoudamire, Derek Anderson, Darius Miles, Zach Randolph"
2004,D,-13.282046314926484,249.0,64,"Latrell Sprewell, Sam Cassell, Fred Hoiberg, Kevin Garnett, Gary Trent"
2004,O,-12.825682180228268,420.0,59,"Antonio Davis, Kendall Gill, Jerome Williams, Jamal Crawford, Kirk Hinrich"
2004,D,-12.344837312278422,200.0,60,"Clar. Weatherspoon, Jim Jackson, Cuttino Mobley, Steve Francis, Yao Ming"
2004,O,-12.237947507449507,326.0,98,"Wesley Person, Bo Outlaw, Lorenzen Wright, Shane Battier, Earl Watson"
2004,D,-12.008941947745537,229.0,40,"Juwan Howard, Andrew DeClercq, Tracy McGrady, Tyronn Lue, DeShawn Stevenson"
2004,D,-11.864036662002537,292.0,85,"Juwan Howard, Tracy McGrady, Tyronn Lue, Drew Gooden, Keith Bogans"
2004,D,11.854121769620358,395.0,62,"Antonio Davis, Jamal Crawford, Eddy Curry, Kirk Hinrich, Linton Johnson"
2004,D,11.582944041438,203.0,31,"Larry Hughes, Kwame Brown, Brendan Haywood, Gilbert Arenas, Jarvis Hayes"
2004,O,-11.559030554386432,587.0,185,"Jim Jackson, Maurice Taylor, Kelvin Cato, Cuttino Mobley, Steve Francis"
2004,O,11.552505261968232,264.0,72,"Walter McCarty, Mark Blount, Paul Pierce, Ricky Davis, Mike James"
2004,D,-11.539153839393085,208.0,73,"Reggie Miller, Jermaine O'Neal, Anthony Johnson, Al Harrington, Metta World Peace"
2004,O,11.480862989141482,232.0,59,"Latrell Sprewell, Sam Cassell, Kevin Garnett, Gary Trent, Trenton Hassell"
2004,D,11.38961872144045,234.0,53,"Latrell Sprewell, Sam Cassell, Kevin Garnett, Oliver Miller, Trenton Hassell"
2004,D,-11.264002103534988,467.0,72,"Michael Finley, Antoine Walker, Steve Nash, Dirk Nowitzki, Josh Howard"
2004,D,-11.107275472463195,277.0,37,"Michael Finley, Antoine Walker, Steve Nash, Dirk Nowitzki, Marquis Daniels"
2004,D,-10.87892098888515,448.0,72,"Brent Barry, Rashard Lewis, Calvin Booth, Vladimir Radmanovic, Flip Murray"
2004,D,10.732934486798252,242.0,46,"Larry Hughes, Etan Thomas, Jared Jeffries, Jarvis Hayes, Steve Blake"
2004,O,-10.633969302265765,214.0,54,"Damon Stoudamire, Dale Davis, Derek Anderson, Darius Miles, Zach Randolph"
2004,O,10.549395655291752,334.0,82,"Elton Brand, Corey Maggette, Quentin Richardson, Marko Jaric, Chris Wilcox"
2004,D,-10.246875278899394,353.0,41,"Joe Smith, Keith Van Horn, Brian Skinner, Damon Jones, Michael Redd"
2004,O,10.111816730936773,324.0,100,"Latrell Sprewell, Sam Cassell, Fred Hoiberg, Kevin Garnett, Mark Madsen"
2004,O,10.009894612192236,457.0,76,"Joe Smith, Brian Skinner, Damon Jones, Desmond Mason, Michael Redd"
2004,O,9.964278846617521,454.0,75,"Shawn Marion, Jake Voskuhl, Joe Johnson, Amar'e Stoudemire, Leandro Barbosa"
2004,O,9.94094480921903,206.0,36,"Predrag Drobnjak, Corey Maggette, Keyon Dooling, Quentin Richardson, Chris Wilcox"
2004,D,9.916937310930553,232.0,79,"Clar. Weatherspoon, Jim Jackson, Maurice Taylor, Cuttino Mobley, Steve Francis"
2004,O,9.833107856992516,242.0,62,"Latrell Sprewell, Sam Cassell, Fred Hoiberg, Kevin Garnett, Gary Trent"
2004,O,9.772135900500782,2095.0,331,"Doug Christie, Vlade Divac, Peja Stojakovic, Mike Bibby, Brad Miller"
2004,D,9.697471978229999,320.0,62,"Voshon Lenard, Andre Miller, Francisco Elson, Nene, Carmelo Anthony"
2004,D,-9.694639244818745,365.0,59,"Doug Christie, Vlade Divac, Peja Stojakovic, Mike Bibby, Darius Songaila"
2004,D,9.34946579454465,395.0,57,"Joe Smith, Tim Thomas, Michael Redd, Daniel Santiago, T.J. Ford"
2004,O,-9.348284976742974,424.0,88,"Walter McCarty, Mark Blount, Paul Pierce, Mike James, Jiri Welsch"
2004,D,-9.204728718155565,405.0,63,"Antonio Davis, Jerome Williams, Jamal Crawford, Eddy Curry, Kirk Hinrich"
2004,O,-9.147864799242154,218.0,36,"Larry Hughes, Kwame Brown, Brendan Haywood, Gilbert Arenas, Jared Jeffries"
2004,D,9.093642867795879,961.0,170,"Reggie Miller, Jermaine O'Neal, Metta World Peace, Jeff Foster, Jamaal Tinsley"
2004,D,-8.985588318294912,351.0,61,"Eddie Jones, Brian Grant, Lamar Odom, Dwyane Wade, Udonis Haslem"
2004,O,8.904429454732547,464.0,73,"Michael Finley, Antoine Walker, Steve Nash, Dirk Nowitzki, Josh Howard"
2004,O,8.743420676349759,277.0,37,"Michael Finley, Antoine Walker, Steve Nash, Dirk Nowitzki, Marquis Daniels"
2004,D,-8.546277836875456,957.0,144,"Elton Brand, Corey Maggette, Quentin Richardson, Marko Jaric, Chris Kaman"
2004,D,8.393553369225426,663.0,103,"Joe Smith, Tim Thomas, Brian Skinner, Michael Redd, T.J. Ford"
2004,O,-8.355702422632694,215.0,47,"Stephon Marbury, Shawn Marion, Jake Voskuhl, Joe Johnson, Amar'e Stoudemire"
2004,O,8.303872543301695,359.0,57,"Rasheed Wallace, Damon Stoudamire, Dale Davis, Bonzi Wells, Zach Randolph"
2004,D,8.282018688926145,423.0,86,"Walter McCarty, Mark Blount, Paul Pierce, Mike James, Jiri Welsch"
2004,D,8.236526677625651,283.0,63,"Reggie Miller, Jermaine O'Neal, Al Harrington, Jeff Foster, Jamaal Tinsley"
2004,O,8.173130206684613,901.0,145,"Theo Ratliff, Damon Stoudamire, Derek Anderson, Darius Miles, Zach Randolph"
2004,D,-8.163036808001875,335.0,115,"Jason Williams, Bonzi Wells, Stromile Swift, Pau Gasol, Shane Battier"
2004,O,8.083127339779335,384.0,57,"Jason Williams, James Posey, Mike Miller, Jake Tsakalidis, Pau Gasol"
2004,D,-8.025335798817652,268.0,58,"David Wesley, P.J. Brown, Stacey Augmon, Baron Davis, Jamaal Magloire"
2004,D,7.935522707674859,241.0,36,"Rasheed Wallace, Damon Stoudamire, Derek Anderson, Darius Miles, Zach Randolph"
2004,O,7.81066123593408,226.0,51,"Latrell Sprewell, Sam Cassell, Kevin Garnett, Oliver Miller, Trenton Hassell"
2004,O,7.797447247297221,973.0,174,"Reggie Miller, Jermaine O'Neal, Metta World Peace, Jeff Foster, Jamaal Tinsley"
2004,D,-7.717330567977411,386.0,57,"Jason Williams, James Posey, Mike Miller, Jake Tsakalidis, Pau Gasol"
2004,D,7.713541441832942,246.0,88,"Walter McCarty, Paul Pierce, Ricky Davis, Chris Mihm, Marcus Banks"
2004,D,7.704372787373018,226.0,70,"Toni Kukoc, Tim Thomas, Damon Jones, Desmond Mason, Dan Gadzuric"
2004,D,-7.553486513345126,204.0,29,"Ray Allen, Vitaly Potapenko, Antonio Daniels, Rashard Lewis, Reggie Evans"
2004,O,7.509936232601413,293.0,52,"Joe Smith, Brian Skinner, Desmond Mason, Michael Redd, T.J. Ford"
2004,D,-7.453572507167881,233.0,68,"Theo Ratliff, Shareef Abdur-Rahim, Jacque Vaughn, Stephen Jackson, Jason Terry"
2004,O,7.44946535358633,503.0,91,"Latrell Sprewell, Sam Cassell, Kevin Garnett, Michael Olowokandi, Trenton Hassell"
2004,D,7.425821716370205,1281.0,243,"Ben Wallace, Chauncey Billups, Richard Hamilton, Mehmet Okur, Tayshaun Prince"
2004,O,-7.30827389550088,208.0,32,"Larry Hughes, Kwame Brown, Brendan Haywood, Gilbert Arenas, Jarvis Hayes"
2004,D,6.981900367425145,327.0,50,"Walter McCarty, Chucky Atkins, Mark Blount, Paul Pierce, Jiri Welsch"
2004,O,6.9704433402304575,447.0,75,"Brent Barry, Rashard Lewis, Calvin Booth, Vladimir Radmanovic, Flip Murray"
2004,O,6.967096984688873,243.0,85,"Walter McCarty, Paul Pierce, Ricky Davis, Chris Mihm, Marcus Banks"
2004,D,-6.947557165983065,423.0,79,"Bob Sura, Stephen Jackson, Chris Crawford, Jason Terry, Jason Collier"
2004,O,-6.9388284831485825,366.0,60,"Eddie Jones, Brian Grant, Lamar Odom, Dwyane Wade, Udonis Haslem"
2004,O,6.89037348231356,229.0,59,"Antoine Walker, Steve Nash, Antawn Jamison, Dirk Nowitzki, Josh Howard"
2004,D,-6.883950354539212,421.0,62,"Antonio Davis, Kendall Gill, Jerome Williams, Jamal Crawford, Kirk Hinrich"
2004,O,-6.834557917953014,658.0,73,"Doug Christie, Vlade Divac, Chris Webber, Peja Stojakovic, Mike Bibby"
2004,O,6.785161783981468,233.0,63,"Theo Ratliff, Shareef Abdur-Rahim, Jacque Vaughn, Stephen Jackson, Jason Terry"
2004,O,6.754782258415163,357.0,42,"Joe Smith, Keith Van Horn, Brian Skinner, Damon Jones, Michael Redd"
2004,O,6.690468171621667,403.0,56,"Joe Smith, Tim Thomas, Michael Redd, Daniel Santiago, T.J. Ford"
2004,O,-6.623923863449888,300.0,88,"Toni Kukoc, Damon Jones, Desmond Mason, Michael Redd, Dan Gadzuric"
2004,O,6.592686565581059,317.0,51,"Brent Barry, Ray Allen, Vitaly Potapenko, Rashard Lewis, Reggie Evans"
2004,D,6.553758908111575,297.0,43,"Gary Payton, Rick Fox, Shaquille O'Neal, Kobe Bryant, Slava Medvedenko"
2004,D,6.551676169629135,538.0,93,"Greg Ostertag, Matt Harpring, Andrei Kirilenko, DeShawn Stevenson, Carlos Arroyo"
2004,D,6.547781495706164,240.0,54,"Malik Rose, Bruce Bowen, Rasho Nesterovic, Hedo Turkoglu, Tony Parker"
2004,D,6.512373630391067,895.0,158,"Bruce Bowen, Tim Duncan, Rasho Nesterovic, Hedo Turkoglu, Tony Parker"
2004,O,6.5100185350357185,318.0,84,"Marcus Camby, Earl Boykins, Andre Miller, Nene, Carmelo Anthony"
2004,D,-6.507351083890616,290.0,35,"Jerry Stackhouse, Kwame Brown, Brendan Haywood, Gilbert Arenas, Juan Dixon"
2004,D,-6.444646293364659,650.0,110,"Lorenzen Wright, Jason Williams, James Posey, Mike Miller, Pau Gasol"
2004,O,6.294284303708136,671.0,104,"Joe Smith, Tim Thomas, Brian Skinner, Michael Redd, T.J. Ford"
2004,D,-6.271486048065172,271.0,74,"Walter McCarty, Mark Blount, Paul Pierce, Ricky Davis, Mike James"
2004,O,-6.105996724325024,721.0,109,"Nick Van Exel, Clifford Robinson, Erick Dampier, Jason Richardson, Mike Dunleavy"
2004,O,-6.0894374523269414,1295.0,207,"David Wesley, P.J. Brown, George Lynch, Baron Davis, Jamaal Magloire"
2004,D,6.023400773329675,201.0,39,"David Wesley, P.J. Brown, Stacey Augmon, Darrell Armstrong, Jamaal Magloire"
2004,O,5.995522760508748,663.0,111,"Lorenzen Wright, Jason Williams, James Posey, Mike Miller, Pau Gasol"
2004,O,-5.974002567866629,270.0,60,"Michael Finley, Shawn Bradley, Antoine Walker, Steve Nash, Dirk Nowitzki"
2004,D,-5.961255040870015,2080.0,326,"Doug Christie, Vlade Divac, Peja Stojakovic, Mike Bibby, Brad Miller"
2004,D,-5.950365729258373,320.0,68,"P.J. Brown, Darrell Armstrong, Jamal Mashburn, Baron Davis, Jamaal Magloire"
2004,D,-5.9169307892217935,223.0,66,"Theo Ratliff, Damon Stoudamire, Derek Anderson, Ruben Patterson, Zach Randolph"
2004,D,-5.908650888428541,308.0,55,"Lorenzen Wright, James Posey, Mike Miller, Pau Gasol, Earl Watson"
2004,O,-5.871534891782014,269.0,48,"Joe Smith, Desmond Mason, Michael Redd, Daniel Santiago, T.J. Ford"
2004,D,5.832833872599986,1752.0,265,"Jim Jackson, Kelvin Cato, Cuttino Mobley, Steve Francis, Yao Ming"
2004,D,5.811437153197092,319.0,88,"Reggie Miller, Jermaine O'Neal, Al Harrington, Metta World Peace, Jamaal Tinsley"
2004,D,5.8068599984952725,496.0,86,"Latrell Sprewell, Sam Cassell, Kevin Garnett, Michael Olowokandi, Trenton Hassell"
2004,O,5.745594732518145,1905.0,332,"Voshon Lenard, Marcus Camby, Andre Miller, Nene, Carmelo Anthony"
2004,D,-5.6005699497166646,315.0,74,"Juwan Howard, Tracy McGrady, Tyronn Lue, Gordan Giricek, Drew Gooden"
2004,O,5.587649260452362,366.0,63,"Juwan Howard, Andrew DeClercq, Tracy McGrady, Tyronn Lue, Keith Bogans"
2004,D,-5.567314332391255,239.0,31,"Dikembe Mutombo, Allan Houston, Kurt Thomas, Stephon Marbury, Keith Van Horn"
2004,D,5.507721822987847,1248.0,171,"Latrell Sprewell, Sam Cassell, Kevin Garnett, Ervin Johnson, Trenton Hassell"
2004,O,-5.47102461668816,550.0,83,"Gary Payton, Karl Malone, Rick Fox, Shaquille O'Neal, Kobe Bryant"
2004,D,5.416313697472775,1063.0,214,"Theo Ratliff, Shareef Abdur-Rahim, Stephen Jackson, Jason Terry, Dion Glover"
2004,D,5.408716862690735,348.0,52,"Antonio McDyess, Shawn Marion, Joe Johnson, Amar'e Stoudemire, Leandro Barbosa"
2004,D,-5.401806298174827,214.0,78,"Jermaine O'Neal, Anthony Johnson, Al Harrington, Metta World Peace, Fred Jones"
2004,O,5.400885395073134,286.0,40,"Kurt Thomas, Stephon Marbury, Shandon Anderson, Tim Thomas, Nazr Mohammed"
2004,O,5.394489859629537,319.0,91,"Walter McCarty, Chucky Atkins, Mark Blount, Paul Pierce, Ricky Davis"
2004,O,5.388430393023594,566.0,93,"Kenny Anderson, Reggie Miller, Jermaine O'Neal, Metta World Peace, Jeff Foster"
2004,D,-5.361959735603374,245.0,66,"Ray Allen, Vitaly Potapenko, Antonio Daniels, Rashard Lewis, Vladimir Radmanovic"
2004,D,5.31694984608202,266.0,45,"Greg Ostertag, Matt Harpring, Andrei Kirilenko, DeShawn Stevenson, Raul Lopez"
2004,O,5.250142265278647,356.0,55,"Antonio McDyess, Shawn Marion, Joe Johnson, Amar'e Stoudemire, Leandro Barbosa"
2004,O,-5.215745262600691,434.0,110,"Latrell Sprewell, Sam Cassell, Kevin Garnett, Mark Madsen, Trenton Hassell"
2004,D,-5.187458054937623,660.0,74,"Doug Christie, Vlade Divac, Chris Webber, Peja Stojakovic, Mike Bibby"
2004,D,5.135398838531894,325.0,98,"Latrell Sprewell, Sam Cassell, Fred Hoiberg, Kevin Garnett, Mark Madsen"
2004,O,-5.063106783490505,372.0,124,"Bo Outlaw, Bonzi Wells, Stromile Swift, Shane Battier, Earl Watson"
2004,D,-5.031103649809256,262.0,51,"Antonio Davis, Jamal Crawford, Eddy Curry, Kirk Hinrich, Ronald Dupree"
2004,O,4.9960578585634,613.0,96,"Rasheed Wallace, Damon Stoudamire, Dale Davis, Jeff McInnis, Zach Randolph"
2004,O,4.970134154193761,479.0,100,"Lucious Harris, Rodney Rogers, Kerry Kittles, Richard Jefferson, Jason Collins"
2004,O,4.904210153602629,322.0,70,"P.J. Brown, Darrell Armstrong, Jamal Mashburn, Baron Davis, Jamaal Magloire"
2004,O,-4.880420030393453,315.0,88,"Walter McCarty, Mark Blount, Paul Pierce, Ricky Davis, Marcus Banks"
2004,D,-4.8619418874002776,220.0,56,"Antoine Walker, Steve Nash, Antawn Jamison, Dirk Nowitzki, Josh Howard"
2004,D,4.848259920379752,556.0,90,"Kenny Anderson, Reggie Miller, Jermaine O'Neal, Metta World Peace, Jeff Foster"
2004,D,4.757702761481389,1884.0,333,"Voshon Lenard, Marcus Camby, Andre Miller, Nene, Carmelo Anthony"
2004,O,4.673764245577487,654.0,133,"Eddie Jones, Brian Grant, Rafer Alston, Lamar Odom, Caron Butler"
2004,O,4.668747672987706,315.0,54,"Lorenzen Wright, James Posey, Mike Miller, Pau Gasol, Earl Watson"
2004,O,-4.6302293219867,368.0,70,"Jeff McInnis, Zydrunas Ilgauskas, Ira Newble, Carlos Boozer, LeBron James"
2004,O,4.626029587733992,757.0,119,"Eric Williams, Jeff McInnis, Zydrunas Ilgauskas, Carlos Boozer, LeBron James"
2004,D,4.610299046502606,309.0,51,"Glenn Robinson, Eric Snow, Derrick Coleman, Allen Iverson, Kenny Thomas"
2004,O,4.537047995412499,283.0,77,"Eddie Jones, Brian Grant, Rafer Alston, Lamar Odom, Dwyane Wade"
2004,O,-4.519759941100248,340.0,59,"Dikembe Mutombo, Allan Houston, Charlie Ward, Kurt Thomas, Keith Van Horn"
2004,D,4.518168862834995,212.0,54,"Damon Stoudamire, Dale Davis, Derek Anderson, Darius Miles, Zach Randolph"
2004,D,4.446319498661708,213.0,36,"Larry Hughes, Kwame Brown, Brendan Haywood, Gilbert Arenas, Jared Jeffries"
2004,O,4.408617903391698,275.0,50,"Antonio Davis, Jamal Crawford, Eddy Curry, Kirk Hinrich, Ronald Dupree"
2004,D,-4.407723512962758,204.0,30,"Brent Barry, Antonio Daniels, Rashard Lewis, Jerome James, Vladimir Radmanovic"
2004,O,4.390904895721639,875.0,230,"Jim Jackson, Maurice Taylor, Cuttino Mobley, Steve Francis, Yao Ming"
2004,O,4.349672648125356,345.0,118,"Jason Williams, Bonzi Wells, Stromile Swift, Pau Gasol, Shane Battier"
2004,O,-4.3325974465155435,262.0,44,"Chucky Atkins, Mark Blount, Paul Pierce, Jiri Welsch, Brandon Hunter"
2004,O,-4.31426016645901,232.0,77,"Clar. Weatherspoon, Jim Jackson, Maurice Taylor, Cuttino Mobley, Steve Francis"
2004,D,4.233078103067282,435.0,75,"Glenn Robinson, Eric Snow, Allen Iverson, Kenny Thomas, Samuel Dalembert"
2004,O,-4.212580423722443,687.0,126,"Theo Ratliff, Shareef Abdur-Rahim, Stephen Jackson, Jason Terry, Boris Diaw"
2004,D,-4.197282322662597,369.0,71,"Shawn Marion, Jake Voskuhl, Joe Johnson, Casey Jacobsen, Leandro Barbosa"
2004,O,4.18232242395621,272.0,62,"Reggie Miller, Jermaine O'Neal, Anthony Johnson, Metta World Peace, Jeff Foster"
2004,D,4.162263212341632,206.0,28,"Clifford Robinson, Adonal Foyle, Jason Richardson, Mike Dunleavy, Mickael Pietrus"
2004,D,-4.064455312449337,459.0,76,"Joe Smith, Brian Skinner, Damon Jones, Desmond Mason, Michael Redd"
2004,O,3.963208619182591,1258.0,175,"Latrell Sprewell, Sam Cassell, Kevin Garnett, Ervin Johnson, Trenton Hassell"
2004,D,3.8342772279041575,203.0,54,"Reggie Miller, Al Harrington, Metta World Peace, Jeff Foster, Jamaal Tinsley"
2004,D,3.807677111588396,442.0,114,"Latrell Sprewell, Sam Cassell, Kevin Garnett, Mark Madsen, Trenton Hassell"
2004,D,-3.8050341055468495,526.0,98,"Aaron McKie, Eric Snow, Kenny Thomas, Samuel Dalembert, John Salmons"
2004,D,-3.778233379195154,607.0,97,"Rasheed Wallace, Damon Stoudamire, Dale Davis, Jeff McInnis, Zach Randolph"
2004,D,-3.77602477953296,252.0,60,"Anfernee Hardaway, Stephon Marbury, Shawn Marion, Jake Voskuhl, Joe Johnson"
2004,O,-3.691646417458751,394.0,101,"Jason Kidd, Kerry Kittles, Aaron Williams, Kenyon Martin, Richard Jefferson"
2004,D,3.57020989684742,946.0,166,"Gary Payton, Karl Malone, Shaquille O'Neal, Kobe Bryant, Devean George"
2004,O,-3.5182659750322567,755.0,138,"Elden Campbell, Ben Wallace, Chauncey Billups, Richard Hamilton, Tayshaun Prince"
2004,O,-3.4896119474792022,212.0,56,"Aaron McKie, Eric Snow, Allen Iverson, Kenny Thomas, Samuel Dalembert"
2004,D,-3.45985915028758,359.0,63,"Juwan Howard, Andrew DeClercq, Tracy McGrady, Tyronn Lue, Keith Bogans"
2004,O,-3.4593961666161235,399.0,63,"Antonio Davis, Jamal Crawford, Eddy Curry, Kirk Hinrich, Linton Johnson"
2004,D,3.390675213244822,228.0,39,"Clifford Robinson, Erick Dampier, Speedy Claxton, Brian Cardinal, Jason Richardson"
2004,O,-3.3318596861128595,244.0,33,"Dikembe Mutombo, Allan Houston, Kurt Thomas, Stephon Marbury, Keith Van Horn"
2004,O,-3.318766880258546,256.0,58,"Jason Kidd, Rodney Rogers, Kerry Kittles, Richard Jefferson, Jason Collins"
2004,O,3.2425601603706746,224.0,66,"Theo Ratliff, Damon Stoudamire, Derek Anderson, Ruben Patterson, Zach Randolph"
2004,O,-3.1583838576494805,321.0,93,"Reggie Miller, Jermaine O'Neal, Al Harrington, Metta World Peace, Jamaal Tinsley"
2004,D,-3.155622550937917,635.0,128,"Jalen Rose, Donyell Marshall, Vince Carter, Morris Peterson, Chris Bosh"
2004,D,3.1541897380305057,312.0,85,"Walter McCarty, Chucky Atkins, Mark Blount, Paul Pierce, Ricky Davis"
2004,D,-3.1283697670055988,356.0,56,"Rasheed Wallace, Damon Stoudamire, Dale Davis, Bonzi Wells, Zach Randolph"
2004,O,3.1178276633727013,410.0,118,"Corliss Williamson, Ben Wallace, Chauncey Billups, Richard Hamilton, Tayshaun Prince"
2004,O,-3.0990401402011383,833.0,131,"Jalen Rose, Donyell Marshall, Alvin Williams, Vince Carter, Chris Bosh"
2004,D,-3.0837060668822227,333.0,83,"P.J. Brown, George Lynch, Darrell Armstrong, Baron Davis, Jamaal Magloire"
2004,O,-3.0445974398480855,274.0,58,"David Wesley, P.J. Brown, Stacey Augmon, Baron Davis, Jamaal Magloire"
2004,O,2.942479322931584,432.0,71,"Clifford Robinson, Erick Dampier, Jason Richardson, Mike Dunleavy, Mickael Pietrus"
2004,D,-2.8744549499765824,1080.0,183,"Bruce Bowen, Tim Duncan, Rasho Nesterovic, Manu Ginobili, Tony Parker"
2004,D,2.856265942376365,544.0,82,"Gary Payton, Karl Malone, Rick Fox, Shaquille O'Neal, Kobe Bryant"
2004,D,2.8293569491161854,327.0,100,"Wesley Person, Bo Outlaw, Lorenzen Wright, Shane Battier, Earl Watson"
2004,O,2.7997608133498812,322.0,62,"Voshon Lenard, Andre Miller, Francisco Elson, Nene, Carmelo Anthony"
2004,O,-2.7820903157206804,333.0,83,"P.J. Brown, George Lynch, Darrell Armstrong, Baron Davis, Jamaal Magloire"
2004,O,2.7552424633588695,247.0,59,"Anfernee Hardaway, Stephon Marbury, Shawn Marion, Jake Voskuhl, Joe Johnson"
2004,O,2.7519609250494907,311.0,75,"Juwan Howard, Tracy McGrady, Tyronn Lue, Gordan Giricek, Drew Gooden"
2004,O,2.7266807977240255,337.0,57,"Michael Finley, Antoine Walker, Steve Nash, Danny Fortson, Dirk Nowitzki"
2004,D,2.6963869307530794,859.0,226,"Jim Jackson, Maurice Taylor, Cuttino Mobley, Steve Francis, Yao Ming"
2004,D,2.6852845309924827,242.0,34,"Antonio Davis, Michael Curry, Jerome Williams, Alvin Williams, Vince Carter"
2004,D,-2.6766397927733863,281.0,86,"Bo Outlaw, Lorenzen Wright, Bonzi Wells, James Posey, Earl Watson"
2004,O,2.6713992915077296,207.0,29,"Ray Allen, Vitaly Potapenko, Antonio Daniels, Rashard Lewis, Reggie Evans"
2004,D,2.6350774581439667,426.0,89,"Doug Christie, Chris Webber, Peja Stojakovic, Mike Bibby, Brad Miller"
2004,D,2.61607079744761,472.0,79,"Rasheed Wallace, Ben Wallace, Chauncey Billups, Richard Hamilton, Tayshaun Prince"
2004,D,2.583312120911404,357.0,77,"Jason Williams, James Posey, Stromile Swift, Mike Miller, Pau Gasol"
2004,D,2.5148622259438764,314.0,89,"Walter McCarty, Mark Blount, Paul Pierce, Ricky Davis, Marcus Banks"
2004,O,2.388846251340507,205.0,39,"David Wesley, P.J. Brown, Stacey Augmon, Darrell Armstrong, Jamaal Magloire"
2004,D,-2.3719102498760294,262.0,45,"Chucky Atkins, Mark Blount, Paul Pierce, Jiri Welsch, Brandon Hunter"
2004,O,2.3541770583420867,203.0,57,"Reggie Miller, Al Harrington, Metta World Peace, Jeff Foster, Jamaal Tinsley"
2004,D,-2.3479464215464794,245.0,70,"Eddie Jones, Rafer Alston, Lamar Odom, Caron Butler, Udonis Haslem"
2004,D,-2.308101968557853,467.0,95,"Lucious Harris, Rodney Rogers, Kerry Kittles, Richard Jefferson, Jason Collins"
2004,D,-2.2928041367624976,443.0,75,"Shawn Marion, Jake Voskuhl, Joe Johnson, Amar'e Stoudemire, Leandro Barbosa"
2004,D,2.2531908195208006,892.0,147,"Eddie Jones, Brian Grant, Lamar Odom, Caron Butler, Dwyane Wade"
2004,O,2.239876352945821,238.0,54,"Malik Rose, Bruce Bowen, Rasho Nesterovic, Hedo Turkoglu, Tony Parker"
2004,O,2.1367416103795103,1768.0,265,"Jim Jackson, Kelvin Cato, Cuttino Mobley, Steve Francis, Yao Ming"
2004,D,2.1017076173235414,330.0,82,"Elton Brand, Corey Maggette, Quentin Richardson, Marko Jaric, Chris Wilcox"
2004,O,-2.0828305261001674,276.0,86,"Bo Outlaw, Lorenzen Wright, Bonzi Wells, James Posey, Earl Watson"
2004,O,2.056882296444145,299.0,47,"Gary Payton, Rick Fox, Shaquille O'Neal, Kobe Bryant, Slava Medvedenko"
2004,O,-2.039158061427817,1085.0,178,"Bruce Bowen, Tim Duncan, Rasho Nesterovic, Manu Ginobili, Tony Parker"
2004,D,2.035472815360804,275.0,63,"Reggie Miller, Jermaine O'Neal, Anthony Johnson, Metta World Peace, Jeff Foster"
2004,O,-2.0289601491852602,1071.0,217,"Theo Ratliff, Shareef Abdur-Rahim, Stephen Jackson, Jason Terry, Dion Glover"
2004,O,-2.0055189709595145,472.0,82,"Rasheed Wallace, Ben Wallace, Chauncey Billups, Richard Hamilton, Tayshaun Prince"
2004,D,-1.9960086642940669,438.0,82,"Tom Gugliotta, Andrei Kirilenko, Gordan Giricek, Jarron Collins, Carlos Arroyo"
2004,D,-1.9859906631893134,323.0,81,"Marcus Camby, Earl Boykins, Andre Miller, Nene, Carmelo Anthony"
2004,D,-1.9746491500394523,267.0,58,"Michael Finley, Shawn Bradley, Antoine Walker, Steve Nash, Dirk Nowitzki"
2004,D,1.9610144632609965,341.0,58,"Michael Finley, Antoine Walker, Steve Nash, Danny Fortson, Dirk Nowitzki"
2004,D,-1.940526366563506,207.0,48,"Juwan Howard, Andrew DeClercq, Tracy McGrady, Tyronn Lue, Gordan Giricek"
2004,D,1.9350748838966794,296.0,50,"Joe Smith, Brian Skinner, Desmond Mason, Michael Redd, T.J. Ford"
2004,D,1.84252611564391,754.0,139,"Elden Campbell, Ben Wallace, Chauncey Billups, Richard Hamilton, Tayshaun Prince"
2004,D,1.793295257803776,233.0,41,"Dikembe Mutombo, Allan Houston, Howard Eisley, Kurt Thomas, Keith Van Horn"
2004,D,1.7665049391411287,372.0,122,"Bo Outlaw, Bonzi Wells, Stromile Swift, Shane Battier, Earl Watson"
2004,O,-1.7371300754161558,1922.0,320,"Jason Kidd, Kerry Kittles, Kenyon Martin, Richard Jefferson, Jason Collins"
2004,O,1.727769415750478,356.0,51,"Zydrunas Ilgauskas, Ricky Davis, Darius Miles, Carlos Boozer, LeBron James"
2004,O,-1.709864072404215,520.0,98,"Aaron McKie, Eric Snow, Kenny Thomas, Samuel Dalembert, John Salmons"
2004,O,1.6553606557831642,908.0,150,"Eddie Jones, Brian Grant, Lamar Odom, Caron Butler, Dwyane Wade"
2004,O,1.6312721057570942,366.0,71,"Shawn Marion, Jake Voskuhl, Joe Johnson, Casey Jacobsen, Leandro Barbosa"
2004,O,1.5879256118496714,963.0,147,"Elton Brand, Corey Maggette, Quentin Richardson, Marko Jaric, Chris Kaman"
2004,D,-1.5875680227646507,478.0,84,"Clifford Robinson, Erick Dampier, Speedy Claxton, Jason Richardson, Mike Dunleavy"
2004,O,-1.580049416352717,1275.0,240,"Ben Wallace, Chauncey Billups, Richard Hamilton, Mehmet Okur, Tayshaun Prince"
2004,O,-1.5589400008233711,309.0,53,"Glenn Robinson, Eric Snow, Derrick Coleman, Allen Iverson, Kenny Thomas"
2004,D,-1.5389776573305547,340.0,63,"Dikembe Mutombo, Allan Houston, Charlie Ward, Kurt Thomas, Keith Van Horn"
2004,O,1.5134349865249843,407.0,64,"Antonio Davis, Jerome Williams, Jamal Crawford, Eddy Curry, Kirk Hinrich"
2004,D,1.4983336416104795,229.0,29,"Mark Blount, Paul Pierce, Chris Mihm, Mike James, Jiri Welsch"
2004,O,1.480250028682028,330.0,49,"Walter McCarty, Chucky Atkins, Mark Blount, Paul Pierce, Jiri Welsch"
2004,D,-1.4243354266604864,321.0,66,"Lorenzen Wright, Jason Williams, Bonzi Wells, James Posey, Pau Gasol"
2004,O,1.4074796423450717,288.0,62,"Reggie Miller, Jermaine O'Neal, Al Harrington, Jeff Foster, Jamaal Tinsley"
2004,O,1.406758149817439,434.0,73,"Glenn Robinson, Eric Snow, Allen Iverson, Kenny Thomas, Samuel Dalembert"
2004,D,1.3950543073984405,1898.0,322,"Jason Kidd, Kerry Kittles, Kenyon Martin, Richard Jefferson, Jason Collins"
2004,O,-1.3826466792282446,213.0,77,"Reggie Miller, Jermaine O'Neal, Anthony Johnson, Al Harrington, Metta World Peace"
2004,O,1.3726524208383797,322.0,64,"Lorenzen Wright, Jason Williams, Bonzi Wells, James Posey, Pau Gasol"
2004,D,1.3629601132784754,208.0,35,"Predrag Drobnjak, Corey Maggette, Keyon Dooling, Quentin Richardson, Chris Wilcox"
2004,D,-1.2968984257877845,744.0,117,"Eric Williams, Jeff McInnis, Zydrunas Ilgauskas, Carlos Boozer, LeBron James"
2004,D,1.2886700473666957,683.0,125,"Theo Ratliff, Shareef Abdur-Rahim, Stephen Jackson, Jason Terry, Boris Diaw"
2004,O,-1.2335625654612763,206.0,29,"Clifford Robinson, Adonal Foyle, Jason Richardson, Mike Dunleavy, Mickael Pietrus"
2004,O,1.1939316304974887,264.0,45,"Greg Ostertag, Matt Harpring, Andrei Kirilenko, DeShawn Stevenson, Raul Lopez"
2004,D,1.188639027045722,299.0,86,"Toni Kukoc, Damon Jones, Desmond Mason, Michael Redd, Dan Gadzuric"
2004,O,1.1722890376556232,358.0,77,"Jason Williams, James Posey, Stromile Swift, Mike Miller, Pau Gasol"
2004,O,1.11300916272286,301.0,84,"Juwan Howard, Tracy McGrady, Tyronn Lue, Drew Gooden, Keith Bogans"
2004,O,-1.0789408021010876,423.0,61,"Greg Ostertag, Andrei Kirilenko, Michael Ruffin, DeShawn Stevenson, Carlos Arroyo"
2004,D,1.0653611143191,287.0,75,"Eddie Jones, Brian Grant, Rafer Alston, Lamar Odom, Dwyane Wade"
2004,O,1.0171288614844882,233.0,30,"Mark Blount, Paul Pierce, Chris Mihm, Mike James, Jiri Welsch"
2004,O,-0.9838101921557895,290.0,37,"Jerry Stackhouse, Kwame Brown, Brendan Haywood, Gilbert Arenas, Juan Dixon"
2004,D,0.9418749608427407,282.0,39,"Kurt Thomas, Stephon Marbury, Shandon Anderson, Tim Thomas, Nazr Mohammed"
2004,D,-0.9251602939968676,237.0,57,"Latrell Sprewell, Sam Cassell, Kevin Garnett, Gary Trent, Trenton Hassell"
2004,O,0.9220372139440597,213.0,80,"Jermaine O'Neal, Anthony Johnson, Al Harrington, Metta World Peace, Fred Jones"
2004,D,0.9118967956729552,725.0,110,"Nick Van Exel, Clifford Robinson, Erick Dampier, Jason Richardson, Mike Dunleavy"
2004,O,0.8508914137148729,235.0,44,"Juwan Howard, Andrew DeClercq, Tracy McGrady, Tyronn Lue, DeShawn Stevenson"
2004,D,0.8470831294958978,312.0,48,"Brent Barry, Ray Allen, Vitaly Potapenko, Rashard Lewis, Reggie Evans"
2004,O,-0.8470624462018358,948.0,168,"Gary Payton, Karl Malone, Shaquille O'Neal, Kobe Bryant, Devean George"
2004,O,0.8409920256917022,430.0,91,"Doug Christie, Chris Webber, Peja Stojakovic, Mike Bibby, Brad Miller"
2004,D,-0.8185972035999745,823.0,127,"Jalen Rose, Donyell Marshall, Alvin Williams, Vince Carter, Chris Bosh"
2004,O,0.7896420641474357,359.0,60,"Doug Christie, Vlade Divac, Peja Stojakovic, Mike Bibby, Darius Songaila"
2004,O,0.7873065100703142,241.0,64,"Eddie Jones, Rafer Alston, Lamar Odom, Caron Butler, Udonis Haslem"
2004,D,0.7830467853745291,338.0,77,"Jon Barry, Marcus Camby, Andre Miller, Nene, Carmelo Anthony"
2004,O,0.7716751819128717,477.0,83,"Clifford Robinson, Erick Dampier, Speedy Claxton, Jason Richardson, Mike Dunleavy"
2004,D,-0.7632005590170369,652.0,131,"Eddie Jones, Brian Grant, Rafer Alston, Lamar Odom, Caron Butler"
2004,D,-0.7405431660327557,361.0,66,"Jeff McInnis, Zydrunas Ilgauskas, Ira Newble, Carlos Boozer, LeBron James"
2004,D,-0.6381647958571708,349.0,52,"Zydrunas Ilgauskas, Ricky Davis, Darius Miles, Carlos Boozer, LeBron James"
2004,D,-0.5829760713826434,581.0,183,"Jim Jackson, Maurice Taylor, Kelvin Cato, Cuttino Mobley, Steve Francis"
2004,O,-0.5705357695829395,890.0,156,"Bruce Bowen, Tim Duncan, Rasho Nesterovic, Hedo Turkoglu, Tony Parker"
2004,D,-0.5456444028725754,257.0,61,"Jason Kidd, Rodney Rogers, Kerry Kittles, Richard Jefferson, Jason Collins"
2004,O,-0.5187968913162596,449.0,82,"Tom Gugliotta, Andrei Kirilenko, Gordan Giricek, Jarron Collins, Carlos Arroyo"
2004,O,0.5148858191582035,251.0,46,"Larry Hughes, Etan Thomas, Jared Jeffries, Jarvis Hayes, Steve Blake"
2004,D,0.45690522991047194,208.0,57,"Aaron McKie, Eric Snow, Allen Iverson, Kenny Thomas, Samuel Dalembert"
2004,O,0.36175001105067933,649.0,135,"Jalen Rose, Donyell Marshall, Vince Carter, Morris Peterson, Chris Bosh"
2004,D,-0.3312970456380872,897.0,151,"Theo Ratliff, Damon Stoudamire, Derek Anderson, Darius Miles, Zach Randolph"
2004,D,0.2979060558869146,404.0,119,"Corliss Williamson, Ben Wallace, Chauncey Billups, Richard Hamilton, Tayshaun Prince"
2004,O,0.2792011439361054,523.0,130,"Michael Finley, Antoine Walker, Steve Nash, Antawn Jamison, Dirk Nowitzki"
2004,D,-0.26773982576647076,251.0,72,"Clifford Robinson, Calbert Cheaney, Erick Dampier, Speedy Claxton, Jason Richardson"
2004,D,-0.2606352535871674,1285.0,211,"David Wesley, P.J. Brown, George Lynch, Baron Davis, Jamaal Magloire"
2004,D,-0.25453796543219087,217.0,49,"Stephon Marbury, Shawn Marion, Jake Voskuhl, Joe Johnson, Amar'e Stoudemire"
2004,D,0.25104703782294224,420.0,61,"Greg Ostertag, Andrei Kirilenko, Michael Ruffin, DeShawn Stevenson, Carlos Arroyo"
2004,D,-0.23836590935220683,399.0,102,"Jason Kidd, Kerry Kittles, Aaron Williams, Kenyon Martin, Richard Jefferson"
2004,D,0.23413215314231178,409.0,60,"Vin Baker, Mark Blount, Paul Pierce, Mike James, Jiri Welsch"
2004,D,-0.21193680283111432,516.0,128,"Michael Finley, Antoine Walker, Steve Nash, Antawn Jamison, Dirk Nowitzki"
2004,O,0.1939360921283701,413.0,62,"Vin Baker, Mark Blount, Paul Pierce, Mike James, Jiri Welsch"
2004,O,-0.1824215615518343,341.0,75,"Jon Barry, Marcus Camby, Andre Miller, Nene, Carmelo Anthony"
2004,O,0.16388398186973538,207.0,31,"Brent Barry, Antonio Daniels, Rashard Lewis, Jerome James, Vladimir Radmanovic"
2005,D,19.532489419160836,256.0,86,"Jerry Stackhouse, Erick Dampier, Dirk Nowitzki, Jason Terry, Josh Howard"
2005,D,-15.875505175572489,254.0,34,"Damon Stoudamire, Shareef Abdur-Rahim, Darius Miles, Joel Przybilla, Sebastian Telfair"
2005,O,15.42141301003094,320.0,52,"Grant Hill, Kelvin Cato, Steve Francis, Dwight Howard, Jameer Nelson"
2005,O,14.640321889225115,261.0,71,"Robert Horry, Bruce Bowen, Tim Duncan, Manu Ginobili, Tony Parker"
2005,D,-14.630611123618692,290.0,58,"Jeff McInnis, Robert Traylor, Ira Newble, Drew Gooden, LeBron James"
2005,D,-14.611734323721457,201.0,34,"Elton Brand, Marko Jaric, Bobby Simmons, Chris Kaman, Quinton Ross"
2005,O,-14.398011995555171,309.0,56,"Eddie Jones, Shaquille O'Neal, Rasual Butler, Dwyane Wade, Udonis Haslem"
2005,O,14.205192956154995,255.0,41,"Jason Kidd, Vince Carter, Jason Collins, Brian Scalabrine, Nenad Krstic"
2005,O,14.164550014642339,233.0,35,"Reggie Miller, Dale Davis, Scot Pollard, Anthony Johnson, Stephen Jackson"
2005,O,-13.814513049160645,307.0,109,"Tyson Chandler, Eddy Curry, Kirk Hinrich, Ben Gordon, Andres Nocioni"
2005,O,13.587575360977544,378.0,54,"Gary Payton, Antoine Walker, Raef LaFrentz, Paul Pierce, Tony Allen"
2005,O,-13.332495256199753,243.0,49,"Nick Van Exel, Theo Ratliff, Derek Anderson, Darius Miles, Zach Randolph"
2005,D,13.29262060972675,232.0,35,"Joe Smith, Keith Van Horn, Michael Redd, Dan Gadzuric, Mo Williams"
2005,O,-13.223966910490496,243.0,44,"Jason Kidd, Vince Carter, Richard Jefferson, Jason Collins, Nenad Krstic"
2005,D,12.82253453789657,268.0,108,"Ray Allen, Antonio Daniels, Danny Fortson, Vladimir Radmanovic, Nick Collison"
2005,O,-12.574205778521,220.0,45,"Allen Iverson, Marc Jackson, Kenny Thomas, Willie Green, Andre Iguodala"
2005,D,12.097033683620761,303.0,76,"Reggie Miller, Dale Davis, Anthony Johnson, Stephen Jackson, Jeff Foster"
2005,D,-11.914071450168185,446.0,81,"Grant Hill, Tony Battie, Cuttino Mobley, Steve Francis, Dwight Howard"
2005,D,11.795174778623734,247.0,67,"Latrell Sprewell, Sam Cassell, Kevin Garnett, Wally Szczerbiak, Eddie Griffin"
2005,O,11.734477024999649,555.0,157,"Jalen Rose, Donyell Marshall, Rafer Alston, Morris Peterson, Chris Bosh"
2005,O,-11.729661201656354,463.0,66,"Derek Fisher, Adonal Foyle, Jason Richardson, Troy Murphy, Mike Dunleavy"
2005,D,11.697544056384409,661.0,100,"Antonio Davis, Eddy Curry, Kirk Hinrich, Luol Deng, Chris Duhon"
2005,O,11.583234085179893,2703.0,454,"Steve Nash, Shawn Marion, Quentin Richardson, Joe Johnson, Amar'e Stoudemire"
2005,O,11.567010560422474,270.0,51,"Shawn Marion, Quentin Richardson, Joe Johnson, Amar'e Stoudemire, Leandro Barbosa"
2005,O,-10.761096167068528,265.0,46,"Jalen Rose, Rafer Alston, Morris Peterson, Loren Woods, Chris Bosh"
2005,O,-10.01240972596374,225.0,66,"Jalen Rose, Rafer Alston, Morris Peterson, Chris Bosh, Matt Bonner"
2005,D,9.827745277551767,366.0,73,"Jason Kidd, Vince Carter, Rodney Buford, Jason Collins, Nenad Krstic"
2005,O,-9.772658082946824,238.0,33,"Joe Smith, Keith Van Horn, Michael Redd, Dan Gadzuric, Mo Williams"
2005,O,-9.710602569858194,211.0,34,"P.J. Brown, Rodney Rogers, Baron Davis, Lee Nailon, JR Smith"
2005,O,9.613849497415277,344.0,100,"Antawn Jamison, Larry Hughes, Brendan Haywood, Gilbert Arenas, Jarvis Hayes"
2005,O,9.515800524632054,357.0,106,"Eric Snow, Jeff McInnis, Zydrunas Ilgauskas, Drew Gooden, LeBron James"
2005,O,9.497954900473092,311.0,105,"Ray Allen, Antonio Daniels, Danny Fortson, Rashard Lewis, Vladimir Radmanovic"
2005,D,9.423805171207347,229.0,45,"Lorenzen Wright, Mike Miller, Pau Gasol, Shane Battier, Earl Watson"
2005,O,9.421972940837168,208.0,50,"Kobe Bryant, Chucky Atkins, Lamar Odom, Caron Butler, Brian Cook"
2005,O,9.393101266774929,203.0,47,"Jermaine O'Neal, Austin Croshere, Stephen Jackson, Metta World Peace, Jamaal Tinsley"
2005,D,9.354730947505683,314.0,52,"Charlie Ward, Jim Jackson, Tracy McGrady, Maurice Taylor, Yao Ming"
2005,O,9.292957790596608,381.0,129,"Antonio McDyess, Ben Wallace, Chauncey Billups, Richard Hamilton, Tayshaun Prince"
2005,D,-9.171226635675792,228.0,37,"Reggie Miller, Dale Davis, Scot Pollard, Anthony Johnson, Stephen Jackson"
2005,O,-9.100007286160647,283.0,57,"Jeff McInnis, Robert Traylor, Ira Newble, Drew Gooden, LeBron James"
2005,D,9.099138071127923,247.0,40,"Juwan Howard, Bob Sura, Jim Jackson, Tracy McGrady, Yao Ming"
2005,O,-9.08196696632828,248.0,39,"Juwan Howard, Bob Sura, Jim Jackson, Tracy McGrady, Yao Ming"
2005,O,-8.917706689417004,268.0,43,"Robert Horry, Bruce Bowen, Rasho Nesterovic, Manu Ginobili, Tony Parker"
2005,D,8.853180476701278,424.0,60,"Nick Van Exel, Theo Ratliff, Damon Stoudamire, Ruben Patterson, Joel Przybilla"
2005,D,8.808873380687194,258.0,49,"Lorenzen Wright, Jason Williams, Bonzi Wells, Pau Gasol, Shane Battier"
2005,D,-8.782508187402629,247.0,42,"Damon Stoudamire, Shareef Abdur-Rahim, Ruben Patterson, Joel Przybilla, Sebastian Telfair"
2005,D,8.713418884592548,222.0,71,"Antonio Davis, Tyson Chandler, Kirk Hinrich, Ben Gordon, Andres Nocioni"
2005,O,-8.623466681835614,288.0,95,"Tyson Chandler, Eddy Curry, Kirk Hinrich, Ben Gordon, Luol Deng"
2005,D,8.426752047489165,268.0,75,"Eddie Jones, Christian Laettner, Shaquille O'Neal, Damon Jones, Dwyane Wade"
2005,D,8.30973822062141,262.0,40,"Robert Horry, Bruce Bowen, Rasho Nesterovic, Manu Ginobili, Tony Parker"
2005,O,-8.305695492133934,322.0,63,"Brevin Knight, Primoz Brezec, Gerald Wallace, Kareem Rush, Emeka Okafor"
2005,O,8.20488256435575,331.0,112,"Ray Allen, Rashard Lewis, Vladimir Radmanovic, Reggie Evans, Luke Ridnour"
2005,O,8.185371065315135,247.0,34,"Othella Harrington, Eddy Curry, Kirk Hinrich, Luol Deng, Chris Duhon"
2005,O,-8.096745912182879,236.0,47,"Primoz Brezec, Jason Hart, Gerald Wallace, Kareem Rush, Emeka Okafor"
2005,D,8.056216250229447,286.0,99,"Tyson Chandler, Eddy Curry, Kirk Hinrich, Ben Gordon, Luol Deng"
2005,O,7.926149129060581,271.0,84,"Antawn Jamison, Larry Hughes, Michael Ruffin, Gilbert Arenas, Jarvis Hayes"
2005,D,7.807632638869143,356.0,99,"Eric Snow, Jeff McInnis, Zydrunas Ilgauskas, Drew Gooden, LeBron James"
2005,D,7.714419427725351,1042.0,181,"Bruce Bowen, Tim Duncan, Rasho Nesterovic, Manu Ginobili, Tony Parker"
2005,D,7.593474993076024,247.0,51,"Alan Henderson, Michael Finley, Dirk Nowitzki, Jason Terry, Josh Howard"
2005,D,7.589658948570131,203.0,33,"P.J. Brown, Rodney Rogers, Baron Davis, Lee Nailon, JR Smith"
2005,D,7.578064202698498,228.0,67,"Jalen Rose, Rafer Alston, Morris Peterson, Chris Bosh, Matt Bonner"
2005,O,-7.512313838379575,322.0,52,"Charlie Ward, Jim Jackson, Tracy McGrady, Maurice Taylor, Yao Ming"
2005,O,7.397900418770273,235.0,35,"Antonio Davis, Othella Harrington, Kirk Hinrich, Chris Duhon, Andres Nocioni"
2005,D,7.386632157431198,230.0,34,"Antonio Davis, Othella Harrington, Kirk Hinrich, Chris Duhon, Andres Nocioni"
2005,O,7.288561134646363,267.0,108,"Ray Allen, Antonio Daniels, Danny Fortson, Vladimir Radmanovic, Nick Collison"
2005,D,7.166743140440245,241.0,48,"Nick Van Exel, Theo Ratliff, Derek Anderson, Darius Miles, Zach Randolph"
2005,D,-7.163858014033615,608.0,121,"Brevin Knight, Primoz Brezec, Gerald Wallace, Keith Bogans, Emeka Okafor"
2005,O,7.104131260560527,445.0,114,"Gary Payton, Antoine Walker, Raef LaFrentz, Paul Pierce, Ricky Davis"
2005,D,7.060644910440622,325.0,53,"Grant Hill, Kelvin Cato, Steve Francis, Dwight Howard, Jameer Nelson"
2005,D,7.046998049705678,409.0,73,"Gary Payton, Mark Blount, Raef LaFrentz, Paul Pierce, Tony Allen"
2005,O,-6.989862902461225,346.0,80,"Grant Hill, Kelvin Cato, Steve Francis, Hedo Turkoglu, Dwight Howard"
2005,O,6.98528067529237,1616.0,273,"Eddie Jones, Shaquille O'Neal, Damon Jones, Dwyane Wade, Udonis Haslem"
2005,O,6.79717374619287,593.0,91,"Jalen Rose, Rafer Alston, Morris Peterson, Chris Bosh, Rafael Araujo"
2005,O,-6.790403370330472,202.0,60,"Latrell Sprewell, Kevin Garnett, Troy Hudson, Wally Szczerbiak, Eddie Griffin"
2005,D,6.699661591382249,335.0,111,"Ray Allen, Rashard Lewis, Vladimir Radmanovic, Reggie Evans, Luke Ridnour"
2005,O,6.675125524911793,286.0,77,"Brian Grant, Kobe Bryant, Chucky Atkins, Lamar Odom, Caron Butler"
2005,D,-6.6690916728723,299.0,80,"Lucious Harris, Jeff McInnis, Zydrunas Ilgauskas, Drew Gooden, LeBron James"
2005,O,6.667811691602961,228.0,83,"Ray Allen, Antonio Daniels, Rashard Lewis, Vladimir Radmanovic, Reggie Evans"
2005,D,6.6093536312170516,251.0,48,"Doug Christie, Grant Hill, Tony Battie, Steve Francis, Dwight Howard"
2005,O,6.526617587024029,420.0,74,"Gary Payton, Mark Blount, Raef LaFrentz, Paul Pierce, Tony Allen"
2005,O,-6.488823561669922,258.0,49,"Lorenzen Wright, Jason Williams, Bonzi Wells, Pau Gasol, Shane Battier"
2005,O,6.459852096176562,768.0,130,"Michael Finley, Erick Dampier, Dirk Nowitzki, Jason Terry, Josh Howard"
2005,D,6.438013011876976,254.0,56,"Rick Brunson, Elton Brand, Bobby Simmons, Chris Kaman, Quinton Ross"
2005,D,6.411538215440833,301.0,54,"Eddie Jones, Shaquille O'Neal, Rasual Butler, Dwyane Wade, Udonis Haslem"
2005,D,6.364169988047969,501.0,73,"Antawn Jamison, Brendan Haywood, Gilbert Arenas, Jared Jeffries, Jarvis Hayes"
2005,O,6.328497337420452,302.0,75,"Reggie Miller, Dale Davis, Anthony Johnson, Stephen Jackson, Jeff Foster"
2005,O,6.205185291916052,294.0,64,"Jeff McInnis, Zydrunas Ilgauskas, Drew Gooden, LeBron James, Sasha Pavlovic"
2005,O,-6.166932873061408,343.0,93,"Steve Nash, Shawn Marion, Quentin Richardson, Joe Johnson, Steven Hunter"
2005,O,-6.131603221762757,296.0,80,"Lucious Harris, Jeff McInnis, Zydrunas Ilgauskas, Drew Gooden, LeBron James"
2005,O,6.107029358305194,384.0,68,"Tyronn Lue, Al Harrington, Obinna Ekezie, Josh Childress, Josh Smith"
2005,D,6.014293416361716,283.0,46,"Allan Houston, Kurt Thomas, Stephon Marbury, Tim Thomas, Nazr Mohammed"
2005,O,5.9966181281622015,236.0,46,"Reggie Miller, Jermaine O'Neal, Anthony Johnson, Stephen Jackson, Jeff Foster"
2005,O,-5.985408312597007,339.0,44,"Eric Williams, Rafer Alston, Morris Peterson, Chris Bosh, Rafael Araujo"
2005,D,-5.930283035420092,383.0,127,"Antonio McDyess, Ben Wallace, Chauncey Billups, Richard Hamilton, Tayshaun Prince"
2005,O,-5.913577172936089,207.0,53,"Latrell Sprewell, Sam Cassell, Kevin Garnett, Michael Olowokandi, Trenton Hassell"
2005,D,5.898689571692246,241.0,80,"Grant Hill, Tony Battie, Steve Francis, Hedo Turkoglu, Dwight Howard"
2005,D,-5.8920346850969585,257.0,74,"Robert Horry, Bruce Bowen, Tim Duncan, Manu Ginobili, Tony Parker"
2005,D,-5.864328205241622,527.0,76,"Adonal Foyle, Baron Davis, Jason Richardson, Troy Murphy, Mike Dunleavy"
2005,O,5.820108210499999,249.0,88,"Jerry Stackhouse, Erick Dampier, Dirk Nowitzki, Jason Terry, Josh Howard"
2005,O,-5.782824840949119,392.0,67,"Chucky Atkins, Lamar Odom, Jumaine Jones, Chris Mihm, Caron Butler"
2005,D,-5.743093602509174,406.0,62,"David Wesley, Clar. Weatherspoon, Bob Sura, Tracy McGrady, Yao Ming"
2005,O,-5.739616156021963,275.0,55,"Grant Hill, Kelvin Cato, Cuttino Mobley, Steve Francis, Dwight Howard"
2005,D,-5.7198048931665575,205.0,53,"Latrell Sprewell, Sam Cassell, Kevin Garnett, Michael Olowokandi, Trenton Hassell"
2005,O,5.621523659645244,394.0,88,"Jim Jackson, Steve Nash, Shawn Marion, Joe Johnson, Amar'e Stoudemire"
2005,O,-5.580209543426278,444.0,84,"Latrell Sprewell, Sam Cassell, Kevin Garnett, Michael Olowokandi, Wally Szczerbiak"
2005,D,-5.5215398580287545,201.0,75,"Othella Harrington, Tyson Chandler, Kirk Hinrich, Ben Gordon, Andres Nocioni"
2005,D,-5.489089149139616,442.0,118,"Gary Payton, Antoine Walker, Raef LaFrentz, Paul Pierce, Ricky Davis"
2005,D,5.410439770614421,734.0,122,"Jason Kidd, Jacque Vaughn, Vince Carter, Jason Collins, Nenad Krstic"
2005,D,-5.383384633379699,209.0,56,"Alonzo Mourning, Eric Williams, Travis Best, Richard Jefferson, Jason Collins"
2005,D,5.370775995155456,345.0,93,"Steve Nash, Shawn Marion, Quentin Richardson, Joe Johnson, Steven Hunter"
2005,D,5.2157876083558845,276.0,58,"Grant Hill, Kelvin Cato, Cuttino Mobley, Steve Francis, Dwight Howard"
2005,O,5.138726246162653,456.0,82,"Grant Hill, Tony Battie, Cuttino Mobley, Steve Francis, Dwight Howard"
2005,O,5.097650594842773,209.0,39,"Derek Fisher, Adonal Foyle, Speedy Claxton, Jason Richardson, Mike Dunleavy"
2005,O,-5.0195866328518415,369.0,70,"Jason Kidd, Vince Carter, Rodney Buford, Jason Collins, Nenad Krstic"
2005,D,-4.997595487382666,331.0,59,"Kurt Thomas, Stephon Marbury, Nazr Mohammed, Jamal Crawford, Trevor Ariza"
2005,O,4.9951559388681295,423.0,57,"Nick Van Exel, Theo Ratliff, Damon Stoudamire, Ruben Patterson, Joel Przybilla"
2005,D,4.967362170769206,352.0,97,"Antawn Jamison, Larry Hughes, Brendan Haywood, Gilbert Arenas, Jarvis Hayes"
2005,D,4.966933767874858,203.0,38,"Derek Fisher, Adonal Foyle, Speedy Claxton, Jason Richardson, Mike Dunleavy"
2005,D,4.936806087569419,877.0,138,"Rick Brunson, Elton Brand, Corey Maggette, Bobby Simmons, Chris Kaman"
2005,D,4.911201865867725,394.0,70,"Allen Iverson, Kenny Thomas, Samuel Dalembert, Kyle Korver, Andre Iguodala"
2005,D,-4.909394580987235,563.0,162,"Jalen Rose, Donyell Marshall, Rafer Alston, Morris Peterson, Chris Bosh"
2005,D,4.763432535080113,503.0,95,"Lorenzen Wright, Jason Williams, Mike Miller, Pau Gasol, Shane Battier"
2005,O,4.758140647991346,239.0,83,"Grant Hill, Tony Battie, Steve Francis, Hedo Turkoglu, Dwight Howard"
2005,O,4.7470120047645485,229.0,48,"Lorenzen Wright, Mike Miller, Pau Gasol, Shane Battier, Earl Watson"
2005,O,4.691695872730179,421.0,80,"Peja Stojakovic, Mike Bibby, Brian Skinner, Cuttino Mobley, Kenny Thomas"
2005,O,4.668387421235511,239.0,62,"Dikembe Mutombo, David Wesley, Juwan Howard, Bob Sura, Tracy McGrady"
2005,D,-4.6355922934772655,769.0,132,"Kurt Thomas, Stephon Marbury, Tim Thomas, Jamal Crawford, Michael Sweetney"
2005,D,4.581497159499585,671.0,96,"Chris Webber, Allen Iverson, Samuel Dalembert, Kyle Korver, Andre Iguodala"
2005,D,4.574075445676626,540.0,82,"Jalen Rose, Vince Carter, Rafer Alston, Loren Woods, Chris Bosh"
2005,D,4.546873808409722,240.0,45,"Jason Kidd, Vince Carter, Richard Jefferson, Jason Collins, Nenad Krstic"
2005,D,-4.497638735981539,386.0,66,"Chucky Atkins, Lamar Odom, Jumaine Jones, Chris Mihm, Caron Butler"
2005,D,-4.480727291775003,368.0,112,"Marcus Camby, Earl Boykins, Andre Miller, Kenyon Martin, Carmelo Anthony"
2005,D,4.43798162667626,1480.0,265,"Jeff McInnis, Zydrunas Ilgauskas, Ira Newble, Drew Gooden, LeBron James"
2005,D,4.431210296797177,451.0,84,"Lorenzen Wright, Jason Williams, Mike Miller, Brian Cardinal, Shane Battier"
2005,O,4.41565578687325,208.0,54,"Alonzo Mourning, Eric Williams, Travis Best, Richard Jefferson, Jason Collins"
2005,D,4.361494428658825,253.0,40,"Jason Kidd, Vince Carter, Jason Collins, Brian Scalabrine, Nenad Krstic"
2005,D,4.291141618347782,226.0,47,"Allen Iverson, Marc Jackson, Kenny Thomas, Willie Green, Andre Iguodala"
2005,D,4.199355436113613,461.0,81,"Elton Brand, Corey Maggette, Marko Jaric, Bobby Simmons, Chris Wilcox"
2005,O,4.129310005882269,523.0,74,"Adonal Foyle, Baron Davis, Jason Richardson, Troy Murphy, Mike Dunleavy"
2005,D,4.070339442409239,1177.0,192,"Antawn Jamison, Larry Hughes, Brendan Haywood, Gilbert Arenas, Jared Jeffries"
2005,D,3.998555280585364,752.0,135,"Marcus Camby, Greg Buckner, Andre Miller, Kenyon Martin, Carmelo Anthony"
2005,D,-3.9811676143978993,1591.0,272,"Eddie Jones, Shaquille O'Neal, Damon Jones, Dwyane Wade, Udonis Haslem"
2005,O,-3.9622780630258423,386.0,59,"Chris Webber, Peja Stojakovic, Mike Bibby, Cuttino Mobley, Brad Miller"
2005,D,-3.9528624800898187,275.0,86,"Antawn Jamison, Larry Hughes, Michael Ruffin, Gilbert Arenas, Jarvis Hayes"
2005,D,3.8633163565821014,434.0,118,"Joe Smith, Desmond Mason, Michael Redd, Zaza Pachulia, Mo Williams"
2005,D,3.8501743555490346,2683.0,449,"Steve Nash, Shawn Marion, Quentin Richardson, Joe Johnson, Amar'e Stoudemire"
2005,O,-3.849776186035804,412.0,60,"David Wesley, Clar. Weatherspoon, Bob Sura, Tracy McGrady, Yao Ming"
2005,D,-3.809103693090292,228.0,86,"Ray Allen, Antonio Daniels, Rashard Lewis, Vladimir Radmanovic, Reggie Evans"
2005,O,3.757254288597974,224.0,72,"Antonio Davis, Tyson Chandler, Kirk Hinrich, Ben Gordon, Andres Nocioni"
2005,D,-3.7191071852634536,321.0,54,"Grant Hill, Kelvin Cato, Steve Francis, DeShawn Stevenson, Dwight Howard"
2005,D,-3.7175087504085766,424.0,82,"Peja Stojakovic, Mike Bibby, Brian Skinner, Cuttino Mobley, Kenny Thomas"
2005,O,-3.7063390676901626,444.0,79,"Latrell Sprewell, Kevin Garnett, Troy Hudson, Michael Olowokandi, Trenton Hassell"
2005,D,3.67931767931539,601.0,97,"Theo Ratliff, Damon Stoudamire, Shareef Abdur-Rahim, Derek Anderson, Zach Randolph"
2005,O,-3.673746730478116,475.0,84,"Elton Brand, Corey Maggette, Marko Jaric, Bobby Simmons, Chris Wilcox"
2005,O,3.5716409615130362,822.0,129,"Gary Payton, Mark Blount, Raef LaFrentz, Paul Pierce, Jiri Welsch"
2005,O,-3.5546929131163725,203.0,74,"Othella Harrington, Tyson Chandler, Kirk Hinrich, Ben Gordon, Andres Nocioni"
2005,O,-3.5163843851711314,228.0,36,"P.J. Brown, George Lynch, Rodney Rogers, Dan Dickau, JR Smith"
2005,O,-3.4627173583595097,2531.0,459,"Rasheed Wallace, Ben Wallace, Chauncey Billups, Richard Hamilton, Tayshaun Prince"
2005,D,3.4123874438841018,257.0,50,"Jalen Rose, Rafer Alston, Morris Peterson, Loren Woods, Chris Bosh"
2005,O,3.4095788828647953,261.0,34,"Damon Stoudamire, Shareef Abdur-Rahim, Darius Miles, Joel Przybilla, Sebastian Telfair"
2005,O,-3.397894789133239,300.0,54,"Michael Finley, Shawn Bradley, Dirk Nowitzki, Jason Terry, Josh Howard"
2005,O,-3.38275129770338,1207.0,199,"Doug Christie, Chris Webber, Peja Stojakovic, Mike Bibby, Brad Miller"
2005,O,3.3694586823073007,275.0,80,"Eddie Jones, Christian Laettner, Shaquille O'Neal, Damon Jones, Dwyane Wade"
2005,O,-3.1197733689179517,758.0,133,"Marcus Camby, Greg Buckner, Andre Miller, Kenyon Martin, Carmelo Anthony"
2005,O,-3.083411737845977,294.0,70,"Jerry Stackhouse, Michael Finley, Erick Dampier, Dirk Nowitzki, Jason Terry"
2005,D,-3.0682180412900992,589.0,89,"Jalen Rose, Rafer Alston, Morris Peterson, Chris Bosh, Rafael Araujo"
2005,D,-3.044663120057127,411.0,105,"Eddie Jones, Michael Doleac, Damon Jones, Dwyane Wade, Udonis Haslem"
2005,D,3.0200068260508663,2522.0,451,"Rasheed Wallace, Ben Wallace, Chauncey Billups, Richard Hamilton, Tayshaun Prince"
2005,O,-2.9428146128159653,1578.0,273,"Kobe Bryant, Chucky Atkins, Lamar Odom, Chris Mihm, Caron Butler"
2005,O,2.940319514508709,286.0,40,"Peja Stojakovic, Mike Bibby, Brian Skinner, Cuttino Mobley, Darius Songaila"
2005,D,-2.906664483203878,226.0,35,"P.J. Brown, George Lynch, Rodney Rogers, Dan Dickau, JR Smith"
2005,D,-2.8635890851074044,915.0,236,"Gary Payton, Mark Blount, Raef LaFrentz, Paul Pierce, Ricky Davis"
2005,D,2.833422654368066,409.0,110,"Antonio McDyess, Rasheed Wallace, Chauncey Billups, Richard Hamilton, Tayshaun Prince"
2005,O,2.814710435897222,214.0,45,"Nick Van Exel, Damon Stoudamire, Ruben Patterson, Joel Przybilla, Zach Randolph"
2005,O,-2.7894184187363975,553.0,81,"Jalen Rose, Vince Carter, Rafer Alston, Loren Woods, Chris Bosh"
2005,O,2.74702262017017,379.0,64,"P.J. Brown, Lee Nailon, Dan Dickau, JR Smith, Jackson Vroman"
2005,D,-2.7405623450615324,292.0,70,"Jerry Stackhouse, Michael Finley, Erick Dampier, Dirk Nowitzki, Jason Terry"
2005,O,2.738791214586298,749.0,126,"Jason Kidd, Jacque Vaughn, Vince Carter, Jason Collins, Nenad Krstic"
2005,O,2.687340458997023,494.0,71,"Antawn Jamison, Brendan Haywood, Gilbert Arenas, Jared Jeffries, Jarvis Hayes"
2005,O,-2.6856978210939624,785.0,137,"Kurt Thomas, Stephon Marbury, Tim Thomas, Jamal Crawford, Michael Sweetney"
2005,O,2.6575544143645637,620.0,122,"Brevin Knight, Primoz Brezec, Gerald Wallace, Keith Bogans, Emeka Okafor"
2005,O,2.6549188656027467,254.0,43,"Damon Stoudamire, Shareef Abdur-Rahim, Ruben Patterson, Joel Przybilla, Sebastian Telfair"
2005,D,-2.6493561191986026,1569.0,277,"Kobe Bryant, Chucky Atkins, Lamar Odom, Chris Mihm, Caron Butler"
2005,D,2.5322835361459006,301.0,55,"Michael Finley, Shawn Bradley, Dirk Nowitzki, Jason Terry, Josh Howard"
2005,O,-2.484518121406675,458.0,83,"Lorenzen Wright, Jason Williams, Mike Miller, Brian Cardinal, Shane Battier"
2005,D,2.4759705410304385,385.0,90,"Jim Jackson, Steve Nash, Shawn Marion, Joe Johnson, Amar'e Stoudemire"
2005,O,-2.4604473183459374,1179.0,192,"Antawn Jamison, Larry Hughes, Brendan Haywood, Gilbert Arenas, Jared Jeffries"
2005,D,2.3995504776224106,463.0,71,"Derek Fisher, Adonal Foyle, Jason Richardson, Troy Murphy, Mike Dunleavy"
2005,O,2.347305084057185,500.0,95,"Lorenzen Wright, Jason Williams, Mike Miller, Pau Gasol, Shane Battier"
2005,D,2.2589423299461098,417.0,81,"Marcus Camby, Andre Miller, Kenyon Martin, DerMarr Johnson, Carmelo Anthony"
2005,D,-2.2578222293168073,291.0,76,"Brian Grant, Kobe Bryant, Chucky Atkins, Lamar Odom, Caron Butler"
2005,O,2.2533537403323596,791.0,127,"David Wesley, Juwan Howard, Bob Sura, Tracy McGrady, Yao Ming"
2005,D,-2.197510265004226,322.0,58,"Brevin Knight, Primoz Brezec, Gerald Wallace, Kareem Rush, Emeka Okafor"
2005,D,2.1027715695942977,204.0,35,"Larry Hughes, Etan Thomas, Kwame Brown, Gilbert Arenas, Jared Jeffries"
2005,O,-2.101978435887721,216.0,45,"Tony Battie, Steve Francis, DeShawn Stevenson, Dwight Howard, Jameer Nelson"
2005,O,2.1014699956606235,1508.0,266,"Jeff McInnis, Zydrunas Ilgauskas, Ira Newble, Drew Gooden, LeBron James"
2005,D,-2.078869541224956,346.0,85,"Allen Iverson, Marc Jackson, Kenny Thomas, Kyle Korver, Andre Iguodala"
2005,D,2.035857933902566,369.0,53,"Gary Payton, Antoine Walker, Raef LaFrentz, Paul Pierce, Tony Allen"
2005,O,1.9982523496683822,397.0,70,"Allen Iverson, Kenny Thomas, Samuel Dalembert, Kyle Korver, Andre Iguodala"
2005,D,-1.9955737266462588,438.0,80,"Latrell Sprewell, Kevin Garnett, Troy Hudson, Michael Olowokandi, Trenton Hassell"
2005,O,-1.9925693221362772,371.0,114,"Marcus Camby, Earl Boykins, Andre Miller, Kenyon Martin, Carmelo Anthony"
2005,O,-1.978708101854483,249.0,46,"Doug Christie, Grant Hill, Tony Battie, Steve Francis, Dwight Howard"
2005,O,-1.969705739280806,413.0,112,"Antonio McDyess, Rasheed Wallace, Chauncey Billups, Richard Hamilton, Tayshaun Prince"
2005,O,1.9640131827954304,320.0,55,"Grant Hill, Kelvin Cato, Steve Francis, DeShawn Stevenson, Dwight Howard"
2005,D,-1.9062179548466274,341.0,78,"Grant Hill, Kelvin Cato, Steve Francis, Hedo Turkoglu, Dwight Howard"
2005,D,1.8866911302173985,1189.0,190,"Doug Christie, Chris Webber, Peja Stojakovic, Mike Bibby, Brad Miller"
2005,D,1.8757820995445535,221.0,44,"P.J. Brown, Rodney Rogers, Lee Nailon, Dan Dickau, JR Smith"
2005,O,-1.7810387859227774,215.0,37,"P.J. Brown, Lee Nailon, Jamaal Magloire, Dan Dickau, JR Smith"
2005,O,1.7788323923799232,888.0,140,"Rick Brunson, Elton Brand, Corey Maggette, Bobby Simmons, Chris Kaman"
2005,O,1.7761721630754828,247.0,36,"Chris Webber, Mike Bibby, Cuttino Mobley, Brad Miller, Matt Barnes"
2005,D,-1.670536859764231,214.0,45,"Tony Battie, Steve Francis, DeShawn Stevenson, Dwight Howard, Jameer Nelson"
2005,D,-1.666675668327118,245.0,66,"Eddie Jones, Shaquille O'Neal, Damon Jones, Rasual Butler, Udonis Haslem"
2005,O,-1.657588916741748,305.0,57,"Latrell Sprewell, Sam Cassell, Kevin Garnett, Wally Szczerbiak, Mark Madsen"
2005,D,1.649673358339537,246.0,38,"Chris Webber, Mike Bibby, Cuttino Mobley, Brad Miller, Matt Barnes"
2005,D,1.587109836972982,765.0,129,"Michael Finley, Erick Dampier, Dirk Nowitzki, Jason Terry, Josh Howard"
2005,O,1.5802014670235134,407.0,105,"Eddie Jones, Michael Doleac, Damon Jones, Dwyane Wade, Udonis Haslem"
2005,O,-1.5276589678556445,609.0,100,"Theo Ratliff, Damon Stoudamire, Shareef Abdur-Rahim, Derek Anderson, Zach Randolph"
2005,O,1.505763972027397,423.0,119,"Joe Smith, Desmond Mason, Michael Redd, Zaza Pachulia, Mo Williams"
2005,O,1.500479190283992,1041.0,179,"Bruce Bowen, Tim Duncan, Rasho Nesterovic, Manu Ginobili, Tony Parker"
2005,D,-1.4893104960364958,816.0,129,"Gary Payton, Mark Blount, Raef LaFrentz, Paul Pierce, Jiri Welsch"
2005,D,-1.4873615423536568,233.0,47,"Reggie Miller, Jermaine O'Neal, Anthony Johnson, Stephen Jackson, Jeff Foster"
2005,D,-1.486558568698398,435.0,82,"Latrell Sprewell, Sam Cassell, Kevin Garnett, Michael Olowokandi, Wally Szczerbiak"
2005,D,1.4859748468770164,211.0,50,"Reggie Miller, Dale Davis, Austin Croshere, Anthony Johnson, Stephen Jackson"
2005,O,1.473885400615556,205.0,34,"Elton Brand, Marko Jaric, Bobby Simmons, Chris Kaman, Quinton Ross"
2005,O,1.436191565584088,327.0,56,"Kurt Thomas, Stephon Marbury, Nazr Mohammed, Jamal Crawford, Trevor Ariza"
2005,D,1.3819434378154887,310.0,110,"Ray Allen, Antonio Daniels, Danny Fortson, Rashard Lewis, Vladimir Radmanovic"
2005,O,-1.3503680440163541,1387.0,195,"Ray Allen, Rashard Lewis, Jerome James, Reggie Evans, Luke Ridnour"
2005,D,1.2494221676453101,374.0,63,"P.J. Brown, Lee Nailon, Dan Dickau, JR Smith, Jackson Vroman"
2005,D,1.225029730172682,233.0,46,"Primoz Brezec, Jason Hart, Gerald Wallace, Kareem Rush, Emeka Okafor"
2005,O,1.176377738690591,217.0,51,"Reggie Miller, Dale Davis, Austin Croshere, Anthony Johnson, Stephen Jackson"
2005,O,-1.1379140259114735,204.0,34,"Larry Hughes, Etan Thomas, Kwame Brown, Gilbert Arenas, Jared Jeffries"
2005,O,1.0749039311973516,259.0,56,"Rick Brunson, Elton Brand, Bobby Simmons, Chris Kaman, Quinton Ross"
2005,D,1.0412406063305288,338.0,42,"Eric Williams, Rafer Alston, Morris Peterson, Chris Bosh, Rafael Araujo"
2005,O,1.031484091506243,252.0,71,"Eddie Jones, Shaquille O'Neal, Damon Jones, Rasual Butler, Udonis Haslem"
2005,O,1.0121049159410305,930.0,236,"Gary Payton, Mark Blount, Raef LaFrentz, Paul Pierce, Ricky Davis"
2005,D,-0.9913479806395502,244.0,67,"Dikembe Mutombo, David Wesley, Juwan Howard, Bob Sura, Tracy McGrady"
2005,O,0.9357380045164256,565.0,96,"Clifford Robinson, Speedy Claxton, Jason Richardson, Troy Murphy, Mike Dunleavy"
2005,D,0.920781398309721,962.0,145,"Kurt Thomas, Stephon Marbury, Tim Thomas, Nazr Mohammed, Jamal Crawford"
2005,D,-0.8634790705207619,300.0,104,"Tyson Chandler, Eddy Curry, Kirk Hinrich, Ben Gordon, Andres Nocioni"
2005,O,-0.8385931935666691,238.0,67,"Latrell Sprewell, Sam Cassell, Kevin Garnett, Wally Szczerbiak, Eddie Griffin"
2005,D,-0.8308285629257195,287.0,39,"Peja Stojakovic, Mike Bibby, Brian Skinner, Cuttino Mobley, Darius Songaila"
2005,O,0.8189867569354353,1567.0,243,"Joe Smith, Desmond Mason, Michael Redd, Dan Gadzuric, Mo Williams"
2005,D,0.8092485585574865,1548.0,247,"Joe Smith, Desmond Mason, Michael Redd, Dan Gadzuric, Mo Williams"
2005,D,-0.7877099610685426,380.0,57,"Chris Webber, Peja Stojakovic, Mike Bibby, Cuttino Mobley, Brad Miller"
2005,O,-0.7810769327600188,278.0,49,"Antoine Walker, Tyronn Lue, Al Harrington, Jason Collier, Josh Smith"
2005,O,-0.7780519112099499,289.0,47,"Allan Houston, Kurt Thomas, Stephon Marbury, Tim Thomas, Nazr Mohammed"
2005,D,-0.7563700692513089,274.0,49,"Antoine Walker, Tyronn Lue, Al Harrington, Jason Collier, Josh Smith"
2005,O,-0.68118023309622,674.0,95,"Chris Webber, Allen Iverson, Samuel Dalembert, Kyle Korver, Andre Iguodala"
2005,O,0.6410593879732197,479.0,84,"Eric Snow, Zydrunas Ilgauskas, Ira Newble, Drew Gooden, LeBron James"
2005,D,0.6186366702193545,294.0,62,"Jeff McInnis, Zydrunas Ilgauskas, Drew Gooden, LeBron James, Sasha Pavlovic"
2005,D,-0.6051476615326599,263.0,51,"Shawn Marion, Quentin Richardson, Joe Johnson, Amar'e Stoudemire, Leandro Barbosa"
2005,D,0.5938425952662362,214.0,37,"P.J. Brown, Lee Nailon, Jamaal Magloire, Dan Dickau, JR Smith"
2005,D,0.5899659801705868,299.0,57,"Latrell Sprewell, Sam Cassell, Kevin Garnett, Wally Szczerbiak, Mark Madsen"
2005,D,0.5559965415051187,213.0,46,"Nick Van Exel, Damon Stoudamire, Ruben Patterson, Joel Przybilla, Zach Randolph"
2005,O,-0.4927488455214075,223.0,40,"P.J. Brown, Rodney Rogers, Lee Nailon, Dan Dickau, JR Smith"
2005,O,-0.48169452095086124,299.0,65,"Matt Harpring, Raja Bell, Mehmet Okur, Carlos Arroyo, Carlos Boozer"
2005,D,0.4088962505903312,245.0,34,"Othella Harrington, Eddy Curry, Kirk Hinrich, Luol Deng, Chris Duhon"
2005,D,0.3660380261471996,1378.0,195,"Ray Allen, Rashard Lewis, Jerome James, Reggie Evans, Luke Ridnour"
2005,O,0.3651239945032322,347.0,84,"Allen Iverson, Marc Jackson, Kenny Thomas, Kyle Korver, Andre Iguodala"
2005,O,-0.35249058877258277,254.0,54,"Alan Henderson, Michael Finley, Dirk Nowitzki, Jason Terry, Josh Howard"
2005,D,-0.332962394446073,471.0,83,"Eric Snow, Zydrunas Ilgauskas, Ira Newble, Drew Gooden, LeBron James"
2005,O,0.32013125339747467,419.0,82,"Marcus Camby, Andre Miller, Kenyon Martin, DerMarr Johnson, Carmelo Anthony"
2005,D,-0.27454685318078387,296.0,64,"Matt Harpring, Raja Bell, Mehmet Okur, Carlos Arroyo, Carlos Boozer"
2005,D,-0.26882146942982726,375.0,69,"Tyronn Lue, Al Harrington, Obinna Ekezie, Josh Childress, Josh Smith"
2005,O,-0.2561932564704508,976.0,144,"Kurt Thomas, Stephon Marbury, Tim Thomas, Nazr Mohammed, Jamal Crawford"
2005,O,0.2425742300872959,668.0,101,"Antonio Davis, Eddy Curry, Kirk Hinrich, Luol Deng, Chris Duhon"
2005,D,0.12000262142824838,554.0,95,"Clifford Robinson, Speedy Claxton, Jason Richardson, Troy Murphy, Mike Dunleavy"
2005,D,-0.10713482927968465,782.0,133,"David Wesley, Juwan Howard, Bob Sura, Tracy McGrady, Yao Ming"
2005,D,0.05479383373004427,206.0,50,"Kobe Bryant, Chucky Atkins, Lamar Odom, Caron Butler, Brian Cook"
2006,O,27.479533340247247,237.0,49,"Antonio Davis, Morris Peterson, Mike James, Chris Bosh, Charlie Villanueva"
2006,O,22.439672276172367,239.0,48,"Steve Nash, Tim Thomas, Shawn Marion, Raja Bell, Boris Diaw"
2006,D,-19.082840626469974,301.0,62,"Chris Webber, Allen Iverson, Kevin Ollie, Samuel Dalembert, Andre Iguodala"
2006,O,16.95438057283063,233.0,67,"Morris Peterson, Mike James, Chris Bosh, Charlie Villanueva, Jose Calderon"
2006,O,-16.64482388821579,313.0,50,"Peja Stojakovic, Mike Bibby, Brad Miller, Kenny Thomas, Kevin Martin"
2006,O,-15.695602372781268,216.0,47,"Marcus Camby, Greg Buckner, Andre Miller, Kenyon Martin, Carmelo Anthony"
2006,D,-14.964899475075011,389.0,124,"Antonio McDyess, Ben Wallace, Chauncey Billups, Richard Hamilton, Tayshaun Prince"
2006,D,-14.96297902379226,271.0,53,"Mark Blount, Paul Pierce, Ricky Davis, Kendrick Perkins, Delonte West"
2006,O,14.918822679761151,482.0,87,"Adrian Griffin, Dirk Nowitzki, Jason Terry, DeSagana Diop, Josh Howard"
2006,O,14.720201767972304,402.0,128,"Antonio Daniels, Antawn Jamison, Michael Ruffin, Gilbert Arenas, Caron Butler"
2006,O,14.708155305109885,849.0,174,"Tony Battie, Hedo Turkoglu, DeShawn Stevenson, Dwight Howard, Jameer Nelson"
2006,O,14.558897021593541,345.0,69,"Ray Allen, Rashard Lewis, Reggie Evans, Nick Collison, Luke Ridnour"
2006,D,14.438541970615743,208.0,66,"Antonio Daniels, Antawn Jamison, Gilbert Arenas, Caron Butler, Jared Jeffries"
2006,D,-14.19017130438945,215.0,64,"Steve Nash, Tim Thomas, Shawn Marion, Raja Bell, Leandro Barbosa"
2006,O,13.976918575164115,240.0,66,"Shareef Abdur-Rahim, Mike Bibby, Bonzi Wells, Brad Miller, Metta World Peace"
2006,D,13.868702769623606,234.0,73,"Eddie Jones, Chucky Atkins, Mike Miller, Pau Gasol, Shane Battier"
2006,D,13.518532480505554,208.0,52,"Steve Nash, Shawn Marion, Raja Bell, Eddie House, Boris Diaw"
2006,D,-13.348724694741284,202.0,46,"Ray Allen, Rashard Lewis, Nick Collison, Luke Ridnour, Robert Swift"
2006,O,12.978683374736756,241.0,76,"Tyson Chandler, Kirk Hinrich, Luol Deng, Chris Duhon, Andres Nocioni"
2006,O,12.802418570253435,263.0,83,"Morris Peterson, Mike James, Chris Bosh, Matt Bonner, Charlie Villanueva"
2006,D,-12.774284420597048,203.0,66,"Derek Fisher, Baron Davis, Jason Richardson, Troy Murphy, Mike Dunleavy"
2006,O,12.564166128991175,209.0,76,"Derek Fisher, Baron Davis, Jason Richardson, Troy Murphy, Mike Dunleavy"
2006,D,-12.242355849542543,233.0,48,"Steve Nash, Tim Thomas, Shawn Marion, Raja Bell, Boris Diaw"
2006,D,-11.975978960818813,261.0,79,"Morris Peterson, Mike James, Chris Bosh, Matt Bonner, Charlie Villanueva"
2006,O,11.69258405449426,249.0,73,"Jalen Rose, Morris Peterson, Mike James, Chris Bosh, Charlie Villanueva"
2006,D,-11.625050222029802,248.0,72,"Jalen Rose, Morris Peterson, Mike James, Chris Bosh, Charlie Villanueva"
2006,D,11.211664560187144,236.0,64,"Shareef Abdur-Rahim, Mike Bibby, Bonzi Wells, Brad Miller, Metta World Peace"
2006,D,-10.857020302189042,344.0,110,"Donyell Marshall, Larry Hughes, Damon Jones, Drew Gooden, LeBron James"
2006,D,-10.729496490955768,262.0,41,"Grant Hill, Tony Battie, Steve Francis, DeShawn Stevenson, Dwight Howard"
2006,D,-10.521452771584725,236.0,39,"Ray Allen, Rashard Lewis, Vladimir Radmanovic, Luke Ridnour, Robert Swift"
2006,O,10.36089058701284,411.0,77,"Joel Przybilla, Zach Randolph, Juan Dixon, Steve Blake, Viktor Khryapa"
2006,D,10.218870377467608,300.0,57,"Marcus Camby, Greg Buckner, Andre Miller, Francisco Elson, Carmelo Anthony"
2006,D,-10.086016756993933,425.0,80,"Ray Allen, Rashard Lewis, Chris Wilcox, Luke Ridnour, Johan Petro"
2006,O,-10.011884260617434,207.0,55,"Dikembe Mutombo, David Wesley, Juwan Howard, Rafer Alston, Luther Head"
2006,D,9.887680746966096,455.0,81,"Sam Cassell, Cuttino Mobley, Elton Brand, Corey Maggette, Chris Kaman"
2006,O,9.850434492680005,204.0,68,"Robert Horry, Michael Finley, Bruce Bowen, Tim Duncan, Tony Parker"
2006,D,-9.846432481882319,337.0,69,"Ray Allen, Rashard Lewis, Reggie Evans, Nick Collison, Luke Ridnour"
2006,D,-9.736563500306126,345.0,110,"Chris Webber, Allen Iverson, John Salmons, Kyle Korver, Andre Iguodala"
2006,D,-9.668546494505181,411.0,131,"Al Harrington, Joe Johnson, Zaza Pachulia, Josh Childress, Josh Smith"
2006,D,9.264737512562213,1171.0,179,"Kurt Thomas, Steve Nash, Shawn Marion, Raja Bell, Boris Diaw"
2006,O,9.225833402016821,289.0,77,"Joe Smith, Jamaal Magloire, Michael Redd, Bobby Simmons, T.J. Ford"
2006,D,9.216789512024658,420.0,83,"Raef LaFrentz, Paul Pierce, Ricky Davis, Kendrick Perkins, Delonte West"
2006,D,-9.212344349719169,241.0,77,"Tyson Chandler, Kirk Hinrich, Luol Deng, Chris Duhon, Andres Nocioni"
2006,O,9.11339522019796,259.0,79,"Al Harrington, Joe Johnson, Zaza Pachulia, Josh Childress, Marvin Williams"
2006,D,-9.098245882189486,571.0,127,"Chris Webber, Allen Iverson, Samuel Dalembert, John Salmons, Andre Iguodala"
2006,D,-8.880731116567405,232.0,43,"Kurt Thomas, Steve Nash, Shawn Marion, Raja Bell, Leandro Barbosa"
2006,D,8.856923520750017,363.0,70,"Eddie Jones, Lorenzen Wright, Bobby Jackson, Pau Gasol, Shane Battier"
2006,O,-8.649929301658743,339.0,57,"Andrei Kirilenko, Gordan Giricek, Mehmet Okur, Jarron Collins, Keith McLeod"
2006,O,-8.600709119038173,408.0,132,"P.J. Brown, Desmond Mason, Speedy Claxton, David West, Chris Paul"
2006,D,8.581822352392352,285.0,65,"Eric Snow, Zydrunas Ilgauskas, Damon Jones, Drew Gooden, LeBron James"
2006,D,-8.573145346138904,355.0,115,"Eddie Jones, Bobby Jackson, Mike Miller, Pau Gasol, Shane Battier"
2006,O,-8.376055717916882,304.0,61,"Chris Webber, Allen Iverson, Kevin Ollie, Samuel Dalembert, Andre Iguodala"
2006,D,8.29463598029983,395.0,65,"Eddie Jones, Chucky Atkins, Jake Tsakalidis, Pau Gasol, Shane Battier"
2006,D,-8.194130038889673,283.0,74,"Joe Smith, Jamaal Magloire, Michael Redd, Bobby Simmons, T.J. Ford"
2006,D,8.181930029276725,266.0,44,"Marcus Camby, Ruben Patterson, Andre Miller, Francisco Elson, Carmelo Anthony"
2006,O,8.084252625070507,417.0,89,"Alonzo Mourning, Jason Williams, James Posey, Dwyane Wade, Udonis Haslem"
2006,O,7.908592554228052,211.0,55,"Gary Payton, Alonzo Mourning, James Posey, Dwyane Wade, Udonis Haslem"
2006,O,7.906730766035034,345.0,66,"Othella Harrington, Tyson Chandler, Kirk Hinrich, Ben Gordon, Luol Deng"
2006,D,-7.69700261792718,233.0,82,"Michael Finley, Bruce Bowen, Tim Duncan, Nazr Mohammed, Tony Parker"
2006,D,7.696662777392899,212.0,60,"Chris Webber, Allen Iverson, Steven Hunter, John Salmons, Andre Iguodala"
2006,O,7.625609790745977,733.0,135,"Raef LaFrentz, Paul Pierce, Wally Szczerbiak, Delonte West, Ryan Gomes"
2006,O,7.619981477958586,892.0,146,"Shaquille O'Neal, Jason Williams, James Posey, Dwyane Wade, Udonis Haslem"
2006,D,7.591250009496461,555.0,109,"Kevin Garnett, Wally Szczerbiak, Marko Jaric, Eddie Griffin, Trenton Hassell"
2006,O,7.549993975435742,203.0,61,"Derek Fisher, Adonal Foyle, Baron Davis, Jason Richardson, Troy Murphy"
2006,O,7.549237370155741,212.0,69,"Antonio Daniels, Antawn Jamison, Gilbert Arenas, Caron Butler, Jared Jeffries"
2006,D,-7.532987048906096,406.0,125,"Antonio Daniels, Antawn Jamison, Michael Ruffin, Gilbert Arenas, Caron Butler"
2006,O,7.525319794291264,236.0,44,"Sam Cassell, Cuttino Mobley, Elton Brand, Chris Kaman, James Singleton"
2006,O,7.401614379096987,409.0,125,"Al Harrington, Joe Johnson, Zaza Pachulia, Josh Childress, Josh Smith"
2006,O,7.383967709119942,258.0,70,"Tyronn Lue, Al Harrington, Joe Johnson, Zaza Pachulia, Josh Childress"
2006,O,7.361148275343544,806.0,167,"Steve Nash, Shawn Marion, Raja Bell, Boris Diaw, James Jones"
2006,O,7.236738049322904,407.0,89,"Gary Payton, Shaquille O'Neal, James Posey, Dwyane Wade, Udonis Haslem"
2006,D,-7.2025191188323445,311.0,54,"Darius Miles, Joel Przybilla, Zach Randolph, Sebastian Telfair, Sergei Monia"
2006,O,7.191449613569638,2980.0,534,"Rasheed Wallace, Ben Wallace, Chauncey Billups, Richard Hamilton, Tayshaun Prince"
2006,O,-7.14382846944926,597.0,107,"Juwan Howard, Rafer Alston, Yao Ming, Keith Bogans, Luther Head"
2006,D,-7.137126859533624,615.0,108,"Matt Harpring, Andrei Kirilenko, Mehmet Okur, Carlos Boozer, Deron Williams"
2006,O,-7.077711926027596,314.0,65,"Jermaine O'Neal, Austin Croshere, Stephen Jackson, Metta World Peace, Jamaal Tinsley"
2006,D,7.00906878486704,225.0,42,"Greg Ostertag, Andrei Kirilenko, Gordan Giricek, Mehmet Okur, Keith McLeod"
2006,O,6.960343579904553,268.0,79,"Tyson Chandler, Darius Songaila, Kirk Hinrich, Ben Gordon, Luol Deng"
2006,O,6.877336133791046,577.0,102,"Bruce Bowen, Tim Duncan, Nazr Mohammed, Manu Ginobili, Tony Parker"
2006,O,-6.752481768376409,398.0,96,"Sam Cassell, Cuttino Mobley, Elton Brand, Chris Kaman, Shaun Livingston"
2006,D,6.598705581856431,883.0,226,"Clifford Robinson, Jason Kidd, Vince Carter, Richard Jefferson, Nenad Krstic"
2006,O,6.477941484748034,238.0,44,"Chris Webber, Allen Iverson, Kevin Ollie, Steven Hunter, Andre Iguodala"
2006,D,-6.462764237094117,254.0,72,"Tyronn Lue, Al Harrington, Joe Johnson, Zaza Pachulia, Josh Childress"
2006,O,6.303632729984748,226.0,50,"Antawn Jamison, Etan Thomas, Gilbert Arenas, Caron Butler, Jared Jeffries"
2006,D,-6.104673002572624,298.0,72,"Jamaal Magloire, Michael Redd, T.J. Ford, Mo Williams, Andrew Bogut"
2006,D,-6.048699423295298,888.0,149,"Shaquille O'Neal, Jason Williams, James Posey, Dwyane Wade, Udonis Haslem"
2006,D,6.021848517986586,588.0,99,"Eric Snow, Zydrunas Ilgauskas, Drew Gooden, Flip Murray, LeBron James"
2006,D,5.984306706147223,297.0,72,"Eddie Jones, Damon Stoudamire, Mike Miller, Pau Gasol, Shane Battier"
2006,O,5.946446836477824,980.0,169,"Shareef Abdur-Rahim, Peja Stojakovic, Mike Bibby, Bonzi Wells, Brad Miller"
2006,O,-5.8422403423651295,211.0,63,"Steve Nash, Tim Thomas, Shawn Marion, Raja Bell, Leandro Barbosa"
2006,D,-5.822254974119819,248.0,68,"Al Harrington, Joe Johnson, Zaza Pachulia, Josh Smith, Salim Stoudamire"
2006,D,-5.773986416673486,351.0,122,"Clifford Robinson, Jason Kidd, Vince Carter, Richard Jefferson, Jason Collins"
2006,O,-5.7734491380327,231.0,79,"Michael Finley, Bruce Bowen, Tim Duncan, Nazr Mohammed, Tony Parker"
2006,D,5.702965027190773,329.0,82,"Kobe Bryant, Lamar Odom, Devean George, Chris Mihm, Smush Parker"
2006,O,5.687267414407004,345.0,65,"Ray Allen, Rashard Lewis, Nick Collison, Luke Ridnour, Johan Petro"
2006,O,-5.579944896911202,231.0,40,"Marcus Camby, Ruben Patterson, Andre Miller, Kenyon Martin, Carmelo Anthony"
2006,O,5.559254357129543,304.0,62,"Dikembe Mutombo, David Wesley, Juwan Howard, Tracy McGrady, Rafer Alston"
2006,D,5.5117539422778234,330.0,54,"Andrei Kirilenko, Gordan Giricek, Mehmet Okur, Jarron Collins, Keith McLeod"
2006,D,5.433611360252498,229.0,51,"Antawn Jamison, Etan Thomas, Gilbert Arenas, Caron Butler, Jared Jeffries"
2006,D,-5.383386600548397,612.0,136,"Chris Webber, Allen Iverson, Steven Hunter, Kyle Korver, Andre Iguodala"
2006,O,5.346712995019478,271.0,105,"Tyson Chandler, Kirk Hinrich, Ben Gordon, Luol Deng, Andres Nocioni"
2006,D,5.346473124693424,450.0,105,"Kobe Bryant, Lamar Odom, Kwame Brown, Smush Parker, Luke Walton"
2006,D,-5.293248273309951,244.0,56,"Jerry Stackhouse, Dirk Nowitzki, Jason Terry, DeSagana Diop, Josh Howard"
2006,D,-5.27319087441779,654.0,115,"Eric Snow, Zydrunas Ilgauskas, Larry Hughes, Drew Gooden, LeBron James"
2006,O,-5.262841684879582,241.0,33,"Morris Peterson, Mike James, Chris Bosh, Pape Sow, Charlie Villanueva"
2006,D,5.23089115761296,474.0,85,"Adrian Griffin, Dirk Nowitzki, Jason Terry, DeSagana Diop, Josh Howard"
2006,O,5.2210637366795485,1176.0,214,"Sam Cassell, Cuttino Mobley, Elton Brand, Chris Kaman, Quinton Ross"
2006,D,5.163583265958059,273.0,77,"Tyson Chandler, Darius Songaila, Kirk Hinrich, Ben Gordon, Luol Deng"
2006,D,-5.162310505629433,388.0,94,"Sam Cassell, Cuttino Mobley, Elton Brand, Chris Kaman, Shaun Livingston"
2006,D,-5.150920562378175,238.0,46,"Chris Webber, Allen Iverson, Kevin Ollie, Steven Hunter, Andre Iguodala"
2006,O,5.142844246608577,630.0,112,"Matt Harpring, Andrei Kirilenko, Mehmet Okur, Carlos Boozer, Deron Williams"
2006,D,5.135752664656271,215.0,44,"Andrei Kirilenko, Milt Palacio, Mehmet Okur, Jarron Collins, Deron Williams"
2006,D,5.123179986917854,396.0,89,"Gary Payton, Shaquille O'Neal, James Posey, Dwyane Wade, Udonis Haslem"
2006,O,5.121946869711339,292.0,66,"Jamaal Magloire, Michael Redd, T.J. Ford, Mo Williams, Andrew Bogut"
2006,D,-5.0822598176842915,244.0,79,"Al Harrington, Joe Johnson, Zaza Pachulia, Josh Childress, Marvin Williams"
2006,D,-4.986867534610957,267.0,60,"Erick Dampier, Adrian Griffin, Dirk Nowitzki, Jason Terry, Josh Howard"
2006,O,4.959844609608599,745.0,133,"Kobe Bryant, Lamar Odom, Chris Mihm, Smush Parker, Brian Cook"
2006,O,4.916310932144254,359.0,115,"Eddie Jones, Bobby Jackson, Mike Miller, Pau Gasol, Shane Battier"
2006,D,4.896474478699636,419.0,86,"Alonzo Mourning, Jason Williams, James Posey, Dwyane Wade, Udonis Haslem"
2006,D,-4.805929959661351,285.0,53,"Brevin Knight, Jumaine Jones, Primoz Brezec, Melvin Ely, Raymond Felton"
2006,O,4.755441482942589,698.0,119,"Kobe Bryant, Lamar Odom, Kwame Brown, Smush Parker, Brian Cook"
2006,O,4.7338709270327755,634.0,115,"Bruce Bowen, Tim Duncan, Rasho Nesterovic, Manu Ginobili, Tony Parker"
2006,D,-4.72015506101545,530.0,90,"Brevin Knight, Jumaine Jones, Primoz Brezec, Gerald Wallace, Raymond Felton"
2006,O,4.707473111819802,269.0,42,"Marcus Camby, Ruben Patterson, Andre Miller, Francisco Elson, Carmelo Anthony"
2006,D,4.704947568940619,251.0,46,"Malik Allen, Tyson Chandler, Kirk Hinrich, Ben Gordon, Luol Deng"
2006,O,4.68232414519606,222.0,45,"Andrei Kirilenko, Milt Palacio, Mehmet Okur, Jarron Collins, Deron Williams"
2006,D,4.618641183174811,696.0,119,"Kobe Bryant, Lamar Odom, Kwame Brown, Smush Parker, Brian Cook"
2006,D,4.560799078236542,240.0,33,"Morris Peterson, Mike James, Chris Bosh, Pape Sow, Charlie Villanueva"
2006,D,4.487751680956935,676.0,115,"Derek Fisher, Adonal Foyle, Jason Richardson, Troy Murphy, Mike Dunleavy"
2006,O,-4.487539130872177,664.0,99,"P.J. Brown, Desmond Mason, David West, Kirk Snyder, Chris Paul"
2006,O,4.446688969933904,353.0,83,"Jalen Rose, Morris Peterson, Mike James, Chris Bosh, Matt Bonner"
2006,D,4.434324392094975,291.0,63,"Jamaal Magloire, Michael Redd, Bobby Simmons, Mo Williams, Andrew Bogut"
2006,O,-4.411128689246928,278.0,67,"Eric Snow, Zydrunas Ilgauskas, Damon Jones, Drew Gooden, LeBron James"
2006,D,-4.391458739906388,404.0,73,"Joel Przybilla, Zach Randolph, Juan Dixon, Steve Blake, Viktor Khryapa"
2006,O,4.372003797115694,428.0,81,"Raef LaFrentz, Paul Pierce, Ricky Davis, Kendrick Perkins, Delonte West"
2006,O,4.364546304449692,361.0,115,"Antonio Daniels, Antawn Jamison, Etan Thomas, Gilbert Arenas, Caron Butler"
2006,D,-4.343663367789007,356.0,116,"Antonio Daniels, Antawn Jamison, Etan Thomas, Gilbert Arenas, Caron Butler"
2006,D,-4.319942854626648,207.0,42,"Tyson Chandler, Kirk Hinrich, Michael Sweetney, Chris Duhon, Andres Nocioni"
2006,O,4.259171458828123,264.0,59,"Mark Blount, Paul Pierce, Ricky Davis, Al Jefferson, Delonte West"
2006,O,-4.253903646669313,241.0,56,"Jerry Stackhouse, Dirk Nowitzki, Jason Terry, DeSagana Diop, Josh Howard"
2006,O,4.253532708103034,534.0,91,"Brevin Knight, Jumaine Jones, Primoz Brezec, Gerald Wallace, Raymond Felton"
2006,D,-4.158213438511287,220.0,33,"Baron Davis, Jason Richardson, Troy Murphy, Mike Dunleavy, Ike Diogu"
2006,D,-4.087905624609616,845.0,168,"Tony Battie, Hedo Turkoglu, DeShawn Stevenson, Dwight Howard, Jameer Nelson"
2006,O,4.083648319276035,438.0,75,"Peja Stojakovic, Scot Pollard, Anthony Johnson, Stephen Jackson, Jeff Foster"
2006,O,-4.067343117624212,218.0,57,"Shareef Abdur-Rahim, Mike Bibby, Bonzi Wells, Metta World Peace, Kenny Thomas"
2006,O,-4.059050143529564,591.0,124,"Michael Finley, Bruce Bowen, Tim Duncan, Rasho Nesterovic, Tony Parker"
2006,D,-4.045966054730163,351.0,87,"Kobe Bryant, Lamar Odom, Devean George, Kwame Brown, Smush Parker"
2006,O,3.9694529842698656,888.0,230,"Clifford Robinson, Jason Kidd, Vince Carter, Richard Jefferson, Nenad Krstic"
2006,O,-3.9550022132766585,595.0,102,"Eric Snow, Zydrunas Ilgauskas, Drew Gooden, Flip Murray, LeBron James"
2006,O,-3.911030808171986,226.0,43,"Greg Ostertag, Andrei Kirilenko, Gordan Giricek, Mehmet Okur, Keith McLeod"
2006,O,-3.902885327835382,349.0,76,"Kirk Hinrich, Michael Sweetney, Luol Deng, Chris Duhon, Andres Nocioni"
2006,D,-3.856852780644029,436.0,91,"Antonio Daniels, Antawn Jamison, Brendan Haywood, Gilbert Arenas, Jared Jeffries"
2006,D,-3.8545783854159317,264.0,60,"Mark Blount, Paul Pierce, Ricky Davis, Al Jefferson, Delonte West"
2006,D,3.8302271155797114,421.0,70,"Eddie Jones, Lorenzen Wright, Chucky Atkins, Pau Gasol, Shane Battier"
2006,O,3.828780693036262,275.0,62,"Erick Dampier, Adrian Griffin, Dirk Nowitzki, Jason Terry, Josh Howard"
2006,O,-3.8196016784754443,234.0,44,"Kurt Thomas, Steve Nash, Shawn Marion, Raja Bell, Leandro Barbosa"
2006,O,-3.8063510939341465,990.0,162,"Tony Battie, Steve Francis, Hedo Turkoglu, DeShawn Stevenson, Dwight Howard"
2006,O,3.757072977159084,317.0,57,"Brevin Knight, Primoz Brezec, Gerald Wallace, Kareem Rush, Emeka Okafor"
2006,D,-3.7219538964453163,233.0,65,"Morris Peterson, Mike James, Chris Bosh, Charlie Villanueva, Jose Calderon"
2006,O,3.6896261524388727,347.0,109,"Donyell Marshall, Larry Hughes, Damon Jones, Drew Gooden, LeBron James"
2006,O,3.687535784176516,268.0,52,"Mark Blount, Paul Pierce, Ricky Davis, Kendrick Perkins, Delonte West"
2006,D,3.678947494170431,352.0,69,"Kevin Garnett, Mark Blount, Ricky Davis, Marcus Banks, Rashad McCants"
2006,O,-3.662112661768108,548.0,89,"Eddie Jones, Damon Stoudamire, Lorenzen Wright, Pau Gasol, Shane Battier"
2006,O,3.6029795547389187,268.0,52,"Greg Buckner, Andre Miller, Francisco Elson, Kenyon Martin, Carmelo Anthony"
2006,D,3.59237649648087,918.0,161,"Mike Bibby, Brad Miller, Metta World Peace, Kenny Thomas, Kevin Martin"
2006,D,3.590316339895691,210.0,64,"Derek Fisher, Adonal Foyle, Baron Davis, Jason Richardson, Troy Murphy"
2006,D,3.5850035580423465,428.0,77,"Peja Stojakovic, Scot Pollard, Anthony Johnson, Stephen Jackson, Jeff Foster"
2006,D,3.578508011982168,262.0,100,"Tyson Chandler, Kirk Hinrich, Ben Gordon, Luol Deng, Andres Nocioni"
2006,O,-3.4851222451065293,428.0,67,"Eric Snow, Zydrunas Ilgauskas, Drew Gooden, LeBron James, Sasha Pavlovic"
2006,D,3.4704821238385666,533.0,86,"P.J. Brown, Desmond Mason, David West, JR Smith, Chris Paul"
2006,O,3.320717477022458,215.0,34,"Raef LaFrentz, Paul Pierce, Wally Szczerbiak, Kendrick Perkins, Delonte West"
2006,O,3.2740357178230832,455.0,79,"Sam Cassell, Cuttino Mobley, Elton Brand, Corey Maggette, Chris Kaman"
2006,O,-3.222454063471981,219.0,44,"Sam Cassell, Cuttino Mobley, Elton Brand, Vladimir Radmanovic, Chris Kaman"
2006,D,3.189889717100327,268.0,54,"Greg Buckner, Andre Miller, Francisco Elson, Kenyon Martin, Carmelo Anthony"
2006,D,-3.1719657773132237,347.0,71,"Kirk Hinrich, Michael Sweetney, Luol Deng, Chris Duhon, Andres Nocioni"
2006,D,-2.987812492365531,1177.0,185,"Antawn Jamison, Brendan Haywood, Gilbert Arenas, Caron Butler, Jared Jeffries"
2006,D,-2.8964346648894277,341.0,59,"Ray Allen, Rashard Lewis, Nick Collison, Luke Ridnour, Johan Petro"
2006,D,2.8630758355892634,2026.0,353,"Jason Kidd, Vince Carter, Richard Jefferson, Jason Collins, Nenad Krstic"
2006,O,2.8536231975356947,304.0,55,"Marcus Camby, Greg Buckner, Andre Miller, Francisco Elson, Carmelo Anthony"
2006,O,2.8272861313610758,575.0,126,"Chris Webber, Allen Iverson, Samuel Dalembert, John Salmons, Andre Iguodala"
2006,O,2.8006694143012165,600.0,124,"Mark Blount, Raef LaFrentz, Paul Pierce, Ricky Davis, Delonte West"
2006,D,-2.7302512613262855,568.0,102,"Bruce Bowen, Tim Duncan, Nazr Mohammed, Manu Ginobili, Tony Parker"
2006,O,2.7152432351119926,605.0,133,"Chris Webber, Allen Iverson, Steven Hunter, Kyle Korver, Andre Iguodala"
2006,D,2.698772845577395,1045.0,226,"Chris Webber, Allen Iverson, Samuel Dalembert, Kyle Korver, Andre Iguodala"
2006,D,-2.6429357968434704,346.0,94,"Tyronn Lue, Al Harrington, Joe Johnson, Zaza Pachulia, Josh Smith"
2006,O,2.6234207993389718,619.0,176,"Antonio Daniels, Antawn Jamison, Brendan Haywood, Gilbert Arenas, Caron Butler"
2006,D,-2.603134495043814,422.0,133,"P.J. Brown, Desmond Mason, Speedy Claxton, David West, Chris Paul"
2006,D,-2.5956015853778855,213.0,41,"Sam Cassell, Cuttino Mobley, Elton Brand, Vladimir Radmanovic, Chris Kaman"
2006,D,2.5843128248287983,306.0,55,"Brevin Knight, Primoz Brezec, Gerald Wallace, Kareem Rush, Emeka Okafor"
2006,O,-2.570110505287433,1186.0,182,"Kurt Thomas, Steve Nash, Shawn Marion, Raja Bell, Boris Diaw"
2006,O,2.5596718423568077,748.0,120,"Kevin Garnett, Michael Olowokandi, Wally Szczerbiak, Marko Jaric, Trenton Hassell"
2006,D,2.542042859458786,1738.0,321,"Jamaal Magloire, Michael Redd, Bobby Simmons, T.J. Ford, Andrew Bogut"
2006,O,2.5285929724832634,417.0,73,"Eddie Jones, Lorenzen Wright, Chucky Atkins, Pau Gasol, Shane Battier"
2006,O,2.5271497206261024,337.0,87,"Kobe Bryant, Lamar Odom, Devean George, Kwame Brown, Smush Parker"
2006,D,2.4822593204643115,1164.0,216,"Sam Cassell, Cuttino Mobley, Elton Brand, Chris Kaman, Quinton Ross"
2006,D,2.464071714429718,433.0,83,"Mike Bibby, Brad Miller, Kenny Thomas, Kevin Martin, Francisco Garcia"
2006,D,2.4151287660572414,547.0,87,"Eddie Jones, Damon Stoudamire, Lorenzen Wright, Pau Gasol, Shane Battier"
2006,O,2.364460785903707,1054.0,223,"Chris Webber, Allen Iverson, Samuel Dalembert, Kyle Korver, Andre Iguodala"
2006,D,2.339545522454617,220.0,60,"Shawn Marion, Eddie House, Boris Diaw, Leandro Barbosa, James Jones"
2006,O,-2.2808150035665595,208.0,52,"Steve Nash, Shawn Marion, Raja Bell, Eddie House, Boris Diaw"
2006,O,2.2169469508994375,362.0,123,"Chris Webber, Allen Iverson, John Salmons, Kyle Korver, Andre Iguodala"
2006,D,-2.2167262210613985,532.0,82,"David Wesley, Juwan Howard, Tracy McGrady, Rafer Alston, Yao Ming"
2006,D,-2.128775267529333,329.0,68,"Theo Ratliff, Zach Randolph, Juan Dixon, Steve Blake, Viktor Khryapa"
2006,D,2.0807345258458043,211.0,44,"Sam Cassell, Cuttino Mobley, Elton Brand, Chris Kaman, Daniel Ewing"
2006,D,-2.0504258883033946,445.0,110,"Kurt Thomas, Steve Nash, Shawn Marion, Raja Bell, James Jones"
2006,O,-2.0400245381646513,319.0,48,"Antawn Jamison, Brendan Haywood, Gilbert Arenas, Jared Jeffries, Jarvis Hayes"
2006,O,2.032829339714865,360.0,69,"Kevin Garnett, Mark Blount, Ricky Davis, Marcus Banks, Rashad McCants"
2006,O,-2.016359420474552,255.0,69,"Al Harrington, Joe Johnson, Zaza Pachulia, Josh Smith, Salim Stoudamire"
2006,O,-2.008035274006081,535.0,83,"David Wesley, Juwan Howard, Tracy McGrady, Rafer Alston, Yao Ming"
2006,D,1.9020725783688115,215.0,54,"Gary Payton, Alonzo Mourning, James Posey, Dwyane Wade, Udonis Haslem"
2006,O,-1.8912641617322783,1178.0,189,"Antawn Jamison, Brendan Haywood, Gilbert Arenas, Caron Butler, Jared Jeffries"
2006,O,-1.8889884169148352,215.0,42,"Tyson Chandler, Kirk Hinrich, Michael Sweetney, Chris Duhon, Andres Nocioni"
2006,D,-1.865189634704489,720.0,135,"Raef LaFrentz, Paul Pierce, Wally Szczerbiak, Delonte West, Ryan Gomes"
2006,O,1.85875338633933,217.0,45,"Sam Cassell, Cuttino Mobley, Elton Brand, Chris Kaman, Daniel Ewing"
2006,O,-1.8030829663327745,401.0,129,"Antonio McDyess, Ben Wallace, Chauncey Billups, Richard Hamilton, Tayshaun Prince"
2006,D,-1.8015710809795167,549.0,152,"Steve Nash, Shawn Marion, Raja Bell, Boris Diaw, Leandro Barbosa"
2006,O,-1.756453572561123,534.0,83,"P.J. Brown, Desmond Mason, David West, JR Smith, Chris Paul"
2006,D,1.7523052625393785,305.0,61,"Dikembe Mutombo, David Wesley, Juwan Howard, Tracy McGrady, Rafer Alston"
2006,D,1.7343983896934392,338.0,79,"Jalen Rose, Morris Peterson, Mike James, Chris Bosh, Matt Bonner"
2006,O,1.6589987279575342,397.0,67,"Eddie Jones, Chucky Atkins, Jake Tsakalidis, Pau Gasol, Shane Battier"
2006,O,-1.657763084162367,279.0,60,"Gary Payton, Shaquille O'Neal, Antoine Walker, Dwyane Wade, Udonis Haslem"
2006,O,1.6542187499582617,2046.0,358,"Jason Kidd, Vince Carter, Richard Jefferson, Jason Collins, Nenad Krstic"
2006,O,1.643924401098434,349.0,70,"Erick Dampier, Dirk Nowitzki, Jason Terry, Josh Howard, Marquis Daniels"
2006,D,1.6289829043755852,422.0,67,"Eric Snow, Zydrunas Ilgauskas, Drew Gooden, LeBron James, Sasha Pavlovic"
2006,O,-1.6177338702571025,230.0,41,"Andre Miller, Francisco Elson, Kenyon Martin, Earl Watson, Carmelo Anthony"
2006,O,1.5800043688899186,217.0,79,"Al Harrington, Joe Johnson, Josh Childress, Josh Smith, Marvin Williams"
2006,D,-1.5725636202544602,599.0,124,"Mark Blount, Raef LaFrentz, Paul Pierce, Ricky Davis, Delonte West"
2006,O,1.5488669259142978,449.0,102,"Kobe Bryant, Lamar Odom, Kwame Brown, Smush Parker, Luke Walton"
2006,D,1.5361231331364043,811.0,171,"Steve Nash, Shawn Marion, Raja Bell, Boris Diaw, James Jones"
2006,D,-1.533938677720823,610.0,176,"Antonio Daniels, Antawn Jamison, Brendan Haywood, Gilbert Arenas, Caron Butler"
2006,O,-1.5102783017754888,423.0,78,"Ray Allen, Rashard Lewis, Chris Wilcox, Luke Ridnour, Johan Petro"
2006,O,-1.4690957176865218,440.0,89,"Antonio Daniels, Antawn Jamison, Brendan Haywood, Gilbert Arenas, Jared Jeffries"
2006,D,-1.4581254987199286,319.0,47,"Antawn Jamison, Brendan Haywood, Gilbert Arenas, Jared Jeffries, Jarvis Hayes"
2006,D,-1.442484620208307,263.0,44,"Morris Peterson, Mike James, Chris Bosh, Rafael Araujo, Joey Graham"
2006,O,-1.4296575406441896,268.0,44,"Grant Hill, Tony Battie, Steve Francis, DeShawn Stevenson, Dwight Howard"
2006,D,-1.4010682877858145,525.0,99,"Kevin Garnett, Mark Blount, Ricky Davis, Trenton Hassell, Marcus Banks"
2006,D,-1.3678211857964595,735.0,129,"Kobe Bryant, Lamar Odom, Chris Mihm, Smush Parker, Brian Cook"
2006,O,-1.3482382999980855,929.0,161,"Mike Bibby, Brad Miller, Metta World Peace, Kenny Thomas, Kevin Martin"
2006,D,-1.292019023735511,278.0,62,"Gary Payton, Shaquille O'Neal, Antoine Walker, Dwyane Wade, Udonis Haslem"
2006,D,-1.2523522367835782,311.0,52,"Peja Stojakovic, Mike Bibby, Brad Miller, Kenny Thomas, Kevin Martin"
2006,D,1.2505616852203034,212.0,59,"Shareef Abdur-Rahim, Mike Bibby, Bonzi Wells, Metta World Peace, Kenny Thomas"
2006,O,1.2460251262072393,236.0,75,"Eddie Jones, Chucky Atkins, Mike Miller, Pau Gasol, Shane Battier"
2006,D,1.231437318503259,596.0,102,"Juwan Howard, Rafer Alston, Yao Ming, Keith Bogans, Luther Head"
2006,D,1.169930315117195,750.0,121,"Kevin Garnett, Michael Olowokandi, Wally Szczerbiak, Marko Jaric, Trenton Hassell"
2006,D,1.1499135768214688,235.0,50,"Antonio Davis, Morris Peterson, Mike James, Chris Bosh, Charlie Villanueva"
2006,D,1.1460837402217636,660.0,101,"P.J. Brown, Desmond Mason, David West, Kirk Snyder, Chris Paul"
2006,D,-1.1379732160334548,207.0,56,"Dikembe Mutombo, David Wesley, Juwan Howard, Rafer Alston, Luther Head"
2006,O,1.1317862264046383,269.0,45,"Morris Peterson, Mike James, Chris Bosh, Rafael Araujo, Joey Graham"
2006,O,-1.104137882138889,339.0,120,"Clifford Robinson, Jason Kidd, Vince Carter, Richard Jefferson, Jason Collins"
2006,D,1.103784588032623,210.0,33,"Raef LaFrentz, Paul Pierce, Wally Szczerbiak, Kendrick Perkins, Delonte West"
2006,O,1.0690223134461856,329.0,69,"Theo Ratliff, Zach Randolph, Juan Dixon, Steve Blake, Viktor Khryapa"
2006,D,1.0556943722077465,219.0,50,"Marcus Camby, Greg Buckner, Andre Miller, Kenyon Martin, Carmelo Anthony"
2006,O,1.0399772976687134,293.0,63,"Jamaal Magloire, Michael Redd, Bobby Simmons, Mo Williams, Andrew Bogut"
2006,D,1.035023665386503,339.0,65,"Othella Harrington, Tyson Chandler, Kirk Hinrich, Ben Gordon, Luol Deng"
2006,D,1.0033469862599678,2986.0,523,"Rasheed Wallace, Ben Wallace, Chauncey Billups, Richard Hamilton, Tayshaun Prince"
2006,O,0.9672323898056481,238.0,39,"Ray Allen, Rashard Lewis, Vladimir Radmanovic, Luke Ridnour, Robert Swift"
2006,O,0.939690964277412,326.0,81,"Kobe Bryant, Lamar Odom, Devean George, Chris Mihm, Smush Parker"
2006,D,0.8997083496391847,313.0,61,"Jermaine O'Neal, Austin Croshere, Stephen Jackson, Metta World Peace, Jamaal Tinsley"
2006,D,0.8775309973367037,627.0,110,"Bruce Bowen, Tim Duncan, Rasho Nesterovic, Manu Ginobili, Tony Parker"
2006,O,-0.8764284728776329,362.0,68,"Eddie Jones, Lorenzen Wright, Bobby Jackson, Pau Gasol, Shane Battier"
2006,O,0.8543741080930228,258.0,46,"Malik Allen, Tyson Chandler, Kirk Hinrich, Ben Gordon, Luol Deng"
2006,O,-0.8224539688991572,316.0,54,"Darius Miles, Joel Przybilla, Zach Randolph, Sebastian Telfair, Sergei Monia"
2006,O,0.8199235015337137,291.0,53,"Brevin Knight, Jumaine Jones, Primoz Brezec, Melvin Ely, Raymond Felton"
2006,D,0.7069694862190785,1024.0,158,"Al Harrington, Joe Johnson, Zaza Pachulia, Josh Smith, Royal Ivey"
2006,D,-0.6902651994218372,222.0,82,"Al Harrington, Joe Johnson, Josh Childress, Josh Smith, Marvin Williams"
2006,O,-0.673465655766644,615.0,104,"Kobe Bryant, Lamar Odom, Chris Mihm, Kwame Brown, Smush Parker"
2006,O,0.6382296059816908,604.0,97,"Mike Bibby, Bonzi Wells, Brad Miller, Metta World Peace, Kenny Thomas"
2006,D,0.6379536643313379,926.0,142,"Adonal Foyle, Baron Davis, Jason Richardson, Troy Murphy, Mike Dunleavy"
2006,O,-0.6357924654511403,666.0,115,"Eric Snow, Zydrunas Ilgauskas, Larry Hughes, Drew Gooden, LeBron James"
2006,O,0.5661211221476077,352.0,94,"Tyronn Lue, Al Harrington, Joe Johnson, Zaza Pachulia, Josh Smith"
2006,O,0.5480775599026612,434.0,83,"Mike Bibby, Brad Miller, Kenny Thomas, Kevin Martin, Francisco Garcia"
2006,D,-0.5095823364773541,986.0,160,"Tony Battie, Steve Francis, Hedo Turkoglu, DeShawn Stevenson, Dwight Howard"
2006,O,-0.4863534088187325,556.0,151,"Steve Nash, Shawn Marion, Raja Bell, Boris Diaw, Leandro Barbosa"
2006,D,0.45061751740405714,225.0,42,"Andre Miller, Francisco Elson, Kenyon Martin, Earl Watson, Carmelo Anthony"
2006,D,-0.42387874901975886,605.0,101,"Kobe Bryant, Lamar Odom, Chris Mihm, Kwame Brown, Smush Parker"
2006,O,-0.37725002895966814,306.0,72,"Eddie Jones, Damon Stoudamire, Mike Miller, Pau Gasol, Shane Battier"
2006,D,-0.3671408849784717,230.0,40,"Marcus Camby, Ruben Patterson, Andre Miller, Kenyon Martin, Carmelo Anthony"
2006,D,0.36675456678063917,612.0,100,"Mike Bibby, Bonzi Wells, Brad Miller, Metta World Peace, Kenny Thomas"
2006,O,-0.3521875321819017,1739.0,312,"Jamaal Magloire, Michael Redd, Bobby Simmons, T.J. Ford, Andrew Bogut"
2006,D,-0.3459575955842569,239.0,48,"Sam Cassell, Cuttino Mobley, Elton Brand, Chris Kaman, James Singleton"
2006,O,-0.31346379115836376,557.0,113,"Kevin Garnett, Wally Szczerbiak, Marko Jaric, Eddie Griffin, Trenton Hassell"
2006,O,0.2706307778047905,222.0,34,"Baron Davis, Jason Richardson, Troy Murphy, Mike Dunleavy, Ike Diogu"
2006,O,-0.2704046289194269,926.0,141,"Adonal Foyle, Baron Davis, Jason Richardson, Troy Murphy, Mike Dunleavy"
2006,D,0.25525166516615894,341.0,73,"Erick Dampier, Dirk Nowitzki, Jason Terry, Josh Howard, Marquis Daniels"
2006,O,-0.199978613381799,223.0,61,"Shawn Marion, Eddie House, Boris Diaw, Leandro Barbosa, James Jones"
2006,O,0.18525277479190946,679.0,113,"Derek Fisher, Adonal Foyle, Jason Richardson, Troy Murphy, Mike Dunleavy"
2006,D,0.17807589481681085,979.0,164,"Shareef Abdur-Rahim, Peja Stojakovic, Mike Bibby, Bonzi Wells, Brad Miller"
2006,O,0.16593532386704207,539.0,103,"Kevin Garnett, Mark Blount, Ricky Davis, Trenton Hassell, Marcus Banks"
2006,O,-0.07203150623994667,434.0,111,"Kurt Thomas, Steve Nash, Shawn Marion, Raja Bell, James Jones"
2006,D,0.0665741972690397,585.0,125,"Michael Finley, Bruce Bowen, Tim Duncan, Rasho Nesterovic, Tony Parker"
2006,O,0.013510102068274854,1031.0,160,"Al Harrington, Joe Johnson, Zaza Pachulia, Josh Smith, Royal Ivey"
2007,O,21.11258451369863,209.0,60,"Steve Nash, Shawn Marion, Amar'e Stoudemire, Leandro Barbosa, James Jones"
2007,D,-21.080141851284072,206.0,37,"Cuttino Mobley, Elton Brand, Chris Kaman, Quinton Ross, Shaun Livingston"
2007,D,19.745222622764533,281.0,79,"Gerald Wallace, Matt Carroll, Emeka Okafor, Raymond Felton, Adam Morrison"
2007,D,-19.481655943497984,279.0,92,"Bobby Jackson, Desmond Mason, Tyson Chandler, David West, Chris Paul"
2007,O,-19.198032581661398,231.0,70,"Sam Cassell, Tim Thomas, Cuttino Mobley, Elton Brand, Corey Maggette"
2007,D,17.87910471530726,265.0,85,"Kurt Thomas, Raja Bell, Boris Diaw, Leandro Barbosa, James Jones"
2007,O,17.873156817637035,219.0,78,"Joe Johnson, Zaza Pachulia, Josh Childress, Josh Smith, Marvin Williams"
2007,D,-17.01811192722404,253.0,69,"Tracy McGrady, Rafer Alston, Shane Battier, Yao Ming, Luther Head"
2007,D,-16.794763583604098,255.0,51,"Kurt Thomas, Steve Nash, Shawn Marion, Raja Bell, Amar'e Stoudemire"
2007,O,16.43354087853702,424.0,139,"Joe Smith, Andre Miller, Samuel Dalembert, Kyle Korver, Andre Iguodala"
2007,D,16.420484682924773,509.0,100,"Ray Allen, Rashard Lewis, Chris Wilcox, Nick Collison, Luke Ridnour"
2007,O,16.291763352858307,314.0,80,"Bruce Bowen, Tim Duncan, Francisco Elson, Manu Ginobili, Tony Parker"
2007,O,-16.249959029062644,203.0,37,"Cuttino Mobley, Elton Brand, Chris Kaman, Quinton Ross, Shaun Livingston"
2007,D,15.141688204789956,254.0,54,"Pau Gasol, Junior Harrington, Hakim Warrick, Rudy Gay, Tarence Kinsey"
2007,O,14.395075830903604,200.0,49,"Chucky Atkins, Pau Gasol, Dahntay Jones, Hakim Warrick, Tarence Kinsey"
2007,O,13.976729556081663,255.0,37,"Marc Jackson, Rasual Butler, Devin Brown, David West, Chris Paul"
2007,O,13.7103286004987,288.0,79,"Chris Webber, Antonio McDyess, Chauncey Billups, Richard Hamilton, Tayshaun Prince"
2007,O,13.223786435244643,346.0,57,"Ray Allen, Earl Watson, Chris Wilcox, Nick Collison, Mickael Gelabale"
2007,D,-13.170644450033327,252.0,37,"Marc Jackson, Rasual Butler, Devin Brown, David West, Chris Paul"
2007,O,12.850130388307662,254.0,60,"Erick Dampier, Dirk Nowitzki, Greg Buckner, Jason Terry, Josh Howard"
2007,D,12.831359196538198,220.0,38,"Tony Battie, Hedo Turkoglu, Keith Bogans, Dwight Howard, Jameer Nelson"
2007,O,-12.737182892091722,308.0,74,"Stephon Marbury, Jamal Crawford, Quentin Richardson, Eddy Curry, Channing Frye"
2007,D,12.528719049290295,247.0,63,"Erick Dampier, Dirk Nowitzki, Greg Buckner, Jason Terry, Josh Howard"
2007,O,12.429747693887101,529.0,122,"Ime Udoka, Zach Randolph, Jarrett Jack, LaMarcus Aldridge, Brandon Roy"
2007,D,-12.412393628476709,265.0,77,"Jamaal Magloire, Ime Udoka, Zach Randolph, Jarrett Jack, Brandon Roy"
2007,O,12.294891644241561,254.0,42,"Stephen Jackson, Al Harrington, Baron Davis, Jason Richardson, Monta Ellis"
2007,D,12.08128339176139,325.0,67,"Anthony Johnson, Zaza Pachulia, Josh Childress, Josh Smith, Marvin Williams"
2007,D,-11.966122810397032,259.0,43,"Stephon Marbury, Jamal Crawford, Eddy Curry, Jared Jeffries, Channing Frye"
2007,O,11.633510009253412,267.0,53,"Tim Thomas, Cuttino Mobley, Elton Brand, Chris Kaman, Shaun Livingston"
2007,D,-11.481262963821043,200.0,52,"Ray Allen, Earl Watson, Chris Wilcox, Nick Collison, Damien Wilkins"
2007,D,11.408429497916563,231.0,49,"Rafer Alston, Shane Battier, Yao Ming, Luther Head, Chuck Hayes"
2007,O,11.3087081517569,200.0,73,"Dikembe Mutombo, Juwan Howard, Tracy McGrady, Rafer Alston, Luther Head"
2007,O,11.250577576500202,219.0,64,"Juwan Howard, Rafer Alston, Shane Battier, Yao Ming, Luther Head"
2007,O,11.16871827590912,341.0,64,"Paul Pierce, Wally Szczerbiak, Kendrick Perkins, Sebastian Telfair, Ryan Gomes"
2007,O,-11.120703509375671,243.0,52,"Baron Davis, Matt Barnes, Mickael Pietrus, Andris Biedrins, Monta Ellis"
2007,D,-10.836142046994285,207.0,58,"Steve Nash, Shawn Marion, Amar'e Stoudemire, Leandro Barbosa, James Jones"
2007,D,10.703435463254271,986.0,143,"Tracy McGrady, Rafer Alston, Shane Battier, Yao Ming, Chuck Hayes"
2007,O,-10.59374030483709,329.0,62,"Kobe Bryant, Lamar Odom, Vladimir Radmanovic, Smush Parker, Andrew Bynum"
2007,D,10.579296972893987,239.0,54,"Baron Davis, Matt Barnes, Mickael Pietrus, Andris Biedrins, Monta Ellis"
2007,O,-10.003192124833975,318.0,82,"Robert Horry, Bruce Bowen, Tim Duncan, Manu Ginobili, Tony Parker"
2007,O,9.975980502327944,228.0,47,"Michael Finley, Bruce Bowen, Tim Duncan, Tony Parker, Fabricio Oberto"
2007,D,-9.960549829542641,265.0,59,"Damon Stoudamire, Mike Miller, Pau Gasol, Hakim Warrick, Rudy Gay"
2007,O,-9.910022381976278,253.0,76,"Eric Snow, Larry Hughes, Drew Gooden, LeBron James, Anderson Varejao"
2007,O,9.590040933527396,280.0,80,"Matt Harpring, Andrei Kirilenko, Mehmet Okur, Carlos Boozer, Deron Williams"
2007,O,9.578858539150765,311.0,56,"Jason Kidd, Mikki Moore, Vince Carter, Jason Collins, Antoine Wright"
2007,O,-9.337280933257558,850.0,145,"Eric Snow, Zydrunas Ilgauskas, Larry Hughes, Drew Gooden, LeBron James"
2007,O,-9.331516079715946,452.0,65,"Sam Cassell, Cuttino Mobley, Elton Brand, Chris Kaman, Quinton Ross"
2007,O,-9.280561916046706,311.0,47,"Alonzo Mourning, Jason Williams, Dwyane Wade, Udonis Haslem, Dorell Wright"
2007,D,-9.101004173444252,235.0,62,"Mike Bibby, Brad Miller, Metta World Peace, John Salmons, Kevin Martin"
2007,D,9.09861454518011,989.0,181,"Erick Dampier, Dirk Nowitzki, Jason Terry, Josh Howard, Devin Harris"
2007,O,9.064473697906006,288.0,93,"Bobby Jackson, Desmond Mason, Tyson Chandler, David West, Chris Paul"
2007,O,-8.837378655969601,278.0,54,"Mike Bibby, Brad Miller, Kenny Thomas, John Salmons, Kevin Martin"
2007,D,-8.7885677162304,224.0,63,"Juwan Howard, Rafer Alston, Shane Battier, Yao Ming, Luther Head"
2007,D,8.34668748240446,253.0,89,"Tim Thomas, Cuttino Mobley, Elton Brand, Corey Maggette, Shaun Livingston"
2007,O,-8.256270965139437,238.0,67,"Michael Finley, Bruce Bowen, Tim Duncan, Manu Ginobili, Tony Parker"
2007,O,-7.876655507525553,687.0,115,"Kobe Bryant, Lamar Odom, Smush Parker, Luke Walton, Andrew Bynum"
2007,O,-7.826389109707321,205.0,30,"Joe Smith, Andre Miller, Samuel Dalembert, Andre Iguodala, Rodney Carney"
2007,D,7.664103110406942,586.0,77,"Anthony Parker, Rasho Nesterovic, Chris Bosh, T.J. Ford, Jorge Garbajosa"
2007,D,-7.605784873647258,283.0,59,"Hedo Turkoglu, Darko Milicic, Keith Bogans, Dwight Howard, Jameer Nelson"
2007,D,7.58023233684683,339.0,101,"Ben Wallace, Kirk Hinrich, Ben Gordon, Luol Deng, Tyrus Thomas"
2007,O,7.529953136242536,261.0,45,"Stephon Marbury, Jamal Crawford, Eddy Curry, Jared Jeffries, Channing Frye"
2007,D,-7.50490010359485,303.0,109,"Antonio McDyess, Rasheed Wallace, Chauncey Billups, Richard Hamilton, Tayshaun Prince"
2007,O,7.504643540665804,236.0,39,"Joel Przybilla, Ime Udoka, Zach Randolph, Martell Webster, Jarrett Jack"
2007,O,7.388890507694381,226.0,58,"Juwan Howard, Tracy McGrady, Rafer Alston, Shane Battier, Yao Ming"
2007,D,-7.379569233872338,1059.0,172,"Chris Webber, Rasheed Wallace, Chauncey Billups, Richard Hamilton, Tayshaun Prince"
2007,O,7.333576660734553,242.0,42,"Kobe Bryant, Kwame Brown, Smush Parker, Brian Cook, Luke Walton"
2007,O,7.171664531977433,488.0,117,"Ruben Patterson, Michael Redd, Charlie Bell, Mo Williams, Andrew Bogut"
2007,O,7.093471551886109,288.0,65,"Hedo Turkoglu, Darko Milicic, Keith Bogans, Dwight Howard, Jameer Nelson"
2007,O,7.081964958495699,211.0,68,"Ben Wallace, Kirk Hinrich, Ben Gordon, Luol Deng, Chris Duhon"
2007,O,6.960882862619987,324.0,84,"Steve Nash, Shawn Marion, Amar'e Stoudemire, Boris Diaw, Leandro Barbosa"
2007,O,6.867093756125891,304.0,53,"Anthony Parker, Fred Jones, Chris Bosh, T.J. Ford, Jorge Garbajosa"
2007,O,6.821816123138981,988.0,143,"Tracy McGrady, Rafer Alston, Shane Battier, Yao Ming, Chuck Hayes"
2007,D,-6.7970674639052735,219.0,63,"Jerry Stackhouse, Dirk Nowitzki, Jason Terry, DeSagana Diop, Josh Howard"
2007,D,6.775996779894162,485.0,86,"Ruben Patterson, Michael Redd, Mo Williams, Andrew Bogut, Charlie Villanueva"
2007,D,6.757718488668479,294.0,62,"Paul Pierce, Kendrick Perkins, Al Jefferson, Delonte West, Rajon Rondo"
2007,D,-6.65591162601815,272.0,60,"Ray Allen, Rashard Lewis, Earl Watson, Chris Wilcox, Nick Collison"
2007,O,6.6505860942172665,240.0,42,"Antonio Daniels, Antawn Jamison, Etan Thomas, DeShawn Stevenson, Jarvis Hayes"
2007,D,6.572557665672242,302.0,48,"Alonzo Mourning, Jason Williams, Dwyane Wade, Udonis Haslem, Dorell Wright"
2007,D,-6.5452127467319325,214.0,42,"Shareef Abdur-Rahim, Mike Bibby, Kenny Thomas, John Salmons, Kevin Martin"
2007,D,6.250454792219695,741.0,119,"Zydrunas Ilgauskas, Larry Hughes, Drew Gooden, LeBron James, Sasha Pavlovic"
2007,D,-6.2404147002051875,453.0,104,"Grant Hill, Hedo Turkoglu, Darko Milicic, Dwight Howard, Jameer Nelson"
2007,O,6.072741539902862,319.0,92,"Antonio Daniels, Antawn Jamison, Brendan Haywood, Gilbert Arenas, Caron Butler"
2007,O,6.0691207084934495,606.0,115,"Kobe Bryant, Lamar Odom, Kwame Brown, Smush Parker, Luke Walton"
2007,O,-6.002508683275533,204.0,55,"Kobe Bryant, Lamar Odom, Smush Parker, Luke Walton, Ronny Turiaf"
2007,D,5.987888959931467,301.0,56,"Anthony Parker, Fred Jones, Chris Bosh, T.J. Ford, Jorge Garbajosa"
2007,D,5.979928684966975,230.0,47,"Gerald Wallace, Emeka Okafor, Raymond Felton, Sean May, Adam Morrison"
2007,O,5.9682775290981285,204.0,35,"Paul Pierce, Brian Scalabrine, Al Jefferson, Delonte West, Ryan Gomes"
2007,O,5.860750731042947,479.0,88,"Ruben Patterson, Michael Redd, Mo Williams, Andrew Bogut, Charlie Villanueva"
2007,O,5.844265198760234,932.0,223,"Steve Nash, Shawn Marion, Raja Bell, Amar'e Stoudemire, Leandro Barbosa"
2007,O,5.842758743135513,224.0,55,"Erick Dampier, Dirk Nowitzki, Jason Terry, Devean George, Josh Howard"
2007,D,5.834667618808954,535.0,105,"Bruce Bowen, Tim Duncan, Manu Ginobili, Tony Parker, Fabricio Oberto"
2007,O,5.813667448955216,641.0,112,"Marcus Camby, Andre Miller, Eduardo Najera, Carmelo Anthony, JR Smith"
2007,O,-5.799117642525943,1069.0,171,"Chris Webber, Rasheed Wallace, Chauncey Billups, Richard Hamilton, Tayshaun Prince"
2007,O,5.783553818068442,203.0,62,"Kevin Garnett, Mark Blount, Ricky Davis, Marko Jaric, Randy Foye"
2007,D,5.774565568574174,215.0,43,"Steve Nash, Shawn Marion, Raja Bell, Amar'e Stoudemire, James Jones"
2007,O,-5.631061348853727,385.0,80,"Kevin Garnett, Mark Blount, Ricky Davis, Marko Jaric, Mike James"
2007,O,-5.490375152113727,496.0,75,"Andre Miller, Steven Hunter, Samuel Dalembert, Willie Green, Andre Iguodala"
2007,D,-5.441509938707521,527.0,121,"Ime Udoka, Zach Randolph, Jarrett Jack, LaMarcus Aldridge, Brandon Roy"
2007,O,5.391658108006593,298.0,63,"Alonzo Mourning, Jason Williams, Dwyane Wade, Jason Kapono, Udonis Haslem"
2007,D,5.316413510808003,220.0,39,"Speedy Claxton, Joe Johnson, Zaza Pachulia, Josh Smith, Shelden Williams"
2007,D,5.306408757042717,294.0,81,"Chris Webber, Antonio McDyess, Chauncey Billups, Richard Hamilton, Tayshaun Prince"
2007,D,-5.298439745798688,216.0,36,"Derek Anderson, Gerald Wallace, Matt Carroll, Emeka Okafor, Raymond Felton"
2007,D,-5.282284465492361,505.0,89,"Cuttino Mobley, Elton Brand, Corey Maggette, Jason Hart, Chris Kaman"
2007,O,5.269271930103368,334.0,93,"Derek Fisher, Matt Harpring, Mehmet Okur, Carlos Boozer, Deron Williams"
2007,O,-5.249719781031736,254.0,82,"Tim Thomas, Cuttino Mobley, Elton Brand, Corey Maggette, Shaun Livingston"
2007,D,-5.239475694190971,396.0,61,"Rashard Lewis, Chris Wilcox, Nick Collison, Luke Ridnour, Damien Wilkins"
2007,D,5.211740667450834,323.0,85,"Robert Horry, Bruce Bowen, Tim Duncan, Manu Ginobili, Tony Parker"
2007,O,-5.175120023747493,1276.0,200,"Grant Hill, Tony Battie, Hedo Turkoglu, Dwight Howard, Jameer Nelson"
2007,O,5.1698106740038,726.0,133,"Allen Iverson, Marcus Camby, Nene, Carmelo Anthony, Steve Blake"
2007,O,5.152354554418296,287.0,65,"Jerry Stackhouse, Erick Dampier, Dirk Nowitzki, Jason Terry, Devin Harris"
2007,D,5.080645815147847,297.0,55,"Stephon Marbury, Steve Francis, Quentin Richardson, Eddy Curry, Channing Frye"
2007,O,5.067705534271497,838.0,131,"Jason Kidd, Mikki Moore, Vince Carter, Richard Jefferson, Jason Collins"
2007,O,5.0270151845269755,295.0,108,"Antonio McDyess, Rasheed Wallace, Chauncey Billups, Richard Hamilton, Tayshaun Prince"
2007,D,-4.993299806988035,242.0,78,"Eric Snow, Larry Hughes, Drew Gooden, LeBron James, Anderson Varejao"
2007,O,4.950456360343393,1003.0,189,"Erick Dampier, Dirk Nowitzki, Jason Terry, Josh Howard, Devin Harris"
2007,D,-4.87787351579823,325.0,81,"Steve Nash, Shawn Marion, Amar'e Stoudemire, Boris Diaw, Leandro Barbosa"
2007,D,4.748383075440801,204.0,65,"Donyell Marshall, Damon Jones, LeBron James, Anderson Varejao, Daniel Gibson"
2007,O,4.730269685228014,263.0,44,"Zydrunas Ilgauskas, Larry Hughes, Drew Gooden, LeBron James, Daniel Gibson"
2007,O,4.711976936947428,227.0,50,"Gerald Wallace, Emeka Okafor, Raymond Felton, Sean May, Adam Morrison"
2007,D,-4.709449616529321,278.0,79,"Matt Harpring, Andrei Kirilenko, Mehmet Okur, Carlos Boozer, Deron Williams"
2007,O,-4.656908120224127,446.0,104,"Jermaine O'Neal, Stephen Jackson, Al Harrington, Jamaal Tinsley, Danny Granger"
2007,O,4.60018358587521,440.0,131,"Ben Wallace, Kirk Hinrich, Ben Gordon, Luol Deng, Andres Nocioni"
2007,D,4.541336969303467,404.0,61,"Andre Miller, Steven Hunter, Samuel Dalembert, Andre Iguodala, Rodney Carney"
2007,D,4.483555615012607,205.0,54,"Kobe Bryant, Lamar Odom, Smush Parker, Luke Walton, Ronny Turiaf"
2007,O,-4.477182331319819,327.0,63,"Brevin Knight, Gerald Wallace, Emeka Okafor, Raymond Felton, Adam Morrison"
2007,D,4.409159009316446,256.0,67,"Stephon Marbury, Jamal Crawford, Eddy Curry, Channing Frye, David Lee"
2007,O,-4.285363245271099,292.0,62,"Paul Pierce, Kendrick Perkins, Al Jefferson, Delonte West, Rajon Rondo"
2007,O,4.203358704263489,1230.0,222,"Antawn Jamison, DeShawn Stevenson, Brendan Haywood, Gilbert Arenas, Caron Butler"
2007,O,4.1004710625836704,207.0,39,"Desmond Mason, Tyson Chandler, Rasual Butler, Devin Brown, David West"
2007,D,-4.08519950008627,974.0,158,"Desmond Mason, Tyson Chandler, Devin Brown, David West, Chris Paul"
2007,D,4.007951861177688,443.0,78,"Brent Barry, Bruce Bowen, Tim Duncan, Francisco Elson, Tony Parker"
2007,D,-4.005664186276074,342.0,72,"Kobe Bryant, Smush Parker, Brian Cook, Luke Walton, Andrew Bynum"
2007,D,3.9903733809947464,374.0,66,"Ray Allen, Rashard Lewis, Chris Wilcox, Luke Ridnour, Johan Petro"
2007,O,3.958813886383744,227.0,38,"Tony Battie, Hedo Turkoglu, Keith Bogans, Dwight Howard, Jameer Nelson"
2007,O,-3.8965223438620864,536.0,101,"Bruce Bowen, Tim Duncan, Manu Ginobili, Tony Parker, Fabricio Oberto"
2007,D,3.8922956233493338,543.0,83,"Eddie Jones, Shaquille O'Neal, Jason Williams, James Posey, Udonis Haslem"
2007,O,-3.8707945576515796,772.0,119,"Mike Bibby, Brad Miller, Metta World Peace, Kenny Thomas, Kevin Martin"
2007,D,3.8535838539781317,254.0,44,"Anthony Parker, Rasho Nesterovic, Chris Bosh, T.J. Ford, Joey Graham"
2007,O,-3.779210148911706,242.0,72,"Andre Miller, Steven Hunter, Samuel Dalembert, Kyle Korver, Andre Iguodala"
2007,O,3.7231666433637494,277.0,80,"Gerald Wallace, Matt Carroll, Emeka Okafor, Raymond Felton, Adam Morrison"
2007,O,-3.682172367605006,399.0,62,"Rashard Lewis, Chris Wilcox, Nick Collison, Luke Ridnour, Damien Wilkins"
2007,D,3.6545832779465717,1271.0,203,"Grant Hill, Tony Battie, Hedo Turkoglu, Dwight Howard, Jameer Nelson"
2007,O,3.6505853303516305,213.0,60,"Chucky Atkins, Mike Miller, Pau Gasol, Hakim Warrick, Rudy Gay"
2007,D,-3.6275554211414174,237.0,43,"Antonio Daniels, Antawn Jamison, Etan Thomas, DeShawn Stevenson, Jarvis Hayes"
2007,D,3.6029569586512764,225.0,69,"Sam Cassell, Tim Thomas, Cuttino Mobley, Elton Brand, Corey Maggette"
2007,D,-3.57871878670045,226.0,46,"Kendrick Perkins, Al Jefferson, Delonte West, Gerald Green, Ryan Gomes"
2007,D,3.5031179792728926,218.0,62,"Chucky Atkins, Mike Miller, Pau Gasol, Hakim Warrick, Rudy Gay"
2007,D,3.492064886465688,251.0,41,"Stephen Jackson, Al Harrington, Baron Davis, Jason Richardson, Monta Ellis"
2007,O,-3.4678548153873905,449.0,81,"Brent Barry, Bruce Bowen, Tim Duncan, Francisco Elson, Tony Parker"
2007,D,3.455364915141307,375.0,97,"Stephon Marbury, Jamal Crawford, Quentin Richardson, Eddy Curry, David Lee"
2007,D,-3.453117572237616,589.0,87,"Rasheed Wallace, Chauncey Billups, Nazr Mohammed, Richard Hamilton, Tayshaun Prince"
2007,O,-3.4305761961521313,550.0,81,"Eddie Jones, Shaquille O'Neal, Jason Williams, James Posey, Udonis Haslem"
2007,D,-3.405493614447012,629.0,106,"Shareef Abdur-Rahim, Mike Bibby, Brad Miller, Metta World Peace, Kevin Martin"
2007,O,-3.397847171039694,209.0,36,"DeShawn Stevenson, Brendan Haywood, Gilbert Arenas, Caron Butler, Andray Blatche"
2007,D,3.3778096439485785,240.0,43,"Brian Skinner, Ruben Patterson, Earl Boykins, Charlie Bell, Andrew Bogut"
2007,O,3.3729845943810086,263.0,60,"Damon Stoudamire, Mike Miller, Pau Gasol, Hakim Warrick, Rudy Gay"
2007,O,-3.3026348076906626,666.0,118,"Ben Wallace, Kirk Hinrich, Luol Deng, Chris Duhon, Andres Nocioni"
2007,O,-3.255712797620862,537.0,91,"Jason Kidd, Vince Carter, Richard Jefferson, Jason Collins, Nenad Krstic"
2007,D,3.2284439028333956,667.0,122,"Ben Wallace, Kirk Hinrich, Luol Deng, Chris Duhon, Andres Nocioni"
2007,O,-3.1992631232112188,212.0,42,"Shareef Abdur-Rahim, Mike Bibby, Kenny Thomas, John Salmons, Kevin Martin"
2007,D,-3.1574495307739054,600.0,110,"Kobe Bryant, Lamar Odom, Kwame Brown, Smush Parker, Luke Walton"
2007,O,3.1385803321553047,260.0,44,"Anthony Parker, Rasho Nesterovic, Chris Bosh, T.J. Ford, Joey Graham"
2007,O,3.1280926175425403,749.0,120,"Zydrunas Ilgauskas, Larry Hughes, Drew Gooden, LeBron James, Sasha Pavlovic"
2007,O,3.0768307032510642,301.0,53,"Stephon Marbury, Steve Francis, Quentin Richardson, Eddy Curry, Channing Frye"
2007,D,3.0468039756603535,947.0,226,"Steve Nash, Shawn Marion, Raja Bell, Amar'e Stoudemire, Leandro Barbosa"
2007,O,3.0090236106407473,379.0,67,"Ray Allen, Rashard Lewis, Chris Wilcox, Luke Ridnour, Johan Petro"
2007,O,2.975333693075288,255.0,54,"Pau Gasol, Junior Harrington, Hakim Warrick, Rudy Gay, Tarence Kinsey"
2007,O,2.9723184903073725,220.0,64,"Jerry Stackhouse, Dirk Nowitzki, Jason Terry, DeSagana Diop, Josh Howard"
2007,D,2.9127546336936714,299.0,55,"Jason Kidd, Mikki Moore, Vince Carter, Jason Collins, Antoine Wright"
2007,D,2.8951574294164772,852.0,144,"Eric Snow, Zydrunas Ilgauskas, Larry Hughes, Drew Gooden, LeBron James"
2007,D,-2.8855023733686385,537.0,94,"Jason Kidd, Vince Carter, Richard Jefferson, Jason Collins, Nenad Krstic"
2007,O,-2.846645931596872,209.0,35,"Chucky Atkins, Stromile Swift, Mike Miller, Hakim Warrick, Rudy Gay"
2007,D,-2.831087414672654,260.0,52,"Tim Thomas, Cuttino Mobley, Elton Brand, Chris Kaman, Shaun Livingston"
2007,D,-2.745798884593315,308.0,74,"Stephon Marbury, Jamal Crawford, Quentin Richardson, Eddy Curry, Channing Frye"
2007,O,2.7057395790966443,343.0,100,"Ben Wallace, Kirk Hinrich, Ben Gordon, Luol Deng, Tyrus Thomas"
2007,O,-2.6473991683290095,1460.0,249,"Steve Nash, Shawn Marion, Raja Bell, Amar'e Stoudemire, Boris Diaw"
2007,D,-2.6375968928341518,612.0,129,"Jermaine O'Neal, Troy Murphy, Jamaal Tinsley, Mike Dunleavy, Danny Granger"
2007,D,-2.6212915382804973,340.0,96,"Derek Fisher, Matt Harpring, Mehmet Okur, Carlos Boozer, Deron Williams"
2007,O,2.6102817965871656,222.0,39,"Speedy Claxton, Joe Johnson, Zaza Pachulia, Josh Smith, Shelden Williams"
2007,D,-2.5519833444007176,250.0,68,"Michael Finley, Bruce Bowen, Tim Duncan, Francisco Elson, Tony Parker"
2007,D,-2.474787500584423,204.0,65,"Dirk Nowitzki, Jason Terry, DeSagana Diop, Josh Howard, Devin Harris"
2007,D,-2.473015516190732,492.0,75,"Andre Miller, Steven Hunter, Samuel Dalembert, Willie Green, Andre Iguodala"
2007,O,2.4575495060562225,261.0,72,"Stephon Marbury, Jamal Crawford, Eddy Curry, Channing Frye, David Lee"
2007,D,2.431561678423434,689.0,116,"Brian Skinner, Michael Redd, Charlie Bell, Mo Williams, Andrew Bogut"
2007,D,-2.3871699547410796,830.0,133,"Jason Kidd, Mikki Moore, Vince Carter, Richard Jefferson, Jason Collins"
2007,D,2.3334125199579523,216.0,45,"Peja Stojakovic, Desmond Mason, Tyson Chandler, David West, Chris Paul"
2007,D,-2.313805264108648,200.0,33,"Anthony Parker, Rasho Nesterovic, T.J. Ford, Joey Graham, Jorge Garbajosa"
2007,O,-2.2764623934263284,255.0,67,"Michael Finley, Bruce Bowen, Tim Duncan, Francisco Elson, Tony Parker"
2007,O,-2.237147761258282,585.0,76,"Anthony Parker, Rasho Nesterovic, Chris Bosh, T.J. Ford, Jorge Garbajosa"
2007,O,-2.1667289837038317,346.0,71,"Jermaine O'Neal, Jeff Foster, Jamaal Tinsley, Mike Dunleavy, Danny Granger"
2007,O,-2.1344659433470663,259.0,84,"Kurt Thomas, Raja Bell, Boris Diaw, Leandro Barbosa, James Jones"
2007,O,2.128329371225131,920.0,169,"Dikembe Mutombo, Juwan Howard, Tracy McGrady, Rafer Alston, Shane Battier"
2007,O,-2.1250940571125447,626.0,131,"Jermaine O'Neal, Troy Murphy, Jamaal Tinsley, Mike Dunleavy, Danny Granger"
2007,D,-2.103696426621135,277.0,52,"Mike Bibby, Brad Miller, Kenny Thomas, John Salmons, Kevin Martin"
2007,O,2.1010813214034676,1833.0,291,"Kevin Garnett, Mark Blount, Ricky Davis, Mike James, Trenton Hassell"
2007,D,-2.098390745138382,464.0,89,"Shareef Abdur-Rahim, Mike Bibby, Metta World Peace, Kenny Thomas, Kevin Martin"
2007,O,-2.06877047243547,246.0,45,"Brian Skinner, Ruben Patterson, Earl Boykins, Charlie Bell, Andrew Bogut"
2007,O,-2.013525844141666,454.0,84,"Shareef Abdur-Rahim, Mike Bibby, Metta World Peace, Kenny Thomas, Kevin Martin"
2007,O,2.0048353152042386,752.0,129,"Antawn Jamison, Etan Thomas, DeShawn Stevenson, Gilbert Arenas, Caron Butler"
2007,D,-1.9496462879223098,386.0,80,"Kevin Garnett, Mark Blount, Ricky Davis, Marko Jaric, Mike James"
2007,O,1.9212924268709528,350.0,78,"Kobe Bryant, Smush Parker, Brian Cook, Luke Walton, Andrew Bynum"
2007,D,-1.9201170941585453,210.0,36,"Chucky Atkins, Stromile Swift, Mike Miller, Hakim Warrick, Rudy Gay"
2007,O,1.9152075769569599,249.0,70,"Tracy McGrady, Rafer Alston, Shane Battier, Yao Ming, Luther Head"
2007,D,1.8962469427927542,318.0,64,"Brevin Knight, Gerald Wallace, Emeka Okafor, Raymond Felton, Adam Morrison"
2007,O,1.8917453188250322,218.0,41,"Steve Nash, Shawn Marion, Raja Bell, Amar'e Stoudemire, James Jones"
2007,O,1.8527588967073563,650.0,95,"Joel Przybilla, Ime Udoka, Zach Randolph, Jarrett Jack, Brandon Roy"
2007,D,1.7933951992440538,1434.0,244,"Steve Nash, Shawn Marion, Raja Bell, Amar'e Stoudemire, Boris Diaw"
2007,O,1.780468430091199,696.0,114,"Brian Skinner, Michael Redd, Charlie Bell, Mo Williams, Andrew Bogut"
2007,O,1.777850610954556,233.0,47,"Rafer Alston, Shane Battier, Yao Ming, Luther Head, Chuck Hayes"
2007,O,-1.738277946824703,1469.0,261,"Derek Fisher, Andrei Kirilenko, Mehmet Okur, Carlos Boozer, Deron Williams"
2007,D,1.7284152959206749,223.0,45,"Stephen Jackson, Al Harrington, Jason Richardson, Andris Biedrins, Monta Ellis"
2007,D,-1.7071837911565286,644.0,114,"Marcus Camby, Andre Miller, Eduardo Najera, Carmelo Anthony, JR Smith"
2007,D,1.6491061815414492,244.0,59,"Andrei Kirilenko, Gordan Giricek, Mehmet Okur, Carlos Boozer, Deron Williams"
2007,D,1.6001881329652434,200.0,60,"Kevin Garnett, Mark Blount, Ricky Davis, Marko Jaric, Randy Foye"
2007,O,1.5961103038733209,518.0,90,"Cuttino Mobley, Elton Brand, Corey Maggette, Jason Hart, Chris Kaman"
2007,O,1.590340147769977,232.0,42,"Kendrick Perkins, Al Jefferson, Delonte West, Gerald Green, Ryan Gomes"
2007,O,1.546570606233278,631.0,110,"Shareef Abdur-Rahim, Mike Bibby, Brad Miller, Metta World Peace, Kevin Martin"
2007,D,-1.5332957680022292,679.0,114,"Kobe Bryant, Lamar Odom, Smush Parker, Luke Walton, Andrew Bynum"
2007,D,-1.5191211365064055,206.0,38,"DeShawn Stevenson, Brendan Haywood, Gilbert Arenas, Caron Butler, Andray Blatche"
2007,D,-1.518825015805129,753.0,125,"Antawn Jamison, Etan Thomas, DeShawn Stevenson, Gilbert Arenas, Caron Butler"
2007,D,1.5012642614279517,270.0,57,"Damon Stoudamire, Mike Miller, Pau Gasol, Lawrence Roberts, Rudy Gay"
2007,O,-1.4856858697219275,968.0,156,"Desmond Mason, Tyson Chandler, Devin Brown, David West, Chris Paul"
2007,D,1.473942557170317,1147.0,188,"P.J. Brown, Ben Wallace, Kirk Hinrich, Ben Gordon, Luol Deng"
2007,D,-1.4163863591516654,429.0,127,"Ben Wallace, Kirk Hinrich, Ben Gordon, Luol Deng, Andres Nocioni"
2007,D,-1.4121610953753967,274.0,60,"Kobe Bryant, Lamar Odom, Maurice Evans, Smush Parker, Andrew Bynum"
2007,D,1.3884063013402534,290.0,59,"Alonzo Mourning, Jason Williams, Dwyane Wade, Jason Kapono, Udonis Haslem"
2007,D,-1.3791141918253151,266.0,48,"Zydrunas Ilgauskas, Larry Hughes, Drew Gooden, LeBron James, Daniel Gibson"
2007,D,1.3650628834613172,774.0,115,"Mike Bibby, Brad Miller, Metta World Peace, Kenny Thomas, Kevin Martin"
2007,O,-1.3575241612697218,258.0,50,"Kurt Thomas, Steve Nash, Shawn Marion, Raja Bell, Amar'e Stoudemire"
2007,O,-1.335501346546822,228.0,42,"Stephen Jackson, Al Harrington, Jason Richardson, Andris Biedrins, Monta Ellis"
2007,D,1.331176500998348,246.0,74,"Andre Miller, Steven Hunter, Samuel Dalembert, Kyle Korver, Andre Iguodala"
2007,D,-1.3058050456834647,441.0,102,"Jermaine O'Neal, Stephen Jackson, Al Harrington, Jamaal Tinsley, Danny Granger"
2007,D,1.2951564065180274,239.0,42,"Kobe Bryant, Kwame Brown, Smush Parker, Brian Cook, Luke Walton"
2007,D,-1.278693705188245,410.0,144,"Joe Smith, Andre Miller, Samuel Dalembert, Kyle Korver, Andre Iguodala"
2007,D,-1.278211600884585,211.0,69,"Ben Wallace, Kirk Hinrich, Ben Gordon, Luol Deng, Chris Duhon"
2007,D,1.267663888647433,1459.0,259,"Derek Fisher, Andrei Kirilenko, Mehmet Okur, Carlos Boozer, Deron Williams"
2007,D,-1.2675075578577335,344.0,58,"Ray Allen, Earl Watson, Chris Wilcox, Nick Collison, Mickael Gelabale"
2007,O,-1.1866329082303495,405.0,62,"Andre Miller, Steven Hunter, Samuel Dalembert, Andre Iguodala, Rodney Carney"
2007,D,-1.1465779308582014,239.0,38,"Joel Przybilla, Ime Udoka, Zach Randolph, Martell Webster, Jarrett Jack"
2007,D,1.1414301873780681,205.0,36,"Desmond Mason, Tyson Chandler, Rasual Butler, Devin Brown, David West"
2007,D,1.1167912594552576,200.0,34,"Paul Pierce, Brian Scalabrine, Al Jefferson, Delonte West, Ryan Gomes"
2007,D,1.0714491126822168,1237.0,227,"Antawn Jamison, DeShawn Stevenson, Brendan Haywood, Gilbert Arenas, Caron Butler"
2007,D,1.0652171448077428,479.0,119,"Kevin Garnett, Mark Blount, Ricky Davis, Trenton Hassell, Randy Foye"
2007,D,1.0538237014856853,336.0,65,"Paul Pierce, Wally Szczerbiak, Kendrick Perkins, Sebastian Telfair, Ryan Gomes"
2007,D,1.038525486924126,642.0,93,"Joel Przybilla, Ime Udoka, Zach Randolph, Jarrett Jack, Brandon Roy"
2007,D,1.0129303522182123,320.0,93,"Antonio Daniels, Antawn Jamison, Brendan Haywood, Gilbert Arenas, Caron Butler"
2007,D,-0.9518924097514514,208.0,32,"Joe Smith, Andre Miller, Samuel Dalembert, Andre Iguodala, Rodney Carney"
2007,O,-0.9503849953348696,515.0,103,"Ray Allen, Rashard Lewis, Chris Wilcox, Nick Collison, Luke Ridnour"
2007,D,-0.9102582503684545,231.0,67,"Michael Finley, Bruce Bowen, Tim Duncan, Manu Ginobili, Tony Parker"
2007,D,0.851598189192341,279.0,69,"Jerry Stackhouse, Erick Dampier, Dirk Nowitzki, Jason Terry, Devin Harris"
2007,O,0.8444563847434701,240.0,61,"Mike Bibby, Brad Miller, Metta World Peace, John Salmons, Kevin Martin"
2007,D,-0.7341846313933794,499.0,83,"Jermaine O'Neal, Stephen Jackson, Al Harrington, Jeff Foster, Jamaal Tinsley"
2007,O,-0.6915573302283741,473.0,119,"Kevin Garnett, Mark Blount, Ricky Davis, Trenton Hassell, Randy Foye"
2007,D,0.6867441280084974,317.0,82,"Bruce Bowen, Tim Duncan, Francisco Elson, Manu Ginobili, Tony Parker"
2007,O,-0.6783414201324479,375.0,104,"Stephon Marbury, Jamal Crawford, Quentin Richardson, Eddy Curry, David Lee"
2007,D,0.6534372745200079,346.0,73,"Jermaine O'Neal, Jeff Foster, Jamaal Tinsley, Mike Dunleavy, Danny Granger"
2007,O,-0.6223008086700871,248.0,60,"Andrei Kirilenko, Gordan Giricek, Mehmet Okur, Carlos Boozer, Deron Williams"
2007,O,-0.5928176749106782,277.0,61,"Ray Allen, Rashard Lewis, Earl Watson, Chris Wilcox, Nick Collison"
2007,O,-0.5804130397967197,511.0,88,"Jermaine O'Neal, Stephen Jackson, Al Harrington, Jeff Foster, Jamaal Tinsley"
2007,O,-0.5492138829236195,275.0,58,"Damon Stoudamire, Mike Miller, Pau Gasol, Lawrence Roberts, Rudy Gay"
2007,D,-0.5472099012631513,325.0,59,"Kobe Bryant, Lamar Odom, Vladimir Radmanovic, Smush Parker, Andrew Bynum"
2007,D,-0.4945722905638795,1834.0,289,"Kevin Garnett, Mark Blount, Ricky Davis, Mike James, Trenton Hassell"
2007,D,0.49380764301749547,208.0,77,"Joe Johnson, Zaza Pachulia, Josh Childress, Josh Smith, Marvin Williams"
2007,D,0.40415039159117516,227.0,49,"Michael Finley, Bruce Bowen, Tim Duncan, Tony Parker, Fabricio Oberto"
2007,O,0.3447523786198929,273.0,58,"Kobe Bryant, Lamar Odom, Maurice Evans, Smush Parker, Andrew Bynum"
2007,O,0.33786090637179717,222.0,37,"Derek Anderson, Gerald Wallace, Matt Carroll, Emeka Okafor, Raymond Felton"
2007,D,0.25889595145659194,490.0,117,"Ruben Patterson, Michael Redd, Charlie Bell, Mo Williams, Andrew Bogut"
2007,O,-0.25849600595505035,262.0,72,"Jamaal Magloire, Ime Udoka, Zach Randolph, Jarrett Jack, Brandon Roy"
2007,O,-0.2567020832828946,595.0,87,"Rasheed Wallace, Chauncey Billups, Nazr Mohammed, Richard Hamilton, Tayshaun Prince"
2007,D,-0.2158727623454728,222.0,55,"Erick Dampier, Dirk Nowitzki, Jason Terry, Devean George, Josh Howard"
2007,D,-0.112373634191038,933.0,169,"Dikembe Mutombo, Juwan Howard, Tracy McGrady, Rafer Alston, Shane Battier"
2007,D,0.09985408004700717,451.0,66,"Sam Cassell, Cuttino Mobley, Elton Brand, Chris Kaman, Quinton Ross"
2007,O,-0.08391244462009,1165.0,194,"P.J. Brown, Ben Wallace, Kirk Hinrich, Ben Gordon, Luol Deng"
2007,O,-0.08122360364090576,452.0,101,"Grant Hill, Hedo Turkoglu, Darko Milicic, Dwight Howard, Jameer Nelson"
2007,O,-0.06376838462792693,333.0,70,"Anthony Johnson, Zaza Pachulia, Josh Childress, Josh Smith, Marvin Williams"
2007,D,0.05658494596039681,724.0,135,"Allen Iverson, Marcus Camby, Nene, Carmelo Anthony, Steve Blake"
2007,O,-0.051870230569307105,218.0,44,"Peja Stojakovic, Desmond Mason, Tyson Chandler, David West, Chris Paul"
2007,D,-0.04025230291292885,222.0,53,"Juwan Howard, Tracy McGrady, Rafer Alston, Shane Battier, Yao Ming"
2008,O,-22.725723573076777,233.0,72,"Grant Hill, Brian Skinner, Raja Bell, Boris Diaw, Leandro Barbosa"
2008,O,20.111308930138254,214.0,63,"Antonio Daniels, Antawn Jamison, DeShawn Stevenson, Caron Butler, Andray Blatche"
2008,O,17.790812601868645,255.0,79,"Andrei Kirilenko, Carlos Boozer, Deron Williams, Ronnie Brewer, Paul Millsap"
2008,O,-17.78404919700358,267.0,55,"Derek Fisher, Kobe Bryant, Lamar Odom, Kwame Brown, Luke Walton"
2008,D,-17.724764366483516,207.0,39,"Marko Jaric, Al Jefferson, Ryan Gomes, Randy Foye, Corey Brewer"
2008,O,16.396171567524267,395.0,104,"Rashard Lewis, Hedo Turkoglu, Carlos Arroyo, Keith Bogans, Dwight Howard"
2008,D,-16.107607804385886,232.0,53,"Allen Iverson, Marcus Camby, Anthony Carter, Carmelo Anthony, Linas Kleiza"
2008,O,15.797155728494994,258.0,72,"Kobe Bryant, Lamar Odom, Sasha Vujacic, Ronny Turiaf, Jordan Farmar"
2008,D,15.312197700966152,346.0,59,"Allen Iverson, Marcus Camby, Kenyon Martin, Carmelo Anthony, Yakhouba Diawara"
2008,O,14.849656407699074,334.0,74,"Stephen Jackson, Baron Davis, Andris Biedrins, Monta Ellis, Kelenna Azubuike"
2008,D,14.34053818468378,333.0,60,"Derek Fisher, Kobe Bryant, Lamar Odom, Pau Gasol, Luke Walton"
2008,O,-12.831236937013244,218.0,46,"Ben Wallace, Kirk Hinrich, Ben Gordon, Luol Deng, Tyrus Thomas"
2008,D,12.801766899275076,292.0,47,"Antawn Jamison, DeShawn Stevenson, Brendan Haywood, Gilbert Arenas, Caron Butler"
2008,O,-12.778962446199095,296.0,76,"Brevin Knight, Cuttino Mobley, Corey Maggette, Chris Kaman, Al Thornton"
2008,O,-12.52964195270112,340.0,50,"Primoz Brezec, Jason Richardson, Gerald Wallace, Emeka Okafor, Raymond Felton"
2008,D,12.257645766046414,328.0,55,"Sam Cassell, Tim Thomas, Corey Maggette, Chris Kaman, Quinton Ross"
2008,D,-12.230274454576362,263.0,74,"Kobe Bryant, Lamar Odom, Sasha Vujacic, Ronny Turiaf, Jordan Farmar"
2008,D,-12.154065682257546,321.0,47,"Nazr Mohammed, Jason Richardson, Matt Carroll, Emeka Okafor, Raymond Felton"
2008,O,-12.147084794404686,352.0,74,"Tim Thomas, Brevin Knight, Cuttino Mobley, Corey Maggette, Chris Kaman"
2008,D,11.451718303927857,332.0,58,"Steve Nash, Shawn Marion, Raja Bell, Amar'e Stoudemire, Boris Diaw"
2008,O,11.43039359708895,237.0,45,"Damon Stoudamire, Mike Miller, Pau Gasol, Juan Navarro, Rudy Gay"
2008,D,11.379281695294992,260.0,47,"Derek Fisher, Kobe Bryant, Lamar Odom, Vladimir Radmanovic, Andrew Bynum"
2008,D,-10.958227554862258,209.0,29,"Larry Hughes, Kirk Hinrich, Luol Deng, Tyrus Thomas, Joakim Noah"
2008,D,10.843378886110099,312.0,44,"Larry Hughes, Drew Gooden, Kirk Hinrich, Luol Deng, Joakim Noah"
2008,O,10.786897097101626,315.0,73,"Grant Hill, Steve Nash, Raja Bell, Amar'e Stoudemire, Boris Diaw"
2008,O,10.69201374411121,290.0,65,"Erick Dampier, Dirk Nowitzki, Jason Terry, Josh Howard, Devin Harris"
2008,O,10.640669900397649,201.0,42,"Joe Johnson, Josh Smith, Marvin Williams, Al Horford, Acie Law"
2008,O,10.610772327536072,336.0,76,"Stephen Jackson, Baron Davis, Matt Barnes, Andris Biedrins, Monta Ellis"
2008,O,10.500841335439068,239.0,66,"Anthony Parker, Chris Bosh, Carlos Delfino, Jose Calderon, Andrea Bargnani"
2008,O,-10.475943249139107,507.0,87,"Stephon Marbury, Jamal Crawford, Quentin Richardson, Eddy Curry, Zach Randolph"
2008,O,-10.426857394128213,293.0,50,"Antawn Jamison, DeShawn Stevenson, Brendan Haywood, Gilbert Arenas, Caron Butler"
2008,O,10.358757200732683,261.0,81,"Rasheed Wallace, Chauncey Billups, Richard Hamilton, Tayshaun Prince, Jason Maxiell"
2008,O,10.340107399208176,262.0,92,"Rashard Lewis, Keyon Dooling, Hedo Turkoglu, Keith Bogans, Dwight Howard"
2008,D,-10.305312278287532,201.0,67,"Joel Przybilla, Travis Outlaw, James Jones, Jarrett Jack, Brandon Roy"
2008,O,10.282300562795173,201.0,76,"Travis Outlaw, Steve Blake, Jarrett Jack, LaMarcus Aldridge, Brandon Roy"
2008,O,-10.280105100420393,417.0,77,"Jermaine O'Neal, Troy Murphy, Jamaal Tinsley, Mike Dunleavy, Danny Granger"
2008,D,-10.275388252553519,236.0,68,"Allen Iverson, Marcus Camby, Kenyon Martin, Carmelo Anthony, JR Smith"
2008,O,10.227054539999619,358.0,96,"Jason Richardson, Matt Carroll, Emeka Okafor, Raymond Felton, Jared Dudley"
2008,D,10.133671806429145,367.0,124,"Allen Iverson, Marcus Camby, Eduardo Najera, JR Smith, Linas Kleiza"
2008,O,10.08883702386753,249.0,51,"Kevin Garnett, Paul Pierce, Kendrick Perkins, Tony Allen, Rajon Rondo"
2008,D,-10.062554090632327,213.0,67,"Travis Outlaw, Steve Blake, Martell Webster, LaMarcus Aldridge, Brandon Roy"
2008,D,-9.989421462221733,208.0,60,"Mike Miller, Pau Gasol, Juan Navarro, Rudy Gay, Kyle Lowry"
2008,O,9.987742808393534,202.0,68,"Joel Przybilla, Travis Outlaw, James Jones, Jarrett Jack, Brandon Roy"
2008,D,-9.952864079833528,239.0,67,"Anthony Parker, Chris Bosh, Carlos Delfino, Jose Calderon, Andrea Bargnani"
2008,D,-9.87507645205083,214.0,45,"Ben Wallace, Kirk Hinrich, Ben Gordon, Luol Deng, Tyrus Thomas"
2008,D,-9.783765742482093,227.0,39,"Zydrunas Ilgauskas, Ben Wallace, Devin Brown, LeBron James, Delonte West"
2008,O,9.757833328711444,290.0,67,"Anthony Parker, Rasho Nesterovic, Chris Bosh, Jose Calderon, Jamario Moon"
2008,O,-9.70506056794167,207.0,33,"Marko Jaric, Sebastian Telfair, Al Jefferson, Craig Smith, Corey Brewer"
2008,O,-9.651297834182744,331.0,54,"Sam Cassell, Tim Thomas, Corey Maggette, Chris Kaman, Quinton Ross"
2008,O,9.633919983294717,230.0,81,"Allen Iverson, Kenyon Martin, Eduardo Najera, JR Smith, Linas Kleiza"
2008,O,9.605134359401582,318.0,62,"Antawn Jamison, DeShawn Stevenson, Brendan Haywood, Caron Butler, Roger Mason Jr."
2008,O,-9.590522985344332,282.0,49,"Allen Iverson, Marcus Camby, Anthony Carter, Kenyon Martin, Linas Kleiza"
2008,O,-9.566680080077965,283.0,85,"Nazr Mohammed, Jason Richardson, Gerald Wallace, Matt Carroll, Raymond Felton"
2008,O,-9.444902742025073,248.0,78,"Stephen Jackson, Al Harrington, Baron Davis, Monta Ellis, Kelenna Azubuike"
2008,O,9.347464088452382,327.0,104,"Allen Iverson, Marcus Camby, Eduardo Najera, Carmelo Anthony, JR Smith"
2008,D,-9.192978380067606,237.0,74,"Allen Iverson, Marcus Camby, Kenyon Martin, Carmelo Anthony, Linas Kleiza"
2008,O,9.178764958333852,273.0,43,"Mehmet Okur, Carlos Boozer, Deron Williams, CJ Miles, Ronnie Brewer"
2008,O,-9.114277191977576,380.0,58,"Zydrunas Ilgauskas, Larry Hughes, Drew Gooden, LeBron James, Sasha Pavlovic"
2008,O,-9.05216996585585,213.0,34,"Bobby Simmons, Mo Williams, Royal Ivey, Andrew Bogut, Yi"
2008,O,-8.940767871512197,376.0,53,"Damon Stoudamire, Mike Miller, Pau Gasol, Darko Milicic, Rudy Gay"
2008,O,-8.873022178646899,257.0,46,"Jamal Crawford, Quentin Richardson, Eddy Curry, Zach Randolph, Nate Robinson"
2008,D,-8.846601799375447,376.0,89,"Earl Watson, Chris Wilcox, Nick Collison, Damien Wilkins, Kevin Durant"
2008,D,-8.743960203191183,253.0,78,"Stephen Jackson, Al Harrington, Baron Davis, Monta Ellis, Kelenna Azubuike"
2008,D,8.638238593200796,398.0,66,"Kurt Thomas, Earl Watson, Chris Wilcox, Damien Wilkins, Kevin Durant"
2008,D,8.526927476925787,2016.0,306,"Kevin Garnett, Ray Allen, Paul Pierce, Kendrick Perkins, Rajon Rondo"
2008,O,-8.344949716940445,379.0,71,"Jason Kidd, Erick Dampier, Dirk Nowitzki, Jason Terry, Josh Howard"
2008,D,-8.334578390177672,457.0,135,"Steve Nash, Raja Bell, Amar'e Stoudemire, Boris Diaw, Leandro Barbosa"
2008,D,8.278123746851824,274.0,81,"Nazr Mohammed, Jason Richardson, Gerald Wallace, Matt Carroll, Raymond Felton"
2008,O,8.21796862008581,367.0,64,"Mikki Moore, Mike Bibby, Brad Miller, Metta World Peace, Kevin Martin"
2008,D,8.200425157630741,235.0,81,"Travis Outlaw, James Jones, Jarrett Jack, LaMarcus Aldridge, Brandon Roy"
2008,D,8.18965549958383,211.0,33,"Bobby Simmons, Mo Williams, Royal Ivey, Andrew Bogut, Yi"
2008,O,-8.150593371857001,349.0,74,"Shaquille O'Neal, Jason Williams, Ricky Davis, Dwyane Wade, Udonis Haslem"
2008,O,8.149790611399618,554.0,102,"Derek Fisher, Kobe Bryant, Lamar Odom, Luke Walton, Andrew Bynum"
2008,O,-8.013135881175595,234.0,65,"Allen Iverson, Marcus Camby, Kenyon Martin, Carmelo Anthony, JR Smith"
2008,O,7.966602488058527,201.0,61,"Matt Harpring, Mehmet Okur, Kyle Korver, Ronnie Price, Paul Millsap"
2008,D,7.939510321351188,372.0,71,"Jason Kidd, Erick Dampier, Dirk Nowitzki, Jason Terry, Josh Howard"
2008,O,-7.882674630878458,275.0,43,"Kurt Thomas, Earl Watson, Nick Collison, Kevin Durant, Jeff Green"
2008,O,-7.847527341345583,210.0,64,"Travis Outlaw, Steve Blake, Martell Webster, LaMarcus Aldridge, Brandon Roy"
2008,O,7.819123962738404,370.0,102,"Peja Stojakovic, Tyson Chandler, Jannero Pargo, David West, Chris Paul"
2008,O,-7.797197645840441,202.0,59,"Jason Kidd, Vince Carter, Richard Jefferson, Bostjan Nachbar, Josh Boone"
2008,D,-7.7505770076787615,216.0,38,"Antonio Daniels, Antawn Jamison, DeShawn Stevenson, Brendan Haywood, Darius Songaila"
2008,D,7.675015284222632,286.0,75,"Jamal Crawford, Quentin Richardson, Zach Randolph, Fred Jones, David Lee"
2008,O,7.6170770850613705,756.0,118,"Derek Fisher, Kobe Bryant, Lamar Odom, Pau Gasol, Vladimir Radmanovic"
2008,O,-7.568859500032943,407.0,66,"Kurt Thomas, Earl Watson, Chris Wilcox, Damien Wilkins, Kevin Durant"
2008,O,7.4740812163121575,221.0,64,"Jamal Crawford, Quentin Richardson, Zach Randolph, Nate Robinson, David Lee"
2008,D,7.41762287439351,998.0,174,"Anthony Johnson, Joe Johnson, Josh Smith, Marvin Williams, Al Horford"
2008,D,7.401101117767856,300.0,39,"Earl Watson, Chris Wilcox, Johan Petro, Kevin Durant, Jeff Green"
2008,O,7.363834717381246,421.0,86,"Stephen Jackson, Baron Davis, Mickael Pietrus, Andris Biedrins, Monta Ellis"
2008,D,-7.280838289184119,428.0,83,"Nazr Mohammed, Jason Richardson, Gerald Wallace, Emeka Okafor, Raymond Felton"
2008,O,7.230517331286606,212.0,37,"Antonio Daniels, Antawn Jamison, DeShawn Stevenson, Brendan Haywood, Darius Songaila"
2008,D,7.2196225888381145,262.0,98,"Rashard Lewis, Keyon Dooling, Hedo Turkoglu, Keith Bogans, Dwight Howard"
2008,D,-7.215735622245423,410.0,64,"Mike Miller, Darko Milicic, Hakim Warrick, Rudy Gay, Mike Conley"
2008,O,7.177864914775954,995.0,157,"Anthony Parker, Chris Bosh, Jose Calderon, Jamario Moon, Andrea Bargnani"
2008,D,-7.164693404506731,300.0,72,"Stephen Jackson, Al Harrington, Baron Davis, Mickael Pietrus, Monta Ellis"
2008,O,7.107095770815953,869.0,119,"Grant Hill, Steve Nash, Shawn Marion, Raja Bell, Amar'e Stoudemire"
2008,O,6.866883233104354,350.0,77,"Grant Hill, Steve Nash, Shawn Marion, Amar'e Stoudemire, Leandro Barbosa"
2008,D,6.761683768536791,350.0,73,"Tim Thomas, Brevin Knight, Cuttino Mobley, Corey Maggette, Chris Kaman"
2008,D,-6.706492027101463,230.0,40,"Kurt Thomas, Earl Watson, Chris Wilcox, Kevin Durant, Jeff Green"
2008,O,6.622340204445472,362.0,105,"Andrei Kirilenko, Mehmet Okur, Carlos Boozer, Kyle Korver, Deron Williams"
2008,D,-6.569098336176586,227.0,72,"Brad Miller, Metta World Peace, John Salmons, Kevin Martin, Beno Udrih"
2008,O,6.52982774167707,230.0,81,"Travis Outlaw, James Jones, Jarrett Jack, LaMarcus Aldridge, Brandon Roy"
2008,O,-6.516664661774646,205.0,66,"Mike Miller, Pau Gasol, Juan Navarro, Rudy Gay, Kyle Lowry"
2008,O,-6.49997074161681,1016.0,177,"Anthony Johnson, Joe Johnson, Josh Smith, Marvin Williams, Al Horford"
2008,O,-6.469888056631437,204.0,38,"Marko Jaric, Al Jefferson, Ryan Gomes, Randy Foye, Corey Brewer"
2008,D,-6.3211771528597955,346.0,79,"Grant Hill, Steve Nash, Shawn Marion, Amar'e Stoudemire, Leandro Barbosa"
2008,D,-6.289441637491424,290.0,65,"Erick Dampier, Dirk Nowitzki, Jason Terry, Josh Howard, Devin Harris"
2008,O,6.258042312331049,450.0,78,"Derek Fisher, Kobe Bryant, Lamar Odom, Vladimir Radmanovic, Ronny Turiaf"
2008,D,6.227096516292272,1986.0,302,"Antonio McDyess, Rasheed Wallace, Chauncey Billups, Richard Hamilton, Tayshaun Prince"
2008,D,6.183190726096003,315.0,104,"Allen Iverson, Marcus Camby, Eduardo Najera, Carmelo Anthony, JR Smith"
2008,O,6.179878386467917,402.0,57,"Anthony Parker, Rasho Nesterovic, Jose Calderon, Jamario Moon, Andrea Bargnani"
2008,D,6.173579498841334,211.0,43,"Mike Miller, Juan Navarro, Darko Milicic, Rudy Gay, Kyle Lowry"
2008,D,-6.130765640255517,266.0,61,"Ben Wallace, Kirk Hinrich, Ben Gordon, Luol Deng, Andres Nocioni"
2008,D,-6.003513764007235,225.0,63,"Jamal Crawford, Quentin Richardson, Zach Randolph, Nate Robinson, David Lee"
2008,O,-5.967968837074267,217.0,66,"Andre Miller, Samuel Dalembert, Reggie Evans, Andre Iguodala, Lou Williams"
2008,D,5.666480000838217,555.0,104,"Derek Fisher, Kobe Bryant, Lamar Odom, Luke Walton, Andrew Bynum"
2008,O,5.648042889805689,1347.0,214,"Antonio Daniels, Antawn Jamison, DeShawn Stevenson, Brendan Haywood, Caron Butler"
2008,O,5.638567135259155,891.0,134,"Rashard Lewis, Hedo Turkoglu, Maurice Evans, Dwight Howard, Jameer Nelson"
2008,D,-5.585048092004545,288.0,95,"Andre Miller, Samuel Dalembert, Andre Iguodala, Lou Williams, Thaddeus Young"
2008,O,5.535278481884803,266.0,49,"Derek Fisher, Kobe Bryant, Lamar Odom, Vladimir Radmanovic, Andrew Bynum"
2008,O,5.523944869675133,291.0,89,"Andre Miller, Samuel Dalembert, Andre Iguodala, Lou Williams, Thaddeus Young"
2008,O,5.480018728894522,855.0,123,"Mike Bibby, Joe Johnson, Josh Smith, Marvin Williams, Al Horford"
2008,D,5.43799575876877,1057.0,169,"Stephen Jackson, Al Harrington, Baron Davis, Andris Biedrins, Monta Ellis"
2008,D,-5.432371238551651,248.0,40,"Mike Miller, Pau Gasol, Darko Milicic, Rudy Gay, Mike Conley"
2008,O,-5.391910817432041,253.0,40,"Mike Miller, Pau Gasol, Darko Milicic, Rudy Gay, Mike Conley"
2008,O,-5.382196099655244,203.0,73,"Travis Outlaw, James Jones, Channing Frye, Jarrett Jack, Sergio Rodriguez"
2008,D,5.357497766945729,333.0,42,"Rafer Alston, Shane Battier, Yao Ming, Luther Head, Chuck Hayes"
2008,D,-5.308804024986216,212.0,53,"Michael Redd, Charlie Bell, Mo Williams, Andrew Bogut, Yi"
2008,D,-5.307419615120549,362.0,66,"Joe Smith, Ben Wallace, Kirk Hinrich, Ben Gordon, Luol Deng"
2008,O,-5.298642350349125,217.0,34,"Bonzi Wells, Rafer Alston, Shane Battier, Yao Ming, Chuck Hayes"
2008,O,5.259661531038171,207.0,63,"Peja Stojakovic, Bobby Jackson, Tyson Chandler, David West, Chris Paul"
2008,D,-5.227988631728836,272.0,83,"Rasheed Wallace, Chauncey Billups, Richard Hamilton, Tayshaun Prince, Jason Maxiell"
2008,O,5.162465513949701,491.0,87,"Jeff Foster, Troy Murphy, Mike Dunleavy, Danny Granger, Travis Diener"
2008,O,5.127611801910862,1060.0,174,"Stephen Jackson, Al Harrington, Baron Davis, Andris Biedrins, Monta Ellis"
2008,O,5.102922037744543,216.0,30,"Zydrunas Ilgauskas, Larry Hughes, Ira Newble, Drew Gooden, LeBron James"
2008,O,5.008779111371123,381.0,66,"Rashard Lewis, Hedo Turkoglu, Maurice Evans, Carlos Arroyo, Dwight Howard"
2008,D,4.995595463950986,244.0,49,"Kevin Garnett, Paul Pierce, Kendrick Perkins, Tony Allen, Rajon Rondo"
2008,D,4.991573112419442,229.0,72,"Grant Hill, Brian Skinner, Raja Bell, Boris Diaw, Leandro Barbosa"
2008,O,4.9053532195585,437.0,62,"Marko Jaric, Al Jefferson, Kirk Snyder, Ryan Gomes, Randy Foye"
2008,O,-4.8398524232291384,258.0,42,"Antonio McDyess, Rasheed Wallace, Chauncey Billups, Tayshaun Prince, Arron Afflalo"
2008,D,4.820197338881643,518.0,130,"Steve Blake, Martell Webster, Channing Frye, LaMarcus Aldridge, Brandon Roy"
2008,D,-4.811533975920728,328.0,73,"Stephen Jackson, Baron Davis, Matt Barnes, Andris Biedrins, Monta Ellis"
2008,D,4.805071174570693,284.0,50,"Allen Iverson, Marcus Camby, Anthony Carter, Kenyon Martin, Linas Kleiza"
2008,D,4.732607654003488,295.0,52,"Jermaine O'Neal, Jeff Foster, Jamaal Tinsley, Mike Dunleavy, Danny Granger"
2008,O,-4.708645264411801,228.0,38,"Zydrunas Ilgauskas, Ben Wallace, Devin Brown, LeBron James, Delonte West"
2008,D,4.661012043258336,424.0,86,"Stephen Jackson, Baron Davis, Mickael Pietrus, Andris Biedrins, Monta Ellis"
2008,O,4.6051931288518775,249.0,54,"Jason Kidd, Vince Carter, Richard Jefferson, Antoine Wright, Josh Boone"
2008,O,4.5959656085038345,326.0,61,"Marko Jaric, Sebastian Telfair, Al Jefferson, Rashad McCants, Ryan Gomes"
2008,O,-4.566154232168312,266.0,70,"Bruce Bowen, Tim Duncan, Manu Ginobili, Tony Parker, Fabricio Oberto"
2008,D,-4.54487413079605,317.0,56,"Marko Jaric, Sebastian Telfair, Al Jefferson, Rashad McCants, Ryan Gomes"
2008,O,4.505811539456822,315.0,74,"Michael Finley, Bruce Bowen, Tim Duncan, Manu Ginobili, Tony Parker"
2008,O,4.501363179590277,369.0,118,"Allen Iverson, Marcus Camby, Eduardo Najera, JR Smith, Linas Kleiza"
2008,D,4.492752327955265,359.0,99,"Peja Stojakovic, Tyson Chandler, Jannero Pargo, David West, Chris Paul"
2008,O,4.42137748901877,453.0,129,"Steve Nash, Raja Bell, Amar'e Stoudemire, Boris Diaw, Leandro Barbosa"
2008,O,4.354875178034556,546.0,108,"Desmond Mason, Michael Redd, Mo Williams, Andrew Bogut, Charlie Villanueva"
2008,D,-4.277425167277192,243.0,52,"Jason Kidd, Vince Carter, Richard Jefferson, Antoine Wright, Josh Boone"
2008,O,4.237452168931141,2274.0,355,"Peja Stojakovic, Morris Peterson, Tyson Chandler, David West, Chris Paul"
2008,D,-4.213376499026029,392.0,104,"Rashard Lewis, Hedo Turkoglu, Carlos Arroyo, Keith Bogans, Dwight Howard"
2008,O,4.143366157859914,300.0,75,"Stephen Jackson, Al Harrington, Baron Davis, Mickael Pietrus, Monta Ellis"
2008,D,-4.108195689314562,540.0,103,"Desmond Mason, Michael Redd, Mo Williams, Andrew Bogut, Charlie Villanueva"
2008,O,4.095550669212882,496.0,103,"Stephen Jackson, Al Harrington, Baron Davis, Matt Barnes, Monta Ellis"
2008,D,-4.07390349827311,375.0,67,"Rashard Lewis, Hedo Turkoglu, Maurice Evans, Carlos Arroyo, Dwight Howard"
2008,D,4.052202437232587,249.0,79,"Andrei Kirilenko, Carlos Boozer, Deron Williams, Ronnie Brewer, Paul Millsap"
2008,O,-4.036833279775544,340.0,49,"Jeff Foster, Troy Murphy, Mike Dunleavy, Flip Murray, Danny Granger"
2008,O,-4.014113020975194,665.0,112,"Tracy McGrady, Rafer Alston, Shane Battier, Yao Ming, Chuck Hayes"
2008,O,-3.977744444168984,301.0,40,"Earl Watson, Chris Wilcox, Johan Petro, Kevin Durant, Jeff Green"
2008,D,3.943046378338384,518.0,86,"Anthony Parker, Rasho Nesterovic, Chris Bosh, T.J. Ford, Jamario Moon"
2008,O,3.9409552373370067,516.0,127,"Steve Blake, Martell Webster, Channing Frye, LaMarcus Aldridge, Brandon Roy"
2008,D,-3.890679196321269,210.0,33,"Marko Jaric, Sebastian Telfair, Al Jefferson, Craig Smith, Corey Brewer"
2008,D,-3.888451196036653,350.0,55,"Michael Redd, Bobby Simmons, Mo Williams, Andrew Bogut, Yi"
2008,O,3.7925617723146003,1912.0,273,"Allen Iverson, Marcus Camby, Anthony Carter, Kenyon Martin, Carmelo Anthony"
2008,O,3.7464815076307194,747.0,120,"Mikki Moore, Brad Miller, Metta World Peace, Kevin Martin, Beno Udrih"
2008,D,3.7192159052501497,1579.0,276,"Andre Miller, Samuel Dalembert, Reggie Evans, Willie Green, Andre Iguodala"
2008,O,-3.693072918692784,391.0,66,"Mikki Moore, Brad Miller, Metta World Peace, John Salmons, Beno Udrih"
2008,O,3.664644577292418,522.0,87,"Anthony Parker, Rasho Nesterovic, Chris Bosh, T.J. Ford, Jamario Moon"
2008,D,-3.62044140472048,358.0,96,"Mike Bibby, Joe Johnson, Josh Childress, Josh Smith, Al Horford"
2008,D,3.6036005532855393,206.0,61,"Andre Miller, Samuel Dalembert, Reggie Evans, Andre Iguodala, Lou Williams"
2008,D,-3.598552614831007,215.0,38,"Juan Navarro, Darko Milicic, Hakim Warrick, Rudy Gay, Mike Conley"
2008,O,3.5968685354575562,220.0,67,"Brad Miller, Metta World Peace, John Salmons, Kevin Martin, Beno Udrih"
2008,D,-3.579944574109858,1909.0,277,"Allen Iverson, Marcus Camby, Anthony Carter, Kenyon Martin, Carmelo Anthony"
2008,D,3.554756555408852,201.0,58,"Jason Kidd, Vince Carter, Richard Jefferson, Bostjan Nachbar, Josh Boone"
2008,D,3.545431159586467,440.0,74,"Derek Fisher, Kobe Bryant, Lamar Odom, Vladimir Radmanovic, Ronny Turiaf"
2008,O,-3.506304229332967,399.0,66,"Jamal Crawford, Quentin Richardson, Eddy Curry, Zach Randolph, Fred Jones"
2008,O,3.4115133862464715,356.0,101,"Mike Bibby, Joe Johnson, Josh Childress, Josh Smith, Al Horford"
2008,O,3.3779175191836783,227.0,76,"Anthony Johnson, Joe Johnson, Josh Childress, Josh Smith, Al Horford"
2008,D,-3.3221641562094777,701.0,119,"Andre Miller, Samuel Dalembert, Willie Green, Andre Iguodala, Thaddeus Young"
2008,D,3.308023828188519,252.0,41,"Antonio McDyess, Rasheed Wallace, Chauncey Billups, Tayshaun Prince, Arron Afflalo"
2008,O,3.3018471303382047,213.0,34,"Jason Kidd, Vince Carter, Malik Allen, Richard Jefferson, Jason Collins"
2008,O,-3.2298752732789398,227.0,39,"Kurt Thomas, Earl Watson, Chris Wilcox, Kevin Durant, Jeff Green"
2008,D,-3.2202655639583098,211.0,64,"Antonio Daniels, Antawn Jamison, DeShawn Stevenson, Caron Butler, Andray Blatche"
2008,D,3.209137587300815,357.0,88,"Allen Iverson, Marcus Camby, Anthony Carter, Eduardo Najera, Carmelo Anthony"
2008,D,-3.1565399854859892,481.0,87,"Jeff Foster, Troy Murphy, Mike Dunleavy, Danny Granger, Travis Diener"
2008,D,3.131720571709607,268.0,43,"Kurt Thomas, Earl Watson, Nick Collison, Kevin Durant, Jeff Green"
2008,O,-3.0819819384124028,485.0,152,"Jason Richardson, Gerald Wallace, Matt Carroll, Emeka Okafor, Raymond Felton"
2008,O,3.0778153639446084,360.0,68,"Joe Smith, Ben Wallace, Kirk Hinrich, Ben Gordon, Luol Deng"
2008,O,3.070124211117905,218.0,66,"Allen Iverson, Marcus Camby, Eduardo Najera, Carmelo Anthony, Linas Kleiza"
2008,O,3.0464700960614435,230.0,35,"Anthony Johnson, Mikki Moore, Brad Miller, Metta World Peace, Kevin Martin"
2008,O,3.032452018785229,400.0,61,"Zydrunas Ilgauskas, Drew Gooden, LeBron James, Sasha Pavlovic, Daniel Gibson"
2008,O,-3.0029234040301347,1374.0,263,"Rashard Lewis, Hedo Turkoglu, Keith Bogans, Dwight Howard, Jameer Nelson"
2008,D,2.9627720647401867,858.0,114,"Grant Hill, Steve Nash, Shawn Marion, Raja Bell, Amar'e Stoudemire"
2008,O,2.910733226437414,315.0,57,"Jason Kidd, Jerry Stackhouse, Erick Dampier, Dirk Nowitzki, Josh Howard"
2008,D,2.8701193254996618,390.0,65,"Mikki Moore, Brad Miller, Metta World Peace, John Salmons, Beno Udrih"
2008,D,-2.8278588383931256,363.0,104,"Andrei Kirilenko, Mehmet Okur, Carlos Boozer, Kyle Korver, Deron Williams"
2008,D,2.783778493622483,235.0,43,"Damon Stoudamire, Mike Miller, Pau Gasol, Juan Navarro, Rudy Gay"
2008,O,-2.6711358638936815,335.0,44,"Rafer Alston, Shane Battier, Yao Ming, Luther Head, Chuck Hayes"
2008,D,2.66109340135008,379.0,59,"Zydrunas Ilgauskas, Larry Hughes, Drew Gooden, LeBron James, Sasha Pavlovic"
2008,D,-2.634251164375855,209.0,74,"Travis Outlaw, James Jones, Channing Frye, Jarrett Jack, Sergio Rodriguez"
2008,D,2.6229142455795986,269.0,42,"Mehmet Okur, Carlos Boozer, Deron Williams, CJ Miles, Ronnie Brewer"
2008,D,2.5739710196216565,2273.0,352,"Peja Stojakovic, Morris Peterson, Tyson Chandler, David West, Chris Paul"
2008,D,2.5657799069691625,238.0,64,"Tracy McGrady, Rafer Alston, Shane Battier, Luis Scola, Chuck Hayes"
2008,D,-2.5275045109310454,213.0,37,"Jason Kidd, Vince Carter, Malik Allen, Richard Jefferson, Jason Collins"
2008,O,2.504128988399435,351.0,56,"Michael Redd, Bobby Simmons, Mo Williams, Andrew Bogut, Yi"
2008,D,-2.4724067831001015,513.0,85,"Stephon Marbury, Jamal Crawford, Quentin Richardson, Eddy Curry, Zach Randolph"
2008,O,-2.463105406898977,301.0,57,"Jermaine O'Neal, Jeff Foster, Jamaal Tinsley, Mike Dunleavy, Danny Granger"
2008,O,2.4568257817843677,482.0,72,"Dikembe Mutombo, Tracy McGrady, Rafer Alston, Shane Battier, Luis Scola"
2008,D,2.4435294081649404,890.0,135,"Rashard Lewis, Hedo Turkoglu, Maurice Evans, Dwight Howard, Jameer Nelson"
2008,D,-2.343491266632168,338.0,49,"Jeff Foster, Troy Murphy, Mike Dunleavy, Flip Murray, Danny Granger"
2008,D,-2.241565252974713,313.0,70,"Grant Hill, Steve Nash, Raja Bell, Amar'e Stoudemire, Boris Diaw"
2008,D,-2.2272287958551513,932.0,191,"Jeff McInnis, Jason Richardson, Gerald Wallace, Emeka Okafor, Raymond Felton"
2008,D,-2.2260539266166806,406.0,130,"Matt Harpring, Mehmet Okur, Kyle Korver, Deron Williams, Paul Millsap"
2008,O,-2.117062723093216,428.0,84,"Nazr Mohammed, Jason Richardson, Gerald Wallace, Emeka Okafor, Raymond Felton"
2008,O,2.109937747325911,553.0,115,"Tracy McGrady, Rafer Alston, Shane Battier, Yao Ming, Luis Scola"
2008,O,2.1087841788142523,273.0,64,"Ben Wallace, Kirk Hinrich, Ben Gordon, Luol Deng, Andres Nocioni"
2008,O,2.100854001575162,1903.0,282,"Andrei Kirilenko, Mehmet Okur, Carlos Boozer, Deron Williams, Ronnie Brewer"
2008,O,2.097452332284086,411.0,63,"Mike Miller, Darko Milicic, Hakim Warrick, Rudy Gay, Mike Conley"
2008,D,-2.0664328172739594,834.0,123,"Mike Bibby, Joe Johnson, Josh Smith, Marvin Williams, Al Horford"
2008,O,2.0394234158329967,349.0,92,"Allen Iverson, Marcus Camby, Anthony Carter, Eduardo Najera, Carmelo Anthony"
2008,D,2.0267508136106978,296.0,82,"Brevin Knight, Cuttino Mobley, Corey Maggette, Chris Kaman, Al Thornton"
2008,D,2.022805797583204,1366.0,260,"Rashard Lewis, Hedo Turkoglu, Keith Bogans, Dwight Howard, Jameer Nelson"
2008,O,-2.016524703764681,346.0,71,"Zydrunas Ilgauskas, Larry Hughes, Drew Gooden, LeBron James, Daniel Gibson"
2008,D,-1.9825582685471186,262.0,47,"Jamal Crawford, Quentin Richardson, Eddy Curry, Zach Randolph, Nate Robinson"
2008,O,-1.925554011138556,376.0,87,"Earl Watson, Chris Wilcox, Nick Collison, Damien Wilkins, Kevin Durant"
2008,D,1.8961947668308343,486.0,152,"Jason Richardson, Gerald Wallace, Matt Carroll, Emeka Okafor, Raymond Felton"
2008,O,1.8796325533504494,1999.0,304,"Antonio McDyess, Rasheed Wallace, Chauncey Billups, Richard Hamilton, Tayshaun Prince"
2008,O,-1.8197175575284936,655.0,113,"Jason Kidd, Vince Carter, Richard Jefferson, Josh Boone, Sean Williams"
2008,D,1.8134036597397125,477.0,69,"Dikembe Mutombo, Tracy McGrady, Rafer Alston, Shane Battier, Luis Scola"
2008,D,-1.8126700301875585,259.0,72,"Bruce Bowen, Tim Duncan, Manu Ginobili, Tony Parker, Fabricio Oberto"
2008,O,-1.7193296866048238,327.0,49,"Nazr Mohammed, Jason Richardson, Matt Carroll, Emeka Okafor, Raymond Felton"
2008,O,-1.7163023090696572,1005.0,152,"Joel Przybilla, Steve Blake, Martell Webster, LaMarcus Aldridge, Brandon Roy"
2008,D,1.7022340434226502,996.0,160,"Anthony Parker, Chris Bosh, Jose Calderon, Jamario Moon, Andrea Bargnani"
2008,D,-1.6990758701144106,347.0,99,"Antonio McDyess, Chauncey Billups, Richard Hamilton, Tayshaun Prince, Jason Maxiell"
2008,D,-1.6631100474233314,747.0,119,"Mikki Moore, Brad Miller, Metta World Peace, Kevin Martin, Beno Udrih"
2008,O,1.6150785076598988,339.0,52,"Antonio Daniels, Antawn Jamison, DeShawn Stevenson, Brendan Haywood, Andray Blatche"
2008,D,-1.5931258259308223,435.0,61,"Marko Jaric, Al Jefferson, Kirk Snyder, Ryan Gomes, Randy Foye"
2008,O,-1.5615691894545936,495.0,103,"Mikki Moore, Brad Miller, John Salmons, Beno Udrih, Francisco Garcia"
2008,O,-1.5354669463280288,210.0,38,"Juan Navarro, Darko Milicic, Hakim Warrick, Rudy Gay, Mike Conley"
2008,D,1.5315178546154855,228.0,79,"Allen Iverson, Kenyon Martin, Eduardo Najera, JR Smith, Linas Kleiza"
2008,O,1.5206708858949978,209.0,30,"Larry Hughes, Kirk Hinrich, Luol Deng, Tyrus Thomas, Joakim Noah"
2008,O,1.4904951443036834,411.0,64,"Vince Carter, Richard Jefferson, Nenad Krstic, Devin Harris, Josh Boone"
2008,O,-1.4725700876365582,218.0,37,"Kurt Thomas, Bruce Bowen, Tim Duncan, Manu Ginobili, Tony Parker"
2008,O,1.463162792394449,291.0,76,"Jamal Crawford, Quentin Richardson, Zach Randolph, Fred Jones, David Lee"
2008,O,-1.4366804462091955,350.0,60,"Allen Iverson, Marcus Camby, Kenyon Martin, Carmelo Anthony, Yakhouba Diawara"
2008,D,1.3312439956402322,366.0,100,"Jason Richardson, Matt Carroll, Emeka Okafor, Raymond Felton, Jared Dudley"
2008,D,-1.325124397599962,912.0,163,"Desmond Mason, Michael Redd, Mo Williams, Andrew Bogut, Yi"
2008,D,-1.3188719999115208,737.0,105,"Michael Finley, Bruce Bowen, Tim Duncan, Tony Parker, Fabricio Oberto"
2008,O,1.287997471436456,332.0,56,"Derek Fisher, Kobe Bryant, Lamar Odom, Pau Gasol, Luke Walton"
2008,O,1.274576973086262,340.0,96,"Antonio McDyess, Chauncey Billups, Richard Hamilton, Tayshaun Prince, Jason Maxiell"
2008,D,1.2629685453977473,219.0,74,"Anthony Johnson, Joe Johnson, Josh Childress, Josh Smith, Al Horford"
2008,D,1.224106913356883,218.0,69,"Allen Iverson, Marcus Camby, Eduardo Najera, Carmelo Anthony, Linas Kleiza"
2008,O,-1.181105307535728,213.0,55,"Michael Redd, Charlie Bell, Mo Williams, Andrew Bogut, Yi"
2008,O,1.1668955528022795,407.0,130,"Matt Harpring, Mehmet Okur, Kyle Korver, Deron Williams, Paul Millsap"
2008,O,-1.1639909904035088,414.0,75,"Earl Watson, Nick Collison, Johan Petro, Kevin Durant, Jeff Green"
2008,D,-1.1612461069797126,270.0,58,"Derek Fisher, Kobe Bryant, Lamar Odom, Kwame Brown, Luke Walton"
2008,D,-1.154286314752963,339.0,52,"Antonio Daniels, Antawn Jamison, DeShawn Stevenson, Brendan Haywood, Andray Blatche"
2008,O,1.1252109461959994,310.0,66,"Jason Richardson, Gerald Wallace, Emeka Okafor, Raymond Felton, Jared Dudley"
2008,O,-1.0812878250218114,732.0,106,"Michael Finley, Bruce Bowen, Tim Duncan, Tony Parker, Fabricio Oberto"
2008,D,1.0731446807475784,404.0,59,"Anthony Parker, Rasho Nesterovic, Jose Calderon, Jamario Moon, Andrea Bargnani"
2008,O,1.052473061227045,316.0,44,"Larry Hughes, Drew Gooden, Kirk Hinrich, Luol Deng, Joakim Noah"
2008,D,1.0086953206354041,347.0,49,"Primoz Brezec, Jason Richardson, Gerald Wallace, Emeka Okafor, Raymond Felton"
2008,D,-1.0047617101923845,263.0,46,"Andrei Kirilenko, Jarron Collins, Carlos Boozer, Deron Williams, Ronnie Brewer"
2008,O,1.0022000823164137,2031.0,297,"Kevin Garnett, Ray Allen, Paul Pierce, Kendrick Perkins, Rajon Rondo"
2008,O,-0.9845842076814756,264.0,47,"Andrei Kirilenko, Jarron Collins, Carlos Boozer, Deron Williams, Ronnie Brewer"
2008,D,-0.9737436765224903,405.0,69,"Jamal Crawford, Quentin Richardson, Eddy Curry, Zach Randolph, Fred Jones"
2008,D,-0.9229444540194465,271.0,87,"Kevin Garnett, Ray Allen, Paul Pierce, James Posey, Rajon Rondo"
2008,D,-0.9158476253718734,594.0,89,"Grant Hill, Shaquille O'Neal, Steve Nash, Raja Bell, Amar'e Stoudemire"
2008,D,-0.8978833239511301,217.0,35,"Bonzi Wells, Rafer Alston, Shane Battier, Yao Ming, Chuck Hayes"
2008,D,0.8876358037147793,213.0,31,"Zydrunas Ilgauskas, Larry Hughes, Ira Newble, Drew Gooden, LeBron James"
2008,D,0.8474518240202199,489.0,98,"Mikki Moore, Brad Miller, John Salmons, Beno Udrih, Francisco Garcia"
2008,O,-0.834710431362936,209.0,43,"Mike Miller, Juan Navarro, Darko Milicic, Rudy Gay, Kyle Lowry"
2008,D,0.8155009759044036,313.0,50,"Eddie Jones, Erick Dampier, Dirk Nowitzki, Josh Howard, Devin Harris"
2008,D,-0.7448197777332617,666.0,115,"Tracy McGrady, Rafer Alston, Shane Battier, Yao Ming, Chuck Hayes"
2008,D,0.7272894993518199,496.0,103,"Stephen Jackson, Al Harrington, Baron Davis, Matt Barnes, Monta Ellis"
2008,O,0.6245537877676423,312.0,48,"Eddie Jones, Erick Dampier, Dirk Nowitzki, Josh Howard, Devin Harris"
2008,D,-0.6127392738779105,753.0,116,"Derek Fisher, Kobe Bryant, Lamar Odom, Pau Gasol, Vladimir Radmanovic"
2008,D,-0.5972485313438202,315.0,64,"Antawn Jamison, DeShawn Stevenson, Brendan Haywood, Caron Butler, Roger Mason Jr."
2008,O,0.5729637600118547,921.0,164,"Desmond Mason, Michael Redd, Mo Williams, Andrew Bogut, Yi"
2008,D,-0.5574931004630096,418.0,78,"Jermaine O'Neal, Troy Murphy, Jamaal Tinsley, Mike Dunleavy, Danny Granger"
2008,O,0.5486227495563379,268.0,85,"Kevin Garnett, Ray Allen, Paul Pierce, James Posey, Rajon Rondo"
2008,D,-0.4449462796834927,336.0,79,"Stephen Jackson, Baron Davis, Andris Biedrins, Monta Ellis, Kelenna Azubuike"
2008,D,0.41352509066795445,1007.0,152,"Joel Przybilla, Steve Blake, Martell Webster, LaMarcus Aldridge, Brandon Roy"
2008,D,0.38185238015768047,548.0,113,"Tracy McGrady, Rafer Alston, Shane Battier, Yao Ming, Luis Scola"
2008,D,-0.36914061220694644,401.0,63,"Zydrunas Ilgauskas, Drew Gooden, LeBron James, Sasha Pavlovic, Daniel Gibson"
2008,D,-0.3574185811883347,319.0,61,"Jason Kidd, Jerry Stackhouse, Erick Dampier, Dirk Nowitzki, Josh Howard"
2008,D,-0.339625406347232,315.0,75,"Michael Finley, Bruce Bowen, Tim Duncan, Manu Ginobili, Tony Parker"
2008,D,-0.31095250226083887,347.0,76,"Shaquille O'Neal, Jason Williams, Ricky Davis, Dwyane Wade, Udonis Haslem"
2008,D,0.29363496518919807,292.0,69,"Anthony Parker, Rasho Nesterovic, Chris Bosh, Jose Calderon, Jamario Moon"
2008,D,-0.2580282586579375,655.0,116,"Jason Kidd, Vince Carter, Richard Jefferson, Josh Boone, Sean Williams"
2008,D,0.2494967473657262,310.0,68,"Jason Richardson, Gerald Wallace, Emeka Okafor, Raymond Felton, Jared Dudley"
2008,D,-0.24106484219526186,334.0,74,"Zydrunas Ilgauskas, Larry Hughes, Drew Gooden, LeBron James, Daniel Gibson"
2008,O,0.21540968564134147,240.0,76,"Allen Iverson, Marcus Camby, Kenyon Martin, Carmelo Anthony, Linas Kleiza"
2008,O,-0.2032014711093273,694.0,122,"Andre Miller, Samuel Dalembert, Willie Green, Andre Iguodala, Thaddeus Young"
2008,D,0.18333971822990147,410.0,72,"Earl Watson, Nick Collison, Johan Petro, Kevin Durant, Jeff Green"
2008,O,0.16155963248809788,225.0,52,"Allen Iverson, Marcus Camby, Anthony Carter, Carmelo Anthony, Linas Kleiza"
2008,O,0.15888223348277913,600.0,92,"Grant Hill, Shaquille O'Neal, Steve Nash, Raja Bell, Amar'e Stoudemire"
2008,D,0.15795838269984516,371.0,54,"Damon Stoudamire, Mike Miller, Pau Gasol, Darko Milicic, Rudy Gay"
2008,D,-0.15051876388666524,1361.0,218,"Antonio Daniels, Antawn Jamison, DeShawn Stevenson, Brendan Haywood, Caron Butler"
2008,D,0.1437986267703968,213.0,38,"Kurt Thomas, Bruce Bowen, Tim Duncan, Manu Ginobili, Tony Parker"
2008,O,0.14105641277218695,230.0,64,"Tracy McGrady, Rafer Alston, Shane Battier, Luis Scola, Chuck Hayes"
2008,O,-0.12520584583563346,931.0,186,"Jeff McInnis, Jason Richardson, Gerald Wallace, Emeka Okafor, Raymond Felton"
2008,D,0.10381755536870313,1901.0,284,"Andrei Kirilenko, Mehmet Okur, Carlos Boozer, Deron Williams, Ronnie Brewer"
2008,D,-0.1005546861140311,230.0,35,"Anthony Johnson, Mikki Moore, Brad Miller, Metta World Peace, Kevin Martin"
2008,D,-0.09992842452357326,364.0,63,"Mikki Moore, Mike Bibby, Brad Miller, Metta World Peace, Kevin Martin"
2008,D,-0.049883710236548154,415.0,64,"Vince Carter, Richard Jefferson, Nenad Krstic, Devin Harris, Josh Boone"
2008,O,-0.02394409981263512,335.0,55,"Steve Nash, Shawn Marion, Raja Bell, Amar'e Stoudemire, Boris Diaw"
2008,O,0.013894156351000006,1597.0,271,"Andre Miller, Samuel Dalembert, Reggie Evans, Willie Green, Andre Iguodala"
2009,O,-18.213478245896145,219.0,30,"Jermaine O'Neal, Anthony Parker, Chris Bosh, Jose Calderon, Andrea Bargnani"
2009,O,18.14110404225603,234.0,73,"Joel Przybilla, Steve Blake, LaMarcus Aldridge, Brandon Roy, Rudy Fernandez"
2009,O,18.115336900653276,279.0,86,"Andrei Kirilenko, Mehmet Okur, Kyle Korver, Deron Williams, Paul Millsap"
2009,O,17.197820637818996,235.0,85,"Travis Outlaw, Steve Blake, LaMarcus Aldridge, Brandon Roy, Greg Oden"
2009,O,-15.187398277319716,237.0,38,"Earl Watson, Nick Collison, Johan Petro, Kevin Durant, Jeff Green"
2009,O,15.060604335192824,240.0,74,"Peja Stojakovic, James Posey, Rasual Butler, David West, Chris Paul"
2009,D,14.787121735957228,496.0,109,"Rashard Lewis, Hedo Turkoglu, Dwight Howard, Jameer Nelson, Courtney Lee"
2009,O,14.776421651259446,203.0,63,"Mike Bibby, Joe Johnson, Flip Murray, Zaza Pachulia, Josh Smith"
2009,D,-14.644056130052173,303.0,62,"Michael Finley, Tim Duncan, Manu Ginobili, Tony Parker, Matt Bonner"
2009,D,14.125264214513992,312.0,88,"Lamar Odom, Sasha Vujacic, Trevor Ariza, Andrew Bynum, Jordan Farmar"
2009,D,-13.287366627627108,221.0,58,"Antonio McDyess, Rasheed Wallace, Allen Iverson, Richard Hamilton, Tayshaun Prince"
2009,D,13.227843858991037,644.0,101,"Elton Brand, Andre Miller, Samuel Dalembert, Andre Iguodala, Thaddeus Young"
2009,D,13.054131859019726,200.0,35,"Chauncey Billups, Nene, Carmelo Anthony, Dahntay Jones, Renaldo Balkman"
2009,O,12.485542985042954,237.0,62,"Jason Kidd, Dirk Nowitzki, Jason Terry, Antoine Wright, Brandon Bass"
2009,D,12.421713579768854,234.0,71,"Joel Przybilla, Steve Blake, LaMarcus Aldridge, Brandon Roy, Rudy Fernandez"
2009,O,12.11208174098074,287.0,82,"Jason Kidd, Dirk Nowitzki, Jason Terry, Josh Howard, Brandon Bass"
2009,O,-11.998798588577225,257.0,46,"Jermaine O'Neal, Anthony Parker, Chris Bosh, Jose Calderon, Jamario Moon"
2009,D,-11.918751667205909,219.0,60,"Wally Szczerbiak, Mo Williams, Anderson Varejao, Daniel Gibson, JJ Hickson"
2009,O,11.908696060562487,979.0,161,"Joel Przybilla, Steve Blake, LaMarcus Aldridge, Brandon Roy, Nicolas Batum"
2009,D,11.86095656554156,532.0,111,"Rashard Lewis, Hedo Turkoglu, Keith Bogans, Dwight Howard, Jameer Nelson"
2009,O,-11.859762150342002,210.0,60,"Wally Szczerbiak, Mo Williams, Anderson Varejao, Daniel Gibson, JJ Hickson"
2009,D,11.835025106900723,413.0,70,"Michael Redd, Richard Jefferson, Luke Ridnour, Andrew Bogut, Luc Mbah a Moute"
2009,O,-11.635213612774034,313.0,51,"Tracy McGrady, Rafer Alston, Shane Battier, Yao Ming, Luis Scola"
2009,O,11.477661289708303,215.0,53,"Michael Redd, Richard Jefferson, Luke Ridnour, Andrew Bogut, Charlie Villanueva"
2009,O,11.464012058825963,207.0,38,"Chauncey Billups, Nene, Carmelo Anthony, Dahntay Jones, Renaldo Balkman"
2009,O,-11.22644534798195,543.0,83,"Nenad Krstic, Thabo Sefolosha, Kevin Durant, Jeff Green, Russell Westbrook"
2009,O,-11.097294642858046,222.0,42,"John Salmons, Kevin Martin, Beno Udrih, Spencer Hawes, Jason Thompson"
2009,O,11.070740375232038,353.0,95,"Gerald Wallace, Boris Diaw, Emeka Okafor, Raymond Felton, D.J. Augustin"
2009,D,-10.962993586121065,339.0,49,"Quentin Richardson, Jared Jeffries, Chris Duhon, David Lee, Wilson Chandler"
2009,D,-10.859916162306325,214.0,42,"John Salmons, Kevin Martin, Beno Udrih, Spencer Hawes, Jason Thompson"
2009,D,-10.77640637028402,274.0,44,"Brad Miller, John Salmons, Beno Udrih, Francisco Garcia, Spencer Hawes"
2009,D,10.666193387175936,201.0,29,"Tyson Chandler, Rasual Butler, David West, Chris Paul, Julian Wright"
2009,D,-10.541959694087879,206.0,32,"Antonio McDyess, Richard Hamilton, Kwame Brown, Tayshaun Prince, Rodney Stuckey"
2009,O,10.49593696609753,336.0,89,"Shawn Marion, Dwyane Wade, Udonis Haslem, Daequan Cook, Mario Chalmers"
2009,O,10.276020923820763,229.0,65,"Anthony Johnson, Rashard Lewis, Hedo Turkoglu, Dwight Howard, Courtney Lee"
2009,O,10.242539965341642,480.0,76,"Sebastian Telfair, Al Jefferson, Ryan Gomes, Randy Foye, Craig Smith"
2009,O,10.141926446898095,457.0,94,"Mike Miller, Sebastian Telfair, Ryan Gomes, Randy Foye, Kevin Love"
2009,D,-10.08698853499561,308.0,61,"Nick Collison, Kevin Durant, Jeff Green, Russell Westbrook, Kyle Weaver"
2009,O,9.979390816415325,216.0,32,"Kevin Garnett, Ray Allen, Paul Pierce, Brian Scalabrine, Rajon Rondo"
2009,D,9.956207881399571,217.0,51,"Michael Redd, Richard Jefferson, Luke Ridnour, Andrew Bogut, Charlie Villanueva"
2009,D,-9.943204491677792,293.0,95,"Hakim Warrick, Rudy Gay, Kyle Lowry, Marc Gasol, O.J. Mayo"
2009,D,9.70911148142053,219.0,35,"Jamal Crawford, Quentin Richardson, Zach Randolph, Chris Duhon, Wilson Chandler"
2009,D,-9.68500075271363,652.0,122,"Ray Allen, Paul Pierce, Kendrick Perkins, Rajon Rondo, Glen Davis"
2009,D,-9.672558330654837,762.0,121,"Grant Hill, Shaquille O'Neal, Steve Nash, Jason Richardson, Matt Barnes"
2009,D,9.632916264874348,331.0,96,"Chauncey Billups, Kenyon Martin, Nene, Carmelo Anthony, JR Smith"
2009,O,9.561157221026708,383.0,103,"Mike Bibby, Joe Johnson, Flip Murray, Josh Smith, Al Horford"
2009,D,-9.234594589056995,201.0,51,"Mike Bibby, Joe Johnson, Maurice Evans, Marvin Williams, Al Horford"
2009,O,9.156038237178247,294.0,105,"Kobe Bryant, Lamar Odom, Pau Gasol, Trevor Ariza, Jordan Farmar"
2009,D,9.145078460115203,208.0,69,"Joel Przybilla, Travis Outlaw, LaMarcus Aldridge, Sergio Rodriguez, Rudy Fernandez"
2009,D,-8.980367560776834,218.0,30,"Jermaine O'Neal, Anthony Parker, Chris Bosh, Jose Calderon, Andrea Bargnani"
2009,O,8.784007119553863,306.0,91,"Mehmet Okur, Kyle Korver, Deron Williams, Ronnie Brewer, Paul Millsap"
2009,D,8.762834202288188,215.0,32,"Kevin Garnett, Ray Allen, Paul Pierce, Brian Scalabrine, Rajon Rondo"
2009,O,-8.757969760130576,243.0,47,"Nenad Krstic, Kevin Durant, Jeff Green, Russell Westbrook, Kyle Weaver"
2009,O,8.651246869194713,501.0,108,"Rashard Lewis, Hedo Turkoglu, Dwight Howard, Jameer Nelson, Courtney Lee"
2009,O,-8.598725898340742,258.0,89,"Andre Miller, Samuel Dalembert, Andre Iguodala, Lou Williams, Thaddeus Young"
2009,O,-8.579080445179716,233.0,48,"Quentin Richardson, Chris Duhon, Nate Robinson, David Lee, Wilson Chandler"
2009,O,-8.500512179539177,278.0,40,"Rasheed Wallace, Allen Iverson, Richard Hamilton, Kwame Brown, Tayshaun Prince"
2009,O,8.444514357472928,208.0,72,"Joel Przybilla, Travis Outlaw, LaMarcus Aldridge, Sergio Rodriguez, Rudy Fernandez"
2009,D,8.397650765696149,261.0,55,"Anthony Johnson, Rashard Lewis, Hedo Turkoglu, Mickael Pietrus, Dwight Howard"
2009,D,-8.366210836124433,559.0,86,"John Salmons, Ben Gordon, Tyrus Thomas, Joakim Noah, Derrick Rose"
2009,D,-8.150423569290478,745.0,107,"Anthony Parker, Shawn Marion, Chris Bosh, Jose Calderon, Andrea Bargnani"
2009,D,8.078675872404624,322.0,62,"Desmond Mason, Nick Collison, Kevin Durant, Jeff Green, Russell Westbrook"
2009,D,8.071185103523165,472.0,75,"Rasheed Wallace, Allen Iverson, Richard Hamilton, Tayshaun Prince, Rodney Stuckey"
2009,O,7.86869769677513,413.0,71,"Brad Miller, John Salmons, Kevin Martin, Beno Udrih, Jason Thompson"
2009,O,7.73518382824734,227.0,49,"Vince Carter, Keyon Dooling, Devin Harris, Brook Lopez, Ryan Anderson"
2009,D,7.734506757968704,884.0,141,"Zydrunas Ilgauskas, Ben Wallace, LeBron James, Mo Williams, Delonte West"
2009,D,7.682682906511655,256.0,69,"Derek Fisher, Kobe Bryant, Lamar Odom, Pau Gasol, Vladimir Radmanovic"
2009,O,7.655315966195465,203.0,46,"Antonio McDyess, Richard Hamilton, Tayshaun Prince, Jason Maxiell, Rodney Stuckey"
2009,O,7.646310911155738,262.0,42,"LaMarcus Aldridge, Brandon Roy, Sergio Rodriguez, Greg Oden, Nicolas Batum"
2009,D,7.514521754089209,266.0,86,"Wally Szczerbiak, LeBron James, Delonte West, Anderson Varejao, Daniel Gibson"
2009,O,-7.230061428578578,281.0,46,"Brad Miller, John Salmons, Beno Udrih, Francisco Garcia, Spencer Hawes"
2009,O,-7.217177869154399,645.0,101,"Elton Brand, Andre Miller, Samuel Dalembert, Andre Iguodala, Thaddeus Young"
2009,O,7.199134150839705,308.0,63,"Michael Finley, Tim Duncan, Manu Ginobili, Tony Parker, Matt Bonner"
2009,O,7.166005556088433,217.0,66,"Chauncey Billups, Anthony Carter, Kenyon Martin, Nene, Carmelo Anthony"
2009,D,7.147154297695212,204.0,37,"Marcus Camby, Cuttino Mobley, Baron Davis, Chris Kaman, Al Thornton"
2009,D,7.144115486164649,261.0,92,"Paul Pierce, Eddie House, Tony Allen, Leon Powe, Glen Davis"
2009,D,-7.116579341690596,229.0,37,"Ben Wallace, LeBron James, Sasha Pavlovic, Mo Williams, Anderson Varejao"
2009,D,-7.0209325510377365,232.0,36,"Rasual Butler, David West, Chris Paul, Hilton Armstrong, Julian Wright"
2009,D,-6.970130634131949,324.0,56,"Rasheed Wallace, Allen Iverson, Tayshaun Prince, Amir Johnson, Rodney Stuckey"
2009,D,6.898809588303807,412.0,122,"Joel Przybilla, Travis Outlaw, Steve Blake, LaMarcus Aldridge, Brandon Roy"
2009,D,6.852906902262355,542.0,109,"Shawn Marion, Dwyane Wade, Udonis Haslem, Michael Beasley, Mario Chalmers"
2009,D,-6.759220158489335,545.0,83,"Nenad Krstic, Thabo Sefolosha, Kevin Durant, Jeff Green, Russell Westbrook"
2009,O,6.750690473748387,217.0,36,"Jamal Crawford, Quentin Richardson, Zach Randolph, Chris Duhon, Wilson Chandler"
2009,D,6.730478128249277,345.0,89,"Earl Watson, Nick Collison, Kevin Durant, Jeff Green, Russell Westbrook"
2009,O,6.663208501268854,262.0,49,"Andre Miller, Samuel Dalembert, Reggie Evans, Willie Green, Andre Iguodala"
2009,O,6.622700942027626,335.0,64,"Desmond Mason, Nick Collison, Kevin Durant, Jeff Green, Russell Westbrook"
2009,D,-6.606518745790957,258.0,93,"Andre Miller, Samuel Dalembert, Andre Iguodala, Lou Williams, Thaddeus Young"
2009,D,-6.585242858178715,263.0,43,"LaMarcus Aldridge, Brandon Roy, Sergio Rodriguez, Greg Oden, Nicolas Batum"
2009,O,6.561156638793434,310.0,95,"Anthony Carter, Chris Andersen, Nene, JR Smith, Linas Kleiza"
2009,D,-6.5281727670897585,397.0,77,"Anthony Parker, Chris Bosh, Jose Calderon, Jamario Moon, Andrea Bargnani"
2009,D,6.4949994028839715,257.0,47,"Jermaine O'Neal, Anthony Parker, Chris Bosh, Jose Calderon, Jamario Moon"
2009,D,-6.491001225340679,525.0,78,"Jermaine O'Neal, Dwyane Wade, Udonis Haslem, Jamario Moon, Mario Chalmers"
2009,D,6.431364308791318,980.0,162,"Joel Przybilla, Steve Blake, LaMarcus Aldridge, Brandon Roy, Nicolas Batum"
2009,D,-6.4094310622353,231.0,61,"Jason Kidd, Dirk Nowitzki, Jason Terry, Antoine Wright, Brandon Bass"
2009,O,6.361125285414241,983.0,213,"Derek Fisher, Kobe Bryant, Lamar Odom, Pau Gasol, Trevor Ariza"
2009,D,6.313325543240227,215.0,49,"Sebastian Telfair, Al Jefferson, Ryan Gomes, Randy Foye, Kevin Love"
2009,D,6.120510026546899,288.0,83,"Jason Kidd, Dirk Nowitzki, Jason Terry, Josh Howard, Brandon Bass"
2009,O,6.04148970310146,238.0,40,"Troy Murphy, Danny Granger, Jarrett Jack, Brandon Rush, Roy Hibbert"
2009,O,6.0258149350986665,415.0,122,"Joel Przybilla, Travis Outlaw, Steve Blake, LaMarcus Aldridge, Brandon Roy"
2009,O,-6.023132237122806,760.0,139,"Marcus Camby, Baron Davis, Zach Randolph, Al Thornton, Eric Gordon"
2009,O,-6.009615504724177,600.0,105,"Ben Gordon, Luol Deng, Tyrus Thomas, Joakim Noah, Derrick Rose"
2009,O,5.995932463675591,559.0,84,"John Salmons, Ben Gordon, Tyrus Thomas, Joakim Noah, Derrick Rose"
2009,D,5.974674436808299,486.0,83,"Al Harrington, Jared Jeffries, Chris Duhon, David Lee, Wilson Chandler"
2009,D,-5.9685111865807015,205.0,45,"Antonio McDyess, Richard Hamilton, Tayshaun Prince, Jason Maxiell, Rodney Stuckey"
2009,O,-5.944802453996881,748.0,106,"Anthony Parker, Shawn Marion, Chris Bosh, Jose Calderon, Andrea Bargnani"
2009,D,5.9019573320323,243.0,46,"Richard Jefferson, Charlie Bell, Dan Gadzuric, Charlie Villanueva, Ramon Sessions"
2009,O,5.892234994992324,294.0,78,"Jason Kidd, Erick Dampier, Dirk Nowitzki, Jason Terry, Antoine Wright"
2009,D,5.864945928758812,315.0,67,"Ben Wallace, LeBron James, Mo Williams, Delonte West, Anderson Varejao"
2009,D,5.759197860220559,430.0,65,"Tracy McGrady, Rafer Alston, Metta World Peace, Yao Ming, Luis Scola"
2009,O,5.65316747516854,359.0,68,"Vince Carter, Bobby Simmons, Devin Harris, Brook Lopez, Ryan Anderson"
2009,O,5.630154527322942,490.0,76,"Steve Blake, LaMarcus Aldridge, Brandon Roy, Greg Oden, Nicolas Batum"
2009,D,5.611395627008271,221.0,36,"Anthony Parker, Will Solomon, Chris Bosh, Jamario Moon, Andrea Bargnani"
2009,D,5.5177344037583245,260.0,49,"Rafer Alston, Metta World Peace, Shane Battier, Yao Ming, Luis Scola"
2009,D,5.501982765786212,452.0,71,"Rasho Nesterovic, Troy Murphy, T.J. Ford, Marquis Daniels, Danny Granger"
2009,O,-5.438737337387312,491.0,65,"Mehmet Okur, Carlos Boozer, Deron Williams, CJ Miles, Ronnie Brewer"
2009,O,5.35600589692185,205.0,50,"Mike Bibby, Joe Johnson, Maurice Evans, Marvin Williams, Al Horford"
2009,D,5.321146344897371,231.0,45,"Mike Bibby, Joe Johnson, Zaza Pachulia, Marvin Williams, Al Horford"
2009,D,5.313151542931453,999.0,165,"Michael Finley, Tim Duncan, Tony Parker, Roger Mason Jr., Matt Bonner"
2009,O,-5.303455808117347,267.0,64,"Derek Fisher, Kobe Bryant, Pau Gasol, Trevor Ariza, Andrew Bynum"
2009,O,-5.277994651408315,546.0,102,"Shawn Marion, Dwyane Wade, Udonis Haslem, Michael Beasley, Mario Chalmers"
2009,D,5.250212090573555,313.0,99,"Anthony Carter, Chris Andersen, Nene, JR Smith, Linas Kleiza"
2009,D,-5.228327087435665,289.0,103,"Kobe Bryant, Lamar Odom, Pau Gasol, Trevor Ariza, Jordan Farmar"
2009,O,5.213050695850412,522.0,88,"Antawn Jamison, Mike James, Caron Butler, Andray Blatche, Dominic McGuire"
2009,O,-5.208179259537661,665.0,98,"Shawn Marion, Dwyane Wade, Udonis Haslem, Joel Anthony, Mario Chalmers"
2009,O,-5.202203434415517,1043.0,164,"Mike Bibby, Joe Johnson, Josh Smith, Marvin Williams, Al Horford"
2009,D,5.196954220526728,432.0,63,"Francisco Elson, Richard Jefferson, Charlie Villanueva, Ramon Sessions, Luc Mbah a Moute"
2009,D,-5.141823998599601,901.0,142,"Mehmet Okur, Deron Williams, CJ Miles, Ronnie Brewer, Paul Millsap"
2009,D,5.128629538443215,1508.0,263,"Raja Bell, Gerald Wallace, Boris Diaw, Emeka Okafor, Raymond Felton"
2009,O,5.0736092549500995,487.0,85,"Al Harrington, Jared Jeffries, Chris Duhon, David Lee, Wilson Chandler"
2009,O,5.057118045898633,630.0,102,"Vince Carter, Bobby Simmons, Devin Harris, Yi, Brook Lopez"
2009,D,5.021042774212672,744.0,138,"Marcus Camby, Baron Davis, Zach Randolph, Al Thornton, Eric Gordon"
2009,O,5.014018836222835,1424.0,207,"Andre Miller, Samuel Dalembert, Willie Green, Andre Iguodala, Thaddeus Young"
2009,D,-4.999450879001471,520.0,90,"Antawn Jamison, Mike James, Caron Butler, Andray Blatche, Dominic McGuire"
2009,D,-4.989370042012165,519.0,102,"Antonio McDyess, Rasheed Wallace, Richard Hamilton, Tayshaun Prince, Rodney Stuckey"
2009,O,-4.968015450025137,395.0,78,"Anthony Parker, Chris Bosh, Jose Calderon, Jamario Moon, Andrea Bargnani"
2009,D,-4.960581729029815,231.0,52,"Vince Carter, Keyon Dooling, Devin Harris, Brook Lopez, Ryan Anderson"
2009,D,4.959746104666398,230.0,39,"Troy Murphy, T.J. Ford, Marquis Daniels, Jarrett Jack, Roy Hibbert"
2009,D,-4.9279333300803865,266.0,67,"Derek Fisher, Kobe Bryant, Pau Gasol, Trevor Ariza, Andrew Bynum"
2009,D,4.909660739854749,809.0,127,"Rashard Lewis, Rafer Alston, Hedo Turkoglu, Dwight Howard, Courtney Lee"
2009,O,-4.725162180224922,1035.0,143,"Chauncey Billups, Kenyon Martin, Nene, Carmelo Anthony, Dahntay Jones"
2009,O,4.6897014530324395,767.0,115,"Grant Hill, Shaquille O'Neal, Steve Nash, Jason Richardson, Matt Barnes"
2009,O,4.680052195768019,313.0,61,"Nick Collison, Kevin Durant, Jeff Green, Russell Westbrook, Kyle Weaver"
2009,D,-4.674366624293137,407.0,67,"Brad Miller, John Salmons, Kevin Martin, Beno Udrih, Jason Thompson"
2009,D,4.619685541456586,254.0,40,"Kevin Martin, Beno Udrih, Francisco Garcia, Spencer Hawes, Jason Thompson"
2009,D,4.601268705550724,2008.0,345,"Kevin Garnett, Ray Allen, Paul Pierce, Kendrick Perkins, Rajon Rondo"
2009,O,4.518648972438965,208.0,38,"Marcus Camby, Cuttino Mobley, Baron Davis, Chris Kaman, Al Thornton"
2009,D,-4.45763115724745,324.0,59,"Vince Carter, Trenton Hassell, Devin Harris, Brook Lopez, Ryan Anderson"
2009,D,-4.440912664101929,293.0,77,"Jason Kidd, Erick Dampier, Dirk Nowitzki, Jason Terry, Antoine Wright"
2009,O,4.418291684354699,235.0,41,"Troy Murphy, T.J. Ford, Marquis Daniels, Jarrett Jack, Roy Hibbert"
2009,D,-4.402484194179615,284.0,45,"Larry Hughes, Al Harrington, Chris Duhon, David Lee, Wilson Chandler"
2009,O,-4.392673469265622,244.0,44,"Richard Jefferson, Charlie Bell, Dan Gadzuric, Charlie Villanueva, Ramon Sessions"
2009,D,-4.322362043735477,230.0,49,"Quentin Richardson, Chris Duhon, Nate Robinson, David Lee, Wilson Chandler"
2009,O,4.317264798477604,256.0,69,"Derek Fisher, Kobe Bryant, Lamar Odom, Pau Gasol, Vladimir Radmanovic"
2009,D,-4.3075759314726305,570.0,100,"Mike Bibby, Joe Johnson, Maurice Evans, Josh Smith, Al Horford"
2009,O,4.27816610712469,493.0,118,"Jason Kidd, Erick Dampier, Dirk Nowitzki, Jason Terry, Josh Howard"
2009,O,-4.27590611382805,474.0,77,"Rasheed Wallace, Allen Iverson, Richard Hamilton, Tayshaun Prince, Rodney Stuckey"
2009,D,4.219528736091522,255.0,52,"Mike Miller, Al Jefferson, Ryan Gomes, Randy Foye, Craig Smith"
2009,O,4.170324357396331,805.0,140,"Derek Fisher, Kobe Bryant, Lamar Odom, Pau Gasol, Luke Walton"
2009,O,4.074103484242895,228.0,36,"Ben Wallace, LeBron James, Sasha Pavlovic, Mo Williams, Anderson Varejao"
2009,O,-4.071555149918393,366.0,72,"Mike Bibby, Joe Johnson, Zaza Pachulia, Josh Smith, Marvin Williams"
2009,D,4.034638313507141,228.0,86,"Chauncey Billups, Kenyon Martin, Chris Andersen, Carmelo Anthony, JR Smith"
2009,O,3.989017152661566,440.0,63,"Francisco Elson, Richard Jefferson, Charlie Villanueva, Ramon Sessions, Luc Mbah a Moute"
2009,D,-3.9205110213999674,376.0,115,"James Posey, Tyson Chandler, Rasual Butler, David West, Chris Paul"
2009,O,-3.906698299022346,325.0,54,"Rasheed Wallace, Allen Iverson, Tayshaun Prince, Amir Johnson, Rodney Stuckey"
2009,O,-3.8777061542175346,809.0,129,"Rashard Lewis, Rafer Alston, Hedo Turkoglu, Dwight Howard, Courtney Lee"
2009,D,-3.8560049912972323,229.0,39,"Earl Watson, Nick Collison, Johan Petro, Kevin Durant, Jeff Green"
2009,D,3.830558505734716,298.0,55,"Rashard Lewis, Hedo Turkoglu, Mickael Pietrus, Dwight Howard, Jameer Nelson"
2009,O,3.7660404209283738,864.0,143,"Zydrunas Ilgauskas, LeBron James, Mo Williams, Delonte West, Anderson Varejao"
2009,D,3.764242828891912,807.0,141,"Derek Fisher, Kobe Bryant, Lamar Odom, Pau Gasol, Luke Walton"
2009,D,-3.7592527089473555,382.0,60,"Vince Carter, Trenton Hassell, Devin Harris, Yi, Brook Lopez"
2009,O,3.7221479013568755,364.0,98,"Peja Stojakovic, James Posey, Tyson Chandler, David West, Chris Paul"
2009,D,-3.6180333015873924,269.0,69,"Dwyane Wade, Udonis Haslem, Daequan Cook, Michael Beasley, Mario Chalmers"
2009,O,3.593623478157384,450.0,72,"Rasho Nesterovic, Troy Murphy, T.J. Ford, Marquis Daniels, Danny Granger"
2009,D,3.5528594312819575,363.0,94,"Al Harrington, Chris Duhon, Nate Robinson, David Lee, Wilson Chandler"
2009,O,3.49292875850873,996.0,167,"Michael Finley, Tim Duncan, Tony Parker, Roger Mason Jr., Matt Bonner"
2009,O,3.444928020209353,330.0,94,"Chauncey Billups, Kenyon Martin, Nene, Carmelo Anthony, JR Smith"
2009,D,-3.427192891658209,279.0,84,"Andrei Kirilenko, Mehmet Okur, Kyle Korver, Deron Williams, Paul Millsap"
2009,O,-3.4149486456175144,264.0,72,"Dwyane Wade, Udonis Haslem, Daequan Cook, Michael Beasley, Mario Chalmers"
2009,O,3.3856118559252826,522.0,102,"Antonio McDyess, Rasheed Wallace, Richard Hamilton, Tayshaun Prince, Rodney Stuckey"
2009,D,3.349241365960779,256.0,49,"Antonio McDyess, Rasheed Wallace, Allen Iverson, Tayshaun Prince, Rodney Stuckey"
2009,D,3.340316385559869,329.0,93,"Shawn Marion, Dwyane Wade, Udonis Haslem, Daequan Cook, Mario Chalmers"
2009,D,-3.3186255437016667,230.0,69,"Anthony Johnson, Rashard Lewis, Hedo Turkoglu, Dwight Howard, Courtney Lee"
2009,O,3.3032620317521326,529.0,77,"Jermaine O'Neal, Dwyane Wade, Udonis Haslem, Jamario Moon, Mario Chalmers"
2009,O,3.204614356645056,306.0,56,"Rashard Lewis, Hedo Turkoglu, Mickael Pietrus, Dwight Howard, Jameer Nelson"
2009,O,3.0439387525354236,475.0,78,"Antawn Jamison, Mike James, Caron Butler, Darius Songaila, Dominic McGuire"
2009,D,-3.04265943822286,727.0,106,"Jason Kidd, Erick Dampier, Dirk Nowitzki, Josh Howard, Antoine Wright"
2009,D,3.0254619954924933,429.0,50,"Derek Fisher, Kobe Bryant, Pau Gasol, Luke Walton, Andrew Bynum"
2009,D,-2.99184326413509,392.0,104,"Mike Bibby, Joe Johnson, Flip Murray, Josh Smith, Al Horford"
2009,D,-2.9741786213586536,870.0,131,"Derek Fisher, Kobe Bryant, Pau Gasol, Vladimir Radmanovic, Andrew Bynum"
2009,D,-2.911584406049026,586.0,101,"Ben Gordon, Luol Deng, Tyrus Thomas, Joakim Noah, Derrick Rose"
2009,O,2.84960184929869,778.0,116,"Peja Stojakovic, Tyson Chandler, Rasual Butler, David West, Chris Paul"
2009,D,2.8392120745747973,664.0,99,"Shawn Marion, Dwyane Wade, Udonis Haslem, Joel Anthony, Mario Chalmers"
2009,O,-2.7661313656993585,217.0,37,"Anthony Parker, Will Solomon, Chris Bosh, Jamario Moon, Andrea Bargnani"
2009,O,-2.710813012891103,203.0,29,"Antawn Jamison, Mike James, Darius Songaila, Andray Blatche, Dominic McGuire"
2009,O,2.7020917908512323,891.0,139,"Zydrunas Ilgauskas, Ben Wallace, LeBron James, Mo Williams, Delonte West"
2009,O,2.676490714599627,340.0,55,"Peja Stojakovic, Rasual Butler, David West, Chris Paul, Hilton Armstrong"
2009,O,-2.6728113469399104,414.0,72,"Michael Redd, Richard Jefferson, Luke Ridnour, Andrew Bogut, Luc Mbah a Moute"
2009,D,2.623300206579824,1012.0,159,"Metta World Peace, Shane Battier, Yao Ming, Luis Scola, Aaron Brooks"
2009,O,2.6058308102132477,867.0,129,"Derek Fisher, Kobe Bryant, Pau Gasol, Vladimir Radmanovic, Andrew Bynum"
2009,O,-2.5550977171378317,262.0,97,"Paul Pierce, Eddie House, Tony Allen, Leon Powe, Glen Davis"
2009,O,2.456890651773962,253.0,37,"Al Harrington, Quentin Richardson, Jared Jeffries, Chris Duhon, David Lee"
2009,O,-2.4399261475398033,263.0,52,"Antonio McDyess, Rasheed Wallace, Allen Iverson, Tayshaun Prince, Rodney Stuckey"
2009,O,2.4346549927097,210.0,47,"Sebastian Telfair, Al Jefferson, Ryan Gomes, Randy Foye, Kevin Love"
2009,D,2.398462561647715,350.0,95,"Gerald Wallace, Boris Diaw, Emeka Okafor, Raymond Felton, D.J. Augustin"
2009,D,2.3579226538846463,864.0,144,"Zydrunas Ilgauskas, LeBron James, Mo Williams, Delonte West, Anderson Varejao"
2009,O,2.3306728650845714,382.0,55,"Vince Carter, Trenton Hassell, Devin Harris, Yi, Brook Lopez"
2009,D,2.2924318667726626,208.0,33,"Peja Stojakovic, Morris Peterson, Tyson Chandler, David West, Chris Paul"
2009,O,-2.2675802204111917,295.0,93,"Hakim Warrick, Rudy Gay, Kyle Lowry, Marc Gasol, O.J. Mayo"
2009,O,2.171502334660666,371.0,98,"Al Harrington, Chris Duhon, Nate Robinson, David Lee, Wilson Chandler"
2009,D,-2.1694802630253385,423.0,62,"Shaquille O'Neal, Steve Nash, Raja Bell, Amar'e Stoudemire, Matt Barnes"
2009,D,2.1648181469881935,773.0,118,"Peja Stojakovic, Tyson Chandler, Rasual Butler, David West, Chris Paul"
2009,D,2.1591354350993424,1300.0,209,"Rudy Gay, Mike Conley, Marc Gasol, O.J. Mayo, Darrell Arthur"
2009,O,2.157125149745296,212.0,31,"Marcus Camby, Brian Skinner, Mardy Collins, Al Thornton, Eric Gordon"
2009,D,-2.1397287226645303,1050.0,165,"Mike Bibby, Joe Johnson, Josh Smith, Marvin Williams, Al Horford"
2009,D,2.0971561545559574,231.0,84,"Travis Outlaw, Steve Blake, LaMarcus Aldridge, Brandon Roy, Greg Oden"
2009,D,2.0961920019545968,254.0,39,"Al Harrington, Quentin Richardson, Jared Jeffries, Chris Duhon, David Lee"
2009,D,2.041809785981476,491.0,65,"Mehmet Okur, Carlos Boozer, Deron Williams, CJ Miles, Ronnie Brewer"
2009,D,1.9853574704535526,302.0,91,"Mehmet Okur, Kyle Korver, Deron Williams, Ronnie Brewer, Paul Millsap"
2009,D,-1.9576254090670961,357.0,95,"Peja Stojakovic, James Posey, Tyson Chandler, David West, Chris Paul"
2009,D,-1.8853175933782278,699.0,187,"Hakim Warrick, Rudy Gay, Mike Conley, Marc Gasol, O.J. Mayo"
2009,O,-1.87539978809076,288.0,47,"Larry Hughes, Al Harrington, Chris Duhon, David Lee, Wilson Chandler"
2009,D,1.8643893191401752,351.0,67,"Vince Carter, Bobby Simmons, Devin Harris, Brook Lopez, Ryan Anderson"
2009,O,1.8531956235877762,1022.0,162,"Metta World Peace, Shane Battier, Yao Ming, Luis Scola, Aaron Brooks"
2009,O,1.8266372022494886,1512.0,272,"Raja Bell, Gerald Wallace, Boris Diaw, Emeka Okafor, Raymond Felton"
2009,O,1.806015874411377,698.0,184,"Hakim Warrick, Rudy Gay, Mike Conley, Marc Gasol, O.J. Mayo"
2009,O,1.8047463330068703,264.0,83,"Wally Szczerbiak, LeBron James, Delonte West, Anderson Varejao, Daniel Gibson"
2009,O,-1.7678146562516346,320.0,87,"Lamar Odom, Sasha Vujacic, Trevor Ariza, Andrew Bynum, Jordan Farmar"
2009,D,-1.7114132222583414,358.0,69,"Mike Bibby, Joe Johnson, Zaza Pachulia, Josh Smith, Marvin Williams"
2009,O,1.6104952207147085,300.0,56,"Chauncey Billups, Kenyon Martin, Nene, Dahntay Jones, JR Smith"
2009,D,-1.596203453674115,210.0,31,"Antawn Jamison, Mike James, Darius Songaila, Andray Blatche, Dominic McGuire"
2009,D,1.5438413933667228,318.0,64,"Jermaine O'Neal, Chris Bosh, Jason Kapono, Jose Calderon, Jamario Moon"
2009,O,-1.5141268161155108,427.0,62,"Shaquille O'Neal, Steve Nash, Raja Bell, Amar'e Stoudemire, Matt Barnes"
2009,D,1.4622606011108494,1421.0,210,"Andre Miller, Samuel Dalembert, Willie Green, Andre Iguodala, Thaddeus Young"
2009,O,1.460271156542624,206.0,31,"Antonio McDyess, Richard Hamilton, Kwame Brown, Tayshaun Prince, Rodney Stuckey"
2009,D,-1.4022789568625804,308.0,93,"Reggie Evans, Andre Iguodala, Royal Ivey, Lou Williams, Marreese Speights"
2009,O,-1.394840369428333,295.0,85,"Lamar Odom, Pau Gasol, Sasha Vujacic, Trevor Ariza, Jordan Farmar"
2009,D,1.3941159740252191,981.0,219,"Derek Fisher, Kobe Bryant, Lamar Odom, Pau Gasol, Trevor Ariza"
2009,O,-1.3367670443947093,438.0,51,"Derek Fisher, Kobe Bryant, Pau Gasol, Luke Walton, Andrew Bynum"
2009,O,1.273898584850985,343.0,89,"Earl Watson, Nick Collison, Kevin Durant, Jeff Green, Russell Westbrook"
2009,D,1.2532934660552726,234.0,70,"Peja Stojakovic, James Posey, Rasual Butler, David West, Chris Paul"
2009,O,1.2176485421696992,387.0,116,"James Posey, Tyson Chandler, Rasual Butler, David West, Chris Paul"
2009,O,1.1696850826612246,261.0,53,"Mike Miller, Al Jefferson, Ryan Gomes, Randy Foye, Craig Smith"
2009,O,-1.169675825750993,1309.0,208,"Rudy Gay, Mike Conley, Marc Gasol, O.J. Mayo, Darrell Arthur"
2009,D,-1.1377495487527287,451.0,91,"Mike Miller, Sebastian Telfair, Ryan Gomes, Randy Foye, Kevin Love"
2009,O,-1.0856618367139026,328.0,57,"Vince Carter, Trenton Hassell, Devin Harris, Brook Lopez, Ryan Anderson"
2009,O,-1.0144361374833313,255.0,40,"Kevin Martin, Beno Udrih, Francisco Garcia, Spencer Hawes, Jason Thompson"
2009,O,0.957774314954156,905.0,146,"Mehmet Okur, Deron Williams, CJ Miles, Ronnie Brewer, Paul Millsap"
2009,D,0.9161470167822217,629.0,98,"Vince Carter, Bobby Simmons, Devin Harris, Yi, Brook Lopez"
2009,O,0.8948378103738641,221.0,86,"Chauncey Billups, Kenyon Martin, Chris Andersen, Carmelo Anthony, JR Smith"
2009,D,0.8688927692892267,210.0,31,"Marcus Camby, Brian Skinner, Mardy Collins, Al Thornton, Eric Gordon"
2009,D,-0.8394119003083526,489.0,75,"Steve Blake, LaMarcus Aldridge, Brandon Roy, Greg Oden, Nicolas Batum"
2009,D,0.8283045875718322,260.0,49,"Andre Miller, Samuel Dalembert, Reggie Evans, Willie Green, Andre Iguodala"
2009,O,-0.7709891486410807,337.0,47,"Quentin Richardson, Jared Jeffries, Chris Duhon, David Lee, Wilson Chandler"
2009,D,-0.734402520941463,314.0,51,"Tracy McGrady, Rafer Alston, Shane Battier, Yao Ming, Luis Scola"
2009,D,0.7273959733491129,293.0,52,"Chauncey Billups, Kenyon Martin, Nene, Dahntay Jones, JR Smith"
2009,O,-0.6798513099108165,217.0,58,"Antonio McDyess, Rasheed Wallace, Allen Iverson, Richard Hamilton, Tayshaun Prince"
2009,O,-0.6681808007422361,236.0,36,"Rasual Butler, David West, Chris Paul, Hilton Armstrong, Julian Wright"
2009,O,-0.6163915321224667,311.0,62,"Ben Wallace, LeBron James, Mo Williams, Delonte West, Anderson Varejao"
2009,D,-0.5866427008475954,282.0,39,"Rasheed Wallace, Allen Iverson, Richard Hamilton, Kwame Brown, Tayshaun Prince"
2009,D,-0.5638941452141131,491.0,121,"Jason Kidd, Erick Dampier, Dirk Nowitzki, Jason Terry, Josh Howard"
2009,O,0.5592054920946185,733.0,107,"Jason Kidd, Erick Dampier, Dirk Nowitzki, Josh Howard, Antoine Wright"
2009,O,0.5186591130038765,309.0,96,"Reggie Evans, Andre Iguodala, Royal Ivey, Lou Williams, Marreese Speights"
2009,O,-0.4969693684329898,577.0,100,"Mike Bibby, Joe Johnson, Maurice Evans, Josh Smith, Al Horford"
2009,O,-0.4450041672419841,2019.0,345,"Kevin Garnett, Ray Allen, Paul Pierce, Kendrick Perkins, Rajon Rondo"
2009,D,-0.44178616143601573,214.0,65,"Chauncey Billups, Anthony Carter, Kenyon Martin, Nene, Carmelo Anthony"
2009,O,-0.43798260856973176,234.0,45,"Mike Bibby, Joe Johnson, Zaza Pachulia, Marvin Williams, Al Horford"
2009,D,-0.41629286557340883,339.0,57,"Peja Stojakovic, Rasual Butler, David West, Chris Paul, Hilton Armstrong"
2009,D,0.3887281500977488,482.0,76,"Sebastian Telfair, Al Jefferson, Ryan Gomes, Randy Foye, Craig Smith"
2009,O,0.3307537149493962,535.0,112,"Rashard Lewis, Hedo Turkoglu, Keith Bogans, Dwight Howard, Jameer Nelson"
2009,D,0.31385800643594725,470.0,77,"Antawn Jamison, Mike James, Caron Butler, Darius Songaila, Dominic McGuire"
2009,D,0.3096037064515475,292.0,86,"Lamar Odom, Pau Gasol, Sasha Vujacic, Trevor Ariza, Jordan Farmar"
2009,D,-0.2434692786454246,635.0,102,"Al Harrington, Quentin Richardson, Chris Duhon, David Lee, Wilson Chandler"
2009,O,0.22298580073488275,432.0,69,"Tracy McGrady, Rafer Alston, Metta World Peace, Yao Ming, Luis Scola"
2009,D,0.2137732433209365,240.0,45,"Nenad Krstic, Kevin Durant, Jeff Green, Russell Westbrook, Kyle Weaver"
2009,O,0.18285032473304103,211.0,33,"Peja Stojakovic, Morris Peterson, Tyson Chandler, David West, Chris Paul"
2009,D,0.17157131964583253,237.0,41,"Troy Murphy, Danny Granger, Jarrett Jack, Brandon Rush, Roy Hibbert"
2009,O,0.1329572154586102,636.0,105,"Al Harrington, Quentin Richardson, Chris Duhon, David Lee, Wilson Chandler"
2009,D,-0.11375460177186354,768.0,116,"Grant Hill, Shaquille O'Neal, Steve Nash, Jason Richardson, Amar'e Stoudemire"
2009,D,0.10596244793845581,1027.0,142,"Chauncey Billups, Kenyon Martin, Nene, Carmelo Anthony, Dahntay Jones"
2009,O,0.09670500490466698,648.0,118,"Ray Allen, Paul Pierce, Kendrick Perkins, Rajon Rondo, Glen Davis"
2009,O,0.08406424310934842,263.0,49,"Rafer Alston, Metta World Peace, Shane Battier, Yao Ming, Luis Scola"
2009,O,0.032322753344993876,769.0,116,"Grant Hill, Shaquille O'Neal, Steve Nash, Jason Richardson, Amar'e Stoudemire"
2009,O,-0.03207644486932829,265.0,59,"Anthony Johnson, Rashard Lewis, Hedo Turkoglu, Mickael Pietrus, Dwight Howard"
2009,O,-0.010793038402662988,328.0,70,"Jermaine O'Neal, Chris Bosh, Jason Kapono, Jose Calderon, Jamario Moon"
2010,D,24.168180684913086,325.0,97,"Nick Collison, Kevin Durant, Serge Ibaka, James Harden, Eric Maynor"
2010,D,19.581013278808236,231.0,43,"Charlie Bell, Carlos Delfino, Andrew Bogut, Ersan Ilyasova, Brandon Jennings"
2010,D,-17.218261608464914,228.0,55,"James Posey, Darius Songaila, David West, Darren Collison, Marcus Thornton"
2010,D,-16.15668867952392,281.0,77,"Jason Kidd, Dirk Nowitzki, Shawn Marion, Jason Terry, Drew Gooden"
2010,D,15.890512129011661,273.0,55,"Derek Fisher, Lamar Odom, Metta World Peace, Pau Gasol, Shannon Brown"
2010,O,15.757406281439245,231.0,38,"Mike Miller, Shaun Livingston, Andray Blatche, Fabricio Oberto, Nick Young"
2010,D,14.76913550548618,216.0,73,"Dwyane Wade, Udonis Haslem, Dorell Wright, Joel Anthony, Mario Chalmers"
2010,O,14.554526766470476,261.0,77,"David Andersen, Kyle Lowry, Aaron Brooks, Carl Landry, Chase Budinger"
2010,D,-14.351421830667876,281.0,43,"Andrei Kirilenko, Mehmet Okur, Carlos Boozer, Deron Williams, Wesley Matthews"
2010,D,14.283437117951928,239.0,38,"Chucky Atkins, Ben Wallace, Jason Maxiell, Rodney Stuckey, Jonas Jerebko"
2010,O,-14.232968887563779,258.0,35,"Mikki Moore, Vladimir Radmanovic, Monta Ellis, Anthony Morrow, Stephen Curry"
2010,D,-14.185707998590805,232.0,60,"Hedo Turkoglu, Chris Bosh, Jarrett Jack, Jose Calderon, Andrea Bargnani"
2010,D,13.861303199457398,216.0,45,"Ronny Turiaf, C.J. Watson, Anthony Tolliver, Anthony Morrow, Stephen Curry"
2010,D,13.56348982313069,259.0,78,"David Andersen, Kyle Lowry, Aaron Brooks, Carl Landry, Chase Budinger"
2010,O,-12.937153641645708,259.0,55,"Shaquille O'Neal, Anthony Parker, LeBron James, Mo Williams, Anderson Varejao"
2010,O,12.161391827832164,261.0,42,"Morris Peterson, David West, Emeka Okafor, Darren Collison, Marcus Thornton"
2010,D,12.042512554248166,215.0,42,"Shane Battier, Luis Scola, Kevin Martin, Chuck Hayes, Aaron Brooks"
2010,O,-11.91063724627334,349.0,94,"Kevin Garnett, Rasheed Wallace, Ray Allen, Paul Pierce, Rajon Rondo"
2010,D,11.844082379097058,268.0,40,"Mehmet Okur, Carlos Boozer, Deron Williams, CJ Miles, Ronnie Brewer"
2010,D,-11.640501631554857,214.0,62,"Shane Battier, David Andersen, Kyle Lowry, Carl Landry, Chase Budinger"
2010,O,11.603758969231421,222.0,67,"Jermaine O'Neal, Quentin Richardson, Dwyane Wade, Udonis Haslem, Mario Chalmers"
2010,O,-11.568816247924184,226.0,27,"Tim Duncan, Richard Jefferson, Tony Parker, Keith Bogans, DeJuan Blair"
2010,O,11.360454006094512,751.0,214,"Mike Bibby, Jamal Crawford, Joe Johnson, Josh Smith, Al Horford"
2010,D,11.220573507279703,216.0,64,"Andrei Kirilenko, Carlos Boozer, Deron Williams, Paul Millsap, Wesley Matthews"
2010,D,11.060801682266284,501.0,87,"John Salmons, Carlos Delfino, Andrew Bogut, Luc Mbah a Moute, Brandon Jennings"
2010,O,-11.045935253931324,269.0,44,"Mehmet Okur, Carlos Boozer, Deron Williams, CJ Miles, Ronnie Brewer"
2010,D,10.997594075052469,337.0,101,"Stephen Jackson, Gerald Wallace, Flip Murray, Boris Diaw, Raymond Felton"
2010,O,10.983985220549064,215.0,61,"Shane Battier, David Andersen, Kyle Lowry, Carl Landry, Chase Budinger"
2010,D,10.925231146436133,231.0,36,"Mike Miller, Shaun Livingston, Andray Blatche, Fabricio Oberto, Nick Young"
2010,D,-10.88947352577601,208.0,37,"Devin Harris, Josh Boone, Brook Lopez, Courtney Lee, Chris Douglas-Roberts"
2010,D,-10.820313376810072,222.0,67,"Jermaine O'Neal, Quentin Richardson, Dwyane Wade, Udonis Haslem, Mario Chalmers"
2010,D,-10.594940560292303,202.0,26,"Chauncey Billups, Kenyon Martin, Nene, Joey Graham, Arron Afflalo"
2010,D,10.588119986579596,234.0,49,"Andre Miller, Steve Blake, LaMarcus Aldridge, Brandon Roy, Greg Oden"
2010,D,10.532862114794963,324.0,65,"Juwan Howard, Andre Miller, Martell Webster, LaMarcus Aldridge, Jerryd Bayless"
2010,O,-10.279568994918698,239.0,68,"Kobe Bryant, Lamar Odom, Andrew Bynum, Shannon Brown, Jordan Farmar"
2010,O,-10.166990292492612,281.0,41,"Andrei Kirilenko, Mehmet Okur, Carlos Boozer, Deron Williams, Wesley Matthews"
2010,O,10.050294060557588,655.0,206,"Jamal Crawford, Joe Johnson, Josh Smith, Marvin Williams, Al Horford"
2010,D,9.818516571167272,642.0,130,"Jason Kidd, Erick Dampier, Dirk Nowitzki, Shawn Marion, Jason Terry"
2010,O,-9.579627129705857,355.0,55,"Allen Iverson, Samuel Dalembert, Andre Iguodala, Lou Williams, Thaddeus Young"
2010,O,9.498906003852595,454.0,144,"Steve Nash, Jason Richardson, Amar'e Stoudemire, Channing Frye, Jared Dudley"
2010,D,9.457379696417908,225.0,80,"Lamar Odom, Metta World Peace, Pau Gasol, Shannon Brown, Jordan Farmar"
2010,D,9.050050654036818,210.0,77,"Quentin Richardson, Dwyane Wade, Udonis Haslem, Joel Anthony, Mario Chalmers"
2010,O,8.920853832302782,241.0,68,"Jason Williams, Mickael Pietrus, Marcin Gortat, JJ Redick, Ryan Anderson"
2010,D,8.88972662753335,542.0,93,"Ben Wallace, Richard Hamilton, Tayshaun Prince, Rodney Stuckey, Jonas Jerebko"
2010,D,8.75984689167089,239.0,75,"Grant Hill, Channing Frye, Lou Amundson, Jared Dudley, Goran Dragic"
2010,O,8.669172411705613,203.0,31,"Chris Bosh, Antoine Wright, Jose Calderon, Andrea Bargnani, Sonny Weems"
2010,D,-8.56622523182217,353.0,97,"Kevin Garnett, Rasheed Wallace, Ray Allen, Paul Pierce, Rajon Rondo"
2010,D,-8.536367255009296,210.0,29,"Elton Brand, Samuel Dalembert, Andre Iguodala, Lou Williams, Jrue Holiday"
2010,D,8.5283836848519,498.0,86,"Marcus Camby, Baron Davis, Chris Kaman, Al Thornton, Eric Gordon"
2010,O,8.423162056778681,221.0,73,"Jamal Crawford, Joe Johnson, Maurice Evans, Josh Smith, Al Horford"
2010,O,8.38623740089439,255.0,87,"Chauncey Billups, Kenyon Martin, Chris Andersen, Carmelo Anthony, JR Smith"
2010,D,-8.328886441968894,295.0,79,"Carlos Boozer, Deron Williams, CJ Miles, Paul Millsap, Wesley Matthews"
2010,D,-8.324314521059758,363.0,45,"Elton Brand, Samuel Dalembert, Jason Kapono, Andre Iguodala, Jrue Holiday"
2010,D,8.1330056312361,203.0,55,"Charlie Bell, Carlos Delfino, Andrew Bogut, Hakim Warrick, Brandon Jennings"
2010,O,-8.108653611562998,586.0,85,"Al Jefferson, Ryan Gomes, Ryan Hollins, Corey Brewer, Jonny Flynn"
2010,O,-8.029119524380592,270.0,47,"Mike Miller, Andray Blatche, Randy Foye, Al Thornton, JaVale McGee"
2010,D,-8.028674499495223,315.0,95,"Shane Battier, Luis Scola, Trevor Ariza, Aaron Brooks, Carl Landry"
2010,O,7.926476447827531,310.0,108,"Nick Collison, Kevin Durant, Jeff Green, Russell Westbrook, James Harden"
2010,O,7.905553988262246,219.0,65,"Carlos Boozer, Kyle Korver, Deron Williams, Paul Millsap, Wesley Matthews"
2010,D,7.891548629019279,223.0,43,"Antawn Jamison, DeShawn Stevenson, Brendan Haywood, Gilbert Arenas, Caron Butler"
2010,D,-7.862199127021948,223.0,38,"Zydrunas Ilgauskas, Anthony Parker, LeBron James, Mo Williams, JJ Hickson"
2010,D,-7.8025166588208865,364.0,72,"Rasheed Wallace, Ray Allen, Paul Pierce, Kendrick Perkins, Rajon Rondo"
2010,O,-7.711021873888506,232.0,80,"Lamar Odom, Metta World Peace, Pau Gasol, Shannon Brown, Jordan Farmar"
2010,O,-7.698227809638642,245.0,40,"Grant Hill, Steve Nash, Jason Richardson, Jarron Collins, Amar'e Stoudemire"
2010,D,-7.677019558818679,445.0,83,"Mehmet Okur, Carlos Boozer, Deron Williams, Ronnie Brewer, Wesley Matthews"
2010,O,7.662902700394975,236.0,64,"Leandro Barbosa, Channing Frye, Lou Amundson, Jared Dudley, Goran Dragic"
2010,O,-7.6183537569722155,323.0,60,"Brad Miller, John Salmons, Luol Deng, Joakim Noah, Derrick Rose"
2010,O,-7.607714503152683,705.0,102,"Hedo Turkoglu, Chris Bosh, Jarrett Jack, Andrea Bargnani, DeMar DeRozan"
2010,D,7.561921343894048,330.0,48,"Darko Milicic, Al Jefferson, Ryan Gomes, Corey Brewer, Jonny Flynn"
2010,O,-7.4823625630873165,581.0,113,"John Salmons, Luol Deng, Joakim Noah, Derrick Rose, Taj Gibson"
2010,O,7.478943614000915,323.0,55,"Juwan Howard, Andre Miller, Martell Webster, LaMarcus Aldridge, Brandon Roy"
2010,D,7.461717952817194,225.0,27,"Tim Duncan, Richard Jefferson, Tony Parker, Keith Bogans, DeJuan Blair"
2010,D,-7.4260175281933885,588.0,87,"Baron Davis, Drew Gooden, Rasual Butler, Chris Kaman, Eric Gordon"
2010,O,-7.386401569504599,479.0,88,"Marcus Camby, Baron Davis, Rasual Butler, Chris Kaman, Al Thornton"
2010,O,7.280918052399938,204.0,36,"Chauncey Billups, Anthony Carter, Kenyon Martin, Nene, Carmelo Anthony"
2010,D,-7.242730275823735,256.0,44,"Morris Peterson, David West, Emeka Okafor, Darren Collison, Marcus Thornton"
2010,O,7.238856131018754,332.0,42,"Jason Kidd, Erick Dampier, Dirk Nowitzki, Shawn Marion, J.J. Barea"
2010,O,7.1321546679365735,676.0,117,"Marcus Camby, Andre Miller, LaMarcus Aldridge, Brandon Roy, Nicolas Batum"
2010,O,-6.97273798848781,210.0,36,"Antawn Jamison, Brendan Haywood, Gilbert Arenas, Caron Butler, Randy Foye"
2010,D,6.965882661771573,246.0,68,"Leandro Barbosa, Channing Frye, Lou Amundson, Jared Dudley, Goran Dragic"
2010,D,-6.9343221823990255,470.0,74,"Elton Brand, Samuel Dalembert, Andre Iguodala, Lou Williams, Thaddeus Young"
2010,O,-6.91624751873305,235.0,54,"Kevin Garnett, Ray Allen, Kendrick Perkins, Tony Allen, Rajon Rondo"
2010,D,6.817496280473795,1424.0,241,"Vince Carter, Rashard Lewis, Matt Barnes, Dwight Howard, Jameer Nelson"
2010,O,6.759523221456536,273.0,77,"Jason Kidd, Dirk Nowitzki, Shawn Marion, Jason Terry, Drew Gooden"
2010,O,-6.72121995974589,420.0,67,"Larry Hughes, Chris Duhon, David Lee, Wilson Chandler, Danilo Gallinari"
2010,D,-6.648948272826373,202.0,28,"Beno Udrih, Andres Nocioni, Carl Landry, Jason Thompson, Tyreke Evans"
2010,O,-6.595589246271283,210.0,57,"Thabo Sefolosha, Kevin Durant, Jeff Green, Russell Westbrook, Serge Ibaka"
2010,O,6.5638342982066815,332.0,48,"Darko Milicic, Al Jefferson, Ryan Gomes, Corey Brewer, Jonny Flynn"
2010,D,-6.54849604444574,487.0,66,"Luis Scola, Kevin Martin, Trevor Ariza, Chuck Hayes, Aaron Brooks"
2010,O,-6.504947455874953,358.0,100,"Nick Collison, Jeff Green, Serge Ibaka, James Harden, Eric Maynor"
2010,O,6.503415594368871,325.0,62,"Juwan Howard, Andre Miller, Martell Webster, LaMarcus Aldridge, Jerryd Bayless"
2010,O,6.386725442803147,284.0,38,"Ben Wallace, Ben Gordon, Charlie Villanueva, Rodney Stuckey, Jonas Jerebko"
2010,O,6.352941771275676,294.0,83,"Carlos Boozer, Deron Williams, CJ Miles, Paul Millsap, Wesley Matthews"
2010,D,-6.252951322782107,395.0,71,"Devin Harris, Yi, Brook Lopez, Courtney Lee, Chris Douglas-Roberts"
2010,D,-6.144399458998128,200.0,34,"Antawn Jamison, Brendan Haywood, Gilbert Arenas, Caron Butler, Randy Foye"
2010,D,-6.080128735498603,221.0,74,"Jamal Crawford, Joe Johnson, Maurice Evans, Josh Smith, Al Horford"
2010,O,5.978433173816488,534.0,79,"Jermaine O'Neal, Quentin Richardson, Carlos Arroyo, Dwyane Wade, Michael Beasley"
2010,D,5.94409558744874,328.0,105,"Kobe Bryant, Lamar Odom, Pau Gasol, Shannon Brown, Jordan Farmar"
2010,O,-5.929548926834332,782.0,148,"Derek Fisher, Kobe Bryant, Lamar Odom, Metta World Peace, Andrew Bynum"
2010,O,5.9281484562501285,242.0,72,"Andrei Kirilenko, Carlos Boozer, Deron Williams, Ronnie Brewer, Paul Millsap"
2010,D,5.779332517054575,362.0,58,"Antonio McDyess, Tim Duncan, Richard Jefferson, Tony Parker, Keith Bogans"
2010,D,5.765935655009966,237.0,58,"Kevin Garnett, Ray Allen, Kendrick Perkins, Tony Allen, Rajon Rondo"
2010,O,-5.762167716308762,348.0,106,"Stephen Jackson, Gerald Wallace, Flip Murray, Boris Diaw, Raymond Felton"
2010,D,-5.70957668114995,412.0,53,"Jason Kidd, Dirk Nowitzki, Shawn Marion, Brendan Haywood, Caron Butler"
2010,D,-5.472940125192156,238.0,65,"Kobe Bryant, Lamar Odom, Andrew Bynum, Shannon Brown, Jordan Farmar"
2010,O,-5.457507729968208,725.0,90,"Shaquille O'Neal, Anthony Parker, LeBron James, Mo Williams, JJ Hickson"
2010,O,5.403226030891387,330.0,59,"Richard Hamilton, Tayshaun Prince, Jason Maxiell, Will Bynum, Jonas Jerebko"
2010,O,-5.3201173631936545,842.0,198,"Derek Fisher, Kobe Bryant, Lamar Odom, Metta World Peace, Pau Gasol"
2010,O,5.114196075558905,364.0,44,"Elton Brand, Samuel Dalembert, Jason Kapono, Andre Iguodala, Jrue Holiday"
2010,D,5.097565459673187,549.0,98,"Al Jefferson, Damien Wilkins, Corey Brewer, Kevin Love, Jonny Flynn"
2010,O,5.068739463910565,200.0,27,"Beno Udrih, Andres Nocioni, Carl Landry, Jason Thompson, Tyreke Evans"
2010,O,-5.05837623867914,255.0,41,"Allen Iverson, Elton Brand, Samuel Dalembert, Andre Iguodala, Jrue Holiday"
2010,D,-5.042911096532731,704.0,98,"Hedo Turkoglu, Chris Bosh, Jarrett Jack, Andrea Bargnani, DeMar DeRozan"
2010,D,-5.011131345014817,328.0,56,"Richard Hamilton, Tayshaun Prince, Jason Maxiell, Will Bynum, Jonas Jerebko"
2010,O,5.0081958365432415,224.0,37,"Zydrunas Ilgauskas, Anthony Parker, LeBron James, Mo Williams, JJ Hickson"
2010,O,-4.982914650791815,1055.0,170,"Chauncey Billups, Kenyon Martin, Nene, Carmelo Anthony, Arron Afflalo"
2010,O,4.909332399075178,245.0,72,"Grant Hill, Channing Frye, Lou Amundson, Jared Dudley, Goran Dragic"
2010,O,4.874269605687739,2791.0,524,"Zach Randolph, Rudy Gay, Mike Conley, Marc Gasol, O.J. Mayo"
2010,O,-4.778957867279539,200.0,26,"Chauncey Billups, Kenyon Martin, Nene, Joey Graham, Arron Afflalo"
2010,D,4.708369234497378,355.0,102,"Nick Collison, Jeff Green, Serge Ibaka, James Harden, Eric Maynor"
2010,O,4.702084576782173,243.0,38,"Chucky Atkins, Ben Wallace, Jason Maxiell, Rodney Stuckey, Jonas Jerebko"
2010,O,-4.697757018407016,290.0,72,"Vince Carter, Rashard Lewis, Mickael Pietrus, Dwight Howard, Jameer Nelson"
2010,O,-4.667426679100166,330.0,102,"Kobe Bryant, Lamar Odom, Pau Gasol, Shannon Brown, Jordan Farmar"
2010,O,4.663979594105527,321.0,101,"Nick Collison, Kevin Durant, Serge Ibaka, James Harden, Eric Maynor"
2010,O,4.60848596001632,209.0,45,"Ronny Turiaf, C.J. Watson, Anthony Tolliver, Anthony Morrow, Stephen Curry"
2010,O,-4.587034289807925,941.0,138,"Peja Stojakovic, Devin Brown, David West, Emeka Okafor, Chris Paul"
2010,O,4.532518967833724,409.0,69,"Jermaine O'Neal, Quentin Richardson, Dwyane Wade, Michael Beasley, Mario Chalmers"
2010,O,4.410621273206289,227.0,42,"Antawn Jamison, DeShawn Stevenson, Brendan Haywood, Gilbert Arenas, Caron Butler"
2010,D,4.4018983118285515,325.0,60,"Brad Miller, John Salmons, Luol Deng, Joakim Noah, Derrick Rose"
2010,D,4.371300475336287,329.0,44,"Jason Kidd, Erick Dampier, Dirk Nowitzki, Shawn Marion, J.J. Barea"
2010,O,-4.329923842939749,1562.0,231,"Shane Battier, Luis Scola, Trevor Ariza, Chuck Hayes, Aaron Brooks"
2010,D,-4.316108915701525,224.0,46,"Peja Stojakovic, David West, Emeka Okafor, Darren Collison, Marcus Thornton"
2010,O,4.282460922527534,212.0,35,"Trenton Hassell, Devin Harris, Josh Boone, Brook Lopez, Courtney Lee"
2010,D,4.227985663486423,428.0,86,"Antonio McDyess, Tim Duncan, Manu Ginobili, Richard Jefferson, George Hill"
2010,O,-4.212659947884201,210.0,38,"Devin Harris, Josh Boone, Brook Lopez, Courtney Lee, Chris Douglas-Roberts"
2010,D,-4.149968724995429,624.0,89,"Hedo Turkoglu, Chris Bosh, Jose Calderon, Andrea Bargnani, DeMar DeRozan"
2010,D,4.142357918749529,820.0,143,"Marcus Camby, Baron Davis, Rasual Butler, Chris Kaman, Eric Gordon"
2010,D,4.127557627874795,2126.0,327,"Mike Bibby, Joe Johnson, Josh Smith, Marvin Williams, Al Horford"
2010,D,4.122083902806443,257.0,33,"Mikki Moore, Vladimir Radmanovic, Monta Ellis, Anthony Morrow, Stephen Curry"
2010,D,4.060771913067338,455.0,64,"Jermaine O'Neal, Rafer Alston, Quentin Richardson, Dwyane Wade, Michael Beasley"
2010,O,4.04624337567695,561.0,91,"Vince Carter, Jason Williams, Rashard Lewis, Mickael Pietrus, Dwight Howard"
2010,D,-3.9149135886716584,355.0,56,"Allen Iverson, Samuel Dalembert, Andre Iguodala, Lou Williams, Thaddeus Young"
2010,O,3.8934854289103793,229.0,45,"Peja Stojakovic, David West, Emeka Okafor, Darren Collison, Marcus Thornton"
2010,O,-3.850688191988036,233.0,34,"Beno Udrih, Spencer Hawes, Carl Landry, Donte Greene, Tyreke Evans"
2010,D,3.7725331424002246,218.0,38,"Trenton Hassell, Devin Harris, Josh Boone, Brook Lopez, Courtney Lee"
2010,O,-3.7699759257919765,505.0,105,"Zach Randolph, Rudy Gay, Mike Conley, O.J. Mayo, Hasheem Thabeet"
2010,D,3.7450654940024406,318.0,87,"John Salmons, Kirk Hinrich, Luol Deng, Joakim Noah, Derrick Rose"
2010,D,3.743561364211738,1053.0,167,"Chauncey Billups, Kenyon Martin, Nene, Carmelo Anthony, Arron Afflalo"
2010,D,-3.663303915780717,303.0,111,"Nick Collison, Kevin Durant, Jeff Green, Russell Westbrook, James Harden"
2010,O,3.6364091859671,1654.0,297,"Grant Hill, Steve Nash, Jason Richardson, Amar'e Stoudemire, Channing Frye"
2010,O,3.599213585226399,201.0,73,"Quentin Richardson, Dwyane Wade, Udonis Haslem, Joel Anthony, Mario Chalmers"
2010,D,-3.5562804866823385,587.0,88,"Al Jefferson, Ryan Gomes, Ryan Hollins, Corey Brewer, Jonny Flynn"
2010,O,3.5413231985717175,204.0,48,"Kevin Garnett, Ray Allen, Kendrick Perkins, Marquis Daniels, Rajon Rondo"
2010,O,3.5078281310406063,629.0,91,"Hedo Turkoglu, Chris Bosh, Jose Calderon, Andrea Bargnani, DeMar DeRozan"
2010,O,3.503973184866176,408.0,114,"Nick Collison, Thabo Sefolosha, Kevin Durant, Jeff Green, Russell Westbrook"
2010,O,3.4996243128732627,282.0,75,"Al Jefferson, Ryan Gomes, Corey Brewer, Kevin Love, Jonny Flynn"
2010,O,3.4834124321288673,407.0,58,"Mehmet Okur, Carlos Boozer, Deron Williams, CJ Miles, Wesley Matthews"
2010,D,3.4728988525479987,496.0,101,"Zach Randolph, Rudy Gay, Mike Conley, O.J. Mayo, Hasheem Thabeet"
2010,D,3.4528963694724926,242.0,68,"Jason Williams, Mickael Pietrus, Marcin Gortat, JJ Redick, Ryan Anderson"
2010,O,3.3839637656090407,317.0,98,"Shane Battier, Luis Scola, Trevor Ariza, Aaron Brooks, Carl Landry"
2010,D,-3.364900610970062,256.0,83,"Chauncey Billups, Kenyon Martin, Nene, Carmelo Anthony, JR Smith"
2010,O,3.344029749985808,1440.0,230,"Vince Carter, Rashard Lewis, Matt Barnes, Dwight Howard, Jameer Nelson"
2010,O,3.292092902501898,213.0,63,"Vince Carter, Jason Williams, Rashard Lewis, Matt Barnes, Dwight Howard"
2010,O,3.2561685425941307,449.0,83,"Mehmet Okur, Carlos Boozer, Deron Williams, Ronnie Brewer, Wesley Matthews"
2010,O,3.2487333427335123,270.0,48,"Antawn Jamison, Brendan Haywood, Gilbert Arenas, Caron Butler, Nick Young"
2010,D,3.2450214225664573,267.0,46,"Mike Miller, Andray Blatche, Randy Foye, Al Thornton, JaVale McGee"
2010,D,3.238068267435459,275.0,74,"Al Jefferson, Ryan Gomes, Corey Brewer, Kevin Love, Jonny Flynn"
2010,O,-3.229432174997571,465.0,62,"Jermaine O'Neal, Rafer Alston, Quentin Richardson, Dwyane Wade, Michael Beasley"
2010,O,3.2276250081670006,262.0,34,"Shaquille O'Neal, Anthony Parker, LeBron James, Daniel Gibson, JJ Hickson"
2010,D,-3.1845679250824475,366.0,72,"Devin Harris, Yi, Brook Lopez, Courtney Lee, Terrence Williams"
2010,O,3.1659278628716123,498.0,88,"John Salmons, Carlos Delfino, Andrew Bogut, Luc Mbah a Moute, Brandon Jennings"
2010,O,3.119063054015121,255.0,52,"Antawn Jamison, DeShawn Stevenson, Brendan Haywood, Caron Butler, Randy Foye"
2010,D,3.028818176323322,418.0,74,"Al Jefferson, Damien Wilkins, Ryan Gomes, Corey Brewer, Jonny Flynn"
2010,D,-3.023193054257096,221.0,65,"Carlos Boozer, Kyle Korver, Deron Williams, Paul Millsap, Wesley Matthews"
2010,D,3.008300392938093,653.0,132,"Stephen Jackson, Tyson Chandler, Gerald Wallace, Boris Diaw, Raymond Felton"
2010,D,2.9930640587699258,439.0,145,"Steve Nash, Jason Richardson, Amar'e Stoudemire, Channing Frye, Jared Dudley"
2010,O,-2.9749782117892294,400.0,72,"Devin Harris, Yi, Brook Lopez, Courtney Lee, Chris Douglas-Roberts"
2010,D,2.959193162810178,281.0,38,"Ben Wallace, Ben Gordon, Charlie Villanueva, Rodney Stuckey, Jonas Jerebko"
2010,D,-2.8998752098236644,211.0,58,"Thabo Sefolosha, Kevin Durant, Jeff Green, Russell Westbrook, Serge Ibaka"
2010,D,2.8885385291868357,532.0,78,"Jermaine O'Neal, Quentin Richardson, Carlos Arroyo, Dwyane Wade, Michael Beasley"
2010,O,2.869688135525715,309.0,47,"Antawn Jamison, Mike Miller, Brendan Haywood, Caron Butler, Randy Foye"
2010,O,2.8693610389747404,827.0,128,"Troy Murphy, Earl Watson, Danny Granger, Brandon Rush, Roy Hibbert"
2010,D,2.8542451871749006,285.0,47,"Elton Brand, Samuel Dalembert, Willie Green, Andre Iguodala, Jrue Holiday"
2010,D,2.8333587219853817,261.0,33,"Shaquille O'Neal, Anthony Parker, LeBron James, Daniel Gibson, JJ Hickson"
2010,D,2.8097053802818883,228.0,33,"Beno Udrih, Spencer Hawes, Carl Landry, Donte Greene, Tyreke Evans"
2010,O,2.754203475851608,255.0,48,"Quentin Richardson, Carlos Arroyo, Dwyane Wade, Joel Anthony, Michael Beasley"
2010,O,2.680545817005254,209.0,28,"Elton Brand, Samuel Dalembert, Andre Iguodala, Lou Williams, Jrue Holiday"
2010,D,-2.644199274703559,720.0,88,"Shaquille O'Neal, Anthony Parker, LeBron James, Mo Williams, JJ Hickson"
2010,O,2.621380844086116,645.0,127,"Jason Kidd, Erick Dampier, Dirk Nowitzki, Shawn Marion, Jason Terry"
2010,D,2.610364764880528,414.0,66,"Larry Hughes, Chris Duhon, David Lee, Wilson Chandler, Danilo Gallinari"
2010,D,2.6037837807963813,456.0,66,"Anthony Parker, Antawn Jamison, LeBron James, Mo Williams, JJ Hickson"
2010,D,2.5885528761668573,255.0,46,"Quentin Richardson, Carlos Arroyo, Dwyane Wade, Joel Anthony, Michael Beasley"
2010,O,2.5719644984392698,560.0,114,"Brad Miller, Kirk Hinrich, Luol Deng, Derrick Rose, Taj Gibson"
2010,O,2.5650299431397543,502.0,86,"Marcus Camby, Baron Davis, Chris Kaman, Al Thornton, Eric Gordon"
2010,O,2.535175207869869,232.0,45,"Charlie Bell, Carlos Delfino, Andrew Bogut, Ersan Ilyasova, Brandon Jennings"
2010,D,2.4936532054946445,271.0,53,"Antawn Jamison, Brendan Haywood, Gilbert Arenas, Caron Butler, Nick Young"
2010,D,2.464843121894807,409.0,118,"Nick Collison, Thabo Sefolosha, Kevin Durant, Jeff Green, Russell Westbrook"
2010,O,2.4607594092058362,909.0,140,"Grant Hill, Steve Nash, Jason Richardson, Amar'e Stoudemire, Robin Lopez"
2010,D,-2.453825269292557,615.0,110,"Jarvis Hayes, Devin Harris, Yi, Brook Lopez, Courtney Lee"
2010,D,2.4429458747530295,843.0,136,"Jared Jeffries, Chris Duhon, David Lee, Wilson Chandler, Danilo Gallinari"
2010,O,2.4408575153261567,254.0,82,"Chauncey Billups, Kenyon Martin, Nene, Carmelo Anthony, JR Smith"
2010,O,-2.436418316169282,273.0,56,"Derek Fisher, Lamar Odom, Metta World Peace, Pau Gasol, Shannon Brown"
2010,D,-2.3507534154526084,321.0,55,"Juwan Howard, Andre Miller, Martell Webster, LaMarcus Aldridge, Brandon Roy"
2010,O,2.3416511354573832,291.0,64,"Al Harrington, Jared Jeffries, Chris Duhon, David Lee, Wilson Chandler"
2010,O,-2.330767824065203,613.0,109,"Jarvis Hayes, Devin Harris, Yi, Brook Lopez, Courtney Lee"
2010,O,-2.3117959415056766,656.0,136,"Stephen Jackson, Tyson Chandler, Gerald Wallace, Boris Diaw, Raymond Felton"
2010,D,-2.2583418534482305,204.0,49,"Kevin Garnett, Ray Allen, Kendrick Perkins, Marquis Daniels, Rajon Rondo"
2010,D,-2.1899610806997236,253.0,49,"Antawn Jamison, DeShawn Stevenson, Brendan Haywood, Caron Butler, Randy Foye"
2010,O,-2.189215468103562,412.0,52,"Jason Kidd, Dirk Nowitzki, Shawn Marion, Brendan Haywood, Caron Butler"
2010,O,-2.157224124262271,211.0,63,"Andrei Kirilenko, Carlos Boozer, Deron Williams, Paul Millsap, Wesley Matthews"
2010,O,-2.136890803450448,414.0,75,"Al Jefferson, Damien Wilkins, Ryan Gomes, Corey Brewer, Jonny Flynn"
2010,O,-2.1323316968025727,265.0,76,"Al Harrington, Chris Duhon, David Lee, Wilson Chandler, Danilo Gallinari"
2010,O,2.119399625195658,221.0,73,"Kenyon Martin, Chris Andersen, Carmelo Anthony, JR Smith, Ty Lawson"
2010,D,2.019319950349312,213.0,60,"Vince Carter, Jason Williams, Rashard Lewis, Matt Barnes, Dwight Howard"
2010,D,1.9970279723329232,1244.0,183,"Derek Fisher, Kobe Bryant, Metta World Peace, Pau Gasol, Andrew Bynum"
2010,O,1.9808855803065597,245.0,81,"Chauncey Billups, Chris Andersen, Nene, Carmelo Anthony, JR Smith"
2010,D,-1.9483747448864506,482.0,91,"Marcus Camby, Baron Davis, Rasual Butler, Chris Kaman, Al Thornton"
2010,D,1.9192636560729361,566.0,117,"Brad Miller, Kirk Hinrich, Luol Deng, Derrick Rose, Taj Gibson"
2010,O,-1.8718420607648243,853.0,139,"Stephen Jackson, Nazr Mohammed, Gerald Wallace, Boris Diaw, Raymond Felton"
2010,D,-1.8622289842375688,1643.0,288,"Grant Hill, Steve Nash, Jason Richardson, Amar'e Stoudemire, Channing Frye"
2010,O,1.8585032807493524,816.0,144,"Marcus Camby, Baron Davis, Rasual Butler, Chris Kaman, Eric Gordon"
2010,D,1.7993388185707093,254.0,53,"Shaquille O'Neal, Anthony Parker, LeBron James, Mo Williams, Anderson Varejao"
2010,D,1.7640999079785555,679.0,119,"Marcus Camby, Andre Miller, LaMarcus Aldridge, Brandon Roy, Nicolas Batum"
2010,D,-1.7556938305776546,908.0,144,"Grant Hill, Steve Nash, Jason Richardson, Amar'e Stoudemire, Robin Lopez"
2010,O,1.6411079188754407,497.0,67,"Luis Scola, Kevin Martin, Trevor Ariza, Chuck Hayes, Aaron Brooks"
2010,O,-1.6188171097319912,877.0,162,"Kirk Hinrich, Luol Deng, Joakim Noah, Derrick Rose, Taj Gibson"
2010,O,1.5951591045435076,1241.0,183,"Derek Fisher, Kobe Bryant, Metta World Peace, Pau Gasol, Andrew Bynum"
2010,D,1.5774717012620645,411.0,73,"Jermaine O'Neal, Quentin Richardson, Dwyane Wade, Michael Beasley, Mario Chalmers"
2010,D,-1.5715688485938888,246.0,40,"Grant Hill, Steve Nash, Jason Richardson, Jarron Collins, Amar'e Stoudemire"
2010,O,1.5640514284259421,339.0,54,"Charlie Bell, Carlos Delfino, Andrew Bogut, Luc Mbah a Moute, Brandon Jennings"
2010,O,1.548471246623111,393.0,54,"Chauncey Billups, Nene, Carmelo Anthony, Johan Petro, Arron Afflalo"
2010,O,1.54491230764767,591.0,90,"Baron Davis, Drew Gooden, Rasual Butler, Chris Kaman, Eric Gordon"
2010,D,1.5411745007592368,865.0,158,"Kirk Hinrich, Luol Deng, Joakim Noah, Derrick Rose, Taj Gibson"
2010,O,-1.5139938799933932,473.0,75,"Elton Brand, Samuel Dalembert, Andre Iguodala, Lou Williams, Thaddeus Young"
2010,O,-1.509974202938233,551.0,98,"Al Jefferson, Damien Wilkins, Corey Brewer, Kevin Love, Jonny Flynn"
2010,D,1.5085232572945768,484.0,64,"Peja Stojakovic, Morris Peterson, David West, Emeka Okafor, Darren Collison"
2010,D,1.5081275582678049,1549.0,229,"Shane Battier, Luis Scola, Trevor Ariza, Chuck Hayes, Aaron Brooks"
2010,D,-1.4953984596672811,240.0,78,"Chauncey Billups, Chris Andersen, Nene, Carmelo Anthony, JR Smith"
2010,O,-1.465872715786517,353.0,54,"Antonio McDyess, Tim Duncan, Richard Jefferson, Tony Parker, Keith Bogans"
2010,D,-1.4574541081516215,853.0,135,"Stephen Jackson, Nazr Mohammed, Gerald Wallace, Boris Diaw, Raymond Felton"
2010,D,1.4514106772828514,2517.0,394,"Nenad Krstic, Thabo Sefolosha, Kevin Durant, Jeff Green, Russell Westbrook"
2010,O,1.4221336192931762,243.0,68,"Hedo Turkoglu, Chris Bosh, Jarrett Jack, Jose Calderon, Andrea Bargnani"
2010,D,-1.417688758774773,267.0,76,"Al Harrington, Chris Duhon, David Lee, Wilson Chandler, Danilo Gallinari"
2010,O,1.3855539645632458,2544.0,392,"Nenad Krstic, Thabo Sefolosha, Kevin Durant, Jeff Green, Russell Westbrook"
2010,D,-1.3796581786537199,223.0,56,"Rashard Lewis, Matt Barnes, Dwight Howard, Jameer Nelson, JJ Redick"
2010,D,1.3735992720412484,551.0,89,"Vince Carter, Jason Williams, Rashard Lewis, Mickael Pietrus, Dwight Howard"
2010,O,-1.3294930309846227,425.0,86,"Antonio McDyess, Tim Duncan, Manu Ginobili, Richard Jefferson, George Hill"
2010,D,1.2928921097412085,255.0,38,"Allen Iverson, Elton Brand, Samuel Dalembert, Andre Iguodala, Jrue Holiday"
2010,O,-1.2149122470841893,642.0,112,"Andrei Kirilenko, Mehmet Okur, Carlos Boozer, Deron Williams, Ronnie Brewer"
2010,O,1.1905413897389145,454.0,65,"Anthony Parker, Antawn Jamison, LeBron James, Mo Williams, JJ Hickson"
2010,D,-1.1797719997904206,289.0,75,"Vince Carter, Rashard Lewis, Mickael Pietrus, Dwight Howard, Jameer Nelson"
2010,D,1.1042486372112732,2784.0,524,"Zach Randolph, Rudy Gay, Mike Conley, Marc Gasol, O.J. Mayo"
2010,D,-1.0691134730695784,638.0,99,"Theo Ratliff, Stephen Jackson, Gerald Wallace, Boris Diaw, Raymond Felton"
2010,D,1.0291543980183995,943.0,140,"Peja Stojakovic, Devin Brown, David West, Emeka Okafor, Chris Paul"
2010,O,-1.0210136368223257,361.0,70,"Rasheed Wallace, Ray Allen, Paul Pierce, Kendrick Perkins, Rajon Rondo"
2010,D,-0.9720198934768104,202.0,38,"Chauncey Billups, Anthony Carter, Kenyon Martin, Nene, Carmelo Anthony"
2010,D,-0.9643341577431304,290.0,67,"Al Harrington, Jared Jeffries, Chris Duhon, David Lee, Wilson Chandler"
2010,O,0.893202258180377,366.0,74,"Devin Harris, Yi, Brook Lopez, Courtney Lee, Terrence Williams"
2010,D,-0.864322565773593,741.0,213,"Mike Bibby, Jamal Crawford, Joe Johnson, Josh Smith, Al Horford"
2010,D,0.8478166315375676,828.0,128,"Troy Murphy, Earl Watson, Danny Granger, Brandon Rush, Roy Hibbert"
2010,O,0.8283220144020204,2252.0,392,"Kevin Garnett, Ray Allen, Paul Pierce, Kendrick Perkins, Rajon Rondo"
2010,D,0.7512613013195784,649.0,206,"Jamal Crawford, Joe Johnson, Josh Smith, Marvin Williams, Al Horford"
2010,D,-0.7119275319246741,844.0,196,"Derek Fisher, Kobe Bryant, Lamar Odom, Metta World Peace, Pau Gasol"
2010,O,0.6940951814095533,545.0,95,"Ben Wallace, Richard Hamilton, Tayshaun Prince, Rodney Stuckey, Jonas Jerebko"
2010,O,-0.671495991889457,640.0,98,"Theo Ratliff, Stephen Jackson, Gerald Wallace, Boris Diaw, Raymond Felton"
2010,O,0.6622349225226631,228.0,55,"James Posey, Darius Songaila, David West, Darren Collison, Marcus Thornton"
2010,D,0.5811168209203426,248.0,86,"Chauncey Billups, Kenyon Martin, Chris Andersen, Carmelo Anthony, JR Smith"
2010,D,0.5077417240843831,341.0,55,"Charlie Bell, Carlos Delfino, Andrew Bogut, Luc Mbah a Moute, Brandon Jennings"
2010,D,-0.5033087527587825,210.0,33,"Chris Bosh, Antoine Wright, Jose Calderon, Andrea Bargnani, Sonny Weems"
2010,O,-0.5021697455049453,848.0,138,"Jared Jeffries, Chris Duhon, David Lee, Wilson Chandler, Danilo Gallinari"
2010,D,0.48827483186718157,392.0,52,"Chauncey Billups, Nene, Carmelo Anthony, Johan Petro, Arron Afflalo"
2010,O,0.46523670314577886,291.0,48,"Elton Brand, Samuel Dalembert, Willie Green, Andre Iguodala, Jrue Holiday"
2010,D,0.40239517138097314,575.0,111,"John Salmons, Luol Deng, Joakim Noah, Derrick Rose, Taj Gibson"
2010,O,0.39182139094123475,308.0,87,"John Salmons, Kirk Hinrich, Luol Deng, Joakim Noah, Derrick Rose"
2010,D,0.37891157261216835,402.0,56,"Mehmet Okur, Carlos Boozer, Deron Williams, CJ Miles, Wesley Matthews"
2010,O,0.37709395572239646,237.0,52,"Andre Miller, Steve Blake, LaMarcus Aldridge, Brandon Roy, Greg Oden"
2010,O,-0.35313183736470116,286.0,93,"Joe Smith, Jamal Crawford, Maurice Evans, Zaza Pachulia, Jeff Teague"
2010,O,-0.32924870006048107,217.0,53,"Rashard Lewis, Matt Barnes, Dwight Howard, Jameer Nelson, JJ Redick"
2010,D,0.3291072290006485,639.0,108,"Andrei Kirilenko, Mehmet Okur, Carlos Boozer, Deron Williams, Ronnie Brewer"
2010,O,-0.3250149818940591,214.0,76,"Dwyane Wade, Udonis Haslem, Dorell Wright, Joel Anthony, Mario Chalmers"
2010,D,-0.22980837958741795,2227.0,389,"Kevin Garnett, Ray Allen, Paul Pierce, Kendrick Perkins, Rajon Rondo"
2010,O,0.22964667330850763,2130.0,324,"Mike Bibby, Joe Johnson, Josh Smith, Marvin Williams, Al Horford"
2010,D,0.19864639202150694,302.0,45,"Antawn Jamison, Mike Miller, Brendan Haywood, Caron Butler, Randy Foye"
2010,D,0.1964152839495473,234.0,71,"Andrei Kirilenko, Carlos Boozer, Deron Williams, Ronnie Brewer, Paul Millsap"
2010,O,0.1657994432747533,215.0,42,"Shane Battier, Luis Scola, Kevin Martin, Chuck Hayes, Aaron Brooks"
2010,O,0.1568494077578762,205.0,57,"Charlie Bell, Carlos Delfino, Andrew Bogut, Hakim Warrick, Brandon Jennings"
2010,D,0.14128516724990967,233.0,81,"Kenyon Martin, Chris Andersen, Carmelo Anthony, JR Smith, Ty Lawson"
2010,D,-0.1259153456648006,780.0,148,"Derek Fisher, Kobe Bryant, Lamar Odom, Metta World Peace, Andrew Bynum"
2010,O,0.045992272492049964,484.0,64,"Peja Stojakovic, Morris Peterson, David West, Emeka Okafor, Darren Collison"
2010,D,-0.012420231027775331,284.0,95,"Joe Smith, Jamal Crawford, Maurice Evans, Zaza Pachulia, Jeff Teague"
2011,O,-22.551810633916528,217.0,37,"Anthony Parker, Mo Williams, Anderson Varejao, Jamario Moon, JJ Hickson"
2011,O,20.296500858360954,217.0,54,"Andrei Kirilenko, Al Jefferson, Deron Williams, CJ Miles, Paul Millsap"
2011,O,18.825817303933462,211.0,70,"Antonio McDyess, Manu Ginobili, Matt Bonner, George Hill, Gary Neal"
2011,D,18.187729114539447,292.0,105,"Luol Deng, Ronnie Brewer, C.J. Watson, Omer Asik, Taj Gibson"
2011,D,15.319605517673363,200.0,37,"Shaquille O'Neal, Kevin Garnett, Ray Allen, Paul Pierce, Nate Robinson"
2011,D,15.289350375673955,267.0,66,"Rudy Gay, Mike Conley, Marc Gasol, O.J. Mayo, Darrell Arthur"
2011,O,14.902411707836706,629.0,116,"Baron Davis, Ryan Gomes, Eric Gordon, DeAndre Jordan, Blake Griffin"
2011,O,14.683391746703666,326.0,94,"Vladimir Radmanovic, Dorell Wright, David Lee, Monta Ellis, Stephen Curry"
2011,O,14.545217519695958,237.0,42,"Nenad Krstic, Thabo Sefolosha, Kevin Durant, Russell Westbrook, Serge Ibaka"
2011,O,14.162758592094715,244.0,70,"Stephen Jackson, Gerald Wallace, Boris Diaw, Tyrus Thomas, D.J. Augustin"
2011,O,14.100184375107972,372.0,97,"Jason Kidd, Dirk Nowitzki, Shawn Marion, Jason Terry, Tyson Chandler"
2011,O,13.923312348220215,230.0,68,"Nick Collison, Jeff Green, Serge Ibaka, James Harden, Eric Maynor"
2011,D,13.892470815933192,243.0,30,"Jason Kidd, Dirk Nowitzki, Shawn Marion, Tyson Chandler, Rodrigue Beaubois"
2011,O,13.703125950510609,482.0,61,"Jason Kidd, Dirk Nowitzki, DeShawn Stevenson, Tyson Chandler, Caron Butler"
2011,O,-13.683755676220832,260.0,35,"Joe Johnson, Kirk Hinrich, Josh Smith, Marvin Williams, Al Horford"
2011,O,13.497187248278886,543.0,116,"Andre Miller, Gerald Wallace, LaMarcus Aldridge, Nicolas Batum, Wesley Matthews"
2011,O,13.371289047506423,227.0,52,"Luis Scola, Kevin Martin, Chuck Hayes, Kyle Lowry, Courtney Lee"
2011,D,13.304830976898556,215.0,45,"Drew Gooden, John Salmons, Carlos Delfino, Andrew Bogut, Brandon Jennings"
2011,D,13.200769861527654,293.0,109,"Luol Deng, Ronnie Brewer, Derrick Rose, Omer Asik, Taj Gibson"
2011,O,13.10249209390313,475.0,84,"Baron Davis, Ryan Gomes, Randy Foye, DeAndre Jordan, Blake Griffin"
2011,O,-12.688025068198383,396.0,94,"David West, Willie Green, Emeka Okafor, Trevor Ariza, Chris Paul"
2011,O,12.416279110808654,292.0,53,"Shaquille O'Neal, Ray Allen, Paul Pierce, Rajon Rondo, Glen Davis"
2011,O,-12.40414734409841,334.0,90,"Kyle Korver, Ronnie Brewer, C.J. Watson, Omer Asik, Taj Gibson"
2011,O,12.20906221145576,218.0,59,"Nazr Mohammed, Nick Collison, Daequan Cook, James Harden, Eric Maynor"
2011,O,12.095166346346156,314.0,81,"Carlos Boozer, Kyle Korver, Luol Deng, Joakim Noah, Derrick Rose"
2011,D,11.935579118540712,228.0,67,"Kevin Garnett, Ray Allen, Paul Pierce, Nate Robinson, Glen Davis"
2011,D,-11.575541031763379,242.0,43,"Nenad Krstic, Thabo Sefolosha, Kevin Durant, Russell Westbrook, Serge Ibaka"
2011,D,-11.435072340561456,281.0,69,"Jason Kidd, Shawn Marion, Jason Terry, DeShawn Stevenson, Tyson Chandler"
2011,D,11.388143700736643,298.0,71,"Mike Dunleavy, Danny Granger, Roy Hibbert, Tyler Hansbrough, Darren Collison"
2011,O,-11.249514871667616,221.0,63,"Kurt Thomas, Carlos Boozer, Kyle Korver, Luol Deng, Derrick Rose"
2011,D,11.099176373429076,224.0,37,"Maurice Evans, Andray Blatche, JaVale McGee, John Wall, Jordan Crawford"
2011,D,11.064523836406824,484.0,61,"Jason Kidd, Dirk Nowitzki, DeShawn Stevenson, Tyson Chandler, Caron Butler"
2011,D,-10.710151203845005,253.0,51,"Mo Williams, Ryan Gomes, Randy Foye, DeAndre Jordan, Blake Griffin"
2011,O,-10.644195974984369,272.0,72,"Lamar Odom, Matt Barnes, Steve Blake, Andrew Bynum, Shannon Brown"
2011,D,10.616790484177217,436.0,74,"Anthony Parker, Antawn Jamison, Mo Williams, Anderson Varejao, Daniel Gibson"
2011,O,10.54809299326776,589.0,99,"Luis Scola, Kevin Martin, Chuck Hayes, Kyle Lowry, Chase Budinger"
2011,D,10.15824857550223,205.0,71,"Dirk Nowitzki, Shawn Marion, Jason Terry, Ian Mahinmi, J.J. Barea"
2011,D,10.15397231283113,553.0,100,"Zach Randolph, Rudy Gay, Mike Conley, Marc Gasol, Sam Young"
2011,O,-9.960894097958501,273.0,46,"Anthony Parker, Mo Williams, Anderson Varejao, Joey Graham, JJ Hickson"
2011,O,9.938673908951873,347.0,111,"Elton Brand, Andre Iguodala, Thaddeus Young, Jrue Holiday, Jodie Meeks"
2011,O,9.894329889417259,216.0,34,"Tracy McGrady, Chris Wilcox, Tayshaun Prince, Rodney Stuckey, Greg Monroe"
2011,O,-9.735901147934001,288.0,97,"Luol Deng, Ronnie Brewer, C.J. Watson, Omer Asik, Taj Gibson"
2011,O,9.66145147306576,1527.0,238,"Shane Battier, Luis Scola, Kevin Martin, Chuck Hayes, Kyle Lowry"
2011,D,-9.659606966985567,298.0,37,"Ben Wallace, Richard Hamilton, Tayshaun Prince, Jason Maxiell, Rodney Stuckey"
2011,D,9.59794808766931,221.0,58,"Andrei Kirilenko, Al Jefferson, Deron Williams, CJ Miles, Paul Millsap"
2011,D,9.498932776414687,201.0,80,"Kurt Thomas, Luol Deng, Ronnie Brewer, Derrick Rose, Taj Gibson"
2011,O,-9.471989483978332,491.0,68,"Chauncey Billups, Nene, Carmelo Anthony, Shelden Williams, Arron Afflalo"
2011,D,9.467577243295175,383.0,131,"Lamar Odom, Pau Gasol, Matt Barnes, Steve Blake, Shannon Brown"
2011,O,9.376890778465837,212.0,72,"Dirk Nowitzki, Shawn Marion, Jason Terry, Ian Mahinmi, J.J. Barea"
2011,D,-9.190723792578655,481.0,104,"Thabo Sefolosha, Kevin Durant, Jeff Green, Russell Westbrook, Serge Ibaka"
2011,O,-9.152952062231657,509.0,85,"Erick Dampier, LeBron James, Chris Bosh, Dwyane Wade, Mario Chalmers"
2011,D,-9.014647069622288,350.0,61,"Amar'e Stoudemire, Raymond Felton, Danilo Gallinari, Landry Fields, Timofey Mozgov"
2011,D,8.98034439261642,330.0,81,"Carlos Arroyo, LeBron James, Chris Bosh, Dwyane Wade, Joel Anthony"
2011,D,-8.971124403440566,373.0,83,"Hedo Turkoglu, Jason Richardson, Dwight Howard, Jameer Nelson, Ryan Anderson"
2011,D,-8.790959750075489,257.0,72,"Danny Granger, Brandon Rush, Roy Hibbert, Tyler Hansbrough, Darren Collison"
2011,D,8.708441552982686,987.0,243,"Kevin Garnett, Ray Allen, Paul Pierce, Rajon Rondo, Glen Davis"
2011,D,8.682813214832526,353.0,116,"Elton Brand, Andre Iguodala, Thaddeus Young, Jrue Holiday, Jodie Meeks"
2011,O,8.584017642938434,416.0,86,"Kwame Brown, Boris Diaw, D.J. Augustin, Gerald Henderson, Dante Cunningham"
2011,D,-8.5708379702583,223.0,46,"Kris Humphries, Sasha Vujacic, Jordan Farmar, Brook Lopez, Anthony Morrow"
2011,O,-8.56146687890065,249.0,31,"Jason Kidd, Dirk Nowitzki, Shawn Marion, Tyson Chandler, Rodrigue Beaubois"
2011,O,8.525651157913439,250.0,59,"Raja Bell, Al Jefferson, Deron Williams, Paul Millsap, Gordon Hayward"
2011,D,8.490025601424405,285.0,94,"Derek Fisher, Kobe Bryant, Lamar Odom, Metta World Peace, Andrew Bynum"
2011,O,-8.470606078259037,222.0,48,"Kris Humphries, Sasha Vujacic, Jordan Farmar, Brook Lopez, Anthony Morrow"
2011,O,-8.44348335400132,296.0,97,"Kevin Durant, Jeff Green, Russell Westbrook, Serge Ibaka, James Harden"
2011,D,8.40296456929371,253.0,49,"Beno Udrih, Jason Thompson, Donte Greene, Tyreke Evans, DeMarcus Cousins"
2011,D,-8.38194985943261,302.0,57,"Amar'e Stoudemire, Raymond Felton, Ronny Turiaf, Danilo Gallinari, Landry Fields"
2011,D,-8.369293242519111,309.0,80,"Carlos Boozer, Kyle Korver, Luol Deng, Joakim Noah, Derrick Rose"
2011,D,-8.3268414234991,477.0,87,"Danny Granger, Josh McRoberts, Brandon Rush, Roy Hibbert, Darren Collison"
2011,O,8.285717982580142,441.0,103,"Eric Gordon, DeAndre Jordan, Blake Griffin, Al-Farouq Aminu, Eric Bledsoe"
2011,D,8.20950067243906,276.0,62,"Beno Udrih, Jason Thompson, Tyreke Evans, Omri Casspi, DeMarcus Cousins"
2011,D,-8.110146287327016,219.0,65,"Raja Bell, Al Jefferson, Deron Williams, CJ Miles, Paul Millsap"
2011,O,8.074982038109024,488.0,101,"Thabo Sefolosha, Kevin Durant, Jeff Green, Russell Westbrook, Serge Ibaka"
2011,D,-7.781799311394343,230.0,27,"Grant Hill, Steve Nash, Hedo Turkoglu, Jason Richardson, Robin Lopez"
2011,D,7.768276399707384,340.0,78,"Jason Kidd, Dirk Nowitzki, Jason Terry, Tyson Chandler, Caron Butler"
2011,D,7.6640500869955455,326.0,90,"Kyle Korver, Ronnie Brewer, C.J. Watson, Omer Asik, Taj Gibson"
2011,O,-7.545109538702273,215.0,27,"Ben Wallace, Richard Hamilton, Tayshaun Prince, Rodney Stuckey, Austin Daye"
2011,D,7.459122464056732,881.0,143,"Mike Dunleavy, Danny Granger, Josh McRoberts, Roy Hibbert, Darren Collison"
2011,D,7.444177761497444,271.0,73,"Lamar Odom, Matt Barnes, Steve Blake, Andrew Bynum, Shannon Brown"
2011,D,-7.281886525966344,214.0,27,"Ben Wallace, Richard Hamilton, Tayshaun Prince, Rodney Stuckey, Austin Daye"
2011,O,-7.239944493009094,291.0,37,"Vince Carter, Rashard Lewis, Quentin Richardson, Dwight Howard, Jameer Nelson"
2011,O,7.153465696667825,211.0,82,"Kurt Thomas, Luol Deng, Ronnie Brewer, Derrick Rose, Taj Gibson"
2011,O,7.094178742097698,241.0,95,"Nick Collison, Kevin Durant, Serge Ibaka, James Harden, Eric Maynor"
2011,O,7.0461589563587035,282.0,66,"Jason Kidd, Shawn Marion, Jason Terry, DeShawn Stevenson, Tyson Chandler"
2011,O,-7.040064924625608,246.0,43,"Kirk Hinrich, Andray Blatche, Al Thornton, JaVale McGee, John Wall"
2011,D,7.004326117070354,215.0,36,"Tracy McGrady, Chris Wilcox, Tayshaun Prince, Rodney Stuckey, Greg Monroe"
2011,O,-6.982053049120699,255.0,69,"Danny Granger, Brandon Rush, Roy Hibbert, Tyler Hansbrough, Darren Collison"
2011,O,6.930787211547509,295.0,97,"Derek Fisher, Kobe Bryant, Lamar Odom, Metta World Peace, Andrew Bynum"
2011,D,6.838955586022644,238.0,54,"Lamar Odom, Pau Gasol, Luke Walton, Steve Blake, Shannon Brown"
2011,D,-6.641545660452161,230.0,68,"Nick Collison, Jeff Green, Serge Ibaka, James Harden, Eric Maynor"
2011,O,6.496335345175169,290.0,108,"Luol Deng, Ronnie Brewer, Derrick Rose, Omer Asik, Taj Gibson"
2011,D,6.4901328753240595,218.0,72,"Antonio McDyess, Manu Ginobili, Matt Bonner, George Hill, Gary Neal"
2011,D,-6.451096358171086,396.0,63,"Marcus Camby, Andre Miller, LaMarcus Aldridge, Brandon Roy, Nicolas Batum"
2011,D,6.424990820536794,264.0,46,"Reggie Evans, Jarrett Jack, Linas Kleiza, Andrea Bargnani, DeMar DeRozan"
2011,O,6.402480697274822,234.0,28,"Grant Hill, Steve Nash, Hedo Turkoglu, Jason Richardson, Robin Lopez"
2011,O,-6.354107162528753,305.0,52,"Anthony Parker, Ramon Sessions, JJ Hickson, Alonzo Gee, Samardo Samuels"
2011,O,6.339628014411202,275.0,39,"Amir Johnson, Jose Calderon, Andrea Bargnani, DeMar DeRozan, James Johnson"
2011,O,-6.278587462847572,219.0,45,"Drew Gooden, John Salmons, Carlos Delfino, Andrew Bogut, Brandon Jennings"
2011,D,6.241465220770386,203.0,44,"Andrei Kirilenko, Raja Bell, Earl Watson, Al Jefferson, Paul Millsap"
2011,O,6.2269923554104025,348.0,78,"Jason Kidd, Dirk Nowitzki, Jason Terry, Tyson Chandler, Caron Butler"
2011,D,6.219086669208834,497.0,75,"Rashard Lewis, Andray Blatche, Nick Young, JaVale McGee, John Wall"
2011,O,6.197555047481014,209.0,61,"Ryan Gomes, Eric Gordon, DeAndre Jordan, Blake Griffin, Eric Bledsoe"
2011,O,6.126275794379093,1157.0,217,"Amar'e Stoudemire, Raymond Felton, Wilson Chandler, Danilo Gallinari, Landry Fields"
2011,D,-6.12058400183039,245.0,49,"Andre Miller, Joel Przybilla, LaMarcus Aldridge, Nicolas Batum, Wesley Matthews"
2011,D,-6.063462167849416,646.0,120,"Stephen Jackson, Kwame Brown, Gerald Wallace, Boris Diaw, D.J. Augustin"
2011,D,6.0493752854031015,772.0,97,"Carlos Boozer, Keith Bogans, Luol Deng, Joakim Noah, Derrick Rose"
2011,O,-6.026090638363971,445.0,75,"Anthony Parker, Antawn Jamison, Mo Williams, Anderson Varejao, Daniel Gibson"
2011,O,5.99175965558224,640.0,193,"Dirk Nowitzki, Shawn Marion, Jason Terry, Brendan Haywood, J.J. Barea"
2011,O,-5.9344052795012505,234.0,77,"Amar'e Stoudemire, Raymond Felton, Wilson Chandler, Danilo Gallinari, Toney Douglas"
2011,O,-5.902075661754181,300.0,54,"Amar'e Stoudemire, Raymond Felton, Ronny Turiaf, Danilo Gallinari, Landry Fields"
2011,O,5.719154250339391,316.0,71,"Kevin Garnett, Ray Allen, Paul Pierce, Kendrick Perkins, Rajon Rondo"
2011,O,-5.714348699211586,215.0,45,"Linas Kleiza, Amir Johnson, Jose Calderon, Andrea Bargnani, DeMar DeRozan"
2011,O,-5.6825112883104785,253.0,48,"Mo Williams, Ryan Gomes, Randy Foye, DeAndre Jordan, Blake Griffin"
2011,O,-5.640398707407415,232.0,42,"Kevin Garnett, Ray Allen, Jermaine O'Neal, Paul Pierce, Rajon Rondo"
2011,O,5.623106524413333,223.0,78,"Elton Brand, Andre Iguodala, Lou Williams, Thaddeus Young, Jrue Holiday"
2011,O,5.582627290841542,890.0,141,"Mike Dunleavy, Danny Granger, Josh McRoberts, Roy Hibbert, Darren Collison"
2011,D,-5.558111362947479,307.0,98,"Kevin Durant, Jeff Green, Russell Westbrook, Serge Ibaka, James Harden"
2011,O,5.537469118891703,215.0,33,"Erick Dampier, Mike Bibby, LeBron James, Chris Bosh, Dwyane Wade"
2011,O,5.514349713870743,742.0,140,"Zach Randolph, Tony Allen, Mike Conley, Marc Gasol, Sam Young"
2011,D,-5.502898076422712,217.0,45,"Chris Wilcox, Ben Gordon, Charlie Villanueva, Will Bynum, Austin Daye"
2011,O,5.458145165641325,213.0,46,"Chris Wilcox, Ben Gordon, Charlie Villanueva, Will Bynum, Austin Daye"
2011,D,5.446272380175816,375.0,48,"Mike Bibby, Joe Johnson, Jason Collins, Josh Smith, Al Horford"
2011,D,5.436975950175025,509.0,86,"Erick Dampier, LeBron James, Chris Bosh, Dwyane Wade, Mario Chalmers"
2011,D,5.403896630693644,1155.0,184,"Hedo Turkoglu, Jason Richardson, Dwight Howard, Jameer Nelson, Brandon Bass"
2011,O,5.281692776315986,213.0,68,"Kobe Bryant, Lamar Odom, Pau Gasol, Steve Blake, Shannon Brown"
2011,O,-5.236861419645504,722.0,143,"John Salmons, Carlos Delfino, Andrew Bogut, Luc Mbah a Moute, Brandon Jennings"
2011,D,-5.2215768370285796,253.0,55,"Raja Bell, Al Jefferson, Deron Williams, Paul Millsap, Gordon Hayward"
2011,O,-5.207528710528339,220.0,72,"Raja Bell, Al Jefferson, Deron Williams, CJ Miles, Paul Millsap"
2011,D,-5.189959245449664,233.0,53,"Luis Scola, Kevin Martin, Chuck Hayes, Kyle Lowry, Courtney Lee"
2011,O,5.120270044323285,231.0,36,"Maurice Evans, Andray Blatche, JaVale McGee, John Wall, Jordan Crawford"
2011,D,-5.092999054829599,219.0,60,"Kurt Thomas, Carlos Boozer, Kyle Korver, Luol Deng, Derrick Rose"
2011,D,5.086132409715548,207.0,45,"Darko Milicic, Luke Ridnour, Corey Brewer, Kevin Love, Wesley Johnson"
2011,O,-5.07120236670582,303.0,56,"Darko Milicic, Luke Ridnour, Corey Brewer, Michael Beasley, Kevin Love"
2011,O,4.980307051556736,441.0,93,"Antonio McDyess, Tim Duncan, Manu Ginobili, Richard Jefferson, Tony Parker"
2011,O,4.9736319141334855,990.0,252,"Kevin Garnett, Ray Allen, Paul Pierce, Rajon Rondo, Glen Davis"
2011,O,4.968981991550003,506.0,93,"Shaquille O'Neal, Kevin Garnett, Ray Allen, Paul Pierce, Rajon Rondo"
2011,D,-4.946044218262493,625.0,145,"Zach Randolph, Rudy Gay, Mike Conley, Marc Gasol, O.J. Mayo"
2011,D,-4.9397959394315345,348.0,83,"Andre Miller, LaMarcus Aldridge, Nicolas Batum, Dante Cunningham, Wesley Matthews"
2011,D,4.936407254366325,288.0,66,"Brad Miller, Shane Battier, Luis Scola, Kevin Martin, Kyle Lowry"
2011,D,4.882442812757903,212.0,60,"Ryan Gomes, Eric Gordon, DeAndre Jordan, Blake Griffin, Eric Bledsoe"
2011,D,4.870236122833983,298.0,51,"Darko Milicic, Luke Ridnour, Corey Brewer, Michael Beasley, Kevin Love"
2011,D,-4.854304310786915,214.0,32,"Erick Dampier, Mike Bibby, LeBron James, Chris Bosh, Dwyane Wade"
2011,O,-4.835943622604867,1420.0,224,"Andrei Kirilenko, Raja Bell, Al Jefferson, Deron Williams, Paul Millsap"
2011,O,4.789999776569261,246.0,76,"Manu Ginobili, Matt Bonner, George Hill, DeJuan Blair, Gary Neal"
2011,D,-4.734772659566895,200.0,47,"Elton Brand, Andre Iguodala, Spencer Hawes, Jrue Holiday, Evan Turner"
2011,O,4.6998122098550255,302.0,51,"Anthony Parker, Antawn Jamison, Ramon Sessions, JJ Hickson, Christian Eyenga"
2011,O,4.674048288324557,736.0,96,"Kurt Thomas, Carlos Boozer, Keith Bogans, Luol Deng, Derrick Rose"
2011,O,-4.638836082357655,221.0,72,"Kevin Garnett, Ray Allen, Paul Pierce, Nate Robinson, Glen Davis"
2011,D,-4.618442407970685,234.0,79,"Amar'e Stoudemire, Raymond Felton, Wilson Chandler, Danilo Gallinari, Toney Douglas"
2011,O,4.601337688117278,255.0,49,"Beno Udrih, Jason Thompson, Donte Greene, Tyreke Evans, DeMarcus Cousins"
2011,D,4.484252947351637,270.0,47,"Anthony Parker, Mo Williams, Anderson Varejao, Joey Graham, JJ Hickson"
2011,D,4.445884094689042,217.0,58,"Nazr Mohammed, Nick Collison, Daequan Cook, James Harden, Eric Maynor"
2011,O,4.390220229368545,1816.0,370,"Derek Fisher, Kobe Bryant, Lamar Odom, Metta World Peace, Pau Gasol"
2011,D,4.340133073218545,1326.0,187,"Tim Duncan, Manu Ginobili, Richard Jefferson, Tony Parker, DeJuan Blair"
2011,O,4.23850370134852,640.0,150,"Zach Randolph, Rudy Gay, Mike Conley, Marc Gasol, O.J. Mayo"
2011,D,4.21888342360624,376.0,100,"Jason Kidd, Dirk Nowitzki, Shawn Marion, Jason Terry, Tyson Chandler"
2011,O,-4.21817526546804,285.0,67,"Andris Biedrins, Dorell Wright, David Lee, Monta Ellis, Reggie Williams"
2011,O,-4.192545254019287,423.0,65,"Stephen Jackson, Kwame Brown, Boris Diaw, D.J. Augustin, Gerald Henderson"
2011,D,-4.091436542683396,1405.0,229,"Andrei Kirilenko, Raja Bell, Al Jefferson, Deron Williams, Paul Millsap"
2011,D,-4.060569493821007,292.0,73,"Samuel Dalembert, Beno Udrih, Carl Landry, Tyreke Evans, Omri Casspi"
2011,O,-4.034534548245507,819.0,145,"Marcus Camby, Andre Miller, LaMarcus Aldridge, Nicolas Batum, Wesley Matthews"
2011,D,-3.970107908714525,235.0,42,"Drew Gooden, John Salmons, Andrew Bogut, Luc Mbah a Moute, Brandon Jennings"
2011,D,-3.904575979441067,540.0,117,"Andre Miller, Gerald Wallace, LaMarcus Aldridge, Nicolas Batum, Wesley Matthews"
2011,O,3.799030156695995,715.0,134,"Dorell Wright, David Lee, Monta Ellis, Stephen Curry, Ekpe Udoh"
2011,O,3.787476355803655,212.0,47,"Darko Milicic, Luke Ridnour, Corey Brewer, Kevin Love, Wesley Johnson"
2011,D,-3.7761544189945955,262.0,42,"Darko Milicic, Sebastian Telfair, Michael Beasley, Kevin Love, Wesley Johnson"
2011,D,3.7658418690718327,1437.0,205,"Elton Brand, Andre Iguodala, Spencer Hawes, Jrue Holiday, Jodie Meeks"
2011,D,3.691265768888352,543.0,99,"Kevin Garnett, Ray Allen, Paul Pierce, Nenad Krstic, Rajon Rondo"
2011,O,3.6655306411852844,298.0,68,"Brad Miller, Shane Battier, Luis Scola, Kevin Martin, Kyle Lowry"
2011,O,3.6323399654030153,403.0,65,"Keith Bogans, Luol Deng, Joakim Noah, Derrick Rose, Taj Gibson"
2011,O,3.609329485415548,353.0,60,"Amar'e Stoudemire, Raymond Felton, Danilo Gallinari, Landry Fields, Timofey Mozgov"
2011,D,-3.6006584522797693,1362.0,211,"Andris Biedrins, Dorell Wright, David Lee, Monta Ellis, Stephen Curry"
2011,O,-3.5685036917230835,255.0,56,"Dorell Wright, David Lee, Monta Ellis, Lou Amundson, Stephen Curry"
2011,O,-3.537239535874422,1158.0,179,"Hedo Turkoglu, Jason Richardson, Dwight Howard, Jameer Nelson, Brandon Bass"
2011,O,-3.515348779279366,647.0,122,"Danny Granger, Roy Hibbert, Tyler Hansbrough, Darren Collison, Paul George"
2011,O,-3.3942577732764443,306.0,72,"Mike Dunleavy, Danny Granger, Roy Hibbert, Tyler Hansbrough, Darren Collison"
2011,O,3.384109856623902,337.0,83,"Andre Miller, LaMarcus Aldridge, Nicolas Batum, Dante Cunningham, Wesley Matthews"
2011,D,-3.365084568813228,289.0,70,"Andris Biedrins, Dorell Wright, David Lee, Monta Ellis, Reggie Williams"
2011,O,3.362160395253142,932.0,144,"Darko Milicic, Luke Ridnour, Michael Beasley, Kevin Love, Wesley Johnson"
2011,O,-3.351446309493902,333.0,55,"Zydrunas Ilgauskas, LeBron James, Chris Bosh, Dwyane Wade, Mario Chalmers"
2011,O,3.2863101179925787,1444.0,206,"Elton Brand, Andre Iguodala, Spencer Hawes, Jrue Holiday, Jodie Meeks"
2011,D,3.2378605605716064,272.0,39,"Amir Johnson, Jose Calderon, Andrea Bargnani, DeMar DeRozan, James Johnson"
2011,D,-3.2365104711373647,301.0,52,"Anthony Parker, Ramon Sessions, JJ Hickson, Alonzo Gee, Samardo Samuels"
2011,O,-3.230507923686557,205.0,67,"Chauncey Billups, Al Harrington, Nene, Carmelo Anthony, Arron Afflalo"
2011,O,3.222162586568502,203.0,50,"Tracy McGrady, Ben Gordon, Charlie Villanueva, Will Bynum, Greg Monroe"
2011,D,-3.2111436000968876,1076.0,151,"Nenad Krstic, Thabo Sefolosha, Kevin Durant, Jeff Green, Russell Westbrook"
2011,D,3.2041990834186036,583.0,100,"Luis Scola, Kevin Martin, Chuck Hayes, Kyle Lowry, Chase Budinger"
2011,D,-3.1830051123896217,442.0,104,"Eric Gordon, DeAndre Jordan, Blake Griffin, Al-Farouq Aminu, Eric Bledsoe"
2011,O,3.176572156105082,446.0,132,"Mike Bibby, Jamal Crawford, Joe Johnson, Josh Smith, Al Horford"
2011,D,-3.174400488454811,600.0,110,"Grant Hill, Steve Nash, Channing Frye, Marcin Gortat, Jared Dudley"
2011,O,3.158584472240405,293.0,74,"Samuel Dalembert, Beno Udrih, Carl Landry, Tyreke Evans, Omri Casspi"
2011,D,3.1553325654894118,1394.0,217,"Derek Fisher, Kobe Bryant, Metta World Peace, Pau Gasol, Andrew Bynum"
2011,O,-3.0808336829744296,280.0,52,"Travis Outlaw, Devin Harris, Stephen Graham, Brook Lopez, Derrick Favors"
2011,O,-3.0683607170378866,486.0,93,"Danny Granger, Josh McRoberts, Brandon Rush, Roy Hibbert, Darren Collison"
2011,D,3.0664305526063442,308.0,113,"Nick Collison, Kevin Durant, Russell Westbrook, Serge Ibaka, James Harden"
2011,D,3.0476625836162703,388.0,88,"David West, Willie Green, Emeka Okafor, Trevor Ariza, Chris Paul"
2011,D,3.0457648364525647,299.0,52,"Anthony Parker, Antawn Jamison, Ramon Sessions, JJ Hickson, Christian Eyenga"
2011,D,3.020877928574468,470.0,84,"Baron Davis, Ryan Gomes, Randy Foye, DeAndre Jordan, Blake Griffin"
2011,O,2.987931423857192,359.0,85,"Zach Randolph, Tony Allen, Rudy Gay, Mike Conley, Marc Gasol"
2011,O,-2.97424968881198,775.0,97,"Carlos Boozer, Keith Bogans, Luol Deng, Joakim Noah, Derrick Rose"
2011,D,2.9702960807979104,497.0,91,"Shaquille O'Neal, Kevin Garnett, Ray Allen, Paul Pierce, Rajon Rondo"
2011,O,2.962214216601536,260.0,41,"Darko Milicic, Sebastian Telfair, Michael Beasley, Kevin Love, Wesley Johnson"
2011,D,2.9614273175388117,750.0,139,"Zach Randolph, Tony Allen, Mike Conley, Marc Gasol, Sam Young"
2011,D,-2.9612693086075987,260.0,59,"Dorell Wright, David Lee, Monta Ellis, Lou Amundson, Stephen Curry"
2011,O,-2.954389558912369,459.0,101,"Travis Outlaw, Devin Harris, Kris Humphries, Brook Lopez, Anthony Morrow"
2011,O,2.939166872241611,584.0,95,"Chauncey Billups, Kenyon Martin, Nene, Carmelo Anthony, Arron Afflalo"
2011,O,-2.9383895643088693,234.0,52,"Lamar Odom, Pau Gasol, Luke Walton, Steve Blake, Shannon Brown"
2011,D,2.877045083126387,818.0,142,"Marcus Camby, Andre Miller, LaMarcus Aldridge, Nicolas Batum, Wesley Matthews"
2011,O,-2.8214611145828505,330.0,83,"Carlos Arroyo, LeBron James, Chris Bosh, Dwyane Wade, Joel Anthony"
2011,D,2.8088290073130797,431.0,70,"Zach Randolph, Rudy Gay, Mike Conley, Marc Gasol, Xavier Henry"
2011,D,2.7999584603094605,712.0,133,"Dorell Wright, David Lee, Monta Ellis, Stephen Curry, Ekpe Udoh"
2011,O,-2.7691012809693887,213.0,56,"Travis Outlaw, Devin Harris, Brook Lopez, Anthony Morrow, Derrick Favors"
2011,D,-2.726065479117498,285.0,40,"Emeka Okafor, Trevor Ariza, Chris Paul, Marco Belinelli, Carl Landry"
2011,O,2.6550004085573025,203.0,44,"Andrei Kirilenko, Raja Bell, Earl Watson, Al Jefferson, Paul Millsap"
2011,D,-2.6457472890356373,687.0,110,"Mike Bibby, Joe Johnson, Josh Smith, Marvin Williams, Al Horford"
2011,O,-2.6101332817314264,388.0,81,"Shane Battier, Luis Scola, Kevin Martin, Kyle Lowry, Jordan Hill"
2011,D,2.5404031736883854,286.0,37,"Vince Carter, Rashard Lewis, Quentin Richardson, Dwight Howard, Jameer Nelson"
2011,O,2.52001588868391,498.0,73,"Rashard Lewis, Andray Blatche, Nick Young, JaVale McGee, John Wall"
2011,O,-2.464395830673428,263.0,48,"Reggie Evans, Jarrett Jack, Linas Kleiza, Andrea Bargnani, DeMar DeRozan"
2011,D,2.463014262834807,1614.0,291,"David West, Emeka Okafor, Trevor Ariza, Chris Paul, Marco Belinelli"
2011,D,-2.392063924020464,213.0,70,"Kobe Bryant, Lamar Odom, Pau Gasol, Steve Blake, Shannon Brown"
2011,D,-2.3746047610152456,1163.0,214,"Amar'e Stoudemire, Raymond Felton, Wilson Chandler, Danilo Gallinari, Landry Fields"
2011,D,2.3617728990346065,349.0,88,"Zach Randolph, Tony Allen, Rudy Gay, Mike Conley, Marc Gasol"
2011,D,2.31545597185759,232.0,42,"Kevin Garnett, Ray Allen, Jermaine O'Neal, Paul Pierce, Rajon Rondo"
2011,D,2.3085227131800963,243.0,76,"Manu Ginobili, Matt Bonner, George Hill, DeJuan Blair, Gary Neal"
2011,D,2.302839755336184,381.0,97,"Grant Hill, Steve Nash, Vince Carter, Channing Frye, Marcin Gortat"
2011,D,-2.296023785181629,639.0,123,"Danny Granger, Roy Hibbert, Tyler Hansbrough, Darren Collison, Paul George"
2011,O,-2.2942285003106595,255.0,49,"Andre Miller, Joel Przybilla, LaMarcus Aldridge, Nicolas Batum, Wesley Matthews"
2011,D,-2.26232634836168,290.0,52,"Shaquille O'Neal, Ray Allen, Paul Pierce, Rajon Rondo, Glen Davis"
2011,O,-2.2581942533700072,292.0,41,"Emeka Okafor, Trevor Ariza, Chris Paul, Marco Belinelli, Carl Landry"
2011,O,2.2242802229380247,377.0,50,"Mike Bibby, Joe Johnson, Jason Collins, Josh Smith, Al Horford"
2011,O,2.2000038258286407,377.0,90,"Hedo Turkoglu, Jason Richardson, Dwight Howard, Jameer Nelson, Ryan Anderson"
2011,D,2.1981094655893676,316.0,87,"Vladimir Radmanovic, Dorell Wright, David Lee, Monta Ellis, Stephen Curry"
2011,O,2.190809591030719,266.0,66,"Rudy Gay, Mike Conley, Marc Gasol, O.J. Mayo, Darrell Arthur"
2011,D,2.182210057887374,344.0,70,"Marcus Camby, Andre Miller, LaMarcus Aldridge, Brandon Roy, Wesley Matthews"
2011,O,-2.1460554857200043,529.0,80,"Kendrick Perkins, Thabo Sefolosha, Kevin Durant, Russell Westbrook, Serge Ibaka"
2011,D,-2.132061141805482,425.0,67,"Stephen Jackson, Kwame Brown, Boris Diaw, D.J. Augustin, Gerald Henderson"
2011,D,2.129414461555368,635.0,116,"Baron Davis, Ryan Gomes, Eric Gordon, DeAndre Jordan, Blake Griffin"
2011,O,-2.122388590093604,1620.0,290,"David West, Emeka Okafor, Trevor Ariza, Chris Paul, Marco Belinelli"
2011,O,-2.0582965779385907,247.0,86,"Tim Duncan, Richard Jefferson, Tony Parker, Matt Bonner, George Hill"
2011,O,-2.0485973462831257,202.0,37,"Shaquille O'Neal, Kevin Garnett, Ray Allen, Paul Pierce, Nate Robinson"
2011,D,-2.0459982123232385,274.0,55,"Travis Outlaw, Devin Harris, Stephen Graham, Brook Lopez, Derrick Favors"
2011,D,2.0407355361553727,214.0,45,"Linas Kleiza, Amir Johnson, Jose Calderon, Andrea Bargnani, DeMar DeRozan"
2011,D,2.015679832210686,314.0,90,"Andre Miller, LaMarcus Aldridge, Rudy Fernandez, Nicolas Batum, Wesley Matthews"
2011,O,-2.0082444990959494,798.0,111,"Zydrunas Ilgauskas, Carlos Arroyo, LeBron James, Chris Bosh, Dwyane Wade"
2011,O,2.005931115329623,352.0,54,"Samuel Dalembert, Beno Udrih, Francisco Garcia, Marcus Thornton, DeMarcus Cousins"
2011,D,1.9999245805480845,395.0,66,"Keith Bogans, Luol Deng, Joakim Noah, Derrick Rose, Taj Gibson"
2011,D,-1.9719908059901314,200.0,65,"Chauncey Billups, Al Harrington, Nene, Carmelo Anthony, Arron Afflalo"
2011,O,1.9523751766837159,316.0,66,"Grant Hill, Steve Nash, Hedo Turkoglu, Jason Richardson, Channing Frye"
2011,D,-1.887070314527342,735.0,97,"Kurt Thomas, Carlos Boozer, Keith Bogans, Luol Deng, Derrick Rose"
2011,D,1.8193013109660003,493.0,69,"Chauncey Billups, Nene, Carmelo Anthony, Shelden Williams, Arron Afflalo"
2011,O,1.7972521293206478,1393.0,213,"Derek Fisher, Kobe Bryant, Metta World Peace, Pau Gasol, Andrew Bynum"
2011,D,-1.7830365604031835,457.0,102,"Travis Outlaw, Devin Harris, Kris Humphries, Brook Lopez, Anthony Morrow"
2011,O,-1.7795115714741996,541.0,100,"Kevin Garnett, Ray Allen, Paul Pierce, Nenad Krstic, Rajon Rondo"
2011,O,1.7467566887453663,313.0,108,"Nick Collison, Kevin Durant, Russell Westbrook, Serge Ibaka, James Harden"
2011,D,-1.7318215977601317,218.0,57,"Travis Outlaw, Devin Harris, Brook Lopez, Anthony Morrow, Derrick Favors"
2011,D,1.72203748829546,316.0,71,"Kevin Garnett, Ray Allen, Paul Pierce, Kendrick Perkins, Rajon Rondo"
2011,D,1.6861244916205942,263.0,36,"Joe Johnson, Kirk Hinrich, Josh Smith, Marvin Williams, Al Horford"
2011,D,-1.6622854439022374,644.0,190,"Dirk Nowitzki, Shawn Marion, Jason Terry, Brendan Haywood, J.J. Barea"
2011,O,1.6403513800686829,348.0,69,"Marcus Camby, Andre Miller, LaMarcus Aldridge, Brandon Roy, Wesley Matthews"
2011,D,1.6166019816104336,205.0,52,"Tracy McGrady, Ben Gordon, Charlie Villanueva, Will Bynum, Greg Monroe"
2011,D,1.599052108701073,725.0,148,"John Salmons, Carlos Delfino, Andrew Bogut, Luc Mbah a Moute, Brandon Jennings"
2011,O,-1.5586680902997485,251.0,52,"Travis Outlaw, Devin Harris, Kris Humphries, Stephen Graham, Brook Lopez"
2011,O,1.5484930879801606,691.0,109,"Mike Bibby, Joe Johnson, Josh Smith, Marvin Williams, Al Horford"
2011,O,-1.541799369535262,539.0,88,"Amir Johnson, Jose Calderon, Andrea Bargnani, Sonny Weems, DeMar DeRozan"
2011,O,1.5116525220174735,283.0,62,"Beno Udrih, Jason Thompson, Tyreke Evans, Omri Casspi, DeMarcus Cousins"
2011,D,1.4709827917606195,532.0,83,"Amir Johnson, Jose Calderon, Andrea Bargnani, Sonny Weems, DeMar DeRozan"
2011,D,1.4032502719417237,678.0,121,"Stephen Jackson, Nazr Mohammed, Gerald Wallace, Boris Diaw, D.J. Augustin"
2011,D,-1.3554149186116584,243.0,43,"Kirk Hinrich, Andray Blatche, Al Thornton, JaVale McGee, John Wall"
2011,O,-1.3521763050349405,554.0,100,"Zach Randolph, Rudy Gay, Mike Conley, Marc Gasol, Sam Young"
2011,D,-1.2676256888283821,214.0,35,"Anthony Parker, Mo Williams, Anderson Varejao, Jamario Moon, JJ Hickson"
2011,O,-1.215287725398402,209.0,48,"Elton Brand, Andre Iguodala, Spencer Hawes, Jrue Holiday, Evan Turner"
2011,O,-1.1909240128351972,683.0,122,"Stephen Jackson, Nazr Mohammed, Gerald Wallace, Boris Diaw, D.J. Augustin"
2011,D,-1.1777664383023303,1521.0,238,"Shane Battier, Luis Scola, Kevin Martin, Chuck Hayes, Kyle Lowry"
2011,D,1.149844073867425,1823.0,370,"Derek Fisher, Kobe Bryant, Lamar Odom, Metta World Peace, Pau Gasol"
2011,O,1.1443154583809303,602.0,115,"Grant Hill, Steve Nash, Channing Frye, Marcin Gortat, Jared Dudley"
2011,O,-1.1092948810652314,393.0,132,"Lamar Odom, Pau Gasol, Matt Barnes, Steve Blake, Shannon Brown"
2011,O,1.0433615573413455,1079.0,156,"Nenad Krstic, Thabo Sefolosha, Kevin Durant, Jeff Green, Russell Westbrook"
2011,D,-0.9990878117817465,226.0,75,"Elton Brand, Andre Iguodala, Lou Williams, Thaddeus Young, Jrue Holiday"
2011,O,-0.9719759426857556,724.0,98,"Grant Hill, Steve Nash, Vince Carter, Channing Frye, Robin Lopez"
2011,D,-0.9557411775929899,585.0,93,"Chauncey Billups, Kenyon Martin, Nene, Carmelo Anthony, Arron Afflalo"
2011,O,0.9424660422996336,372.0,97,"Grant Hill, Steve Nash, Vince Carter, Channing Frye, Marcin Gortat"
2011,D,-0.8459358527499385,286.0,86,"LeBron James, Chris Bosh, Dwyane Wade, Joel Anthony, Mario Chalmers"
2011,D,0.833390747229436,526.0,82,"Kendrick Perkins, Thabo Sefolosha, Kevin Durant, Russell Westbrook, Serge Ibaka"
2011,D,-0.7984477448172744,429.0,130,"Mike Bibby, Jamal Crawford, Joe Johnson, Josh Smith, Al Horford"
2011,D,-0.7876619093994467,243.0,99,"Nick Collison, Kevin Durant, Serge Ibaka, James Harden, Eric Maynor"
2011,O,0.7660386483190921,292.0,88,"LeBron James, Chris Bosh, Dwyane Wade, Joel Anthony, Mario Chalmers"
2011,O,-0.7388982840102605,236.0,40,"Drew Gooden, John Salmons, Andrew Bogut, Luc Mbah a Moute, Brandon Jennings"
2011,O,-0.7363205751751708,325.0,93,"Andre Miller, LaMarcus Aldridge, Rudy Fernandez, Nicolas Batum, Wesley Matthews"
2011,D,-0.6334258594791107,455.0,95,"Antonio McDyess, Tim Duncan, Manu Ginobili, Richard Jefferson, Tony Parker"
2011,D,-0.547052528926063,330.0,54,"Zydrunas Ilgauskas, LeBron James, Chris Bosh, Dwyane Wade, Mario Chalmers"
2011,D,-0.530552117452248,407.0,83,"Kwame Brown, Boris Diaw, D.J. Augustin, Gerald Henderson, Dante Cunningham"
2011,D,0.5273658370097248,312.0,64,"Grant Hill, Steve Nash, Hedo Turkoglu, Jason Richardson, Channing Frye"
2011,O,0.5169741986624352,300.0,37,"Ben Wallace, Richard Hamilton, Tayshaun Prince, Jason Maxiell, Rodney Stuckey"
2011,O,-0.4839600254328371,1378.0,209,"Andris Biedrins, Dorell Wright, David Lee, Monta Ellis, Stephen Curry"
2011,D,-0.45958476346361654,395.0,87,"Shane Battier, Luis Scola, Kevin Martin, Kyle Lowry, Jordan Hill"
2011,D,0.4538258659660517,722.0,99,"Grant Hill, Steve Nash, Vince Carter, Channing Frye, Robin Lopez"
2011,D,0.38554974375808276,249.0,49,"Travis Outlaw, Devin Harris, Kris Humphries, Stephen Graham, Brook Lopez"
2011,D,-0.33267618036372737,919.0,142,"Darko Milicic, Luke Ridnour, Michael Beasley, Kevin Love, Wesley Johnson"
2011,D,-0.30211173790099055,241.0,87,"Tim Duncan, Richard Jefferson, Tony Parker, Matt Bonner, George Hill"
2011,D,-0.2724758184603371,789.0,112,"Zydrunas Ilgauskas, Carlos Arroyo, LeBron James, Chris Bosh, Dwyane Wade"
2011,O,0.20032232705040212,433.0,72,"Zach Randolph, Rudy Gay, Mike Conley, Marc Gasol, Xavier Henry"
2011,D,-0.17416997759610206,245.0,67,"Stephen Jackson, Gerald Wallace, Boris Diaw, Tyrus Thomas, D.J. Augustin"
2011,O,0.11032155282155631,655.0,125,"Stephen Jackson, Kwame Brown, Gerald Wallace, Boris Diaw, D.J. Augustin"
2011,O,-0.10993392154166001,392.0,63,"Marcus Camby, Andre Miller, LaMarcus Aldridge, Brandon Roy, Nicolas Batum"
2011,O,0.08344140932452972,1344.0,186,"Tim Duncan, Manu Ginobili, Richard Jefferson, Tony Parker, DeJuan Blair"
2011,D,0.007784245321066786,349.0,51,"Samuel Dalembert, Beno Udrih, Francisco Garcia, Marcus Thornton, DeMarcus Cousins"
2012,O,20.643466961135704,270.0,66,"Michael Redd, Josh Childress, Sebastian Telfair, Robin Lopez, Markieff Morris"
2012,D,19.690091027893278,273.0,85,"Kyle Korver, Luol Deng, John Lucas III, Omer Asik, Taj Gibson"
2012,D,-19.64407658229489,307.0,86,"Tayshaun Prince, Ben Gordon, Jonas Jerebko, Greg Monroe, Brandon Knight"
2012,D,17.91350305438064,206.0,54,"Dorell Wright, David Lee, Monta Ellis, Stephen Curry, Ekpe Udoh"
2012,D,-17.7658740713558,353.0,113,"Caron Butler, Mo Williams, Chris Paul, DeAndre Jordan, Blake Griffin"
2012,O,17.30186684988682,249.0,44,"Arron Afflalo, Danilo Gallinari, Kosta Koufos, Ty Lawson, Kenneth Faried"
2012,D,-15.413718915569584,205.0,86,"Nick Collison, Kendrick Perkins, Kevin Durant, Russell Westbrook, James Harden"
2012,D,15.165052993249812,236.0,33,"Vince Carter, Dirk Nowitzki, Shawn Marion, Brendan Haywood, Delonte West"
2012,O,-15.011586775623199,295.0,53,"Gerald Henderson, Byron Mullens, Derrick Brown, Bismack Biyombo, Kemba Walker"
2012,D,-14.849041538108152,205.0,37,"Jason Richardson, Jameer Nelson, JJ Redick, Glen Davis, Ryan Anderson"
2012,O,-14.52037490100637,254.0,70,"LeBron James, Chris Bosh, Dwyane Wade, Udonis Haslem, Mario Chalmers"
2012,D,13.61974137952981,379.0,76,"Elton Brand, Andre Iguodala, Spencer Hawes, Jrue Holiday, Jodie Meeks"
2012,D,13.545166416979553,234.0,45,"Hedo Turkoglu, Jason Richardson, Dwight Howard, Chris Duhon, Ryan Anderson"
2012,D,13.155904227215704,206.0,75,"Daniel Gibson, Ramon Sessions, Alonzo Gee, Samardo Samuels, Tristan Thompson"
2012,O,13.144666982928737,224.0,31,"Metta World Peace, Pau Gasol, Andrew Bynum, Ramon Sessions, Devin Ebanks"
2012,O,12.84374212122628,423.0,96,"Hedo Turkoglu, Dwight Howard, Jameer Nelson, JJ Redick, Ryan Anderson"
2012,O,-12.541220994810756,252.0,77,"Shane Battier, Chris Bosh, Dwyane Wade, Udonis Haslem, Norris Cole"
2012,O,-12.489597388653271,261.0,41,"Elton Brand, Andre Iguodala, Spencer Hawes, Jrue Holiday, Evan Turner"
2012,O,-12.115303473068023,258.0,36,"Darko Milicic, Luke Ridnour, Kevin Love, Ricky Rubio, Wesley Johnson"
2012,D,11.59446655843229,287.0,53,"DeShawn Stevenson, Kris Humphries, Deron Williams, Shelden Williams, MarShon Brooks"
2012,O,-11.472406561072475,226.0,40,"Marcus Camby, Gerald Wallace, Raymond Felton, LaMarcus Aldridge, Nicolas Batum"
2012,D,11.420975806142138,249.0,79,"Elton Brand, Andre Iguodala, Thaddeus Young, Jrue Holiday, Evan Turner"
2012,D,11.41980047899152,257.0,36,"Darko Milicic, Luke Ridnour, Kevin Love, Ricky Rubio, Wesley Johnson"
2012,O,11.203438221072892,215.0,82,"Nick Collison, Kevin Durant, Russell Westbrook, Serge Ibaka, James Harden"
2012,O,-11.177798949543542,250.0,78,"Earl Watson, Josh Howard, CJ Miles, Derrick Favors, Enes Kanter"
2012,O,11.02621643420422,245.0,65,"Nazr Mohammed, Nick Collison, Daequan Cook, James Harden, Reggie Jackson"
2012,O,11.019092945781306,356.0,111,"Caron Butler, Mo Williams, Chris Paul, DeAndre Jordan, Blake Griffin"
2012,O,10.915068421771139,329.0,72,"Samuel Dalembert, Luis Scola, Courtney Lee, Goran Dragic, Chandler Parsons"
2012,D,-10.911447897654485,462.0,86,"Anthony Parker, Antawn Jamison, Alonzo Gee, Kyrie Irving, Tristan Thompson"
2012,D,10.614356361796094,279.0,41,"Amir Johnson, Jose Calderon, Aaron Gray, DeMar DeRozan, James Johnson"
2012,D,10.607400111125777,313.0,37,"Jason Kidd, Vince Carter, Dirk Nowitzki, Shawn Marion, Brendan Haywood"
2012,O,10.569774323349867,207.0,31,"Richard Hamilton, Carlos Boozer, Luol Deng, Joakim Noah, C.J. Watson"
2012,D,-10.478718192551982,264.0,42,"Elton Brand, Andre Iguodala, Spencer Hawes, Jrue Holiday, Evan Turner"
2012,O,-10.368032401863651,564.0,71,"Kendrick Perkins, Kevin Durant, Daequan Cook, Russell Westbrook, Serge Ibaka"
2012,D,10.362502192007138,253.0,72,"LeBron James, Chris Bosh, Dwyane Wade, Udonis Haslem, Mario Chalmers"
2012,D,-10.343568008895762,205.0,75,"Danny Granger, Roy Hibbert, George Hill, Tyler Hansbrough, Darren Collison"
2012,D,10.172202671856056,320.0,44,"Baron Davis, Tyson Chandler, Carmelo Anthony, Landry Fields, Iman Shumpert"
2012,O,-9.98121156444301,363.0,49,"Jason Kidd, Dirk Nowitzki, Shawn Marion, Brendan Haywood, Delonte West"
2012,O,9.83987567014941,203.0,51,"Dorell Wright, David Lee, Monta Ellis, Stephen Curry, Ekpe Udoh"
2012,D,-9.404501429657673,314.0,38,"Drew Gooden, Carlos Delfino, Ersan Ilyasova, Monta Ellis, Brandon Jennings"
2012,O,-9.299114881386533,212.0,31,"Rashard Lewis, Andray Blatche, Nick Young, JaVale McGee, John Wall"
2012,O,9.089293848157334,637.0,122,"Jason Thompson, Tyreke Evans, Marcus Thornton, DeMarcus Cousins, Isaiah Thomas"
2012,O,-9.075911871388692,280.0,40,"Amir Johnson, Jose Calderon, Aaron Gray, DeMar DeRozan, James Johnson"
2012,O,9.025634523865692,613.0,105,"Joe Johnson, Kirk Hinrich, Zaza Pachulia, Josh Smith, Jeff Teague"
2012,O,8.887726558371266,269.0,86,"Kyle Korver, Luol Deng, John Lucas III, Omer Asik, Taj Gibson"
2012,D,8.880796840158405,511.0,88,"Tyson Chandler, Amar'e Stoudemire, Carmelo Anthony, Landry Fields, Jeremy Lin"
2012,O,8.870718300694193,315.0,38,"Drew Gooden, Carlos Delfino, Ersan Ilyasova, Monta Ellis, Brandon Jennings"
2012,O,-8.839815078307419,512.0,90,"Tyson Chandler, Amar'e Stoudemire, Carmelo Anthony, Landry Fields, Jeremy Lin"
2012,D,8.760989594141032,280.0,45,"Elton Brand, Andre Iguodala, Jrue Holiday, Jodie Meeks, Lavoy Allen"
2012,O,8.590160342452261,252.0,41,"Chris Kaman, Trevor Ariza, Marco Belinelli, Greivis Vasquez, Gustavo Ayon"
2012,D,8.238096543277761,374.0,66,"Nick Young, JaVale McGee, John Wall, Trevor Booker, Chris Singleton"
2012,O,8.180754689469387,232.0,33,"Vince Carter, Dirk Nowitzki, Shawn Marion, Brendan Haywood, Delonte West"
2012,D,8.100275826721264,224.0,32,"Metta World Peace, Pau Gasol, Andrew Bynum, Ramon Sessions, Devin Ebanks"
2012,D,-8.06272877942721,204.0,52,"Michael Redd, Sebastian Telfair, Shannon Brown, Robin Lopez, Markieff Morris"
2012,O,7.994629665080987,260.0,56,"Tayshaun Prince, Ben Gordon, Rodney Stuckey, Jonas Jerebko, Greg Monroe"
2012,D,-7.939525739294037,307.0,46,"Corey Maggette, Tyrus Thomas, D.J. Augustin, Gerald Henderson, Bismack Biyombo"
2012,O,-7.79687326671464,205.0,76,"Danny Granger, Roy Hibbert, George Hill, Tyler Hansbrough, Darren Collison"
2012,D,-7.764163237867703,630.0,123,"Jason Thompson, Tyreke Evans, Marcus Thornton, DeMarcus Cousins, Isaiah Thomas"
2012,O,-7.7327532980579265,322.0,59,"Kevin Garnett, Ray Allen, Jermaine O'Neal, Paul Pierce, Rajon Rondo"
2012,D,-7.5898139248643215,306.0,43,"Joel Przybilla, Raymond Felton, LaMarcus Aldridge, Nicolas Batum, Wesley Matthews"
2012,O,7.571908205178196,207.0,36,"Jason Richardson, Jameer Nelson, JJ Redick, Glen Davis, Ryan Anderson"
2012,D,-7.518839841217675,253.0,50,"Kobe Bryant, Metta World Peace, Pau Gasol, Steve Blake, Andrew Bynum"
2012,O,7.481306653639736,211.0,38,"Rudy Gay, Mike Conley, Marc Gasol, Marreese Speights, Quincy Pondexter"
2012,O,-7.438227264092476,274.0,36,"Rasual Butler, Amir Johnson, Jose Calderon, Andrea Bargnani, DeMar DeRozan"
2012,O,-7.4317051010195625,578.0,95,"Derek Fisher, Kobe Bryant, Pau Gasol, Matt Barnes, Andrew Bynum"
2012,D,-7.414131515544378,207.0,38,"JaVale McGee, John Wall, Trevor Booker, Jordan Crawford, Chris Singleton"
2012,O,7.224052344544314,530.0,100,"Carlos Boozer, Luol Deng, Ronnie Brewer, Joakim Noah, Derrick Rose"
2012,D,6.928622411072746,212.0,31,"Anthony Parker, Antawn Jamison, Ryan Hollins, Alonzo Gee, Kyrie Irving"
2012,O,6.813294993061032,406.0,66,"Kevin Garnett, Paul Pierce, Brandon Bass, Rajon Rondo, Avery Bradley"
2012,O,-6.664344168023318,220.0,32,"Emeka Okafor, Trevor Ariza, Jarrett Jack, Marco Belinelli, Jason Smith"
2012,D,-6.655459273080872,342.0,48,"Drew Gooden, Carlos Delfino, Shaun Livingston, Luc Mbah a Moute, Brandon Jennings"
2012,D,-6.589419526266365,272.0,40,"Devin Harris, Al Jefferson, Paul Millsap, DeMarre Carroll, Gordon Hayward"
2012,D,6.513726488070236,278.0,82,"Tony Allen, Rudy Gay, Mike Conley, Marc Gasol, O.J. Mayo"
2012,D,-6.5072634777666725,258.0,80,"Elton Brand, Andre Iguodala, Lou Williams, Thaddeus Young, Jrue Holiday"
2012,D,6.46440920881665,492.0,83,"Chauncey Billups, Caron Butler, Chris Paul, DeAndre Jordan, Blake Griffin"
2012,D,6.393462547164218,329.0,71,"Samuel Dalembert, Luis Scola, Courtney Lee, Goran Dragic, Chandler Parsons"
2012,O,6.391329637779793,1432.0,251,"Grant Hill, Steve Nash, Channing Frye, Marcin Gortat, Jared Dudley"
2012,D,6.329096944926119,265.0,37,"Dorell Wright, David Lee, Klay Thompson, Jeremy Tyler, Charles Jenkins"
2012,D,6.278708661623446,250.0,81,"Earl Watson, Josh Howard, CJ Miles, Derrick Favors, Enes Kanter"
2012,D,-6.232432062804406,305.0,68,"Carlos Boozer, Kyle Korver, Ronnie Brewer, Joakim Noah, Derrick Rose"
2012,O,6.215522569296603,503.0,84,"Luke Ridnour, Kevin Love, Nikola Pekovic, Ricky Rubio, Wesley Johnson"
2012,D,6.206916247019687,270.0,36,"Rasual Butler, Amir Johnson, Jose Calderon, Andrea Bargnani, DeMar DeRozan"
2012,O,-6.171425239422394,317.0,93,"Tayshaun Prince, Ben Gordon, Jonas Jerebko, Greg Monroe, Brandon Knight"
2012,O,6.097117993154629,243.0,40,"Luke Ridnour, Martell Webster, Kevin Love, Wesley Johnson, Derrick Williams"
2012,D,5.888481985244506,409.0,70,"Kevin Garnett, Paul Pierce, Brandon Bass, Rajon Rondo, Avery Bradley"
2012,O,5.790149999481098,236.0,59,"Jason Kidd, Dirk Nowitzki, Shawn Marion, Jason Terry, Brendan Haywood"
2012,D,5.7890384041197,321.0,58,"Kevin Garnett, Ray Allen, Jermaine O'Neal, Paul Pierce, Rajon Rondo"
2012,O,-5.6903232146335165,357.0,50,"Tim Duncan, Richard Jefferson, Tony Parker, DeJuan Blair, Kawhi Leonard"
2012,O,5.436058647095417,276.0,41,"Devin Harris, Al Jefferson, Paul Millsap, DeMarre Carroll, Gordon Hayward"
2012,O,-5.331171711214132,254.0,50,"Kobe Bryant, Metta World Peace, Pau Gasol, Steve Blake, Andrew Bynum"
2012,D,5.329794142518691,253.0,40,"Elton Brand, Andre Iguodala, Jrue Holiday, Jodie Meeks, Nikola Vučević"
2012,D,5.252614957563449,1284.0,176,"Kendrick Perkins, Thabo Sefolosha, Kevin Durant, Russell Westbrook, Serge Ibaka"
2012,O,-5.239620961050589,1291.0,175,"Kendrick Perkins, Thabo Sefolosha, Kevin Durant, Russell Westbrook, Serge Ibaka"
2012,O,-5.1920745071002745,377.0,73,"Elton Brand, Andre Iguodala, Spencer Hawes, Jrue Holiday, Jodie Meeks"
2012,D,-5.180053093970566,240.0,62,"Jason Kidd, Dirk Nowitzki, Shawn Marion, Jason Terry, Brendan Haywood"
2012,O,5.169214153815748,310.0,67,"Carlos Boozer, Kyle Korver, Ronnie Brewer, Joakim Noah, Derrick Rose"
2012,D,-5.140230335675682,215.0,87,"Nick Collison, Kevin Durant, Russell Westbrook, Serge Ibaka, James Harden"
2012,D,-5.050546988471586,788.0,211,"Kendrick Perkins, Kevin Durant, Russell Westbrook, Serge Ibaka, James Harden"
2012,O,5.049404403147287,294.0,50,"Chris Kaman, Trevor Ariza, Jarrett Jack, Marco Belinelli, Gustavo Ayon"
2012,O,-5.037008571227636,216.0,29,"Anthony Parker, Antawn Jamison, Alonzo Gee, Donald Sloan, Tristan Thompson"
2012,D,-5.015217348429346,340.0,75,"Tayshaun Prince, Ben Gordon, Jason Maxiell, Greg Monroe, Brandon Knight"
2012,O,-4.966445327378939,268.0,37,"Nene, Arron Afflalo, Danilo Gallinari, Ty Lawson, Timofey Mozgov"
2012,D,4.9511723240087635,383.0,59,"John Wall, Kevin Seraphin, Jordan Crawford, Jan Vesely, Chris Singleton"
2012,O,-4.949896227052328,209.0,74,"Daniel Gibson, Ramon Sessions, Alonzo Gee, Samardo Samuels, Tristan Thompson"
2012,D,4.9098691803141765,470.0,74,"Richard Hamilton, Carlos Boozer, Luol Deng, Joakim Noah, Derrick Rose"
2012,O,-4.852387883027065,323.0,64,"Joe Johnson, Josh Smith, Marvin Williams, Al Horford, Jeff Teague"
2012,O,-4.847516610463206,930.0,147,"Derek Fisher, Kobe Bryant, Metta World Peace, Pau Gasol, Andrew Bynum"
2012,D,4.798854953562984,1419.0,254,"Grant Hill, Steve Nash, Channing Frye, Marcin Gortat, Jared Dudley"
2012,O,-4.733433677618209,243.0,42,"Tim Duncan, Richard Jefferson, Tony Parker, DeJuan Blair, Danny Green"
2012,O,4.724161432612543,266.0,38,"Dorell Wright, David Lee, Klay Thompson, Jeremy Tyler, Charles Jenkins"
2012,D,4.700440747237383,294.0,52,"Gerald Henderson, Byron Mullens, Derrick Brown, Bismack Biyombo, Kemba Walker"
2012,O,4.6772712942493815,462.0,86,"Anthony Parker, Antawn Jamison, Alonzo Gee, Kyrie Irving, Tristan Thompson"
2012,O,-4.673680162867537,255.0,72,"Tony Allen, Rudy Gay, Mike Conley, Marc Gasol, Dante Cunningham"
2012,D,4.640054934945773,528.0,99,"Carlos Boozer, Luol Deng, Ronnie Brewer, Joakim Noah, Derrick Rose"
2012,O,4.573161688609709,219.0,42,"Donte Greene, Tyreke Evans, Marcus Thornton, DeMarcus Cousins, Isaiah Thomas"
2012,O,4.4977555555104844,279.0,81,"Tony Allen, Rudy Gay, Mike Conley, Marc Gasol, O.J. Mayo"
2012,D,4.475396999041221,221.0,59,"Troy Murphy, Matt Barnes, Steve Blake, Andrew Bynum, Andrew Goudelock"
2012,O,4.414621070711007,248.0,78,"Elton Brand, Andre Iguodala, Thaddeus Young, Jrue Holiday, Evan Turner"
2012,D,-4.393540677873043,251.0,41,"Arron Afflalo, Danilo Gallinari, Kosta Koufos, Ty Lawson, Kenneth Faried"
2012,O,-4.287327633928303,384.0,63,"Nick Young, JaVale McGee, John Wall, Trevor Booker, Chris Singleton"
2012,D,4.286082518213473,317.0,65,"Joe Johnson, Josh Smith, Marvin Williams, Al Horford, Jeff Teague"
2012,O,4.174075170135657,283.0,48,"Elton Brand, Andre Iguodala, Jrue Holiday, Jodie Meeks, Lavoy Allen"
2012,D,-4.171040327325877,488.0,76,"Carlos Boozer, Luol Deng, Ronnie Brewer, Joakim Noah, C.J. Watson"
2012,D,-4.158217589622595,270.0,50,"Josh Howard, Devin Harris, Al Jefferson, Paul Millsap, Gordon Hayward"
2012,D,4.145089335549315,266.0,69,"Michael Redd, Josh Childress, Sebastian Telfair, Robin Lopez, Markieff Morris"
2012,D,-4.111493894875586,597.0,89,"Anthony Parker, Antawn Jamison, Anderson Varejao, Omri Casspi, Kyrie Irving"
2012,O,4.076443561017926,497.0,83,"Chauncey Billups, Caron Butler, Chris Paul, DeAndre Jordan, Blake Griffin"
2012,O,3.9891366453740096,234.0,44,"Hedo Turkoglu, Jason Richardson, Dwight Howard, Chris Duhon, Ryan Anderson"
2012,O,-3.9811521522643143,879.0,127,"Samuel Dalembert, Luis Scola, Kevin Martin, Kyle Lowry, Chandler Parsons"
2012,O,3.944615292479122,318.0,39,"Jason Kidd, Vince Carter, Dirk Nowitzki, Shawn Marion, Brendan Haywood"
2012,D,-3.853746661941639,957.0,142,"Tony Allen, Rudy Gay, Mike Conley, Marc Gasol, Marreese Speights"
2012,O,-3.82549483384188,1041.0,140,"LeBron James, Chris Bosh, Dwyane Wade, Joel Anthony, Mario Chalmers"
2012,O,3.805260732116458,271.0,49,"Josh Howard, Devin Harris, Al Jefferson, Paul Millsap, Gordon Hayward"
2012,O,-3.7370658169871196,260.0,44,"Elton Brand, Andre Iguodala, Jrue Holiday, Jodie Meeks, Nikola Vučević"
2012,D,3.6707692325538845,291.0,50,"Chris Kaman, Trevor Ariza, Jarrett Jack, Marco Belinelli, Gustavo Ayon"
2012,D,3.565016109588093,206.0,59,"Mike Miller, Shane Battier, Chris Bosh, Udonis Haslem, Norris Cole"
2012,O,-3.4991508831655675,529.0,68,"Andris Biedrins, Dorell Wright, David Lee, Monta Ellis, Stephen Curry"
2012,D,3.49908525834984,255.0,74,"Tony Allen, Rudy Gay, Mike Conley, Marc Gasol, Dante Cunningham"
2012,D,3.4619586529420543,924.0,148,"Derek Fisher, Kobe Bryant, Metta World Peace, Pau Gasol, Andrew Bynum"
2012,O,3.44860414585386,284.0,54,"Zach Randolph, Tony Allen, Rudy Gay, Mike Conley, Marc Gasol"
2012,D,3.447189618781027,358.0,48,"Tim Duncan, Richard Jefferson, Tony Parker, DeJuan Blair, Kawhi Leonard"
2012,D,-3.4323494736187805,746.0,132,"Raja Bell, Devin Harris, Al Jefferson, Paul Millsap, Gordon Hayward"
2012,D,-3.42652104196717,325.0,123,"Rudy Gay, Mike Conley, Marc Gasol, O.J. Mayo, Dante Cunningham"
2012,O,3.3337267837138933,793.0,207,"Kendrick Perkins, Kevin Durant, Russell Westbrook, Serge Ibaka, James Harden"
2012,O,-3.324848207053995,249.0,83,"Elton Brand, Andre Iguodala, Lou Williams, Thaddeus Young, Jrue Holiday"
2012,O,3.2972374710548893,1909.0,330,"David West, Danny Granger, Roy Hibbert, Darren Collison, Paul George"
2012,O,3.2175813046776134,327.0,44,"Baron Davis, Tyson Chandler, Carmelo Anthony, Landry Fields, Iman Shumpert"
2012,D,-3.214597434227589,280.0,49,"Tim Duncan, Tony Parker, DeJuan Blair, Danny Green, Kawhi Leonard"
2012,D,-3.2055747082010186,240.0,42,"Tim Duncan, Richard Jefferson, Tony Parker, DeJuan Blair, Danny Green"
2012,D,3.203377379241761,213.0,30,"Rashard Lewis, Andray Blatche, Nick Young, JaVale McGee, John Wall"
2012,D,-3.0731480956344606,345.0,64,"John Salmons, Jason Thompson, Tyreke Evans, Marcus Thornton, DeMarcus Cousins"
2012,O,2.9436196160906647,430.0,71,"Marcus Camby, Luis Scola, Courtney Lee, Goran Dragic, Chandler Parsons"
2012,D,-2.871703147401245,224.0,45,"Marcus Camby, Gerald Wallace, Raymond Felton, LaMarcus Aldridge, Nicolas Batum"
2012,D,-2.8298564216000437,696.0,114,"Steve Nash, Channing Frye, Marcin Gortat, Shannon Brown, Jared Dudley"
2012,O,2.812028206142105,475.0,75,"Richard Hamilton, Carlos Boozer, Luol Deng, Joakim Noah, Derrick Rose"
2012,D,2.6954972269638082,1874.0,315,"David West, Danny Granger, Roy Hibbert, Darren Collison, Paul George"
2012,D,-2.657367420715288,500.0,82,"Luke Ridnour, Kevin Love, Nikola Pekovic, Ricky Rubio, Wesley Johnson"
2012,O,-2.5664269142444343,225.0,36,"Gerald Wallace, Kris Humphries, Deron Williams, Shelden Williams, MarShon Brooks"
2012,O,2.350701980284063,215.0,32,"Anthony Parker, Antawn Jamison, Ryan Hollins, Alonzo Gee, Kyrie Irving"
2012,D,2.329624583613127,870.0,126,"Samuel Dalembert, Luis Scola, Kevin Martin, Kyle Lowry, Chandler Parsons"
2012,O,2.324644096527275,1181.0,187,"Caron Butler, Chris Paul, Randy Foye, DeAndre Jordan, Blake Griffin"
2012,O,2.2868934056111576,433.0,97,"David West, Danny Granger, Roy Hibbert, George Hill, Paul George"
2012,O,-2.261159088552833,314.0,122,"Rudy Gay, Mike Conley, Marc Gasol, O.J. Mayo, Dante Cunningham"
2012,D,-2.2600075583370334,483.0,87,"Devin Harris, Al Jefferson, CJ Miles, Paul Millsap, Gordon Hayward"
2012,D,2.2501205395305117,765.0,144,"Marcus Camby, Gerald Wallace, Raymond Felton, LaMarcus Aldridge, Wesley Matthews"
2012,D,2.200737825947515,358.0,47,"Jason Kidd, Dirk Nowitzki, Shawn Marion, Brendan Haywood, Delonte West"
2012,D,-2.1920546818964928,1051.0,166,"Tayshaun Prince, Jason Maxiell, Rodney Stuckey, Greg Monroe, Brandon Knight"
2012,O,2.1782385438590324,211.0,41,"JaVale McGee, John Wall, Trevor Booker, Jordan Crawford, Chris Singleton"
2012,D,-2.169805616760207,604.0,102,"Joe Johnson, Kirk Hinrich, Zaza Pachulia, Josh Smith, Jeff Teague"
2012,O,2.0686390718925747,220.0,58,"Troy Murphy, Matt Barnes, Steve Blake, Andrew Bynum, Andrew Goudelock"
2012,D,2.0610153200255428,209.0,36,"Rudy Gay, Mike Conley, Marc Gasol, Marreese Speights, Quincy Pondexter"
2012,O,2.028816086300822,698.0,118,"Steve Nash, Channing Frye, Marcin Gortat, Shannon Brown, Jared Dudley"
2012,D,-2.014811509448905,612.0,111,"Kevin Garnett, Ray Allen, Paul Pierce, Brandon Bass, Rajon Rondo"
2012,D,-2.011565918888846,207.0,32,"Richard Hamilton, Carlos Boozer, Luol Deng, Joakim Noah, C.J. Watson"
2012,O,2.0016070469930445,318.0,52,"Kobe Bryant, Metta World Peace, Pau Gasol, Andrew Bynum, Ramon Sessions"
2012,O,-1.98684017856711,956.0,141,"Tony Allen, Rudy Gay, Mike Conley, Marc Gasol, Marreese Speights"
2012,D,1.9439832131461454,251.0,55,"Tayshaun Prince, Ben Gordon, Rodney Stuckey, Jonas Jerebko, Greg Monroe"
2012,D,1.9198456128108676,202.0,33,"Raja Bell, Josh Howard, Devin Harris, Al Jefferson, Paul Millsap"
2012,D,-1.9094199599959736,721.0,138,"Joe Johnson, Zaza Pachulia, Josh Smith, Marvin Williams, Jeff Teague"
2012,D,-1.8678324534186173,977.0,163,"Hedo Turkoglu, Jason Richardson, Dwight Howard, Jameer Nelson, Ryan Anderson"
2012,D,1.8622933967607742,496.0,98,"Tyson Chandler, Amar'e Stoudemire, Carmelo Anthony, Landry Fields, Iman Shumpert"
2012,O,-1.7446889554330152,347.0,66,"John Salmons, Jason Thompson, Tyreke Evans, Marcus Thornton, DeMarcus Cousins"
2012,D,-1.6793318472142542,561.0,71,"Kendrick Perkins, Kevin Durant, Daequan Cook, Russell Westbrook, Serge Ibaka"
2012,O,1.6512923500844887,751.0,131,"Raja Bell, Devin Harris, Al Jefferson, Paul Millsap, Gordon Hayward"
2012,O,1.5631601710128398,280.0,50,"DeShawn Stevenson, Kris Humphries, Deron Williams, Shelden Williams, MarShon Brooks"
2012,O,-1.555348785235805,624.0,118,"Kevin Garnett, Ray Allen, Paul Pierce, Brandon Bass, Rajon Rondo"
2012,O,1.538745712412569,201.0,54,"Mike Miller, Shane Battier, Chris Bosh, Udonis Haslem, Norris Cole"
2012,D,-1.5282792616832295,217.0,42,"Donte Greene, Tyreke Evans, Marcus Thornton, DeMarcus Cousins, Isaiah Thomas"
2012,D,1.5058925357277246,261.0,35,"Nene, Arron Afflalo, Danilo Gallinari, Ty Lawson, Timofey Mozgov"
2012,D,1.4148631450715965,524.0,68,"Andris Biedrins, Dorell Wright, David Lee, Monta Ellis, Stephen Curry"
2012,O,1.3651114621623728,306.0,43,"Joel Przybilla, Raymond Felton, LaMarcus Aldridge, Nicolas Batum, Wesley Matthews"
2012,D,1.2860742388583286,258.0,75,"Shane Battier, Chris Bosh, Dwyane Wade, Udonis Haslem, Norris Cole"
2012,O,1.2620843861593019,986.0,163,"Hedo Turkoglu, Jason Richardson, Dwight Howard, Jameer Nelson, Ryan Anderson"
2012,D,1.1741701223816219,283.0,50,"Zach Randolph, Tony Allen, Rudy Gay, Mike Conley, Marc Gasol"
2012,O,-1.1204769140754722,593.0,90,"Anthony Parker, Antawn Jamison, Anderson Varejao, Omri Casspi, Kyrie Irving"
2012,D,1.0492139577832789,436.0,102,"David West, Danny Granger, Roy Hibbert, George Hill, Paul George"
2012,D,1.0396311839662216,227.0,37,"Gerald Wallace, Kris Humphries, Deron Williams, Shelden Williams, MarShon Brooks"
2012,D,-0.9279931473165762,221.0,32,"Emeka Okafor, Trevor Ariza, Jarrett Jack, Marco Belinelli, Jason Smith"
2012,O,-0.8712294199584594,337.0,74,"Tayshaun Prince, Ben Gordon, Jason Maxiell, Greg Monroe, Brandon Knight"
2012,D,-0.859132079204525,313.0,52,"Kobe Bryant, Metta World Peace, Pau Gasol, Andrew Bynum, Ramon Sessions"
2012,D,0.743992534069192,255.0,41,"Chris Kaman, Trevor Ariza, Marco Belinelli, Greivis Vasquez, Gustavo Ayon"
2012,D,-0.7405500012397498,1165.0,186,"Caron Butler, Chris Paul, Randy Foye, DeAndre Jordan, Blake Griffin"
2012,D,0.7384701885055177,1033.0,139,"LeBron James, Chris Bosh, Dwyane Wade, Joel Anthony, Mario Chalmers"
2012,O,0.686616117185827,488.0,88,"Devin Harris, Al Jefferson, CJ Miles, Paul Millsap, Gordon Hayward"
2012,O,0.5728335188780327,489.0,78,"Carlos Boozer, Luol Deng, Ronnie Brewer, Joakim Noah, C.J. Watson"
2012,O,-0.5414845422909762,384.0,60,"John Wall, Kevin Seraphin, Jordan Crawford, Jan Vesely, Chris Singleton"
2012,O,0.536467425754965,205.0,35,"Raja Bell, Josh Howard, Devin Harris, Al Jefferson, Paul Millsap"
2012,O,-0.5301871840875187,727.0,139,"Joe Johnson, Zaza Pachulia, Josh Smith, Marvin Williams, Jeff Teague"
2012,D,-0.5131874172034073,212.0,28,"Anthony Parker, Antawn Jamison, Alonzo Gee, Donald Sloan, Tristan Thompson"
2012,O,0.4804971459635854,343.0,49,"Drew Gooden, Carlos Delfino, Shaun Livingston, Luc Mbah a Moute, Brandon Jennings"
2012,O,-0.46301725254928244,499.0,97,"Tyson Chandler, Amar'e Stoudemire, Carmelo Anthony, Landry Fields, Iman Shumpert"
2012,O,-0.37195722675070997,311.0,47,"Corey Maggette, Tyrus Thomas, D.J. Augustin, Gerald Henderson, Bismack Biyombo"
2012,D,-0.34112425387025186,572.0,96,"Derek Fisher, Kobe Bryant, Pau Gasol, Matt Barnes, Andrew Bynum"
2012,O,0.32868327994464375,281.0,51,"Tim Duncan, Tony Parker, DeJuan Blair, Danny Green, Kawhi Leonard"
2012,O,0.23674104223172712,1057.0,167,"Tayshaun Prince, Jason Maxiell, Rodney Stuckey, Greg Monroe, Brandon Knight"
2012,D,0.19768192023533987,243.0,65,"Nazr Mohammed, Nick Collison, Daequan Cook, James Harden, Reggie Jackson"
2012,O,-0.14918313687341397,767.0,142,"Marcus Camby, Gerald Wallace, Raymond Felton, LaMarcus Aldridge, Wesley Matthews"
2012,D,-0.08816118392079703,425.0,76,"Marcus Camby, Luis Scola, Courtney Lee, Goran Dragic, Chandler Parsons"
2012,D,0.06361724259005153,245.0,38,"Luke Ridnour, Martell Webster, Kevin Love, Wesley Johnson, Derrick Williams"
2012,D,0.009247673454156205,411.0,92,"Hedo Turkoglu, Dwight Howard, Jameer Nelson, JJ Redick, Ryan Anderson"
2013,D,20.459780882855622,273.0,53,"Nene, Emeka Okafor, Martell Webster, John Wall, Bradley Beal"
2013,O,-20.1065363403588,333.0,56,"Jameer Nelson, Arron Afflalo, Glen Davis, Nikola Vučević, Maurice Harkless"
2013,O,-20.09158068631015,203.0,34,"Jason Maxiell, Jose Calderon, Rodney Stuckey, Greg Monroe, Kyle Singler"
2013,D,-18.508133979715403,226.0,83,"Andre Iguodala, Danilo Gallinari, JaVale McGee, Ty Lawson, Kenneth Faried"
2013,O,17.045421685728375,220.0,71,"Ray Allen, LeBron James, Chris Bosh, Dwyane Wade, Mario Chalmers"
2013,O,15.547183169539794,233.0,38,"John Salmons, Aaron Brooks, Jason Thompson, Tyreke Evans, DeMarcus Cousins"
2013,D,-15.210208669929365,313.0,62,"Marcin Gortat, Shannon Brown, Michael Beasley, Goran Dragic, Markieff Morris"
2013,O,14.9645132089233,225.0,59,"LaMarcus Aldridge, Nicolas Batum, Wesley Matthews, Damian Lillard, Meyers Leonard"
2013,O,-14.875189602510588,202.0,65,"Luol Deng, Nate Robinson, Joakim Noah, Marco Belinelli, Taj Gibson"
2013,D,14.747477781415789,200.0,65,"Vince Carter, Shawn Marion, Brandan Wright, O.J. Mayo, Darren Collison"
2013,O,-14.704402951382963,253.0,53,"Emeka Okafor, Trevor Ariza, AJ Price, Trevor Booker, Bradley Beal"
2013,O,-14.391937590225439,205.0,25,"Jason Thompson, Tyreke Evans, James Johnson, DeMarcus Cousins, Isaiah Thomas"
2013,O,-14.306930815043792,237.0,32,"Kevin Garnett, Paul Pierce, Brandon Bass, Rajon Rondo, Avery Bradley"
2013,O,-14.035055348279771,233.0,34,"Jason Kidd, Tyson Chandler, Carmelo Anthony, Raymond Felton, Iman Shumpert"
2013,D,13.38337200723393,222.0,76,"Lamar Odom, Jamal Crawford, Matt Barnes, Blake Griffin, Eric Bledsoe"
2013,O,-13.382389381308265,288.0,94,"Andre Miller, Andre Iguodala, Corey Brewer, Wilson Chandler, JaVale McGee"
2013,O,-12.828209795795809,408.0,69,"Richard Hamilton, Carlos Boozer, Luol Deng, Nate Robinson, Joakim Noah"
2013,D,12.517240633645567,318.0,54,"Andrei Kirilenko, Luke Ridnour, Greg Stiemsma, Ricky Rubio, Derrick Williams"
2013,O,11.864348161739573,500.0,138,"Jason Kidd, Tyson Chandler, Carmelo Anthony, JR Smith, Raymond Felton"
2013,D,-11.694349964626312,326.0,67,"Roger Mason Jr., Robin Lopez, Ryan Anderson, Al-Farouq Aminu, Greivis Vasquez"
2013,O,-11.622776066524978,460.0,80,"Luis Scola, Marcin Gortat, Jared Dudley, Michael Beasley, Goran Dragic"
2013,O,11.544443225978807,210.0,66,"Steve Nash, Kobe Bryant, Metta World Peace, Dwight Howard, Jodie Meeks"
2013,D,11.531481597814862,214.0,68,"Steve Nash, Kobe Bryant, Metta World Peace, Dwight Howard, Jodie Meeks"
2013,O,-11.331455286167147,438.0,109,"Carlos Boozer, Luol Deng, Nate Robinson, Joakim Noah, Marco Belinelli"
2013,D,11.040717608301035,279.0,90,"Andre Miller, Andre Iguodala, Corey Brewer, Wilson Chandler, JaVale McGee"
2013,D,10.519918070366911,274.0,93,"Jamal Crawford, Matt Barnes, Chris Paul, DeAndre Jordan, Blake Griffin"
2013,O,10.198368976777038,206.0,63,"Jarrett Jack, David Lee, Stephen Curry, Klay Thompson, Festus Ezeli"
2013,D,10.156526455503851,323.0,73,"Roy Hibbert, George Hill, Tyler Hansbrough, Paul George, Lance Stephenson"
2013,D,10.087249047908253,210.0,40,"Nene, Emeka Okafor, Martell Webster, AJ Price, Bradley Beal"
2013,D,10.024226981609669,341.0,72,"Andris Biedrins, David Lee, Stephen Curry, Klay Thompson, Harrison Barnes"
2013,D,-9.982829329062898,233.0,35,"Jameer Nelson, Arron Afflalo, Nikola Vučević, Maurice Harkless, Andrew Nicholson"
2013,O,9.770257236450677,220.0,50,"Joe Johnson, Keith Bogans, Kris Humphries, Deron Williams, Brook Lopez"
2013,D,-9.71771404201194,396.0,60,"Jason Kidd, Tyson Chandler, Carmelo Anthony, Raymond Felton, Ronnie Brewer"
2013,D,9.685807939655959,362.0,71,"Anderson Varejao, Alonzo Gee, Kyrie Irving, Tristan Thompson, Dion Waiters"
2013,O,9.490504148967494,330.0,70,"Roger Mason Jr., Robin Lopez, Ryan Anderson, Al-Farouq Aminu, Greivis Vasquez"
2013,O,-9.486270749925492,280.0,64,"David West, Gerald Green, Roy Hibbert, George Hill, Paul George"
2013,O,9.406872149864258,366.0,68,"Anderson Varejao, Alonzo Gee, Kyrie Irving, Tristan Thompson, Dion Waiters"
2013,D,9.375514676246139,495.0,135,"Jason Kidd, Tyson Chandler, Carmelo Anthony, JR Smith, Raymond Felton"
2013,O,-9.370442388903651,201.0,64,"Ray Allen, Shane Battier, LeBron James, Joel Anthony, Norris Cole"
2013,D,9.338743297396093,242.0,47,"Kobe Bryant, Metta World Peace, Pau Gasol, Steve Blake, Dwight Howard"
2013,D,9.335102509317577,676.0,132,"Omer Asik, James Harden, Jeremy Lin, Marcus Morris Sr., Chandler Parsons"
2013,O,-9.305091138159604,291.0,59,"Dorell Wright, Thaddeus Young, Jrue Holiday, Evan Turner, Lavoy Allen"
2013,O,-9.261808989057728,309.0,45,"Dirk Nowitzki, Shawn Marion, Chris Kaman, O.J. Mayo, Darren Collison"
2013,D,8.949775134097303,647.0,115,"Amir Johnson, Rudy Gay, Kyle Lowry, DeMar DeRozan, Jonas Valanciunas"
2013,O,8.83853115004459,286.0,41,"Luis Scola, P.J. Tucker, Goran Dragic, Wesley Johnson, Markieff Morris"
2013,D,8.791486881114764,548.0,146,"Lamar Odom, Jamal Crawford, Matt Barnes, Ronny Turiaf, Eric Bledsoe"
2013,O,-8.772988651507472,255.0,41,"Jameer Nelson, Arron Afflalo, Nikola Vučević, Tobias Harris, Maurice Harkless"
2013,O,8.725853812193424,251.0,37,"Caron Butler, Willie Green, DeAndre Jordan, Blake Griffin, Eric Bledsoe"
2013,D,-8.714705393088538,218.0,53,"JJ Redick, Arron Afflalo, Glen Davis, Nikola Vučević, E'Twaun Moore"
2013,D,8.595436456673752,329.0,53,"Jameer Nelson, Arron Afflalo, Glen Davis, Nikola Vučević, Maurice Harkless"
2013,O,8.52457073288662,299.0,52,"CJ Miles, Alonzo Gee, Kyrie Irving, Tristan Thompson, Tyler Zeller"
2013,O,-8.506297245551826,365.0,68,"Mo Williams, Al Jefferson, Marvin Williams, Paul Millsap, Gordon Hayward"
2013,D,8.479692011039184,971.0,169,"Zach Randolph, Tayshaun Prince, Tony Allen, Mike Conley, Marc Gasol"
2013,D,8.382992950696464,307.0,50,"Brendan Haywood, Byron Mullens, Kemba Walker, Michael Kidd-Gilchrist, Jeffery Taylor"
2013,D,-8.369794171064868,456.0,77,"Luis Scola, Marcin Gortat, Jared Dudley, Michael Beasley, Goran Dragic"
2013,D,-8.327610945188432,284.0,42,"Luis Scola, P.J. Tucker, Goran Dragic, Wesley Johnson, Markieff Morris"
2013,O,8.283260153710028,205.0,36,"Nene, Emeka Okafor, Martell Webster, AJ Price, Bradley Beal"
2013,O,8.27260876634099,243.0,76,"Jarrett Jack, David Lee, Carl Landry, Stephen Curry, Harrison Barnes"
2013,O,8.258817983689557,223.0,70,"Nate Robinson, Joakim Noah, Marco Belinelli, Taj Gibson, Jimmy Butler III"
2013,D,8.153794607301702,413.0,61,"Jason Maxiell, Jose Calderon, Greg Monroe, Brandon Knight, Kyle Singler"
2013,O,-8.104625830295682,344.0,55,"Wayne Ellington, Alonzo Gee, Kyrie Irving, Tristan Thompson, Tyler Zeller"
2013,D,-8.06117123289757,360.0,127,"Nick Collison, Kevin Martin, Kevin Durant, Russell Westbrook, Serge Ibaka"
2013,O,7.966362116712596,242.0,42,"Tony Parker, Boris Diaw, Tiago Splitter, Danny Green, Kawhi Leonard"
2013,O,-7.9257906955139426,563.0,116,"Carlos Boozer, Kirk Hinrich, Luol Deng, Joakim Noah, Marco Belinelli"
2013,D,-7.888358973090235,510.0,78,"Josh McRoberts, Gerald Henderson, Bismack Biyombo, Kemba Walker, Michael Kidd-Gilchrist"
2013,O,7.758703413452409,284.0,94,"Jamal Crawford, Matt Barnes, Chris Paul, DeAndre Jordan, Blake Griffin"
2013,O,-7.74261460733344,392.0,70,"Kobe Bryant, Metta World Peace, Pau Gasol, Dwight Howard, Darius Morris"
2013,O,7.724897439012499,226.0,81,"Ray Allen, Shane Battier, Chris Andersen, LeBron James, Norris Cole"
2013,D,7.700014219349417,275.0,66,"David West, Gerald Green, Roy Hibbert, George Hill, Paul George"
2013,O,7.654860211662525,211.0,60,"Luke Walton, Shaun Livingston, CJ Miles, Marreese Speights, Wayne Ellington"
2013,D,7.302853585328614,673.0,97,"Tim Duncan, Tony Parker, Tiago Splitter, Danny Green, Kawhi Leonard"
2013,D,-7.211990675187695,207.0,31,"Hakim Warrick, Gerald Henderson, Bismack Biyombo, Kemba Walker, Michael Kidd-Gilchrist"
2013,D,7.191017617941136,273.0,49,"Marquis Daniels, Monta Ellis, Luc Mbah a Moute, Brandon Jennings, Larry Sanders"
2013,D,-7.135656860570124,302.0,53,"Joe Johnson, Reggie Evans, Keith Bogans, Deron Williams, Brook Lopez"
2013,D,-7.091469211674155,219.0,55,"Ray Allen, Shane Battier, Chris Andersen, Dwyane Wade, Norris Cole"
2013,D,7.053859662741133,216.0,25,"Dirk Nowitzki, Shawn Marion, O.J. Mayo, Darren Collison, Bernard James"
2013,O,7.049320507626489,518.0,78,"Chauncey Billups, Caron Butler, Chris Paul, DeAndre Jordan, Blake Griffin"
2013,D,6.974146988554499,1108.0,196,"Tayshaun Prince, Jason Maxiell, Greg Monroe, Brandon Knight, Kyle Singler"
2013,O,-6.8132237902914605,203.0,31,"Tim Duncan, Tony Parker, DeJuan Blair, Danny Green, Gary Neal"
2013,O,6.81196617511101,202.0,61,"Andre Miller, Andre Iguodala, Danilo Gallinari, Ty Lawson, Kenneth Faried"
2013,O,6.794561440696164,443.0,102,"Jameer Nelson, JJ Redick, Arron Afflalo, Glen Davis, Nikola Vučević"
2013,D,6.726859067439015,757.0,127,"Ersan Ilyasova, Monta Ellis, Luc Mbah a Moute, Brandon Jennings, Larry Sanders"
2013,D,-6.614646321564606,670.0,115,"Mo Williams, Al Jefferson, Randy Foye, Paul Millsap, Gordon Hayward"
2013,O,-6.553255544491105,277.0,52,"Marquis Daniels, Monta Ellis, Luc Mbah a Moute, Brandon Jennings, Larry Sanders"
2013,O,6.505813362373334,430.0,61,"Omer Asik, James Harden, Jeremy Lin, Donatas Motiejunas, Chandler Parsons"
2013,O,6.347943363795455,202.0,68,"Vince Carter, Shawn Marion, Brandan Wright, O.J. Mayo, Darren Collison"
2013,D,-6.300451318452897,207.0,37,"Andre Miller, Andre Iguodala, Danilo Gallinari, Kosta Koufos, Kenneth Faried"
2013,D,-6.152597081959965,222.0,38,"Robin Lopez, Al-Farouq Aminu, Greivis Vasquez, Anthony Davis, Austin Rivers"
2013,O,6.05934834851493,330.0,72,"Roy Hibbert, George Hill, Tyler Hansbrough, Paul George, Lance Stephenson"
2013,D,-5.988839225677695,346.0,54,"Luis Scola, Marcin Gortat, Shannon Brown, Jared Dudley, Goran Dragic"
2013,D,5.907593286461496,1155.0,189,"Zach Randolph, Tony Allen, Rudy Gay, Mike Conley, Marc Gasol"
2013,O,-5.898300684613129,202.0,55,"Earl Watson, DeMarre Carroll, Derrick Favors, Gordon Hayward, Enes Kanter"
2013,O,5.848461106328368,227.0,38,"Amir Johnson, Jose Calderon, DeMar DeRozan, Ed Davis, Landry Fields"
2013,D,-5.828960462000613,410.0,63,"Gerald Henderson, Byron Mullens, Bismack Biyombo, Kemba Walker, Michael Kidd-Gilchrist"
2013,O,-5.710938328174225,238.0,39,"Richard Hamilton, Carlos Boozer, Kirk Hinrich, Joakim Noah, Jimmy Butler III"
2013,D,5.696880525463699,485.0,115,"Tayshaun Prince, Jason Maxiell, Rodney Stuckey, Greg Monroe, Brandon Knight"
2013,D,5.679810464003941,266.0,37,"Nazr Mohammed, Carlos Boozer, Kirk Hinrich, Luol Deng, Jimmy Butler III"
2013,D,5.656349694433901,365.0,67,"Mo Williams, Al Jefferson, Marvin Williams, Paul Millsap, Gordon Hayward"
2013,D,5.647356186506017,206.0,26,"Dirk Nowitzki, Shawn Marion, Mike James, Chris Kaman, O.J. Mayo"
2013,O,5.642517424790753,716.0,119,"Jason Richardson, Thaddeus Young, Jrue Holiday, Evan Turner, Lavoy Allen"
2013,D,-5.63737447575663,226.0,67,"Nate Robinson, Joakim Noah, Marco Belinelli, Taj Gibson, Jimmy Butler III"
2013,O,-5.533968990338249,545.0,146,"Lamar Odom, Jamal Crawford, Matt Barnes, Ronny Turiaf, Eric Bledsoe"
2013,D,-5.532254994680308,207.0,64,"Ray Allen, LeBron James, Chris Bosh, Dwyane Wade, Mario Chalmers"
2013,O,-5.524418286773234,674.0,131,"Omer Asik, James Harden, Jeremy Lin, Marcus Morris Sr., Chandler Parsons"
2013,D,5.518501862149952,993.0,167,"David Lee, Stephen Curry, Klay Thompson, Harrison Barnes, Festus Ezeli"
2013,O,5.2393659809677215,578.0,124,"Shane Battier, LeBron James, Chris Bosh, Dwyane Wade, Mario Chalmers"
2013,O,5.182678707290206,1281.0,173,"Caron Butler, Willie Green, Chris Paul, DeAndre Jordan, Blake Griffin"
2013,O,5.15203688387905,423.0,113,"Carlos Delfino, Omer Asik, James Harden, Jeremy Lin, Chandler Parsons"
2013,D,5.106505745286827,220.0,49,"Joe Johnson, Keith Bogans, Kris Humphries, Deron Williams, Brook Lopez"
2013,O,4.938025402844129,207.0,36,"Andre Miller, Andre Iguodala, Danilo Gallinari, Kosta Koufos, Kenneth Faried"
2013,O,4.88988987071588,394.0,63,"Jason Kidd, Tyson Chandler, Carmelo Anthony, Raymond Felton, Ronnie Brewer"
2013,D,4.832465860094698,688.0,126,"Kyle Korver, Devin Harris, Josh Smith, Al Horford, Jeff Teague"
2013,O,4.780004597462875,273.0,88,"Kevin Martin, Thabo Sefolosha, Kevin Durant, Russell Westbrook, Serge Ibaka"
2013,O,4.749953335673134,2265.0,423,"David West, Roy Hibbert, George Hill, Paul George, Lance Stephenson"
2013,O,-4.645390410644369,691.0,125,"Kyle Korver, Devin Harris, Josh Smith, Al Horford, Jeff Teague"
2013,O,4.639569376478604,669.0,117,"Mo Williams, Al Jefferson, Randy Foye, Paul Millsap, Gordon Hayward"
2013,O,4.629532419293308,637.0,109,"DeShawn Stevenson, Kyle Korver, Josh Smith, Al Horford, Jeff Teague"
2013,O,-4.606274577329648,763.0,143,"Luis Scola, Marcin Gortat, P.J. Tucker, Jared Dudley, Goran Dragic"
2013,D,4.515233163653048,256.0,85,"Dorell Wright, Spencer Hawes, Thaddeus Young, Jrue Holiday, Evan Turner"
2013,O,-4.500045365438901,970.0,164,"Zach Randolph, Tayshaun Prince, Tony Allen, Mike Conley, Marc Gasol"
2013,D,-4.490524081064482,310.0,88,"David Lee, Carl Landry, Stephen Curry, Klay Thompson, Harrison Barnes"
2013,D,-4.468236598652249,407.0,69,"Richard Hamilton, Carlos Boozer, Luol Deng, Nate Robinson, Joakim Noah"
2013,O,-4.446440263224459,486.0,111,"Tayshaun Prince, Jason Maxiell, Rodney Stuckey, Greg Monroe, Brandon Knight"
2013,D,-4.417006775698258,210.0,57,"Luke Walton, Shaun Livingston, CJ Miles, Marreese Speights, Wayne Ellington"
2013,D,-4.385191216193372,699.0,116,"Andrei Kirilenko, Luke Ridnour, Nikola Pekovic, Ricky Rubio, Derrick Williams"
2013,D,4.383178382686397,228.0,35,"Samuel Dalembert, Ersan Ilyasova, Monta Ellis, Brandon Jennings, Tobias Harris"
2013,D,-4.284528906664836,1283.0,173,"Caron Butler, Willie Green, Chris Paul, DeAndre Jordan, Blake Griffin"
2013,D,4.266700221635099,295.0,52,"CJ Miles, Alonzo Gee, Kyrie Irving, Tristan Thompson, Tyler Zeller"
2013,D,-4.235239172982651,531.0,68,"Nene, Emeka Okafor, Martell Webster, Garrett Temple, John Wall"
2013,O,4.226114766501298,247.0,43,"Luke Ridnour, Mickael Gelabale, Greg Stiemsma, Ricky Rubio, Derrick Williams"
2013,O,4.21459664404296,273.0,51,"Nene, Emeka Okafor, Martell Webster, John Wall, Bradley Beal"
2013,O,-4.192388698495825,261.0,60,"Robin Lopez, Ryan Anderson, Al-Farouq Aminu, Greivis Vasquez, Austin Rivers"
2013,O,4.054473735715673,263.0,90,"David West, Ian Mahinmi, George Hill, Paul George, Lance Stephenson"
2013,O,4.049142326982308,325.0,113,"Vince Carter, Shawn Marion, Chris Kaman, O.J. Mayo, Darren Collison"
2013,O,-4.029723188539605,218.0,82,"Andre Iguodala, Danilo Gallinari, JaVale McGee, Ty Lawson, Kenneth Faried"
2013,O,-4.014218218012176,393.0,80,"Spencer Hawes, Thaddeus Young, Nick Young, Jrue Holiday, Evan Turner"
2013,D,3.945103140420364,261.0,73,"J.J. Barea, Greg Stiemsma, Dante Cunningham, Chase Budinger, Alexey Shved"
2013,O,-3.9404110427257564,240.0,58,"Eric Gordon, Robin Lopez, Ryan Anderson, Al-Farouq Aminu, Greivis Vasquez"
2013,O,-3.937952716156436,208.0,27,"Dirk Nowitzki, Shawn Marion, Mike James, Chris Kaman, O.J. Mayo"
2013,D,-3.9260398264094936,202.0,29,"Tim Duncan, Tony Parker, DeJuan Blair, Danny Green, Gary Neal"
2013,D,-3.891303910847797,253.0,57,"Robin Lopez, Ryan Anderson, Al-Farouq Aminu, Greivis Vasquez, Austin Rivers"
2013,D,-3.8768880583432073,375.0,103,"Andrew Bogut, Jarrett Jack, David Lee, Stephen Curry, Klay Thompson"
2013,O,3.8405542619631063,309.0,62,"Marcin Gortat, Shannon Brown, Michael Beasley, Goran Dragic, Markieff Morris"
2013,O,-3.7459976732079596,261.0,38,"LaMarcus Aldridge, JJ Hickson, Nicolas Batum, Victor Claver, Damian Lillard"
2013,O,3.7220661256138263,303.0,89,"David Lee, Carl Landry, Stephen Curry, Klay Thompson, Harrison Barnes"
2013,D,3.690639164572278,251.0,78,"Ray Allen, Shane Battier, LeBron James, Chris Bosh, Dwyane Wade"
2013,D,-3.684524483316433,358.0,85,"Steve Nash, Kobe Bryant, Metta World Peace, Pau Gasol, Dwight Howard"
2013,O,-3.624491827198476,204.0,29,"Hakim Warrick, Gerald Henderson, Bismack Biyombo, Kemba Walker, Michael Kidd-Gilchrist"
2013,D,-3.6014993441762,1133.0,173,"John Salmons, Jason Thompson, Tyreke Evans, DeMarcus Cousins, Isaiah Thomas"
2013,D,3.548363866256255,304.0,43,"Dirk Nowitzki, Shawn Marion, Chris Kaman, O.J. Mayo, Darren Collison"
2013,O,3.497440659035472,374.0,101,"Andrew Bogut, Jarrett Jack, David Lee, Stephen Curry, Klay Thompson"
2013,O,-3.491642186664651,392.0,74,"Mo Williams, Al Jefferson, Marvin Williams, Randy Foye, Paul Millsap"
2013,D,-3.4477808922802393,344.0,57,"Wayne Ellington, Alonzo Gee, Kyrie Irving, Tristan Thompson, Tyler Zeller"
2013,O,3.42456569733028,1177.0,174,"Joe Johnson, Gerald Wallace, Reggie Evans, Deron Williams, Brook Lopez"
2013,D,-3.366892131256197,436.0,101,"Carlos Boozer, Luol Deng, Nate Robinson, Joakim Noah, Marco Belinelli"
2013,O,-3.3591960785144934,213.0,48,"Spencer Hawes, Nick Young, Jrue Holiday, Evan Turner, Lavoy Allen"
2013,O,3.3181403549660136,802.0,135,"Alonzo Gee, Kyrie Irving, Tristan Thompson, Dion Waiters, Tyler Zeller"
2013,D,3.301068103107768,391.0,73,"Mo Williams, Al Jefferson, Marvin Williams, Randy Foye, Paul Millsap"
2013,D,-3.2959314574699645,1130.0,166,"Omer Asik, James Harden, Patrick Patterson, Jeremy Lin, Chandler Parsons"
2013,O,-3.293571650861811,247.0,46,"Kobe Bryant, Metta World Peace, Pau Gasol, Steve Blake, Dwight Howard"
2013,O,3.2532520424620075,405.0,130,"Mike Dunleavy, Ersan Ilyasova, Monta Ellis, Brandon Jennings, Larry Sanders"
2013,O,3.250246783681959,203.0,59,"Derek Fisher, Nick Collison, Kevin Martin, Kevin Durant, Reggie Jackson"
2013,O,-3.237500486535005,238.0,66,"John Salmons, Jason Thompson, Marcus Thornton, DeMarcus Cousins, Isaiah Thomas"
2013,D,-3.160969995226497,210.0,48,"Spencer Hawes, Nick Young, Jrue Holiday, Evan Turner, Lavoy Allen"
2013,D,3.155419883111691,293.0,51,"Andrei Kirilenko, Luke Ridnour, Nikola Pekovic, Dante Cunningham, Alexey Shved"
2013,O,-3.139570370450298,421.0,64,"Jason Maxiell, Jose Calderon, Greg Monroe, Brandon Knight, Kyle Singler"
2013,D,3.100782497813059,791.0,121,"Richard Hamilton, Carlos Boozer, Kirk Hinrich, Luol Deng, Joakim Noah"
2013,D,3.093266568909834,424.0,116,"Lamar Odom, Jamal Crawford, Matt Barnes, Ryan Hollins, Eric Bledsoe"
2013,O,3.0809396112341805,416.0,140,"Jamal Crawford, Caron Butler, Chris Paul, DeAndre Jordan, Blake Griffin"
2013,O,3.026225743048654,406.0,66,"Gerald Henderson, Byron Mullens, Bismack Biyombo, Kemba Walker, Michael Kidd-Gilchrist"
2013,O,-3.0212105940077687,314.0,51,"Brendan Haywood, Byron Mullens, Kemba Walker, Michael Kidd-Gilchrist, Jeffery Taylor"
2013,O,3.0038823211032915,515.0,79,"Josh McRoberts, Gerald Henderson, Bismack Biyombo, Kemba Walker, Michael Kidd-Gilchrist"
2013,D,-3.0019239897176795,211.0,62,"Andre Miller, Andre Iguodala, Danilo Gallinari, Ty Lawson, Kenneth Faried"
2013,O,3.0006181296701966,261.0,50,"Zaza Pachulia, Kyle Korver, Josh Smith, Al Horford, Jeff Teague"
2013,D,2.9851593222397343,437.0,86,"Kyle Korver, Josh Smith, Lou Williams, Al Horford, Jeff Teague"
2013,O,-2.782234322611696,260.0,72,"J.J. Barea, Greg Stiemsma, Dante Cunningham, Chase Budinger, Alexey Shved"
2013,D,-2.778707232003937,250.0,46,"Luke Ridnour, Mickael Gelabale, Greg Stiemsma, Ricky Rubio, Derrick Williams"
2013,O,2.7649906507118436,200.0,64,"Eric Gordon, Ryan Anderson, Al-Farouq Aminu, Greivis Vasquez, Anthony Davis"
2013,D,2.74163247146237,556.0,114,"Carlos Boozer, Kirk Hinrich, Luol Deng, Joakim Noah, Marco Belinelli"
2013,O,-2.7316521531874964,365.0,85,"Steve Nash, Kobe Bryant, Metta World Peace, Pau Gasol, Dwight Howard"
2013,O,-2.7224681342306254,1150.0,184,"Zach Randolph, Tony Allen, Rudy Gay, Mike Conley, Marc Gasol"
2013,O,2.717987586253117,343.0,57,"Luis Scola, Marcin Gortat, Shannon Brown, Jared Dudley, Goran Dragic"
2013,D,-2.6522745549940967,259.0,79,"Kevin Martin, Thabo Sefolosha, Kevin Durant, Russell Westbrook, Serge Ibaka"
2013,O,-2.6228669129844424,831.0,123,"Jamaal Tinsley, Al Jefferson, Marvin Williams, Randy Foye, Paul Millsap"
2013,O,2.6183697364461294,2540.0,415,"Kendrick Perkins, Thabo Sefolosha, Kevin Durant, Russell Westbrook, Serge Ibaka"
2013,O,-2.6126361038641845,214.0,25,"Dirk Nowitzki, Shawn Marion, O.J. Mayo, Darren Collison, Bernard James"
2013,O,-2.590068136463665,234.0,34,"Jameer Nelson, Arron Afflalo, Nikola Vučević, Maurice Harkless, Andrew Nicholson"
2013,D,-2.572107144598252,217.0,33,"Rodney Stuckey, Greg Monroe, Brandon Knight, Kyle Singler, Andre Drummond"
2013,O,-2.5712339278101415,476.0,81,"Marquis Daniels, Ersan Ilyasova, Monta Ellis, Brandon Jennings, Larry Sanders"
2013,O,-2.554912389797704,343.0,59,"Joe Johnson, Gerald Wallace, Kris Humphries, Deron Williams, Brook Lopez"
2013,D,2.5240637649269932,317.0,111,"Vince Carter, Shawn Marion, Chris Kaman, O.J. Mayo, Darren Collison"
2013,D,2.5021333444514133,247.0,78,"Jarrett Jack, David Lee, Carl Landry, Stephen Curry, Harrison Barnes"
2013,O,-2.4822504446316427,399.0,138,"Vince Carter, Elton Brand, Shawn Marion, O.J. Mayo, Darren Collison"
2013,D,-2.476382293648185,220.0,59,"LaMarcus Aldridge, Nicolas Batum, Wesley Matthews, Damian Lillard, Meyers Leonard"
2013,D,2.4606922289468356,233.0,40,"Richard Hamilton, Carlos Boozer, Kirk Hinrich, Joakim Noah, Jimmy Butler III"
2013,D,2.4225679871273265,2243.0,415,"David West, Roy Hibbert, George Hill, Paul George, Lance Stephenson"
2013,D,2.3960660423149087,334.0,52,"Andrei Kirilenko, Luke Ridnour, Kevin Love, Nikola Pekovic, Alexey Shved"
2013,O,2.3628216754207654,243.0,51,"Kobe Bryant, Antawn Jamison, Metta World Peace, Dwight Howard, Chris Duhon"
2013,D,-2.3121438955754083,242.0,52,"Kobe Bryant, Antawn Jamison, Metta World Peace, Dwight Howard, Chris Duhon"
2013,D,-2.279576161764645,417.0,107,"Carlos Delfino, Omer Asik, James Harden, Jeremy Lin, Chandler Parsons"
2013,D,2.246933489637,241.0,42,"Tony Parker, Boris Diaw, Tiago Splitter, Danny Green, Kawhi Leonard"
2013,D,-2.1975631483413713,819.0,109,"Andrew Bogut, David Lee, Stephen Curry, Klay Thompson, Harrison Barnes"
2013,O,2.1453181367272225,207.0,55,"Ray Allen, Shane Battier, Chris Andersen, Dwyane Wade, Norris Cole"
2013,D,-2.1322958079324703,426.0,62,"Omer Asik, James Harden, Jeremy Lin, Donatas Motiejunas, Chandler Parsons"
2013,D,2.126670301627957,709.0,116,"Jason Richardson, Thaddeus Young, Jrue Holiday, Evan Turner, Lavoy Allen"
2013,D,2.077631960997126,770.0,235,"Jarrett Jack, David Lee, Carl Landry, Stephen Curry, Klay Thompson"
2013,D,-2.0484720296479706,835.0,123,"Jamaal Tinsley, Al Jefferson, Marvin Williams, Randy Foye, Paul Millsap"
2013,O,-2.0447367386233113,409.0,81,"Kevin Garnett, Paul Pierce, Jason Terry, Brandon Bass, Rajon Rondo"
2013,D,2.012312116786552,224.0,41,"John Salmons, Francisco Garcia, Jason Thompson, DeMarcus Cousins, Isaiah Thomas"
2013,O,1.9684203781773713,949.0,156,"Eric Gordon, Robin Lopez, Al-Farouq Aminu, Greivis Vasquez, Anthony Davis"
2013,O,1.9545911299297314,706.0,117,"Andrei Kirilenko, Luke Ridnour, Nikola Pekovic, Ricky Rubio, Derrick Williams"
2013,O,1.9539232415085477,217.0,57,"JJ Redick, Arron Afflalo, Glen Davis, Nikola Vučević, E'Twaun Moore"
2013,O,1.945287500890851,1112.0,195,"Tayshaun Prince, Jason Maxiell, Greg Monroe, Brandon Knight, Kyle Singler"
2013,O,1.9382930644701937,431.0,114,"Lamar Odom, Jamal Crawford, Matt Barnes, Ryan Hollins, Eric Bledsoe"
2013,D,-1.9382094038078725,212.0,65,"Jarrett Jack, David Lee, Stephen Curry, Klay Thompson, Festus Ezeli"
2013,O,-1.900470694297543,315.0,56,"Andrei Kirilenko, Luke Ridnour, Greg Stiemsma, Ricky Rubio, Derrick Williams"
2013,D,-1.8886211510789492,230.0,36,"John Salmons, Aaron Brooks, Jason Thompson, Tyreke Evans, DeMarcus Cousins"
2013,D,-1.802624534395047,519.0,78,"Chauncey Billups, Caron Butler, Chris Paul, DeAndre Jordan, Blake Griffin"
2013,D,1.763039723313079,323.0,117,"Lamar Odom, Jamal Crawford, Matt Barnes, Chris Paul, Blake Griffin"
2013,O,-1.7384887503776858,223.0,79,"Lamar Odom, Jamal Crawford, Matt Barnes, Blake Griffin, Eric Bledsoe"
2013,D,-1.7233835467795209,443.0,102,"Jameer Nelson, JJ Redick, Arron Afflalo, Glen Davis, Nikola Vučević"
2013,O,1.7203941507009717,301.0,55,"Joe Johnson, Reggie Evans, Keith Bogans, Deron Williams, Brook Lopez"
2013,O,-1.716779976893775,445.0,85,"Kyle Korver, Josh Smith, Lou Williams, Al Horford, Jeff Teague"
2013,D,1.6923888413403991,279.0,95,"David West, Ian Mahinmi, George Hill, Paul George, Lance Stephenson"
2013,O,1.663200436706008,261.0,82,"Ray Allen, Shane Battier, LeBron James, Chris Bosh, Dwyane Wade"
2013,D,1.650956399859374,1512.0,243,"Andre Iguodala, Danilo Gallinari, Kosta Koufos, Ty Lawson, Kenneth Faried"
2013,D,1.5965046168245753,2528.0,419,"Kendrick Perkins, Thabo Sefolosha, Kevin Durant, Russell Westbrook, Serge Ibaka"
2013,O,1.5797073880081072,649.0,110,"Amir Johnson, Rudy Gay, Kyle Lowry, DeMar DeRozan, Jonas Valanciunas"
2013,O,1.556857911669616,334.0,114,"Lamar Odom, Jamal Crawford, Matt Barnes, Chris Paul, Blake Griffin"
2013,O,1.5216670563347816,1522.0,236,"Andre Iguodala, Danilo Gallinari, Kosta Koufos, Ty Lawson, Kenneth Faried"
2013,D,-1.4820270843488017,266.0,38,"LaMarcus Aldridge, JJ Hickson, Nicolas Batum, Victor Claver, Damian Lillard"
2013,D,-1.4813406902394821,234.0,34,"Jason Kidd, Tyson Chandler, Carmelo Anthony, Raymond Felton, Iman Shumpert"
2013,D,-1.4738604836793041,380.0,115,"Mike Dunleavy, Ersan Ilyasova, Monta Ellis, Brandon Jennings, Larry Sanders"
2013,D,-1.4661281189806374,482.0,79,"Marquis Daniels, Ersan Ilyasova, Monta Ellis, Brandon Jennings, Larry Sanders"
2013,D,1.4507601557023724,298.0,60,"Tim Duncan, Tony Parker, Boris Diaw, Danny Green, Kawhi Leonard"
2013,O,1.398777968908876,334.0,52,"Andrei Kirilenko, Luke Ridnour, Kevin Love, Nikola Pekovic, Alexey Shved"
2013,D,-1.3828739328214215,450.0,81,"Kevin Garnett, Paul Pierce, Brandon Bass, Courtney Lee, Avery Bradley"
2013,O,1.3789631144989032,1145.0,173,"John Salmons, Jason Thompson, Tyreke Evans, DeMarcus Cousins, Isaiah Thomas"
2013,O,-1.3548297628208619,659.0,108,"Steve Nash, Kobe Bryant, Metta World Peace, Dwight Howard, Earl Clark"
2013,D,1.3481095173019386,306.0,60,"Dorell Wright, Thaddeus Young, Jrue Holiday, Evan Turner, Lavoy Allen"
2013,D,-1.3478886478435177,206.0,33,"Jason Maxiell, Jose Calderon, Rodney Stuckey, Greg Monroe, Kyle Singler"
2013,O,1.344697610770909,786.0,241,"Jarrett Jack, David Lee, Carl Landry, Stephen Curry, Klay Thompson"
2013,O,1.3331361234882242,702.0,102,"Damien Wilkins, Spencer Hawes, Thaddeus Young, Jrue Holiday, Evan Turner"
2013,D,1.3070628822685728,408.0,137,"Vince Carter, Elton Brand, Shawn Marion, O.J. Mayo, Darren Collison"
2013,D,1.300215809581719,1268.0,182,"LeBron James, Chris Bosh, Dwyane Wade, Udonis Haslem, Mario Chalmers"
2013,O,-1.294742978221223,797.0,122,"Richard Hamilton, Carlos Boozer, Kirk Hinrich, Luol Deng, Joakim Noah"
2013,O,-1.2648961306258926,293.0,51,"Andrei Kirilenko, Luke Ridnour, Nikola Pekovic, Dante Cunningham, Alexey Shved"
2013,O,-1.259539043748239,678.0,100,"Tim Duncan, Tony Parker, Tiago Splitter, Danny Green, Kawhi Leonard"
2013,O,1.2473480979740192,299.0,60,"Tim Duncan, Tony Parker, Boris Diaw, Danny Green, Kawhi Leonard"
2013,D,1.22947628785655,257.0,48,"Zaza Pachulia, Kyle Korver, Josh Smith, Al Horford, Jeff Teague"
2013,D,1.1632272339887695,202.0,43,"Kyle Korver, Josh Smith, Al Horford, Anthony Tolliver, Jeff Teague"
2013,D,1.0913440782320973,249.0,53,"Emeka Okafor, Trevor Ariza, AJ Price, Trevor Booker, Bradley Beal"
2013,O,1.084948158441566,1000.0,166,"David Lee, Stephen Curry, Klay Thompson, Harrison Barnes, Festus Ezeli"
2013,O,-1.0843129868786976,1288.0,181,"LeBron James, Chris Bosh, Dwyane Wade, Udonis Haslem, Mario Chalmers"
2013,D,-1.0025030215421855,250.0,39,"Caron Butler, Willie Green, DeAndre Jordan, Blake Griffin, Eric Bledsoe"
2013,D,0.9666695699673138,387.0,78,"Spencer Hawes, Thaddeus Young, Nick Young, Jrue Holiday, Evan Turner"
2013,D,-0.9531835373750361,245.0,58,"Eric Gordon, Robin Lopez, Ryan Anderson, Al-Farouq Aminu, Greivis Vasquez"
2013,O,0.9075737560750375,713.0,217,"Kendrick Perkins, Kevin Martin, Kevin Durant, Russell Westbrook, Serge Ibaka"
2013,D,-0.8885699432461677,2155.0,354,"LaMarcus Aldridge, JJ Hickson, Nicolas Batum, Wesley Matthews, Damian Lillard"
2013,D,0.877067406463563,655.0,107,"Steve Nash, Kobe Bryant, Metta World Peace, Dwight Howard, Earl Clark"
2013,D,-0.8594978414732749,1174.0,178,"Joe Johnson, Gerald Wallace, Reggie Evans, Deron Williams, Brook Lopez"
2013,O,-0.8567766215925992,823.0,108,"Andrew Bogut, David Lee, Stephen Curry, Klay Thompson, Harrison Barnes"
2013,O,0.8471062787087771,258.0,84,"Dorell Wright, Spencer Hawes, Thaddeus Young, Jrue Holiday, Evan Turner"
2013,O,-0.8308006522390312,2151.0,350,"LaMarcus Aldridge, JJ Hickson, Nicolas Batum, Wesley Matthews, Damian Lillard"
2013,D,-0.8243780512278209,946.0,155,"Eric Gordon, Robin Lopez, Al-Farouq Aminu, Greivis Vasquez, Anthony Davis"
2013,O,0.7820524626687113,368.0,130,"Nick Collison, Kevin Martin, Kevin Durant, Russell Westbrook, Serge Ibaka"
2013,D,0.6728289915343599,349.0,58,"Joe Johnson, Gerald Wallace, Kris Humphries, Deron Williams, Brook Lopez"
2013,D,0.6558275632665662,388.0,71,"Kobe Bryant, Metta World Peace, Pau Gasol, Dwight Howard, Darius Morris"
2013,O,-0.6356697205347587,222.0,40,"John Salmons, Francisco Garcia, Jason Thompson, DeMarcus Cousins, Isaiah Thomas"
2013,O,-0.6348710424564956,218.0,34,"Rodney Stuckey, Greg Monroe, Brandon Knight, Kyle Singler, Andre Drummond"
2013,D,0.6015036652930207,413.0,141,"Jamal Crawford, Caron Butler, Chris Paul, DeAndre Jordan, Blake Griffin"
2013,D,-0.5979845998381909,240.0,33,"Kevin Garnett, Paul Pierce, Brandon Bass, Rajon Rondo, Avery Bradley"
2013,O,0.5629829313089609,225.0,39,"Robin Lopez, Al-Farouq Aminu, Greivis Vasquez, Anthony Davis, Austin Rivers"
2013,D,-0.5395590821970369,237.0,86,"Ray Allen, Shane Battier, Chris Andersen, LeBron James, Norris Cole"
2013,D,-0.5002023398712411,207.0,66,"Eric Gordon, Ryan Anderson, Al-Farouq Aminu, Greivis Vasquez, Anthony Davis"
2013,D,0.49831033228987887,228.0,37,"Amir Johnson, Jose Calderon, DeMar DeRozan, Ed Davis, Landry Fields"
2013,O,0.47296717216328477,536.0,69,"Nene, Emeka Okafor, Martell Webster, Garrett Temple, John Wall"
2013,D,-0.45056983599097056,798.0,134,"Alonzo Gee, Kyrie Irving, Tristan Thompson, Dion Waiters, Tyler Zeller"
2013,D,0.4449234614133204,210.0,62,"Derek Fisher, Nick Collison, Kevin Martin, Kevin Durant, Reggie Jackson"
2013,O,-0.3851149015917,269.0,37,"Nazr Mohammed, Carlos Boozer, Kirk Hinrich, Luol Deng, Jimmy Butler III"
2013,O,-0.3741051714016435,762.0,125,"Ersan Ilyasova, Monta Ellis, Luc Mbah a Moute, Brandon Jennings, Larry Sanders"
2013,D,-0.3713741730768881,572.0,125,"Shane Battier, LeBron James, Chris Bosh, Dwyane Wade, Mario Chalmers"
2013,D,0.33948138271905887,236.0,66,"John Salmons, Jason Thompson, Marcus Thornton, DeMarcus Cousins, Isaiah Thomas"
2013,D,-0.31872226835314815,759.0,144,"Luis Scola, Marcin Gortat, P.J. Tucker, Jared Dudley, Goran Dragic"
2013,O,0.2593555293896982,229.0,35,"Samuel Dalembert, Ersan Ilyasova, Monta Ellis, Brandon Jennings, Tobias Harris"
2013,O,-0.25113701386563636,1132.0,173,"Omer Asik, James Harden, Patrick Patterson, Jeremy Lin, Chandler Parsons"
2013,D,0.21460992609363844,634.0,111,"DeShawn Stevenson, Kyle Korver, Josh Smith, Al Horford, Jeff Teague"
2013,D,0.14974104600833232,408.0,83,"Kevin Garnett, Paul Pierce, Jason Terry, Brandon Bass, Rajon Rondo"
2013,D,0.08915024194094441,255.0,40,"Jameer Nelson, Arron Afflalo, Nikola Vučević, Tobias Harris, Maurice Harkless"
2013,O,-0.08639018589581318,455.0,75,"Kevin Garnett, Paul Pierce, Brandon Bass, Courtney Lee, Avery Bradley"
2013,D,0.02372397761904163,693.0,101,"Damien Wilkins, Spencer Hawes, Thaddeus Young, Jrue Holiday, Evan Turner"
2013,D,-0.022722920996699637,715.0,219,"Kendrick Perkins, Kevin Martin, Kevin Durant, Russell Westbrook, Serge Ibaka"
2013,O,0.0022276799497663808,348.0,70,"Andris Biedrins, David Lee, Stephen Curry, Klay Thompson, Harrison Barnes"
2014,D,-21.172031909955543,219.0,39,"Thabo Sefolosha, Kevin Durant, Russell Westbrook, Serge Ibaka, Steven Adams"
2014,D,17.55163284833067,240.0,52,"Carmelo Anthony, JR Smith, Raymond Felton, Andrea Bargnani, Iman Shumpert"
2014,D,-16.98276921925824,250.0,48,"O.J. Mayo, Ekpe Udoh, Brandon Knight, John Henson, Khris Middleton"
2014,D,-15.892514964422348,343.0,110,"Josh Smith, Rodney Stuckey, Brandon Jennings, Greg Monroe, Andre Drummond"
2014,O,14.78182863864291,236.0,54,"Kyle Lowry, DeMar DeRozan, Patrick Patterson, Jonas Valanciunas, Terrence Ross"
2014,D,-14.446566215952666,389.0,71,"Jameer Nelson, Arron Afflalo, Glen Davis, Tobias Harris, Victor Oladipo"
2014,O,-13.319450812636424,374.0,122,"Mike Dunleavy, Carlos Boozer, D.J. Augustin, Taj Gibson, Jimmy Butler III"
2014,D,13.315412718271853,203.0,71,"Vince Carter, Dirk Nowitzki, Devin Harris, Brandan Wright, Jae Crowder"
2014,O,-13.249280352119278,642.0,135,"Andrew Bogut, David Lee, Stephen Curry, Klay Thompson, Harrison Barnes"
2014,O,13.0353156313808,215.0,55,"Kris Humphries, Brandon Bass, Jeff Green, Avery Bradley, Jordan Crawford"
2014,D,13.020943206334277,266.0,44,"Kenyon Martin, Carmelo Anthony, Raymond Felton, Andrea Bargnani, Iman Shumpert"
2014,D,-11.908142790715734,347.0,65,"Spencer Hawes, Thaddeus Young, Evan Turner, Hollis Thompson, Michael Carter-Williams"
2014,O,11.675302005276482,253.0,81,"Josh Smith, Rodney Stuckey, Brandon Jennings, Kyle Singler, Andre Drummond"
2014,D,11.671314710172513,239.0,40,"Kevin Garnett, Paul Pierce, Joe Johnson, Shaun Livingston, Deron Williams"
2014,D,11.501677041829105,830.0,129,"Channing Frye, P.J. Tucker, Goran Dragic, Eric Bledsoe, Miles Plumlee"
2014,O,-11.398801657590607,350.0,57,"Eric Gordon, Alexis Ajinca, Al-Farouq Aminu, Anthony Davis, Brian Roberts"
2014,D,10.921824763041645,201.0,39,"Tim Duncan, Tony Parker, Boris Diaw, Danny Green, Kawhi Leonard"
2014,D,10.743121431479542,236.0,44,"Josh McRoberts, Gerald Henderson, Bismack Biyombo, Kemba Walker, Michael Kidd-Gilchrist"
2014,O,10.627006397189904,270.0,66,"Mike Dunleavy, Carlos Boozer, Joakim Noah, D.J. Augustin, Jimmy Butler III"
2014,O,-10.583089685563122,271.0,70,"Al Jefferson, Gerald Henderson, Kemba Walker, Michael Kidd-Gilchrist, Cody Zeller"
2014,O,-10.533444604993074,697.0,97,"Kendrick Perkins, Thabo Sefolosha, Kevin Durant, Russell Westbrook, Serge Ibaka"
2014,D,10.499682916071079,237.0,35,"Carlos Boozer, Luol Deng, Joakim Noah, Derrick Rose, Jimmy Butler III"
2014,D,10.200594407978588,218.0,40,"Kevin Garnett, Paul Pierce, Joe Johnson, Shaun Livingston, Alan Anderson"
2014,O,10.19047949599377,380.0,65,"Randy Foye, Wilson Chandler, Ty Lawson, Timofey Mozgov, Kenneth Faried"
2014,O,-10.07197586109961,253.0,41,"Willie Green, Chris Paul, Jared Dudley, DeAndre Jordan, Blake Griffin"
2014,D,10.067579227281302,434.0,65,"Rudy Gay, Jason Thompson, Marcus Thornton, DeMarcus Cousins, Isaiah Thomas"
2014,D,9.9657400509,272.0,70,"Al Jefferson, Gerald Henderson, Kemba Walker, Michael Kidd-Gilchrist, Cody Zeller"
2014,D,9.962107880853594,210.0,36,"Reggie Evans, Rudy Gay, DeMarcus Cousins, Isaiah Thomas, Ben McLemore"
2014,O,9.916047583102536,200.0,36,"Luol Deng, Jarrett Jack, Spencer Hawes, Tristan Thompson, Dion Waiters"
2014,O,9.81571392479547,263.0,79,"Tyson Chandler, Carmelo Anthony, JR Smith, Raymond Felton, Iman Shumpert"
2014,D,9.807264097524834,234.0,39,"Luol Deng, Jarrett Jack, Kyrie Irving, Tristan Thompson, Tyler Zeller"
2014,O,-9.692712076134141,284.0,59,"Kevin Martin, Ronny Turiaf, Corey Brewer, Kevin Love, Ricky Rubio"
2014,O,9.674768281181777,350.0,65,"Spencer Hawes, Thaddeus Young, Evan Turner, Hollis Thompson, Michael Carter-Williams"
2014,D,9.552383404213142,215.0,57,"Mike Dunleavy, Kirk Hinrich, Joakim Noah, Taj Gibson, Jimmy Butler III"
2014,D,9.397391095129455,207.0,53,"Andre Iguodala, David Lee, Stephen Curry, Klay Thompson, Draymond Green"
2014,O,-9.257800313115194,765.0,125,"Kyle Korver, Paul Millsap, Al Horford, Jeff Teague, DeMarre Carroll"
2014,O,-9.122941120523409,233.0,50,"David West, C.J. Watson, Roy Hibbert, Paul George, Lance Stephenson"
2014,O,-9.082586445714753,211.0,38,"Channing Frye, Gerald Green, P.J. Tucker, Eric Bledsoe, Miles Plumlee"
2014,D,8.993299796880212,508.0,65,"Tim Duncan, Tony Parker, Tiago Splitter, Danny Green, Kawhi Leonard"
2014,O,-8.879641949482728,391.0,73,"Jameer Nelson, Arron Afflalo, Glen Davis, Tobias Harris, Victor Oladipo"
2014,O,8.861632785270263,269.0,69,"Al Harrington, Andre Miller, Drew Gooden, Martell Webster, Bradley Beal"
2014,D,8.718063143691163,950.0,148,"Al Jefferson, Josh McRoberts, Gerald Henderson, Kemba Walker, Michael Kidd-Gilchrist"
2014,D,8.666724171589983,251.0,43,"Al Jefferson, Josh McRoberts, Gerald Henderson, Kemba Walker, Jeffery Taylor"
2014,D,8.560666849500752,291.0,59,"Zach Randolph, Tayshaun Prince, Marc Gasol, Courtney Lee, Nick Calathes"
2014,O,8.53703212242602,215.0,57,"Andre Iguodala, David Lee, Stephen Curry, Klay Thompson, Draymond Green"
2014,O,8.533802859633697,1033.0,146,"Channing Frye, Gerald Green, P.J. Tucker, Goran Dragic, Miles Plumlee"
2014,D,8.299592093622675,242.0,41,"Tyson Chandler, Carmelo Anthony, Raymond Felton, Iman Shumpert, Pablo Prigioni"
2014,O,-8.277462514811265,242.0,45,"Josh McRoberts, Gerald Henderson, Bismack Biyombo, Kemba Walker, Michael Kidd-Gilchrist"
2014,O,-8.264363612222057,251.0,49,"Tim Duncan, Tony Parker, Marco Belinelli, Tiago Splitter, Kawhi Leonard"
2014,O,-8.182150334794871,218.0,39,"Kevin Garnett, Paul Pierce, Joe Johnson, Shaun Livingston, Alan Anderson"
2014,O,-8.100974323438571,205.0,36,"Richard Jefferson, John Lucas III, Derrick Favors, Gordon Hayward, Enes Kanter"
2014,D,-8.031531550674337,250.0,55,"Rodney Stuckey, Brandon Jennings, Greg Monroe, Kyle Singler, Andre Drummond"
2014,D,-7.9638960599105415,228.0,39,"Dwight Howard, Patrick Beverley, Jeremy Lin, Chandler Parsons, Terrence Jones"
2014,D,7.949260001220186,248.0,80,"Gordon Hayward, Jeremy Evans, Enes Kanter, Alec Burks, Diante Garrett"
2014,D,-7.936711702467611,657.0,138,"Dwight Howard, James Harden, Jeremy Lin, Chandler Parsons, Terrence Jones"
2014,O,-7.9173421223480585,248.0,53,"Carmelo Anthony, JR Smith, Raymond Felton, Andrea Bargnani, Iman Shumpert"
2014,O,7.896391136514773,398.0,115,"Trevor Ariza, Martell Webster, Marcin Gortat, John Wall, Trevor Booker"
2014,O,7.866276129830625,381.0,106,"Mike Dunleavy, Joakim Noah, D.J. Augustin, Taj Gibson, Jimmy Butler III"
2014,O,-7.841648141726935,252.0,46,"Spencer Hawes, Thaddeus Young, Evan Turner, Tony Wroten, Hollis Thompson"
2014,O,-7.833448715999387,507.0,148,"Josh Smith, Rodney Stuckey, Brandon Jennings, Greg Monroe, Kyle Singler"
2014,O,7.772933584946476,248.0,55,"Rodney Stuckey, Brandon Jennings, Greg Monroe, Kyle Singler, Andre Drummond"
2014,O,-7.742460341626441,506.0,66,"Tim Duncan, Tony Parker, Tiago Splitter, Danny Green, Kawhi Leonard"
2014,D,-7.726005304214626,362.0,54,"Zaza Pachulia, Ramon Sessions, Jeff Adrien, Brandon Knight, Khris Middleton"
2014,O,-7.514847613193361,367.0,79,"Luis Scola, Danny Granger, Ian Mahinmi, C.J. Watson, Lance Stephenson"
2014,O,7.464003174802397,377.0,93,"Ray Allen, Shane Battier, LeBron James, Chris Bosh, Mario Chalmers"
2014,D,-7.4538680415657135,884.0,142,"Josh Smith, Brandon Jennings, Greg Monroe, Kyle Singler, Andre Drummond"
2014,D,7.417178868157748,345.0,79,"Spencer Hawes, Thaddeus Young, Evan Turner, James Anderson, Tony Wroten"
2014,D,7.394417836475405,1253.0,188,"Mike Dunleavy, Carlos Boozer, Kirk Hinrich, Joakim Noah, Jimmy Butler III"
2014,O,7.394180374618775,407.0,106,"Kirk Hinrich, Joakim Noah, D.J. Augustin, Taj Gibson, Jimmy Butler III"
2014,D,7.280530350564844,250.0,48,"Tim Duncan, Tony Parker, Marco Belinelli, Tiago Splitter, Kawhi Leonard"
2014,D,-7.119692074571284,239.0,65,"Derrick Favors, Gordon Hayward, Enes Kanter, Alec Burks, Trey Burke"
2014,O,6.977179456319475,2172.0,363,"Kevin Martin, Corey Brewer, Kevin Love, Nikola Pekovic, Ricky Rubio"
2014,O,-6.834508913027944,287.0,57,"Zach Randolph, Tayshaun Prince, Marc Gasol, Courtney Lee, Nick Calathes"
2014,D,6.821331639728319,285.0,43,"Jameer Nelson, Arron Afflalo, Glen Davis, Nikola Vučević, Victor Oladipo"
2014,D,-6.70869034366944,442.0,72,"Amir Johnson, Rudy Gay, Kyle Lowry, DeMar DeRozan, Jonas Valanciunas"
2014,D,-6.701137531450137,373.0,109,"Tim Duncan, Manu Ginobili, Tony Parker, Boris Diaw, Kawhi Leonard"
2014,O,6.644656343927054,216.0,57,"Mike Dunleavy, Kirk Hinrich, Joakim Noah, Taj Gibson, Jimmy Butler III"
2014,D,-6.6042516410111975,461.0,92,"Dirk Nowitzki, Shawn Marion, Monta Ellis, Jose Calderon, DeJuan Blair"
2014,O,6.399896503376376,341.0,110,"Josh Smith, Rodney Stuckey, Brandon Jennings, Greg Monroe, Andre Drummond"
2014,D,6.3490438113020975,366.0,79,"Luis Scola, Danny Granger, Ian Mahinmi, C.J. Watson, Lance Stephenson"
2014,D,-6.309077552612725,512.0,83,"Tyson Chandler, Amar'e Stoudemire, Carmelo Anthony, JR Smith, Raymond Felton"
2014,O,-6.294310402047903,728.0,134,"Brandon Bass, Jeff Green, Avery Bradley, Jordan Crawford, Jared Sullinger"
2014,O,6.18267091841276,203.0,42,"Tim Duncan, Tony Parker, Boris Diaw, Danny Green, Kawhi Leonard"
2014,D,6.145811900760724,244.0,44,"Luke Ridnour, Ersan Ilyasova, Larry Sanders, Brandon Knight, Giannis Antetokounmpo"
2014,D,6.077724791584612,723.0,135,"Brandon Bass, Jeff Green, Avery Bradley, Jordan Crawford, Jared Sullinger"
2014,O,-6.02364615711019,250.0,47,"O.J. Mayo, Ekpe Udoh, Brandon Knight, John Henson, Khris Middleton"
2014,O,-5.912974897446609,549.0,121,"Jamal Crawford, Chris Paul, Jared Dudley, DeAndre Jordan, Blake Griffin"
2014,O,5.853842196597887,521.0,83,"Tyson Chandler, Amar'e Stoudemire, Carmelo Anthony, JR Smith, Raymond Felton"
2014,D,5.828803508378912,205.0,57,"Nazr Mohammed, D.J. Augustin, Taj Gibson, Jimmy Butler III, Tony Snell"
2014,D,-5.816965407596074,205.0,55,"Derek Fisher, Nick Collison, Jeremy Lamb, Perry Jones III, Steven Adams"
2014,O,5.815131191853862,319.0,51,"Jason Smith, Eric Gordon, Ryan Anderson, Jrue Holiday, Al-Farouq Aminu"
2014,D,5.7838009371336225,548.0,140,"Jamal Crawford, Matt Barnes, Chris Paul, DeAndre Jordan, Blake Griffin"
2014,D,5.768302712879228,273.0,53,"Al Jefferson, Josh McRoberts, Chris Douglas-Roberts, Gerald Henderson, Kemba Walker"
2014,O,5.742643568648844,233.0,82,"Mo Williams, LaMarcus Aldridge, Robin Lopez, Nicolas Batum, Wesley Matthews"
2014,D,-5.673190060563135,446.0,83,"Kevin Martin, Corey Brewer, Kevin Love, Ricky Rubio, Gorgui Dieng"
2014,O,-5.670553567104279,269.0,42,"Kenyon Martin, Carmelo Anthony, Raymond Felton, Andrea Bargnani, Iman Shumpert"
2014,D,-5.613662385462633,256.0,85,"Joakim Noah, D.J. Augustin, Taj Gibson, Jimmy Butler III, Tony Snell"
2014,O,-5.544149846768765,230.0,37,"Kris Humphries, Brandon Bass, Rajon Rondo, Jeff Green, Jerryd Bayless"
2014,D,-5.532389574398217,292.0,44,"Zach Randolph, Tayshaun Prince, Tony Allen, Mike Conley, Kosta Koufos"
2014,O,5.498698029404759,406.0,72,"Pau Gasol, Jodie Meeks, Wesley Johnson, Kendall Marshall, Ryan Kelly"
2014,O,5.479643620710579,305.0,92,"Channing Frye, Gerald Green, P.J. Tucker, Goran Dragic, Markieff Morris"
2014,O,5.458615294315969,658.0,135,"Dwight Howard, James Harden, Jeremy Lin, Chandler Parsons, Terrence Jones"
2014,O,5.443295603679627,425.0,93,"Al Jefferson, Josh McRoberts, Anthony Tolliver, Gerald Henderson, Kemba Walker"
2014,O,5.436941965518718,375.0,112,"Tim Duncan, Manu Ginobili, Tony Parker, Boris Diaw, Kawhi Leonard"
2014,O,5.4043281300603745,959.0,147,"Al Jefferson, Josh McRoberts, Gerald Henderson, Kemba Walker, Michael Kidd-Gilchrist"
2014,D,-5.387477091413102,221.0,72,"Gordon Hayward, Jeremy Evans, Enes Kanter, Alec Burks, Trey Burke"
2014,D,5.380659545198001,389.0,95,"Elton Brand, Kyle Korver, Paul Millsap, Jeff Teague, DeMarre Carroll"
2014,D,5.364217266081454,233.0,51,"David West, C.J. Watson, Roy Hibbert, Paul George, Lance Stephenson"
2014,D,-5.31960399660936,285.0,62,"Richard Jefferson, Marvin Williams, Gordon Hayward, Enes Kanter, Trey Burke"
2014,O,-5.209564780765473,1271.0,187,"Mike Dunleavy, Carlos Boozer, Kirk Hinrich, Joakim Noah, Jimmy Butler III"
2014,O,-5.196288685992606,385.0,108,"Tyson Chandler, Carmelo Anthony, JR Smith, Raymond Felton, Tim Hardaway Jr."
2014,O,5.123907557344624,200.0,24,"Jameer Nelson, Arron Afflalo, Nikola Vučević, Maurice Harkless, Kyle O'Quinn"
2014,O,5.1228375678330105,457.0,89,"Dirk Nowitzki, Shawn Marion, Monta Ellis, Jose Calderon, DeJuan Blair"
2014,O,5.121070054146368,637.0,115,"Matt Barnes, Chris Paul, DeAndre Jordan, Blake Griffin, Darren Collison"
2014,O,5.095870078559417,224.0,38,"Dwight Howard, Patrick Beverley, Jeremy Lin, Chandler Parsons, Terrence Jones"
2014,D,5.017215906677677,530.0,140,"Nene, Trevor Ariza, Martell Webster, Marcin Gortat, John Wall"
2014,D,5.01192770745126,250.0,44,"Willie Green, Chris Paul, Jared Dudley, DeAndre Jordan, Blake Griffin"
2014,D,5.008785141043196,200.0,42,"Anderson Varejao, Earl Clark, Kyrie Irving, Tristan Thompson, Dion Waiters"
2014,D,-4.964106272390237,232.0,45,"Reggie Evans, Rudy Gay, DeMarcus Cousins, Ben McLemore, Ray McCallum"
2014,O,-4.905303811276454,974.0,149,"Josh Smith, Brandon Jennings, Greg Monroe, Andre Drummond, Kentavious Caldwell-Pope"
2014,O,-4.855021194039239,451.0,72,"Amir Johnson, Rudy Gay, Kyle Lowry, DeMar DeRozan, Jonas Valanciunas"
2014,O,4.745492645172006,246.0,81,"Gordon Hayward, Jeremy Evans, Enes Kanter, Alec Burks, Diante Garrett"
2014,O,-4.741999283671288,229.0,44,"Reggie Evans, Rudy Gay, DeMarcus Cousins, Ben McLemore, Ray McCallum"
2014,O,4.737725295678333,213.0,37,"Randy Foye, Aaron Brooks, Timofey Mozgov, Kenneth Faried, Quincy Miller"
2014,O,4.716282489004705,238.0,61,"Derrick Favors, Gordon Hayward, Enes Kanter, Alec Burks, Trey Burke"
2014,D,4.68662204539307,1054.0,157,"Zach Randolph, Tayshaun Prince, Mike Conley, Marc Gasol, Courtney Lee"
2014,D,4.647128821899416,962.0,161,"Nene, Trevor Ariza, Marcin Gortat, John Wall, Bradley Beal"
2014,O,4.607450083645055,450.0,83,"Kevin Martin, Corey Brewer, Kevin Love, Ricky Rubio, Gorgui Dieng"
2014,O,4.58275715928434,510.0,92,"Paul Pierce, Joe Johnson, Shaun Livingston, Deron Williams, Mason Plumlee"
2014,O,4.554066428586468,249.0,75,"Jamal Crawford, Matt Barnes, DeAndre Jordan, Blake Griffin, Darren Collison"
2014,O,4.540463007852185,1194.0,197,"Dwight Howard, James Harden, Patrick Beverley, Chandler Parsons, Terrence Jones"
2014,D,-4.535258376823545,374.0,92,"Ray Allen, Shane Battier, LeBron James, Chris Bosh, Mario Chalmers"
2014,O,-4.5341647302211205,363.0,58,"Zaza Pachulia, Ramon Sessions, Jeff Adrien, Brandon Knight, Khris Middleton"
2014,D,-4.510678580361429,238.0,59,"Kyle Lowry, DeMar DeRozan, Patrick Patterson, Jonas Valanciunas, Terrence Ross"
2014,O,4.389383275699787,281.0,42,"Luol Deng, Anderson Varejao, CJ Miles, Kyrie Irving, Tristan Thompson"
2014,O,-4.385262416509703,211.0,37,"Reggie Evans, Rudy Gay, DeMarcus Cousins, Isaiah Thomas, Ben McLemore"
2014,O,-4.368285175587947,219.0,74,"David Lee, Stephen Curry, Klay Thompson, Harrison Barnes, Draymond Green"
2014,D,4.353578163580528,270.0,56,"Nene, Martell Webster, Marcin Gortat, John Wall, Bradley Beal"
2014,D,-4.348381627928306,324.0,104,"Kevin Martin, Corey Brewer, Kevin Love, Ricky Rubio, Dante Cunningham"
2014,D,4.1968359525725125,215.0,59,"Paul Pierce, Joe Johnson, Shaun Livingston, Deron Williams, Andray Blatche"
2014,O,-4.155803706435353,387.0,62,"Jason Smith, Eric Gordon, Jrue Holiday, Al-Farouq Aminu, Anthony Davis"
2014,O,-4.145089646237268,1260.0,216,"Spencer Hawes, Thaddeus Young, Evan Turner, James Anderson, Michael Carter-Williams"
2014,O,4.11552407215256,603.0,95,"Thaddeus Young, James Anderson, Hollis Thompson, Henry Sims, Michael Carter-Williams"
2014,D,4.080919827505068,231.0,76,"Dwight Howard, James Harden, Omri Casspi, Jeremy Lin, Chandler Parsons"
2014,O,4.010571120910497,551.0,137,"Jamal Crawford, Matt Barnes, Chris Paul, DeAndre Jordan, Blake Griffin"
2014,O,-3.9900996311870793,285.0,42,"Zach Randolph, Tayshaun Prince, Tony Allen, Mike Conley, Kosta Koufos"
2014,O,3.984573713530319,342.0,60,"Matt Barnes, JJ Redick, DeAndre Jordan, Blake Griffin, Darren Collison"
2014,D,3.9811219786828533,994.0,175,"Randy Foye, Wilson Chandler, JJ Hickson, Ty Lawson, Kenneth Faried"
2014,D,3.969135385062765,276.0,62,"Al Jefferson, Josh McRoberts, Ramon Sessions, Gerald Henderson, Michael Kidd-Gilchrist"
2014,D,3.9061566362520965,400.0,104,"Kirk Hinrich, Joakim Noah, D.J. Augustin, Taj Gibson, Jimmy Butler III"
2014,O,3.8694449014209877,1004.0,178,"Randy Foye, Wilson Chandler, JJ Hickson, Ty Lawson, Kenneth Faried"
2014,O,-3.848352606814333,382.0,65,"Richard Jefferson, Derrick Favors, Gordon Hayward, Enes Kanter, Trey Burke"
2014,D,3.818104287434507,2756.0,482,"David West, Roy Hibbert, George Hill, Paul George, Lance Stephenson"
2014,D,-3.808045136159445,639.0,136,"Andrew Bogut, David Lee, Stephen Curry, Klay Thompson, Harrison Barnes"
2014,D,-3.803622391957834,270.0,80,"Tyson Chandler, Carmelo Anthony, JR Smith, Raymond Felton, Iman Shumpert"
2014,D,3.7968145528352064,464.0,91,"Luol Deng, Jarrett Jack, Spencer Hawes, Kyrie Irving, Tristan Thompson"
2014,D,-3.7746311294748036,266.0,38,"Jameer Nelson, Jason Maxiell, Arron Afflalo, Nikola Vučević, Maurice Harkless"
2014,D,3.7701231102210495,212.0,37,"Channing Frye, Gerald Green, P.J. Tucker, Eric Bledsoe, Miles Plumlee"
2014,O,-3.7591372865756227,359.0,139,"Vince Carter, Shawn Marion, Monta Ellis, Jose Calderon, DeJuan Blair"
2014,D,-3.747434904709782,351.0,57,"Eric Gordon, Alexis Ajinca, Al-Farouq Aminu, Anthony Davis, Brian Roberts"
2014,D,-3.579060391476028,253.0,79,"Josh Smith, Rodney Stuckey, Brandon Jennings, Kyle Singler, Andre Drummond"
2014,O,-3.5747162662344043,205.0,58,"Nazr Mohammed, D.J. Augustin, Taj Gibson, Jimmy Butler III, Tony Snell"
2014,D,3.5721068370266873,546.0,124,"Jamal Crawford, Chris Paul, Jared Dudley, DeAndre Jordan, Blake Griffin"
2014,D,-3.5229790985398663,1255.0,217,"Spencer Hawes, Thaddeus Young, Evan Turner, James Anderson, Michael Carter-Williams"
2014,D,3.513618744266873,274.0,35,"Andrew Bynum, CJ Miles, Alonzo Gee, Kyrie Irving, Tristan Thompson"
2014,O,-3.4463458294155718,256.0,43,"Al Jefferson, Josh McRoberts, Gerald Henderson, Kemba Walker, Jeffery Taylor"
2014,O,3.438625899864088,2694.0,428,"LaMarcus Aldridge, Robin Lopez, Nicolas Batum, Wesley Matthews, Damian Lillard"
2014,O,3.4259649550934057,437.0,67,"Rudy Gay, Jason Thompson, Marcus Thornton, DeMarcus Cousins, Isaiah Thomas"
2014,D,-3.3128166851578267,339.0,63,"Matt Barnes, JJ Redick, DeAndre Jordan, Blake Griffin, Darren Collison"
2014,O,3.300235291903367,456.0,92,"Luol Deng, Jarrett Jack, Spencer Hawes, Kyrie Irving, Tristan Thompson"
2014,O,3.255057763792056,329.0,47,"Jameer Nelson, Arron Afflalo, Glen Davis, Nikola Vučević, Tobias Harris"
2014,O,-3.254510418362585,266.0,89,"Joakim Noah, D.J. Augustin, Taj Gibson, Jimmy Butler III, Tony Snell"
2014,D,-3.229926079973038,204.0,39,"Omer Asik, James Harden, Jeremy Lin, Chandler Parsons, Terrence Jones"
2014,O,3.2085625568449383,296.0,99,"Marvin Williams, Derrick Favors, Gordon Hayward, Alec Burks, Trey Burke"
2014,O,-3.1791362222665964,293.0,42,"Pau Gasol, Jodie Meeks, Wesley Johnson, Kendall Marshall, Kent Bazemore"
2014,O,3.1734686677554733,1346.0,241,"Amir Johnson, Kyle Lowry, DeMar DeRozan, Jonas Valanciunas, Terrence Ross"
2014,O,3.1570851139154392,203.0,43,"Richard Jefferson, Marvin Williams, Derrick Favors, Alec Burks, Trey Burke"
2014,O,-3.127380073436208,237.0,76,"Dwight Howard, James Harden, Omri Casspi, Jeremy Lin, Chandler Parsons"
2014,D,3.028297922951938,385.0,63,"Jason Smith, Eric Gordon, Jrue Holiday, Al-Farouq Aminu, Anthony Davis"
2014,D,-2.987633070239206,829.0,127,"Shane Battier, LeBron James, Chris Bosh, Dwyane Wade, Mario Chalmers"
2014,O,-2.9377908393754177,244.0,44,"Luke Ridnour, Ersan Ilyasova, Larry Sanders, Brandon Knight, Giannis Antetokounmpo"
2014,O,2.904803204191699,267.0,39,"Jameer Nelson, Jason Maxiell, Arron Afflalo, Nikola Vučević, Maurice Harkless"
2014,D,-2.9002434936827624,1025.0,147,"Channing Frye, Gerald Green, P.J. Tucker, Goran Dragic, Miles Plumlee"
2014,O,2.855141899734281,1126.0,193,"Richard Jefferson, Marvin Williams, Derrick Favors, Gordon Hayward, Trey Burke"
2014,O,-2.83732906345017,217.0,41,"Thabo Sefolosha, Kevin Durant, Russell Westbrook, Serge Ibaka, Steven Adams"
2014,D,-2.777511820057708,301.0,88,"Channing Frye, Gerald Green, P.J. Tucker, Goran Dragic, Markieff Morris"
2014,O,2.7656520313108044,844.0,126,"Channing Frye, P.J. Tucker, Goran Dragic, Eric Bledsoe, Miles Plumlee"
2014,D,2.7450207436066454,379.0,106,"Tyson Chandler, Carmelo Anthony, JR Smith, Raymond Felton, Tim Hardaway Jr."
2014,D,-2.7310626326027125,1117.0,191,"Richard Jefferson, Marvin Williams, Derrick Favors, Gordon Hayward, Trey Burke"
2014,O,2.71619233790334,265.0,83,"Anderson Varejao, Jarrett Jack, Kyrie Irving, Tristan Thompson, Dion Waiters"
2014,D,2.660439234900228,974.0,154,"Josh Smith, Brandon Jennings, Greg Monroe, Andre Drummond, Kentavious Caldwell-Pope"
2014,O,-2.639411155931475,284.0,45,"Jameer Nelson, Arron Afflalo, Glen Davis, Nikola Vučević, Victor Oladipo"
2014,D,-2.555112876723515,278.0,40,"Luol Deng, Anderson Varejao, CJ Miles, Kyrie Irving, Tristan Thompson"
2014,D,2.5430758186327957,249.0,77,"Jamal Crawford, Matt Barnes, DeAndre Jordan, Blake Griffin, Darren Collison"
2014,D,-2.5198495680037953,387.0,67,"Richard Jefferson, Derrick Favors, Gordon Hayward, Enes Kanter, Trey Burke"
2014,D,-2.4835192400363133,213.0,68,"David Lee, Stephen Curry, Klay Thompson, Harrison Barnes, Draymond Green"
2014,D,2.34606055288663,246.0,72,"Jamal Crawford, Jared Dudley, DeAndre Jordan, Blake Griffin, Darren Collison"
2014,D,-2.323046686134947,1612.0,261,"Dirk Nowitzki, Shawn Marion, Samuel Dalembert, Monta Ellis, Jose Calderon"
2014,D,2.2950250872854947,1636.0,269,"Andre Iguodala, Andrew Bogut, David Lee, Stephen Curry, Klay Thompson"
2014,O,2.2931283510484026,1638.0,268,"Andre Iguodala, Andrew Bogut, David Lee, Stephen Curry, Klay Thompson"
2014,D,2.2578776430508922,264.0,84,"Anderson Varejao, Jarrett Jack, Kyrie Irving, Tristan Thompson, Dion Waiters"
2014,D,2.206416920565841,417.0,72,"Dorell Wright, Robin Lopez, Nicolas Batum, Wesley Matthews, Damian Lillard"
2014,D,-2.1682336137373026,691.0,99,"Kendrick Perkins, Thabo Sefolosha, Kevin Durant, Russell Westbrook, Serge Ibaka"
2014,D,2.160279438431165,212.0,64,"Derek Fisher, Nick Collison, Reggie Jackson, Jeremy Lamb, Steven Adams"
2014,D,2.139549388983726,337.0,59,"Zach Randolph, Tayshaun Prince, Tony Allen, Mike Conley, Marc Gasol"
2014,O,-2.1209082364446696,340.0,63,"Zach Randolph, Tayshaun Prince, Tony Allen, Mike Conley, Marc Gasol"
2014,O,2.0973232448287167,1620.0,265,"Dirk Nowitzki, Shawn Marion, Samuel Dalembert, Monta Ellis, Jose Calderon"
2014,D,2.058659105788953,290.0,64,"Kevin Martin, Ronny Turiaf, Corey Brewer, Kevin Love, Ricky Rubio"
2014,D,2.0580149369200194,565.0,93,"Chris Paul, JJ Redick, Jared Dudley, DeAndre Jordan, Blake Griffin"
2014,D,2.048315684143197,205.0,37,"Richard Jefferson, John Lucas III, Derrick Favors, Gordon Hayward, Enes Kanter"
2014,O,-2.033337236603574,297.0,49,"Pau Gasol, Steve Blake, Jordan Hill, Jodie Meeks, Wesley Johnson"
2014,O,2.0060558343366135,248.0,71,"Jamal Crawford, Jared Dudley, DeAndre Jordan, Blake Griffin, Darren Collison"
2014,D,1.9664104161820222,290.0,40,"Pau Gasol, Jodie Meeks, Wesley Johnson, Kendall Marshall, Kent Bazemore"
2014,D,1.9480810091911838,2169.0,364,"Kevin Martin, Corey Brewer, Kevin Love, Nikola Pekovic, Ricky Rubio"
2014,D,1.9304620976265383,389.0,112,"Mike Dunleavy, Joakim Noah, D.J. Augustin, Taj Gibson, Jimmy Butler III"
2014,D,-1.8687994218474364,514.0,96,"Paul Pierce, Joe Johnson, Shaun Livingston, Deron Williams, Mason Plumlee"
2014,O,-1.8426281330833088,203.0,35,"Omer Asik, James Harden, Jeremy Lin, Chandler Parsons, Terrence Jones"
2014,O,-1.8161556769006275,201.0,42,"Anderson Varejao, Earl Clark, Kyrie Irving, Tristan Thompson, Dion Waiters"
2014,O,-1.7996134783679731,487.0,193,"Vince Carter, Shawn Marion, Samuel Dalembert, Monta Ellis, Jose Calderon"
2014,O,-1.7339733651376779,344.0,79,"Spencer Hawes, Thaddeus Young, Evan Turner, James Anderson, Tony Wroten"
2014,O,-1.728618246557481,240.0,33,"Carlos Boozer, Luol Deng, Joakim Noah, Derrick Rose, Jimmy Butler III"
2014,O,1.7115715509801466,243.0,45,"Luol Deng, Jarrett Jack, Kyrie Irving, Tristan Thompson, Tyler Zeller"
2014,D,1.686940182381047,233.0,87,"Mo Williams, LaMarcus Aldridge, Robin Lopez, Nicolas Batum, Wesley Matthews"
2014,O,-1.6603403316724408,239.0,39,"Kevin Garnett, Paul Pierce, Joe Johnson, Shaun Livingston, Deron Williams"
2014,O,-1.6554644064686588,575.0,113,"Kyle Korver, Paul Millsap, Jeff Teague, DeMarre Carroll, Pero Antic"
2014,O,-1.6501916554069802,276.0,36,"Andrew Bynum, CJ Miles, Alonzo Gee, Kyrie Irving, Tristan Thompson"
2014,D,-1.6051790768009695,324.0,46,"Jameer Nelson, Arron Afflalo, Glen Davis, Nikola Vučević, Tobias Harris"
2014,O,-1.6050358924270949,203.0,56,"Derek Fisher, Nick Collison, Jeremy Lamb, Perry Jones III, Steven Adams"
2014,O,-1.5694194558467491,213.0,61,"Derek Fisher, Nick Collison, Reggie Jackson, Jeremy Lamb, Steven Adams"
2014,O,1.508533696112314,324.0,103,"Kevin Martin, Corey Brewer, Kevin Love, Ricky Rubio, Dante Cunningham"
2014,D,-1.4905733660299998,388.0,112,"Trevor Ariza, Martell Webster, Marcin Gortat, John Wall, Trevor Booker"
2014,O,1.4410026511330145,270.0,56,"Nene, Martell Webster, Marcin Gortat, John Wall, Bradley Beal"
2014,D,-1.4093459820050238,314.0,52,"Jason Smith, Eric Gordon, Ryan Anderson, Jrue Holiday, Al-Farouq Aminu"
2014,D,1.377610495034084,211.0,40,"Randy Foye, Aaron Brooks, Timofey Mozgov, Kenneth Faried, Quincy Miller"
2014,D,-1.3517181518801549,600.0,93,"Thaddeus Young, James Anderson, Hollis Thompson, Henry Sims, Michael Carter-Williams"
2014,D,-1.3312015411614295,254.0,54,"Eric Gordon, Greg Stiemsma, Al-Farouq Aminu, Anthony Davis, Brian Roberts"
2014,D,-1.2887117430700958,1076.0,159,"Kendrick Perkins, Thabo Sefolosha, Kevin Durant, Serge Ibaka, Reggie Jackson"
2014,O,-1.2454583401036388,574.0,92,"Chris Paul, JJ Redick, Jared Dudley, DeAndre Jordan, Blake Griffin"
2014,D,-1.236541800827609,215.0,55,"Kris Humphries, Brandon Bass, Jeff Green, Avery Bradley, Jordan Crawford"
2014,D,1.2346579028784133,397.0,71,"Pau Gasol, Jodie Meeks, Wesley Johnson, Kendall Marshall, Ryan Kelly"
2014,D,1.2291204363016424,250.0,47,"Spencer Hawes, Thaddeus Young, Evan Turner, Tony Wroten, Hollis Thompson"
2014,D,1.1953556495834663,2690.0,434,"LaMarcus Aldridge, Robin Lopez, Nicolas Batum, Wesley Matthews, Damian Lillard"
2014,D,1.1485948040809029,1321.0,212,"Trevor Ariza, Marcin Gortat, John Wall, Trevor Booker, Bradley Beal"
2014,D,-1.1462056242163967,425.0,91,"Al Jefferson, Josh McRoberts, Anthony Tolliver, Gerald Henderson, Kemba Walker"
2014,O,1.1201305168980051,976.0,161,"Nene, Trevor Ariza, Marcin Gortat, John Wall, Bradley Beal"
2014,D,-1.1046710057208267,622.0,109,"Rudy Gay, Jason Thompson, DeMarcus Cousins, Isaiah Thomas, Ben McLemore"
2014,D,-1.0821240204301434,295.0,97,"Marvin Williams, Derrick Favors, Gordon Hayward, Alec Burks, Trey Burke"
2014,O,-1.0437392029259216,384.0,96,"Elton Brand, Kyle Korver, Paul Millsap, Jeff Teague, DeMarre Carroll"
2014,D,-1.0410679611318079,380.0,67,"Randy Foye, Wilson Chandler, Ty Lawson, Timofey Mozgov, Kenneth Faried"
2014,O,0.9472140701031868,268.0,51,"Al Jefferson, Josh McRoberts, Chris Douglas-Roberts, Gerald Henderson, Kemba Walker"
2014,D,-0.9391643273753596,1192.0,200,"Dwight Howard, James Harden, Patrick Beverley, Chandler Parsons, Terrence Jones"
2014,D,0.9176480215855001,556.0,101,"Kyle Korver, Paul Millsap, Jeff Teague, DeMarre Carroll, Pero Antic"
2014,D,-0.8920289098566744,298.0,48,"Pau Gasol, Steve Blake, Jordan Hill, Jodie Meeks, Wesley Johnson"
2014,D,0.890708803967027,380.0,122,"Mike Dunleavy, Carlos Boozer, D.J. Augustin, Taj Gibson, Jimmy Butler III"
2014,D,-0.6470191913179529,635.0,120,"Matt Barnes, Chris Paul, DeAndre Jordan, Blake Griffin, Darren Collison"
2014,D,-0.6256056345210663,270.0,65,"Mike Dunleavy, Carlos Boozer, Joakim Noah, D.J. Augustin, Jimmy Butler III"
2014,O,-0.610061443107192,285.0,63,"Richard Jefferson, Marvin Williams, Gordon Hayward, Enes Kanter, Trey Burke"
2014,O,-0.5988520820265718,843.0,128,"Shane Battier, LeBron James, Chris Bosh, Dwyane Wade, Mario Chalmers"
2014,D,-0.586335076902042,388.0,54,"Zaza Pachulia, Ersan Ilyasova, Brandon Knight, Khris Middleton, Nate Wolters"
2014,O,-0.5753651589902703,628.0,109,"Rudy Gay, Jason Thompson, DeMarcus Cousins, Isaiah Thomas, Ben McLemore"
2014,O,-0.5714564897529649,891.0,138,"Josh Smith, Brandon Jennings, Greg Monroe, Kyle Singler, Andre Drummond"
2014,O,0.5562100512443939,224.0,68,"Gordon Hayward, Jeremy Evans, Enes Kanter, Alec Burks, Trey Burke"
2014,O,-0.5366700171677737,386.0,53,"Zaza Pachulia, Ersan Ilyasova, Brandon Knight, Khris Middleton, Nate Wolters"
2014,O,-0.5343908303193512,249.0,50,"Eric Gordon, Greg Stiemsma, Al-Farouq Aminu, Anthony Davis, Brian Roberts"
2014,O,0.45575641929407634,1064.0,156,"Zach Randolph, Tayshaun Prince, Mike Conley, Marc Gasol, Courtney Lee"
2014,O,0.4390427707084288,535.0,142,"Nene, Trevor Ariza, Martell Webster, Marcin Gortat, John Wall"
2014,D,-0.4041277057017613,487.0,183,"Vince Carter, Shawn Marion, Samuel Dalembert, Monta Ellis, Jose Calderon"
2014,D,-0.3880707393411655,509.0,149,"Josh Smith, Rodney Stuckey, Brandon Jennings, Greg Monroe, Kyle Singler"
2014,O,-0.3823435404467923,272.0,62,"Al Jefferson, Josh McRoberts, Ramon Sessions, Gerald Henderson, Michael Kidd-Gilchrist"
2014,O,0.3782649037745325,1077.0,156,"Kendrick Perkins, Thabo Sefolosha, Kevin Durant, Serge Ibaka, Reggie Jackson"
2014,D,-0.34649948894030635,266.0,66,"Al Harrington, Andre Miller, Drew Gooden, Martell Webster, Bradley Beal"
2014,D,-0.2941970330276836,231.0,38,"Kris Humphries, Brandon Bass, Rajon Rondo, Jeff Green, Jerryd Bayless"
2014,D,0.27456305018829763,1333.0,232,"Amir Johnson, Kyle Lowry, DeMar DeRozan, Jonas Valanciunas, Terrence Ross"
2014,O,-0.2707375433186034,2773.0,487,"David West, Roy Hibbert, George Hill, Paul George, Lance Stephenson"
2014,D,-0.25896195553874274,774.0,123,"Kyle Korver, Paul Millsap, Al Horford, Jeff Teague, DeMarre Carroll"
2014,O,-0.2286369479796855,244.0,40,"Tyson Chandler, Carmelo Anthony, Raymond Felton, Iman Shumpert, Pablo Prigioni"
2014,D,0.1462629817716326,365.0,138,"Vince Carter, Shawn Marion, Monta Ellis, Jose Calderon, DeJuan Blair"
2014,O,0.1074332899048692,1318.0,212,"Trevor Ariza, Marcin Gortat, John Wall, Trevor Booker, Bradley Beal"
2014,O,0.10525421853409099,213.0,60,"Paul Pierce, Joe Johnson, Shaun Livingston, Deron Williams, Andray Blatche"
2014,O,0.04360880187977173,422.0,72,"Dorell Wright, Robin Lopez, Nicolas Batum, Wesley Matthews, Damian Lillard"
2015,O,22.750703546555496,317.0,53,"Caron Butler, Anthony Tolliver, Reggie Jackson, Andre Drummond, Kentavious Caldwell-Pope"
2015,O,-19.05114489474811,213.0,31,"Marvin Williams, Gerald Henderson, Bismack Biyombo, Kemba Walker, Jeffery Taylor"
2015,D,-17.889217902779144,268.0,53,"Channing Frye, Nikola Vučević, Tobias Harris, Victor Oladipo, Elfrid Payton"
2015,O,-15.487093409952204,256.0,46,"Pau Gasol, Kirk Hinrich, Joakim Noah, Derrick Rose, Jimmy Butler III"
2015,D,14.470945918651319,250.0,42,"Jordan Hill, Wayne Ellington, Wesley Johnson, Jordan Clarkson, Tarik Black"
2015,O,14.128409134604238,211.0,65,"Shawn Marion, LeBron James, Kevin Love, Kyrie Irving, Tristan Thompson"
2015,D,-13.91438690700159,230.0,44,"Pau Gasol, Mike Dunleavy, Kirk Hinrich, Joakim Noah, Jimmy Butler III"
2015,O,-13.818779921395278,205.0,38,"Al Jefferson, Marvin Williams, Lance Stephenson, Kemba Walker, Michael Kidd-Gilchrist"
2015,O,13.21473361418628,265.0,88,"Andre Iguodala, Marreese Speights, Stephen Curry, Klay Thompson, Draymond Green"
2015,D,13.018271060447695,202.0,67,"Gordon Hayward, Trevor Booker, Rudy Gobert, Dante Exum, Joe Ingles"
2015,O,13.018034088387845,238.0,69,"Lou Williams, Tyler Hansbrough, Patrick Patterson, Greivis Vasquez, Terrence Ross"
2015,D,12.90892956062611,292.0,77,"Luc Mbah a Moute, Nerlens Noel, Michael Carter-Williams, Robert Covington, KJ McDaniels"
2015,D,12.867686543822575,246.0,60,"Derrick Favors, Gordon Hayward, Rudy Gobert, Trey Burke, Joe Ingles"
2015,D,12.459494322709617,833.0,144,"Rudy Gay, Jason Thompson, Darren Collison, DeMarcus Cousins, Ben McLemore"
2015,O,12.32303271470208,212.0,34,"Wesley Johnson, Jeremy Lin, Ryan Kelly, Jordan Clarkson, Tarik Black"
2015,O,-12.321922564958008,257.0,41,"Amir Johnson, Kyle Lowry, DeMar DeRozan, Greivis Vasquez, Jonas Valanciunas"
2015,O,12.236771319224072,238.0,69,"Nikola Vučević, Tobias Harris, Evan Fournier, Victor Oladipo, Elfrid Payton"
2015,D,-11.829064743846283,315.0,52,"Caron Butler, Anthony Tolliver, Reggie Jackson, Andre Drummond, Kentavious Caldwell-Pope"
2015,O,-11.69922062099506,255.0,56,"Al Jefferson, Marvin Williams, Gerald Henderson, Lance Stephenson, Kemba Walker"
2015,O,11.379287177183887,602.0,100,"Derrick Favors, Gordon Hayward, Enes Kanter, Alec Burks, Trey Burke"
2015,D,11.333657069345568,238.0,36,"Dirk Nowitzki, Tyson Chandler, Richard Jefferson, Monta Ellis, Rajon Rondo"
2015,D,-11.307190184039023,266.0,62,"Joe Johnson, Deron Williams, Thaddeus Young, Brook Lopez, Bojan Bogdanovic"
2015,O,10.803033994411152,424.0,123,"Lou Williams, Tyler Hansbrough, James Johnson, Patrick Patterson, Greivis Vasquez"
2015,O,-10.381114689438101,318.0,102,"Tim Duncan, Manu Ginobili, Tony Parker, Boris Diaw, Kawhi Leonard"
2015,D,-10.116872011242382,238.0,71,"Nikola Vučević, Tobias Harris, Evan Fournier, Victor Oladipo, Elfrid Payton"
2015,D,-10.06701513153739,233.0,68,"Kyle Korver, Al Horford, Mike Scott, Kent Bazemore, Dennis Schröder"
2015,O,9.899549070168767,292.0,48,"Rajon Rondo, Jeff Green, Avery Bradley, Tyler Zeller, Jared Sullinger"
2015,O,9.773598671494655,277.0,78,"Dirk Nowitzki, Tyson Chandler, Devin Harris, Monta Ellis, Chandler Parsons"
2015,D,9.714562339406973,224.0,45,"Mo Williams, Al Jefferson, Marvin Williams, Gerald Henderson, Michael Kidd-Gilchrist"
2015,O,9.638447392028265,201.0,39,"Kyle Korver, Paul Millsap, Al Horford, DeMarre Carroll, Dennis Schröder"
2015,D,-9.560472341460452,484.0,81,"David West, Rodney Stuckey, C.J. Watson, Roy Hibbert, Solomon Hill"
2015,D,9.518250904048063,269.0,52,"Gerald Henderson, Bismack Biyombo, Kemba Walker, Michael Kidd-Gilchrist, Cody Zeller"
2015,D,9.517479720274187,233.0,79,"Andre Iguodala, Stephen Curry, Klay Thompson, Harrison Barnes, Draymond Green"
2015,O,9.499326286671911,430.0,83,"Marreese Speights, Stephen Curry, Klay Thompson, Harrison Barnes, Draymond Green"
2015,D,9.451680236197413,339.0,54,"Trevor Ariza, Joey Dorsey, James Harden, Patrick Beverley, Donatas Motiejunas"
2015,D,-9.379749223401406,669.0,105,"Kobe Bryant, Carlos Boozer, Jordan Hill, Wesley Johnson, Jeremy Lin"
2015,O,-9.378730355692504,218.0,36,"Andrea Bargnani, Lou Amundson, Lance Thomas, Shane Larkin, Langston Galloway"
2015,D,9.31727294668723,286.0,58,"Derrick Favors, Gordon Hayward, Rudy Gobert, Rodney Hood, Dante Exum"
2015,O,-9.282869545758274,284.0,56,"Corey Brewer, Thaddeus Young, Gorgui Dieng, Zach LaVine, Andrew Wiggins"
2015,D,-9.268241467946941,215.0,66,"Eric Gordon, Ryan Anderson, Tyreke Evans, Jrue Holiday, Anthony Davis"
2015,O,-9.225940467648154,248.0,56,"P.J. Tucker, Brandan Wright, Eric Bledsoe, Markieff Morris, Marcus Morris Sr."
2015,O,9.053890948910928,252.0,50,"Luis Scola, Roy Hibbert, Donald Sloan, Chris Copeland, Solomon Hill"
2015,D,-8.964359704423135,257.0,45,"P.J. Tucker, Eric Bledsoe, Markieff Morris, Marcus Morris Sr., Alex Len"
2015,O,8.946480565870255,202.0,61,"Zach Randolph, Tony Allen, Mike Conley, Jeff Green, Marc Gasol"
2015,D,-8.876751741700849,324.0,43,"Dwyane Wade, Udonis Haslem, Luol Deng, Goran Dragic, Hassan Whiteside"
2015,O,-8.769251113175635,298.0,61,"Al Jefferson, Gerald Henderson, Lance Stephenson, Kemba Walker, Cody Zeller"
2015,O,-8.719722499660408,230.0,48,"Pau Gasol, Mike Dunleavy, Kirk Hinrich, Joakim Noah, Jimmy Butler III"
2015,O,-8.599705546656345,234.0,35,"Tim Duncan, Tony Parker, Danny Green, Kawhi Leonard, Aron Baynes"
2015,O,-8.514671511907533,220.0,30,"Chris Andersen, Chris Bosh, Dwyane Wade, Luol Deng, Mario Chalmers"
2015,O,8.513917193964518,225.0,46,"Mo Williams, Al Jefferson, Marvin Williams, Gerald Henderson, Michael Kidd-Gilchrist"
2015,D,-8.502242303121426,204.0,35,"Al Jefferson, Marvin Williams, Lance Stephenson, Kemba Walker, Michael Kidd-Gilchrist"
2015,D,8.423575885883544,240.0,50,"Kevin Martin, Thaddeus Young, Nikola Pekovic, Ricky Rubio, Andrew Wiggins"
2015,D,8.31137248541922,236.0,47,"Jared Dudley, Brandon Knight, John Henson, Khris Middleton, Giannis Antetokounmpo"
2015,D,8.234448068792428,775.0,122,"P.J. Tucker, Goran Dragic, Eric Bledsoe, Markieff Morris, Alex Len"
2015,D,-8.15480240220477,256.0,42,"Chris Bosh, Dwyane Wade, Luol Deng, Shawne Williams, Norris Cole"
2015,O,8.072891586605735,241.0,48,"Pau Gasol, Joakim Noah, Derrick Rose, Jimmy Butler III, Tony Snell"
2015,O,8.034551592134795,507.0,89,"Randy Foye, Wilson Chandler, Danilo Gallinari, Ty Lawson, Kenneth Faried"
2015,D,-7.967892768914241,502.0,114,"Tim Duncan, Tony Parker, Boris Diaw, Danny Green, Kawhi Leonard"
2015,D,-7.917170735247869,329.0,68,"Zach Randolph, Beno Udrih, Jeff Green, Marc Gasol, Courtney Lee"
2015,D,-7.8480231472355815,304.0,101,"Tim Duncan, Manu Ginobili, Tony Parker, Boris Diaw, Kawhi Leonard"
2015,D,7.78313757789399,514.0,89,"Wilson Chandler, Arron Afflalo, Ty Lawson, Kenneth Faried, Jusuf Nurkić"
2015,D,-7.717103234693687,261.0,89,"Andre Iguodala, Marreese Speights, Stephen Curry, Klay Thompson, Draymond Green"
2015,O,7.713512916391616,280.0,38,"Channing Frye, Nikola Vučević, Victor Oladipo, Elfrid Payton, Devyn Marble"
2015,D,7.646619751711159,944.0,137,"LeBron James, JR Smith, Kevin Love, Timofey Mozgov, Kyrie Irving"
2015,O,-7.621737951296152,475.0,73,"Paul Pierce, Nene, Marcin Gortat, Garrett Temple, John Wall"
2015,O,7.6176725325072745,253.0,43,"Chris Bosh, Dwyane Wade, Luol Deng, Shawne Williams, Norris Cole"
2015,D,-7.602479461399513,475.0,148,"Jamal Crawford, Chris Paul, JJ Redick, DeAndre Jordan, Blake Griffin"
2015,D,7.59549972129182,227.0,41,"Eric Gordon, Omer Asik, Tyreke Evans, Dante Cunningham, Quincy Pondexter"
2015,O,7.586645686458279,295.0,55,"Carmelo Anthony, Jose Calderon, Lou Amundson, Jason Smith, Langston Galloway"
2015,O,7.573111459280248,234.0,64,"David West, CJ Miles, Rodney Stuckey, Roy Hibbert, George Hill"
2015,D,7.487966055717448,329.0,60,"Eric Gordon, Omer Asik, Tyreke Evans, Jrue Holiday, Anthony Davis"
2015,O,7.446474181316266,329.0,60,"Eric Gordon, Omer Asik, Tyreke Evans, Jrue Holiday, Anthony Davis"
2015,O,7.414346342335106,516.0,85,"Tim Duncan, Tony Parker, Tiago Splitter, Danny Green, Kawhi Leonard"
2015,O,-7.364124001441146,221.0,34,"Pau Gasol, Mike Dunleavy, Joakim Noah, Aaron Brooks, Jimmy Butler III"
2015,D,-7.28435654494926,221.0,45,"Al Jefferson, Gerald Henderson, Kemba Walker, Michael Kidd-Gilchrist, Cody Zeller"
2015,O,7.205288026489683,373.0,118,"Andre Iguodala, Andrew Bogut, Stephen Curry, Klay Thompson, Draymond Green"
2015,D,7.158607033819075,490.0,76,"Brandon Jennings, Greg Monroe, Kyle Singler, Andre Drummond, Kentavious Caldwell-Pope"
2015,D,7.021640018576984,1228.0,224,"LaMarcus Aldridge, Robin Lopez, Nicolas Batum, Wesley Matthews, Damian Lillard"
2015,O,6.883318228331902,259.0,67,"Pau Gasol, Kirk Hinrich, Derrick Rose, Taj Gibson, Jimmy Butler III"
2015,D,6.864574064883509,230.0,39,"Al Jefferson, Marvin Williams, Gerald Henderson, Kemba Walker, Michael Kidd-Gilchrist"
2015,D,-6.829304139672211,212.0,43,"Reggie Evans, Rudy Gay, Jason Thompson, Darren Collison, Ben McLemore"
2015,O,-6.7887374935086395,365.0,46,"Josh Smith, Brandon Jennings, Kyle Singler, Andre Drummond, Kentavious Caldwell-Pope"
2015,D,-6.750508994842012,268.0,53,"D.J. Augustin, Greg Monroe, Kyle Singler, Andre Drummond, Kentavious Caldwell-Pope"
2015,O,6.724213502646145,256.0,43,"P.J. Tucker, Eric Bledsoe, Markieff Morris, Marcus Morris Sr., Alex Len"
2015,O,6.682396829999461,495.0,79,"Dirk Nowitzki, Tyson Chandler, Jameer Nelson, Monta Ellis, Chandler Parsons"
2015,O,6.615605450174269,232.0,44,"Jared Dudley, Brandon Knight, John Henson, Khris Middleton, Giannis Antetokounmpo"
2015,D,6.514620966612056,335.0,91,"Derrick Favors, Gordon Hayward, Rudy Gobert, Dante Exum, Joe Ingles"
2015,O,6.511367850531658,2348.0,441,"Matt Barnes, Chris Paul, JJ Redick, DeAndre Jordan, Blake Griffin"
2015,O,6.496862370876623,376.0,65,"Matt Barnes, Chris Paul, JJ Redick, Spencer Hawes, DeAndre Jordan"
2015,D,6.46753403874183,291.0,50,"Rajon Rondo, Jeff Green, Avery Bradley, Tyler Zeller, Jared Sullinger"
2015,D,-6.386846121565457,598.0,99,"Derrick Favors, Gordon Hayward, Enes Kanter, Alec Burks, Trey Burke"
2015,O,-6.33133955849104,273.0,51,"Gerald Henderson, Bismack Biyombo, Kemba Walker, Michael Kidd-Gilchrist, Cody Zeller"
2015,D,-6.3216371087517516,402.0,77,"Channing Frye, Nikola Vučević, Tobias Harris, Evan Fournier, Victor Oladipo"
2015,D,-6.291262946220705,226.0,63,"Andre Miller, Rasual Butler, Kris Humphries, Kevin Seraphin, Otto Porter Jr."
2015,O,6.2450256664489405,221.0,36,"Amir Johnson, Kyle Lowry, James Johnson, Jonas Valanciunas, Terrence Ross"
2015,O,-6.20337647874185,622.0,127,"Paul Pierce, Kris Humphries, Marcin Gortat, John Wall, Bradley Beal"
2015,D,6.194699778812771,247.0,56,"P.J. Tucker, Brandan Wright, Eric Bledsoe, Markieff Morris, Marcus Morris Sr."
2015,O,6.181479704734997,647.0,121,"Zaza Pachulia, Ersan Ilyasova, Khris Middleton, Michael Carter-Williams, Giannis Antetokounmpo"
2015,D,-6.178918563742991,615.0,100,"LaMarcus Aldridge, Arron Afflalo, Robin Lopez, Nicolas Batum, Damian Lillard"
2015,O,6.112259789885075,200.0,37,"Russell Westbrook, Enes Kanter, Dion Waiters, Andre Roberson, Steven Adams"
2015,D,-6.096850228813145,235.0,64,"Derrick Favors, Gordon Hayward, Enes Kanter, Trey Burke, Joe Ingles"
2015,O,-6.0298532731212235,359.0,67,"Chris Kaman, LaMarcus Aldridge, Nicolas Batum, Wesley Matthews, Damian Lillard"
2015,O,6.027628139368971,212.0,64,"Eric Gordon, Ryan Anderson, Tyreke Evans, Jrue Holiday, Anthony Davis"
2015,D,-6.000713852678892,289.0,57,"Thaddeus Young, Gorgui Dieng, Shabazz Muhammad, Zach LaVine, Andrew Wiggins"
2015,O,5.978250720696305,225.0,61,"Andre Miller, Rasual Butler, Kris Humphries, Kevin Seraphin, Otto Porter Jr."
2015,O,5.916842980787549,326.0,68,"Zach Randolph, Beno Udrih, Jeff Green, Marc Gasol, Courtney Lee"
2015,O,-5.875238463448769,229.0,69,"Kyle Korver, Al Horford, Mike Scott, Kent Bazemore, Dennis Schröder"
2015,D,5.82364282310734,705.0,133,"Dwight Howard, Trevor Ariza, James Harden, Patrick Beverley, Donatas Motiejunas"
2015,O,-5.732750401043554,226.0,30,"Amir Johnson, Kyle Lowry, Landry Fields, Jonas Valanciunas, Terrence Ross"
2015,O,5.598145303632198,650.0,116,"Eric Gordon, Omer Asik, Tyreke Evans, Quincy Pondexter, Anthony Davis"
2015,D,-5.558740052808507,217.0,29,"Chris Andersen, Chris Bosh, Dwyane Wade, Luol Deng, Mario Chalmers"
2015,O,-5.537088561475937,282.0,45,"Nikola Vučević, Tobias Harris, Kyle O'Quinn, Victor Oladipo, Elfrid Payton"
2015,D,5.494670032886971,424.0,127,"Lou Williams, Tyler Hansbrough, James Johnson, Patrick Patterson, Greivis Vasquez"
2015,O,5.451557502164829,227.0,34,"Kevin Garnett, Joe Johnson, Jarrett Jack, Mason Plumlee, Sergey Karasev"
2015,D,5.3331737533496995,281.0,55,"Corey Brewer, Thaddeus Young, Gorgui Dieng, Zach LaVine, Andrew Wiggins"
2015,D,-5.32259926602311,257.0,42,"Amir Johnson, Kyle Lowry, DeMar DeRozan, Greivis Vasquez, Jonas Valanciunas"
2015,D,-5.294527802359396,227.0,52,"Wilson Chandler, Arron Afflalo, JJ Hickson, Ty Lawson, Timofey Mozgov"
2015,O,5.2505127652731565,1661.0,250,"Andrew Bogut, Stephen Curry, Klay Thompson, Harrison Barnes, Draymond Green"
2015,D,5.235724488439244,481.0,67,"Kevin Durant, Russell Westbrook, Serge Ibaka, Andre Roberson, Steven Adams"
2015,O,5.223106496604708,281.0,42,"Mo Williams, Al Jefferson, Gerald Henderson, Michael Kidd-Gilchrist, Cody Zeller"
2015,O,-5.145732558396361,406.0,77,"Channing Frye, Nikola Vučević, Tobias Harris, Evan Fournier, Victor Oladipo"
2015,O,5.121585188217969,850.0,143,"Rudy Gay, Jason Thompson, Darren Collison, DeMarcus Cousins, Ben McLemore"
2015,O,5.119499435325572,498.0,112,"Tim Duncan, Tony Parker, Boris Diaw, Danny Green, Kawhi Leonard"
2015,O,5.114849993269228,428.0,140,"Jamal Crawford, Matt Barnes, Chris Paul, DeAndre Jordan, Blake Griffin"
2015,O,5.109796742335702,884.0,165,"Zach Randolph, Tony Allen, Mike Conley, Marc Gasol, Courtney Lee"
2015,O,-5.083867170725106,215.0,35,"Serge Ibaka, Lance Thomas, Reggie Jackson, Jeremy Lamb, Steven Adams"
2015,D,5.03909349575193,225.0,52,"Jordan Hill, Wayne Ellington, Wesley Johnson, Ed Davis, Jeremy Lin"
2015,O,-5.014796573246414,803.0,148,"Zach Randolph, Mike Conley, Jeff Green, Marc Gasol, Courtney Lee"
2015,O,-4.9903676886919275,265.0,53,"Channing Frye, Nikola Vučević, Tobias Harris, Victor Oladipo, Elfrid Payton"
2015,O,4.984125023286858,472.0,152,"Jamal Crawford, Chris Paul, JJ Redick, DeAndre Jordan, Blake Griffin"
2015,O,4.963111565387243,391.0,74,"Eric Gordon, Omer Asik, Tyreke Evans, Dante Cunningham, Anthony Davis"
2015,O,4.953108629886159,220.0,30,"Caron Butler, Greg Monroe, Reggie Jackson, Andre Drummond, Kentavious Caldwell-Pope"
2015,O,4.953089713506002,334.0,60,"Rajon Rondo, Jeff Green, Avery Bradley, Jared Sullinger, Kelly Olynyk"
2015,D,-4.911433025124506,226.0,35,"Kevin Garnett, Joe Johnson, Jarrett Jack, Mason Plumlee, Sergey Karasev"
2015,D,4.765221716574401,249.0,92,"Kyle Korver, Paul Millsap, Jeff Teague, DeMarre Carroll, Pero Antic"
2015,O,4.749226187801129,249.0,52,"Kevin Martin, Thaddeus Young, Nikola Pekovic, Ricky Rubio, Andrew Wiggins"
2015,D,4.732975751498782,645.0,117,"Zaza Pachulia, Ersan Ilyasova, Khris Middleton, Michael Carter-Williams, Giannis Antetokounmpo"
2015,D,4.720108056295773,378.0,64,"Matt Barnes, Chris Paul, JJ Redick, Spencer Hawes, DeAndre Jordan"
2015,D,4.634110183709543,248.0,45,"Luis Scola, Roy Hibbert, Donald Sloan, Chris Copeland, Solomon Hill"
2015,D,4.6283132504679365,391.0,63,"Omer Asik, Tyreke Evans, Jrue Holiday, Luke Babbitt, Anthony Davis"
2015,D,-4.5988276901466065,204.0,40,"Kyle Korver, Paul Millsap, Al Horford, DeMarre Carroll, Dennis Schröder"
2015,O,4.5873501370546235,951.0,135,"LeBron James, JR Smith, Kevin Love, Timofey Mozgov, Kyrie Irving"
2015,D,-4.57767230861577,224.0,37,"Amir Johnson, Kyle Lowry, James Johnson, Jonas Valanciunas, Terrence Ross"
2015,D,-4.426049549903036,439.0,144,"Jamal Crawford, Matt Barnes, Chris Paul, DeAndre Jordan, Blake Griffin"
2015,D,-4.382990546047947,504.0,87,"Randy Foye, Wilson Chandler, Danilo Gallinari, Ty Lawson, Kenneth Faried"
2015,D,-4.346778463949633,269.0,72,"Dirk Nowitzki, Tyson Chandler, Devin Harris, Monta Ellis, Chandler Parsons"
2015,D,-4.289621686852113,278.0,38,"Channing Frye, Nikola Vučević, Victor Oladipo, Elfrid Payton, Devyn Marble"
2015,O,4.286403511291775,250.0,58,"Carlos Boozer, Nick Young, Wayne Ellington, Jeremy Lin, Robert Sacre"
2015,D,4.174670342802211,325.0,61,"P.J. Tucker, Goran Dragic, Eric Bledsoe, Markieff Morris, Miles Plumlee"
2015,O,-4.155310092912665,217.0,30,"Josh Smith, Brandon Jennings, Greg Monroe, Andre Drummond, Kentavious Caldwell-Pope"
2015,O,-4.122310455390518,209.0,42,"Reggie Evans, Rudy Gay, Jason Thompson, Darren Collison, Ben McLemore"
2015,O,4.087911830137595,288.0,74,"Luc Mbah a Moute, Nerlens Noel, Michael Carter-Williams, Robert Covington, KJ McDaniels"
2015,O,-4.054153699858063,897.0,164,"Dirk Nowitzki, Tyson Chandler, Monta Ellis, Rajon Rondo, Chandler Parsons"
2015,D,-4.041691252632643,895.0,160,"Dirk Nowitzki, Tyson Chandler, Monta Ellis, Rajon Rondo, Chandler Parsons"
2015,D,4.030818254838954,1630.0,244,"Andrew Bogut, Stephen Curry, Klay Thompson, Harrison Barnes, Draymond Green"
2015,O,-3.985874640521001,245.0,50,"Pau Gasol, Mike Dunleavy, Derrick Rose, Taj Gibson, Jimmy Butler III"
2015,D,3.9194480206855937,471.0,75,"Paul Pierce, Nene, Marcin Gortat, Garrett Temple, John Wall"
2015,O,-3.9018095031767994,273.0,60,"Joe Johnson, Deron Williams, Thaddeus Young, Brook Lopez, Bojan Bogdanovic"
2015,D,-3.8694583927192667,276.0,31,"Pau Gasol, Mike Dunleavy, Joakim Noah, Aaron Brooks, Tony Snell"
2015,O,-3.856670827534272,232.0,39,"Eric Gordon, Omer Asik, Tyreke Evans, Dante Cunningham, Quincy Pondexter"
2015,O,3.8300624214507066,812.0,136,"Wilson Chandler, Arron Afflalo, Ty Lawson, Timofey Mozgov, Kenneth Faried"
2015,D,3.8178007784032033,242.0,48,"Pau Gasol, Mike Dunleavy, Derrick Rose, Taj Gibson, Jimmy Butler III"
2015,D,-3.78152903441006,748.0,128,"Amir Johnson, Kyle Lowry, DeMar DeRozan, Jonas Valanciunas, Terrence Ross"
2015,O,3.7706765527767963,229.0,52,"Jordan Hill, Wayne Ellington, Wesley Johnson, Ed Davis, Jeremy Lin"
2015,D,-3.735714228671212,877.0,167,"Zach Randolph, Tony Allen, Mike Conley, Marc Gasol, Courtney Lee"
2015,D,3.6994474493347695,434.0,82,"Marreese Speights, Stephen Curry, Klay Thompson, Harrison Barnes, Draymond Green"
2015,D,3.566865267634532,391.0,75,"Eric Gordon, Omer Asik, Tyreke Evans, Dante Cunningham, Anthony Davis"
2015,O,-3.5666665728532516,634.0,89,"Brandon Bass, Evan Turner, Avery Bradley, Tyler Zeller, Marcus Smart"
2015,O,-3.5366258360341254,209.0,45,"Luc Mbah a Moute, Hollis Thompson, Nerlens Noel, Michael Carter-Williams, Robert Covington"
2015,D,-3.490938896303811,523.0,88,"Kobe Bryant, Ronnie Price, Jordan Hill, Wesley Johnson, Ed Davis"
2015,O,-3.451207632328243,291.0,45,"Channing Frye, Nikola Vučević, Tobias Harris, Evan Fournier, Elfrid Payton"
2015,O,3.4174390212364467,252.0,42,"Jordan Hill, Wayne Ellington, Wesley Johnson, Jordan Clarkson, Tarik Black"
2015,D,3.3967077100933967,218.0,38,"P.J. Tucker, Eric Bledsoe, Brandon Knight, Markieff Morris, Alex Len"
2015,D,-3.3601345957752424,202.0,30,"Luc Mbah a Moute, Nerlens Noel, Michael Carter-Williams, Robert Covington, JaKarr Sampson"
2015,O,3.2807327793437464,284.0,53,"Derrick Favors, Gordon Hayward, Rudy Gobert, Rodney Hood, Dante Exum"
2015,O,3.2645096088645986,451.0,70,"Joe Johnson, Deron Williams, Thaddeus Young, Brook Lopez, Markel Brown"
2015,D,-3.257405924564192,212.0,34,"Wesley Johnson, Jeremy Lin, Ryan Kelly, Jordan Clarkson, Tarik Black"
2015,D,3.2489728079471525,218.0,33,"Marvin Williams, Gerald Henderson, Bismack Biyombo, Kemba Walker, Jeffery Taylor"
2015,O,3.2227037554121356,221.0,45,"Al Jefferson, Gerald Henderson, Kemba Walker, Michael Kidd-Gilchrist, Cody Zeller"
2015,D,-3.1469211091922142,220.0,30,"Caron Butler, Greg Monroe, Reggie Jackson, Andre Drummond, Kentavious Caldwell-Pope"
2015,O,3.074762775884543,709.0,114,"David West, CJ Miles, Roy Hibbert, George Hill, Solomon Hill"
2015,D,3.0721902663471625,217.0,68,"Shawn Marion, LeBron James, Kevin Love, Kyrie Irving, Tristan Thompson"
2015,O,3.0341346941276703,1796.0,295,"Kyle Korver, Paul Millsap, Al Horford, Jeff Teague, DeMarre Carroll"
2015,O,-3.0133837732713693,338.0,53,"Trevor Ariza, Joey Dorsey, James Harden, Patrick Beverley, Donatas Motiejunas"
2015,O,-2.9694841698849643,524.0,91,"Wilson Chandler, Arron Afflalo, Ty Lawson, Kenneth Faried, Jusuf Nurkić"
2015,O,-2.962907605317351,520.0,89,"Kobe Bryant, Ronnie Price, Jordan Hill, Wesley Johnson, Ed Davis"
2015,O,-2.9440753857738318,492.0,81,"Shawn Marion, LeBron James, Anderson Varejao, Kevin Love, Kyrie Irving"
2015,D,-2.9386164715290986,333.0,49,"Kevin Garnett, Joe Johnson, Deron Williams, Brook Lopez, Bojan Bogdanovic"
2015,D,-2.9300591750790144,282.0,42,"Mo Williams, Al Jefferson, Gerald Henderson, Michael Kidd-Gilchrist, Cody Zeller"
2015,O,-2.8740016199644307,233.0,41,"Al Jefferson, Marvin Williams, Gerald Henderson, Kemba Walker, Michael Kidd-Gilchrist"
2015,O,2.8691130218586602,744.0,123,"Amir Johnson, Kyle Lowry, DeMar DeRozan, Jonas Valanciunas, Terrence Ross"
2015,O,2.7461590009374626,326.0,43,"Dwyane Wade, Udonis Haslem, Luol Deng, Goran Dragic, Hassan Whiteside"
2015,D,-2.7450257019436775,276.0,48,"Tim Duncan, Tony Parker, Matt Bonner, Danny Green, Kawhi Leonard"
2015,O,2.7202050107881806,462.0,69,"Goran Dragic, Eric Bledsoe, Markieff Morris, Marcus Morris Sr., Miles Plumlee"
2015,D,-2.715824426980868,291.0,45,"Channing Frye, Nikola Vučević, Tobias Harris, Evan Fournier, Elfrid Payton"
2015,O,2.705792129781645,237.0,53,"Wilson Chandler, Arron Afflalo, JJ Hickson, Ty Lawson, Timofey Mozgov"
2015,O,2.6824403553956193,250.0,42,"Russell Westbrook, Serge Ibaka, Perry Jones III, Andre Roberson, Steven Adams"
2015,D,-2.6356464631887824,493.0,77,"Dirk Nowitzki, Tyson Chandler, Jameer Nelson, Monta Ellis, Chandler Parsons"
2015,O,-2.508812690115553,487.0,80,"David West, Rodney Stuckey, C.J. Watson, Roy Hibbert, Solomon Hill"
2015,D,-2.478473838467009,1782.0,295,"Kyle Korver, Paul Millsap, Al Horford, Jeff Teague, DeMarre Carroll"
2015,O,2.4704465928343495,708.0,131,"Dwight Howard, Trevor Ariza, James Harden, Patrick Beverley, Donatas Motiejunas"
2015,O,-2.441938473667648,201.0,32,"Russell Westbrook, Enes Kanter, Kyle Singler, Dion Waiters, Steven Adams"
2015,O,2.418024035925848,242.0,58,"Derrick Favors, Gordon Hayward, Rudy Gobert, Trey Burke, Joe Ingles"
2015,D,-2.3500039323623323,662.0,100,"Pau Gasol, Mike Dunleavy, Joakim Noah, Derrick Rose, Jimmy Butler III"
2015,D,-2.342402381339956,359.0,46,"Josh Smith, Brandon Jennings, Kyle Singler, Andre Drummond, Kentavious Caldwell-Pope"
2015,D,2.341653025851574,638.0,85,"Brandon Bass, Evan Turner, Avery Bradley, Tyler Zeller, Marcus Smart"
2015,D,2.2694660205344537,617.0,123,"Paul Pierce, Kris Humphries, Marcin Gortat, John Wall, Bradley Beal"
2015,D,2.2679622331828817,257.0,55,"Al Jefferson, Marvin Williams, Gerald Henderson, Lance Stephenson, Kemba Walker"
2015,D,2.1411423007476023,231.0,65,"David West, CJ Miles, Rodney Stuckey, Roy Hibbert, George Hill"
2015,O,2.120977418844676,663.0,102,"Pau Gasol, Mike Dunleavy, Joakim Noah, Derrick Rose, Jimmy Butler III"
2015,D,2.0523366158263934,262.0,48,"Pau Gasol, Kirk Hinrich, Joakim Noah, Derrick Rose, Jimmy Butler III"
2015,D,-2.039095035089331,237.0,67,"Lou Williams, Tyler Hansbrough, Patrick Patterson, Greivis Vasquez, Terrence Ross"
2015,D,-1.9871775433177428,810.0,150,"Zach Randolph, Mike Conley, Jeff Green, Marc Gasol, Courtney Lee"
2015,D,-1.9663128965863077,211.0,34,"Serge Ibaka, Lance Thomas, Reggie Jackson, Jeremy Lamb, Steven Adams"
2015,O,-1.8880474685735065,288.0,75,"Luis Scola, Ian Mahinmi, Rodney Stuckey, C.J. Watson, Damjan Rudez"
2015,D,-1.7950936657975805,214.0,35,"Andrea Bargnani, Lou Amundson, Lance Thomas, Shane Larkin, Langston Galloway"
2015,O,-1.7675511462619915,393.0,65,"Omer Asik, Tyreke Evans, Jrue Holiday, Luke Babbitt, Anthony Davis"
2015,D,1.755606560968625,249.0,44,"Russell Westbrook, Serge Ibaka, Perry Jones III, Andre Roberson, Steven Adams"
2015,O,1.691881283036849,275.0,47,"Tim Duncan, Tony Parker, Matt Bonner, Danny Green, Kawhi Leonard"
2015,O,1.6455587365726814,486.0,68,"Kevin Durant, Russell Westbrook, Serge Ibaka, Andre Roberson, Steven Adams"
2015,D,-1.5956461663030086,271.0,46,"O.J. Mayo, Larry Sanders, Brandon Knight, Giannis Antetokounmpo, Jabari Parker"
2015,O,1.5271281708054767,677.0,107,"Kobe Bryant, Carlos Boozer, Jordan Hill, Wesley Johnson, Jeremy Lin"
2015,O,-1.4800785682717463,350.0,59,"Nikola Vučević, Tobias Harris, Dewayne Dedmon, Victor Oladipo, Elfrid Payton"
2015,O,1.468094937155835,493.0,73,"Brandon Jennings, Greg Monroe, Kyle Singler, Andre Drummond, Kentavious Caldwell-Pope"
2015,D,-1.431999757570684,216.0,31,"Josh Smith, Brandon Jennings, Greg Monroe, Andre Drummond, Kentavious Caldwell-Pope"
2015,D,-1.422690738868251,283.0,46,"Nikola Vučević, Tobias Harris, Kyle O'Quinn, Victor Oladipo, Elfrid Payton"
2015,D,1.3773141021647144,348.0,57,"Nikola Vučević, Tobias Harris, Dewayne Dedmon, Victor Oladipo, Elfrid Payton"
2015,O,-1.3648929440482087,272.0,46,"O.J. Mayo, Larry Sanders, Brandon Knight, Giannis Antetokounmpo, Jabari Parker"
2015,D,1.3519103485580268,250.0,59,"Carlos Boozer, Nick Young, Wayne Ellington, Jeremy Lin, Robert Sacre"
2015,D,1.3391190201530323,237.0,38,"Tim Duncan, Tony Parker, Danny Green, Kawhi Leonard, Aron Baynes"
2015,D,-1.2423120383384652,295.0,60,"Al Jefferson, Gerald Henderson, Lance Stephenson, Kemba Walker, Cody Zeller"
2015,D,-1.2216632126084273,800.0,131,"Wilson Chandler, Arron Afflalo, Ty Lawson, Timofey Mozgov, Kenneth Faried"
2015,O,-1.1805041708809183,278.0,31,"Pau Gasol, Mike Dunleavy, Joakim Noah, Aaron Brooks, Tony Snell"
2015,D,-1.179530524454024,214.0,33,"Pau Gasol, Mike Dunleavy, Joakim Noah, Aaron Brooks, Jimmy Butler III"
2015,D,-1.1559211314534328,487.0,82,"Shawn Marion, LeBron James, Anderson Varejao, Kevin Love, Kyrie Irving"
2015,D,-1.1539323716717231,275.0,74,"Luis Scola, Ian Mahinmi, Rodney Stuckey, C.J. Watson, Damjan Rudez"
2015,D,-1.1465650329963342,451.0,68,"Joe Johnson, Deron Williams, Thaddeus Young, Brook Lopez, Markel Brown"
2015,D,-1.0878415325567237,327.0,57,"Rajon Rondo, Jeff Green, Avery Bradley, Jared Sullinger, Kelly Olynyk"
2015,O,-1.056565643310116,305.0,52,"Trevor Ariza, James Harden, Patrick Beverley, Donatas Motiejunas, Terrence Jones"
2015,D,-1.013329740847159,1156.0,198,"Paul Pierce, Nene, Marcin Gortat, John Wall, Bradley Beal"
2015,O,0.9963481431567673,335.0,49,"Kevin Garnett, Joe Johnson, Deron Williams, Brook Lopez, Bojan Bogdanovic"
2015,D,-0.9783783316895196,239.0,45,"Pau Gasol, Joakim Noah, Derrick Rose, Jimmy Butler III, Tony Snell"
2015,O,-0.9654315773501703,271.0,53,"D.J. Augustin, Greg Monroe, Kyle Singler, Andre Drummond, Kentavious Caldwell-Pope"
2015,O,-0.9638971928945927,340.0,94,"Derrick Favors, Gordon Hayward, Rudy Gobert, Dante Exum, Joe Ingles"
2015,D,0.9090160575445082,257.0,68,"Pau Gasol, Kirk Hinrich, Derrick Rose, Taj Gibson, Jimmy Butler III"
2015,O,-0.8905090934305334,231.0,79,"Andre Iguodala, Stephen Curry, Klay Thompson, Harrison Barnes, Draymond Green"
2015,D,0.834093591803694,302.0,54,"Trevor Ariza, James Harden, Patrick Beverley, Donatas Motiejunas, Terrence Jones"
2015,O,-0.7124124762480695,232.0,65,"Derrick Favors, Gordon Hayward, Enes Kanter, Trey Burke, Joe Ingles"
2015,D,-0.69655438976687,224.0,30,"Amir Johnson, Kyle Lowry, Landry Fields, Jonas Valanciunas, Terrence Ross"
2015,O,-0.6681757116154056,223.0,42,"P.J. Tucker, Eric Bledsoe, Brandon Knight, Markieff Morris, Alex Len"
2015,D,0.6047240150351674,366.0,67,"Chris Kaman, LaMarcus Aldridge, Nicolas Batum, Wesley Matthews, Damian Lillard"
2015,O,0.5488242897659268,1166.0,196,"Paul Pierce, Nene, Marcin Gortat, John Wall, Bradley Beal"
2015,O,-0.43748111328186456,288.0,62,"Thaddeus Young, Gorgui Dieng, Shabazz Muhammad, Zach LaVine, Andrew Wiggins"
2015,D,0.4347392923581165,2349.0,443,"Matt Barnes, Chris Paul, JJ Redick, DeAndre Jordan, Blake Griffin"
2015,O,-0.4305322861738465,607.0,98,"LaMarcus Aldridge, Arron Afflalo, Robin Lopez, Nicolas Batum, Damian Lillard"
2015,O,0.38349756259470164,243.0,38,"Dirk Nowitzki, Tyson Chandler, Richard Jefferson, Monta Ellis, Rajon Rondo"
2015,D,-0.3532214789992952,710.0,117,"David West, CJ Miles, Roy Hibbert, George Hill, Solomon Hill"
2015,O,-0.34657089772565297,326.0,61,"P.J. Tucker, Goran Dragic, Eric Bledsoe, Markieff Morris, Miles Plumlee"
2015,O,0.327291932115274,1228.0,211,"LaMarcus Aldridge, Robin Lopez, Nicolas Batum, Wesley Matthews, Damian Lillard"
2015,D,-0.2830089959081404,516.0,83,"Tim Duncan, Tony Parker, Tiago Splitter, Danny Green, Kawhi Leonard"
2015,D,-0.24065449025165464,649.0,114,"Eric Gordon, Omer Asik, Tyreke Evans, Quincy Pondexter, Anthony Davis"
2015,D,-0.2057928774675447,288.0,53,"Carmelo Anthony, Jose Calderon, Lou Amundson, Jason Smith, Langston Galloway"
2015,O,0.1767591550027974,778.0,118,"P.J. Tucker, Goran Dragic, Eric Bledsoe, Markieff Morris, Alex Len"
2015,D,0.16055796723577376,375.0,116,"Andre Iguodala, Andrew Bogut, Stephen Curry, Klay Thompson, Draymond Green"
2015,D,-0.11482582013797284,460.0,69,"Goran Dragic, Eric Bledsoe, Markieff Morris, Marcus Morris Sr., Miles Plumlee"
2015,D,0.04819484814250199,206.0,44,"Luc Mbah a Moute, Hollis Thompson, Nerlens Noel, Michael Carter-Williams, Robert Covington"
2015,O,0.02139102797298305,243.0,89,"Kyle Korver, Paul Millsap, Jeff Teague, DeMarre Carroll, Pero Antic"
2016,O,25.465473229493497,383.0,119,"Andre Iguodala, Stephen Curry, Klay Thompson, Harrison Barnes, Draymond Green"
2016,D,15.60224939252185,350.0,103,"Thabo Sefolosha, Al Horford, Mike Scott, Dennis Schröder, Tim Hardaway Jr."
2016,O,15.250669950162525,221.0,59,"Ian Mahinmi, Monta Ellis, George Hill, Paul George, Solomon Hill"
2016,O,15.201784351763601,253.0,83,"Kevin Durant, Russell Westbrook, Serge Ibaka, Enes Kanter, Dion Waiters"
2016,D,14.24081995225467,423.0,70,"Pau Gasol, Derrick Rose, Taj Gibson, Jimmy Butler III, Tony Snell"
2016,D,13.59451032676059,276.0,76,"Pau Gasol, Derrick Rose, Nikola Mirotic, Jimmy Butler III, Doug McDermott"
2016,O,13.566743952165668,226.0,40,"Pau Gasol, Mike Dunleavy, Derrick Rose, Taj Gibson, E'Twaun Moore"
2016,O,13.540840091807834,265.0,62,"Jonas Jerebko, Evan Turner, Avery Bradley, Kelly Olynyk, Marcus Smart"
2016,O,-13.507463445506477,332.0,77,"Nikola Vučević, Tobias Harris, Evan Fournier, Victor Oladipo, Elfrid Payton"
2016,D,13.437549979077454,279.0,56,"O.J. Mayo, Greg Monroe, Khris Middleton, Giannis Antetokounmpo, Jabari Parker"
2016,O,-13.304746807336755,486.0,72,"LeBron James, JR Smith, Kevin Love, Timofey Mozgov, Kyrie Irving"
2016,D,12.882874261968736,313.0,104,"Dwyane Wade, Luol Deng, Goran Dragic, Hassan Whiteside, Justise Winslow"
2016,O,12.748430597224688,313.0,104,"Andre Iguodala, Andrew Bogut, Stephen Curry, Klay Thompson, Draymond Green"
2016,O,12.745544434005382,375.0,114,"LeBron James, JR Smith, Kevin Love, Tristan Thompson, Matthew Dellavedova"
2016,O,12.739084791205517,277.0,83,"Andre Iguodala, Stephen Curry, Klay Thompson, Festus Ezeli, Draymond Green"
2016,O,-11.52522881326959,426.0,73,"Pau Gasol, Derrick Rose, Taj Gibson, Jimmy Butler III, Tony Snell"
2016,O,-11.397188567120656,364.0,100,"Jamal Crawford, Wesley Johnson, Cole Aldrich, Austin Rivers, Pablo Prigioni"
2016,O,-11.298342321342629,1153.0,178,"Kobe Bryant, Roy Hibbert, Jordan Clarkson, Julius Randle, D'Angelo Russell"
2016,D,11.257323120917066,447.0,150,"DeMar DeRozan, Patrick Patterson, Bismack Biyombo, Cory Joseph, Terrence Ross"
2016,D,11.229789511047308,210.0,61,"Avery Bradley, Isaiah Thomas, Jared Sullinger, Jae Crowder, Kelly Olynyk"
2016,D,10.970823149711688,215.0,38,"Lou Williams, Roy Hibbert, Jordan Clarkson, Anthony Brown, Larry Nance Jr."
2016,D,10.930524984943347,449.0,80,"Joe Johnson, Jarrett Jack, Thaddeus Young, Brook Lopez, Rondae Hollis-Jefferson"
2016,O,-10.929044485703534,290.0,44,"Kris Humphries, Marcin Gortat, John Wall, Bradley Beal, Otto Porter Jr."
2016,O,10.773708324396239,273.0,95,"Kyle Lowry, DeMar DeRozan, Patrick Patterson, Bismack Biyombo, Cory Joseph"
2016,D,10.420428643108723,314.0,86,"Chris Paul, JJ Redick, DeAndre Jordan, Luc Mbah a Moute, Wesley Johnson"
2016,D,10.333562121831896,439.0,68,"Carmelo Anthony, Sasha Vujacic, Jose Calderon, Robin Lopez, Kristaps Porziņģis"
2016,D,-9.92027797156453,406.0,104,"Dwight Howard, Trevor Ariza, Corey Brewer, James Harden, Patrick Beverley"
2016,D,9.754671516338485,298.0,78,"Kevin Martin, Nemanja Bjelica, Gorgui Dieng, Shabazz Muhammad, Zach LaVine"
2016,D,9.695051573116377,210.0,39,"Derrick Favors, Gordon Hayward, Raul Neto, Rodney Hood, Trey Lyles"
2016,O,9.676043091360935,374.0,50,"Joe Johnson, Amar'e Stoudemire, Dwyane Wade, Luol Deng, Goran Dragic"
2016,O,-9.535914351951746,305.0,64,"Zach Randolph, Tony Allen, Mike Conley, Jeff Green, Marc Gasol"
2016,O,-9.490271018299062,241.0,36,"Kevin Garnett, Kevin Martin, Ricky Rubio, Andrew Wiggins, Karl-Anthony Towns"
2016,O,9.470802937529427,273.0,84,"Gerald Henderson, Ed Davis, Damian Lillard, Meyers Leonard, Allen Crabbe"
2016,O,9.458834575887686,278.0,88,"Rudy Gay, Rajon Rondo, Darren Collison, Omri Casspi, DeMarcus Cousins"
2016,D,9.34375382399067,518.0,88,"Kevin Garnett, Tayshaun Prince, Ricky Rubio, Andrew Wiggins, Karl-Anthony Towns"
2016,D,9.291971467749374,240.0,61,"Marcin Gortat, Garrett Temple, John Wall, Markieff Morris, Otto Porter Jr."
2016,O,9.19339514800253,806.0,126,"Marvin Williams, Courtney Lee, Nicolas Batum, Kemba Walker, Cody Zeller"
2016,D,8.952133561916854,541.0,85,"Chris Paul, JJ Redick, DeAndre Jordan, Luc Mbah a Moute, Blake Griffin"
2016,D,8.817470205767194,208.0,75,"Carmelo Anthony, Jose Calderon, Arron Afflalo, Robin Lopez, Lance Thomas"
2016,O,8.808668429482138,473.0,84,"Derrick Favors, Gordon Hayward, Shelvin Mack, Rudy Gobert, Rodney Hood"
2016,O,8.709205115269981,211.0,39,"Derrick Favors, Gordon Hayward, Raul Neto, Rodney Hood, Trey Lyles"
2016,O,8.695594991061855,347.0,64,"Al-Farouq Aminu, Damian Lillard, Meyers Leonard, CJ McCollum, Mason Plumlee"
2016,O,-8.678158996204843,790.0,130,"Dirk Nowitzki, Zaza Pachulia, Deron Williams, Wesley Matthews, Chandler Parsons"
2016,D,8.674786618606253,318.0,40,"Al Jefferson, Marvin Williams, Nicolas Batum, Kemba Walker, PJ Hairston"
2016,O,8.641681364162457,374.0,57,"Kenneth Faried, Gary Harris, JaKarr Sampson, Nikola Jokić, Emmanuel Mudiay"
2016,O,8.233701141637946,232.0,36,"Rudy Gay, Rajon Rondo, DeMarcus Cousins, Ben McLemore, Willie Cauley-Stein"
2016,D,8.1836693656702,376.0,118,"LeBron James, JR Smith, Kevin Love, Tristan Thompson, Matthew Dellavedova"
2016,D,-8.16530500486748,265.0,82,"Kevin Durant, Russell Westbrook, Serge Ibaka, Enes Kanter, Dion Waiters"
2016,D,-8.121783234950831,223.0,38,"Pau Gasol, Mike Dunleavy, Derrick Rose, Taj Gibson, E'Twaun Moore"
2016,D,-7.942405150265339,308.0,65,"Zach Randolph, Tony Allen, Mike Conley, Jeff Green, Marc Gasol"
2016,D,7.905548539272389,307.0,78,"Steve Blake, Anthony Tolliver, Marcus Morris Sr., Aron Baynes, Stanley Johnson"
2016,O,-7.882041359165399,300.0,74,"Kevin Martin, Nemanja Bjelica, Gorgui Dieng, Shabazz Muhammad, Zach LaVine"
2016,O,-7.837504313813129,637.0,94,"Chris Bosh, Dwyane Wade, Luol Deng, Goran Dragic, Hassan Whiteside"
2016,O,-7.649317799089158,283.0,82,"Pau Gasol, Derrick Rose, Nikola Mirotic, Jimmy Butler III, Doug McDermott"
2016,O,-7.600673529840716,310.0,76,"Monta Ellis, George Hill, Jordan Hill, Paul George, Myles Turner"
2016,D,-7.598549112496763,395.0,74,"Kobe Bryant, Lou Williams, Roy Hibbert, Jordan Clarkson, Julius Randle"
2016,O,7.563579440505353,1323.0,277,"Ricky Rubio, Gorgui Dieng, Zach LaVine, Andrew Wiggins, Karl-Anthony Towns"
2016,D,-7.501150657401383,550.0,104,"Jerryd Bayless, Greg Monroe, Khris Middleton, Giannis Antetokounmpo, Jabari Parker"
2016,O,7.492069948895425,266.0,101,"Jamal Crawford, Chris Paul, JJ Redick, DeAndre Jordan, Wesley Johnson"
2016,O,7.484352450013007,381.0,104,"Luol Deng, Goran Dragic, Hassan Whiteside, Justise Winslow, Josh Richardson"
2016,D,-7.27681421258819,1042.0,196,"Greg Monroe, Khris Middleton, Michael Carter-Williams, Giannis Antetokounmpo, Jabari Parker"
2016,D,7.24285036867684,275.0,87,"Andre Iguodala, Stephen Curry, Klay Thompson, Festus Ezeli, Draymond Green"
2016,O,-7.229021151222147,243.0,57,"Marcin Gortat, Garrett Temple, John Wall, Markieff Morris, Otto Porter Jr."
2016,D,7.158003391621759,626.0,100,"Channing Frye, Nikola Vučević, Tobias Harris, Evan Fournier, Elfrid Payton"
2016,O,-7.061057318339063,705.0,135,"Ian Mahinmi, CJ Miles, Monta Ellis, George Hill, Paul George"
2016,D,7.032796896357654,261.0,46,"Amir Johnson, Evan Turner, Avery Bradley, Isaiah Thomas, Jared Sullinger"
2016,O,-6.977036063241522,356.0,61,"Tony Parker, David West, LaMarcus Aldridge, Danny Green, Kawhi Leonard"
2016,D,6.904452011949395,229.0,36,"Rudy Gay, Rajon Rondo, DeMarcus Cousins, Ben McLemore, Willie Cauley-Stein"
2016,D,6.874618237024317,219.0,59,"Ian Mahinmi, Monta Ellis, George Hill, Paul George, Solomon Hill"
2016,O,-6.816150788099234,406.0,77,"Pau Gasol, Derrick Rose, Nikola Mirotic, Jimmy Butler III, Tony Snell"
2016,D,-6.776829432859383,692.0,129,"Ian Mahinmi, CJ Miles, Monta Ellis, George Hill, Paul George"
2016,D,6.658166327611257,263.0,65,"Jonas Jerebko, Evan Turner, Avery Bradley, Kelly Olynyk, Marcus Smart"
2016,O,6.5526469729360866,519.0,111,"Dirk Nowitzki, Zaza Pachulia, Raymond Felton, Deron Williams, Wesley Matthews"
2016,D,6.496911977340277,326.0,73,"Nikola Vučević, Tobias Harris, Evan Fournier, Victor Oladipo, Elfrid Payton"
2016,O,-6.440451414998878,926.0,166,"Ian Mahinmi, Monta Ellis, George Hill, Paul George, Myles Turner"
2016,D,6.393704354392764,372.0,58,"Kenneth Faried, Gary Harris, JaKarr Sampson, Nikola Jokić, Emmanuel Mudiay"
2016,D,-6.3431784083341345,201.0,51,"Ersan Ilyasova, Marcus Morris Sr., Reggie Jackson, Andre Drummond, Stanley Johnson"
2016,O,6.323288960895234,301.0,43,"Rudy Gay, Rajon Rondo, DeMarcus Cousins, Quincy Acy, Ben McLemore"
2016,D,-6.316515639278361,615.0,93,"Luis Scola, Kyle Lowry, DeMar DeRozan, James Johnson, Jonas Valanciunas"
2016,D,-6.30712300284808,201.0,71,"Zaza Pachulia, Raymond Felton, Deron Williams, Wesley Matthews, Chandler Parsons"
2016,O,6.297274264747698,318.0,40,"Al Jefferson, Marvin Williams, Nicolas Batum, Kemba Walker, PJ Hairston"
2016,O,-6.263881021113428,397.0,76,"Kobe Bryant, Lou Williams, Roy Hibbert, Jordan Clarkson, Julius Randle"
2016,D,-6.197649458778831,245.0,41,"Eric Gordon, Omer Asik, Tyreke Evans, Alonzo Gee, Anthony Davis"
2016,D,-6.162472401974872,238.0,96,"Thabo Sefolosha, Paul Millsap, Al Horford, Jeff Teague, Kent Bazemore"
2016,O,6.131003559643411,285.0,51,"Stephen Curry, Klay Thompson, Harrison Barnes, Festus Ezeli, Draymond Green"
2016,O,6.041535441914075,233.0,69,"Rudy Gay, Rajon Rondo, Marco Belinelli, Darren Collison, DeMarcus Cousins"
2016,O,-5.925399211386312,439.0,69,"Kobe Bryant, Lou Williams, Roy Hibbert, Jordan Clarkson, Larry Nance Jr."
2016,D,5.858066281040363,312.0,68,"Chris Paul, JJ Redick, DeAndre Jordan, Blake Griffin, Lance Stephenson"
2016,D,5.813648594754596,265.0,85,"Gerald Henderson, Ed Davis, Damian Lillard, Meyers Leonard, Allen Crabbe"
2016,O,5.809986837793919,569.0,98,"Derrick Favors, Gordon Hayward, Rudy Gobert, Raul Neto, Rodney Hood"
2016,D,5.7836966719207235,252.0,41,"P.J. Tucker, Eric Bledsoe, Brandon Knight, Jon Leuer, Alex Len"
2016,D,-5.69454991924986,313.0,65,"LeBron James, JR Smith, Kevin Love, Timofey Mozgov, Matthew Dellavedova"
2016,O,-5.586581788170647,316.0,87,"Chris Paul, JJ Redick, DeAndre Jordan, Luc Mbah a Moute, Wesley Johnson"
2016,O,5.456596691224777,205.0,61,"Avery Bradley, Isaiah Thomas, Jared Sullinger, Jae Crowder, Kelly Olynyk"
2016,D,-5.425415766141691,260.0,42,"Tyson Chandler, P.J. Tucker, Brandon Knight, Alex Len, Devin Booker"
2016,D,5.323247994256023,251.0,93,"Jamal Crawford, Chris Paul, JJ Redick, DeAndre Jordan, Wesley Johnson"
2016,D,-5.314864459513249,496.0,117,"Tayshaun Prince, Ricky Rubio, Gorgui Dieng, Andrew Wiggins, Karl-Anthony Towns"
2016,D,5.160033854077158,201.0,37,"Metta World Peace, Roy Hibbert, Jordan Clarkson, Julius Randle, D'Angelo Russell"
2016,D,-5.142941732591945,345.0,64,"Al-Farouq Aminu, Damian Lillard, Meyers Leonard, CJ McCollum, Mason Plumlee"
2016,O,5.10586646702514,286.0,48,"Pau Gasol, Derrick Rose, Taj Gibson, Nikola Mirotic, Jimmy Butler III"
2016,O,-5.024938998236345,260.0,41,"Tyson Chandler, P.J. Tucker, Brandon Knight, Alex Len, Devin Booker"
2016,D,5.003666039164815,597.0,115,"Al-Farouq Aminu, Damian Lillard, Maurice Harkless, CJ McCollum, Mason Plumlee"
2016,D,-4.995792121568886,289.0,48,"Pau Gasol, Derrick Rose, Taj Gibson, Nikola Mirotic, Jimmy Butler III"
2016,D,-4.979672866620024,244.0,43,"Luis Scola, Kyle Lowry, DeMar DeRozan, DeMarre Carroll, Bismack Biyombo"
2016,D,4.950097128338,270.0,80,"Al-Farouq Aminu, Damian Lillard, Allen Crabbe, CJ McCollum, Mason Plumlee"
2016,D,-4.8799634240101435,430.0,71,"Kobe Bryant, Lou Williams, Roy Hibbert, Jordan Clarkson, Larry Nance Jr."
2016,O,4.844030133432357,540.0,140,"Kyle Lowry, Patrick Patterson, Bismack Biyombo, Cory Joseph, Terrence Ross"
2016,O,-4.816313686155678,1328.0,220,"Tim Duncan, Tony Parker, LaMarcus Aldridge, Danny Green, Kawhi Leonard"
2016,D,4.810968761110641,312.0,103,"Andre Iguodala, Andrew Bogut, Stephen Curry, Klay Thompson, Draymond Green"
2016,O,-4.7428471869691435,299.0,49,"LeBron James, Mo Williams, JR Smith, Kevin Love, Timofey Mozgov"
2016,O,-4.742365434326137,473.0,115,"Kyle Korver, Thabo Sefolosha, Paul Millsap, Al Horford, Jeff Teague"
2016,D,4.7204184280829615,359.0,64,"Tyson Chandler, P.J. Tucker, Eric Bledsoe, Brandon Knight, Markieff Morris"
2016,D,4.713182160501837,462.0,108,"Kyle Korver, Thabo Sefolosha, Paul Millsap, Al Horford, Jeff Teague"
2016,O,4.6346790137277685,315.0,66,"Chris Paul, JJ Redick, DeAndre Jordan, Blake Griffin, Lance Stephenson"
2016,D,4.581133065021473,331.0,107,"Anthony Tolliver, Marcus Morris Sr., Reggie Jackson, Andre Drummond, Kentavious Caldwell-Pope"
2016,O,4.56845241612117,498.0,64,"Marvin Williams, Nicolas Batum, Kemba Walker, Cody Zeller, PJ Hairston"
2016,O,4.555899116702189,284.0,54,"Nikola Vučević, Tobias Harris, Victor Oladipo, Elfrid Payton, Aaron Gordon"
2016,D,-4.538945101564863,222.0,35,"Ish Smith, Nerlens Noel, Robert Covington, Nik Stauskas, Jahlil Okafor"
2016,O,4.372097880178556,221.0,45,"Ish Smith, Nerlens Noel, Robert Covington, Nik Stauskas, Jerami Grant"
2016,O,4.337624594663048,594.0,117,"Al-Farouq Aminu, Damian Lillard, Maurice Harkless, CJ McCollum, Mason Plumlee"
2016,O,4.323444088468727,224.0,48,"Dwight Howard, Josh Smith, Trevor Ariza, James Harden, Patrick Beverley"
2016,D,-4.299940152224769,1309.0,273,"Ricky Rubio, Gorgui Dieng, Zach LaVine, Andrew Wiggins, Karl-Anthony Towns"
2016,D,4.210574128409509,539.0,144,"Kyle Lowry, Patrick Patterson, Bismack Biyombo, Cory Joseph, Terrence Ross"
2016,D,-4.194368379554901,234.0,42,"Marcin Gortat, Jared Dudley, Garrett Temple, John Wall, Kelly Oubre Jr."
2016,O,4.159715616844118,302.0,80,"Steve Blake, Anthony Tolliver, Marcus Morris Sr., Aron Baynes, Stanley Johnson"
2016,O,4.151980761452895,891.0,164,"Marcus Morris Sr., Tobias Harris, Reggie Jackson, Andre Drummond, Kentavious Caldwell-Pope"
2016,D,-4.148164090222454,372.0,50,"Joe Johnson, Amar'e Stoudemire, Dwyane Wade, Luol Deng, Goran Dragic"
2016,D,4.081300924615688,257.0,78,"Gerald Henderson, Ed Davis, Maurice Harkless, Allen Crabbe, CJ McCollum"
2016,D,3.9641280254330034,293.0,47,"LeBron James, Mo Williams, JR Smith, Kevin Love, Timofey Mozgov"
2016,D,-3.93373280153019,380.0,104,"Luol Deng, Goran Dragic, Hassan Whiteside, Justise Winslow, Josh Richardson"
2016,D,3.893075062965897,278.0,103,"Kyle Lowry, DeMar DeRozan, Patrick Patterson, Bismack Biyombo, Cory Joseph"
2016,D,3.8910803989517353,236.0,71,"Tim Duncan, Manu Ginobili, Tony Parker, LaMarcus Aldridge, Kawhi Leonard"
2016,O,3.8797095264638064,878.0,184,"LeBron James, JR Smith, Kevin Love, Kyrie Irving, Tristan Thompson"
2016,D,3.864299638081838,649.0,138,"Ian Mahinmi, Monta Ellis, George Hill, Paul George, Lavoy Allen"
2016,D,3.8602962526411955,1770.0,309,"Ersan Ilyasova, Marcus Morris Sr., Reggie Jackson, Andre Drummond, Kentavious Caldwell-Pope"
2016,D,-3.806413209833927,285.0,53,"Stephen Curry, Klay Thompson, Harrison Barnes, Festus Ezeli, Draymond Green"
2016,O,-3.7729024141743506,222.0,35,"Ish Smith, Nerlens Noel, Robert Covington, Nik Stauskas, Jahlil Okafor"
2016,O,-3.6984634799055103,1798.0,312,"Kyle Korver, Paul Millsap, Al Horford, Jeff Teague, Kent Bazemore"
2016,D,-3.686263397349686,1147.0,181,"Kobe Bryant, Roy Hibbert, Jordan Clarkson, Julius Randle, D'Angelo Russell"
2016,D,3.6441281273977584,558.0,93,"Derrick Favors, Gordon Hayward, Rudy Gobert, Raul Neto, Rodney Hood"
2016,O,3.635643855875412,335.0,105,"Anthony Tolliver, Marcus Morris Sr., Reggie Jackson, Andre Drummond, Kentavious Caldwell-Pope"
2016,D,3.5580507357591227,483.0,91,"Zach Randolph, Tony Allen, Mike Conley, Marc Gasol, Courtney Lee"
2016,O,3.5319327064436017,629.0,104,"Channing Frye, Nikola Vučević, Tobias Harris, Evan Fournier, Elfrid Payton"
2016,O,3.522175463294657,586.0,101,"Dwight Howard, Trevor Ariza, James Harden, Patrick Beverley, Donatas Motiejunas"
2016,D,-3.415574352255792,283.0,53,"Nikola Vučević, Tobias Harris, Victor Oladipo, Elfrid Payton, Aaron Gordon"
2016,D,3.3973153785264283,385.0,120,"Andre Iguodala, Stephen Curry, Klay Thompson, Harrison Barnes, Draymond Green"
2016,D,3.3877515736536563,390.0,68,"Tyson Chandler, Ronnie Price, P.J. Tucker, Alex Len, Devin Booker"
2016,O,-3.3730068012909094,243.0,41,"Luis Scola, Kyle Lowry, DeMar DeRozan, DeMarre Carroll, Bismack Biyombo"
2016,D,3.332849606138591,401.0,73,"Marcin Gortat, John Wall, Markieff Morris, Bradley Beal, Otto Porter Jr."
2016,O,3.3317006968412737,376.0,66,"Rudy Gay, Rajon Rondo, Omri Casspi, DeMarcus Cousins, Ben McLemore"
2016,O,3.3283688402191984,453.0,100,"Nikola Vučević, Evan Fournier, Victor Oladipo, Elfrid Payton, Aaron Gordon"
2016,D,3.2893764416844626,217.0,44,"Ish Smith, Nerlens Noel, Robert Covington, Nik Stauskas, Jerami Grant"
2016,D,3.2857471925905988,1593.0,248,"Kevin Durant, Russell Westbrook, Serge Ibaka, Andre Roberson, Steven Adams"
2016,O,3.2618442289422482,539.0,77,"Andrew Bogut, Brandon Rush, Stephen Curry, Klay Thompson, Draymond Green"
2016,D,-3.2483522679694143,232.0,69,"Rudy Gay, Rajon Rondo, Marco Belinelli, Darren Collison, DeMarcus Cousins"
2016,D,-3.2229046716641636,444.0,62,"Luis Scola, Kyle Lowry, DeMar DeRozan, DeMarre Carroll, Jonas Valanciunas"
2016,O,3.150897095217456,267.0,79,"Marvin Williams, Nicolas Batum, Jeremy Lin, Kemba Walker, Cody Zeller"
2016,D,3.079385376612704,401.0,72,"Pau Gasol, Derrick Rose, Nikola Mirotic, Jimmy Butler III, Tony Snell"
2016,O,-3.078066899633675,489.0,90,"Zach Randolph, Tony Allen, Mike Conley, Marc Gasol, Courtney Lee"
2016,O,-3.056178961342824,275.0,50,"Luis Scola, Kyle Lowry, DeMar DeRozan, Jonas Valanciunas, Norman Powell"
2016,O,2.9787991582264977,556.0,107,"Jerryd Bayless, Greg Monroe, Khris Middleton, Giannis Antetokounmpo, Jabari Parker"
2016,O,-2.973252600148482,391.0,70,"Tyson Chandler, Ronnie Price, P.J. Tucker, Alex Len, Devin Booker"
2016,D,-2.9411625826408625,461.0,103,"Nikola Vučević, Evan Fournier, Victor Oladipo, Elfrid Payton, Aaron Gordon"
2016,O,-2.938159347042394,379.0,74,"Matt Barnes, Mike Conley, Jeff Green, Marc Gasol, Courtney Lee"
2016,D,-2.9180575610907256,482.0,70,"LeBron James, JR Smith, Kevin Love, Timofey Mozgov, Kyrie Irving"
2016,O,-2.900881784057434,645.0,131,"Ian Mahinmi, Monta Ellis, George Hill, Paul George, Lavoy Allen"
2016,O,2.8731177715058935,257.0,44,"Amir Johnson, Evan Turner, Avery Bradley, Isaiah Thomas, Jared Sullinger"
2016,D,2.7915546720873894,232.0,69,"Lance Thomas, Derrick Williams, Kyle O'Quinn, Langston Galloway, Jerian Grant"
2016,O,2.7622767351849307,782.0,146,"Joe Johnson, Thaddeus Young, Brook Lopez, Wayne Ellington, Donald Sloan"
2016,O,2.6956090360554734,260.0,37,"O.J. Mayo, Miles Plumlee, Khris Middleton, Giannis Antetokounmpo, Jabari Parker"
2016,D,2.692215691907417,532.0,78,"Andrew Bogut, Brandon Rush, Stephen Curry, Klay Thompson, Draymond Green"
2016,D,2.6608742611578364,781.0,146,"Joe Johnson, Thaddeus Young, Brook Lopez, Wayne Ellington, Donald Sloan"
2016,D,2.643682714734161,919.0,160,"Ian Mahinmi, Monta Ellis, George Hill, Paul George, Myles Turner"
2016,O,-2.5919440460632153,219.0,38,"Lou Williams, Roy Hibbert, Jordan Clarkson, Anthony Brown, Larry Nance Jr."
2016,D,-2.514353768053963,1184.0,162,"Al-Farouq Aminu, Damian Lillard, CJ McCollum, Mason Plumlee, Noah Vonleh"
2016,D,-2.487196132611214,509.0,107,"Dirk Nowitzki, Zaza Pachulia, Raymond Felton, Deron Williams, Wesley Matthews"
2016,O,2.4563333298715446,584.0,100,"Joe Johnson, Jarrett Jack, Thaddeus Young, Brook Lopez, Bojan Bogdanovic"
2016,D,2.4228945852945034,881.0,165,"Marcus Morris Sr., Tobias Harris, Reggie Jackson, Andre Drummond, Kentavious Caldwell-Pope"
2016,D,-2.4044972353047296,614.0,102,"Marcin Gortat, Jared Dudley, Garrett Temple, John Wall, Otto Porter Jr."
2016,O,-2.3919579088880885,306.0,58,"Thaddeus Young, Brook Lopez, Wayne Ellington, Donald Sloan, Bojan Bogdanovic"
2016,O,2.3868786100224844,360.0,65,"Dwight Howard, Trevor Ariza, James Harden, Patrick Beverley, Clint Capela"
2016,O,2.3819274039800105,1590.0,245,"Kevin Durant, Russell Westbrook, Serge Ibaka, Andre Roberson, Steven Adams"
2016,O,-2.3143517074383815,261.0,76,"Gerald Henderson, Ed Davis, Maurice Harkless, Allen Crabbe, CJ McCollum"
2016,D,-2.294547609044567,501.0,67,"Marvin Williams, Nicolas Batum, Kemba Walker, Cody Zeller, PJ Hairston"
2016,O,2.291409688954147,362.0,63,"Tyson Chandler, P.J. Tucker, Eric Bledsoe, Brandon Knight, Markieff Morris"
2016,O,2.224010649747471,738.0,175,"Kevin Durant, Russell Westbrook, Serge Ibaka, Dion Waiters, Steven Adams"
2016,D,2.2056924512932827,573.0,97,"Danilo Gallinari, Kenneth Faried, Gary Harris, Nikola Jokić, Emmanuel Mudiay"
2016,O,-2.197839755968749,619.0,95,"Luis Scola, Kyle Lowry, DeMar DeRozan, James Johnson, Jonas Valanciunas"
2016,D,2.1527384246883043,628.0,94,"Chris Bosh, Dwyane Wade, Luol Deng, Goran Dragic, Hassan Whiteside"
2016,O,2.1045850041271277,279.0,53,"O.J. Mayo, Greg Monroe, Khris Middleton, Giannis Antetokounmpo, Jabari Parker"
2016,O,2.09341960181792,232.0,42,"Marcin Gortat, Jared Dudley, Garrett Temple, John Wall, Kelly Oubre Jr."
2016,O,2.043204233214279,1797.0,322,"Ersan Ilyasova, Marcus Morris Sr., Reggie Jackson, Andre Drummond, Kentavious Caldwell-Pope"
2016,O,-2.0378747985857486,255.0,40,"P.J. Tucker, Eric Bledsoe, Brandon Knight, Jon Leuer, Alex Len"
2016,D,2.0235948331731235,357.0,64,"Dwight Howard, Trevor Ariza, James Harden, Patrick Beverley, Clint Capela"
2016,O,-2.0213195843409664,316.0,102,"Dwyane Wade, Luol Deng, Goran Dragic, Hassan Whiteside, Justise Winslow"
2016,O,-1.9678122318269844,448.0,152,"DeMar DeRozan, Patrick Patterson, Bismack Biyombo, Cory Joseph, Terrence Ross"
2016,O,1.9560629638672913,379.0,99,"Gerald Henderson, Ed Davis, Meyers Leonard, Allen Crabbe, CJ McCollum"
2016,D,1.916782946154029,885.0,180,"LeBron James, JR Smith, Kevin Love, Kyrie Irving, Tristan Thompson"
2016,D,1.913444066240523,580.0,104,"Joe Johnson, Jarrett Jack, Thaddeus Young, Brook Lopez, Bojan Bogdanovic"
2016,O,1.828835176988344,407.0,74,"Marcin Gortat, John Wall, Markieff Morris, Bradley Beal, Otto Porter Jr."
2016,O,-1.7355180262023726,513.0,85,"Kevin Garnett, Tayshaun Prince, Ricky Rubio, Andrew Wiggins, Karl-Anthony Towns"
2016,D,-1.7094841024786,317.0,75,"Monta Ellis, George Hill, Jordan Hill, Paul George, Myles Turner"
2016,O,-1.5979748908379796,239.0,72,"Tim Duncan, Manu Ginobili, Tony Parker, LaMarcus Aldridge, Kawhi Leonard"
2016,O,1.5685933547138113,445.0,69,"Carmelo Anthony, Sasha Vujacic, Jose Calderon, Robin Lopez, Kristaps Porziņģis"
2016,D,1.474961642664536,1139.0,155,"Andrew Bogut, Stephen Curry, Klay Thompson, Harrison Barnes, Draymond Green"
2016,O,1.4325147565969643,1053.0,199,"Greg Monroe, Khris Middleton, Michael Carter-Williams, Giannis Antetokounmpo, Jabari Parker"
2016,D,1.4045153254426532,1420.0,223,"Amir Johnson, Avery Bradley, Isaiah Thomas, Jared Sullinger, Jae Crowder"
2016,D,1.3588987103188324,368.0,66,"Rudy Gay, Rajon Rondo, Omri Casspi, DeMarcus Cousins, Ben McLemore"
2016,O,-1.3578722450749632,273.0,84,"Al-Farouq Aminu, Damian Lillard, Allen Crabbe, CJ McCollum, Mason Plumlee"
2016,O,-1.3490916884349469,222.0,82,"Manu Ginobili, Boris Diaw, LaMarcus Aldridge, Patty Mills, Kawhi Leonard"
2016,O,-1.3340176421605099,452.0,81,"Joe Johnson, Jarrett Jack, Thaddeus Young, Brook Lopez, Rondae Hollis-Jefferson"
2016,D,1.2817664383625351,1777.0,296,"Kyle Korver, Paul Millsap, Al Horford, Jeff Teague, Kent Bazemore"
2016,O,-1.1895165799782061,612.0,101,"Marcin Gortat, Jared Dudley, Garrett Temple, John Wall, Otto Porter Jr."
2016,O,-1.1806705787918506,237.0,35,"Danilo Gallinari, JJ Hickson, Kenneth Faried, Gary Harris, Emmanuel Mudiay"
2016,D,-1.1768662172741602,801.0,125,"Marvin Williams, Courtney Lee, Nicolas Batum, Kemba Walker, Cody Zeller"
2016,O,1.1465758704476066,1190.0,160,"Al-Farouq Aminu, Damian Lillard, CJ McCollum, Mason Plumlee, Noah Vonleh"
2016,O,-1.1258444982986,404.0,100,"Dwight Howard, Trevor Ariza, Corey Brewer, James Harden, Patrick Beverley"
2016,D,1.1146795639516047,1329.0,221,"Tim Duncan, Tony Parker, LaMarcus Aldridge, Danny Green, Kawhi Leonard"
2016,O,1.092106790161795,343.0,98,"Thabo Sefolosha, Al Horford, Mike Scott, Dennis Schröder, Tim Hardaway Jr."
2016,O,1.0803765127370177,202.0,76,"Carmelo Anthony, Jose Calderon, Arron Afflalo, Robin Lopez, Lance Thomas"
2016,O,-1.042230084160292,538.0,84,"Chris Paul, JJ Redick, DeAndre Jordan, Luc Mbah a Moute, Blake Griffin"
2016,O,1.032796769291046,499.0,113,"Tayshaun Prince, Ricky Rubio, Gorgui Dieng, Andrew Wiggins, Karl-Anthony Towns"
2016,D,0.98928968517824,353.0,59,"Tony Parker, David West, LaMarcus Aldridge, Danny Green, Kawhi Leonard"
2016,D,0.9663365890078793,234.0,35,"Danilo Gallinari, JJ Hickson, Kenneth Faried, Gary Harris, Emmanuel Mudiay"
2016,D,0.9516085425020091,274.0,87,"Rudy Gay, Rajon Rondo, Darren Collison, Omri Casspi, DeMarcus Cousins"
2016,D,0.9139793290247099,298.0,40,"Rudy Gay, Rajon Rondo, DeMarcus Cousins, Quincy Acy, Ben McLemore"
2016,O,0.9109129804424476,247.0,41,"Eric Gordon, Omer Asik, Tyreke Evans, Alonzo Gee, Anthony Davis"
2016,D,0.8777223473267707,264.0,37,"O.J. Mayo, Miles Plumlee, Khris Middleton, Giannis Antetokounmpo, Jabari Parker"
2016,O,0.8182186002619823,443.0,62,"Luis Scola, Kyle Lowry, DeMar DeRozan, DeMarre Carroll, Jonas Valanciunas"
2016,D,0.7878976384655232,476.0,103,"Marcin Gortat, Jared Dudley, John Wall, Bradley Beal, Otto Porter Jr."
2016,D,0.779600870115936,785.0,126,"Dirk Nowitzki, Zaza Pachulia, Deron Williams, Wesley Matthews, Chandler Parsons"
2016,O,0.7734579192219175,310.0,67,"LeBron James, JR Smith, Kevin Love, Timofey Mozgov, Matthew Dellavedova"
2016,D,-0.771822169456719,588.0,103,"Dwight Howard, Trevor Ariza, James Harden, Patrick Beverley, Donatas Motiejunas"
2016,D,0.7669041247663313,477.0,84,"Derrick Favors, Gordon Hayward, Shelvin Mack, Rudy Gobert, Rodney Hood"
2016,D,0.7657551510473283,369.0,99,"Jamal Crawford, Wesley Johnson, Cole Aldrich, Austin Rivers, Pablo Prigioni"
2016,D,-0.7564819100926534,301.0,54,"Thaddeus Young, Brook Lopez, Wayne Ellington, Donald Sloan, Bojan Bogdanovic"
2016,D,-0.7540917016055186,269.0,44,"Luis Scola, Kyle Lowry, DeMar DeRozan, Jonas Valanciunas, Norman Powell"
2016,O,-0.7441167257248896,231.0,67,"Lance Thomas, Derrick Williams, Kyle O'Quinn, Langston Galloway, Jerian Grant"
2016,D,-0.7257750970134814,380.0,81,"Matt Barnes, Mike Conley, Jeff Green, Marc Gasol, Courtney Lee"
2016,O,0.6662328744380472,475.0,103,"Marcin Gortat, Jared Dudley, John Wall, Bradley Beal, Otto Porter Jr."
2016,O,-0.6321445840792927,1146.0,153,"Andrew Bogut, Stephen Curry, Klay Thompson, Harrison Barnes, Draymond Green"
2016,D,0.6012324591417063,222.0,79,"Manu Ginobili, Boris Diaw, LaMarcus Aldridge, Patty Mills, Kawhi Leonard"
2016,D,0.5076288059657801,724.0,175,"Kevin Durant, Russell Westbrook, Serge Ibaka, Dion Waiters, Steven Adams"
2016,O,0.4039722463968496,204.0,51,"Ersan Ilyasova, Marcus Morris Sr., Reggie Jackson, Andre Drummond, Stanley Johnson"
2016,D,0.393598734032295,1396.0,232,"Carmelo Anthony, Jose Calderon, Arron Afflalo, Robin Lopez, Kristaps Porziņģis"
2016,D,0.3857853124810758,693.0,117,"Paul Pierce, Chris Paul, JJ Redick, DeAndre Jordan, Luc Mbah a Moute"
2016,D,-0.35795486102732776,375.0,103,"Gerald Henderson, Ed Davis, Meyers Leonard, Allen Crabbe, CJ McCollum"
2016,D,-0.28879079673658364,290.0,50,"Kris Humphries, Marcin Gortat, John Wall, Bradley Beal, Otto Porter Jr."
2016,D,-0.2682895596721125,243.0,37,"Kevin Garnett, Kevin Martin, Ricky Rubio, Andrew Wiggins, Karl-Anthony Towns"
2016,O,0.25093640513630544,1404.0,232,"Carmelo Anthony, Jose Calderon, Arron Afflalo, Robin Lopez, Kristaps Porziņģis"
2016,O,-0.2408705547540668,1423.0,215,"Amir Johnson, Avery Bradley, Isaiah Thomas, Jared Sullinger, Jae Crowder"
2016,D,-0.1599485001820292,226.0,53,"Dwight Howard, Josh Smith, Trevor Ariza, James Harden, Patrick Beverley"
2016,O,0.1034308675905852,221.0,86,"Thabo Sefolosha, Paul Millsap, Al Horford, Jeff Teague, Kent Bazemore"
2016,D,0.05520363515877817,270.0,79,"Marvin Williams, Nicolas Batum, Jeremy Lin, Kemba Walker, Cody Zeller"
2016,O,-0.0508517292993948,572.0,92,"Danilo Gallinari, Kenneth Faried, Gary Harris, Nikola Jokić, Emmanuel Mudiay"
2016,O,0.04625693493642343,698.0,116,"Paul Pierce, Chris Paul, JJ Redick, DeAndre Jordan, Luc Mbah a Moute"
2017,D,-27.6329538472029,272.0,74,"Marcin Gortat, Jason Smith, John Wall, Bradley Beal, Otto Porter Jr."
2017,D,-20.021316386943944,212.0,54,"Al Horford, Isaiah Thomas, Jae Crowder, Kelly Olynyk, Marcus Smart"
2017,D,-19.267336899924782,322.0,43,"Ed Davis, Damian Lillard, Maurice Harkless, CJ McCollum, Mason Plumlee"
2017,O,17.665459348420956,275.0,64,"Kyle Lowry, DeMar DeRozan, DeMarre Carroll, Patrick Patterson, Jonas Valanciunas"
2017,O,17.232728450372978,305.0,70,"Vince Carter, Tony Allen, Mike Conley, Marc Gasol, JaMychal Green"
2017,O,17.106077762523316,363.0,58,"LeBron James, Kevin Love, Kyrie Irving, Tristan Thompson, DeAndre Liggins"
2017,D,16.714958519944332,221.0,40,"Ersan Ilyasova, Robert Covington, Nik Stauskas, Joel Embiid, T.J. McConnell"
2017,D,-15.909122166878962,249.0,88,"Manu Ginobili, Pau Gasol, LaMarcus Aldridge, Patty Mills, Kawhi Leonard"
2017,O,15.389511724961219,266.0,44,"Rajon Rondo, Robin Lopez, Nikola Mirotic, Jimmy Butler III, Paul Zipser"
2017,D,-15.050793324914217,213.0,46,"Jordan Clarkson, Julius Randle, D'Angelo Russell, Larry Nance Jr., Brandon Ingram"
2017,O,14.898682347067977,211.0,49,"Trevor Ariza, Eric Gordon, James Harden, Patrick Beverley, Clint Capela"
2017,O,14.431827095695379,308.0,110,"Ricky Rubio, Gorgui Dieng, Shabazz Muhammad, Andrew Wiggins, Karl-Anthony Towns"
2017,O,-14.419623490821511,230.0,59,"Jeff Green, C.J. Watson, D.J. Augustin, Bismack Biyombo, Mario Hezonja"
2017,O,14.096535836141133,336.0,105,"Tyson Chandler, P.J. Tucker, Eric Bledsoe, T.J. Warren, Devin Booker"
2017,O,13.830627949435765,246.0,61,"Dwight Howard, Thabo Sefolosha, Paul Millsap, Dennis Schröder, Tim Hardaway Jr."
2017,D,13.798667616969365,216.0,67,"Ish Smith, Marcus Morris Sr., Tobias Harris, Aron Baynes, Kentavious Caldwell-Pope"
2017,D,13.675115676840301,285.0,72,"Nene, Corey Brewer, Eric Gordon, Patrick Beverley, Sam Dekker"
2017,O,13.655477530624722,376.0,107,"Trevor Ariza, Eric Gordon, Ryan Anderson, James Harden, Montrezl Harrell"
2017,O,13.102703823030991,324.0,43,"Ed Davis, Damian Lillard, Maurice Harkless, CJ McCollum, Mason Plumlee"
2017,D,12.945576462320638,243.0,41,"Deron Williams, Wesley Matthews, Harrison Barnes, Salah Mejri, Dorian Finney-Smith"
2017,O,12.616552231611251,422.0,80,"Wilson Chandler, Danilo Gallinari, Gary Harris, Nikola Jokić, Emmanuel Mudiay"
2017,O,12.449453265251531,205.0,39,"Bismack Biyombo, Terrence Ross, Evan Fournier, Elfrid Payton, Aaron Gordon"
2017,O,12.204381269987751,200.0,55,"Goran Dragic, James Johnson, Hassan Whiteside, Tyler Johnson, Josh Richardson"
2017,D,12.144341372402156,257.0,35,"Dwyane Wade, Robin Lopez, Taj Gibson, Jimmy Butler III, Jerian Grant"
2017,O,-12.076776873888516,369.0,78,"Jeff Green, Serge Ibaka, Nikola Vučević, Evan Fournier, Elfrid Payton"
2017,O,12.01975828711562,200.0,32,"LeBron James, Channing Frye, Kyrie Irving, Tristan Thompson, Iman Shumpert"
2017,D,11.401380341167487,248.0,65,"Cole Aldrich, Nemanja Bjelica, Shabazz Muhammad, Zach LaVine, Kris Dunn"
2017,O,-11.321534194193466,410.0,74,"Kyle Korver, Dwight Howard, Paul Millsap, Kent Bazemore, Dennis Schröder"
2017,D,11.220261967263196,500.0,135,"Jamal Crawford, Raymond Felton, Marreese Speights, Wesley Johnson, Austin Rivers"
2017,O,-11.212666795953705,367.0,106,"Ish Smith, Marcus Morris Sr., Jon Leuer, Andre Drummond, Kentavious Caldwell-Pope"
2017,D,11.057052892346228,396.0,112,"Lou Williams, Jordan Clarkson, Tarik Black, Larry Nance Jr., Brandon Ingram"
2017,O,11.039829765851646,223.0,56,"Damian Lillard, Maurice Harkless, Allen Crabbe, CJ McCollum, Mason Plumlee"
2017,D,10.77589011056072,252.0,38,"Jrue Holiday, Anthony Davis, Terrence Jones, Solomon Hill, Buddy Hield"
2017,D,10.717923695886862,365.0,58,"LeBron James, Kevin Love, Kyrie Irving, Tristan Thompson, DeAndre Liggins"
2017,D,10.65826432244328,355.0,47,"Jrue Holiday, Dante Cunningham, Anthony Davis, Solomon Hill, Buddy Hield"
2017,O,10.600500544666183,1018.0,165,"Trevor Ariza, Ryan Anderson, James Harden, Patrick Beverley, Clint Capela"
2017,O,10.492306200433427,274.0,45,"Kevin Durant, JaVale McGee, Stephen Curry, Klay Thompson, Draymond Green"
2017,O,10.460013835965098,279.0,72,"Russell Westbrook, Andre Roberson, Steven Adams, Victor Oladipo, Jerami Grant"
2017,D,10.457976880259647,232.0,52,"Boris Diaw, Gordon Hayward, Rudy Gobert, Rodney Hood, Dante Exum"
2017,O,10.029722994596519,212.0,76,"CJ Miles, Monta Ellis, Jeff Teague, Paul George, Myles Turner"
2017,O,9.953054067422475,364.0,89,"Amir Johnson, Al Horford, Isaiah Thomas, Jae Crowder, Marcus Smart"
2017,D,-9.797717459966254,701.0,103,"Kyle Lowry, DeMar DeRozan, DeMarre Carroll, Jonas Valanciunas, Pascal Siakam"
2017,D,9.559183256100951,236.0,34,"Evan Turner, Damian Lillard, CJ McCollum, Mason Plumlee, Noah Vonleh"
2017,O,9.513955852357242,207.0,64,"Marcin Gortat, John Wall, Markieff Morris, Bradley Beal, Kelly Oubre Jr."
2017,D,9.442233467807212,207.0,70,"Jamal Crawford, Raymond Felton, Marreese Speights, Blake Griffin, Austin Rivers"
2017,D,-9.059844244723406,325.0,106,"Tyson Chandler, P.J. Tucker, Eric Bledsoe, T.J. Warren, Devin Booker"
2017,O,-8.909155108007077,212.0,46,"Jordan Clarkson, Julius Randle, D'Angelo Russell, Larry Nance Jr., Brandon Ingram"
2017,D,8.784063630686916,280.0,48,"George Hill, Derrick Favors, Gordon Hayward, Rudy Gobert, Joe Ingles"
2017,D,-8.780537449622546,413.0,81,"Wilson Chandler, Danilo Gallinari, Gary Harris, Nikola Jokić, Emmanuel Mudiay"
2017,O,-8.687235494127112,493.0,133,"Jamal Crawford, Raymond Felton, Marreese Speights, Wesley Johnson, Austin Rivers"
2017,D,8.613880762518798,272.0,44,"Kevin Durant, JaVale McGee, Stephen Curry, Klay Thompson, Draymond Green"
2017,D,-8.511823097122619,311.0,76,"Gorgui Dieng, Zach LaVine, Andrew Wiggins, Karl-Anthony Towns, Kris Dunn"
2017,D,8.46674690581947,363.0,77,"Jeff Green, Serge Ibaka, Nikola Vučević, Evan Fournier, Elfrid Payton"
2017,D,-8.347138634823777,210.0,47,"Trevor Ariza, Eric Gordon, James Harden, Patrick Beverley, Clint Capela"
2017,D,-8.292655212300161,256.0,65,"Jamal Crawford, Raymond Felton, Brandon Bass, Marreese Speights, Austin Rivers"
2017,O,8.242452565645852,851.0,141,"Nikola Vučević, Terrence Ross, Evan Fournier, Elfrid Payton, Aaron Gordon"
2017,D,8.203185724210433,200.0,67,"Jonas Jerebko, Kelly Olynyk, Marcus Smart, Terry Rozier, Jaylen Brown"
2017,O,-8.197738255852562,249.0,45,"Deron Williams, Wesley Matthews, Harrison Barnes, Salah Mejri, Dorian Finney-Smith"
2017,O,8.179231922836744,216.0,52,"Monta Ellis, Thaddeus Young, Jeff Teague, Glenn Robinson III, Myles Turner"
2017,D,-8.064960093286237,427.0,71,"Eric Bledsoe, Alex Len, T.J. Warren, Devin Booker, Marquese Chriss"
2017,D,8.064092842403323,269.0,51,"Miles Plumlee, Tony Snell, Giannis Antetokounmpo, Matthew Dellavedova, Jabari Parker"
2017,D,-7.983361788723165,209.0,56,"Russell Westbrook, Andre Roberson, Steven Adams, Alex Abrines, Domantas Sabonis"
2017,O,7.967050274879327,261.0,69,"Marcin Gortat, Jason Smith, John Wall, Bradley Beal, Otto Porter Jr."
2017,D,7.95147610667317,220.0,52,"Boris Diaw, George Hill, Gordon Hayward, Rudy Gobert, Rodney Hood"
2017,O,7.916360020294996,259.0,37,"Dwyane Wade, Robin Lopez, Taj Gibson, Jimmy Butler III, Jerian Grant"
2017,O,7.8766649791279955,365.0,87,"Kyle Lowry, Patrick Patterson, Cory Joseph, Terrence Ross, Lucas Nogueira"
2017,O,7.846152727250326,231.0,52,"Boris Diaw, Gordon Hayward, Rudy Gobert, Rodney Hood, Dante Exum"
2017,O,-7.82541249691544,216.0,30,"Carmelo Anthony, Joakim Noah, Courtney Lee, Brandon Jennings, Kristaps Porziņģis"
2017,D,-7.758592147720384,205.0,65,"Marcin Gortat, John Wall, Markieff Morris, Bradley Beal, Kelly Oubre Jr."
2017,O,-7.453306912469772,847.0,152,"Dwight Howard, Thabo Sefolosha, Paul Millsap, Kent Bazemore, Dennis Schröder"
2017,D,7.423304246672162,247.0,40,"Khris Middleton, Tony Snell, Giannis Antetokounmpo, Thon Maker, Malcolm Brogdon"
2017,O,7.4014727846565345,225.0,48,"Carmelo Anthony, Derrick Rose, Courtney Lee, Lance Thomas, Kristaps Porziņģis"
2017,O,-7.1410804511802715,235.0,32,"Evan Turner, Damian Lillard, CJ McCollum, Mason Plumlee, Noah Vonleh"
2017,D,7.088471263699245,372.0,113,"Ish Smith, Marcus Morris Sr., Jon Leuer, Andre Drummond, Kentavious Caldwell-Pope"
2017,D,-7.0808927751394135,205.0,34,"LeBron James, Channing Frye, Kyrie Irving, Tristan Thompson, Iman Shumpert"
2017,D,-7.0369270113798015,327.0,110,"Jamal Crawford, Chris Paul, JJ Redick, DeAndre Jordan, Blake Griffin"
2017,D,7.026989156866094,801.0,141,"Luol Deng, Nick Young, Timofey Mozgov, Julius Randle, D'Angelo Russell"
2017,D,-7.013562778441109,207.0,45,"CJ Miles, Jeff Teague, Paul George, Lavoy Allen, Myles Turner"
2017,D,-6.865638643264811,200.0,63,"CJ Miles, Monta Ellis, Jeff Teague, Paul George, Myles Turner"
2017,O,-6.85751332196364,282.0,37,"George Hill, Derrick Favors, Gordon Hayward, Rudy Gobert, Rodney Hood"
2017,O,6.8315071966119945,803.0,141,"Luol Deng, Nick Young, Timofey Mozgov, Julius Randle, D'Angelo Russell"
2017,O,-6.806873354060762,235.0,47,"Russell Westbrook, Anthony Morrow, Andre Roberson, Steven Adams, Domantas Sabonis"
2017,D,-6.761056917667786,733.0,158,"Marcus Morris Sr., Tobias Harris, Reggie Jackson, Andre Drummond, Kentavious Caldwell-Pope"
2017,D,6.7059557949816275,422.0,129,"Nene, Trevor Ariza, Eric Gordon, Ryan Anderson, James Harden"
2017,D,6.654135421382578,219.0,47,"Carmelo Anthony, Derrick Rose, Courtney Lee, Lance Thomas, Kristaps Porziņģis"
2017,O,6.606887073091362,413.0,79,"Jameer Nelson, Wilson Chandler, Danilo Gallinari, Gary Harris, Nikola Jokić"
2017,D,6.502730224360146,1102.0,145,"Zaza Pachulia, Kevin Durant, Stephen Curry, Klay Thompson, Draymond Green"
2017,O,-6.480557816363612,202.0,26,"Jrue Holiday, DeMarcus Cousins, Anthony Davis, Solomon Hill, Tim Frazier"
2017,D,6.442482361511378,277.0,48,"Rudy Gay, Arron Afflalo, Kosta Koufos, Ty Lawson, DeMarcus Cousins"
2017,D,-6.395073078959515,302.0,86,"Al Horford, Avery Bradley, Isaiah Thomas, Jae Crowder, Marcus Smart"
2017,O,-6.370231191129966,297.0,87,"Nene, Trevor Ariza, Eric Gordon, James Harden, Sam Dekker"
2017,O,-6.360938917754904,751.0,164,"Marcus Morris Sr., Tobias Harris, Reggie Jackson, Andre Drummond, Kentavious Caldwell-Pope"
2017,O,6.251578541165709,411.0,110,"Marcin Gortat, John Wall, Bradley Beal, Otto Porter Jr., Kelly Oubre Jr."
2017,O,6.181012272851673,204.0,36,"Arron Afflalo, Kosta Koufos, Darren Collison, Garrett Temple, DeMarcus Cousins"
2017,D,-6.158826751127349,349.0,78,"Carmelo Anthony, Derrick Rose, Courtney Lee, Kristaps Porziņģis, Willy Hernangomez"
2017,O,6.063670706038886,327.0,58,"Marvin Williams, Roy Hibbert, Nicolas Batum, Kemba Walker, Michael Kidd-Gilchrist"
2017,D,-6.057640126496342,780.0,121,"Carmelo Anthony, Joakim Noah, Derrick Rose, Courtney Lee, Kristaps Porziņģis"
2017,D,5.961285933434758,259.0,47,"Richard Jefferson, LeBron James, Kyrie Irving, Tristan Thompson, Iman Shumpert"
2017,O,-5.900227802977168,531.0,74,"Tony Allen, Mike Conley, Marc Gasol, Chandler Parsons, JaMychal Green"
2017,O,5.895305050897589,306.0,75,"Gorgui Dieng, Zach LaVine, Andrew Wiggins, Karl-Anthony Towns, Kris Dunn"
2017,D,-5.853364089425616,202.0,61,"DeMar DeRozan, Patrick Patterson, Cory Joseph, Terrence Ross, Lucas Nogueira"
2017,O,-5.798129596211356,214.0,39,"Tony Allen, Marc Gasol, JaMychal Green, Andrew Harrison, Troy Williams"
2017,D,-5.780672763927765,221.0,59,"Damian Lillard, Maurice Harkless, Allen Crabbe, CJ McCollum, Mason Plumlee"
2017,O,-5.709383916567483,1246.0,195,"Russell Westbrook, Andre Roberson, Steven Adams, Victor Oladipo, Domantas Sabonis"
2017,O,5.704636432054273,245.0,51,"Dirk Nowitzki, Deron Williams, Wesley Matthews, Harrison Barnes, Seth Curry"
2017,O,5.698559776409733,373.0,56,"Brook Lopez, Trevor Booker, Bojan Bogdanovic, Sean Kilpatrick, Isaiah Whitehead"
2017,D,5.631545912974527,324.0,80,"David West, Shaun Livingston, Andre Iguodala, Kevin Durant, Klay Thompson"
2017,O,5.6298045147053735,245.0,40,"Khris Middleton, Tony Snell, Giannis Antetokounmpo, Thon Maker, Malcolm Brogdon"
2017,D,5.584791585683016,219.0,64,"Goran Dragic, James Johnson, Wayne Ellington, Willie Reed, Tyler Johnson"
2017,O,5.511381203195735,277.0,45,"George Hill, Derrick Favors, Gordon Hayward, Rudy Gobert, Joe Ingles"
2017,D,5.44285683402116,415.0,116,"Marcin Gortat, John Wall, Bradley Beal, Otto Porter Jr., Kelly Oubre Jr."
2017,D,5.321024139698305,558.0,145,"Trevor Ariza, Eric Gordon, Ryan Anderson, James Harden, Clint Capela"
2017,D,-5.311154988656399,207.0,37,"Arron Afflalo, Kosta Koufos, Darren Collison, Garrett Temple, DeMarcus Cousins"
2017,O,-5.2658131099750225,213.0,71,"Jamal Crawford, Raymond Felton, Marreese Speights, Blake Griffin, Austin Rivers"
2017,D,-5.256570055122854,910.0,161,"LeBron James, JR Smith, Kevin Love, Kyrie Irving, Tristan Thompson"
2017,D,5.149023847426365,261.0,44,"Rajon Rondo, Robin Lopez, Nikola Mirotic, Jimmy Butler III, Paul Zipser"
2017,D,5.145133310139265,216.0,71,"Marvin Williams, Marco Belinelli, Nicolas Batum, Kemba Walker, Cody Zeller"
2017,D,5.117324054760663,1234.0,196,"Russell Westbrook, Andre Roberson, Steven Adams, Victor Oladipo, Domantas Sabonis"
2017,O,5.102835382866523,868.0,184,"CJ Miles, Thaddeus Young, Jeff Teague, Paul George, Myles Turner"
2017,O,-5.098116165472019,419.0,132,"Nene, Trevor Ariza, Eric Gordon, Ryan Anderson, James Harden"
2017,D,-5.04480643037884,232.0,44,"C.J. Watson, Serge Ibaka, Nikola Vučević, Elfrid Payton, Aaron Gordon"
2017,O,-5.036361778435375,696.0,104,"Kyle Lowry, DeMar DeRozan, DeMarre Carroll, Jonas Valanciunas, Pascal Siakam"
2017,D,-4.971701683007534,786.0,132,"Marcus Morris Sr., Reggie Jackson, Jon Leuer, Andre Drummond, Kentavious Caldwell-Pope"
2017,O,4.965431781385405,223.0,76,"Jrue Holiday, Dante Cunningham, E'Twaun Moore, Anthony Davis, Solomon Hill"
2017,D,4.891116331356873,219.0,40,"Kyle Lowry, DeMar DeRozan, DeMarre Carroll, Jonas Valanciunas, Lucas Nogueira"
2017,D,4.872733001398573,215.0,50,"Monta Ellis, Thaddeus Young, Jeff Teague, Glenn Robinson III, Myles Turner"
2017,O,-4.855300986875257,402.0,77,"Trevor Ariza, Ryan Anderson, James Harden, Patrick Beverley, Montrezl Harrell"
2017,O,-4.821866299799252,786.0,126,"Marcus Morris Sr., Reggie Jackson, Jon Leuer, Andre Drummond, Kentavious Caldwell-Pope"
2017,D,4.80456530330762,253.0,83,"Chris Paul, JJ Redick, DeAndre Jordan, Blake Griffin, Austin Rivers"
2017,D,-4.69699266819835,402.0,81,"Jameer Nelson, Wilson Chandler, Danilo Gallinari, Gary Harris, Nikola Jokić"
2017,O,-4.678210128075851,214.0,63,"Goran Dragic, James Johnson, Wayne Ellington, Willie Reed, Tyler Johnson"
2017,D,-4.554529193026172,955.0,183,"Ish Smith, Marcus Morris Sr., Tobias Harris, Andre Drummond, Kentavious Caldwell-Pope"
2017,O,4.499404967973131,208.0,54,"Russell Westbrook, Andre Roberson, Steven Adams, Alex Abrines, Domantas Sabonis"
2017,D,4.465588555343213,493.0,77,"Al-Farouq Aminu, Damian Lillard, Maurice Harkless, CJ McCollum, Mason Plumlee"
2017,O,4.456272243722605,774.0,137,"Thaddeus Young, Jeff Teague, Paul George, Glenn Robinson III, Myles Turner"
2017,D,-4.433591970212561,234.0,49,"Russell Westbrook, Anthony Morrow, Andre Roberson, Steven Adams, Domantas Sabonis"
2017,O,-4.423518225046335,265.0,65,"Jamal Crawford, Raymond Felton, Brandon Bass, Marreese Speights, Austin Rivers"
2017,O,-4.393412602105463,232.0,42,"C.J. Watson, Serge Ibaka, Nikola Vučević, Elfrid Payton, Aaron Gordon"
2017,D,4.3215437991484436,413.0,70,"Russell Westbrook, Taj Gibson, Andre Roberson, Steven Adams, Victor Oladipo"
2017,O,-4.280360733080868,209.0,68,"Ish Smith, Marcus Morris Sr., Tobias Harris, Aron Baynes, Kentavious Caldwell-Pope"
2017,O,-4.274049567861757,538.0,142,"Trevor Ariza, Eric Gordon, Ryan Anderson, James Harden, Clint Capela"
2017,D,4.273958406608713,277.0,67,"Kyle Lowry, DeMar DeRozan, DeMarre Carroll, Patrick Patterson, Jonas Valanciunas"
2017,D,4.158499965919324,234.0,41,"Omer Asik, E'Twaun Moore, Anthony Davis, Solomon Hill, Tim Frazier"
2017,O,4.142535202391752,397.0,111,"Lou Williams, Jordan Clarkson, Tarik Black, Larry Nance Jr., Brandon Ingram"
2017,O,-4.11726986001114,216.0,57,"Al Horford, Isaiah Thomas, Jae Crowder, Kelly Olynyk, Marcus Smart"
2017,O,4.112369679101705,306.0,86,"Al Horford, Avery Bradley, Isaiah Thomas, Jae Crowder, Marcus Smart"
2017,D,4.111818298959867,327.0,59,"Marvin Williams, Roy Hibbert, Nicolas Batum, Kemba Walker, Michael Kidd-Gilchrist"
2017,O,4.1065433606268655,346.0,75,"John Henson, Tony Snell, Giannis Antetokounmpo, Jabari Parker, Malcolm Brogdon"
2017,O,4.090420559343876,2715.0,464,"Marcin Gortat, John Wall, Markieff Morris, Bradley Beal, Otto Porter Jr."
2017,D,-4.086332686915001,267.0,39,"Alex Len, T.J. Warren, Devin Booker, Marquese Chriss, Tyler Ulis"
2017,O,-3.9567943982921254,326.0,82,"David West, Shaun Livingston, Andre Iguodala, Kevin Durant, Klay Thompson"
2017,D,3.9476416644396854,249.0,64,"Dwight Howard, Thabo Sefolosha, Paul Millsap, Dennis Schröder, Tim Hardaway Jr."
2017,D,3.9159243296606143,257.0,50,"JJ Redick, DeAndre Jordan, Luc Mbah a Moute, Blake Griffin, Austin Rivers"
2017,D,-3.8531618022117575,364.0,61,"D.J. Augustin, Serge Ibaka, Bismack Biyombo, Evan Fournier, Aaron Gordon"
2017,O,3.764398410568482,844.0,111,"Amir Johnson, Al Horford, Avery Bradley, Isaiah Thomas, Jae Crowder"
2017,D,-3.7283484209457174,212.0,71,"Ish Smith, Tobias Harris, Jon Leuer, Andre Drummond, Kentavious Caldwell-Pope"
2017,D,-3.6816336521535677,571.0,119,"Serge Ibaka, Nikola Vučević, Evan Fournier, Elfrid Payton, Aaron Gordon"
2017,O,3.5738731455940496,210.0,39,"Kyle Lowry, DeMar DeRozan, DeMarre Carroll, Jonas Valanciunas, Lucas Nogueira"
2017,D,3.5344167942800264,208.0,48,"Ersan Ilyasova, Sergio Rodriguez, Gerald Henderson, Robert Covington, Joel Embiid"
2017,D,-3.5118131755320863,1218.0,264,"Monta Ellis, Thaddeus Young, Jeff Teague, Paul George, Myles Turner"
2017,D,-3.498175654139812,597.0,99,"Tyson Chandler, Eric Bledsoe, T.J. Warren, Devin Booker, Marquese Chriss"
2017,O,3.4384859162004835,746.0,149,"Pau Gasol, Tony Parker, LaMarcus Aldridge, Danny Green, Kawhi Leonard"
2017,D,3.434615696856336,483.0,67,"Goran Dragic, Luke Babbitt, Hassan Whiteside, Dion Waiters, Rodney McGruder"
2017,O,-3.4198178044875016,280.0,61,"Tony Allen, Mike Conley, Marc Gasol, JaMychal Green, James Ennis III"
2017,O,3.289608412760872,1155.0,190,"Brandon Rush, Ricky Rubio, Gorgui Dieng, Andrew Wiggins, Karl-Anthony Towns"
2017,D,-3.122441688936779,750.0,150,"Pau Gasol, Tony Parker, LaMarcus Aldridge, Danny Green, Kawhi Leonard"
2017,D,3.0849349326076423,361.0,47,"Zaza Pachulia, Stephen Curry, Klay Thompson, Draymond Green, Patrick McCaw"
2017,O,3.0740506331129516,483.0,67,"Goran Dragic, Luke Babbitt, Hassan Whiteside, Dion Waiters, Rodney McGruder"
2017,O,3.068005664005454,257.0,85,"Chris Paul, JJ Redick, DeAndre Jordan, Blake Griffin, Austin Rivers"
2017,O,-2.973724196019141,453.0,87,"LeBron James, Kevin Love, Kyrie Irving, Tristan Thompson, Iman Shumpert"
2017,O,-2.961599957606326,376.0,60,"D.J. Augustin, Serge Ibaka, Bismack Biyombo, Evan Fournier, Aaron Gordon"
2017,D,2.9315654238291105,488.0,135,"Andre Iguodala, Kevin Durant, Stephen Curry, Klay Thompson, Draymond Green"
2017,D,2.9126270904145604,462.0,89,"Tony Parker, LaMarcus Aldridge, Danny Green, Kawhi Leonard, Dewayne Dedmon"
2017,D,-2.8848866522440066,843.0,142,"Nikola Vučević, Terrence Ross, Evan Fournier, Elfrid Payton, Aaron Gordon"
2017,O,2.8617672378092873,902.0,158,"LeBron James, JR Smith, Kevin Love, Kyrie Irving, Tristan Thompson"
2017,O,-2.793755666383236,333.0,70,"Nene, Trevor Ariza, Ryan Anderson, James Harden, Patrick Beverley"
2017,D,2.780154258685366,208.0,39,"Tony Allen, Marc Gasol, JaMychal Green, Andrew Harrison, Troy Williams"
2017,D,2.7139351681801305,777.0,138,"John Henson, Tony Snell, Giannis Antetokounmpo, Matthew Dellavedova, Jabari Parker"
2017,D,2.7054193045419703,362.0,55,"Brook Lopez, Trevor Booker, Bojan Bogdanovic, Sean Kilpatrick, Isaiah Whitehead"
2017,O,2.6977230320363024,451.0,59,"Damian Lillard, Maurice Harkless, CJ McCollum, Noah Vonleh, Jusuf Nurkić"
2017,D,2.645360449019451,776.0,134,"Thaddeus Young, Jeff Teague, Paul George, Glenn Robinson III, Myles Turner"
2017,D,-2.6065670158034964,536.0,76,"Tony Allen, Mike Conley, Marc Gasol, Chandler Parsons, JaMychal Green"
2017,O,2.6015322456210255,579.0,119,"Serge Ibaka, Nikola Vučević, Evan Fournier, Elfrid Payton, Aaron Gordon"
2017,D,-2.5821657038155417,279.0,79,"Russell Westbrook, Andre Roberson, Steven Adams, Victor Oladipo, Jerami Grant"
2017,O,-2.5506677103324518,356.0,46,"Jrue Holiday, Dante Cunningham, Anthony Davis, Solomon Hill, Buddy Hield"
2017,D,-2.5105990544025585,242.0,50,"Dirk Nowitzki, Deron Williams, Wesley Matthews, Harrison Barnes, Seth Curry"
2017,D,2.475319492209361,208.0,62,"James Johnson, Wayne Ellington, Willie Reed, Tyler Johnson, Josh Richardson"
2017,D,2.44696217606693,332.0,72,"Nene, Trevor Ariza, Ryan Anderson, James Harden, Patrick Beverley"
2017,O,2.3970471337086012,319.0,84,"Nicolas Batum, Kemba Walker, Michael Kidd-Gilchrist, Cody Zeller, Frank Kaminsky"
2017,O,-2.356809912681893,463.0,88,"Tony Parker, LaMarcus Aldridge, Danny Green, Kawhi Leonard, Dewayne Dedmon"
2017,O,2.3152659796287196,497.0,80,"Al-Farouq Aminu, Damian Lillard, Maurice Harkless, CJ McCollum, Mason Plumlee"
2017,O,2.2964054494061927,425.0,71,"Eric Bledsoe, Alex Len, T.J. Warren, Devin Booker, Marquese Chriss"
2017,O,-2.2277442325285914,473.0,101,"Dwight Howard, Paul Millsap, Kent Bazemore, Dennis Schröder, Tim Hardaway Jr."
2017,O,2.2112034721117664,533.0,76,"Randy Foye, Brook Lopez, Jeremy Lin, Rondae Hollis-Jefferson, Caris LeVert"
2017,O,2.1845066603192187,438.0,84,"Marvin Williams, Nicolas Batum, Kemba Walker, Michael Kidd-Gilchrist, Frank Kaminsky"
2017,O,2.1762538580745816,509.0,80,"Dirk Nowitzki, Wesley Matthews, Harrison Barnes, Seth Curry, Yogi Ferrell"
2017,O,-2.143902685896808,1222.0,264,"Monta Ellis, Thaddeus Young, Jeff Teague, Paul George, Myles Turner"
2017,O,-2.127164589508418,216.0,69,"Marvin Williams, Marco Belinelli, Nicolas Batum, Kemba Walker, Cody Zeller"
2017,O,2.04991510650335,331.0,117,"Jamal Crawford, Chris Paul, JJ Redick, DeAndre Jordan, Blake Griffin"
2017,O,2.038205220733698,1704.0,319,"Chris Paul, JJ Redick, DeAndre Jordan, Luc Mbah a Moute, Blake Griffin"
2017,D,-2.0179292673317373,770.0,112,"Dwyane Wade, Rajon Rondo, Robin Lopez, Taj Gibson, Jimmy Butler III"
2017,D,-1.9595065296477103,235.0,41,"Tyson Chandler, Jared Dudley, Eric Bledsoe, T.J. Warren, Devin Booker"
2017,O,1.923691356471154,258.0,46,"Richard Jefferson, LeBron James, Kyrie Irving, Tristan Thompson, Iman Shumpert"
2017,O,-1.867132988115903,260.0,95,"Manu Ginobili, Pau Gasol, LaMarcus Aldridge, Patty Mills, Kawhi Leonard"
2017,D,1.8520678911016155,201.0,26,"Jrue Holiday, DeMarcus Cousins, Anthony Davis, Solomon Hill, Tim Frazier"
2017,D,1.841613659570892,527.0,76,"Randy Foye, Brook Lopez, Jeremy Lin, Rondae Hollis-Jefferson, Caris LeVert"
2017,O,1.7972279811699954,964.0,182,"Ish Smith, Marcus Morris Sr., Tobias Harris, Andre Drummond, Kentavious Caldwell-Pope"
2017,O,1.7888017974816899,1102.0,148,"Zaza Pachulia, Kevin Durant, Stephen Curry, Klay Thompson, Draymond Green"
2017,D,-1.76044779671338,566.0,107,"Tyson Chandler, P.J. Tucker, Eric Bledsoe, Devin Booker, Marquese Chriss"
2017,O,1.7465625941749565,415.0,69,"Russell Westbrook, Taj Gibson, Andre Roberson, Steven Adams, Victor Oladipo"
2017,D,-1.7096525420705848,363.0,87,"Kyle Lowry, Patrick Patterson, Cory Joseph, Terrence Ross, Lucas Nogueira"
2017,O,-1.695383801354783,442.0,67,"Serge Ibaka, DeMar DeRozan, DeMarre Carroll, Jonas Valanciunas, Cory Joseph"
2017,D,1.6926563259864091,278.0,75,"Joe Johnson, George Hill, Gordon Hayward, Rudy Gobert, Joe Ingles"
2017,O,-1.6889312832112249,774.0,120,"Carmelo Anthony, Joakim Noah, Derrick Rose, Courtney Lee, Kristaps Porziņģis"
2017,O,1.688660544949519,272.0,56,"Miles Plumlee, Tony Snell, Giannis Antetokounmpo, Matthew Dellavedova, Jabari Parker"
2017,D,1.6224658534291216,282.0,61,"Tony Allen, Mike Conley, Marc Gasol, JaMychal Green, James Ennis III"
2017,D,-1.5742573525629038,834.0,110,"Amir Johnson, Al Horford, Avery Bradley, Isaiah Thomas, Jae Crowder"
2017,D,1.5700107083672272,477.0,102,"Dwight Howard, Paul Millsap, Kent Bazemore, Dennis Schröder, Tim Hardaway Jr."
2017,D,-1.5115534228629404,1696.0,315,"Ricky Rubio, Gorgui Dieng, Zach LaVine, Andrew Wiggins, Karl-Anthony Towns"
2017,D,1.5052102459486922,502.0,77,"Dirk Nowitzki, Wesley Matthews, Harrison Barnes, Seth Curry, Yogi Ferrell"
2017,O,1.484479062276854,1722.0,317,"Ricky Rubio, Gorgui Dieng, Zach LaVine, Andrew Wiggins, Karl-Anthony Towns"
2017,D,-1.4737825464153094,348.0,75,"John Henson, Tony Snell, Giannis Antetokounmpo, Jabari Parker, Malcolm Brogdon"
2017,O,1.4399183689967368,270.0,38,"Alex Len, T.J. Warren, Devin Booker, Marquese Chriss, Tyler Ulis"
2017,O,-1.4324325713629478,276.0,77,"Joe Johnson, George Hill, Gordon Hayward, Rudy Gobert, Joe Ingles"
2017,O,1.428663726222544,237.0,43,"Omer Asik, E'Twaun Moore, Anthony Davis, Solomon Hill, Tim Frazier"
2017,D,-1.4150869891976279,431.0,85,"Marvin Williams, Nicolas Batum, Kemba Walker, Michael Kidd-Gilchrist, Frank Kaminsky"
2017,D,1.383118193202775,1548.0,249,"Marvin Williams, Nicolas Batum, Kemba Walker, Michael Kidd-Gilchrist, Cody Zeller"
2017,O,-1.365650043563268,237.0,41,"Tyson Chandler, Jared Dudley, Eric Bledsoe, T.J. Warren, Devin Booker"
2017,O,-1.1639335789907608,1535.0,248,"Marvin Williams, Nicolas Batum, Kemba Walker, Michael Kidd-Gilchrist, Cody Zeller"
2017,O,1.1486557620648083,260.0,49,"JJ Redick, DeAndre Jordan, Luc Mbah a Moute, Blake Griffin, Austin Rivers"
2017,D,1.112891804608676,1700.0,319,"Chris Paul, JJ Redick, DeAndre Jordan, Luc Mbah a Moute, Blake Griffin"
2017,D,-1.1064388624250154,409.0,75,"Kyle Korver, Dwight Howard, Paul Millsap, Kent Bazemore, Dennis Schröder"
2017,O,1.1010837540022147,225.0,41,"Ersan Ilyasova, Robert Covington, Nik Stauskas, Joel Embiid, T.J. McConnell"
2017,D,-1.0762369690043898,846.0,152,"Dwight Howard, Thabo Sefolosha, Paul Millsap, Kent Bazemore, Dennis Schröder"
2017,O,1.0557273040828195,217.0,68,"Ish Smith, Tobias Harris, Jon Leuer, Andre Drummond, Kentavious Caldwell-Pope"
2017,D,-0.9880343733203636,448.0,60,"Damian Lillard, Maurice Harkless, CJ McCollum, Noah Vonleh, Jusuf Nurkić"
2017,O,0.9844217534426833,286.0,71,"Nene, Corey Brewer, Eric Gordon, Patrick Beverley, Sam Dekker"
2017,O,0.9664354212073412,254.0,64,"Cole Aldrich, Nemanja Bjelica, Shabazz Muhammad, Zach LaVine, Kris Dunn"
2017,O,-0.9661375047488139,787.0,135,"John Henson, Tony Snell, Giannis Antetokounmpo, Matthew Dellavedova, Jabari Parker"
2017,O,-0.9364292136908473,343.0,77,"Carmelo Anthony, Derrick Rose, Courtney Lee, Kristaps Porziņģis, Willy Hernangomez"
2017,O,0.8893030495508555,204.0,44,"CJ Miles, Jeff Teague, Paul George, Lavoy Allen, Myles Turner"
2017,D,0.7814904523724796,2685.0,455,"Marcin Gortat, John Wall, Markieff Morris, Bradley Beal, Otto Porter Jr."
2017,D,-0.7107233606860643,273.0,42,"Nick Young, Julius Randle, Tarik Black, D'Angelo Russell, Brandon Ingram"
2017,O,0.7062592053900816,277.0,40,"Nick Young, Julius Randle, Tarik Black, D'Angelo Russell, Brandon Ingram"
2017,D,-0.7032788253190285,1012.0,161,"Trevor Ariza, Ryan Anderson, James Harden, Patrick Beverley, Clint Capela"
2017,D,-0.6858252201356361,301.0,73,"Vince Carter, Tony Allen, Mike Conley, Marc Gasol, JaMychal Green"
2017,O,-0.6342911587581465,209.0,46,"Ersan Ilyasova, Sergio Rodriguez, Gerald Henderson, Robert Covington, Joel Embiid"
2017,D,0.608615031014317,403.0,76,"Trevor Ariza, Ryan Anderson, James Harden, Patrick Beverley, Montrezl Harrell"
2017,O,-0.5910940034373107,278.0,49,"Rudy Gay, Arron Afflalo, Kosta Koufos, Ty Lawson, DeMarcus Cousins"
2017,D,0.5490926116652298,302.0,90,"Nene, Trevor Ariza, Eric Gordon, James Harden, Sam Dekker"
2017,O,0.5294330700050167,491.0,133,"Andre Iguodala, Kevin Durant, Stephen Curry, Klay Thompson, Draymond Green"
2017,O,0.5207665113465342,367.0,49,"Zaza Pachulia, Stephen Curry, Klay Thompson, Draymond Green, Patrick McCaw"
2017,O,0.5002812395691623,603.0,101,"Tyson Chandler, Eric Bledsoe, T.J. Warren, Devin Booker, Marquese Chriss"
2017,D,-0.4898441221679832,310.0,114,"Ricky Rubio, Gorgui Dieng, Shabazz Muhammad, Andrew Wiggins, Karl-Anthony Towns"
2017,D,0.4244787970520268,444.0,67,"Serge Ibaka, DeMar DeRozan, DeMarre Carroll, Jonas Valanciunas, Cory Joseph"
2017,D,-0.4171143875292443,213.0,32,"Carmelo Anthony, Joakim Noah, Courtney Lee, Brandon Jennings, Kristaps Porziņģis"
2017,O,-0.40125738840265385,224.0,49,"Boris Diaw, George Hill, Gordon Hayward, Rudy Gobert, Rodney Hood"
2017,D,0.3917407409773073,231.0,78,"Jrue Holiday, Dante Cunningham, E'Twaun Moore, Anthony Davis, Solomon Hill"
2017,D,-0.37190997071348786,231.0,59,"Jeff Green, C.J. Watson, D.J. Augustin, Bismack Biyombo, Mario Hezonja"
2017,O,0.324866107168772,565.0,104,"Tyson Chandler, P.J. Tucker, Eric Bledsoe, Devin Booker, Marquese Chriss"
2017,D,-0.2444910128502417,320.0,83,"Nicolas Batum, Kemba Walker, Michael Kidd-Gilchrist, Cody Zeller, Frank Kaminsky"
2017,D,0.23958135847484105,1155.0,190,"Brandon Rush, Ricky Rubio, Gorgui Dieng, Andrew Wiggins, Karl-Anthony Towns"
2017,O,0.22736770726281316,250.0,40,"Jrue Holiday, Anthony Davis, Terrence Jones, Solomon Hill, Buddy Hield"
2017,D,0.20838635192828606,454.0,87,"LeBron James, Kevin Love, Kyrie Irving, Tristan Thompson, Iman Shumpert"
2017,D,0.17997096504592672,282.0,39,"George Hill, Derrick Favors, Gordon Hayward, Rudy Gobert, Rodney Hood"
2017,D,0.1719323038275684,370.0,106,"Trevor Ariza, Eric Gordon, Ryan Anderson, James Harden, Montrezl Harrell"
2017,D,-0.11539640817633084,366.0,89,"Amir Johnson, Al Horford, Isaiah Thomas, Jae Crowder, Marcus Smart"
2017,D,-0.05651829855115863,864.0,181,"CJ Miles, Thaddeus Young, Jeff Teague, Paul George, Myles Turner"
2017,O,-0.025462428021830828,761.0,111,"Dwyane Wade, Rajon Rondo, Robin Lopez, Taj Gibson, Jimmy Butler III"
2018,O,-24.06798432608281,206.0,30,"LeBron James, JR Smith, Kevin Love, Isaiah Thomas, Jae Crowder"
2018,D,-21.227932569634596,267.0,77,"Dwight Howard, Nicolas Batum, Kemba Walker, Michael Kidd-Gilchrist, Frank Kaminsky"
2018,D,19.853764170069795,206.0,63,"Kentavious Caldwell-Pope, Julius Randle, Brandon Ingram, Lonzo Ball, Kyle Kuzma"
2018,O,18.94188730034438,200.0,56,"Kyle Lowry, Serge Ibaka, DeMar DeRozan, Jonas Valanciunas, Fred VanVleet"
2018,O,-18.647892646257098,205.0,37,"D.J. Augustin, Nikola Vučević, Aaron Gordon, Mario Hezonja, Wes Iwundu"
2018,O,18.647611243132637,214.0,65,"CJ Miles, DeMar DeRozan, Jakob Poeltl, Pascal Siakam, Fred VanVleet"
2018,D,17.91310529355012,217.0,72,"Amir Johnson, Marco Belinelli, Robert Covington, Dario Saric, Ben Simmons"
2018,O,-16.267050696635415,253.0,79,"Raymond Felton, Paul George, Patrick Patterson, Alex Abrines, Jerami Grant"
2018,D,-15.928384402841901,252.0,85,"Jeff Teague, Taj Gibson, Jimmy Butler III, Gorgui Dieng, Andrew Wiggins"
2018,D,15.623509675186348,216.0,40,"Tyson Chandler, T.J. Warren, Devin Booker, Marquese Chriss, Mike James"
2018,O,15.593558690662423,327.0,67,"Lou Williams, DeAndre Jordan, Tobias Harris, Austin Rivers, Sindarius Thornwell"
2018,D,15.266615988351539,245.0,38,"Goran Dragic, Hassan Whiteside, Dion Waiters, Justise Winslow, Josh Richardson"
2018,O,-14.878198603066565,251.0,37,"Goran Dragic, Hassan Whiteside, Dion Waiters, Justise Winslow, Josh Richardson"
2018,O,-14.711623375104871,201.0,64,"Raymond Felton, Paul George, Patrick Patterson, Jerami Grant, Terrance Ferguson"
2018,D,14.520803220737353,447.0,134,"Dirk Nowitzki, Devin Harris, J.J. Barea, Dwight Powell, Yogi Ferrell"
2018,O,13.963374746715859,361.0,51,"Brook Lopez, Kentavious Caldwell-Pope, Julius Randle, Brandon Ingram, Josh Hart"
2018,D,-13.022085434544186,289.0,66,"Andre Iguodala, Kevin Durant, Stephen Curry, Klay Thompson, Draymond Green"
2018,D,12.842004822536417,214.0,30,"Robin Lopez, Justin Holiday, Zach LaVine, Jerian Grant, Lauri Markkanen"
2018,D,-12.751071054533238,274.0,51,"Zach Randolph, George Hill, Garrett Temple, Bogdan Bogdanović, Willie Cauley-Stein"
2018,O,12.575629668699099,308.0,60,"Tyson Chandler, T.J. Warren, Devin Booker, Marquese Chriss, Tyler Ulis"
2018,O,12.03945031357827,258.0,59,"Dwight Howard, Marvin Williams, Kemba Walker, Jeremy Lamb, Dwayne Bacon"
2018,D,11.78908512673092,225.0,65,"Ed Davis, CJ McCollum, Shabazz Napier, Pat Connaughton, Zach Collins"
2018,D,11.777319753403217,205.0,37,"D.J. Augustin, Nikola Vučević, Aaron Gordon, Mario Hezonja, Wes Iwundu"
2018,D,-11.66907400589098,267.0,63,"Dirk Nowitzki, Wesley Matthews, Harrison Barnes, Yogi Ferrell, Dennis Smith Jr."
2018,O,11.662227719536437,259.0,89,"Wesley Matthews, Harrison Barnes, Dwight Powell, Yogi Ferrell, Dennis Smith Jr."
2018,O,11.476006781401187,236.0,65,"Michael Beasley, Kyle O'Quinn, Doug McDermott, Ron Baker, Frank Ntilikina"
2018,D,-11.45782499312187,411.0,98,"Nikola Vučević, Evan Fournier, Jonathon Simmons, Elfrid Payton, Aaron Gordon"
2018,D,-11.303164627513313,475.0,91,"Carmelo Anthony, Russell Westbrook, Paul George, Steven Adams, Terrance Ferguson"
2018,D,11.063593003740065,209.0,47,"Rajon Rondo, Jrue Holiday, Dante Cunningham, E'Twaun Moore, Anthony Davis"
2018,D,10.846328969854287,203.0,26,"Kevin Durant, JaVale McGee, Stephen Curry, Klay Thompson, Draymond Green"
2018,D,10.677668562889204,497.0,110,"Taj Gibson, Jimmy Butler III, Andrew Wiggins, Tyus Jones, Karl-Anthony Towns"
2018,O,10.660143731448068,656.0,160,"CJ Miles, Delon Wright, Jakob Poeltl, Pascal Siakam, Fred VanVleet"
2018,O,10.658660492596299,611.0,132,"Wilson Chandler, Will Barton, Gary Harris, Nikola Jokić, Jamal Murray"
2018,D,-10.578062010795469,258.0,64,"Carmelo Anthony, Russell Westbrook, Paul George, Steven Adams, Jerami Grant"
2018,D,10.429801066912209,359.0,67,"LaMarcus Aldridge, Danny Green, Patty Mills, Kyle Anderson, Dejounte Murray"
2018,D,10.29467962446205,534.0,101,"Blake Griffin, Ish Smith, Andre Drummond, Reggie Bullock Jr., Stanley Johnson"
2018,O,-10.280117439541439,201.0,48,"Rajon Rondo, Jrue Holiday, Dante Cunningham, E'Twaun Moore, Anthony Davis"
2018,D,-9.848066727076478,200.0,25,"LeBron James, JR Smith, George Hill, Tristan Thompson, Cedi Osman"
2018,D,9.650190706412584,205.0,57,"Ricky Rubio, Jonas Jerebko, Rudy Gobert, Joe Ingles, Donovan Mitchell"
2018,D,-9.55170441563601,256.0,76,"Raymond Felton, Paul George, Patrick Patterson, Alex Abrines, Jerami Grant"
2018,D,-9.449863250811571,229.0,45,"Thabo Sefolosha, Ricky Rubio, Derrick Favors, Joe Ingles, Donovan Mitchell"
2018,D,9.372945150004345,389.0,125,"Ricky Rubio, Jae Crowder, Rudy Gobert, Joe Ingles, Donovan Mitchell"
2018,D,-9.208010560681705,211.0,65,"Jamal Crawford, Jeff Teague, Taj Gibson, Andrew Wiggins, Karl-Anthony Towns"
2018,O,9.139388557420807,217.0,71,"Amir Johnson, Marco Belinelli, Robert Covington, Dario Saric, Ben Simmons"
2018,D,9.128706568988799,366.0,71,"Marc Gasol, Tyreke Evans, JaMychal Green, Andrew Harrison, Dillon Brooks"
2018,O,9.077978570653034,206.0,65,"Jamal Crawford, Jeff Teague, Taj Gibson, Andrew Wiggins, Karl-Anthony Towns"
2018,D,-9.071643032427055,329.0,57,"Evan Turner, Al-Farouq Aminu, CJ McCollum, Shabazz Napier, Jusuf Nurkić"
2018,O,8.997323738449188,362.0,72,"Marc Gasol, Tyreke Evans, JaMychal Green, Andrew Harrison, Dillon Brooks"
2018,D,8.890902730408689,231.0,89,"Thaddeus Young, Lance Stephenson, Cory Joseph, Victor Oladipo, Domantas Sabonis"
2018,O,8.870719666455225,254.0,54,"Chris Paul, P.J. Tucker, Luc Mbah a Moute, James Harden, Clint Capela"
2018,D,8.797879594133464,429.0,88,"Marcin Gortat, John Wall, Bradley Beal, Otto Porter Jr., Kelly Oubre Jr."
2018,O,-8.785957810868998,325.0,53,"Evan Turner, Al-Farouq Aminu, CJ McCollum, Shabazz Napier, Jusuf Nurkić"
2018,D,8.746663956398798,282.0,71,"Wayne Ellington, Kelly Olynyk, Justise Winslow, Josh Richardson, Bam Adebayo"
2018,D,8.726119517535766,601.0,82,"DeMarre Carroll, Tyler Zeller, Allen Crabbe, Spencer Dinwiddie, Rondae Hollis-Jefferson"
2018,O,8.70757249505733,241.0,42,"Kent Bazemore, Dennis Schröder, Dewayne Dedmon, Taurean Prince, John Collins"
2018,D,8.648937261623002,264.0,60,"David West, Shaun Livingston, Andre Iguodala, Klay Thompson, Draymond Green"
2018,D,8.645297061905236,1059.0,182,"Carmelo Anthony, Russell Westbrook, Paul George, Andre Roberson, Steven Adams"
2018,O,8.564788755609296,431.0,91,"Trevor Ariza, Eric Gordon, Ryan Anderson, James Harden, Clint Capela"
2018,D,-8.513503088834698,203.0,70,"Raymond Felton, Paul George, Patrick Patterson, Jerami Grant, Terrance Ferguson"
2018,D,8.46262909192212,1215.0,195,"JJ Redick, Robert Covington, Joel Embiid, Dario Saric, Ben Simmons"
2018,D,-8.220681328147808,203.0,60,"Lou Williams, DeAndre Jordan, Blake Griffin, Wesley Johnson, Austin Rivers"
2018,D,-8.208495208212595,297.0,49,"Al Horford, Kyrie Irving, Marcus Morris Sr., Jaylen Brown, Jayson Tatum"
2018,O,8.063321752053657,348.0,69,"Carmelo Anthony, Russell Westbrook, Paul George, Steven Adams, Josh Huestis"
2018,O,-7.908304032587265,268.0,87,"Jamal Crawford, Nemanja Bjelica, Gorgui Dieng, Andrew Wiggins, Tyus Jones"
2018,O,-7.836302399162545,267.0,62,"David West, Shaun Livingston, Andre Iguodala, Klay Thompson, Draymond Green"
2018,O,7.821635348270974,607.0,113,"Paul Millsap, Wilson Chandler, Will Barton, Nikola Jokić, Jamal Murray"
2018,O,7.796028097352449,507.0,114,"Taj Gibson, Jimmy Butler III, Andrew Wiggins, Tyus Jones, Karl-Anthony Towns"
2018,O,-7.6058437682757525,204.0,60,"Ricky Rubio, Jonas Jerebko, Rudy Gobert, Joe Ingles, Donovan Mitchell"
2018,D,7.555354441599785,438.0,94,"Trevor Ariza, Eric Gordon, Ryan Anderson, James Harden, Clint Capela"
2018,O,7.545643502749237,749.0,133,"Jarrett Jack, Courtney Lee, Enes Kanter, Tim Hardaway Jr., Kristaps Porziņģis"
2018,D,-7.381711850481215,419.0,105,"Carmelo Anthony, Russell Westbrook, Paul George, Steven Adams, Alex Abrines"
2018,D,-7.334913335746538,301.0,50,"Avery Bradley, Ish Smith, Tobias Harris, Andre Drummond, Reggie Bullock Jr."
2018,D,-7.334596843273281,206.0,30,"LeBron James, JR Smith, Kevin Love, Isaiah Thomas, Jae Crowder"
2018,D,-7.311038902737607,602.0,132,"Wilson Chandler, Will Barton, Gary Harris, Nikola Jokić, Jamal Murray"
2018,O,7.214565651765465,256.0,78,"Dwight Howard, Nicolas Batum, Kemba Walker, Michael Kidd-Gilchrist, Frank Kaminsky"
2018,D,-7.206411088533287,210.0,46,"Bismack Biyombo, Evan Fournier, Jonathon Simmons, Elfrid Payton, Mario Hezonja"
2018,O,7.130982355498462,250.0,38,"DeMarre Carroll, Allen Crabbe, Spencer Dinwiddie, D'Angelo Russell, Jarrett Allen"
2018,D,-7.126031381936982,318.0,65,"Blake Griffin, Ish Smith, Andre Drummond, Reggie Bullock Jr., James Ennis III"
2018,D,7.061088803315974,265.0,94,"Wesley Matthews, Harrison Barnes, Dwight Powell, Yogi Ferrell, Dennis Smith Jr."
2018,O,7.005602365152183,1231.0,207,"JJ Redick, Robert Covington, Joel Embiid, Dario Saric, Ben Simmons"
2018,D,6.9607747230343575,204.0,48,"Marcin Gortat, John Wall, Markieff Morris, Bradley Beal, Kelly Oubre Jr."
2018,D,-6.839258562036726,213.0,32,"Bogdan Bogdanović, Willie Cauley-Stein, Skal Labissiere, De'Aaron Fox, Justin Jackson"
2018,D,6.807573890572369,676.0,90,"Al Horford, Kyrie Irving, Aron Baynes, Jaylen Brown, Jayson Tatum"
2018,O,-6.704878130438345,381.0,64,"Marcin Gortat, Markieff Morris, Bradley Beal, Otto Porter Jr., Tim Frazier"
2018,D,-6.632958253422589,233.0,51,"Ricky Rubio, Derrick Favors, Rudy Gobert, Rodney Hood, Joe Ingles"
2018,D,-6.6060636001939095,216.0,69,"CJ Miles, DeMar DeRozan, Jakob Poeltl, Pascal Siakam, Fred VanVleet"
2018,O,6.590679366318226,245.0,61,"John Henson, Khris Middleton, Tony Snell, Giannis Antetokounmpo, Malcolm Brogdon"
2018,O,-6.4650697741065555,239.0,55,"Evan Turner, Ed Davis, CJ McCollum, Shabazz Napier, Zach Collins"
2018,D,6.453130562702085,660.0,144,"Thaddeus Young, Cory Joseph, Bojan Bogdanovic, Victor Oladipo, Myles Turner"
2018,O,-6.42877900214163,399.0,92,"Robin Lopez, Justin Holiday, Jerian Grant, Denzel Valentine, Lauri Markkanen"
2018,O,-6.369277112623666,216.0,31,"Bogdan Bogdanović, Willie Cauley-Stein, Skal Labissiere, De'Aaron Fox, Justin Jackson"
2018,O,6.276643726727866,609.0,83,"DeMarre Carroll, Tyler Zeller, Allen Crabbe, Spencer Dinwiddie, Rondae Hollis-Jefferson"
2018,D,-6.275079315622654,235.0,54,"Evan Turner, Ed Davis, CJ McCollum, Shabazz Napier, Zach Collins"
2018,O,6.164885704100293,1024.0,166,"Marcin Gortat, Markieff Morris, Bradley Beal, Tomas Satoransky, Otto Porter Jr."
2018,D,6.124937527219573,442.0,89,"Rajon Rondo, Jrue Holiday, Nikola Mirotic, E'Twaun Moore, Anthony Davis"
2018,O,-6.104498550896984,288.0,36,"Pau Gasol, LaMarcus Aldridge, Danny Green, Kyle Anderson, Dejounte Murray"
2018,D,-6.092645344401731,377.0,57,"Trevor Ariza, Chris Paul, Ryan Anderson, James Harden, Clint Capela"
2018,O,-6.0773146313748905,453.0,69,"Brook Lopez, Kentavious Caldwell-Pope, Larry Nance Jr., Brandon Ingram, Lonzo Ball"
2018,D,6.045709144351536,224.0,33,"Al Horford, Aron Baynes, Terry Rozier, Jaylen Brown, Jayson Tatum"
2018,O,-6.044463802238378,527.0,68,"Dirk Nowitzki, Wesley Matthews, Harrison Barnes, Dennis Smith Jr., Maxi Kleber"
2018,D,6.033772256269914,388.0,51,"Jrue Holiday, Dante Cunningham, DeMarcus Cousins, E'Twaun Moore, Anthony Davis"
2018,D,-5.885738662870355,327.0,73,"Ian Mahinmi, Jodie Meeks, Mike Scott, Tim Frazier, Kelly Oubre Jr."
2018,D,5.878404021732525,443.0,69,"Brook Lopez, Kentavious Caldwell-Pope, Larry Nance Jr., Brandon Ingram, Lonzo Ball"
2018,D,5.874220581582625,219.0,45,"Amir Johnson, JJ Redick, Robert Covington, Dario Saric, Ben Simmons"
2018,D,-5.839177634914998,272.0,43,"Michael Beasley, Courtney Lee, Enes Kanter, Tim Hardaway Jr., Emmanuel Mudiay"
2018,D,5.838322925635254,239.0,43,"Kent Bazemore, Dennis Schröder, Dewayne Dedmon, Taurean Prince, John Collins"
2018,D,-5.830807396553086,243.0,82,"Jamal Crawford, Taj Gibson, Gorgui Dieng, Andrew Wiggins, Tyus Jones"
2018,O,-5.789502561796806,317.0,62,"Blake Griffin, Ish Smith, Andre Drummond, Reggie Bullock Jr., James Ennis III"
2018,D,-5.6920044136906,557.0,103,"Kyle Lowry, Serge Ibaka, DeMar DeRozan, Jonas Valanciunas, Norman Powell"
2018,O,-5.667706123137685,215.0,49,"Marcin Gortat, John Wall, Markieff Morris, Bradley Beal, Kelly Oubre Jr."
2018,O,5.566660899937972,366.0,104,"Wesley Matthews, Harrison Barnes, Salah Mejri, Yogi Ferrell, Dennis Smith Jr."
2018,O,-5.4744880755695915,236.0,51,"Ricky Rubio, Derrick Favors, Rudy Gobert, Rodney Hood, Joe Ingles"
2018,D,-5.462705760521828,311.0,85,"Al Horford, Kyrie Irving, Marcus Smart, Jaylen Brown, Jayson Tatum"
2018,D,5.457644307852361,730.0,131,"Thaddeus Young, Darren Collison, Bojan Bogdanovic, Victor Oladipo, Domantas Sabonis"
2018,O,-5.454989228804925,518.0,95,"Trevor Ariza, Chris Paul, P.J. Tucker, James Harden, Clint Capela"
2018,O,5.436927800570849,596.0,99,"Jarrett Jack, Courtney Lee, Lance Thomas, Enes Kanter, Kristaps Porziņģis"
2018,O,-5.422474976069881,264.0,43,"Michael Beasley, Courtney Lee, Enes Kanter, Tim Hardaway Jr., Emmanuel Mudiay"
2018,O,-5.416727963451302,733.0,141,"Carmelo Anthony, Corey Brewer, Russell Westbrook, Paul George, Steven Adams"
2018,O,5.168852018906772,235.0,42,"Thabo Sefolosha, Ricky Rubio, Derrick Favors, Joe Ingles, Donovan Mitchell"
2018,O,5.153703216733245,204.0,61,"Kentavious Caldwell-Pope, Julius Randle, Brandon Ingram, Lonzo Ball, Kyle Kuzma"
2018,O,5.100293277559397,278.0,70,"Wayne Ellington, Kelly Olynyk, Justise Winslow, Josh Richardson, Bam Adebayo"
2018,D,5.033904310685593,334.0,39,"Emeka Okafor, Rajon Rondo, Jrue Holiday, E'Twaun Moore, Anthony Davis"
2018,O,-4.991642421102135,1070.0,179,"Evan Turner, Al-Farouq Aminu, Damian Lillard, CJ McCollum, Jusuf Nurkić"
2018,D,-4.86354624750956,865.0,116,"Zaza Pachulia, Kevin Durant, Stephen Curry, Klay Thompson, Draymond Green"
2018,O,-4.710938031843403,385.0,51,"Jrue Holiday, Dante Cunningham, DeMarcus Cousins, E'Twaun Moore, Anthony Davis"
2018,D,4.708621331943726,259.0,59,"Dwight Howard, Marvin Williams, Kemba Walker, Jeremy Lamb, Dwayne Bacon"
2018,D,-4.683560338415469,776.0,124,"Avery Bradley, Tobias Harris, Reggie Jackson, Andre Drummond, Stanley Johnson"
2018,D,-4.670712647788406,835.0,143,"Rajon Rondo, Jrue Holiday, DeMarcus Cousins, E'Twaun Moore, Anthony Davis"
2018,O,-4.649331350429285,299.0,49,"Al Horford, Kyrie Irving, Marcus Morris Sr., Jaylen Brown, Jayson Tatum"
2018,O,-4.632602051315082,254.0,36,"Zach Randolph, George Hill, Garrett Temple, Skal Labissiere, De'Aaron Fox"
2018,D,-4.576498993981671,437.0,67,"Brook Lopez, Kentavious Caldwell-Pope, Julius Randle, Lonzo Ball, Kyle Kuzma"
2018,D,-4.55263819182668,368.0,107,"Wesley Matthews, Harrison Barnes, Salah Mejri, Yogi Ferrell, Dennis Smith Jr."
2018,O,-4.531076975879085,537.0,100,"Blake Griffin, Ish Smith, Andre Drummond, Reggie Bullock Jr., Stanley Johnson"
2018,O,4.47711274883919,402.0,124,"Ricky Rubio, Jae Crowder, Rudy Gobert, Joe Ingles, Donovan Mitchell"
2018,O,-4.445824377729442,318.0,90,"Trevor Ariza, P.J. Tucker, Eric Gordon, James Harden, Clint Capela"
2018,D,-4.298752622805133,524.0,68,"Dirk Nowitzki, Wesley Matthews, Harrison Barnes, Dennis Smith Jr., Maxi Kleber"
2018,O,4.142369205433711,439.0,87,"Rajon Rondo, Jrue Holiday, Nikola Mirotic, E'Twaun Moore, Anthony Davis"
2018,O,4.106874667537999,364.0,69,"LaMarcus Aldridge, Danny Green, Patty Mills, Kyle Anderson, Dejounte Murray"
2018,O,4.017789681242116,339.0,39,"Emeka Okafor, Rajon Rondo, Jrue Holiday, E'Twaun Moore, Anthony Davis"
2018,O,-4.013077711255347,336.0,61,"Ricky Rubio, Jonas Jerebko, Derrick Favors, Joe Ingles, Donovan Mitchell"
2018,D,3.9871582259186704,749.0,137,"Jarrett Jack, Courtney Lee, Enes Kanter, Tim Hardaway Jr., Kristaps Porziņģis"
2018,O,-3.9663165688889688,856.0,144,"Rajon Rondo, Jrue Holiday, DeMarcus Cousins, E'Twaun Moore, Anthony Davis"
2018,D,-3.9585135280773582,255.0,36,"Zach Randolph, George Hill, Garrett Temple, Skal Labissiere, De'Aaron Fox"
2018,O,-3.921165733520044,219.0,30,"Robin Lopez, Justin Holiday, Zach LaVine, Jerian Grant, Lauri Markkanen"
2018,D,-3.917375636662869,605.0,114,"Paul Millsap, Wilson Chandler, Will Barton, Nikola Jokić, Jamal Murray"
2018,O,3.887215664706277,1612.0,282,"Kyle Lowry, Serge Ibaka, DeMar DeRozan, Jonas Valanciunas, OG Anunoby"
2018,O,-3.8805114150502065,558.0,106,"Kyle Lowry, Serge Ibaka, DeMar DeRozan, Jonas Valanciunas, Norman Powell"
2018,D,-3.803289194665955,719.0,135,"Carmelo Anthony, Corey Brewer, Russell Westbrook, Paul George, Steven Adams"
2018,O,-3.743857822996672,412.0,79,"Goran Dragic, James Johnson, Hassan Whiteside, Tyler Johnson, Josh Richardson"
2018,O,3.6954399762753773,743.0,136,"Thaddeus Young, Darren Collison, Bojan Bogdanovic, Victor Oladipo, Domantas Sabonis"
2018,D,3.6489110118838375,1065.0,187,"Evan Turner, Al-Farouq Aminu, Damian Lillard, CJ McCollum, Jusuf Nurkić"
2018,D,-3.6355204586455074,258.0,53,"Chris Paul, P.J. Tucker, Luc Mbah a Moute, James Harden, Clint Capela"
2018,D,-3.631227697078302,204.0,51,"Eric Bledsoe, Khris Middleton, Tony Snell, Giannis Antetokounmpo, Thon Maker"
2018,D,-3.572225298933562,596.0,103,"Jarrett Jack, Courtney Lee, Lance Thomas, Enes Kanter, Kristaps Porziņģis"
2018,O,3.56682281227322,224.0,92,"Thaddeus Young, Lance Stephenson, Cory Joseph, Victor Oladipo, Domantas Sabonis"
2018,O,3.554097598416576,223.0,65,"Ed Davis, CJ McCollum, Shabazz Napier, Pat Connaughton, Zach Collins"
2018,D,3.539451235503396,1624.0,284,"Kyle Lowry, Serge Ibaka, DeMar DeRozan, Jonas Valanciunas, OG Anunoby"
2018,D,3.5185057842758396,299.0,53,"Pau Gasol, LaMarcus Aldridge, Danny Green, Patty Mills, Kyle Anderson"
2018,O,3.5071723615904467,680.0,91,"Al Horford, Kyrie Irving, Aron Baynes, Jaylen Brown, Jayson Tatum"
2018,O,-3.493772909223799,299.0,86,"Ian Mahinmi, Jodie Meeks, Tomas Satoransky, Mike Scott, Kelly Oubre Jr."
2018,O,3.4741352095611906,456.0,143,"Dirk Nowitzki, Devin Harris, J.J. Barea, Dwight Powell, Yogi Ferrell"
2018,D,3.463565542607383,325.0,69,"Lou Williams, DeAndre Jordan, Tobias Harris, Austin Rivers, Sindarius Thornwell"
2018,D,-3.460610772293145,2224.0,379,"Dwight Howard, Marvin Williams, Nicolas Batum, Kemba Walker, Michael Kidd-Gilchrist"
2018,O,3.3456844972845023,445.0,88,"Eric Bledsoe, John Henson, Khris Middleton, Giannis Antetokounmpo, Malcolm Brogdon"
2018,O,3.3440514623205875,201.0,46,"Eric Bledsoe, Khris Middleton, Tony Snell, Giannis Antetokounmpo, Thon Maker"
2018,O,3.3261784199470994,694.0,117,"Paul Millsap, Wilson Chandler, Gary Harris, Nikola Jokić, Jamal Murray"
2018,O,3.265910983559567,383.0,58,"Trevor Ariza, Chris Paul, Ryan Anderson, James Harden, Clint Capela"
2018,D,-3.2560325998112973,434.0,70,"Bismack Biyombo, Evan Fournier, Jonathon Simmons, Elfrid Payton, Aaron Gordon"
2018,D,-3.0973789304108004,245.0,64,"John Henson, Khris Middleton, Tony Snell, Giannis Antetokounmpo, Malcolm Brogdon"
2018,O,3.032641405686929,227.0,42,"Brook Lopez, Kentavious Caldwell-Pope, Julius Randle, Brandon Ingram, Lonzo Ball"
2018,O,2.943908831563521,419.0,101,"Nikola Vučević, Evan Fournier, Jonathon Simmons, Elfrid Payton, Aaron Gordon"
2018,D,2.879537738733295,317.0,94,"Trevor Ariza, P.J. Tucker, Eric Gordon, James Harden, Clint Capela"
2018,D,-2.8781206806261626,228.0,43,"Brook Lopez, Kentavious Caldwell-Pope, Julius Randle, Brandon Ingram, Lonzo Ball"
2018,O,-2.858788574246726,702.0,101,"Ersan Ilyasova, Miles Plumlee, Kent Bazemore, Dennis Schröder, Taurean Prince"
2018,O,-2.734247196570777,235.0,59,"Jeremy Lamb, Michael Carter-Williams, Johnny O'Bryant III, Frank Kaminsky, Treveon Graham"
2018,D,2.7134485833936512,772.0,137,"Jeff Teague, Taj Gibson, Nemanja Bjelica, Andrew Wiggins, Karl-Anthony Towns"
2018,D,-2.7047936368879557,208.0,61,"Kyle Lowry, Serge Ibaka, DeMar DeRozan, Jonas Valanciunas, Fred VanVleet"
2018,D,2.6728714110233156,206.0,31,"Trevor Ariza, Chris Paul, Eric Gordon, Ryan Anderson, Clint Capela"
2018,D,-2.6518970038904914,1365.0,234,"Thaddeus Young, Darren Collison, Bojan Bogdanovic, Victor Oladipo, Myles Turner"
2018,O,2.62878446023226,222.0,32,"Al Horford, Aron Baynes, Terry Rozier, Jaylen Brown, Jayson Tatum"
2018,O,2.448110002790446,260.0,66,"Carmelo Anthony, Russell Westbrook, Paul George, Steven Adams, Jerami Grant"
2018,O,2.4316822222616237,664.0,145,"Thaddeus Young, Cory Joseph, Bojan Bogdanovic, Victor Oladipo, Myles Turner"
2018,D,2.3590391724613955,414.0,77,"Goran Dragic, James Johnson, Hassan Whiteside, Tyler Johnson, Josh Richardson"
2018,D,2.3387290958342026,959.0,159,"Marcin Gortat, John Wall, Markieff Morris, Bradley Beal, Otto Porter Jr."
2018,O,-2.2909762054701974,275.0,52,"Zach Randolph, George Hill, Garrett Temple, Bogdan Bogdanović, Willie Cauley-Stein"
2018,O,-2.2793998814267575,484.0,91,"Brook Lopez, Kentavious Caldwell-Pope, Brandon Ingram, Lonzo Ball, Kyle Kuzma"
2018,D,2.2079771495639404,354.0,65,"Wilson Chandler, Mason Plumlee, Gary Harris, Nikola Jokić, Jamal Murray"
2018,D,-2.204874119708792,518.0,96,"Trevor Ariza, Chris Paul, P.J. Tucker, James Harden, Clint Capela"
2018,O,-2.154094744061247,1066.0,180,"Carmelo Anthony, Russell Westbrook, Paul George, Andre Roberson, Steven Adams"
2018,D,-2.1455407246080527,1198.0,205,"Eric Bledsoe, John Henson, Khris Middleton, Tony Snell, Giannis Antetokounmpo"
2018,D,2.0893013729867818,2242.0,421,"Jeff Teague, Taj Gibson, Jimmy Butler III, Andrew Wiggins, Karl-Anthony Towns"
2018,O,-1.9957071302415101,250.0,86,"Jeff Teague, Taj Gibson, Jimmy Butler III, Gorgui Dieng, Andrew Wiggins"
2018,O,1.9750731892256514,231.0,94,"Dwight Howard, Nicolas Batum, Kemba Walker, Jeremy Lamb, Frank Kaminsky"
2018,D,-1.957000370697615,309.0,88,"Ian Mahinmi, Jodie Meeks, Tomas Satoransky, Mike Scott, Kelly Oubre Jr."
2018,O,-1.922144001972592,273.0,63,"Dirk Nowitzki, Wesley Matthews, Harrison Barnes, Yogi Ferrell, Dennis Smith Jr."
2018,O,-1.9119080697535678,353.0,65,"Wilson Chandler, Mason Plumlee, Gary Harris, Nikola Jokić, Jamal Murray"
2018,D,-1.8959156408945363,376.0,60,"Nikola Vučević, Terrence Ross, Evan Fournier, Elfrid Payton, Aaron Gordon"
2018,O,-1.832998177588124,210.0,32,"Trevor Ariza, Chris Paul, Eric Gordon, Ryan Anderson, Clint Capela"
2018,O,1.823840629755596,1376.0,237,"Thaddeus Young, Darren Collison, Bojan Bogdanovic, Victor Oladipo, Myles Turner"
2018,D,1.8044585096459356,894.0,140,"Ricky Rubio, Derrick Favors, Rudy Gobert, Joe Ingles, Donovan Mitchell"
2018,D,1.7690090046805331,383.0,65,"Marcin Gortat, Markieff Morris, Bradley Beal, Otto Porter Jr., Tim Frazier"
2018,D,1.757279623716994,642.0,157,"CJ Miles, Delon Wright, Jakob Poeltl, Pascal Siakam, Fred VanVleet"
2018,O,1.7442276810326725,377.0,59,"Nikola Vučević, Terrence Ross, Evan Fournier, Elfrid Payton, Aaron Gordon"
2018,O,-1.682335196005344,243.0,85,"Jamal Crawford, Taj Gibson, Gorgui Dieng, Andrew Wiggins, Tyus Jones"
2018,O,-1.6398661993955455,438.0,75,"Bismack Biyombo, Evan Fournier, Jonathon Simmons, Elfrid Payton, Aaron Gordon"
2018,D,1.6392065133990703,263.0,58,"Danilo Gallinari, DeAndre Jordan, Blake Griffin, Patrick Beverley, Austin Rivers"
2018,O,1.6056746120460696,903.0,141,"Ricky Rubio, Derrick Favors, Rudy Gobert, Joe Ingles, Donovan Mitchell"
2018,D,-1.5994277232508918,219.0,88,"Dwight Howard, Nicolas Batum, Kemba Walker, Jeremy Lamb, Frank Kaminsky"
2018,O,-1.5676210309583065,895.0,146,"Al-Farouq Aminu, Damian Lillard, Maurice Harkless, CJ McCollum, Jusuf Nurkić"
2018,O,1.5203550092846503,223.0,55,"Corey Brewer, Jordan Clarkson, Julius Randle, Kyle Kuzma, Josh Hart"
2018,O,1.492208556213747,210.0,44,"Bismack Biyombo, Evan Fournier, Jonathon Simmons, Elfrid Payton, Mario Hezonja"
2018,O,1.3715722663208374,2248.0,410,"Jeff Teague, Taj Gibson, Jimmy Butler III, Andrew Wiggins, Karl-Anthony Towns"
2018,O,-1.3678044204473763,321.0,88,"Al Horford, Kyrie Irving, Marcus Smart, Jaylen Brown, Jayson Tatum"
2018,O,1.351585880334058,329.0,76,"Ian Mahinmi, Jodie Meeks, Mike Scott, Tim Frazier, Kelly Oubre Jr."
2018,D,-1.3228621018087778,472.0,93,"Dwight Howard, Marvin Williams, Kemba Walker, Michael Kidd-Gilchrist, Jeremy Lamb"
2018,D,-1.3085024195851522,223.0,56,"Corey Brewer, Jordan Clarkson, Julius Randle, Kyle Kuzma, Josh Hart"
2018,O,-1.2941446937903893,223.0,56,"Nikola Mirotic, Jerian Grant, Bobby Portis, Paul Zipser, David Nwaba"
2018,D,1.2456210633028553,393.0,91,"Robin Lopez, Justin Holiday, Jerian Grant, Denzel Valentine, Lauri Markkanen"
2018,O,1.1975411237579408,779.0,121,"Avery Bradley, Tobias Harris, Reggie Jackson, Andre Drummond, Stanley Johnson"
2018,D,1.1883459485984673,233.0,56,"Jeremy Lamb, Michael Carter-Williams, Johnny O'Bryant III, Frank Kaminsky, Treveon Graham"
2018,D,1.186656206342864,398.0,73,"D.J. Augustin, Nikola Vučević, Evan Fournier, Jonathon Simmons, Aaron Gordon"
2018,O,-1.1753593236277826,206.0,24,"Kevin Durant, JaVale McGee, Stephen Curry, Klay Thompson, Draymond Green"
2018,O,-1.1597599908595875,214.0,43,"Amir Johnson, JJ Redick, Robert Covington, Dario Saric, Ben Simmons"
2018,O,1.1518049244646444,691.0,107,"LeBron James, JR Smith, Jose Calderon, Kevin Love, Jae Crowder"
2018,O,-1.1497585334636604,305.0,50,"Avery Bradley, Ish Smith, Tobias Harris, Andre Drummond, Reggie Bullock Jr."
2018,O,-1.112353001041263,472.0,93,"Dwight Howard, Marvin Williams, Kemba Walker, Michael Kidd-Gilchrist, Jeremy Lamb"
2018,O,-1.0665283055346644,473.0,91,"Carmelo Anthony, Russell Westbrook, Paul George, Steven Adams, Terrance Ferguson"
2018,D,1.0652745601244107,350.0,65,"Carmelo Anthony, Russell Westbrook, Paul George, Steven Adams, Josh Huestis"
2018,O,-0.9257532850406818,440.0,68,"Brook Lopez, Kentavious Caldwell-Pope, Julius Randle, Lonzo Ball, Kyle Kuzma"
2018,D,0.9043021881735782,221.0,56,"Nikola Mirotic, Jerian Grant, Bobby Portis, Paul Zipser, David Nwaba"
2018,O,-0.8718243739589032,266.0,57,"Danilo Gallinari, DeAndre Jordan, Blake Griffin, Patrick Beverley, Austin Rivers"
2018,D,0.8461463549405492,442.0,91,"Eric Bledsoe, John Henson, Khris Middleton, Giannis Antetokounmpo, Malcolm Brogdon"
2018,D,-0.8002380830614542,693.0,107,"LeBron James, JR Smith, Jose Calderon, Kevin Love, Jae Crowder"
2018,D,-0.7802815711030083,705.0,102,"Ersan Ilyasova, Miles Plumlee, Kent Bazemore, Dennis Schröder, Taurean Prince"
2018,D,-0.7361733095284919,334.0,59,"Ricky Rubio, Jonas Jerebko, Derrick Favors, Joe Ingles, Donovan Mitchell"
2018,D,0.6711975994772398,884.0,145,"Al-Farouq Aminu, Damian Lillard, Maurice Harkless, CJ McCollum, Jusuf Nurkić"
2018,D,0.6427312461996728,693.0,119,"Paul Millsap, Wilson Chandler, Gary Harris, Nikola Jokić, Jamal Murray"
2018,O,0.6217759134093497,1212.0,210,"Eric Bledsoe, John Henson, Khris Middleton, Tony Snell, Giannis Antetokounmpo"
2018,D,0.579157032385129,313.0,59,"Tyson Chandler, T.J. Warren, Devin Booker, Marquese Chriss, Tyler Ulis"
2018,O,0.4990885066765153,292.0,51,"Pau Gasol, LaMarcus Aldridge, Danny Green, Patty Mills, Kyle Anderson"
2018,D,-0.4856151865909041,232.0,64,"Michael Beasley, Kyle O'Quinn, Doug McDermott, Ron Baker, Frank Ntilikina"
2018,O,-0.46195334224763557,203.0,60,"Lou Williams, DeAndre Jordan, Blake Griffin, Wesley Johnson, Austin Rivers"
2018,D,0.4330375679762314,284.0,36,"Pau Gasol, LaMarcus Aldridge, Danny Green, Kyle Anderson, Dejounte Murray"
2018,O,0.4220198828624645,220.0,40,"Tyson Chandler, T.J. Warren, Devin Booker, Marquese Chriss, Mike James"
2018,O,0.3909522448531491,1027.0,170,"Robin Lopez, Justin Holiday, Kris Dunn, Denzel Valentine, Lauri Markkanen"
2018,D,-0.3749351720443427,483.0,89,"Brook Lopez, Kentavious Caldwell-Pope, Brandon Ingram, Lonzo Ball, Kyle Kuzma"
2018,D,0.2694239515134363,252.0,41,"DeMarre Carroll, Allen Crabbe, Spencer Dinwiddie, D'Angelo Russell, Jarrett Allen"
2018,O,0.260520164140036,964.0,157,"Marcin Gortat, John Wall, Markieff Morris, Bradley Beal, Otto Porter Jr."
2018,D,-0.23612370088635526,278.0,85,"Jamal Crawford, Nemanja Bjelica, Gorgui Dieng, Andrew Wiggins, Tyus Jones"
2018,O,0.22411990053650116,783.0,139,"Jeff Teague, Taj Gibson, Nemanja Bjelica, Andrew Wiggins, Karl-Anthony Towns"
2018,O,0.21496067115703785,2229.0,377,"Dwight Howard, Marvin Williams, Nicolas Batum, Kemba Walker, Michael Kidd-Gilchrist"
2018,D,0.19306602585310179,1023.0,169,"Robin Lopez, Justin Holiday, Kris Dunn, Denzel Valentine, Lauri Markkanen"
2018,O,-0.18054173703674486,399.0,76,"D.J. Augustin, Nikola Vučević, Evan Fournier, Jonathon Simmons, Aaron Gordon"
2018,D,0.1643486297493837,354.0,53,"Brook Lopez, Kentavious Caldwell-Pope, Julius Randle, Brandon Ingram, Josh Hart"
2018,D,-0.14565266457027815,349.0,43,"Zach Randolph, Bogdan Bogdanović, Willie Cauley-Stein, De'Aaron Fox, Justin Jackson"
2018,O,-0.14302236256226622,865.0,113,"Zaza Pachulia, Kevin Durant, Stephen Curry, Klay Thompson, Draymond Green"
2018,O,-0.1180814813418532,347.0,42,"Zach Randolph, Bogdan Bogdanović, Willie Cauley-Stein, De'Aaron Fox, Justin Jackson"
2018,O,-0.07814867239051693,426.0,112,"Carmelo Anthony, Russell Westbrook, Paul George, Steven Adams, Alex Abrines"
2018,O,-0.07389635591832774,291.0,66,"Andre Iguodala, Kevin Durant, Stephen Curry, Klay Thompson, Draymond Green"
2018,D,-0.05783647206253865,1018.0,167,"Marcin Gortat, Markieff Morris, Bradley Beal, Tomas Satoransky, Otto Porter Jr."
2018,O,0.05219397282826237,435.0,89,"Marcin Gortat, John Wall, Bradley Beal, Otto Porter Jr., Kelly Oubre Jr."
2019,O,19.59942391716204,245.0,56,"Jrue Holiday, E'Twaun Moore, Anthony Davis, Elfrid Payton, Julius Randle"
2019,O,-19.45128385572798,298.0,45,"Al Horford, Gordon Hayward, Kyrie Irving, Jaylen Brown, Jayson Tatum"
2019,O,19.235926002315296,238.0,48,"Dion Waiters, Kelly Olynyk, Justise Winslow, Josh Richardson, Bam Adebayo"
2019,D,16.57485389100489,232.0,70,"Mason Plumlee, Trey Lyles, Malik Beasley, Juancho Hernangomez, Monte Morris"
2019,O,15.016219708261305,341.0,109,"Thaddeus Young, Tyreke Evans, Cory Joseph, Doug McDermott, Domantas Sabonis"
2019,O,14.83853154367037,279.0,53,"Paul Millsap, Nikola Jokić, Malik Beasley, Jamal Murray, Torrey Craig"
2019,O,-14.831084710681202,284.0,72,"Brook Lopez, Eric Bledsoe, Khris Middleton, Giannis Antetokounmpo, Sterling Brown"
2019,O,14.459018108217862,259.0,75,"Lou Williams, Patrick Beverley, Mike Scott, Montrezl Harrell, Tyrone Wallace"
2019,O,14.390468190516518,281.0,66,"Dewayne Dedmon, DeAndre' Bembry, John Collins, Kevin Huerter, Trae Young"
2019,D,-13.397590693209928,202.0,33,"Chris Paul, P.J. Tucker, Eric Gordon, James Harden, Kenneth Faried"
2019,O,-13.140751514844785,420.0,74,"Chris Paul, P.J. Tucker, James Harden, James Ennis III, Clint Capela"
2019,O,12.725785750344729,378.0,67,"Serge Ibaka, Danny Green, Kawhi Leonard, Pascal Siakam, Fred VanVleet"
2019,O,-12.660547949304625,224.0,43,"Blake Griffin, Reggie Jackson, Andre Drummond, Reggie Bullock Jr., Stanley Johnson"
2019,D,12.589348161507036,284.0,48,"LeBron James, JaVale McGee, Lonzo Ball, Kyle Kuzma, Josh Hart"
2019,D,12.383217326684287,286.0,68,"Paul George, Dennis Schröder, Steven Adams, Jerami Grant, Terrance Ferguson"
2019,O,-12.37270250295192,220.0,44,"Vince Carter, Kent Bazemore, Alex Len, Taurean Prince, Trae Young"
2019,D,-12.255948509776134,278.0,72,"Brook Lopez, Eric Bledsoe, Khris Middleton, Giannis Antetokounmpo, Sterling Brown"
2019,O,12.216228564636433,273.0,67,"Derrick Rose, Jeff Teague, Taj Gibson, Andrew Wiggins, Karl-Anthony Towns"
2019,O,-11.90097690435763,221.0,35,"Marcin Gortat, Patrick Beverley, Avery Bradley, Tobias Harris, Shai Gilgeous-Alexander"
2019,D,11.894480017399774,240.0,63,"Tyreke Evans, Cory Joseph, Doug McDermott, Domantas Sabonis, T.J. Leaf"
2019,D,-11.864414586015624,397.0,57,"T.J. Warren, Devin Booker, Mikal Bridges, De'Anthony Melton, Deandre Ayton"
2019,O,11.772951101536279,287.0,65,"Paul George, Dennis Schröder, Steven Adams, Jerami Grant, Terrance Ferguson"
2019,O,11.753196696633626,282.0,78,"LaMarcus Aldridge, DeMar DeRozan, Davis Bertans, Bryn Forbes, Derrick White"
2019,D,11.640636378001691,229.0,76,"Tyreke Evans, Cory Joseph, Bojan Bogdanovic, Doug McDermott, Domantas Sabonis"
2019,O,11.59275931303043,222.0,80,"D.J. Augustin, Nikola Vučević, Evan Fournier, Jonathan Isaac, Wes Iwundu"
2019,D,11.190507788316747,284.0,75,"LaMarcus Aldridge, DeMar DeRozan, Davis Bertans, Bryn Forbes, Derrick White"
2019,O,10.933190935516572,608.0,127,"Blake Griffin, Reggie Jackson, Andre Drummond, Reggie Bullock Jr., Bruce Brown"
2019,O,-10.845207249396676,226.0,41,"Alec Burks, Rodney Hood, Cedi Osman, Ante Zizic, Collin Sexton"
2019,O,-10.764570355198416,393.0,75,"Paul Millsap, Gary Harris, Nikola Jokić, Jamal Murray, Torrey Craig"
2019,D,10.585320998327896,223.0,59,"Thaddeus Young, Darren Collison, Cory Joseph, Bojan Bogdanovic, Myles Turner"
2019,D,-10.579407518432124,331.0,58,"Kyle Lowry, Marc Gasol, Danny Green, Kawhi Leonard, Pascal Siakam"
2019,D,-10.507718373951176,215.0,43,"Vince Carter, Kent Bazemore, Alex Len, Taurean Prince, Trae Young"
2019,D,-10.414829601818132,270.0,40,"Dwight Howard, John Wall, Markieff Morris, Bradley Beal, Otto Porter Jr."
2019,O,-10.102675057620393,247.0,43,"Marcin Gortat, Danilo Gallinari, Patrick Beverley, Avery Bradley, Tobias Harris"
2019,O,-9.917436517284067,220.0,50,"JJ Redick, Robert Covington, Joel Embiid, Dario Saric, Ben Simmons"
2019,D,9.8794523011876,244.0,42,"Jeff Teague, Taj Gibson, Andrew Wiggins, Karl-Anthony Towns, Josh Okogie"
2019,O,9.851568756221385,214.0,32,"Joe Harris, D'Angelo Russell, Rondae Hollis-Jefferson, Jarrett Allen, Rodions Kurucs"
2019,O,-9.596070223653058,281.0,83,"LaMarcus Aldridge, Rudy Gay, Marco Belinelli, DeMar DeRozan, Patty Mills"
2019,O,-9.55547069633472,359.0,47,"LaMarcus Aldridge, DeMar DeRozan, Jakob Poeltl, Bryn Forbes, Derrick White"
2019,O,9.525593452942765,206.0,67,"D.J. Augustin, Nikola Vučević, Terrence Ross, Jonathan Isaac, Wes Iwundu"
2019,D,9.416969207401781,271.0,60,"P.J. Tucker, Eric Gordon, James Harden, Clint Capela, Danuel House Jr."
2019,D,9.384272342084246,885.0,158,"Mike Conley, Marc Gasol, Garrett Temple, Kyle Anderson, Jaren Jackson Jr."
2019,D,9.15711411236118,609.0,127,"Blake Griffin, Reggie Jackson, Andre Drummond, Reggie Bullock Jr., Bruce Brown"
2019,O,9.1164943717682,216.0,42,"Jrue Holiday, Anthony Davis, Solomon Hill, Julius Randle, Tim Frazier"
2019,O,9.115930365826994,555.0,163,"Evan Turner, Al-Farouq Aminu, Damian Lillard, CJ McCollum, Jusuf Nurkić"
2019,O,-9.104392089491784,858.0,133,"DeAndre Jordan, Wesley Matthews, Harrison Barnes, Dennis Smith Jr., Luka Dončić"
2019,D,-8.957920726390542,421.0,66,"Robin Lopez, Otto Porter Jr., Zach LaVine, Kris Dunn, Lauri Markkanen"
2019,O,8.939277489359363,221.0,71,"Jae Crowder, Rudy Gobert, Joe Ingles, Royce O'Neale, Donovan Mitchell"
2019,O,8.898569154064655,398.0,77,"D.J. Augustin, Nikola Vučević, Evan Fournier, Aaron Gordon, Wes Iwundu"
2019,D,8.806627643938148,277.0,62,"DeAndre Jordan, Harrison Barnes, Dorian Finney-Smith, Dennis Smith Jr., Luka Dončić"
2019,D,8.458653120606373,303.0,47,"Al Horford, Gordon Hayward, Kyrie Irving, Jaylen Brown, Jayson Tatum"
2019,O,8.250046248101434,398.0,102,"Andre Iguodala, Kevin Durant, Stephen Curry, Klay Thompson, Draymond Green"
2019,D,8.087530068692926,356.0,112,"Thaddeus Young, Tyreke Evans, Cory Joseph, Doug McDermott, Domantas Sabonis"
2019,D,-7.868565982412331,259.0,85,"Ricky Rubio, Jae Crowder, Rudy Gobert, Royce O'Neale, Donovan Mitchell"
2019,D,7.848720321160052,279.0,83,"LaMarcus Aldridge, Rudy Gay, Marco Belinelli, DeMar DeRozan, Patty Mills"
2019,D,7.665002063895854,255.0,75,"Rudy Gay, Marco Belinelli, Patty Mills, Davis Bertans, Jakob Poeltl"
2019,O,7.640303082660864,298.0,51,"Bradley Beal, Tomas Satoransky, Bobby Portis, Thomas Bryant, Troy Brown Jr."
2019,O,7.596363530568912,245.0,47,"P.J. Tucker, James Harden, Austin Rivers, Clint Capela, Danuel House Jr."
2019,D,7.546574993882648,219.0,73,"Jae Crowder, Rudy Gobert, Joe Ingles, Royce O'Neale, Donovan Mitchell"
2019,D,7.4171910912940815,200.0,46,"Harrison Barnes, Willie Cauley-Stein, Buddy Hield, De'Aaron Fox, Marvin Bagley III"
2019,O,7.410164776397551,370.0,69,"Kyle Lowry, Serge Ibaka, Danny Green, Pascal Siakam, Fred VanVleet"
2019,O,7.305656864052095,661.0,121,"Kevin Durant, Stephen Curry, Klay Thompson, Draymond Green, Kevon Looney"
2019,D,7.226655053252192,225.0,44,"Blake Griffin, Reggie Jackson, Andre Drummond, Reggie Bullock Jr., Stanley Johnson"
2019,D,-7.179199384786989,278.0,63,"Thaddeus Young, Darren Collison, Bojan Bogdanovic, Victor Oladipo, Domantas Sabonis"
2019,D,7.170215486010135,473.0,80,"Justin Holiday, Zach LaVine, Jabari Parker, Ryan Arcidiacono, Wendell Carter Jr."
2019,O,-7.137967860800916,315.0,116,"Kyle Korver, Jae Crowder, Rudy Gobert, Royce O'Neale, Donovan Mitchell"
2019,D,-7.122643685908194,214.0,64,"Trevor Ariza, Jeff Green, Bradley Beal, Tomas Satoransky, Otto Porter Jr."
2019,O,7.0295095001389925,690.0,116,"Dewayne Dedmon, Taurean Prince, John Collins, Kevin Huerter, Trae Young"
2019,O,-6.875568705657393,239.0,79,"Tyreke Evans, Cory Joseph, Bojan Bogdanovic, Doug McDermott, Domantas Sabonis"
2019,O,6.780672069242404,324.0,43,"Joe Harris, D'Angelo Russell, Treveon Graham, Jarrett Allen, Rodions Kurucs"
2019,O,-6.746787251437598,421.0,76,"Marvin Williams, Nicolas Batum, Bismack Biyombo, Kemba Walker, Jeremy Lamb"
2019,O,-6.703345515159667,276.0,63,"DeAndre Jordan, Harrison Barnes, Dorian Finney-Smith, Dennis Smith Jr., Luka Dončić"
2019,O,6.65961741487734,1021.0,246,"Ricky Rubio, Jae Crowder, Rudy Gobert, Joe Ingles, Donovan Mitchell"
2019,O,-6.572228838810787,491.0,72,"LeBron James, JaVale McGee, Brandon Ingram, Lonzo Ball, Kyle Kuzma"
2019,O,-6.5709596946688515,240.0,73,"Mason Plumlee, Trey Lyles, Malik Beasley, Juancho Hernangomez, Monte Morris"
2019,D,6.564980032513556,222.0,51,"JJ Redick, Robert Covington, Joel Embiid, Dario Saric, Ben Simmons"
2019,D,-6.557220205973783,268.0,38,"Mason Plumlee, Nikola Jokić, Jamal Murray, Juancho Hernangomez, Torrey Craig"
2019,D,-6.498436641691694,219.0,35,"Marcin Gortat, Patrick Beverley, Avery Bradley, Tobias Harris, Shai Gilgeous-Alexander"
2019,D,-6.4312024853586305,704.0,112,"Marcin Gortat, Danilo Gallinari, Avery Bradley, Tobias Harris, Shai Gilgeous-Alexander"
2019,O,-6.408660675661451,483.0,81,"Justin Holiday, Zach LaVine, Jabari Parker, Ryan Arcidiacono, Wendell Carter Jr."
2019,O,6.394907929153821,724.0,119,"Trevor Ariza, Jeff Green, Bradley Beal, Tomas Satoransky, Thomas Bryant"
2019,D,-6.34121242388582,211.0,42,"Alex Len, Taurean Prince, John Collins, Kevin Huerter, Trae Young"
2019,O,6.149041496546527,745.0,122,"Al-Farouq Aminu, Damian Lillard, CJ McCollum, Jusuf Nurkić, Jake Layman"
2019,D,-5.997361992475879,240.0,67,"Mike Conley, Marc Gasol, Garrett Temple, JaMychal Green, Kyle Anderson"
2019,O,5.913051515747232,422.0,67,"Robin Lopez, Otto Porter Jr., Zach LaVine, Kris Dunn, Lauri Markkanen"
2019,O,-5.897890998625527,200.0,37,"Trevor Ariza, Isaiah Canaan, T.J. Warren, Devin Booker, Deandre Ayton"
2019,D,-5.852329641631982,726.0,118,"Trevor Ariza, Jeff Green, Bradley Beal, Tomas Satoransky, Thomas Bryant"
2019,O,5.848155429527732,286.0,55,"Kyle Lowry, Danny Green, Jonas Valanciunas, Kawhi Leonard, Pascal Siakam"
2019,D,-5.751810720282961,290.0,39,"Jrue Holiday, Wesley Johnson, Nikola Mirotic, E'Twaun Moore, Anthony Davis"
2019,D,5.723424007807537,218.0,36,"Derrick Favors, Rudy Gobert, Joe Ingles, Royce O'Neale, Donovan Mitchell"
2019,D,-5.664420178098689,249.0,47,"P.J. Tucker, James Harden, Austin Rivers, Clint Capela, Danuel House Jr."
2019,D,-5.602936636840155,383.0,66,"Serge Ibaka, Danny Green, Kawhi Leonard, Pascal Siakam, Fred VanVleet"
2019,O,5.566081172388497,409.0,73,"DeAndre Jordan, Wesley Matthews, Harrison Barnes, Jalen Brunson, Luka Dončić"
2019,O,-5.558995335710008,276.0,40,"Dwight Howard, John Wall, Markieff Morris, Bradley Beal, Otto Porter Jr."
2019,D,5.493535465120287,261.0,41,"Kevin Love, Brandon Knight, Cedi Osman, Ante Zizic, Collin Sexton"
2019,O,-5.473598640813129,326.0,94,"Terrence Ross, Jonathon Simmons, Aaron Gordon, Jerian Grant, Mo Bamba"
2019,D,5.442557240607954,226.0,40,"Alec Burks, Rodney Hood, Cedi Osman, Ante Zizic, Collin Sexton"
2019,O,-5.426816080007643,308.0,48,"Blake Griffin, Reggie Jackson, Andre Drummond, Reggie Bullock Jr., Glenn Robinson III"
2019,O,5.379575406590025,380.0,98,"Evan Turner, Meyers Leonard, Seth Curry, Nik Stauskas, Zach Collins"
2019,D,-5.332609267961989,417.0,73,"Chris Paul, P.J. Tucker, James Harden, James Ennis III, Clint Capela"
2019,O,5.328476409167208,274.0,62,"Thaddeus Young, Darren Collison, Bojan Bogdanovic, Victor Oladipo, Domantas Sabonis"
2019,O,5.26690299971336,228.0,64,"Devin Harris, J.J. Barea, Dwight Powell, Dorian Finney-Smith, Maxi Kleber"
2019,O,5.21516366797858,203.0,32,"Chris Paul, P.J. Tucker, Eric Gordon, James Harden, Kenneth Faried"
2019,D,5.185395173248946,394.0,76,"D.J. Augustin, Nikola Vučević, Evan Fournier, Aaron Gordon, Wes Iwundu"
2019,D,5.105724487589726,311.0,63,"Kent Bazemore, Dewayne Dedmon, John Collins, Kevin Huerter, Trae Young"
2019,D,-5.078334423530109,685.0,120,"Dewayne Dedmon, Taurean Prince, John Collins, Kevin Huerter, Trae Young"
2019,D,5.070395161600267,229.0,81,"LaMarcus Aldridge, Rudy Gay, DeMar DeRozan, Patty Mills, Bryn Forbes"
2019,O,5.05745954112878,328.0,66,"Nemanja Bjelica, Bogdan Bogdanović, Willie Cauley-Stein, Buddy Hield, De'Aaron Fox"
2019,D,4.934143164062518,357.0,47,"LaMarcus Aldridge, DeMar DeRozan, Jakob Poeltl, Bryn Forbes, Derrick White"
2019,D,4.933505181382947,459.0,65,"Jeff Teague, Taj Gibson, Robert Covington, Andrew Wiggins, Karl-Anthony Towns"
2019,O,4.922369083527851,208.0,45,"Blake Griffin, Reggie Jackson, Andre Drummond, Reggie Bullock Jr., Luke Kennard"
2019,O,4.919483638659734,1537.0,253,"Al-Farouq Aminu, Damian Lillard, Maurice Harkless, CJ McCollum, Jusuf Nurkić"
2019,O,4.914386019179687,214.0,62,"Trevor Ariza, Jeff Green, Bradley Beal, Tomas Satoransky, Otto Porter Jr."
2019,O,-4.899000264801041,345.0,60,"LaMarcus Aldridge, Rudy Gay, DeMar DeRozan, Dante Cunningham, Bryn Forbes"
2019,O,-4.7992601599822455,858.0,151,"Chris Paul, P.J. Tucker, Eric Gordon, James Harden, Clint Capela"
2019,O,4.654564616927203,238.0,72,"Mike Conley, Marc Gasol, Garrett Temple, JaMychal Green, Kyle Anderson"
2019,O,-4.64646772802691,463.0,67,"Jeff Teague, Taj Gibson, Robert Covington, Andrew Wiggins, Karl-Anthony Towns"
2019,O,-4.641818861948395,570.0,81,"Kevin Durant, Stephen Curry, DeMarcus Cousins, Klay Thompson, Draymond Green"
2019,D,4.597002705901872,1938.0,318,"Russell Westbrook, Paul George, Steven Adams, Jerami Grant, Terrance Ferguson"
2019,O,4.578834186359329,223.0,68,"Marco Belinelli, DeMar DeRozan, Patty Mills, Davis Bertans, Jakob Poeltl"
2019,D,4.573425854883747,523.0,95,"Thaddeus Young, Tyreke Evans, Darren Collison, Bojan Bogdanovic, Myles Turner"
2019,D,4.480219544555931,339.0,84,"Mason Plumlee, Trey Lyles, Malik Beasley, Jamal Murray, Monte Morris"
2019,D,-4.479460484651864,278.0,62,"Dewayne Dedmon, DeAndre' Bembry, John Collins, Kevin Huerter, Trae Young"
2019,O,-4.450855975524881,901.0,156,"Mike Conley, Marc Gasol, Garrett Temple, Kyle Anderson, Jaren Jackson Jr."
2019,D,4.444538662003504,847.0,131,"DeAndre Jordan, Wesley Matthews, Harrison Barnes, Dennis Smith Jr., Luka Dončić"
2019,O,4.39884125055552,329.0,56,"Kyle Lowry, Marc Gasol, Danny Green, Kawhi Leonard, Pascal Siakam"
2019,D,4.286577159992549,311.0,113,"Kyle Korver, Jae Crowder, Rudy Gobert, Royce O'Neale, Donovan Mitchell"
2019,O,-4.280394746598219,1019.0,132,"Ricky Rubio, Derrick Favors, Rudy Gobert, Joe Ingles, Donovan Mitchell"
2019,O,4.241966320130882,260.0,41,"Kevin Love, Brandon Knight, Cedi Osman, Ante Zizic, Collin Sexton"
2019,D,4.111069917219894,349.0,60,"LaMarcus Aldridge, Rudy Gay, DeMar DeRozan, Dante Cunningham, Bryn Forbes"
2019,O,-4.103471149385592,234.0,84,"LaMarcus Aldridge, Rudy Gay, DeMar DeRozan, Patty Mills, Bryn Forbes"
2019,D,4.085625192288988,330.0,94,"Terrence Ross, Jonathon Simmons, Aaron Gordon, Jerian Grant, Mo Bamba"
2019,O,3.9737067295937463,347.0,63,"JJ Redick, Tobias Harris, Jimmy Butler III, Joel Embiid, Ben Simmons"
2019,D,3.912225558626594,516.0,89,"Trevor Ariza, Jeff Green, Bradley Beal, Tomas Satoransky, Bobby Portis"
2019,O,-3.8934084126149444,304.0,82,"Andre Iguodala, Kevin Durant, Stephen Curry, Klay Thompson, Kevon Looney"
2019,D,3.8576847418689497,330.0,69,"Paul Millsap, Gary Harris, Nikola Jokić, Jamal Murray, Juancho Hernangomez"
2019,D,3.8138074607571717,1053.0,180,"Nemanja Bjelica, Iman Shumpert, Willie Cauley-Stein, Buddy Hield, De'Aaron Fox"
2019,D,3.808883561164093,369.0,67,"Jared Dudley, Joe Harris, D'Angelo Russell, Caris LeVert, Jarrett Allen"
2019,D,-3.761461399414088,211.0,69,"D.J. Augustin, Nikola Vučević, Terrence Ross, Jonathan Isaac, Wes Iwundu"
2019,O,3.6391346096396266,1199.0,219,"Marvin Williams, Nicolas Batum, Kemba Walker, Jeremy Lamb, Cody Zeller"
2019,O,3.6347593360914177,311.0,40,"Enes Kanter, Tim Hardaway Jr., Noah Vonleh, Emmanuel Mudiay, Mario Hezonja"
2019,O,3.5750476230339343,532.0,95,"Thaddeus Young, Tyreke Evans, Darren Collison, Bojan Bogdanovic, Myles Turner"
2019,O,3.4793784111999195,207.0,35,"DeAndre Jordan, Wesley Matthews, Harrison Barnes, Maxi Kleber, Luka Dončić"
2019,D,-3.4370323423340663,217.0,79,"D.J. Augustin, Nikola Vučević, Evan Fournier, Jonathan Isaac, Wes Iwundu"
2019,D,-3.431280733414984,1008.0,238,"Ricky Rubio, Jae Crowder, Rudy Gobert, Joe Ingles, Donovan Mitchell"
2019,D,-3.43041653904428,1120.0,196,"Kyle Lowry, Serge Ibaka, Danny Green, Kawhi Leonard, Pascal Siakam"
2019,D,3.42393676750682,384.0,100,"Evan Turner, Meyers Leonard, Seth Curry, Nik Stauskas, Zach Collins"
2019,D,3.4114014670153767,1089.0,179,"Thaddeus Young, Darren Collison, Bojan Bogdanovic, Victor Oladipo, Myles Turner"
2019,D,3.3397817897655173,296.0,48,"Bradley Beal, Tomas Satoransky, Bobby Portis, Thomas Bryant, Troy Brown Jr."
2019,O,3.3384269903986294,571.0,81,"Blake Griffin, Wayne Ellington, Reggie Jackson, Andre Drummond, Bruce Brown"
2019,D,-3.3204323711386174,325.0,43,"Joe Harris, D'Angelo Russell, Treveon Graham, Jarrett Allen, Rodions Kurucs"
2019,O,3.278640447355619,961.0,274,"Russell Westbrook, Paul George, Dennis Schröder, Steven Adams, Jerami Grant"
2019,D,-3.251124559718257,639.0,120,"Thaddeus Young, Darren Collison, Wesley Matthews, Bojan Bogdanovic, Myles Turner"
2019,D,3.2367948306383343,392.0,94,"Andre Iguodala, Kevin Durant, Stephen Curry, Klay Thompson, Draymond Green"
2019,D,-3.2221273605148757,1278.0,169,"Brook Lopez, Eric Bledsoe, Khris Middleton, Giannis Antetokounmpo, Malcolm Brogdon"
2019,O,3.149860498239381,289.0,94,"D.J. Augustin, Nikola Vučević, Terrence Ross, Evan Fournier, Jonathan Isaac"
2019,O,3.0547592277385203,300.0,43,"Kevin Durant, Stephen Curry, Klay Thompson, Draymond Green, Damian Jones"
2019,D,-3.0410640831905136,343.0,66,"Enes Kanter, Tim Hardaway Jr., Noah Vonleh, Emmanuel Mudiay, Kevin Knox II"
2019,O,3.0090919669100034,270.0,38,"Mason Plumlee, Nikola Jokić, Jamal Murray, Juancho Hernangomez, Torrey Craig"
2019,O,2.988665132292306,1961.0,320,"Russell Westbrook, Paul George, Steven Adams, Jerami Grant, Terrance Ferguson"
2019,D,2.98466775042974,254.0,76,"Lou Williams, Patrick Beverley, Mike Scott, Montrezl Harrell, Tyrone Wallace"
2019,D,2.978699783380147,1021.0,131,"Ricky Rubio, Derrick Favors, Rudy Gobert, Joe Ingles, Donovan Mitchell"
2019,O,2.9596506493622887,760.0,148,"LaMarcus Aldridge, Rudy Gay, DeMar DeRozan, Bryn Forbes, Derrick White"
2019,D,2.94276266399253,546.0,163,"Evan Turner, Al-Farouq Aminu, Damian Lillard, CJ McCollum, Jusuf Nurkić"
2019,O,2.9213070910985905,203.0,30,"Marvin Williams, Nicolas Batum, Kemba Walker, Cody Zeller, Miles Bridges"
2019,D,2.8418274374411236,750.0,125,"Al-Farouq Aminu, Damian Lillard, CJ McCollum, Jusuf Nurkić, Jake Layman"
2019,D,2.825652150291578,219.0,39,"D.J. Augustin, Nikola Vučević, Evan Fournier, Jonathon Simmons, Aaron Gordon"
2019,O,-2.8244546692404775,514.0,91,"Trevor Ariza, Jeff Green, Bradley Beal, Tomas Satoransky, Bobby Portis"
2019,O,-2.814718517506835,400.0,61,"T.J. Warren, Devin Booker, Mikal Bridges, De'Anthony Melton, Deandre Ayton"
2019,O,2.7759166829738215,1037.0,154,"Al Horford, Kyrie Irving, Marcus Morris Sr., Marcus Smart, Jayson Tatum"
2019,O,2.770287046119133,346.0,67,"Enes Kanter, Tim Hardaway Jr., Noah Vonleh, Emmanuel Mudiay, Kevin Knox II"
2019,D,2.648750144000699,306.0,49,"Blake Griffin, Reggie Jackson, Andre Drummond, Reggie Bullock Jr., Glenn Robinson III"
2019,O,-2.4934066359110565,200.0,36,"Thaddeus Young, Wesley Matthews, Cory Joseph, Bojan Bogdanovic, Myles Turner"
2019,O,2.4188067359226406,654.0,123,"Thaddeus Young, Darren Collison, Wesley Matthews, Bojan Bogdanovic, Myles Turner"
2019,D,-2.4148400069280687,405.0,70,"DeAndre Jordan, Wesley Matthews, Harrison Barnes, Jalen Brunson, Luka Dončić"
2019,O,2.374713451020434,244.0,55,"P.J. Tucker, Eric Gordon, James Harden, James Ennis III, Clint Capela"
2019,O,2.3615111034983522,1071.0,180,"Nemanja Bjelica, Iman Shumpert, Willie Cauley-Stein, Buddy Hield, De'Aaron Fox"
2019,O,2.3470761153934587,254.0,88,"Ricky Rubio, Jae Crowder, Rudy Gobert, Royce O'Neale, Donovan Mitchell"
2019,O,2.308824146204186,246.0,65,"Tyreke Evans, Cory Joseph, Doug McDermott, Domantas Sabonis, T.J. Leaf"
2019,O,2.296355502687371,225.0,84,"LaMarcus Aldridge, Marco Belinelli, DeMar DeRozan, Patty Mills, Davis Bertans"
2019,O,2.277991070000944,1730.0,260,"D.J. Augustin, Nikola Vučević, Evan Fournier, Aaron Gordon, Jonathan Isaac"
2019,D,-2.212381802044317,246.0,58,"P.J. Tucker, Eric Gordon, James Harden, James Ennis III, Clint Capela"
2019,O,2.180612020058279,253.0,77,"Rudy Gay, Marco Belinelli, Patty Mills, Davis Bertans, Jakob Poeltl"
2019,D,2.0813508138437626,282.0,90,"D.J. Augustin, Nikola Vučević, Terrence Ross, Evan Fournier, Jonathan Isaac"
2019,D,2.034919072175892,1739.0,262,"D.J. Augustin, Nikola Vučević, Evan Fournier, Aaron Gordon, Jonathan Isaac"
2019,O,-1.9931320340586298,218.0,35,"Derrick Favors, Rudy Gobert, Joe Ingles, Royce O'Neale, Donovan Mitchell"
2019,D,1.9553413360156997,314.0,40,"Enes Kanter, Tim Hardaway Jr., Noah Vonleh, Emmanuel Mudiay, Mario Hezonja"
2019,O,1.9013920163296543,518.0,91,"Danilo Gallinari, Patrick Beverley, Ivica Zubac, Shai Gilgeous-Alexander, Landry Shamet"
2019,D,1.8975459240020411,855.0,149,"Paul Millsap, Will Barton, Gary Harris, Nikola Jokić, Jamal Murray"
2019,D,1.8730821547600762,491.0,73,"LeBron James, JaVale McGee, Brandon Ingram, Lonzo Ball, Kyle Kuzma"
2019,O,-1.8619065400779127,864.0,152,"Paul Millsap, Will Barton, Gary Harris, Nikola Jokić, Jamal Murray"
2019,D,-1.8593133467887553,211.0,33,"Joe Harris, D'Angelo Russell, Rondae Hollis-Jefferson, Jarrett Allen, Rodions Kurucs"
2019,O,1.8589073714933442,558.0,91,"Nemanja Bjelica, Harrison Barnes, Willie Cauley-Stein, Buddy Hield, De'Aaron Fox"
2019,O,1.8161019691215634,204.0,39,"Paul Millsap, Will Barton, Nikola Jokić, Malik Beasley, Jamal Murray"
2019,D,-1.7185222545955856,1036.0,152,"Al Horford, Kyrie Irving, Marcus Morris Sr., Marcus Smart, Jayson Tatum"
2019,O,-1.715960300799426,1101.0,182,"Thaddeus Young, Darren Collison, Bojan Bogdanovic, Victor Oladipo, Myles Turner"
2019,D,-1.7137305848929734,299.0,42,"Kevin Durant, Stephen Curry, Klay Thompson, Draymond Green, Damian Jones"
2019,D,1.7133152605963713,271.0,49,"Paul Millsap, Nikola Jokić, Malik Beasley, Jamal Murray, Torrey Craig"
2019,D,1.6927300972112131,227.0,61,"Devin Harris, J.J. Barea, Dwight Powell, Dorian Finney-Smith, Maxi Kleber"
2019,D,-1.6717790521752558,371.0,66,"Kyle Lowry, Serge Ibaka, Danny Green, Pascal Siakam, Fred VanVleet"
2019,D,1.6144583602542617,757.0,148,"LaMarcus Aldridge, Rudy Gay, DeMar DeRozan, Bryn Forbes, Derrick White"
2019,O,-1.607545026523273,321.0,69,"Paul Millsap, Gary Harris, Nikola Jokić, Jamal Murray, Juancho Hernangomez"
2019,D,-1.5443990197020463,200.0,40,"Thaddeus Young, Wesley Matthews, Cory Joseph, Bojan Bogdanovic, Myles Turner"
2019,D,-1.5337098133334104,203.0,35,"DeAndre Jordan, Wesley Matthews, Harrison Barnes, Maxi Kleber, Luka Dončić"
2019,D,1.5189952906601876,202.0,75,"Danilo Gallinari, Avery Bradley, Tobias Harris, Montrezl Harrell, Shai Gilgeous-Alexander"
2019,O,-1.486949362769523,693.0,109,"Marcin Gortat, Danilo Gallinari, Avery Bradley, Tobias Harris, Shai Gilgeous-Alexander"
2019,D,1.4360542670597047,569.0,84,"Blake Griffin, Wayne Ellington, Reggie Jackson, Andre Drummond, Bruce Brown"
2019,O,1.369244642128622,372.0,66,"Jared Dudley, Joe Harris, D'Angelo Russell, Caris LeVert, Jarrett Allen"
2019,D,-1.3480551838675146,631.0,123,"Andrew Wiggins, Dario Saric, Tyus Jones, Karl-Anthony Towns, Josh Okogie"
2019,D,-1.3453593004657445,207.0,42,"Blake Griffin, Reggie Jackson, Andre Drummond, Reggie Bullock Jr., Luke Kennard"
2019,O,1.3233279946563867,285.0,48,"LeBron James, JaVale McGee, Lonzo Ball, Kyle Kuzma, Josh Hart"
2019,D,1.3130852034837264,572.0,80,"Kevin Durant, Stephen Curry, DeMarcus Cousins, Klay Thompson, Draymond Green"
2019,D,1.2700144812863616,244.0,47,"Marcin Gortat, Danilo Gallinari, Patrick Beverley, Avery Bradley, Tobias Harris"
2019,D,-1.1417820915739445,662.0,123,"Kevin Durant, Stephen Curry, Klay Thompson, Draymond Green, Kevon Looney"
2019,D,-1.1001308802400094,404.0,106,"Russell Westbrook, Dennis Schröder, Steven Adams, Jerami Grant, Terrance Ferguson"
2019,D,1.064844278454137,523.0,91,"Danilo Gallinari, Patrick Beverley, Ivica Zubac, Shai Gilgeous-Alexander, Landry Shamet"
2019,D,-1.057582013362137,238.0,48,"Dion Waiters, Kelly Olynyk, Justise Winslow, Josh Richardson, Bam Adebayo"
2019,D,-1.0567956729742576,322.0,49,"James Johnson, Hassan Whiteside, Rodney McGruder, Justise Winslow, Josh Richardson"
2019,O,1.0256808821957828,222.0,40,"D.J. Augustin, Nikola Vučević, Evan Fournier, Jonathon Simmons, Aaron Gordon"
2019,D,-1.0226422815424887,323.0,67,"Nemanja Bjelica, Bogdan Bogdanović, Willie Cauley-Stein, Buddy Hield, De'Aaron Fox"
2019,O,-0.9871538468203659,322.0,48,"James Johnson, Hassan Whiteside, Rodney McGruder, Justise Winslow, Josh Richardson"
2019,D,0.961361585443656,612.0,91,"JJ Redick, Wilson Chandler, Jimmy Butler III, Joel Embiid, Ben Simmons"
2019,O,-0.9221368213639484,291.0,39,"Jrue Holiday, Wesley Johnson, Nikola Mirotic, E'Twaun Moore, Anthony Davis"
2019,O,0.8906872712171695,496.0,132,"D.J. Augustin, Nikola Vučević, Terrence Ross, Evan Fournier, Aaron Gordon"
2019,D,0.830760696666215,297.0,78,"Andre Iguodala, Kevin Durant, Stephen Curry, Klay Thompson, Kevon Looney"
2019,O,0.7788761844268656,267.0,64,"P.J. Tucker, Eric Gordon, James Harden, Clint Capela, Danuel House Jr."
2019,O,0.7708387084387391,214.0,42,"Alex Len, Taurean Prince, John Collins, Kevin Huerter, Trae Young"
2019,D,0.7547272000416755,225.0,68,"Marco Belinelli, DeMar DeRozan, Patty Mills, Davis Bertans, Jakob Poeltl"
2019,O,-0.7537062172578268,402.0,80,"Harrison Barnes, Bogdan Bogdanović, Willie Cauley-Stein, Buddy Hield, De'Aaron Fox"
2019,D,-0.7261302870899417,229.0,88,"LaMarcus Aldridge, Marco Belinelli, DeMar DeRozan, Patty Mills, Davis Bertans"
2019,D,-0.6808545325893616,277.0,71,"Derrick Rose, Jeff Teague, Taj Gibson, Andrew Wiggins, Karl-Anthony Towns"
2019,O,-0.6746176781766564,1275.0,169,"Brook Lopez, Eric Bledsoe, Khris Middleton, Giannis Antetokounmpo, Malcolm Brogdon"
2019,D,-0.6681421719540414,968.0,270,"Russell Westbrook, Paul George, Dennis Schröder, Steven Adams, Jerami Grant"
2019,D,-0.6496904595932235,859.0,159,"Chris Paul, P.J. Tucker, Eric Gordon, James Harden, Clint Capela"
2019,O,0.6099913729015892,1116.0,195,"Kyle Lowry, Serge Ibaka, Danny Green, Kawhi Leonard, Pascal Siakam"
2019,D,-0.5615097834884575,1187.0,213,"Marvin Williams, Nicolas Batum, Kemba Walker, Jeremy Lamb, Cody Zeller"
2019,O,0.527488029131021,220.0,36,"Tim Hardaway Jr., Noah Vonleh, Emmanuel Mudiay, Luke Kornet, Kevin Knox II"
2019,D,0.5211888012877764,389.0,73,"Paul Millsap, Gary Harris, Nikola Jokić, Jamal Murray, Torrey Craig"
2019,O,0.46382394279244443,250.0,41,"Jeff Teague, Taj Gibson, Andrew Wiggins, Karl-Anthony Towns, Josh Okogie"
2019,O,0.38941963356437087,626.0,126,"Andrew Wiggins, Dario Saric, Tyus Jones, Karl-Anthony Towns, Josh Okogie"
2019,D,0.3865690973489095,286.0,53,"Kyle Lowry, Danny Green, Jonas Valanciunas, Kawhi Leonard, Pascal Siakam"
2019,O,-0.3490993695161949,314.0,59,"Kent Bazemore, Dewayne Dedmon, John Collins, Kevin Huerter, Trae Young"
2019,D,-0.3381910938848625,223.0,35,"Tim Hardaway Jr., Noah Vonleh, Emmanuel Mudiay, Luke Kornet, Kevin Knox II"
2019,D,-0.3270524289725945,219.0,42,"Jrue Holiday, Anthony Davis, Solomon Hill, Julius Randle, Tim Frazier"
2019,D,0.287440645789239,1527.0,254,"Al-Farouq Aminu, Damian Lillard, Maurice Harkless, CJ McCollum, Jusuf Nurkić"
2019,O,-0.16881676337088067,404.0,105,"Russell Westbrook, Dennis Schröder, Steven Adams, Jerami Grant, Terrance Ferguson"
2019,O,0.12434007468508493,616.0,91,"JJ Redick, Wilson Chandler, Jimmy Butler III, Joel Embiid, Ben Simmons"
2019,D,0.12104963441665434,346.0,64,"JJ Redick, Tobias Harris, Jimmy Butler III, Joel Embiid, Ben Simmons"
2019,D,-0.11960090119394429,422.0,76,"Marvin Williams, Nicolas Batum, Bismack Biyombo, Kemba Walker, Jeremy Lamb"
2019,D,0.09699186940123068,394.0,82,"Harrison Barnes, Bogdan Bogdanović, Willie Cauley-Stein, Buddy Hield, De'Aaron Fox"
2019,D,0.0950581492519043,248.0,54,"Jrue Holiday, E'Twaun Moore, Anthony Davis, Elfrid Payton, Julius Randle"
2019,D,0.09449243122247258,481.0,122,"D.J. Augustin, Nikola Vučević, Terrence Ross, Evan Fournier, Aaron Gordon"
2019,O,0.06924759889165936,219.0,59,"Thaddeus Young, Darren Collison, Cory Joseph, Bojan Bogdanovic, Myles Turner"
2019,D,-0.03381774357056078,562.0,94,"Nemanja Bjelica, Harrison Barnes, Willie Cauley-Stein, Buddy Hield, De'Aaron Fox"
2019,O,0.0238203441959028,343.0,82,"Mason Plumlee, Trey Lyles, Malik Beasley, Jamal Murray, Monte Morris"
2020,D,-20.10818135894314,204.0,44,"Jabari Parker, Damian Jones, Trae Young, Cam Reddish, De'Andre Hunter"
2020,D,-19.48628375519152,283.0,45,"Nemanja Bjelica, Harrison Barnes, Bogdan Bogdanović, De'Aaron Fox, Harry Giles III"
2020,O,17.657500609100662,270.0,78,"D.J. Augustin, Terrence Ross, Michael Carter-Williams, Aaron Gordon, Mo Bamba"
2020,O,-16.64182738104553,320.0,46,"Jonas Valanciunas, Kyle Anderson, Dillon Brooks, Jaren Jackson Jr., Ja Morant"
2020,D,-16.16656843783582,201.0,55,"Chris Paul, Danilo Gallinari, Nerlens Noel, Terrance Ferguson, Shai Gilgeous-Alexander"
2020,D,15.446730739287519,225.0,37,"Blake Griffin, Andre Drummond, Tony Snell, Luke Kennard, Bruce Brown"
2020,O,14.70006571164684,392.0,128,"Chris Paul, Danilo Gallinari, Dennis Schröder, Steven Adams, Shai Gilgeous-Alexander"
2020,D,14.192708136042652,200.0,38,"Patrick Beverley, Patrick Patterson, Kawhi Leonard, Ivica Zubac, Landry Shamet"
2020,D,14.101299697587228,625.0,112,"Tomas Satoransky, Zach LaVine, Kris Dunn, Lauri Markkanen, Wendell Carter Jr."
2020,D,13.717471954021354,936.0,134,"Brook Lopez, Wesley Matthews, Eric Bledsoe, Khris Middleton, Giannis Antetokounmpo"
2020,O,-13.624918761111564,281.0,37,"Kyle Lowry, Serge Ibaka, Patrick McCaw, Fred VanVleet, OG Anunoby"
2020,D,13.604969973264511,205.0,38,"Ian Mahinmi, Ish Smith, Bradley Beal, Rui Hachimura, Isaac Bonga"
2020,O,13.585262212879694,281.0,70,"LeBron James, Dwight Howard, Rajon Rondo, Kentavious Caldwell-Pope, Kyle Kuzma"
2020,D,-13.41909845118345,211.0,73,"LaMarcus Aldridge, Rudy Gay, DeMar DeRozan, Patty Mills, Derrick White"
2020,O,13.379436996039598,476.0,111,"Ricky Rubio, Kelly Oubre Jr., Devin Booker, Mikal Bridges, Deandre Ayton"
2020,O,13.079101623504416,226.0,77,"Al Horford, Tobias Harris, James Ennis III, Ben Simmons, Furkan Korkmaz"
2020,D,-12.938468722839577,660.0,101,"Chris Paul, Danilo Gallinari, Steven Adams, Terrance Ferguson, Shai Gilgeous-Alexander"
2020,D,12.653419300348789,327.0,72,"P.J. Tucker, Russell Westbrook, James Harden, Ben McLemore, Clint Capela"
2020,D,-12.208894765816254,200.0,48,"Ersan Ilyasova, Brook Lopez, Wesley Matthews, Eric Bledsoe, Khris Middleton"
2020,O,-11.879150527957693,489.0,119,"Mike Conley, Bojan Bogdanovic, Rudy Gobert, Joe Ingles, Donovan Mitchell"
2020,D,11.589965953776058,352.0,68,"Gordon Hayward, Kemba Walker, Marcus Smart, Jayson Tatum, Daniel Theis"
2020,D,11.480893471118438,238.0,67,"Wilson Chandler, DeAndre Jordan, Garrett Temple, Caris LeVert, Timothe Luwawu-Cabarrot"
2020,D,11.233903192325306,210.0,71,"Al Horford, Tobias Harris, James Ennis III, Ben Simmons, Matisse Thybulle"
2020,O,10.720131066618464,317.0,71,"Jimmy Butler III, Derrick Jones Jr., Bam Adebayo, Duncan Robinson, Kendrick Nunn"
2020,D,-10.62552868741654,235.0,45,"Ricky Rubio, Dario Saric, Devin Booker, Mikal Bridges, Deandre Ayton"
2020,O,10.568666645648017,237.0,45,"Ricky Rubio, Dario Saric, Devin Booker, Mikal Bridges, Deandre Ayton"
2020,D,10.55705357235888,209.0,49,"Mike Conley, Rudy Gobert, Joe Ingles, Royce O'Neale, Donovan Mitchell"
2020,D,-10.299474290847684,204.0,42,"JJ Redick, Derrick Favors, Brandon Ingram, Lonzo Ball, Josh Hart"
2020,O,-10.222508084207126,226.0,49,"Tristan Thompson, Larry Nance Jr., Cedi Osman, Collin Sexton, Darius Garland"
2020,D,10.213305773965294,607.0,90,"Jrue Holiday, Derrick Favors, Brandon Ingram, Lonzo Ball, Zion Williamson"
2020,O,-10.209054349828923,205.0,58,"Chris Paul, Danilo Gallinari, Nerlens Noel, Terrance Ferguson, Shai Gilgeous-Alexander"
2020,O,10.168760789580672,423.0,79,"Spencer Dinwiddie, Joe Harris, Caris LeVert, Taurean Prince, Jarrett Allen"
2020,D,-9.65224861521711,212.0,36,"Robert Covington, Shabazz Napier, Andrew Wiggins, Karl-Anthony Towns, Jarrett Culver"
2020,D,-9.650506689000567,211.0,33,"Nikola Vučević, Evan Fournier, James Ennis III, Aaron Gordon, Markelle Fultz"
2020,O,9.232784104636966,208.0,46,"Gorgui Dieng, Robert Covington, Shabazz Napier, Andrew Wiggins, Jarrett Culver"
2020,O,9.171639841615791,218.0,36,"Robert Covington, Shabazz Napier, Andrew Wiggins, Karl-Anthony Towns, Jarrett Culver"
2020,O,9.099258033474253,443.0,99,"John Collins, Kevin Huerter, Trae Young, Cam Reddish, De'Andre Hunter"
2020,D,9.025869785671901,201.0,63,"Lou Williams, JaMychal Green, Rodney McGruder, Montrezl Harrell, Jerome Robinson"
2020,O,8.771194723958814,476.0,80,"Carmelo Anthony, Trevor Ariza, Hassan Whiteside, Damian Lillard, CJ McCollum"
2020,D,-8.753242604836851,485.0,119,"Mike Conley, Bojan Bogdanovic, Rudy Gobert, Joe Ingles, Donovan Mitchell"
2020,O,-8.749352319898852,293.0,51,"Kemba Walker, Marcus Smart, Jaylen Brown, Jayson Tatum, Daniel Theis"
2020,O,8.741682706711053,490.0,145,"Nikola Vučević, Terrence Ross, Evan Fournier, Aaron Gordon, Markelle Fultz"
2020,O,8.55558832479808,203.0,43,"Jabari Parker, Damian Jones, Trae Young, Cam Reddish, De'Andre Hunter"
2020,D,8.511849564759874,297.0,53,"Kemba Walker, Marcus Smart, Jaylen Brown, Jayson Tatum, Daniel Theis"
2020,O,8.439310166708086,512.0,97,"Ricky Rubio, Aron Baynes, Dario Saric, Kelly Oubre Jr., Devin Booker"
2020,O,-8.425807935011534,435.0,84,"Kyle Lowry, Serge Ibaka, Pascal Siakam, Fred VanVleet, OG Anunoby"
2020,O,8.384479839540585,951.0,135,"Jimmy Butler III, Meyers Leonard, Bam Adebayo, Duncan Robinson, Kendrick Nunn"
2020,D,-8.361850046483449,384.0,103,"Will Barton, Gary Harris, Jerami Grant, Nikola Jokić, Jamal Murray"
2020,D,-8.318899488206045,387.0,73,"JJ Redick, Jrue Holiday, Derrick Favors, Brandon Ingram, Lonzo Ball"
2020,O,-8.1623924616189,331.0,71,"P.J. Tucker, Russell Westbrook, James Harden, Ben McLemore, Clint Capela"
2020,D,8.140284795392693,223.0,49,"Tristan Thompson, Larry Nance Jr., Cedi Osman, Collin Sexton, Darius Garland"
2020,D,7.90927258126735,502.0,81,"Al Horford, Tobias Harris, Joel Embiid, Josh Richardson, Ben Simmons"
2020,D,7.836406782064263,398.0,79,"Marc Gasol, Norman Powell, Pascal Siakam, Fred VanVleet, OG Anunoby"
2020,D,-7.71333541994985,223.0,59,"LaMarcus Aldridge, DeMar DeRozan, Trey Lyles, Bryn Forbes, Derrick White"
2020,D,7.359352523334965,248.0,67,"Marcus Morris Sr., Elfrid Payton, Julius Randle, Mitchell Robinson, RJ Barrett"
2020,O,7.257682391157067,339.0,65,"Tim Hardaway Jr., Seth Curry, Kristaps Porziņģis, Dorian Finney-Smith, Luka Dončić"
2020,D,7.243288404172081,267.0,43,"Jonas Valanciunas, Kyle Anderson, Dillon Brooks, De'Anthony Melton, Ja Morant"
2020,O,7.199475462574365,289.0,53,"Patrick Beverley, Paul George, Marcus Morris Sr., Kawhi Leonard, Ivica Zubac"
2020,D,7.152836962966255,695.0,128,"Jeremy Lamb, T.J. Warren, Myles Turner, Domantas Sabonis, Malcolm Brogdon"
2020,O,7.067959860188172,418.0,65,"Tim Hardaway Jr., Dwight Powell, Kristaps Porziņģis, Dorian Finney-Smith, Luka Dončić"
2020,D,6.886463505325791,290.0,52,"Patrick Beverley, Paul George, Marcus Morris Sr., Kawhi Leonard, Ivica Zubac"
2020,D,6.874947632854615,511.0,73,"Nemanja Bjelica, Cory Joseph, Harrison Barnes, Richaun Holmes, Buddy Hield"
2020,D,-6.647531312328287,423.0,65,"Chris Paul, Danilo Gallinari, Steven Adams, Shai Gilgeous-Alexander, Luguentz Dort"
2020,D,-6.627164743254181,483.0,140,"Nikola Vučević, Terrence Ross, Evan Fournier, Aaron Gordon, Markelle Fultz"
2020,O,-6.60431308296299,312.0,87,"Al Horford, Tobias Harris, Ben Simmons, Furkan Korkmaz, Matisse Thybulle"
2020,O,-6.567841513632882,387.0,61,"Isaiah Thomas, Bradley Beal, Thomas Bryant, Troy Brown Jr., Rui Hachimura"
2020,O,-6.5411038789253775,762.0,119,"P.J. Tucker, Russell Westbrook, James Harden, Clint Capela, Danuel House Jr."
2020,D,-6.338566050363342,475.0,80,"Carmelo Anthony, Trevor Ariza, Hassan Whiteside, Damian Lillard, CJ McCollum"
2020,D,-6.294902961817812,271.0,54,"Will Barton, Jerami Grant, Nikola Jokić, Monte Morris, Torrey Craig"
2020,D,-6.225314178777628,271.0,80,"D.J. Augustin, Terrence Ross, Michael Carter-Williams, Aaron Gordon, Mo Bamba"
2020,D,6.182930728499471,802.0,118,"LeBron James, JaVale McGee, Danny Green, Avery Bradley, Anthony Davis"
2020,D,6.1645869230822585,765.0,123,"P.J. Tucker, Russell Westbrook, James Harden, Clint Capela, Danuel House Jr."
2020,O,6.126209427980547,214.0,77,"LaMarcus Aldridge, Rudy Gay, DeMar DeRozan, Patty Mills, Derrick White"
2020,D,6.111655350691282,470.0,108,"Ricky Rubio, Kelly Oubre Jr., Devin Booker, Mikal Bridges, Deandre Ayton"
2020,O,5.946716254047212,856.0,118,"Jonas Valanciunas, Jae Crowder, Dillon Brooks, Jaren Jackson Jr., Ja Morant"
2020,D,-5.8181921824738865,255.0,67,"Kyle Lowry, Serge Ibaka, Norman Powell, Pascal Siakam, OG Anunoby"
2020,O,-5.81678996335193,1467.0,283,"Paul Millsap, Will Barton, Gary Harris, Nikola Jokić, Jamal Murray"
2020,O,5.787745835458344,215.0,56,"LaMarcus Aldridge, DeMar DeRozan, Trey Lyles, Bryn Forbes, Derrick White"
2020,D,5.763476827270606,754.0,138,"Kyle Lowry, Marc Gasol, Pascal Siakam, Fred VanVleet, OG Anunoby"
2020,O,5.669110163496909,236.0,67,"Wilson Chandler, DeAndre Jordan, Garrett Temple, Caris LeVert, Timothe Luwawu-Cabarrot"
2020,O,5.465099511104182,294.0,62,"Ricky Rubio, Devin Booker, Mikal Bridges, Deandre Ayton, Cameron Johnson"
2020,O,-5.370236645481216,269.0,54,"Will Barton, Jerami Grant, Nikola Jokić, Monte Morris, Torrey Craig"
2020,D,5.353654057879237,317.0,46,"Jonas Valanciunas, Kyle Anderson, Dillon Brooks, Jaren Jackson Jr., Ja Morant"
2020,O,-5.349943458696924,506.0,79,"Al Horford, Tobias Harris, Joel Embiid, Josh Richardson, Ben Simmons"
2020,D,5.274411916720522,202.0,35,"Garrett Temple, Kyrie Irving, Joe Harris, Taurean Prince, Jarrett Allen"
2020,O,5.2630948320862885,327.0,65,"Ricky Rubio, Dario Saric, Kelly Oubre Jr., Frank Kaminsky, Devin Booker"
2020,D,5.005187073548088,944.0,132,"Jimmy Butler III, Meyers Leonard, Bam Adebayo, Duncan Robinson, Kendrick Nunn"
2020,D,-4.935715168781808,612.0,90,"LeBron James, JaVale McGee, Danny Green, Anthony Davis, Kentavious Caldwell-Pope"
2020,O,-4.869963826476658,276.0,34,"Nikola Vučević, Evan Fournier, Khem Birch, Aaron Gordon, Markelle Fultz"
2020,D,-4.82073754719487,273.0,44,"Nikola Vučević, Evan Fournier, Aaron Gordon, Markelle Fultz, Wes Iwundu"
2020,O,4.731260724726471,361.0,60,"Nemanja Bjelica, Harrison Barnes, Richaun Holmes, Buddy Hield, De'Aaron Fox"
2020,O,-4.687155399409621,941.0,132,"Brook Lopez, Wesley Matthews, Eric Bledsoe, Khris Middleton, Giannis Antetokounmpo"
2020,O,4.675532432406458,235.0,33,"Taj Gibson, Marcus Morris Sr., Reggie Bullock Jr., Elfrid Payton, Julius Randle"
2020,O,4.659462020347467,400.0,81,"Marc Gasol, Norman Powell, Pascal Siakam, Fred VanVleet, OG Anunoby"
2020,D,4.60567005340898,415.0,77,"Spencer Dinwiddie, Joe Harris, Caris LeVert, Taurean Prince, Jarrett Allen"
2020,D,4.571622780652973,493.0,86,"Nikola Vučević, Evan Fournier, Aaron Gordon, Markelle Fultz, Jonathan Isaac"
2020,O,-4.508980063268876,204.0,29,"Evan Fournier, Khem Birch, Aaron Gordon, Markelle Fultz, Jonathan Isaac"
2020,O,4.444718105015952,270.0,46,"Nikola Vučević, Evan Fournier, Aaron Gordon, Markelle Fultz, Wes Iwundu"
2020,D,-4.399847514826945,471.0,93,"Taj Gibson, Marcus Morris Sr., Julius Randle, Frank Ntilikina, RJ Barrett"
2020,D,4.273906080574661,291.0,60,"Ricky Rubio, Devin Booker, Mikal Bridges, Deandre Ayton, Cameron Johnson"
2020,D,-4.20351601192935,254.0,84,"Bojan Bogdanovic, Rudy Gobert, Jordan Clarkson, Royce O'Neale, Donovan Mitchell"
2020,O,4.171657499647571,488.0,131,"Justin Holiday, Doug McDermott, T.J. McConnell, Domantas Sabonis, Aaron Holiday"
2020,O,-4.147959456588624,352.0,70,"Gordon Hayward, Kemba Walker, Marcus Smart, Jayson Tatum, Daniel Theis"
2020,O,4.118988822451622,343.0,58,"Jeremy Lamb, T.J. Warren, Myles Turner, Domantas Sabonis, Aaron Holiday"
2020,O,-4.106910119272082,200.0,39,"Patrick Beverley, Patrick Patterson, Kawhi Leonard, Ivica Zubac, Landry Shamet"
2020,O,-4.08680208825825,248.0,67,"Marcus Morris Sr., Elfrid Payton, Julius Randle, Mitchell Robinson, RJ Barrett"
2020,O,-3.98685726237456,205.0,40,"Ian Mahinmi, Ish Smith, Bradley Beal, Rui Hachimura, Isaac Bonga"
2020,O,3.918698973518697,281.0,43,"Nemanja Bjelica, Harrison Barnes, Bogdan Bogdanović, De'Aaron Fox, Harry Giles III"
2020,D,3.9008791038802544,230.0,55,"Al Horford, Tobias Harris, Josh Richardson, Ben Simmons, Matisse Thybulle"
2020,D,3.7849322472871716,1450.0,278,"Paul Millsap, Will Barton, Gary Harris, Nikola Jokić, Jamal Murray"
2020,O,-3.6424042933097764,242.0,75,"Rudy Gay, Marco Belinelli, Patty Mills, Jakob Poeltl, Derrick White"
2020,O,3.6162251128542606,228.0,36,"Blake Griffin, Andre Drummond, Tony Snell, Luke Kennard, Bruce Brown"
2020,O,3.616125478644345,284.0,83,"Rudy Gay, Patty Mills, Jakob Poeltl, Derrick White, Lonnie Walker IV"
2020,O,3.509976269843437,1168.0,228,"Bojan Bogdanovic, Rudy Gobert, Joe Ingles, Royce O'Neale, Donovan Mitchell"
2020,D,3.5082105189130792,632.0,118,"Carmelo Anthony, Hassan Whiteside, Damian Lillard, Kent Bazemore, CJ McCollum"
2020,O,3.475244806881595,231.0,47,"Kyrie Irving, Joe Harris, Caris LeVert, Taurean Prince, Jarrett Allen"
2020,O,3.4596477853117724,617.0,93,"Jrue Holiday, Derrick Favors, Brandon Ingram, Lonzo Ball, Zion Williamson"
2020,O,3.4520023807181914,532.0,79,"Gordon Hayward, Kemba Walker, Jaylen Brown, Jayson Tatum, Daniel Theis"
2020,O,3.340347527573293,201.0,64,"Lou Williams, JaMychal Green, Rodney McGruder, Montrezl Harrell, Jerome Robinson"
2020,D,-3.26305250622517,274.0,34,"Nikola Vučević, Evan Fournier, Khem Birch, Aaron Gordon, Markelle Fultz"
2020,O,-3.108326343466889,635.0,119,"Carmelo Anthony, Hassan Whiteside, Damian Lillard, Kent Bazemore, CJ McCollum"
2020,O,3.0839263270711625,238.0,43,"Kyle Lowry, Marc Gasol, Norman Powell, Pascal Siakam, OG Anunoby"
2020,D,-2.943107118778847,286.0,52,"Carmelo Anthony, Trevor Ariza, Hassan Whiteside, CJ McCollum, Gary Trent Jr."
2020,O,-2.9063566477699716,368.0,68,"Gordon Hayward, Marcus Smart, Jaylen Brown, Jayson Tatum, Daniel Theis"
2020,O,2.8672124575999813,444.0,64,"Patrick Beverley, Paul George, Kawhi Leonard, Maurice Harkless, Ivica Zubac"
2020,D,-2.8195637764710884,1386.0,229,"Kevin Love, Tristan Thompson, Cedi Osman, Collin Sexton, Darius Garland"
2020,O,-2.7985624273455123,611.0,88,"LeBron James, JaVale McGee, Danny Green, Anthony Davis, Kentavious Caldwell-Pope"
2020,O,2.7693655936137267,285.0,52,"Carmelo Anthony, Trevor Ariza, Hassan Whiteside, CJ McCollum, Gary Trent Jr."
2020,O,-2.6701688607223737,702.0,130,"Jeremy Lamb, T.J. Warren, Myles Turner, Domantas Sabonis, Malcolm Brogdon"
2020,O,2.640364287471657,246.0,47,"Tomas Satoransky, Otto Porter Jr., Zach LaVine, Lauri Markkanen, Wendell Carter Jr."
2020,O,-2.557055558464274,627.0,114,"Tomas Satoransky, Zach LaVine, Kris Dunn, Lauri Markkanen, Wendell Carter Jr."
2020,D,2.451739825132493,471.0,83,"P.J. Tucker, Russell Westbrook, James Harden, Robert Covington, Danuel House Jr."
2020,O,2.436408752576037,213.0,50,"Mike Conley, Rudy Gobert, Joe Ingles, Royce O'Neale, Donovan Mitchell"
2020,D,-2.4215750335843538,233.0,45,"Kyrie Irving, Joe Harris, Caris LeVert, Taurean Prince, Jarrett Allen"
2020,D,2.410276710551092,285.0,83,"Rudy Gay, Patty Mills, Jakob Poeltl, Derrick White, Lonnie Walker IV"
2020,D,2.4087209965512777,298.0,50,"Brook Lopez, Wesley Matthews, Eric Bledsoe, Giannis Antetokounmpo, Donte DiVincenzo"
2020,O,2.306942218020692,258.0,67,"Kyle Lowry, Serge Ibaka, Norman Powell, Pascal Siakam, OG Anunoby"
2020,O,2.274448280430393,212.0,31,"Nikola Vučević, Evan Fournier, James Ennis III, Aaron Gordon, Markelle Fultz"
2020,D,-2.164475269638086,361.0,60,"Nemanja Bjelica, Harrison Barnes, Richaun Holmes, Buddy Hield, De'Aaron Fox"
2020,D,2.155653179307104,216.0,42,"Kyrie Irving, Spencer Dinwiddie, Joe Harris, Taurean Prince, Jarrett Allen"
2020,D,-2.1253048129786407,333.0,67,"Tim Hardaway Jr., Seth Curry, Kristaps Porziņģis, Dorian Finney-Smith, Luka Dončić"
2020,O,-2.092940563048627,377.0,103,"Will Barton, Gary Harris, Jerami Grant, Nikola Jokić, Jamal Murray"
2020,D,-2.0550683488413553,206.0,31,"Evan Fournier, Khem Birch, Aaron Gordon, Markelle Fultz, Jonathan Isaac"
2020,D,1.9421926301939711,524.0,78,"Gordon Hayward, Kemba Walker, Jaylen Brown, Jayson Tatum, Daniel Theis"
2020,O,-1.8572505284518421,229.0,51,"Al Horford, Tobias Harris, Josh Richardson, Ben Simmons, Matisse Thybulle"
2020,D,-1.802502461348818,310.0,88,"Al Horford, Tobias Harris, Ben Simmons, Furkan Korkmaz, Matisse Thybulle"
2020,D,-1.7865683496307365,281.0,71,"LeBron James, Dwight Howard, Rajon Rondo, Kentavious Caldwell-Pope, Kyle Kuzma"
2020,D,-1.7325839501063762,335.0,57,"Jeremy Lamb, T.J. Warren, Myles Turner, Domantas Sabonis, Aaron Holiday"
2020,O,-1.7255110745145816,508.0,85,"Bismack Biyombo, Terry Rozier, Miles Bridges, Devonte' Graham, P.J. Washington"
2020,D,-1.7116529764104498,251.0,41,"Draymond Green, Glenn Robinson III, D'Angelo Russell, Willie Cauley-Stein, Damion Lee"
2020,O,1.6383855702286523,660.0,102,"Chris Paul, Danilo Gallinari, Steven Adams, Terrance Ferguson, Shai Gilgeous-Alexander"
2020,D,-1.634995376885445,1009.0,159,"LaMarcus Aldridge, DeMar DeRozan, Trey Lyles, Dejounte Murray, Bryn Forbes"
2020,D,1.6013104754698688,205.0,45,"Gorgui Dieng, Robert Covington, Shabazz Napier, Andrew Wiggins, Jarrett Culver"
2020,O,-1.5843082785759552,297.0,50,"Brook Lopez, Wesley Matthews, Eric Bledsoe, Giannis Antetokounmpo, Donte DiVincenzo"
2020,D,-1.572116141209259,271.0,48,"D'Angelo Russell, Malik Beasley, Juancho Hernangomez, Josh Okogie, Naz Reid"
2020,D,-1.5613784028129847,313.0,61,"Ricky Rubio, Dario Saric, Kelly Oubre Jr., Frank Kaminsky, Devin Booker"
2020,D,1.5498038384863109,439.0,97,"John Collins, Kevin Huerter, Trae Young, Cam Reddish, De'Andre Hunter"
2020,D,-1.4525337995476963,507.0,98,"Ricky Rubio, Aron Baynes, Dario Saric, Kelly Oubre Jr., Devin Booker"
2020,D,1.4139719898575076,223.0,81,"Al Horford, Tobias Harris, James Ennis III, Ben Simmons, Furkan Korkmaz"
2020,O,-1.3593148436507503,1000.0,196,"Garrett Temple, Spencer Dinwiddie, Joe Harris, Taurean Prince, Jarrett Allen"
2020,D,1.3404960214459278,491.0,135,"Justin Holiday, Doug McDermott, T.J. McConnell, Domantas Sabonis, Aaron Holiday"
2020,O,1.3309562773093198,217.0,46,"Gary Harris, Jerami Grant, Nikola Jokić, Jamal Murray, Torrey Craig"
2020,O,1.3107187110456036,256.0,82,"Bojan Bogdanovic, Rudy Gobert, Jordan Clarkson, Royce O'Neale, Donovan Mitchell"
2020,D,1.3041795272872314,239.0,44,"Kyle Lowry, Marc Gasol, Norman Powell, Pascal Siakam, OG Anunoby"
2020,O,1.1985887345086792,273.0,47,"D'Angelo Russell, Malik Beasley, Juancho Hernangomez, Josh Okogie, Naz Reid"
2020,D,1.1938855973987035,395.0,122,"Chris Paul, Danilo Gallinari, Dennis Schröder, Steven Adams, Shai Gilgeous-Alexander"
2020,D,1.1552004242981917,550.0,102,"Cody Zeller, Terry Rozier, Miles Bridges, Devonte' Graham, P.J. Washington"
2020,D,-1.1546839158234263,387.0,64,"Isaiah Thomas, Bradley Beal, Thomas Bryant, Troy Brown Jr., Rui Hachimura"
2020,O,-1.0537725936914173,473.0,82,"P.J. Tucker, Russell Westbrook, James Harden, Robert Covington, Danuel House Jr."
2020,O,-1.0175104250436884,466.0,86,"Taj Gibson, Marcus Morris Sr., Julius Randle, Frank Ntilikina, RJ Barrett"
2020,O,1.0136169964426702,1014.0,158,"LaMarcus Aldridge, DeMar DeRozan, Trey Lyles, Dejounte Murray, Bryn Forbes"
2020,O,-1.0127992274095408,754.0,136,"Kyle Lowry, Marc Gasol, Pascal Siakam, Fred VanVleet, OG Anunoby"
2020,O,-0.9242464219552331,546.0,104,"Cody Zeller, Terry Rozier, Miles Bridges, Devonte' Graham, P.J. Washington"
2020,D,-0.8158998820410566,999.0,197,"Garrett Temple, Spencer Dinwiddie, Joe Harris, Taurean Prince, Jarrett Allen"
2020,O,0.7995652979299865,805.0,117,"LeBron James, JaVale McGee, Danny Green, Avery Bradley, Anthony Davis"
2020,D,0.7537904866941616,214.0,48,"Gary Harris, Jerami Grant, Nikola Jokić, Jamal Murray, Torrey Craig"
2020,D,-0.7533759103331681,278.0,36,"Kyle Lowry, Serge Ibaka, Patrick McCaw, Fred VanVleet, OG Anunoby"
2020,D,0.7125829120658818,849.0,118,"Jonas Valanciunas, Jae Crowder, Dillon Brooks, Jaren Jackson Jr., Ja Morant"
2020,D,0.6653776076501212,364.0,65,"Gordon Hayward, Marcus Smart, Jaylen Brown, Jayson Tatum, Daniel Theis"
2020,O,-0.6621745918020397,268.0,44,"Jonas Valanciunas, Kyle Anderson, Dillon Brooks, De'Anthony Melton, Ja Morant"
2020,O,-0.6106301014056436,213.0,69,"Al Horford, Tobias Harris, James Ennis III, Ben Simmons, Matisse Thybulle"
2020,D,-0.5969721453558238,437.0,84,"Kyle Lowry, Serge Ibaka, Pascal Siakam, Fred VanVleet, OG Anunoby"
2020,O,0.5898089296404266,250.0,41,"Draymond Green, Glenn Robinson III, D'Angelo Russell, Willie Cauley-Stein, Damion Lee"
2020,D,0.5822038030293984,244.0,48,"Tomas Satoransky, Otto Porter Jr., Zach LaVine, Lauri Markkanen, Wendell Carter Jr."
2020,D,-0.5182341619785955,1152.0,231,"Bojan Bogdanovic, Rudy Gobert, Joe Ingles, Royce O'Neale, Donovan Mitchell"
2020,O,0.4940087735614759,200.0,44,"Ersan Ilyasova, Brook Lopez, Wesley Matthews, Eric Bledsoe, Khris Middleton"
2020,D,0.4477782423645288,237.0,75,"Rudy Gay, Marco Belinelli, Patty Mills, Jakob Poeltl, Derrick White"
2020,O,0.43697284965341904,430.0,69,"Chris Paul, Danilo Gallinari, Steven Adams, Shai Gilgeous-Alexander, Luguentz Dort"
2020,O,0.4226000446080014,217.0,41,"Kyrie Irving, Spencer Dinwiddie, Joe Harris, Taurean Prince, Jarrett Allen"
2020,D,0.354482695487016,512.0,83,"Bismack Biyombo, Terry Rozier, Miles Bridges, Devonte' Graham, P.J. Washington"
2020,O,-0.2584667212363401,515.0,76,"Nemanja Bjelica, Cory Joseph, Harrison Barnes, Richaun Holmes, Buddy Hield"
2020,D,0.2298504638587685,420.0,66,"Tim Hardaway Jr., Dwight Powell, Kristaps Porziņģis, Dorian Finney-Smith, Luka Dončić"
2020,O,-0.1680497832904512,760.0,136,"Mike Conley, Bojan Bogdanovic, Rudy Gobert, Royce O'Neale, Donovan Mitchell"
2020,O,-0.10807955541287452,386.0,74,"JJ Redick, Jrue Holiday, Derrick Favors, Brandon Ingram, Lonzo Ball"
2020,O,0.09784623090801407,1391.0,229,"Kevin Love, Tristan Thompson, Cedi Osman, Collin Sexton, Darius Garland"
2020,D,0.0874540965402611,440.0,64,"Patrick Beverley, Paul George, Kawhi Leonard, Maurice Harkless, Ivica Zubac"
2020,O,-0.05671730836154458,491.0,86,"Nikola Vučević, Evan Fournier, Aaron Gordon, Markelle Fultz, Jonathan Isaac"
2020,D,0.051113497369906766,322.0,72,"Jimmy Butler III, Derrick Jones Jr., Bam Adebayo, Duncan Robinson, Kendrick Nunn"
2020,O,-0.027309707123532815,204.0,43,"JJ Redick, Derrick Favors, Brandon Ingram, Lonzo Ball, Josh Hart"
2020,D,0.015979184270324902,757.0,143,"Mike Conley, Bojan Bogdanovic, Rudy Gobert, Royce O'Neale, Donovan Mitchell"
2020,D,0.005255082057882939,236.0,32,"Taj Gibson, Marcus Morris Sr., Reggie Bullock Jr., Elfrid Payton, Julius Randle"
2021,D,19.63344596120718,262.0,64,"Rudy Gay, Patty Mills, Dejounte Murray, Jakob Poeltl, Devin Vassell"
2021,D,-19.26264110748138,226.0,55,"Ricky Rubio, Karl-Anthony Towns, Malik Beasley, Anthony Edwards, Jaden McDaniels"
2021,O,18.53320393416865,203.0,38,"Solomon Hill, Clint Capela, Bogdan Bogdanović, Kevin Huerter, Trae Young"
2021,O,-18.348652534701202,218.0,36,"Zach LaVine, Lauri Markkanen, Wendell Carter Jr., Coby White, Patrick Williams"
2021,O,14.947842901694537,226.0,41,"Tony Snell, Clint Capela, Bogdan Bogdanović, John Collins, Trae Young"
2021,O,14.92438288037099,214.0,76,"Tim Hardaway Jr., Kristaps Porziņģis, Josh Richardson, Dorian Finney-Smith, Jalen Brunson"
2021,D,-14.747361882065928,270.0,50,"Jeremy Lamb, Justin Holiday, Myles Turner, Domantas Sabonis, Malcolm Brogdon"
2021,D,14.172459892169272,276.0,48,"Mike Conley, Bojan Bogdanovic, Rudy Gobert, Joe Ingles, Royce O'Neale"
2021,D,-13.527444701759146,261.0,64,"Brook Lopez, Khris Middleton, Giannis Antetokounmpo, Bryn Forbes, Donte DiVincenzo"
2021,O,13.46257257824945,428.0,72,"Paul Millsap, Will Barton, Nikola Jokić, Jamal Murray, Michael Porter Jr."
2021,O,13.25894657694191,215.0,36,"Will Barton, Aaron Gordon, Nikola Jokić, Jamal Murray, Michael Porter Jr."
2021,D,-13.236291707868817,213.0,41,"Enes Kanter, Damian Lillard, CJ McCollum, Robert Covington, Derrick Jones Jr."
2021,O,13.203913125418518,218.0,70,"Derrick Rose, Taj Gibson, Reggie Bullock Jr., Julius Randle, RJ Barrett"
2021,O,13.054905746846647,266.0,90,"Jae Crowder, Devin Booker, Cameron Payne, Mikal Bridges, Deandre Ayton"
2021,O,12.647266755568932,209.0,35,"Chris Paul, Devin Booker, Torrey Craig, Mikal Bridges, Deandre Ayton"
2021,O,12.596772139254828,265.0,44,"John Wall, Kelly Olynyk, Christian Wood, Kevin Porter Jr., Jae'Sean Tate"
2021,O,-12.549916435264997,393.0,62,"Justin Holiday, Myles Turner, Domantas Sabonis, Caris LeVert, Malcolm Brogdon"
2021,O,-12.526921432492433,533.0,78,"Stephen Curry, Draymond Green, Andrew Wiggins, Kelly Oubre Jr., James Wiseman"
2021,D,-12.502208112730862,437.0,71,"LaMarcus Aldridge, DeMar DeRozan, Dejounte Murray, Lonnie Walker IV, Keldon Johnson"
2021,O,-12.392589044613349,209.0,25,"Ricky Rubio, Karl-Anthony Towns, Jake Layman, Jarred Vanderbilt, Anthony Edwards"
2021,O,12.36236385903469,869.0,121,"Harrison Barnes, Richaun Holmes, Buddy Hield, De'Aaron Fox, Marvin Bagley III"
2021,O,11.875635297365138,454.0,94,"Bojan Bogdanovic, Rudy Gobert, Joe Ingles, Royce O'Neale, Donovan Mitchell"
2021,D,-11.720714579855176,203.0,36,"George Hill, Shai Gilgeous-Alexander, Darius Bazley, Luguentz Dort, Isaiah Roby"
2021,D,11.52776127810556,242.0,61,"Rudy Gobert, Jordan Clarkson, Joe Ingles, Georges Niang, Miye Oni"
2021,O,11.136317109167686,203.0,38,"Will Barton, Aaron Gordon, Nikola Jokić, Michael Porter Jr., Facundo Campazzo"
2021,O,11.135306008772282,241.0,40,"Eric Bledsoe, Steven Adams, Brandon Ingram, Zion Williamson, Nickeil Alexander-Walker"
2021,D,-11.042714427380593,202.0,38,"Will Barton, Aaron Gordon, Nikola Jokić, Michael Porter Jr., Facundo Campazzo"
2021,O,10.965307711822227,200.0,33,"Justin Holiday, Domantas Sabonis, Caris LeVert, Malcolm Brogdon, Edmond Sumner"
2021,O,-10.889341855138998,264.0,46,"Garrett Temple, Nikola Vučević, Daniel Theis, Coby White, Patrick Williams"
2021,D,-10.73739971399984,422.0,71,"Paul Millsap, Will Barton, Nikola Jokić, Jamal Murray, Michael Porter Jr."
2021,D,-10.70225483154354,244.0,43,"Aaron Gordon, Nikola Jokić, PJ Dozier, Michael Porter Jr., Facundo Campazzo"
2021,O,10.573148999985124,229.0,75,"Eric Bledsoe, Steven Adams, Brandon Ingram, Lonzo Ball, Josh Hart"
2021,O,10.566458370219745,565.0,84,"Kristaps Porziņģis, Josh Richardson, Dorian Finney-Smith, Maxi Kleber, Luka Dončić"
2021,D,10.129216020187434,218.0,36,"Zach LaVine, Lauri Markkanen, Wendell Carter Jr., Coby White, Patrick Williams"
2021,O,10.085183950371976,246.0,43,"Gordon Hayward, Cody Zeller, Terry Rozier, P.J. Washington, LaMelo Ball"
2021,D,10.023323434070393,291.0,43,"Russell Westbrook, Bradley Beal, Moritz Wagner, Rui Hachimura, Garrison Mathews"
2021,D,-9.795391642909237,223.0,42,"Tony Snell, Clint Capela, Bogdan Bogdanović, John Collins, Trae Young"
2021,O,9.546398164797377,312.0,58,"Will Barton, Nikola Jokić, Jamal Murray, Monte Morris, Michael Porter Jr."
2021,O,9.543767880143442,485.0,82,"Paul Millsap, Will Barton, Gary Harris, Nikola Jokić, Jamal Murray"
2021,O,-9.414849030807778,312.0,46,"Al Horford, Shai Gilgeous-Alexander, Darius Bazley, Luguentz Dort, Theo Maledon"
2021,D,-9.21533291837141,200.0,32,"Tristan Thompson, Marcus Smart, Jaylen Brown, Jayson Tatum, Daniel Theis"
2021,D,-9.176708839490978,208.0,35,"Chris Paul, Devin Booker, Torrey Craig, Mikal Bridges, Deandre Ayton"
2021,O,-9.035634620279229,508.0,79,"Gordon Hayward, Bismack Biyombo, Terry Rozier, Devonte' Graham, P.J. Washington"
2021,O,8.890451317491385,576.0,91,"Enes Kanter, Damian Lillard, Robert Covington, Derrick Jones Jr., Gary Trent Jr."
2021,O,-8.873021271569886,281.0,59,"Larry Nance Jr., Jarrett Allen, Collin Sexton, Darius Garland, Isaac Okoro"
2021,D,8.751858091377908,205.0,66,"Dwight Howard, Mike Scott, Furkan Korkmaz, Shake Milton, Matisse Thybulle"
2021,O,8.679916254140684,236.0,61,"Rudy Gobert, Jordan Clarkson, Joe Ingles, Georges Niang, Miye Oni"
2021,O,8.404319057377498,261.0,63,"Brook Lopez, Khris Middleton, Giannis Antetokounmpo, Bryn Forbes, Donte DiVincenzo"
2021,O,8.355656738311579,274.0,43,"Eric Bledsoe, Willy Hernangomez, Brandon Ingram, Lonzo Ball, Zion Williamson"
2021,D,-8.334200884804659,216.0,44,"Kemba Walker, Marcus Smart, Jaylen Brown, Jayson Tatum, Robert Williams III"
2021,O,8.331218237270829,409.0,67,"Paul George, Marcus Morris Sr., Kawhi Leonard, Reggie Jackson, Ivica Zubac"
2021,D,8.307881828678582,206.0,26,"Ricky Rubio, Karl-Anthony Towns, Jake Layman, Jarred Vanderbilt, Anthony Edwards"
2021,D,-8.220431461489092,349.0,66,"Blake Griffin, Wayne Ellington, Mason Plumlee, Jerami Grant, Delon Wright"
2021,O,-8.21859029283151,200.0,25,"Russell Westbrook, Bradley Beal, Alex Len, Rui Hachimura, Deni Avdija"
2021,D,-8.193002399856034,240.0,39,"Eric Bledsoe, Steven Adams, Brandon Ingram, Zion Williamson, Nickeil Alexander-Walker"
2021,O,-8.089844037577782,234.0,31,"Kyle Lowry, Aron Baynes, Pascal Siakam, Fred VanVleet, OG Anunoby"
2021,D,8.02659460359658,304.0,56,"Will Barton, Nikola Jokić, Jamal Murray, Monte Morris, Michael Porter Jr."
2021,O,7.948624477719394,547.0,173,"Derrick Favors, Bojan Bogdanovic, Jordan Clarkson, Royce O'Neale, Donovan Mitchell"
2021,O,7.817496686587609,265.0,65,"Derrick Rose, Taj Gibson, Alec Burks, Obi Toppin, Immanuel Quickley"
2021,O,7.762588816947374,848.0,200,"Harrison Barnes, Richaun Holmes, Buddy Hield, De'Aaron Fox, Tyrese Haliburton"
2021,D,-7.707888185877381,269.0,51,"Kyle Lowry, Aron Baynes, Norman Powell, Pascal Siakam, Fred VanVleet"
2021,D,7.687298553413015,769.0,139,"Reggie Bullock Jr., Elfrid Payton, Julius Randle, Mitchell Robinson, RJ Barrett"
2021,O,7.6154303324158485,227.0,46,"Clint Capela, Bogdan Bogdanović, John Collins, Kevin Huerter, Trae Young"
2021,D,7.59897167044507,213.0,71,"Derrick Rose, Taj Gibson, Reggie Bullock Jr., Julius Randle, RJ Barrett"
2021,D,7.58046702730294,270.0,43,"Eric Bledsoe, Willy Hernangomez, Brandon Ingram, Lonzo Ball, Zion Williamson"
2021,O,7.553908634656973,274.0,48,"Mike Conley, Bojan Bogdanovic, Rudy Gobert, Joe Ingles, Royce O'Neale"
2021,O,7.45560373291926,294.0,64,"Derrick Rose, Nerlens Noel, Reggie Bullock Jr., Julius Randle, RJ Barrett"
2021,D,-7.184566991717704,1099.0,153,"Brook Lopez, Jrue Holiday, Khris Middleton, Giannis Antetokounmpo, Donte DiVincenzo"
2021,O,-6.996824314836222,220.0,69,"Bojan Bogdanovic, Rudy Gobert, Jordan Clarkson, Joe Ingles, Royce O'Neale"
2021,O,6.988107280413967,321.0,56,"Stephen Curry, Draymond Green, Andrew Wiggins, Kelly Oubre Jr., Juan Toscano-Anderson"
2021,D,6.718549988768924,290.0,62,"Derrick Rose, Nerlens Noel, Reggie Bullock Jr., Julius Randle, RJ Barrett"
2021,O,6.687651342303773,271.0,50,"Kyle Lowry, Aron Baynes, Norman Powell, Pascal Siakam, Fred VanVleet"
2021,D,-6.669280631881443,208.0,41,"Shai Gilgeous-Alexander, Darius Bazley, Luguentz Dort, Isaiah Roby, Theo Maledon"
2021,O,-6.587914877560376,226.0,42,"Jarrett Allen, Collin Sexton, Darius Garland, Dean Wade, Isaac Okoro"
2021,D,6.345213364658302,260.0,63,"Derrick Rose, Taj Gibson, Alec Burks, Obi Toppin, Immanuel Quickley"
2021,O,6.14389822526611,348.0,64,"Blake Griffin, Wayne Ellington, Mason Plumlee, Jerami Grant, Delon Wright"
2021,D,6.006051560771456,228.0,46,"Jarrett Allen, Collin Sexton, Darius Garland, Dean Wade, Isaac Okoro"
2021,O,-5.841248551239191,292.0,42,"Russell Westbrook, Bradley Beal, Moritz Wagner, Rui Hachimura, Garrison Mathews"
2021,O,5.823785934320988,670.0,96,"DeMar DeRozan, Dejounte Murray, Jakob Poeltl, Derrick White, Keldon Johnson"
2021,D,5.812447722850736,215.0,41,"Tim Hardaway Jr., Willie Cauley-Stein, Josh Richardson, Dorian Finney-Smith, Luka Dončić"
2021,D,-5.810990888776484,231.0,76,"Eric Bledsoe, Steven Adams, Brandon Ingram, Lonzo Ball, Josh Hart"
2021,D,5.743451139038369,226.0,46,"Clint Capela, Bogdan Bogdanović, John Collins, Kevin Huerter, Trae Young"
2021,D,-5.726380984884703,386.0,68,"DeMar DeRozan, Dejounte Murray, Jakob Poeltl, Lonnie Walker IV, Keldon Johnson"
2021,O,5.690289904453535,218.0,33,"Kyle Lowry, Norman Powell, Pascal Siakam, Fred VanVleet, OG Anunoby"
2021,O,5.680964514981718,967.0,142,"Jonas Valanciunas, Kyle Anderson, Dillon Brooks, Grayson Allen, Ja Morant"
2021,O,5.571075903357176,1235.0,199,"Eric Bledsoe, Steven Adams, Brandon Ingram, Lonzo Ball, Zion Williamson"
2021,O,5.472935426642689,220.0,47,"Kemba Walker, Marcus Smart, Jaylen Brown, Jayson Tatum, Robert Williams III"
2021,D,-5.460018942014068,397.0,74,"Clint Capela, John Collins, Kevin Huerter, Trae Young, Cam Reddish"
2021,O,5.404429215684561,230.0,58,"Ricky Rubio, Karl-Anthony Towns, Malik Beasley, Anthony Edwards, Jaden McDaniels"
2021,D,5.286608640583243,1197.0,188,"Mike Conley, Bojan Bogdanovic, Rudy Gobert, Royce O'Neale, Donovan Mitchell"
2021,O,5.2655397125935535,241.0,45,"Aaron Gordon, Nikola Jokić, PJ Dozier, Michael Porter Jr., Facundo Campazzo"
2021,D,5.256715975959473,961.0,139,"Jonas Valanciunas, Kyle Anderson, Dillon Brooks, Grayson Allen, Ja Morant"
2021,O,4.909572487442179,550.0,87,"Stephen Curry, Draymond Green, Kent Bazemore, Andrew Wiggins, Kevon Looney"
2021,D,4.8876460224761935,358.0,64,"Tony Snell, Clint Capela, John Collins, Kevin Huerter, Trae Young"
2021,O,4.8670904187713795,396.0,58,"Trevor Ariza, Jimmy Butler III, Bam Adebayo, Duncan Robinson, Kendrick Nunn"
2021,D,-4.825024496892054,383.0,54,"DeAndre Jordan, James Harden, Kyrie Irving, Joe Harris, Bruce Brown"
2021,D,-4.781404588438508,1234.0,195,"Eric Bledsoe, Steven Adams, Brandon Ingram, Lonzo Ball, Zion Williamson"
2021,O,4.755677408841084,528.0,84,"Serge Ibaka, Nicolas Batum, Patrick Beverley, Paul George, Kawhi Leonard"
2021,D,4.6106572069812914,393.0,64,"Justin Holiday, Myles Turner, Domantas Sabonis, Caris LeVert, Malcolm Brogdon"
2021,D,4.606758283927095,772.0,122,"Damian Lillard, CJ McCollum, Robert Covington, Jusuf Nurkić, Norman Powell"
2021,O,4.59826929104656,390.0,89,"Chris Paul, Devin Booker, Mikal Bridges, Deandre Ayton, Cameron Johnson"
2021,O,4.517208303323991,228.0,38,"Ricky Rubio, Karl-Anthony Towns, Malik Beasley, Jarred Vanderbilt, Anthony Edwards"
2021,D,-4.479943631114587,484.0,80,"Paul Millsap, Will Barton, Gary Harris, Nikola Jokić, Jamal Murray"
2021,D,4.3763744400675115,519.0,81,"Serge Ibaka, Nicolas Batum, Patrick Beverley, Paul George, Kawhi Leonard"
2021,O,4.371668277939882,394.0,69,"Stephen Curry, Draymond Green, Andrew Wiggins, Kelly Oubre Jr., Kevon Looney"
2021,O,4.345590912386381,288.0,37,"Garrett Temple, Zach LaVine, Wendell Carter Jr., Coby White, Patrick Williams"
2021,D,4.329112828856964,289.0,38,"Garrett Temple, Zach LaVine, Wendell Carter Jr., Coby White, Patrick Williams"
2021,O,4.328298156786523,471.0,96,"Jonas Valanciunas, Kyle Anderson, Dillon Brooks, Ja Morant, Desmond Bane"
2021,D,-4.171094458628062,1092.0,193,"Nerlens Noel, Reggie Bullock Jr., Elfrid Payton, Julius Randle, RJ Barrett"
2021,O,4.162681772456002,397.0,70,"Clint Capela, John Collins, Kevin Huerter, Trae Young, Cam Reddish"
2021,O,4.1209119471486,218.0,42,"Tim Hardaway Jr., Willie Cauley-Stein, Josh Richardson, Dorian Finney-Smith, Luka Dončić"
2021,D,3.9933837235711396,529.0,77,"Stephen Curry, Draymond Green, Andrew Wiggins, Kelly Oubre Jr., James Wiseman"
2021,D,3.8971463688529213,216.0,32,"Kyle Lowry, Norman Powell, Pascal Siakam, Fred VanVleet, OG Anunoby"
2021,O,3.8833606892790296,360.0,64,"Tony Snell, Clint Capela, John Collins, Kevin Huerter, Trae Young"
2021,D,3.803482242487348,860.0,122,"Harrison Barnes, Richaun Holmes, Buddy Hield, De'Aaron Fox, Marvin Bagley III"
2021,D,3.7786440642026906,413.0,68,"Paul George, Marcus Morris Sr., Kawhi Leonard, Reggie Jackson, Ivica Zubac"
2021,O,3.6858241106973595,382.0,67,"DeMar DeRozan, Dejounte Murray, Jakob Poeltl, Lonnie Walker IV, Keldon Johnson"
2021,D,-3.6026291928216962,663.0,100,"DeMar DeRozan, Dejounte Murray, Jakob Poeltl, Derrick White, Keldon Johnson"
2021,D,3.5200746574987103,220.0,37,"Ricky Rubio, Karl-Anthony Towns, Malik Beasley, Jarred Vanderbilt, Anthony Edwards"
2021,D,3.4767460761183417,313.0,45,"Al Horford, Shai Gilgeous-Alexander, Darius Bazley, Luguentz Dort, Theo Maledon"
2021,D,-3.4728168238146684,204.0,32,"Russell Westbrook, Bradley Beal, Alex Len, Rui Hachimura, Garrison Mathews"
2021,D,3.237659890635404,219.0,66,"Bojan Bogdanovic, Rudy Gobert, Jordan Clarkson, Joe Ingles, Royce O'Neale"
2021,D,-3.2141597603780037,213.0,78,"Tim Hardaway Jr., Kristaps Porziņģis, Josh Richardson, Dorian Finney-Smith, Jalen Brunson"
2021,O,3.1921660592707455,268.0,50,"Jeremy Lamb, Justin Holiday, Myles Turner, Domantas Sabonis, Malcolm Brogdon"
2021,D,3.17906818260563,570.0,95,"Enes Kanter, Damian Lillard, Robert Covington, Derrick Jones Jr., Gary Trent Jr."
2021,O,3.170887475588817,256.0,40,"Tristan Thompson, Kemba Walker, Jaylen Brown, Jayson Tatum, Daniel Theis"
2021,O,3.158010787216221,200.0,31,"Jimmy Butler III, Kelly Olynyk, Bam Adebayo, Duncan Robinson, Tyler Herro"
2021,O,-3.144662357305205,360.0,65,"Ricky Rubio, Karl-Anthony Towns, Josh Okogie, Anthony Edwards, Jaden McDaniels"
2021,O,-3.1315528678500866,767.0,139,"Reggie Bullock Jr., Elfrid Payton, Julius Randle, Mitchell Robinson, RJ Barrett"
2021,D,3.0943520875151997,455.0,94,"Bojan Bogdanovic, Rudy Gobert, Joe Ingles, Royce O'Neale, Donovan Mitchell"
2021,D,3.0577935988259988,1327.0,235,"Danny Green, Tobias Harris, Seth Curry, Joel Embiid, Ben Simmons"
2021,D,-2.9436797361125406,244.0,42,"Gordon Hayward, Cody Zeller, Terry Rozier, P.J. Washington, LaMelo Ball"
2021,D,2.8879368063061888,641.0,166,"Mike Conley, Rudy Gobert, Jordan Clarkson, Joe Ingles, Georges Niang"
2021,D,-2.8488074652738233,279.0,58,"Larry Nance Jr., Jarrett Allen, Collin Sexton, Darius Garland, Isaac Okoro"
2021,D,-2.712662939981639,259.0,40,"Tristan Thompson, Kemba Walker, Jaylen Brown, Jayson Tatum, Daniel Theis"
2021,O,2.7030171806044954,641.0,167,"Mike Conley, Rudy Gobert, Jordan Clarkson, Joe Ingles, Georges Niang"
2021,O,2.6075597260331795,1094.0,193,"Nerlens Noel, Reggie Bullock Jr., Elfrid Payton, Julius Randle, RJ Barrett"
2021,O,-2.583336395756107,372.0,126,"Derrick Favors, Bojan Bogdanovic, Joe Ingles, Royce O'Neale, Donovan Mitchell"
2021,O,2.5707824049072547,782.0,125,"Damian Lillard, CJ McCollum, Robert Covington, Jusuf Nurkić, Norman Powell"
2021,O,2.513669892805359,210.0,38,"Enes Kanter, Damian Lillard, CJ McCollum, Robert Covington, Derrick Jones Jr."
2021,O,2.4976438163199473,1347.0,240,"Danny Green, Tobias Harris, Seth Curry, Joel Embiid, Ben Simmons"
2021,D,2.3710679055926716,354.0,64,"Ricky Rubio, Karl-Anthony Towns, Josh Okogie, Anthony Edwards, Jaden McDaniels"
2021,D,2.3705892733975293,484.0,87,"Justin Holiday, Doug McDermott, Myles Turner, Domantas Sabonis, Malcolm Brogdon"
2021,D,-2.3006202334648433,367.0,124,"Derrick Favors, Bojan Bogdanovic, Joe Ingles, Royce O'Neale, Donovan Mitchell"
2021,D,-2.284608107687547,263.0,43,"John Wall, Kelly Olynyk, Christian Wood, Kevin Porter Jr., Jae'Sean Tate"
2021,O,2.247170337227315,571.0,71,"LeBron James, Marc Gasol, Anthony Davis, Dennis Schröder, Kentavious Caldwell-Pope"
2021,D,-2.235732620620372,267.0,48,"Garrett Temple, Nikola Vučević, Daniel Theis, Coby White, Patrick Williams"
2021,O,2.1690691503951274,229.0,39,"Thaddeus Young, Nikola Vučević, Tomas Satoransky, Zach LaVine, Patrick Williams"
2021,D,2.157102254431796,569.0,71,"LeBron James, Marc Gasol, Anthony Davis, Dennis Schröder, Kentavious Caldwell-Pope"
2021,D,2.1189442349148195,317.0,41,"Chris Paul, Frank Kaminsky, Devin Booker, Mikal Bridges, Deandre Ayton"
2021,D,-2.0142640935131078,429.0,68,"Damian Lillard, CJ McCollum, Robert Covington, Jusuf Nurkić, Derrick Jones Jr."
2021,D,-2.007161302544435,550.0,85,"Stephen Curry, Draymond Green, Kent Bazemore, Andrew Wiggins, Kevon Looney"
2021,D,-1.9762352329872668,566.0,81,"Kristaps Porziņģis, Josh Richardson, Dorian Finney-Smith, Maxi Kleber, Luka Dončić"
2021,D,-1.972588239871212,544.0,175,"Derrick Favors, Bojan Bogdanovic, Jordan Clarkson, Royce O'Neale, Donovan Mitchell"
2021,O,1.9185353514100034,208.0,31,"Russell Westbrook, Bradley Beal, Alex Len, Rui Hachimura, Garrison Mathews"
2021,O,1.870035570113727,387.0,51,"DeAndre Jordan, James Harden, Kyrie Irving, Joe Harris, Bruce Brown"
2021,D,1.8615888065960975,397.0,58,"Trevor Ariza, Jimmy Butler III, Bam Adebayo, Duncan Robinson, Kendrick Nunn"
2021,O,-1.8600478365903859,446.0,74,"LaMarcus Aldridge, DeMar DeRozan, Dejounte Murray, Lonnie Walker IV, Keldon Johnson"
2021,D,-1.829870384711535,1418.0,238,"Chris Paul, Jae Crowder, Devin Booker, Mikal Bridges, Deandre Ayton"
2021,O,-1.7565867074948118,223.0,35,"Danny Green, Tobias Harris, Mike Scott, Seth Curry, Ben Simmons"
2021,D,-1.7501684961730615,213.0,35,"Will Barton, Aaron Gordon, Nikola Jokić, Jamal Murray, Michael Porter Jr."
2021,D,-1.6273481726849985,386.0,90,"Chris Paul, Devin Booker, Mikal Bridges, Deandre Ayton, Cameron Johnson"
2021,O,-1.5910138161248564,205.0,63,"Dwight Howard, Mike Scott, Furkan Korkmaz, Shake Milton, Matisse Thybulle"
2021,D,1.5439472896394253,514.0,78,"Gordon Hayward, Bismack Biyombo, Terry Rozier, Devonte' Graham, P.J. Washington"
2021,O,1.5017379443045735,202.0,28,"Clint Capela, John Collins, Trae Young, Cam Reddish, De'Andre Hunter"
2021,D,1.472908366402981,323.0,57,"Stephen Curry, Draymond Green, Andrew Wiggins, Kelly Oubre Jr., Juan Toscano-Anderson"
2021,D,1.3782416501406405,200.0,37,"Solomon Hill, Clint Capela, Bogdan Bogdanović, Kevin Huerter, Trae Young"
2021,O,-1.311243687097341,428.0,66,"Damian Lillard, CJ McCollum, Robert Covington, Jusuf Nurkić, Derrick Jones Jr."
2021,O,1.2950347559006292,397.0,59,"Al Horford, George Hill, Shai Gilgeous-Alexander, Darius Bazley, Luguentz Dort"
2021,D,1.200578006129189,460.0,97,"Jonas Valanciunas, Kyle Anderson, Dillon Brooks, Ja Morant, Desmond Bane"
2021,D,1.1873615273013791,220.0,35,"Danny Green, Tobias Harris, Mike Scott, Seth Curry, Ben Simmons"
2021,O,-0.9084516385208375,261.0,67,"Rudy Gay, Patty Mills, Dejounte Murray, Jakob Poeltl, Devin Vassell"
2021,D,0.8985295480217879,391.0,67,"Stephen Curry, Draymond Green, Andrew Wiggins, Kelly Oubre Jr., Kevon Looney"
2021,O,-0.7774345653255392,208.0,42,"Shai Gilgeous-Alexander, Darius Bazley, Luguentz Dort, Isaiah Roby, Theo Maledon"
2021,O,0.7648925227612922,1198.0,193,"Mike Conley, Bojan Bogdanovic, Rudy Gobert, Royce O'Neale, Donovan Mitchell"
2021,O,0.7488641060322897,312.0,39,"Chris Paul, Frank Kaminsky, Devin Booker, Mikal Bridges, Deandre Ayton"
2021,D,0.7188731879472106,381.0,50,"Jimmy Butler III, Kelly Olynyk, Bam Adebayo, Duncan Robinson, Kendrick Nunn"
2021,O,0.71028594543754,491.0,93,"Justin Holiday, Doug McDermott, Myles Turner, Domantas Sabonis, Malcolm Brogdon"
2021,O,-0.6037890256347797,1102.0,153,"Brook Lopez, Jrue Holiday, Khris Middleton, Giannis Antetokounmpo, Donte DiVincenzo"
2021,D,-0.5555342392547764,859.0,195,"Harrison Barnes, Richaun Holmes, Buddy Hield, De'Aaron Fox, Tyrese Haliburton"
2021,D,-0.4873467139716424,249.0,89,"Jae Crowder, Devin Booker, Cameron Payne, Mikal Bridges, Deandre Ayton"
2021,D,0.3345277934786583,396.0,58,"Al Horford, George Hill, Shai Gilgeous-Alexander, Darius Bazley, Luguentz Dort"
2021,D,0.25407006732444243,229.0,42,"Thaddeus Young, Nikola Vučević, Tomas Satoransky, Zach LaVine, Patrick Williams"
2021,O,0.2509071021052127,381.0,51,"Jimmy Butler III, Kelly Olynyk, Bam Adebayo, Duncan Robinson, Kendrick Nunn"
2021,O,-0.135218725576335,1415.0,244,"Chris Paul, Jae Crowder, Devin Booker, Mikal Bridges, Deandre Ayton"
2021,D,-0.09372541934201538,235.0,33,"Kyle Lowry, Aron Baynes, Pascal Siakam, Fred VanVleet, OG Anunoby"
2022,O,22.26623383598629,211.0,50,"D'Angelo Russell, Karl-Anthony Towns, Malik Beasley, Jarred Vanderbilt, Anthony Edwards"
2022,O,-22.08860158541362,350.0,55,"Christian Wood, Daniel Theis, Kevin Porter Jr., Jalen Green, Jae'Sean Tate"
2022,O,-20.30893304379748,208.0,31,"Tim Hardaway Jr., Dwight Powell, Kristaps Porziņģis, Dorian Finney-Smith, Luka Dončić"
2022,D,18.168130185932174,351.0,64,"Will Barton, Aaron Gordon, Nikola Jokić, Monte Morris, Michael Porter Jr."
2022,D,-15.492636894108847,236.0,38,"Harrison Barnes, Justin Holiday, Trey Lyles, Damian Jones, Davion Mitchell"
2022,O,15.106940968437991,330.0,55,"Clint Capela, Bogdan Bogdanović, John Collins, Kevin Huerter, Trae Young"
2022,D,15.075155320051719,263.0,75,"Steven Adams, Kyle Anderson, De'Anthony Melton, Ja Morant, Ziaire Williams"
2022,O,14.673528842713711,223.0,64,"DeMarcus Cousins, Austin Rivers, JaMychal Green, Bryn Forbes, Bones Hyland"
2022,D,14.515798141359266,884.0,121,"Al Horford, Marcus Smart, Jaylen Brown, Jayson Tatum, Robert Williams III"
2022,O,-14.027061667773781,354.0,55,"Kevin Durant, Blake Griffin, James Harden, Joe Harris, Bruce Brown"
2022,D,13.978940148993429,236.0,59,"Lou Williams, Danilo Gallinari, Bogdan Bogdanović, Delon Wright, Onyeka Okongwu"
2022,O,-13.720173875505825,528.0,82,"Shai Gilgeous-Alexander, Darius Bazley, Luguentz Dort, Jeremiah Robinson-Earl, Josh Giddey"
2022,O,13.487979230998794,231.0,54,"Marcus Smart, Jaylen Brown, Jayson Tatum, Robert Williams III, Grant Williams"
2022,O,13.312945846016726,286.0,43,"Jonas Valanciunas, CJ McCollum, Brandon Ingram, Jaxson Hayes, Herbert Jones"
2022,O,-13.1282287855492,635.0,103,"Bradley Beal, Kentavious Caldwell-Pope, Spencer Dinwiddie, Kyle Kuzma, Daniel Gafford"
2022,D,12.947636799633065,215.0,49,"D'Angelo Russell, Karl-Anthony Towns, Malik Beasley, Anthony Edwards, Jaden McDaniels"
2022,O,12.719901142195246,211.0,34,"Jarrett Allen, Darius Garland, Dean Wade, Isaac Okoro, Evan Mobley"
2022,O,12.55376746266436,287.0,80,"Mason Plumlee, Terry Rozier, Miles Bridges, Cody Martin, LaMelo Ball"
2022,D,-12.473466786841506,208.0,50,"D'Angelo Russell, Karl-Anthony Towns, Malik Beasley, Jarred Vanderbilt, Anthony Edwards"
2022,D,11.963461656899632,262.0,54,"Chris Paul, JaVale McGee, Jae Crowder, Devin Booker, Mikal Bridges"
2022,O,11.369497057346969,692.0,142,"Reggie Bullock Jr., Dwight Powell, Dorian Finney-Smith, Jalen Brunson, Luka Dončić"
2022,D,11.344949519417575,297.0,66,"Pascal Siakam, Fred VanVleet, Gary Trent Jr., Precious Achiuwa, Scottie Barnes"
2022,D,11.264481012909396,358.0,56,"Kevin Durant, Blake Griffin, James Harden, Joe Harris, Bruce Brown"
2022,D,-10.93503801404582,264.0,45,"CJ McCollum, Robert Covington, Jusuf Nurkić, Norman Powell, Anfernee Simons"
2022,O,-10.931479352863215,266.0,42,"Dwight Powell, Dorian Finney-Smith, Maxi Kleber, Jalen Brunson, Luka Dončić"
2022,O,-10.633001567345575,355.0,66,"Will Barton, Aaron Gordon, Nikola Jokić, Monte Morris, Michael Porter Jr."
2022,O,10.515402440201617,295.0,61,"Jae Crowder, Devin Booker, Cameron Payne, Mikal Bridges, Deandre Ayton"
2022,O,-10.51007830504397,841.0,157,"Kemba Walker, Evan Fournier, Julius Randle, Mitchell Robinson, RJ Barrett"
2022,O,-10.460368023803674,217.0,31,"Doug McDermott, Dejounte Murray, Derrick White, Drew Eubanks, Keldon Johnson"
2022,D,-10.448805066239242,227.0,41,"Kevin Porter Jr., Garrison Mathews, Jalen Green, Jae'Sean Tate, Alperen Sengun"
2022,O,10.349071614640806,670.0,100,"Mason Plumlee, Terry Rozier, Miles Bridges, P.J. Washington, LaMelo Ball"
2022,D,-10.048879684055981,260.0,40,"Shai Gilgeous-Alexander, Luguentz Dort, Jeremiah Robinson-Earl, Josh Giddey, Aaron Wiggins"
2022,D,9.912559570106708,330.0,54,"Clint Capela, Bogdan Bogdanović, John Collins, Kevin Huerter, Trae Young"
2022,O,-9.811434482742117,231.0,56,"Tyus Jones, Jaren Jackson Jr., Brandon Clarke, John Konchar, Desmond Bane"
2022,O,-9.628071541344994,261.0,44,"CJ McCollum, Robert Covington, Jusuf Nurkić, Norman Powell, Anfernee Simons"
2022,D,-9.452705216675286,506.0,84,"DeMar DeRozan, Nikola Vučević, Zach LaVine, Javonte Green, Ayo Dosunmu"
2022,D,-9.371643926245456,208.0,68,"Patrick Beverley, Karl-Anthony Towns, Malik Beasley, Jarred Vanderbilt, Anthony Edwards"
2022,D,9.371452433138803,224.0,32,"Steven Adams, Dillon Brooks, Jaren Jackson Jr., Ja Morant, Desmond Bane"
2022,O,-9.24262848673475,346.0,51,"Nicolas Batum, Paul George, Eric Bledsoe, Reggie Jackson, Ivica Zubac"
2022,O,9.05585341658884,289.0,46,"Myles Turner, Domantas Sabonis, Caris LeVert, Malcolm Brogdon, Chris Duarte"
2022,D,-8.998448706060083,270.0,47,"Dwight Powell, Dorian Finney-Smith, Maxi Kleber, Jalen Brunson, Luka Dončić"
2022,O,-8.921229114552933,521.0,101,"Jerami Grant, Killian Hayes, Saddiq Bey, Isaiah Stewart, Cade Cunningham"
2022,D,8.837211466153553,230.0,52,"Marcus Smart, Jaylen Brown, Jayson Tatum, Robert Williams III, Grant Williams"
2022,O,8.750425645148873,324.0,62,"Gary Harris, Mo Bamba, Wendell Carter Jr., Cole Anthony, Franz Wagner"
2022,O,8.560061147245426,206.0,41,"Pascal Siakam, Fred VanVleet, Chris Boucher, Gary Trent Jr., Scottie Barnes"
2022,D,8.549640462931972,212.0,33,"Jarrett Allen, Darius Garland, Dean Wade, Isaac Okoro, Evan Mobley"
2022,O,-8.5274906681798,215.0,84,"P.J. Tucker, Jimmy Butler III, Bam Adebayo, Duncan Robinson, Tyler Herro"
2022,O,8.450678187575088,546.0,97,"Cory Joseph, Jerami Grant, Saddiq Bey, Isaiah Stewart, Cade Cunningham"
2022,D,-8.405449562031095,245.0,43,"Cory Joseph, Hamidou Diallo, Saddiq Bey, Isaiah Stewart, Cade Cunningham"
2022,D,8.3617663352983,859.0,134,"Mo Bamba, Wendell Carter Jr., Cole Anthony, Franz Wagner, Jalen Suggs"
2022,O,8.360250636801137,508.0,81,"DeMar DeRozan, Nikola Vučević, Zach LaVine, Javonte Green, Ayo Dosunmu"
2022,D,-8.093177488038558,272.0,45,"Kevin Durant, Kyrie Irving, Andre Drummond, Seth Curry, Bruce Brown"
2022,O,-8.08016021013422,488.0,95,"Tobias Harris, Seth Curry, Joel Embiid, Matisse Thybulle, Tyrese Maxey"
2022,D,8.003847961164336,810.0,141,"Kyle Lowry, P.J. Tucker, Jimmy Butler III, Bam Adebayo, Duncan Robinson"
2022,D,7.727143371110964,232.0,74,"Mike Conley, Rudy Gobert, Jordan Clarkson, Joe Ingles, Eric Paschall"
2022,D,-7.689557290163176,246.0,81,"Hassan Whiteside, Bojan Bogdanovic, Joe Ingles, Royce O'Neale, Donovan Mitchell"
2022,O,-7.440004652004862,245.0,43,"Cory Joseph, Hamidou Diallo, Saddiq Bey, Isaiah Stewart, Cade Cunningham"
2022,D,-7.412215934145875,202.0,36,"Clint Capela, Timothe Luwawu-Cabarrot, Kevin Huerter, Trae Young, De'Andre Hunter"
2022,D,-7.300005979870911,467.0,68,"Danilo Gallinari, Clint Capela, Kevin Huerter, Trae Young, De'Andre Hunter"
2022,D,7.2736974992648085,311.0,58,"Fred VanVleet, OG Anunoby, Gary Trent Jr., Precious Achiuwa, Scottie Barnes"
2022,O,7.203176324026567,422.0,61,"Steven Adams, Jaren Jackson Jr., Ja Morant, Desmond Bane, Ziaire Williams"
2022,D,-7.197493386015129,434.0,71,"Nicolas Batum, Marcus Morris Sr., Reggie Jackson, Ivica Zubac, Amir Coffey"
2022,O,7.1325356118787075,242.0,42,"Tomas Satoransky, Kentavious Caldwell-Pope, Kristaps Porziņģis, Rui Hachimura, Corey Kispert"
2022,D,-7.128139247323083,208.0,34,"Derrick Favors, Shai Gilgeous-Alexander, Darius Bazley, Luguentz Dort, Josh Giddey"
2022,O,-7.112698481566226,210.0,34,"Derrick Favors, Shai Gilgeous-Alexander, Darius Bazley, Luguentz Dort, Josh Giddey"
2022,O,7.023537440894223,888.0,147,"Patrick Beverley, D'Angelo Russell, Karl-Anthony Towns, Jarred Vanderbilt, Anthony Edwards"
2022,O,6.792925546243368,233.0,59,"Lou Williams, Danilo Gallinari, Bogdan Bogdanović, Delon Wright, Onyeka Okongwu"
2022,O,6.788547261256302,217.0,45,"DeMar DeRozan, Nikola Vučević, Zach LaVine, Coby White, Javonte Green"
2022,D,6.716239579133372,636.0,101,"Bradley Beal, Kentavious Caldwell-Pope, Spencer Dinwiddie, Kyle Kuzma, Daniel Gafford"
2022,D,6.711930639865252,672.0,118,"Jonas Valanciunas, Brandon Ingram, Josh Hart, Devonte' Graham, Herbert Jones"
2022,D,-6.579313717585535,411.0,61,"Steven Adams, Jaren Jackson Jr., Ja Morant, Desmond Bane, Ziaire Williams"
2022,O,6.515041919548922,349.0,64,"Steven Adams, Jaren Jackson Jr., De'Anthony Melton, Ja Morant, Desmond Bane"
2022,O,-6.476918225655417,269.0,60,"Garrett Temple, Jonas Valanciunas, Josh Hart, Devonte' Graham, Nickeil Alexander-Walker"
2022,D,6.434427381228688,235.0,56,"Chris Paul, Jae Crowder, Mikal Bridges, Landry Shamet, Deandre Ayton"
2022,D,6.370612027688659,349.0,53,"Christian Wood, Daniel Theis, Kevin Porter Jr., Jalen Green, Jae'Sean Tate"
2022,D,6.185802177352652,314.0,46,"DeMar DeRozan, Nikola Vučević, Zach LaVine, Lonzo Ball, Javonte Green"
2022,O,-6.099578378247514,260.0,60,"Bradley Beal, Kentavious Caldwell-Pope, Spencer Dinwiddie, Montrezl Harrell, Kyle Kuzma"
2022,D,6.0811216171357945,205.0,41,"Pascal Siakam, Fred VanVleet, Chris Boucher, Gary Trent Jr., Scottie Barnes"
2022,O,6.031689384197748,267.0,77,"Steven Adams, Kyle Anderson, De'Anthony Melton, Ja Morant, Ziaire Williams"
2022,D,-6.011493174783892,236.0,59,"Tyus Jones, Jaren Jackson Jr., Brandon Clarke, John Konchar, Desmond Bane"
2022,O,5.991074223204675,446.0,70,"Lauri Markkanen, Jarrett Allen, Darius Garland, Isaac Okoro, Evan Mobley"
2022,O,5.921351654422357,1561.0,252,"Jeff Green, Will Barton, Aaron Gordon, Nikola Jokić, Monte Morris"
2022,D,5.906442484135533,775.0,108,"Gordon Hayward, Mason Plumlee, Terry Rozier, Miles Bridges, LaMelo Ball"
2022,D,-5.760762116226817,840.0,152,"Kemba Walker, Evan Fournier, Julius Randle, Mitchell Robinson, RJ Barrett"
2022,O,5.759383114973508,303.0,61,"Jeff Green, Austin Rivers, Aaron Gordon, Nikola Jokić, Monte Morris"
2022,D,-5.687477207348122,492.0,96,"Tobias Harris, Seth Curry, Joel Embiid, Matisse Thybulle, Tyrese Maxey"
2022,O,-5.548385610629942,205.0,58,"Reggie Bullock Jr., Dorian Finney-Smith, Maxi Kleber, Jalen Brunson, Luka Dončić"
2022,D,5.518738814684648,222.0,30,"Doug McDermott, Dejounte Murray, Derrick White, Drew Eubanks, Keldon Johnson"
2022,D,-5.4831931883228116,1344.0,232,"Mike Conley, Bojan Bogdanovic, Rudy Gobert, Royce O'Neale, Donovan Mitchell"
2022,D,5.47975712173852,359.0,59,"Nicolas Batum, Marcus Morris Sr., Reggie Jackson, Ivica Zubac, Terance Mann"
2022,O,5.3903991479599656,471.0,68,"Danilo Gallinari, Clint Capela, Kevin Huerter, Trae Young, De'Andre Hunter"
2022,O,5.2916422424811,376.0,59,"Steven Adams, Tyus Jones, Dillon Brooks, Jaren Jackson Jr., Desmond Bane"
2022,O,5.290789640695998,224.0,30,"Steven Adams, Dillon Brooks, Jaren Jackson Jr., Ja Morant, Desmond Bane"
2022,O,5.2856912343831235,230.0,44,"Kevin Porter Jr., Garrison Mathews, Jalen Green, Jae'Sean Tate, Alperen Sengun"
2022,O,5.205079793853298,202.0,42,"Eric Gordon, Christian Wood, Armoni Brooks, Garrison Mathews, Jae'Sean Tate"
2022,O,-5.174318189895627,695.0,114,"Pascal Siakam, Fred VanVleet, OG Anunoby, Gary Trent Jr., Scottie Barnes"
2022,O,5.157116377599394,321.0,57,"Doug McDermott, Dejounte Murray, Jakob Poeltl, Keldon Johnson, Devin Vassell"
2022,O,5.120750533282573,488.0,89,"Clint Capela, Bogdan Bogdanović, John Collins, Trae Young, De'Andre Hunter"
2022,O,5.095762779395909,657.0,115,"James Harden, Tobias Harris, Joel Embiid, Matisse Thybulle, Tyrese Maxey"
2022,D,4.943347522189794,551.0,95,"Cory Joseph, Jerami Grant, Saddiq Bey, Isaiah Stewart, Cade Cunningham"
2022,O,-4.89467919790631,860.0,134,"Mo Bamba, Wendell Carter Jr., Cole Anthony, Franz Wagner, Jalen Suggs"
2022,O,-4.894049656792353,203.0,56,"DeMar DeRozan, Nikola Vučević, Zach LaVine, Alex Caruso, Lonzo Ball"
2022,O,-4.833107787096656,201.0,44,"Jonas Valanciunas, Brandon Ingram, Devonte' Graham, Nickeil Alexander-Walker, Herbert Jones"
2022,D,4.713702999448756,875.0,148,"Patrick Beverley, D'Angelo Russell, Karl-Anthony Towns, Jarred Vanderbilt, Anthony Edwards"
2022,D,4.678681736156711,651.0,114,"James Harden, Tobias Harris, Joel Embiid, Matisse Thybulle, Tyrese Maxey"
2022,D,4.620562329143984,715.0,88,"Stephen Curry, Draymond Green, Andrew Wiggins, Kevon Looney, Jordan Poole"
2022,O,-4.618532467806149,819.0,144,"Kyle Lowry, P.J. Tucker, Jimmy Butler III, Bam Adebayo, Duncan Robinson"
2022,O,-4.547418389657653,322.0,57,"D'Angelo Russell, Karl-Anthony Towns, Jarred Vanderbilt, Anthony Edwards, Jaden McDaniels"
2022,O,4.516567350919309,273.0,43,"Kevin Durant, Kyrie Irving, Andre Drummond, Seth Curry, Bruce Brown"
2022,D,4.505504787890787,308.0,63,"Jeff Green, Austin Rivers, Aaron Gordon, Nikola Jokić, Monte Morris"
2022,O,-4.503094606573392,786.0,110,"Gordon Hayward, Mason Plumlee, Terry Rozier, Miles Bridges, LaMelo Ball"
2022,O,4.462204063710179,447.0,147,"Hassan Whiteside, Bojan Bogdanovic, Jordan Clarkson, Royce O'Neale, Donovan Mitchell"
2022,D,-4.335355918049671,346.0,52,"Nicolas Batum, Paul George, Eric Bledsoe, Reggie Jackson, Ivica Zubac"
2022,D,-4.156384648586386,565.0,101,"Damian Lillard, CJ McCollum, Robert Covington, Jusuf Nurkić, Norman Powell"
2022,O,4.124145387315001,309.0,59,"Clint Capela, Timothe Luwawu-Cabarrot, John Collins, Kevin Huerter, Trae Young"
2022,D,4.105965630656157,314.0,52,"P.J. Tucker, Jimmy Butler III, Bam Adebayo, Duncan Robinson, Gabe Vincent"
2022,D,-4.06458667396427,211.0,31,"Tim Hardaway Jr., Dwight Powell, Kristaps Porziņģis, Dorian Finney-Smith, Luka Dončić"
2022,O,4.041159760430956,298.0,69,"Pascal Siakam, Fred VanVleet, Gary Trent Jr., Precious Achiuwa, Scottie Barnes"
2022,O,-3.9583221423596697,267.0,55,"Chris Paul, JaVale McGee, Jae Crowder, Devin Booker, Mikal Bridges"
2022,D,3.8788050230901145,481.0,87,"Clint Capela, Bogdan Bogdanović, John Collins, Trae Young, De'Andre Hunter"
2022,O,-3.8323672755948244,271.0,54,"Christian Wood, Kevin Porter Jr., Garrison Mathews, Jalen Green, Jae'Sean Tate"
2022,D,-3.813823511134224,376.0,61,"Khem Birch, Pascal Siakam, Fred VanVleet, Gary Trent Jr., Scottie Barnes"
2022,D,3.7261603991088412,724.0,121,"Eric Gordon, Christian Wood, Kevin Porter Jr., Jalen Green, Jae'Sean Tate"
2022,O,-3.6824968106203513,230.0,38,"Harrison Barnes, Justin Holiday, Trey Lyles, Damian Jones, Davion Mitchell"
2022,D,3.679470681900919,315.0,63,"Hamidou Diallo, Killian Hayes, Saddiq Bey, Isaiah Stewart, Cade Cunningham"
2022,D,3.6219525748195736,455.0,124,"Rudy Gay, Mike Conley, Rudy Gobert, Jordan Clarkson, Joe Ingles"
2022,O,3.4948610079720575,360.0,58,"Nicolas Batum, Marcus Morris Sr., Reggie Jackson, Ivica Zubac, Terance Mann"
2022,O,3.4021932607349448,278.0,76,"Clint Capela, Bogdan Bogdanović, Kevin Huerter, Trae Young, De'Andre Hunter"
2022,O,-3.3935045655862086,202.0,67,"Patrick Beverley, Karl-Anthony Towns, Malik Beasley, Jarred Vanderbilt, Anthony Edwards"
2022,O,-3.379769232316496,236.0,57,"Chris Paul, Jae Crowder, Mikal Bridges, Landry Shamet, Deandre Ayton"
2022,D,-3.3777201187330492,343.0,63,"Steven Adams, Jaren Jackson Jr., De'Anthony Melton, Ja Morant, Desmond Bane"
2022,O,3.359443781137575,217.0,50,"D'Angelo Russell, Karl-Anthony Towns, Malik Beasley, Anthony Edwards, Jaden McDaniels"
2022,O,3.353006199235085,870.0,157,"Alec Burks, Evan Fournier, Julius Randle, Mitchell Robinson, RJ Barrett"
2022,D,3.2988810395451535,322.0,64,"Gary Harris, Mo Bamba, Wendell Carter Jr., Cole Anthony, Franz Wagner"
2022,D,3.2857431129441945,527.0,82,"Shai Gilgeous-Alexander, Darius Bazley, Luguentz Dort, Jeremiah Robinson-Earl, Josh Giddey"
2022,O,3.1837194828327964,1340.0,221,"Mike Conley, Bojan Bogdanovic, Rudy Gobert, Royce O'Neale, Donovan Mitchell"
2022,D,3.1416718211011596,304.0,60,"Clint Capela, Timothe Luwawu-Cabarrot, John Collins, Kevin Huerter, Trae Young"
2022,O,3.072303336237212,885.0,120,"Al Horford, Marcus Smart, Jaylen Brown, Jayson Tatum, Robert Williams III"
2022,D,-3.0038903383537243,318.0,55,"Doug McDermott, Dejounte Murray, Jakob Poeltl, Keldon Johnson, Devin Vassell"
2022,D,2.9280445982128813,226.0,65,"DeMarcus Cousins, Austin Rivers, JaMychal Green, Bryn Forbes, Bones Hyland"
2022,D,2.837384282325708,441.0,69,"Lauri Markkanen, Jarrett Allen, Darius Garland, Isaac Okoro, Evan Mobley"
2022,O,2.7500045826891393,258.0,40,"Shai Gilgeous-Alexander, Luguentz Dort, Jeremiah Robinson-Earl, Josh Giddey, Aaron Wiggins"
2022,D,-2.687466172642151,704.0,104,"Jrue Holiday, Khris Middleton, Giannis Antetokounmpo, Bobby Portis, Grayson Allen"
2022,D,-2.682357685516076,284.0,44,"Jonas Valanciunas, CJ McCollum, Brandon Ingram, Jaxson Hayes, Herbert Jones"
2022,D,-2.479334997070539,857.0,157,"Alec Burks, Evan Fournier, Julius Randle, Mitchell Robinson, RJ Barrett"
2022,D,2.409725582058279,489.0,88,"Danny Green, Tobias Harris, Seth Curry, Joel Embiid, Tyrese Maxey"
2022,O,-2.3863276004120353,321.0,60,"Hamidou Diallo, Killian Hayes, Saddiq Bey, Isaiah Stewart, Cade Cunningham"
2022,O,-2.383582826929289,210.0,49,"Mason Plumlee, Kelly Oubre Jr., Terry Rozier, Miles Bridges, LaMelo Ball"
2022,O,2.380447341418597,687.0,121,"Jonas Valanciunas, Brandon Ingram, Josh Hart, Devonte' Graham, Herbert Jones"
2022,D,-2.3670147428106807,1544.0,250,"Jeff Green, Will Barton, Aaron Gordon, Nikola Jokić, Monte Morris"
2022,D,-2.150200026613349,687.0,145,"Reggie Bullock Jr., Dwight Powell, Dorian Finney-Smith, Jalen Brunson, Luka Dončić"
2022,O,2.0225853454026885,315.0,60,"Fred VanVleet, OG Anunoby, Gary Trent Jr., Precious Achiuwa, Scottie Barnes"
2022,O,-1.9264243106533894,438.0,73,"Nicolas Batum, Marcus Morris Sr., Reggie Jackson, Ivica Zubac, Amir Coffey"
2022,O,1.9135070849030191,643.0,96,"Doug McDermott, Dejounte Murray, Jakob Poeltl, Derrick White, Keldon Johnson"
2022,O,1.8448022295051463,231.0,75,"Mike Conley, Rudy Gobert, Jordan Clarkson, Joe Ingles, Eric Paschall"
2022,O,-1.649163805872042,490.0,89,"Danny Green, Tobias Harris, Seth Curry, Joel Embiid, Tyrese Maxey"
2022,O,-1.6406509322474245,721.0,87,"Stephen Curry, Draymond Green, Andrew Wiggins, Kevon Looney, Jordan Poole"
2022,D,-1.536903916879643,216.0,44,"DeMar DeRozan, Nikola Vučević, Zach LaVine, Coby White, Javonte Green"
2022,D,-1.4018748657470603,272.0,54,"Christian Wood, Kevin Porter Jr., Garrison Mathews, Jalen Green, Jae'Sean Tate"
2022,D,-1.3054979797774584,372.0,74,"Clint Capela, John Collins, Kevin Huerter, Trae Young, De'Andre Hunter"
2022,O,-1.2676470396184794,574.0,103,"Damian Lillard, CJ McCollum, Robert Covington, Jusuf Nurkić, Norman Powell"
2022,D,-1.2531741864462718,264.0,58,"Garrett Temple, Jonas Valanciunas, Josh Hart, Devonte' Graham, Nickeil Alexander-Walker"
2022,O,-1.2299951848808075,255.0,82,"Hassan Whiteside, Bojan Bogdanovic, Joe Ingles, Royce O'Neale, Donovan Mitchell"
2022,D,1.2209511052237836,289.0,59,"Jae Crowder, Devin Booker, Cameron Payne, Mikal Bridges, Deandre Ayton"
2022,D,1.175944711925044,217.0,32,"Harrison Barnes, Maurice Harkless, Richaun Holmes, De'Aaron Fox, Tyrese Haliburton"
2022,O,1.11273072828396,215.0,31,"Harrison Barnes, Maurice Harkless, Richaun Holmes, De'Aaron Fox, Tyrese Haliburton"
2022,O,1.085219095187329,379.0,70,"Clint Capela, John Collins, Kevin Huerter, Trae Young, De'Andre Hunter"
2022,O,-1.0461160205175712,313.0,47,"DeMar DeRozan, Nikola Vučević, Zach LaVine, Lonzo Ball, Javonte Green"
2022,D,-1.0018127649932331,250.0,58,"Bradley Beal, Kentavious Caldwell-Pope, Spencer Dinwiddie, Montrezl Harrell, Kyle Kuzma"
2022,O,-0.9764390176948867,316.0,50,"P.J. Tucker, Jimmy Butler III, Bam Adebayo, Duncan Robinson, Gabe Vincent"
2022,D,-0.9638450270132242,643.0,97,"Doug McDermott, Dejounte Murray, Jakob Poeltl, Derrick White, Keldon Johnson"
2022,D,-0.9381424375717529,286.0,45,"Myles Turner, Domantas Sabonis, Caris LeVert, Malcolm Brogdon, Chris Duarte"
2022,D,0.8701629019586892,1529.0,271,"Chris Paul, Jae Crowder, Devin Booker, Mikal Bridges, Deandre Ayton"
2022,D,0.868434111450571,209.0,41,"Mo Bamba, Wendell Carter Jr., Cole Anthony, R.J. Hampton, Franz Wagner"
2022,D,0.8616059507021101,669.0,102,"Mason Plumlee, Terry Rozier, Miles Bridges, P.J. Washington, LaMelo Ball"
2022,D,-0.8050210000172819,370.0,60,"Steven Adams, Tyus Jones, Dillon Brooks, Jaren Jackson Jr., Desmond Bane"
2022,O,0.8009209814392683,734.0,125,"Eric Gordon, Christian Wood, Kevin Porter Jr., Jalen Green, Jae'Sean Tate"
2022,D,-0.6932211111195339,687.0,112,"Pascal Siakam, Fred VanVleet, OG Anunoby, Gary Trent Jr., Scottie Barnes"
2022,O,-0.5593108700995209,253.0,65,"Austin Rivers, Will Barton, Aaron Gordon, Nikola Jokić, Monte Morris"
2022,D,-0.5403259114435303,206.0,44,"Eric Gordon, Christian Wood, Armoni Brooks, Garrison Mathews, Jae'Sean Tate"
2022,O,0.523685584067254,460.0,127,"Rudy Gay, Mike Conley, Rudy Gobert, Jordan Clarkson, Joe Ingles"
2022,D,-0.46663760615461464,447.0,144,"Hassan Whiteside, Bojan Bogdanovic, Jordan Clarkson, Royce O'Neale, Donovan Mitchell"
2022,D,0.43667143608746256,221.0,82,"P.J. Tucker, Jimmy Butler III, Bam Adebayo, Duncan Robinson, Tyler Herro"
2022,D,-0.4045290992129941,275.0,79,"Clint Capela, Bogdan Bogdanović, Kevin Huerter, Trae Young, De'Andre Hunter"
2022,D,-0.40246383429315097,287.0,81,"Mason Plumlee, Terry Rozier, Miles Bridges, Cody Martin, LaMelo Ball"
2022,O,-0.33182200983896387,377.0,60,"Khem Birch, Pascal Siakam, Fred VanVleet, Gary Trent Jr., Scottie Barnes"
2022,D,0.2552826116570279,324.0,58,"D'Angelo Russell, Karl-Anthony Towns, Jarred Vanderbilt, Anthony Edwards, Jaden McDaniels"
2022,D,0.23512559481855275,242.0,42,"Tomas Satoransky, Kentavious Caldwell-Pope, Kristaps Porziņģis, Rui Hachimura, Corey Kispert"
2022,D,-0.21126873758337947,513.0,96,"Jerami Grant, Killian Hayes, Saddiq Bey, Isaiah Stewart, Cade Cunningham"
2022,O,-0.14872800518149337,1532.0,274,"Chris Paul, Jae Crowder, Devin Booker, Mikal Bridges, Deandre Ayton"
2022,D,-0.1226464271765908,251.0,64,"Austin Rivers, Will Barton, Aaron Gordon, Nikola Jokić, Monte Morris"
2022,D,-0.0734221168085348,209.0,48,"Mason Plumlee, Kelly Oubre Jr., Terry Rozier, Miles Bridges, LaMelo Ball"
2022,O,0.001937111730508029,207.0,43,"Mo Bamba, Wendell Carter Jr., Cole Anthony, R.J. Hampton, Franz Wagner"
2022,O,0.000997287330271182,692.0,103,"Jrue Holiday, Khris Middleton, Giannis Antetokounmpo, Bobby Portis, Grayson Allen"
2023,O,20.26972187039379,243.0,37,"LeBron James, Patrick Beverley, Dennis Schröder, Thomas Bryant, Troy Brown Jr."
2023,O,18.887818521300733,524.0,134,"Harrison Barnes, Domantas Sabonis, Kevin Huerter, Davion Mitchell, Keegan Murray"
2023,O,18.553072199839292,246.0,42,"Brook Lopez, Jrue Holiday, Khris Middleton, Giannis Antetokounmpo, Grayson Allen"
2023,D,18.17591062319807,242.0,42,"Kevin Durant, Kyrie Irving, Joe Harris, Royce O'Neale, Nic Claxton"
2023,D,16.860434320128245,230.0,33,"Russell Westbrook, Paul George, Marcus Morris Sr., Kawhi Leonard, Ivica Zubac"
2023,O,-16.421893452418868,257.0,42,"DeMar DeRozan, Patrick Beverley, Nikola Vučević, Zach LaVine, Patrick Williams"
2023,O,15.437372154386384,300.0,49,"Kelly Olynyk, Lauri Markkanen, Talen Horton-Tucker, Ochai Agbaji, Walker Kessler"
2023,O,15.372342901266517,267.0,37,"Paul George, Marcus Morris Sr., Kawhi Leonard, Ivica Zubac, Terance Mann"
2023,O,-14.776895485487447,246.0,42,"Kevin Durant, Kyrie Irving, Joe Harris, Royce O'Neale, Nic Claxton"
2023,O,14.71370291030478,694.0,111,"Stephen Curry, Klay Thompson, Draymond Green, Andrew Wiggins, Kevon Looney"
2023,O,-13.632122410554317,305.0,103,"Nikola Vučević, Zach LaVine, Coby White, Patrick Williams, Ayo Dosunmu"
2023,O,13.4589834110023,268.0,38,"Kelly Olynyk, Jordan Clarkson, Lauri Markkanen, Collin Sexton, Jarred Vanderbilt"
2023,D,-12.343886549930478,277.0,54,"Eric Gordon, Jalen Green, KJ Martin, Alperen Sengun, Jabari Smith Jr."
2023,O,11.955703064042869,209.0,78,"Julius Randle, Isaiah Hartenstein, Jalen Brunson, Quentin Grimes, Immanuel Quickley"
2023,D,11.93002050223285,362.0,68,"Stephen Curry, Klay Thompson, Draymond Green, Kevon Looney, Donte DiVincenzo"
2023,D,-11.707274741548149,240.0,36,"Brook Lopez, Jrue Holiday, Khris Middleton, Giannis Antetokounmpo, Grayson Allen"
2023,D,-11.678309583195949,254.0,43,"DeMar DeRozan, Patrick Beverley, Nikola Vučević, Zach LaVine, Patrick Williams"
2023,D,11.671982269147527,202.0,33,"Steven Adams, Dillon Brooks, Ja Morant, Desmond Bane, Santi Aldama"
2023,D,11.630004549397409,283.0,72,"Moritz Wagner, Bol Bol, Cole Anthony, Franz Wagner, Jalen Suggs"
2023,D,11.155205514689255,452.0,107,"Caris LeVert, Donovan Mitchell, Jarrett Allen, Darius Garland, Evan Mobley"
2023,O,10.807930975653612,1042.0,170,"Julius Randle, Jalen Brunson, Mitchell Robinson, RJ Barrett, Quentin Grimes"
2023,D,10.682846519646832,385.0,60,"Brook Lopez, Jrue Holiday, Giannis Antetokounmpo, Grayson Allen, Jevon Carter"
2023,D,-10.328196434913753,238.0,66,"Al Horford, Marcus Smart, Jaylen Brown, Malcolm Brogdon, Jayson Tatum"
2023,D,-10.272896656560443,200.0,34,"Gordon Hayward, Kelly Oubre Jr., Terry Rozier, P.J. Washington, Nick Richards"
2023,D,-10.1067319972088,404.0,83,"Mason Plumlee, Terry Rozier, P.J. Washington, Jalen McDaniels, LaMelo Ball"
2023,D,-10.08787709437227,293.0,47,"Donovan Mitchell, Jarrett Allen, Darius Garland, Lamar Stevens, Evan Mobley"
2023,D,10.086655624671,251.0,42,"Kristaps Porziņģis, Kyle Kuzma, Monte Morris, Deni Avdija, Corey Kispert"
2023,D,10.044203079897486,298.0,49,"Mason Plumlee, Kelly Oubre Jr., Terry Rozier, P.J. Washington, Jalen McDaniels"
2023,O,9.94076775494706,327.0,50,"Tim Hardaway Jr., Spencer Dinwiddie, Dwight Powell, Dorian Finney-Smith, Luka Dončić"
2023,O,9.562412210531734,229.0,55,"Harrison Barnes, Domantas Sabonis, De'Aaron Fox, Malik Monk, Keegan Murray"
2023,D,9.487680419102263,283.0,62,"Jimmy Butler III, Bam Adebayo, Caleb Martin, Gabe Vincent, Tyler Herro"
2023,D,-9.40320860905243,221.0,35,"Jakob Poeltl, Keldon Johnson, Romeo Langford, Tre Jones, Jeremy Sochan"
2023,O,-9.249425453128492,230.0,39,"Evan Fournier, Julius Randle, Jalen Brunson, Mitchell Robinson, RJ Barrett"
2023,D,-9.11227098844541,259.0,35,"Paul George, Marcus Morris Sr., Kawhi Leonard, Ivica Zubac, Terance Mann"
2023,O,8.880640986706902,507.0,95,"Mike Conley, Rudy Gobert, Kyle Anderson, Anthony Edwards, Jaden McDaniels"
2023,O,8.77577128761326,234.0,77,"Myles Turner, Buddy Hield, Andrew Nembhard, Tyrese Haliburton, Bennedict Mathurin"
2023,D,-8.740831064347061,529.0,134,"Harrison Barnes, Domantas Sabonis, Kevin Huerter, Davion Mitchell, Keegan Murray"
2023,O,-8.51409311376218,200.0,31,"Paul George, Marcus Morris Sr., Reggie Jackson, Ivica Zubac, Luke Kennard"
2023,O,-8.499858041875775,530.0,87,"Rudy Gobert, D'Angelo Russell, Karl-Anthony Towns, Anthony Edwards, Jaden McDaniels"
2023,O,-8.483632653005039,300.0,45,"Dillon Brooks, Jaren Jackson Jr., Ja Morant, Xavier Tillman, Desmond Bane"
2023,D,8.480559388687439,240.0,72,"Myles Turner, Buddy Hield, Andrew Nembhard, Tyrese Haliburton, Bennedict Mathurin"
2023,D,8.368657340866744,1207.0,178,"DeMar DeRozan, Nikola Vučević, Zach LaVine, Patrick Williams, Ayo Dosunmu"
2023,O,8.326257637524737,280.0,58,"Eric Gordon, Jalen Green, KJ Martin, Alperen Sengun, Jabari Smith Jr."
2023,D,8.173214584760368,512.0,85,"Rudy Gobert, Kyle Anderson, D'Angelo Russell, Anthony Edwards, Jaden McDaniels"
2023,O,-7.932689989159499,251.0,72,"James Harden, Tobias Harris, Joel Embiid, De'Anthony Melton, Tyrese Maxey"
2023,O,-7.7060519610248415,255.0,49,"Kristaps Porziņģis, Kyle Kuzma, Monte Morris, Deni Avdija, Corey Kispert"
2023,D,7.436445240801037,512.0,83,"DeMar DeRozan, Patrick Beverley, Nikola Vučević, Zach LaVine, Alex Caruso"
2023,O,7.372896566893856,786.0,113,"Donovan Mitchell, Jarrett Allen, Darius Garland, Isaac Okoro, Evan Mobley"
2023,O,7.305519707776037,272.0,73,"CJ McCollum, Larry Nance Jr., Brandon Ingram, Herbert Jones, Trey Murphy III"
2023,O,-7.203351258440551,234.0,34,"Russell Westbrook, Paul George, Marcus Morris Sr., Kawhi Leonard, Ivica Zubac"
2023,O,7.196764087165066,463.0,92,"Chris Paul, Devin Booker, Torrey Craig, Josh Okogie, Deandre Ayton"
2023,O,7.181628840186409,434.0,89,"Julius Randle, Jalen Brunson, RJ Barrett, Quentin Grimes, Jericho Sims"
2023,O,7.169784872575715,225.0,36,"Jakob Poeltl, Keldon Johnson, Romeo Langford, Tre Jones, Jeremy Sochan"
2023,O,7.041514829910258,321.0,56,"Bradley Beal, Kristaps Porziņģis, Kyle Kuzma, Monte Morris, Deni Avdija"
2023,D,6.729094141187373,268.0,41,"Steven Adams, Dillon Brooks, Jaren Jackson Jr., Ja Morant, Desmond Bane"
2023,O,6.6175798104251715,284.0,63,"Jimmy Butler III, Bam Adebayo, Caleb Martin, Gabe Vincent, Tyler Herro"
2023,D,6.549007694980443,251.0,33,"Chris Paul, Kevin Durant, Devin Booker, Josh Okogie, Deandre Ayton"
2023,D,-6.465067115193094,433.0,88,"Julius Randle, Jalen Brunson, RJ Barrett, Quentin Grimes, Jericho Sims"
2023,D,6.422823945868666,312.0,84,"Julius Randle, Jalen Brunson, Mitchell Robinson, Quentin Grimes, Immanuel Quickley"
2023,D,-6.417751206125999,503.0,97,"Mike Conley, Rudy Gobert, Kyle Anderson, Anthony Edwards, Jaden McDaniels"
2023,O,6.409821253912612,407.0,84,"Mason Plumlee, Terry Rozier, P.J. Washington, Jalen McDaniels, LaMelo Ball"
2023,D,6.294063590696704,270.0,68,"DeMar DeRozan, Andre Drummond, Coby White, Patrick Williams, Ayo Dosunmu"
2023,O,-6.205906958780426,361.0,85,"Stephen Curry, Klay Thompson, Draymond Green, Andrew Wiggins, Jordan Poole"
2023,D,-6.172307428286018,715.0,112,"Jonas Valanciunas, CJ McCollum, Brandon Ingram, Herbert Jones, Trey Murphy III"
2023,D,-6.147022513104136,1857.0,314,"Harrison Barnes, Domantas Sabonis, De'Aaron Fox, Kevin Huerter, Keegan Murray"
2023,D,6.046634991020307,552.0,126,"Dejounte Murray, John Collins, Trae Young, De'Andre Hunter, Onyeka Okongwu"
2023,D,6.044758519684537,336.0,51,"Steven Adams, Dillon Brooks, Jaren Jackson Jr., Ja Morant, John Konchar"
2023,D,6.026184602620184,234.0,49,"Al Horford, Jaylen Brown, Jayson Tatum, Derrick White, Grant Williams"
2023,O,-5.957497599302978,298.0,52,"Mason Plumlee, Kelly Oubre Jr., Terry Rozier, P.J. Washington, Jalen McDaniels"
2023,D,5.892685548025245,526.0,87,"Rudy Gobert, D'Angelo Russell, Karl-Anthony Towns, Anthony Edwards, Jaden McDaniels"
2023,O,5.88509105885763,233.0,40,"Jonas Valanciunas, CJ McCollum, Naji Marshall, Herbert Jones, Trey Murphy III"
2023,D,5.574654449291196,300.0,56,"Reggie Bullock Jr., Spencer Dinwiddie, Dwight Powell, Dorian Finney-Smith, Luka Dončić"
2023,D,5.457002788386176,299.0,46,"Dillon Brooks, Jaren Jackson Jr., Ja Morant, Xavier Tillman, Desmond Bane"
2023,O,5.435683107771023,245.0,32,"Bradley Beal, Kristaps Porziņģis, Kyle Kuzma, Monte Morris, Daniel Gafford"
2023,O,-5.412451620427492,234.0,69,"Al Horford, Marcus Smart, Jaylen Brown, Malcolm Brogdon, Jayson Tatum"
2023,O,5.218143193347882,206.0,34,"Myles Turner, Buddy Hield, Tyrese Haliburton, Aaron Nesmith, Jalen Smith"
2023,O,5.190307833417133,255.0,63,"Bogdan Bogdanović, Dejounte Murray, Onyeka Okongwu, Jalen Johnson, AJ Griffin"
2023,D,-5.156110795888032,364.0,72,"Pascal Siakam, Fred VanVleet, Gary Trent Jr., Precious Achiuwa, Scottie Barnes"
2023,O,-5.117331648121414,431.0,55,"Gordon Hayward, Mason Plumlee, Terry Rozier, P.J. Washington, LaMelo Ball"
2023,D,-5.089278345885424,331.0,51,"Tim Hardaway Jr., Spencer Dinwiddie, Dwight Powell, Dorian Finney-Smith, Luka Dončić"
2023,O,-5.0689263015330335,285.0,48,"Myles Turner, Buddy Hield, Andrew Nembhard, Tyrese Haliburton, Jalen Smith"
2023,D,5.035866223371183,690.0,111,"Stephen Curry, Klay Thompson, Draymond Green, Andrew Wiggins, Kevon Looney"
2023,O,4.9446780445189935,216.0,51,"Kyrie Irving, Seth Curry, Joe Harris, Royce O'Neale, Nic Claxton"
2023,O,-4.912603005597156,564.0,125,"Dejounte Murray, John Collins, Trae Young, De'Andre Hunter, Onyeka Okongwu"
2023,D,-4.89013571340617,298.0,63,"Klay Thompson, Draymond Green, Kevon Looney, Donte DiVincenzo, Jordan Poole"
2023,D,-4.860507347590242,887.0,149,"Al Horford, Marcus Smart, Jaylen Brown, Jayson Tatum, Derrick White"
2023,O,-4.785747121619076,377.0,74,"Reggie Bullock Jr., Tim Hardaway Jr., Spencer Dinwiddie, Christian Wood, Luka Dončić"
2023,O,-4.687495015293838,404.0,62,"Markelle Fultz, Moritz Wagner, Bol Bol, Franz Wagner, Paolo Banchero"
2023,D,4.571932211563057,461.0,91,"Chris Paul, Devin Booker, Torrey Craig, Josh Okogie, Deandre Ayton"
2023,D,-4.554255802425337,241.0,45,"Julius Randle, Isaiah Hartenstein, Jalen Brunson, RJ Barrett, Cam Reddish"
2023,D,-4.42932018256485,493.0,88,"Bojan Bogdanovic, Killian Hayes, Isaiah Stewart, Jaden Ivey, Jalen Duren"
2023,O,4.415353575911722,371.0,72,"Pascal Siakam, Fred VanVleet, Gary Trent Jr., Precious Achiuwa, Scottie Barnes"
2023,D,4.395323573396658,308.0,52,"Bradley Beal, Kristaps Porziņģis, Kyle Kuzma, Monte Morris, Deni Avdija"
2023,D,4.375327481216732,227.0,34,"Jonas Valanciunas, CJ McCollum, Brandon Ingram, Zion Williamson, Herbert Jones"
2023,O,4.374073383553977,475.0,132,"Kentavious Caldwell-Pope, Aaron Gordon, Nikola Jokić, Bruce Brown, Michael Porter Jr."
2023,D,-4.35953185965372,784.0,114,"Donovan Mitchell, Jarrett Allen, Darius Garland, Isaac Okoro, Evan Mobley"
2023,O,-4.355728999162557,603.0,93,"Shai Gilgeous-Alexander, Luguentz Dort, Josh Giddey, Jalen Williams, Jaylin Williams"
2023,D,-4.3523196270667865,268.0,39,"Kelly Olynyk, Jordan Clarkson, Lauri Markkanen, Collin Sexton, Jarred Vanderbilt"
2023,D,-4.34819967696704,216.0,76,"Julius Randle, Isaiah Hartenstein, Jalen Brunson, Quentin Grimes, Immanuel Quickley"
2023,O,4.328883378288363,617.0,93,"Jakob Poeltl, Pascal Siakam, Fred VanVleet, OG Anunoby, Scottie Barnes"
2023,D,-4.322252216424931,374.0,74,"Reggie Bullock Jr., Tim Hardaway Jr., Spencer Dinwiddie, Christian Wood, Luka Dončić"
2023,O,-4.321433068126963,861.0,140,"Eric Gordon, Kevin Porter Jr., Jalen Green, Alperen Sengun, Jabari Smith Jr."
2023,O,4.282301057136574,262.0,68,"DeMar DeRozan, Andre Drummond, Coby White, Patrick Williams, Ayo Dosunmu"
2023,D,-4.278682949098083,201.0,42,"Kyle Lowry, Jimmy Butler III, Bam Adebayo, Caleb Martin, Max Strus"
2023,O,-4.261775016998259,458.0,63,"Kevin Love, Jimmy Butler III, Bam Adebayo, Gabe Vincent, Tyler Herro"
2023,D,4.214755154220306,209.0,46,"Stephen Curry, Klay Thompson, Draymond Green, Kevon Looney, Jordan Poole"
2023,O,4.15364962975175,715.0,140,"P.J. Tucker, James Harden, Tobias Harris, Joel Embiid, Tyrese Maxey"
2023,D,4.1419789646149825,331.0,60,"Kyle Lowry, Bam Adebayo, Caleb Martin, Max Strus, Tyler Herro"
2023,O,4.136284466744342,898.0,145,"Al Horford, Marcus Smart, Jaylen Brown, Jayson Tatum, Derrick White"
2023,D,4.128355926053466,715.0,143,"P.J. Tucker, James Harden, Tobias Harris, Joel Embiid, Tyrese Maxey"
2023,D,4.121811891019535,593.0,94,"Kyle Lowry, Jimmy Butler III, Bam Adebayo, Caleb Martin, Tyler Herro"
2023,D,-4.046500187045907,235.0,39,"Jonas Valanciunas, CJ McCollum, Naji Marshall, Herbert Jones, Trey Murphy III"
2023,D,4.014687759886701,408.0,76,"DeMar DeRozan, Nikola Vučević, Zach LaVine, Alex Caruso, Patrick Williams"
2023,D,4.006179892283541,447.0,62,"Kevin Love, Jimmy Butler III, Bam Adebayo, Gabe Vincent, Tyler Herro"
2023,O,3.9716703771038206,529.0,132,"Damian Lillard, Jerami Grant, Josh Hart, Anfernee Simons, Drew Eubanks"
2023,O,-3.846002195464827,317.0,82,"Julius Randle, Jalen Brunson, Mitchell Robinson, Quentin Grimes, Immanuel Quickley"
2023,O,3.711463609753126,847.0,142,"Myles Turner, Buddy Hield, Andrew Nembhard, Tyrese Haliburton, Aaron Nesmith"
2023,D,3.70294652696465,353.0,85,"Stephen Curry, Klay Thompson, Draymond Green, Andrew Wiggins, Jordan Poole"
2023,D,3.664467287768882,401.0,63,"Markelle Fultz, Moritz Wagner, Bol Bol, Franz Wagner, Paolo Banchero"
2023,O,-3.6154015792545655,494.0,83,"Devin Booker, Cameron Payne, Torrey Craig, Mikal Bridges, Deandre Ayton"
2023,O,-3.5656776277021693,284.0,74,"Moritz Wagner, Bol Bol, Cole Anthony, Franz Wagner, Jalen Suggs"
2023,D,3.54678155516597,211.0,69,"DeMar DeRozan, Nikola Vučević, Zach LaVine, Alex Caruso, Ayo Dosunmu"
2023,O,-3.496702744272539,769.0,133,"Pascal Siakam, Fred VanVleet, OG Anunoby, Gary Trent Jr., Scottie Barnes"
2023,O,3.3933588298956843,312.0,39,"Tyus Jones, Dillon Brooks, Jaren Jackson Jr., Xavier Tillman, Desmond Bane"
2023,D,3.3613599621378616,326.0,50,"Paul George, Marcus Morris Sr., Kawhi Leonard, Reggie Jackson, Ivica Zubac"
2023,O,-3.3280837208932907,233.0,52,"Al Horford, Jaylen Brown, Jayson Tatum, Derrick White, Grant Williams"
2023,O,3.3166189867266858,1454.0,239,"Kentavious Caldwell-Pope, Aaron Gordon, Nikola Jokić, Jamal Murray, Michael Porter Jr."
2023,O,3.2833906022606945,1876.0,317,"Harrison Barnes, Domantas Sabonis, De'Aaron Fox, Kevin Huerter, Keegan Murray"
2023,O,-3.272810058509059,241.0,44,"Julius Randle, Isaiah Hartenstein, Jalen Brunson, RJ Barrett, Cam Reddish"
2023,O,-3.2564240067101546,617.0,99,"Mike Conley, Kelly Olynyk, Jordan Clarkson, Lauri Markkanen, Jarred Vanderbilt"
2023,D,3.2424453941462072,650.0,97,"Spencer Dinwiddie, Dorian Finney-Smith, Mikal Bridges, Nic Claxton, Cameron Johnson"
2023,D,-3.1637064715856944,312.0,39,"Tyus Jones, Dillon Brooks, Jaren Jackson Jr., Xavier Tillman, Desmond Bane"
2023,O,3.1079825322771573,1010.0,183,"P.J. Tucker, James Harden, Tobias Harris, Joel Embiid, De'Anthony Melton"
2023,O,-3.0172043567488394,362.0,67,"Stephen Curry, Klay Thompson, Draymond Green, Kevon Looney, Donte DiVincenzo"
2023,D,3.012498137412769,305.0,49,"Kelly Olynyk, Lauri Markkanen, Talen Horton-Tucker, Ochai Agbaji, Walker Kessler"
2023,D,-2.9734966324187835,227.0,38,"Evan Fournier, Julius Randle, Jalen Brunson, Mitchell Robinson, RJ Barrett"
2023,O,2.97087506037186,453.0,81,"Bojan Bogdanovic, Saddiq Bey, Isaiah Stewart, Cade Cunningham, Jaden Ivey"
2023,D,-2.966558770677039,207.0,34,"Myles Turner, Buddy Hield, Tyrese Haliburton, Aaron Nesmith, Jalen Smith"
2023,D,-2.9546626977745887,617.0,92,"Jakob Poeltl, Pascal Siakam, Fred VanVleet, OG Anunoby, Scottie Barnes"
2023,O,-2.824012187405364,211.0,40,"Stephen Curry, Klay Thompson, Draymond Green, Kevon Looney, Jordan Poole"
2023,D,2.8170009150838298,309.0,103,"Nikola Vučević, Zach LaVine, Coby White, Patrick Williams, Ayo Dosunmu"
2023,D,-2.7788066779692957,888.0,173,"Kevin Porter Jr., Jalen Green, KJ Martin, Alperen Sengun, Jabari Smith Jr."
2023,O,2.775264432435507,1165.0,190,"Gary Harris, Markelle Fultz, Wendell Carter Jr., Franz Wagner, Paolo Banchero"
2023,O,-2.76934040293333,238.0,33,"Julius Randle, Mitchell Robinson, RJ Barrett, Quentin Grimes, Immanuel Quickley"
2023,O,-2.763545688197975,200.0,31,"Luguentz Dort, Isaiah Joe, Josh Giddey, Jalen Williams, Jaylin Williams"
2023,O,2.6318878867811653,894.0,173,"Kevin Porter Jr., Jalen Green, KJ Martin, Alperen Sengun, Jabari Smith Jr."
2023,O,2.626038891873197,403.0,76,"DeMar DeRozan, Nikola Vučević, Zach LaVine, Alex Caruso, Patrick Williams"
2023,O,2.622466578833344,300.0,61,"Klay Thompson, Draymond Green, Kevon Looney, Donte DiVincenzo, Jordan Poole"
2023,O,2.590291750063375,207.0,34,"Steven Adams, Dillon Brooks, Ja Morant, Desmond Bane, Santi Aldama"
2023,D,-2.4139106804839106,1042.0,169,"Julius Randle, Jalen Brunson, Mitchell Robinson, RJ Barrett, Quentin Grimes"
2023,O,2.2798625948576206,675.0,141,"Kentavious Caldwell-Pope, Aaron Gordon, Nikola Jokić, Jamal Murray, Bruce Brown"
2023,D,2.2601558840891425,239.0,32,"Bradley Beal, Kristaps Porziņģis, Kyle Kuzma, Monte Morris, Daniel Gafford"
2023,D,-2.2404783225673444,363.0,73,"Al Horford, Marcus Smart, Jaylen Brown, Jayson Tatum, Grant Williams"
2023,O,-2.2318191765096915,324.0,49,"Paul George, Marcus Morris Sr., Kawhi Leonard, Reggie Jackson, Ivica Zubac"
2023,O,-2.187159756316849,255.0,34,"Chris Paul, Kevin Durant, Devin Booker, Josh Okogie, Deandre Ayton"
2023,O,2.1516672386508846,342.0,51,"Steven Adams, Dillon Brooks, Jaren Jackson Jr., Ja Morant, John Konchar"
2023,D,2.1490875675117773,279.0,44,"Myles Turner, Buddy Hield, Andrew Nembhard, Tyrese Haliburton, Jalen Smith"
2023,O,-2.107986736215454,388.0,58,"Brook Lopez, Jrue Holiday, Giannis Antetokounmpo, Grayson Allen, Jevon Carter"
2023,D,-2.105193706320617,221.0,52,"Kyrie Irving, Seth Curry, Joe Harris, Royce O'Neale, Nic Claxton"
2023,D,2.096669066564407,250.0,66,"Bogdan Bogdanović, Dejounte Murray, Onyeka Okongwu, Jalen Johnson, AJ Griffin"
2023,O,-2.057533506576355,269.0,42,"Steven Adams, Dillon Brooks, Jaren Jackson Jr., Ja Morant, Desmond Bane"
2023,D,-2.0353101150875146,488.0,77,"Brook Lopez, Jrue Holiday, Giannis Antetokounmpo, Pat Connaughton, Grayson Allen"
2023,D,1.9630739108242714,383.0,59,"Jakob Poeltl, Keldon Johnson, Devin Vassell, Tre Jones, Jeremy Sochan"
2023,O,-1.9488370530939871,596.0,93,"Kyle Lowry, Jimmy Butler III, Bam Adebayo, Caleb Martin, Tyler Herro"
2023,D,-1.9371132676426264,1013.0,183,"P.J. Tucker, James Harden, Tobias Harris, Joel Embiid, De'Anthony Melton"
2023,O,-1.8484212115862786,385.0,59,"Jakob Poeltl, Keldon Johnson, Devin Vassell, Tre Jones, Jeremy Sochan"
2023,O,1.8464123999343147,295.0,47,"Donovan Mitchell, Jarrett Allen, Darius Garland, Lamar Stevens, Evan Mobley"
2023,O,1.8408771655718275,337.0,62,"Kyle Lowry, Bam Adebayo, Caleb Martin, Max Strus, Tyler Herro"
2023,D,-1.836089795543171,230.0,54,"Harrison Barnes, Domantas Sabonis, De'Aaron Fox, Malik Monk, Keegan Murray"
2023,O,1.740796999675278,201.0,35,"Gordon Hayward, Kelly Oubre Jr., Terry Rozier, P.J. Washington, Nick Richards"
2023,O,-1.6838500240492917,366.0,77,"Al Horford, Marcus Smart, Jaylen Brown, Jayson Tatum, Grant Williams"
2023,O,-1.6601206956459922,1214.0,177,"DeMar DeRozan, Nikola Vučević, Zach LaVine, Patrick Williams, Ayo Dosunmu"
2023,D,1.5772314544576451,423.0,53,"Gordon Hayward, Mason Plumlee, Terry Rozier, P.J. Washington, LaMelo Ball"
2023,D,-1.4531953658891417,269.0,71,"CJ McCollum, Larry Nance Jr., Brandon Ingram, Herbert Jones, Trey Murphy III"
2023,O,-1.2459430584335613,1112.0,183,"Damian Lillard, Jerami Grant, Jusuf Nurkić, Josh Hart, Anfernee Simons"
2023,O,1.190185244906685,652.0,96,"Spencer Dinwiddie, Dorian Finney-Smith, Mikal Bridges, Nic Claxton, Cameron Johnson"
2023,D,1.170779483118439,461.0,124,"Kentavious Caldwell-Pope, Aaron Gordon, Nikola Jokić, Bruce Brown, Michael Porter Jr."
2023,O,1.1647589868913495,494.0,77,"Brook Lopez, Jrue Holiday, Giannis Antetokounmpo, Pat Connaughton, Grayson Allen"
2023,O,-1.0597138543601066,232.0,34,"Jonas Valanciunas, CJ McCollum, Brandon Ingram, Zion Williamson, Herbert Jones"
2023,O,1.0503448021823762,717.0,118,"Jonas Valanciunas, CJ McCollum, Brandon Ingram, Herbert Jones, Trey Murphy III"
2023,O,-1.0352369979232257,1557.0,268,"Clint Capela, Dejounte Murray, John Collins, Trae Young, De'Andre Hunter"
2023,O,-1.031308788042323,307.0,56,"Reggie Bullock Jr., Spencer Dinwiddie, Dwight Powell, Dorian Finney-Smith, Luka Dončić"
2023,D,1.0309580498194868,606.0,96,"Shai Gilgeous-Alexander, Luguentz Dort, Josh Giddey, Jalen Williams, Jaylin Williams"
2023,D,-0.9145398901787161,834.0,137,"Myles Turner, Buddy Hield, Andrew Nembhard, Tyrese Haliburton, Aaron Nesmith"
2023,D,0.8507037404815405,241.0,36,"Julius Randle, Mitchell Robinson, RJ Barrett, Quentin Grimes, Immanuel Quickley"
2023,D,-0.8399705769618644,1093.0,185,"Damian Lillard, Jerami Grant, Jusuf Nurkić, Josh Hart, Anfernee Simons"
2023,D,-0.7175309455061225,1166.0,193,"Gary Harris, Markelle Fultz, Wendell Carter Jr., Franz Wagner, Paolo Banchero"
2023,D,0.7038689809078013,1543.0,273,"Clint Capela, Dejounte Murray, John Collins, Trae Young, De'Andre Hunter"
2023,D,-0.6400936716175729,616.0,97,"Mike Conley, Kelly Olynyk, Jordan Clarkson, Lauri Markkanen, Jarred Vanderbilt"
2023,D,-0.604666106638927,489.0,85,"Devin Booker, Cameron Payne, Torrey Craig, Mikal Bridges, Deandre Ayton"
2023,O,0.5759168881459165,516.0,85,"Rudy Gobert, Kyle Anderson, D'Angelo Russell, Anthony Edwards, Jaden McDaniels"
2023,O,0.5385900922804019,500.0,89,"Bojan Bogdanovic, Killian Hayes, Isaiah Stewart, Jaden Ivey, Jalen Duren"
2023,D,0.4984612776654433,863.0,139,"Eric Gordon, Kevin Porter Jr., Jalen Green, Alperen Sengun, Jabari Smith Jr."
2023,D,0.4711050874873315,673.0,143,"Kentavious Caldwell-Pope, Aaron Gordon, Nikola Jokić, Jamal Murray, Bruce Brown"
2023,O,0.4682077743095269,511.0,82,"DeMar DeRozan, Patrick Beverley, Nikola Vučević, Zach LaVine, Alex Caruso"
2023,O,0.4392774015664961,459.0,112,"Caris LeVert, Donovan Mitchell, Jarrett Allen, Darius Garland, Evan Mobley"
2023,D,-0.3559432487707352,253.0,69,"James Harden, Tobias Harris, Joel Embiid, De'Anthony Melton, Tyrese Maxey"
2023,O,-0.3323879464310225,224.0,68,"DeMar DeRozan, Nikola Vučević, Zach LaVine, Alex Caruso, Ayo Dosunmu"
2023,D,0.2700760484962376,546.0,135,"Damian Lillard, Jerami Grant, Josh Hart, Anfernee Simons, Drew Eubanks"
2023,D,-0.2245747581074729,451.0,80,"Bojan Bogdanovic, Saddiq Bey, Isaiah Stewart, Cade Cunningham, Jaden Ivey"
2023,O,-0.21983878826253678,487.0,80,"Kevin Durant, Kyrie Irving, Royce O'Neale, Ben Simmons, Nic Claxton"
2023,D,0.20640087380504832,245.0,37,"LeBron James, Patrick Beverley, Dennis Schröder, Thomas Bryant, Troy Brown Jr."
2023,D,-0.14982299908238994,762.0,132,"Pascal Siakam, Fred VanVleet, OG Anunoby, Gary Trent Jr., Scottie Barnes"
2023,D,0.11551948618183422,1448.0,240,"Kentavious Caldwell-Pope, Aaron Gordon, Nikola Jokić, Jamal Murray, Michael Porter Jr."
2023,D,-0.10147238090256866,494.0,83,"Kevin Durant, Kyrie Irving, Royce O'Neale, Ben Simmons, Nic Claxton"
2024,O,22.188994686941918,328.0,67,"Isaiah Hartenstein, Josh Hart, Jalen Brunson, Donte DiVincenzo, Miles McBride"
2024,D,-19.998316110727924,224.0,35,"Stephen Curry, Klay Thompson, Kevon Looney, Jonathan Kuminga, Brandin Podziemski"
2024,O,19.399671062852402,368.0,66,"Myles Turner, Buddy Hield, Bruce Brown, Obi Toppin, Tyrese Haliburton"
2024,D,19.313269961408775,202.0,64,"Brook Lopez, Damian Lillard, Bobby Portis, Pat Connaughton, Malik Beasley"
2024,O,18.130802898249524,458.0,92,"Nicolas Batum, Tobias Harris, Joel Embiid, De'Anthony Melton, Tyrese Maxey"
2024,O,16.554619561256516,280.0,46,"James Harden, Paul George, Kawhi Leonard, Mason Plumlee, Terance Mann"
2024,O,-15.11330771307369,243.0,73,"Mike Conley, Rudy Gobert, Kyle Anderson, Anthony Edwards, Jaden McDaniels"
2024,O,14.957392236959462,536.0,81,"Kris Dunn, Lauri Markkanen, John Collins, Collin Sexton, Simone Fontecchio"
2024,D,13.745271021724317,212.0,56,"Jonas Valanciunas, CJ McCollum, Brandon Ingram, Herbert Jones, Trey Murphy III"
2024,D,13.707613826911397,312.0,92,"Keldon Johnson, Devin Vassell, Tre Jones, Jeremy Sochan, Victor Wembanyama"
2024,O,13.488047374179091,210.0,54,"Rudy Gobert, Karl-Anthony Towns, Nickeil Alexander-Walker, Anthony Edwards, Jaden McDaniels"
2024,O,-12.73450136125817,212.0,57,"Harrison Barnes, Domantas Sabonis, Kevin Huerter, Davion Mitchell, Keegan Murray"
2024,D,12.468233280875094,264.0,69,"Brook Lopez, Damian Lillard, Giannis Antetokounmpo, Pat Connaughton, Malik Beasley"
2024,O,-11.950411745248754,200.0,37,"Tyus Jones, Kyle Kuzma, Jordan Poole, Deni Avdija, Bilal Coulibaly"
2024,D,11.932258300261825,365.0,52,"Kyrie Irving, Derrick Jones Jr., P.J. Washington, Luka Dončić, Daniel Gafford"
2024,D,-11.928735281711663,207.0,69,"Dennis Schröder, Jakob Poeltl, Pascal Siakam, OG Anunoby, Gary Trent Jr."
2024,D,11.884718647077031,221.0,33,"Keldon Johnson, Devin Vassell, Malaki Branham, Jeremy Sochan, Victor Wembanyama"
2024,D,11.884205963437164,205.0,71,"Rudy Gobert, Kyle Anderson, Nickeil Alexander-Walker, Naz Reid, Anthony Edwards"
2024,D,11.761964386052016,335.0,65,"Stephen Curry, Klay Thompson, Draymond Green, Andrew Wiggins, Jonathan Kuminga"
2024,D,-11.654917126898232,205.0,56,"Rudy Gobert, Karl-Anthony Towns, Nickeil Alexander-Walker, Anthony Edwards, Jaden McDaniels"
2024,D,11.371124851701735,239.0,59,"Caris LeVert, Georges Niang, Darius Garland, Isaac Okoro, Evan Mobley"
2024,D,11.257462649249861,463.0,88,"Julius Randle, Jalen Brunson, Mitchell Robinson, RJ Barrett, Quentin Grimes"
2024,O,-10.862585366605115,398.0,89,"Mike Conley, Rudy Gobert, Naz Reid, Anthony Edwards, Jaden McDaniels"
2024,D,-10.550578292614317,207.0,39,"Anthony Davis, Spencer Dinwiddie, D'Angelo Russell, Rui Hachimura, Austin Reaves"
2024,D,10.384323828988894,478.0,85,"Donovan Mitchell, Jarrett Allen, Max Strus, Dean Wade, Isaac Okoro"
2024,O,-10.338176402729722,465.0,80,"Spencer Dinwiddie, Mikal Bridges, Nic Claxton, Cameron Johnson, Cam Thomas"
2024,D,-10.057343650000819,451.0,79,"Spencer Dinwiddie, Mikal Bridges, Nic Claxton, Cameron Johnson, Cam Thomas"
2024,O,10.024176248482425,374.0,70,"Fred VanVleet, Dillon Brooks, Jalen Green, Jabari Smith Jr., Amen Thompson"
2024,D,-9.940884812097002,299.0,72,"Caris LeVert, Georges Niang, Jarrett Allen, Darius Garland, Isaac Okoro"
2024,D,-9.823507463262521,227.0,46,"Vasilije Micic, Miles Bridges, Grant Williams, Tre Mann, Brandon Miller"
2024,O,-9.635232245459855,211.0,47,"Julius Randle, Josh Hart, Jalen Brunson, Mitchell Robinson, Quentin Grimes"
2024,O,-9.580246379345912,454.0,92,"DeMar DeRozan, Nikola Vučević, Zach LaVine, Alex Caruso, Coby White"
2024,D,-9.372408389023773,216.0,42,"Julius Randle, Isaiah Hartenstein, Jalen Brunson, Donte DiVincenzo, RJ Barrett"
2024,D,9.313338403144524,210.0,30,"Lauri Markkanen, John Collins, Collin Sexton, Taylor Hendricks, Keyonte George"
2024,O,9.307183866670435,318.0,96,"Keldon Johnson, Devin Vassell, Tre Jones, Jeremy Sochan, Victor Wembanyama"
2024,D,9.172133217222987,272.0,69,"DeMar DeRozan, Nikola Vučević, Coby White, Patrick Williams, Ayo Dosunmu"
2024,D,9.023808618545733,561.0,92,"Goga Bitadze, Franz Wagner, Jalen Suggs, Paolo Banchero, Anthony Black"
2024,O,-8.954256804124936,202.0,30,"Miles Bridges, Cody Martin, Nick Richards, Tre Mann, Brandon Miller"
2024,D,-8.904387931274028,299.0,83,"Kelly Olynyk, Jordan Clarkson, Ochai Agbaji, Walker Kessler, Keyonte George"
2024,D,8.8371594272199,443.0,102,"Kevin Durant, Eric Gordon, Jusuf Nurkić, Devin Booker, Grayson Allen"
2024,O,-8.650658919331823,515.0,97,"Harrison Barnes, Domantas Sabonis, De'Aaron Fox, Keegan Murray, Keon Ellis"
2024,O,8.63369330011132,475.0,88,"Donovan Mitchell, Jarrett Allen, Max Strus, Dean Wade, Isaac Okoro"
2024,D,-8.619846177548864,204.0,37,"LeBron James, Anthony Davis, Taurean Prince, Cam Reddish, Austin Reaves"
2024,D,-8.512711025181668,288.0,40,"Stephen Curry, Klay Thompson, Draymond Green, Andrew Wiggins, Kevon Looney"
2024,O,-8.486145273895177,220.0,36,"Keldon Johnson, Devin Vassell, Malaki Branham, Jeremy Sochan, Victor Wembanyama"
2024,O,8.43778868764302,375.0,61,"Julius Randle, OG Anunoby, Isaiah Hartenstein, Jalen Brunson, Donte DiVincenzo"
2024,O,8.384569403415405,289.0,59,"Bogdan Bogdanović, Trae Young, Onyeka Okongwu, Saddiq Bey, Jalen Johnson"
2024,O,8.365046776629015,275.0,44,"Nicolas Batum, Tobias Harris, Joel Embiid, Kelly Oubre Jr., Tyrese Maxey"
2024,O,-8.289507676888851,218.0,42,"Myles Turner, Pascal Siakam, Andrew Nembhard, Tyrese Haliburton, Bennedict Mathurin"
2024,O,8.264034086684708,309.0,58,"Clint Capela, Bogdan Bogdanović, Dejounte Murray, De'Andre Hunter, Vít Krejčí"
2024,D,-8.171206333273588,370.0,72,"Fred VanVleet, Dillon Brooks, Jalen Green, Jabari Smith Jr., Amen Thompson"
2024,D,8.1189475622141,202.0,31,"Miles Bridges, Cody Martin, Nick Richards, Tre Mann, Brandon Miller"
2024,O,-8.102314670034804,209.0,25,"Kyrie Irving, Derrick Jones Jr., Luka Dončić, Grant Williams, Dereck Lively II"
2024,D,8.044737220449807,254.0,42,"OG Anunoby, Isaiah Hartenstein, Josh Hart, Jalen Brunson, Donte DiVincenzo"
2024,D,-8.027076004280284,285.0,57,"Isaiah Stewart, Cade Cunningham, Jaden Ivey, Jalen Duren, Ausar Thompson"
2024,D,7.8858869771427065,462.0,93,"Nicolas Batum, Tobias Harris, Joel Embiid, De'Anthony Melton, Tyrese Maxey"
2024,O,7.815620901117894,216.0,30,"Vasilije Micic, Miles Bridges, Nick Richards, Tre Mann, Brandon Miller"
2024,O,-7.742541338945381,620.0,101,"Clint Capela, Dejounte Murray, Trae Young, Saddiq Bey, Jalen Johnson"
2024,D,7.658098510630118,240.0,42,"Cade Cunningham, Jaden Ivey, Jalen Duren, Simone Fontecchio, Ausar Thompson"
2024,O,-7.649958537170555,210.0,67,"Dennis Schröder, Jakob Poeltl, Pascal Siakam, OG Anunoby, Gary Trent Jr."
2024,O,-7.635818566403118,928.0,217,"Reggie Jackson, Kentavious Caldwell-Pope, Aaron Gordon, Nikola Jokić, Michael Porter Jr."
2024,D,-7.524402133190053,286.0,45,"James Harden, Paul George, Kawhi Leonard, Mason Plumlee, Terance Mann"
2024,D,-7.275286212997843,625.0,102,"Clint Capela, Dejounte Murray, Trae Young, Saddiq Bey, Jalen Johnson"
2024,O,-7.126317642578552,751.0,105,"Donovan Mitchell, Jarrett Allen, Max Strus, Darius Garland, Evan Mobley"
2024,O,7.043668999895677,208.0,39,"Anthony Davis, Spencer Dinwiddie, D'Angelo Russell, Rui Hachimura, Austin Reaves"
2024,D,6.788103184130961,511.0,97,"Harrison Barnes, Domantas Sabonis, De'Aaron Fox, Keegan Murray, Keon Ellis"
2024,O,6.425355319614248,279.0,73,"DeMar DeRozan, Nikola Vučević, Coby White, Patrick Williams, Ayo Dosunmu"
2024,D,6.343959093836356,596.0,114,"Gary Harris, Wendell Carter Jr., Franz Wagner, Jalen Suggs, Paolo Banchero"
2024,D,6.333695630233881,322.0,43,"LeBron James, Anthony Davis, D'Angelo Russell, Taurean Prince, Cam Reddish"
2024,O,-6.281328769810441,254.0,42,"Mike Conley, Rudy Gobert, Karl-Anthony Towns, Nickeil Alexander-Walker, Anthony Edwards"
2024,O,-6.242471140767987,290.0,65,"Clint Capela, Bogdan Bogdanović, Dejounte Murray, De'Andre Hunter, Jalen Johnson"
2024,O,6.225917306461401,1028.0,167,"Kevin Durant, Bradley Beal, Jusuf Nurkić, Devin Booker, Grayson Allen"
2024,D,6.214754005073721,291.0,62,"Bogdan Bogdanović, Trae Young, Onyeka Okongwu, Saddiq Bey, Jalen Johnson"
2024,O,-6.196387736034922,298.0,70,"CJ McCollum, Larry Nance Jr., Brandon Ingram, Zion Williamson, Herbert Jones"
2024,D,-6.175706629515813,514.0,104,"LeBron James, Anthony Davis, D'Angelo Russell, Taurean Prince, Austin Reaves"
2024,D,-6.172187876179137,311.0,54,"Myles Turner, Bruce Brown, Obi Toppin, Tyrese Haliburton, Bennedict Mathurin"
2024,O,6.101254666015879,316.0,53,"Myles Turner, Bruce Brown, Obi Toppin, Tyrese Haliburton, Bennedict Mathurin"
2024,O,-6.100279441446112,886.0,165,"DeMar DeRozan, Nikola Vučević, Alex Caruso, Coby White, Ayo Dosunmu"
2024,D,6.065545301130025,259.0,46,"Harrison Barnes, Domantas Sabonis, De'Aaron Fox, Chris Duarte, Keegan Murray"
2024,D,-5.988030514802037,339.0,93,"Tyus Jones, Kyle Kuzma, Daniel Gafford, Jordan Poole, Bilal Coulibaly"
2024,D,5.945763608802278,308.0,43,"Jonas Valanciunas, CJ McCollum, Zion Williamson, Herbert Jones, Trey Murphy III"
2024,O,-5.885383209065219,310.0,45,"Jonas Valanciunas, CJ McCollum, Zion Williamson, Herbert Jones, Trey Murphy III"
2024,O,-5.8747140337548505,283.0,41,"Stephen Curry, Klay Thompson, Draymond Green, Andrew Wiggins, Kevon Looney"
2024,D,-5.787337319121338,311.0,99,"Kyle Anderson, Karl-Anthony Towns, Nickeil Alexander-Walker, Naz Reid, Anthony Edwards"
2024,O,-5.714907018980746,363.0,46,"Jimmy Butler III, Terry Rozier, Bam Adebayo, Duncan Robinson, Nikola Jović"
2024,D,5.703540408934636,307.0,57,"Clint Capela, Bogdan Bogdanović, Dejounte Murray, De'Andre Hunter, Vít Krejčí"
2024,D,-5.509556613305583,221.0,39,"Dejounte Murray, Trae Young, Onyeka Okongwu, Saddiq Bey, Jalen Johnson"
2024,D,5.507409853067398,240.0,72,"Isaiah Hartenstein, Josh Hart, Donte DiVincenzo, RJ Barrett, Immanuel Quickley"
2024,D,-5.413728483068303,536.0,81,"Kris Dunn, Lauri Markkanen, John Collins, Collin Sexton, Simone Fontecchio"
2024,O,-5.337350882679231,208.0,35,"Killian Hayes, Isaiah Stewart, Cade Cunningham, Jalen Duren, Ausar Thompson"
2024,O,5.253862301367926,222.0,39,"Dejounte Murray, Trae Young, Onyeka Okongwu, Saddiq Bey, Jalen Johnson"
2024,D,-5.227317174442065,320.0,88,"Harrison Barnes, Domantas Sabonis, De'Aaron Fox, Malik Monk, Keegan Murray"
2024,D,-5.181870508240872,233.0,41,"Tobias Harris, Joel Embiid, Kelly Oubre Jr., De'Anthony Melton, Tyrese Maxey"
2024,O,-5.156051772877601,241.0,73,"Isaiah Hartenstein, Josh Hart, Donte DiVincenzo, RJ Barrett, Immanuel Quickley"
2024,O,-5.124585764162344,464.0,89,"Julius Randle, Jalen Brunson, Mitchell Robinson, RJ Barrett, Quentin Grimes"
2024,D,5.094325220444127,482.0,87,"Stephen Curry, Draymond Green, Andrew Wiggins, Jonathan Kuminga, Brandin Podziemski"
2024,O,5.005411422003688,202.0,58,"Al Horford, Jrue Holiday, Jayson Tatum, Payton Pritchard, Sam Hauser"
2024,D,4.972208610861821,217.0,64,"Gary Harris, Joe Ingles, Jonathan Isaac, Moritz Wagner, Cole Anthony"
2024,O,-4.911498846226026,321.0,42,"LeBron James, Anthony Davis, D'Angelo Russell, Taurean Prince, Cam Reddish"
2024,D,4.8178818805397565,241.0,62,"James Harden, Paul George, Kawhi Leonard, Norman Powell, Ivica Zubac"
2024,D,-4.77952887578914,280.0,43,"Nicolas Batum, Tobias Harris, Joel Embiid, Kelly Oubre Jr., Tyrese Maxey"
2024,O,4.670900393234016,1665.0,250,"Shai Gilgeous-Alexander, Luguentz Dort, Josh Giddey, Chet Holmgren, Jalen Williams"
2024,O,4.650902620959666,226.0,80,"Shai Gilgeous-Alexander, Luguentz Dort, Isaiah Joe, Chet Holmgren, Jalen Williams"
2024,O,-4.638488927590233,366.0,52,"Kyrie Irving, Derrick Jones Jr., P.J. Washington, Luka Dončić, Daniel Gafford"
2024,D,4.6372679960667735,568.0,99,"Markelle Fultz, Wendell Carter Jr., Franz Wagner, Jalen Suggs, Paolo Banchero"
2024,O,4.636922711832902,343.0,53,"Jakob Poeltl, Gary Trent Jr., RJ Barrett, Immanuel Quickley, Scottie Barnes"
2024,D,-4.6256732306007455,647.0,121,"Al Horford, Jrue Holiday, Jaylen Brown, Jayson Tatum, Derrick White"
2024,D,4.49868312768615,1272.0,211,"Brook Lopez, Damian Lillard, Khris Middleton, Giannis Antetokounmpo, Malik Beasley"
2024,D,4.305492818883635,213.0,26,"Kyrie Irving, Derrick Jones Jr., Luka Dončić, Grant Williams, Dereck Lively II"
2024,D,4.1665951450655,841.0,114,"Devin Vassell, Tre Jones, Julian Champagnie, Jeremy Sochan, Victor Wembanyama"
2024,O,4.130272096430421,479.0,86,"Stephen Curry, Draymond Green, Andrew Wiggins, Jonathan Kuminga, Brandin Podziemski"
2024,D,4.106708316764919,613.0,99,"Spencer Dinwiddie, Dorian Finney-Smith, Mikal Bridges, Nic Claxton, Cameron Johnson"
2024,D,-4.060914068772896,360.0,60,"Clint Capela, Dejounte Murray, Trae Young, De'Andre Hunter, Jalen Johnson"
2024,D,3.885369372724287,610.0,97,"Brook Lopez, Damian Lillard, Jae Crowder, Giannis Antetokounmpo, Malik Beasley"
2024,D,-3.8395124871635646,234.0,86,"Shai Gilgeous-Alexander, Luguentz Dort, Isaiah Joe, Chet Holmgren, Jalen Williams"
2024,O,3.7624086293130685,211.0,59,"Russell Westbrook, Kawhi Leonard, Norman Powell, Daniel Theis, Amir Coffey"
2024,O,-3.71645190152619,339.0,95,"Tyus Jones, Kyle Kuzma, Daniel Gafford, Jordan Poole, Bilal Coulibaly"
2024,D,-3.7154416463680437,310.0,58,"DeMar DeRozan, Nikola Vučević, Alex Caruso, Coby White, Patrick Williams"
2024,D,3.6310772180518662,913.0,154,"Myles Turner, Pascal Siakam, Andrew Nembhard, Tyrese Haliburton, Aaron Nesmith"
2024,O,3.6062056641258358,231.0,47,"Vasilije Micic, Miles Bridges, Grant Williams, Tre Mann, Brandon Miller"
2024,O,3.566222122877487,358.0,57,"Isaiah Hartenstein, Josh Hart, Jalen Brunson, Donte DiVincenzo, Precious Achiuwa"
2024,D,3.5103642361985927,253.0,43,"Mike Conley, Rudy Gobert, Karl-Anthony Towns, Nickeil Alexander-Walker, Anthony Edwards"
2024,O,-3.480662125724502,438.0,102,"Kevin Durant, Eric Gordon, Jusuf Nurkić, Devin Booker, Grayson Allen"
2024,O,3.4512933603836533,841.0,119,"Devin Vassell, Tre Jones, Julian Champagnie, Jeremy Sochan, Victor Wembanyama"
2024,O,-3.44301928191807,305.0,81,"Kelly Olynyk, Jordan Clarkson, Ochai Agbaji, Walker Kessler, Keyonte George"
2024,O,-3.2747069140842027,211.0,60,"Gary Harris, Joe Ingles, Jonathan Isaac, Moritz Wagner, Cole Anthony"
2024,O,3.259606292637542,204.0,67,"Zach Collins, Keldon Johnson, Devin Vassell, Tre Jones, Jeremy Sochan"
2024,D,3.2352553786560305,406.0,92,"Mike Conley, Rudy Gobert, Naz Reid, Anthony Edwards, Jaden McDaniels"
2024,D,-3.1685414313261315,348.0,73,"Fred VanVleet, Jalen Green, Jae'Sean Tate, Alperen Sengun, Jabari Smith Jr."
2024,O,3.1277787618031985,258.0,43,"OG Anunoby, Isaiah Hartenstein, Josh Hart, Jalen Brunson, Donte DiVincenzo"
2024,O,3.1258603271054946,249.0,62,"James Harden, Paul George, Kawhi Leonard, Norman Powell, Ivica Zubac"
2024,O,3.0714112393599007,1229.0,171,"Tyus Jones, Kyle Kuzma, Daniel Gafford, Jordan Poole, Deni Avdija"
2024,D,3.063739587309536,381.0,69,"Clint Capela, Dejounte Murray, Trae Young, De'Andre Hunter, Saddiq Bey"
2024,D,2.9889660222887837,210.0,57,"Harrison Barnes, Domantas Sabonis, Kevin Huerter, Davion Mitchell, Keegan Murray"
2024,D,2.960693244433366,236.0,47,"Jerami Grant, Malcolm Brogdon, Deandre Ayton, Shaedon Sharpe, Toumani Camara"
2024,D,2.940642130315999,288.0,65,"Clint Capela, Bogdan Bogdanović, Dejounte Murray, De'Andre Hunter, Jalen Johnson"
2024,O,2.9189062356126465,1900.0,327,"Kentavious Caldwell-Pope, Aaron Gordon, Nikola Jokić, Jamal Murray, Michael Porter Jr."
2024,O,-2.8852452213084026,233.0,45,"Jerami Grant, Malcolm Brogdon, Deandre Ayton, Shaedon Sharpe, Toumani Camara"
2024,D,-2.8679330764693973,752.0,112,"Dennis Schröder, Jakob Poeltl, Pascal Siakam, OG Anunoby, Scottie Barnes"
2024,D,2.8294724495140944,341.0,54,"Jakob Poeltl, Gary Trent Jr., RJ Barrett, Immanuel Quickley, Scottie Barnes"
2024,D,-2.805054003503823,356.0,59,"Isaiah Hartenstein, Josh Hart, Jalen Brunson, Donte DiVincenzo, Precious Achiuwa"
2024,O,-2.800382365806082,926.0,154,"Myles Turner, Pascal Siakam, Andrew Nembhard, Tyrese Haliburton, Aaron Nesmith"
2024,O,2.799219751815185,216.0,39,"Julius Randle, Isaiah Hartenstein, Jalen Brunson, Donte DiVincenzo, RJ Barrett"
2024,D,2.78065583994769,885.0,159,"DeMar DeRozan, Nikola Vučević, Alex Caruso, Coby White, Ayo Dosunmu"
2024,D,2.7066607533430895,224.0,41,"Myles Turner, Pascal Siakam, Andrew Nembhard, Tyrese Haliburton, Bennedict Mathurin"
2024,D,2.683458665171007,914.0,214,"Reggie Jackson, Kentavious Caldwell-Pope, Aaron Gordon, Nikola Jokić, Michael Porter Jr."
2024,O,2.5588278376969638,1269.0,210,"Brook Lopez, Damian Lillard, Khris Middleton, Giannis Antetokounmpo, Malik Beasley"
2024,O,-2.4743079074435212,218.0,34,"Stephen Curry, Klay Thompson, Kevon Looney, Jonathan Kuminga, Brandin Podziemski"
2024,D,2.4734508105274875,242.0,51,"Al Horford, Kristaps Porziņģis, Jaylen Brown, Jayson Tatum, Derrick White"
2024,D,2.468388115035166,213.0,48,"Julius Randle, Josh Hart, Jalen Brunson, Mitchell Robinson, Quentin Grimes"
2024,O,2.4653538909474815,376.0,70,"Clint Capela, Dejounte Murray, Trae Young, De'Andre Hunter, Saddiq Bey"
2024,O,2.465082828753126,235.0,42,"Cade Cunningham, Jaden Ivey, Jalen Duren, Simone Fontecchio, Ausar Thompson"
2024,D,2.3979243783222146,1668.0,251,"Shai Gilgeous-Alexander, Luguentz Dort, Josh Giddey, Chet Holmgren, Jalen Williams"
2024,O,2.3876272405799446,233.0,43,"Tobias Harris, Joel Embiid, Kelly Oubre Jr., De'Anthony Melton, Tyrese Maxey"
2024,O,2.3260398878055772,1257.0,205,"Mike Conley, Rudy Gobert, Karl-Anthony Towns, Anthony Edwards, Jaden McDaniels"
2024,O,2.2697089042685885,1401.0,216,"Harrison Barnes, Domantas Sabonis, De'Aaron Fox, Kevin Huerter, Keegan Murray"
2024,O,2.2284654834377275,1136.0,192,"James Harden, Paul George, Kawhi Leonard, Ivica Zubac, Terance Mann"
2024,D,-2.1749408132985892,210.0,33,"Jimmy Butler III, Bam Adebayo, Caleb Martin, Tyler Herro, Nikola Jović"
2024,O,-2.1317506667903525,437.0,77,"Dennis Schröder, Dorian Finney-Smith, Mikal Bridges, Nic Claxton, Cam Thomas"
2024,O,2.115539469472697,573.0,93,"Goga Bitadze, Franz Wagner, Jalen Suggs, Paolo Banchero, Anthony Black"
2024,O,2.089409568095377,337.0,66,"Stephen Curry, Klay Thompson, Draymond Green, Andrew Wiggins, Jonathan Kuminga"
2024,O,2.086789470165052,214.0,54,"Jonas Valanciunas, CJ McCollum, Brandon Ingram, Herbert Jones, Trey Murphy III"
2024,D,2.0843377953775177,326.0,68,"Isaiah Hartenstein, Josh Hart, Jalen Brunson, Donte DiVincenzo, Miles McBride"
2024,O,2.0670775406834476,243.0,41,"DeMar DeRozan, Nikola Vučević, Zach LaVine, Coby White, Patrick Williams"
2024,D,2.032139531033922,1379.0,217,"Harrison Barnes, Domantas Sabonis, De'Aaron Fox, Kevin Huerter, Keegan Murray"
2024,O,1.9993712402985815,291.0,59,"Isaiah Stewart, Cade Cunningham, Jaden Ivey, Jalen Duren, Ausar Thompson"
2024,O,-1.8717886296850685,265.0,48,"Harrison Barnes, Domantas Sabonis, De'Aaron Fox, Chris Duarte, Keegan Murray"
2024,D,-1.8647071915272013,1238.0,205,"Mike Conley, Rudy Gobert, Karl-Anthony Towns, Anthony Edwards, Jaden McDaniels"
2024,D,1.8196440129754357,256.0,47,"Jordan Clarkson, Lauri Markkanen, John Collins, Ochai Agbaji, Keyonte George"
2024,D,-1.7964408787421613,1026.0,166,"Kevin Durant, Bradley Beal, Jusuf Nurkić, Devin Booker, Grayson Allen"
2024,O,1.789810428165236,596.0,110,"Gary Harris, Wendell Carter Jr., Franz Wagner, Jalen Suggs, Paolo Banchero"
2024,D,1.686314275189933,369.0,60,"Julius Randle, OG Anunoby, Isaiah Hartenstein, Jalen Brunson, Donte DiVincenzo"
2024,O,1.5278681059153547,244.0,48,"Al Horford, Kristaps Porziņģis, Jaylen Brown, Jayson Tatum, Derrick White"
2024,O,1.5085425724846342,870.0,117,"Jonas Valanciunas, CJ McCollum, Brandon Ingram, Zion Williamson, Herbert Jones"
2024,D,-1.4986642698503803,240.0,39,"DeMar DeRozan, Nikola Vučević, Zach LaVine, Coby White, Patrick Williams"
2024,D,1.4330284574213992,1224.0,171,"Tyus Jones, Kyle Kuzma, Daniel Gafford, Jordan Poole, Deni Avdija"
2024,O,1.4136219626201634,361.0,59,"Clint Capela, Dejounte Murray, Trae Young, De'Andre Hunter, Jalen Johnson"
2024,D,-1.3573626054656829,213.0,30,"Vasilije Micic, Miles Bridges, Nick Richards, Tre Mann, Brandon Miller"
2024,O,-1.349687531345425,571.0,101,"Markelle Fultz, Wendell Carter Jr., Franz Wagner, Jalen Suggs, Paolo Banchero"
2024,O,1.3347626749819843,609.0,97,"Brook Lopez, Damian Lillard, Jae Crowder, Giannis Antetokounmpo, Malik Beasley"
2024,O,1.316252884117424,208.0,34,"Jimmy Butler III, Bam Adebayo, Caleb Martin, Tyler Herro, Nikola Jović"
2024,O,-1.3103110640199789,208.0,31,"Lauri Markkanen, John Collins, Collin Sexton, Taylor Hendricks, Keyonte George"
2024,O,-1.2689334428511412,346.0,76,"Fred VanVleet, Jalen Green, Jae'Sean Tate, Alperen Sengun, Jabari Smith Jr."
2024,D,-1.2491388332457787,214.0,59,"Russell Westbrook, Kawhi Leonard, Norman Powell, Daniel Theis, Amir Coffey"
2024,D,-1.1780278055947744,1126.0,192,"James Harden, Paul George, Kawhi Leonard, Ivica Zubac, Terance Mann"
2024,D,1.1564269267788445,803.0,125,"LeBron James, Anthony Davis, D'Angelo Russell, Rui Hachimura, Austin Reaves"
2024,O,-1.1354319783393754,740.0,107,"Dennis Schröder, Jakob Poeltl, Pascal Siakam, OG Anunoby, Scottie Barnes"
2024,O,-1.0869371123395666,638.0,117,"Al Horford, Jrue Holiday, Jaylen Brown, Jayson Tatum, Derrick White"
2024,O,-1.0840349764720671,324.0,105,"Kyle Anderson, Karl-Anthony Towns, Nickeil Alexander-Walker, Naz Reid, Anthony Edwards"
2024,D,-1.0337806473088356,208.0,62,"Al Horford, Jrue Holiday, Jayson Tatum, Payton Pritchard, Sam Hauser"
2024,O,0.9573446559224101,210.0,36,"LeBron James, Anthony Davis, Taurean Prince, Cam Reddish, Austin Reaves"
2024,D,-0.8323786830584393,747.0,107,"Donovan Mitchell, Jarrett Allen, Max Strus, Darius Garland, Evan Mobley"
2024,O,0.7974422512841989,271.0,70,"Brook Lopez, Damian Lillard, Giannis Antetokounmpo, Pat Connaughton, Malik Beasley"
2024,O,0.7920773770130081,306.0,58,"DeMar DeRozan, Nikola Vučević, Alex Caruso, Coby White, Patrick Williams"
2024,O,0.776960163416631,325.0,92,"Harrison Barnes, Domantas Sabonis, De'Aaron Fox, Malik Monk, Keegan Murray"
2024,O,-0.7066264349423629,256.0,46,"Jordan Clarkson, Lauri Markkanen, John Collins, Ochai Agbaji, Keyonte George"
2024,O,-0.6680222651542469,1533.0,276,"Fred VanVleet, Dillon Brooks, Jalen Green, Alperen Sengun, Jabari Smith Jr."
2024,O,-0.6637948308959591,804.0,125,"LeBron James, Anthony Davis, D'Angelo Russell, Rui Hachimura, Austin Reaves"
2024,D,-0.5795371081869558,363.0,45,"Jimmy Butler III, Terry Rozier, Bam Adebayo, Duncan Robinson, Nikola Jović"
2024,O,-0.5223369304961496,302.0,50,"Clint Capela, Bogdan Bogdanović, Dejounte Murray, Saddiq Bey, Jalen Johnson"
2024,D,-0.5124622191460732,440.0,75,"Dennis Schröder, Dorian Finney-Smith, Mikal Bridges, Nic Claxton, Cam Thomas"
2024,D,0.49729142214755107,301.0,72,"CJ McCollum, Larry Nance Jr., Brandon Ingram, Zion Williamson, Herbert Jones"
2024,O,0.43835501097310253,239.0,59,"Caris LeVert, Georges Niang, Darius Garland, Isaac Okoro, Evan Mobley"
2024,D,0.4299100964034493,879.0,117,"Jonas Valanciunas, CJ McCollum, Brandon Ingram, Zion Williamson, Herbert Jones"
2024,D,0.4276923846626039,363.0,68,"Myles Turner, Buddy Hield, Bruce Brown, Obi Toppin, Tyrese Haliburton"
2024,D,-0.42014198100202743,459.0,93,"DeMar DeRozan, Nikola Vučević, Zach LaVine, Alex Caruso, Coby White"
2024,O,0.391666684111959,610.0,97,"Spencer Dinwiddie, Dorian Finney-Smith, Mikal Bridges, Nic Claxton, Cameron Johnson"
2024,D,0.34029797044304594,1900.0,329,"Kentavious Caldwell-Pope, Aaron Gordon, Nikola Jokić, Jamal Murray, Michael Porter Jr."
2024,D,-0.30268718777819875,300.0,53,"Clint Capela, Bogdan Bogdanović, Dejounte Murray, Saddiq Bey, Jalen Johnson"
2024,D,0.2762350888565385,243.0,70,"Mike Conley, Rudy Gobert, Kyle Anderson, Anthony Edwards, Jaden McDaniels"
2024,D,-0.22852464476917017,1515.0,276,"Fred VanVleet, Dillon Brooks, Jalen Green, Alperen Sengun, Jabari Smith Jr."
2024,O,0.22616933093527206,1279.0,201,"Jrue Holiday, Kristaps Porziņģis, Jaylen Brown, Jayson Tatum, Derrick White"
2024,O,0.19268197617151459,297.0,72,"Caris LeVert, Georges Niang, Jarrett Allen, Darius Garland, Isaac Okoro"
2024,D,0.13984312620552003,1275.0,206,"Jrue Holiday, Kristaps Porziņģis, Jaylen Brown, Jayson Tatum, Derrick White"
2024,O,-0.0933632971863949,200.0,65,"Brook Lopez, Damian Lillard, Bobby Portis, Pat Connaughton, Malik Beasley"
2024,D,-0.054128236587864906,210.0,35,"Killian Hayes, Isaiah Stewart, Cade Cunningham, Jalen Duren, Ausar Thompson"
2024,O,0.027405077420325996,520.0,105,"LeBron James, Anthony Davis, D'Angelo Russell, Taurean Prince, Austin Reaves"
2025,D,-22.158797580162908,213.0,39,"Luke Kennard, Jaren Jackson Jr., Desmond Bane, Zach Edey, Jaylen Wells"
2025,O,-21.147011011301633,214.0,32,"D'Angelo Russell, Nic Claxton, Cameron Johnson, Ziaire Williams, Keon Johnson"
2025,O,-18.601358457592063,284.0,51,"Jerami Grant, Anfernee Simons, Deandre Ayton, Shaedon Sharpe, Toumani Camara"
2025,O,18.319119014481124,287.0,43,"Brook Lopez, Giannis Antetokounmpo, Taurean Prince, Kyle Kuzma, Ryan Rollins"
2025,O,-17.837579969255614,456.0,71,"Kyle Kuzma, Jordan Poole, Bilal Coulibaly, Alex Sarr, Bub Carrington"
2025,O,17.07055593873222,207.0,37,"Luke Kennard, Jaren Jackson Jr., Desmond Bane, Zach Edey, Jaylen Wells"
2025,O,-16.168561143001824,230.0,41,"Terry Rozier, Bam Adebayo, Haywood Highsmith, Tyler Herro, Jaime Jaquez Jr."
2025,O,15.828989132352444,488.0,67,"Jaren Jackson Jr., Ja Morant, Desmond Bane, Zach Edey, Jaylen Wells"
2025,O,-15.800397762115434,246.0,36,"Kevin Durant, Bradley Beal, Jusuf Nurkić, Tyus Jones, Devin Booker"
2025,D,-15.673350402272584,277.0,41,"Chris Paul, Bismack Biyombo, Harrison Barnes, Devin Vassell, Stephon Castle"
2025,D,15.25253658076857,239.0,51,"Jimmy Butler III, Draymond Green, Moses Moody, Brandin Podziemski, Quinten Post"
2025,O,13.308785973408744,218.0,63,"LeBron James, Dorian Finney-Smith, Luka Dončić, Rui Hachimura, Austin Reaves"
2025,O,13.287433804142044,314.0,63,"Dillon Brooks, Jalen Green, Alperen Sengun, Tari Eason, Amen Thompson"
2025,O,12.66283206941161,401.0,67,"Lauri Markkanen, John Collins, Collin Sexton, Walker Kessler, Keyonte George"
2025,O,12.593873805184394,271.0,74,"Russell Westbrook, Aaron Gordon, Nikola Jokić, Michael Porter Jr., Christian Braun"
2025,D,12.557187599356684,887.0,168,"Myles Turner, Pascal Siakam, Andrew Nembhard, Tyrese Haliburton, Bennedict Mathurin"
2025,O,12.515538533505449,245.0,51,"Kyrie Irving, Klay Thompson, P.J. Washington, Luka Dončić, Dereck Lively II"
2025,D,-11.761050560490576,247.0,35,"Kevin Durant, Bradley Beal, Jusuf Nurkić, Tyus Jones, Devin Booker"
2025,O,-11.566038754531695,253.0,48,"Miles Bridges, LaMelo Ball, Josh Green, Mark Williams, Nick Smith Jr."
2025,D,11.51181179239931,236.0,67,"Mike Conley, Rudy Gobert, Donte DiVincenzo, Nickeil Alexander-Walker, Naz Reid"
2025,D,11.370319191212742,228.0,67,"Brook Lopez, Damian Lillard, Giannis Antetokounmpo, Taurean Prince, AJ Green"
2025,O,10.873561880222661,224.0,63,"Mike Conley, Rudy Gobert, Naz Reid, Anthony Edwards, Jaden McDaniels"
2025,D,-10.343934293769253,285.0,42,"Brook Lopez, Giannis Antetokounmpo, Taurean Prince, Kyle Kuzma, Ryan Rollins"
2025,D,10.256793249632523,230.0,46,"Clint Capela, Trae Young, De'Andre Hunter, Jalen Johnson, Dyson Daniels"
2025,D,10.23677900718597,476.0,68,"Jaren Jackson Jr., Ja Morant, Desmond Bane, Zach Edey, Jaylen Wells"
2025,O,-10.195081984770392,225.0,53,"OG Anunoby, Josh Hart, Mikal Bridges, Jalen Brunson, Jericho Sims"
2025,O,-9.983309251082797,223.0,35,"Jakob Poeltl, RJ Barrett, Immanuel Quickley, Scottie Barnes, Gradey Dick"
2025,O,9.821498341116929,383.0,138,"Julius Randle, Donte DiVincenzo, Nickeil Alexander-Walker, Naz Reid, Anthony Edwards"
2025,D,9.585047203507171,243.0,60,"Brook Lopez, Damian Lillard, Bobby Portis, Gary Trent Jr., AJ Green"
2025,O,-9.530734803849537,212.0,30,"LeBron James, Luka Dončić, Rui Hachimura, Jaxson Hayes, Austin Reaves"
2025,D,-9.439088597745613,401.0,79,"DeMar DeRozan, Zach LaVine, Domantas Sabonis, Malik Monk, Keegan Murray"
2025,O,9.372785972390721,342.0,56,"Chris Paul, Harrison Barnes, Devin Vassell, Victor Wembanyama, Stephon Castle"
2025,D,9.36051201904171,220.0,41,"LeBron James, Anthony Davis, D'Angelo Russell, Rui Hachimura, Austin Reaves"
2025,D,-9.18071469511453,246.0,65,"Russell Westbrook, Nikola Jokić, Michael Porter Jr., Christian Braun, Peyton Watson"
2025,O,9.09669232231653,335.0,66,"Nikola Jokić, Jamal Murray, Michael Porter Jr., Christian Braun, Peyton Watson"
2025,D,-8.832361756358777,333.0,49,"Donovan Mitchell, Jarrett Allen, Darius Garland, Isaac Okoro, Evan Mobley"
2025,O,8.78513786549319,350.0,54,"Chris Paul, Harrison Barnes, Julian Champagnie, Victor Wembanyama, Stephon Castle"
2025,D,-8.737358691424165,278.0,51,"Jerami Grant, Anfernee Simons, Deandre Ayton, Shaedon Sharpe, Toumani Camara"
2025,O,-8.69222969190403,634.0,127,"Fred VanVleet, Dillon Brooks, Jalen Green, Alperen Sengun, Amen Thompson"
2025,O,8.613899967344038,405.0,79,"James Harden, Kawhi Leonard, Norman Powell, Ivica Zubac, Derrick Jones Jr."
2025,D,-8.569912524174798,261.0,70,"OG Anunoby, Josh Hart, Mikal Bridges, Jalen Brunson, Precious Achiuwa"
2025,D,8.499351408374373,901.0,171,"Fred VanVleet, Dillon Brooks, Jalen Green, Alperen Sengun, Jabari Smith Jr."
2025,D,8.329817118042262,347.0,71,"James Harden, Kris Dunn, Ivica Zubac, Derrick Jones Jr., Amir Coffey"
2025,O,8.263515342303146,392.0,111,"DeMar DeRozan, Domantas Sabonis, Malik Monk, Keegan Murray, Keon Ellis"
2025,D,-8.2586391263325,393.0,90,"Brook Lopez, Damian Lillard, Giannis Antetokounmpo, Taurean Prince, Gary Trent Jr."
2025,O,8.236482989614885,329.0,48,"Donovan Mitchell, Jarrett Allen, Darius Garland, Isaac Okoro, Evan Mobley"
2025,D,8.12644062921205,202.0,41,"Dillon Brooks, Jalen Green, Alperen Sengun, Jabari Smith Jr., Amen Thompson"
2025,O,-8.102338175358494,224.0,44,"LeBron James, Anthony Davis, D'Angelo Russell, Rui Hachimura, Austin Reaves"
2025,O,8.07094299502739,283.0,48,"Nikola Vučević, Kevin Huerter, Coby White, Josh Giddey, Matas Buzelis"
2025,O,-7.99198673386489,256.0,69,"OG Anunoby, Josh Hart, Mikal Bridges, Jalen Brunson, Precious Achiuwa"
2025,O,-7.838049407965644,504.0,96,"Jerami Grant, Anfernee Simons, Deandre Ayton, Deni Avdija, Toumani Camara"
2025,O,7.821032302664057,357.0,56,"Isaiah Hartenstein, Shai Gilgeous-Alexander, Luguentz Dort, Chet Holmgren, Jalen Williams"
2025,O,7.819648775837859,514.0,80,"Tobias Harris, Tim Hardaway Jr., Cade Cunningham, Jaden Ivey, Jalen Duren"
2025,D,-7.792044355800955,763.0,121,"Russell Westbrook, Nikola Jokić, Jamal Murray, Michael Porter Jr., Christian Braun"
2025,O,-7.788464233999683,227.0,75,"Julius Randle, Donte DiVincenzo, Naz Reid, Anthony Edwards, Jaden McDaniels"
2025,O,7.703602880911818,222.0,36,"Nikola Vučević, Zach LaVine, Coby White, Ayo Dosunmu, Josh Giddey"
2025,O,-7.6138775013759155,750.0,112,"Jrue Holiday, Kristaps Porziņģis, Jaylen Brown, Jayson Tatum, Derrick White"
2025,D,-7.587547737480884,353.0,55,"Chris Paul, Harrison Barnes, Julian Champagnie, Victor Wembanyama, Stephon Castle"
2025,D,7.570410325908465,388.0,113,"DeMar DeRozan, Domantas Sabonis, Malik Monk, Keegan Murray, Keon Ellis"
2025,O,7.496698699206689,219.0,52,"Trae Young, De'Andre Hunter, Onyeka Okongwu, Jalen Johnson, Dyson Daniels"
2025,O,7.393683845442991,273.0,39,"Chris Paul, Bismack Biyombo, Harrison Barnes, Devin Vassell, Stephon Castle"
2025,D,7.331317378744312,201.0,46,"Dennis Schröder, Dorian Finney-Smith, Nic Claxton, Cameron Johnson, Cam Thomas"
2025,D,-7.170001011035395,339.0,55,"Chris Paul, Harrison Barnes, Devin Vassell, Victor Wembanyama, Stephon Castle"
2025,D,7.134347098786917,381.0,65,"DeMar DeRozan, Domantas Sabonis, De'Aaron Fox, Kevin Huerter, Keegan Murray"
2025,O,7.1299986233022565,247.0,59,"Brook Lopez, Damian Lillard, Bobby Portis, Gary Trent Jr., AJ Green"
2025,D,7.065425776943082,231.0,63,"Al Horford, Jayson Tatum, Luke Kornet, Payton Pritchard, Sam Hauser"
2025,D,7.030473349034189,675.0,126,"James Harden, Norman Powell, Kris Dunn, Ivica Zubac, Derrick Jones Jr."
2025,D,-7.015016537923082,353.0,56,"Isaiah Hartenstein, Shai Gilgeous-Alexander, Luguentz Dort, Chet Holmgren, Jalen Williams"
2025,O,6.98069122870931,385.0,90,"Brook Lopez, Damian Lillard, Giannis Antetokounmpo, Taurean Prince, Gary Trent Jr."
2025,D,6.805057906905806,213.0,82,"Rudy Gobert, Donte DiVincenzo, Naz Reid, Anthony Edwards, Jaden McDaniels"
2025,D,6.666706805741767,274.0,44,"Chris Paul, Harrison Barnes, Devin Vassell, Jeremy Sochan, Victor Wembanyama"
2025,D,6.512352951393559,271.0,74,"Russell Westbrook, Aaron Gordon, Nikola Jokić, Michael Porter Jr., Christian Braun"
2025,D,6.494407870953215,446.0,78,"Stephen Curry, Jimmy Butler III, Draymond Green, Moses Moody, Brandin Podziemski"
2025,D,-6.457019413899383,284.0,50,"Nikola Vučević, Kevin Huerter, Coby White, Josh Giddey, Matas Buzelis"
2025,D,6.363496535118821,267.0,49,"Anfernee Simons, Deandre Ayton, Deni Avdija, Shaedon Sharpe, Toumani Camara"
2025,D,-6.357141475488191,431.0,138,"Tobias Harris, Tim Hardaway Jr., Malik Beasley, Cade Cunningham, Jalen Duren"
2025,O,-6.346109285371681,413.0,67,"LeBron James, Anthony Davis, Rui Hachimura, Austin Reaves, Max Christie"
2025,O,6.277493847386741,347.0,68,"Jakob Poeltl, RJ Barrett, Ochai Agbaji, Davion Mitchell, Gradey Dick"
2025,O,6.225957496811152,232.0,44,"Jaren Jackson Jr., Ja Morant, Brandon Clarke, Desmond Bane, Jaylen Wells"
2025,O,6.114392467247872,235.0,62,"Mike Conley, Rudy Gobert, Donte DiVincenzo, Nickeil Alexander-Walker, Naz Reid"
2025,D,-6.073633777570516,452.0,71,"CJ McCollum, Dejounte Murray, Herbert Jones, Trey Murphy III, Yves Missi"
2025,O,-6.029750810601774,227.0,67,"Brook Lopez, Damian Lillard, Giannis Antetokounmpo, Taurean Prince, AJ Green"
2025,O,5.965258827333545,309.0,53,"Anfernee Simons, Deni Avdija, Shaedon Sharpe, Toumani Camara, Donovan Clingan"
2025,D,5.759421475489957,339.0,67,"Jakob Poeltl, RJ Barrett, Ochai Agbaji, Davion Mitchell, Gradey Dick"
2025,D,-5.749800223868402,222.0,65,"Malik Beasley, Isaiah Stewart, Marcus Sasser, Simone Fontecchio, Ronald Holland II"
2025,O,5.735446902523389,232.0,57,"Caris LeVert, Georges Niang, Trae Young, Onyeka Okongwu, Dyson Daniels"
2025,D,-5.678940528281993,329.0,62,"James Harden, Norman Powell, Ivica Zubac, Derrick Jones Jr., Terance Mann"
2025,D,-5.653740014169008,379.0,129,"Julius Randle, Donte DiVincenzo, Nickeil Alexander-Walker, Naz Reid, Anthony Edwards"
2025,O,5.623555113581538,762.0,126,"Russell Westbrook, Nikola Jokić, Jamal Murray, Michael Porter Jr., Christian Braun"
2025,D,5.569184496721379,406.0,80,"James Harden, Kawhi Leonard, Norman Powell, Ivica Zubac, Derrick Jones Jr."
2025,O,-5.546335599855721,374.0,64,"DeMar DeRozan, Domantas Sabonis, De'Aaron Fox, Kevin Huerter, Keegan Murray"
2025,D,5.50111580788306,654.0,106,"Isaiah Hartenstein, Shai Gilgeous-Alexander, Luguentz Dort, Jalen Williams, Cason Wallace"
2025,D,-5.44518331584721,226.0,53,"Caris LeVert, Georges Niang, Trae Young, Onyeka Okongwu, Dyson Daniels"
2025,D,5.432437501226675,268.0,101,"Rudy Gobert, Donte DiVincenzo, Nickeil Alexander-Walker, Naz Reid, Anthony Edwards"
2025,O,5.392033677287105,218.0,47,"Dennis Schröder, Dorian Finney-Smith, Nic Claxton, Cameron Johnson, Cam Thomas"
2025,D,-5.356268128867858,255.0,36,"Chris Paul, Bismack Biyombo, Harrison Barnes, De'Aaron Fox, Devin Vassell"
2025,D,-5.334613214945554,235.0,48,"Karl-Anthony Towns, Josh Hart, Mikal Bridges, Jalen Brunson, Precious Achiuwa"
2025,D,5.312076824831095,231.0,55,"Nikola Vučević, Zach LaVine, Coby White, Patrick Williams, Ayo Dosunmu"
2025,O,5.2891967912380675,546.0,91,"Al Horford, Jrue Holiday, Jaylen Brown, Jayson Tatum, Derrick White"
2025,D,-5.150538476409044,224.0,37,"Nikola Vučević, Zach LaVine, Coby White, Ayo Dosunmu, Josh Giddey"
2025,O,-5.04178044599535,256.0,37,"Chris Paul, Bismack Biyombo, Harrison Barnes, De'Aaron Fox, Devin Vassell"
2025,D,-5.009833606239762,1860.0,343,"Karl-Anthony Towns, OG Anunoby, Josh Hart, Mikal Bridges, Jalen Brunson"
2025,D,-4.989818971298414,431.0,102,"Rudy Gobert, Julius Randle, Donte DiVincenzo, Anthony Edwards, Jaden McDaniels"
2025,O,4.9240476535002795,221.0,41,"Russell Westbrook, Aaron Gordon, Nikola Jokić, Jamal Murray, Michael Porter Jr."
2025,O,-4.888405233703625,228.0,62,"Al Horford, Jayson Tatum, Luke Kornet, Payton Pritchard, Sam Hauser"
2025,O,-4.808708175928437,260.0,48,"Jakob Poeltl, RJ Barrett, Davion Mitchell, Scottie Barnes, Gradey Dick"
2025,O,-4.806580227410262,292.0,51,"Kentavious Caldwell-Pope, Goga Bitadze, Franz Wagner, Jalen Suggs, Tristan da Silva"
2025,D,4.753735739753147,548.0,97,"Al Horford, Jrue Holiday, Jaylen Brown, Jayson Tatum, Derrick White"
2025,D,-4.694312649073635,222.0,55,"OG Anunoby, Josh Hart, Mikal Bridges, Jalen Brunson, Jericho Sims"
2025,D,-4.675767818904479,358.0,79,"Karl-Anthony Towns, OG Anunoby, Josh Hart, Mikal Bridges, Miles McBride"
2025,O,4.672028664688015,886.0,145,"Aaron Gordon, Nikola Jokić, Jamal Murray, Michael Porter Jr., Christian Braun"
2025,D,4.650046897483371,424.0,72,"Brook Lopez, Damian Lillard, Giannis Antetokounmpo, Taurean Prince, Kyle Kuzma"
2025,D,4.557133551396311,220.0,61,"Mike Conley, Rudy Gobert, Naz Reid, Anthony Edwards, Jaden McDaniels"
2025,D,-4.455252883452554,210.0,37,"Myles Turner, Pascal Siakam, Tyrese Haliburton, Bennedict Mathurin, Quenton Jackson"
2025,D,4.407937117214435,420.0,78,"Cory Joseph, Kentavious Caldwell-Pope, Wendell Carter Jr., Franz Wagner, Paolo Banchero"
2025,O,4.403568807095903,400.0,53,"Donovan Mitchell, Jarrett Allen, Darius Garland, Dean Wade, Evan Mobley"
2025,O,4.393330060260852,426.0,104,"Rudy Gobert, Julius Randle, Donte DiVincenzo, Anthony Edwards, Jaden McDaniels"
2025,D,4.387268775143401,771.0,126,"Myles Turner, Pascal Siakam, Andrew Nembhard, Tyrese Haliburton, Aaron Nesmith"
2025,D,-4.387036632737501,513.0,79,"Tobias Harris, Tim Hardaway Jr., Cade Cunningham, Jaden Ivey, Jalen Duren"
2025,D,4.371079967167845,414.0,68,"LeBron James, Anthony Davis, Rui Hachimura, Austin Reaves, Max Christie"
2025,D,-4.285958904965993,749.0,110,"Jrue Holiday, Kristaps Porziņģis, Jaylen Brown, Jayson Tatum, Derrick White"
2025,D,-4.285377868703662,221.0,40,"Russell Westbrook, Aaron Gordon, Nikola Jokić, Jamal Murray, Michael Porter Jr."
2025,D,-4.267144364290813,402.0,56,"Donovan Mitchell, Jarrett Allen, Darius Garland, Dean Wade, Evan Mobley"
2025,D,-4.131798968337889,634.0,122,"Fred VanVleet, Dillon Brooks, Jalen Green, Alperen Sengun, Amen Thompson"
2025,O,-4.0512662785646105,913.0,173,"Fred VanVleet, Dillon Brooks, Jalen Green, Alperen Sengun, Jabari Smith Jr."
2025,O,-4.0093616394293425,343.0,67,"James Harden, Kris Dunn, Ivica Zubac, Derrick Jones Jr., Amir Coffey"
2025,D,3.9582506484533373,217.0,61,"LeBron James, Dorian Finney-Smith, Luka Dončić, Rui Hachimura, Austin Reaves"
2025,D,3.925859312809407,544.0,83,"Nikola Vučević, Zach LaVine, Coby White, Patrick Williams, Josh Giddey"
2025,O,-3.622662456339464,212.0,40,"Myles Turner, Pascal Siakam, Tyrese Haliburton, Bennedict Mathurin, Quenton Jackson"
2025,D,-3.5929472389515897,293.0,51,"Kentavious Caldwell-Pope, Goga Bitadze, Franz Wagner, Jalen Suggs, Tristan da Silva"
2025,O,3.586227052089589,509.0,69,"Donovan Mitchell, Jarrett Allen, Max Strus, Darius Garland, Evan Mobley"
2025,O,3.5252768651806496,276.0,45,"Chris Paul, Harrison Barnes, Devin Vassell, Jeremy Sochan, Victor Wembanyama"
2025,D,-3.5203043855964578,201.0,46,"Karl-Anthony Towns, Cameron Payne, OG Anunoby, Josh Hart, Mikal Bridges"
2025,O,3.5015548181291747,217.0,66,"Malik Beasley, Isaiah Stewart, Marcus Sasser, Simone Fontecchio, Ronald Holland II"
2025,D,3.467910774959224,369.0,77,"Kentavious Caldwell-Pope, Wendell Carter Jr., Cole Anthony, Franz Wagner, Paolo Banchero"
2025,D,3.430546766572362,309.0,53,"Anfernee Simons, Deni Avdija, Shaedon Sharpe, Toumani Camara, Donovan Clingan"
2025,O,-3.423345499171042,206.0,38,"Myles Turner, Pascal Siakam, Tyrese Haliburton, Bennedict Mathurin, Ben Sheppard"
2025,O,3.39783973313631,368.0,61,"Jimmy Butler III, Bam Adebayo, Duncan Robinson, Haywood Highsmith, Tyler Herro"
2025,D,-3.1606602211683086,212.0,52,"Trae Young, De'Andre Hunter, Onyeka Okongwu, Jalen Johnson, Dyson Daniels"
2025,D,3.14826095270744,227.0,45,"Jordan Poole, Bilal Coulibaly, Alex Sarr, Bub Carrington, Kyshawn George"
2025,D,3.142587013547709,219.0,36,"Jakob Poeltl, RJ Barrett, Immanuel Quickley, Scottie Barnes, Gradey Dick"
2025,O,-3.090020861728573,288.0,79,"Rudy Gobert, Julius Randle, Nickeil Alexander-Walker, Anthony Edwards, Jaden McDaniels"
2025,D,3.0536823247168874,285.0,75,"Rudy Gobert, Julius Randle, Nickeil Alexander-Walker, Anthony Edwards, Jaden McDaniels"
2025,O,-2.9999382143856335,637.0,91,"Brook Lopez, Damian Lillard, Giannis Antetokounmpo, Taurean Prince, Andre Jackson Jr."
2025,D,2.953998856270102,534.0,68,"Trae Young, Onyeka Okongwu, Dyson Daniels, Mouhamed Gueye, Zaccharie Risacher"
2025,D,2.8457630994529755,1019.0,184,"Tobias Harris, Tim Hardaway Jr., Cade Cunningham, Jalen Duren, Ausar Thompson"
2025,O,-2.820609948303818,210.0,75,"Myles Turner, Andrew Nembhard, Obi Toppin, Tyrese Haliburton, Bennedict Mathurin"
2025,O,2.7912968667382967,539.0,69,"Trae Young, Onyeka Okongwu, Dyson Daniels, Mouhamed Gueye, Zaccharie Risacher"
2025,D,-2.785425617271749,227.0,76,"Julius Randle, Donte DiVincenzo, Naz Reid, Anthony Edwards, Jaden McDaniels"
2025,D,2.7712862460926213,240.0,50,"Kyrie Irving, Klay Thompson, P.J. Washington, Luka Dončić, Dereck Lively II"
2025,O,2.675094092892857,361.0,81,"Karl-Anthony Towns, OG Anunoby, Josh Hart, Mikal Bridges, Miles McBride"
2025,D,-2.5642869035525893,234.0,46,"Jaren Jackson Jr., Ja Morant, Brandon Clarke, Desmond Bane, Jaylen Wells"
2025,O,-2.4658718535475965,540.0,84,"Nikola Vučević, Zach LaVine, Coby White, Patrick Williams, Josh Giddey"
2025,D,2.3756786978996898,213.0,31,"D'Angelo Russell, Nic Claxton, Cameron Johnson, Ziaire Williams, Keon Johnson"
2025,O,-2.3443165074776195,214.0,82,"Rudy Gobert, Donte DiVincenzo, Naz Reid, Anthony Edwards, Jaden McDaniels"
2025,D,2.291267906553548,576.0,94,"James Harden, Kawhi Leonard, Norman Powell, Kris Dunn, Ivica Zubac"
2025,O,2.242122867989978,420.0,76,"Cory Joseph, Kentavious Caldwell-Pope, Wendell Carter Jr., Franz Wagner, Paolo Banchero"
2025,D,-2.153257564162006,209.0,53,"Fred VanVleet, Dillon Brooks, Jalen Green, Alperen Sengun, Tari Eason"
2025,O,-2.1241306366023496,223.0,45,"Jordan Poole, Bilal Coulibaly, Alex Sarr, Bub Carrington, Kyshawn George"
2025,D,2.0896245409786554,452.0,72,"Kyle Kuzma, Jordan Poole, Bilal Coulibaly, Alex Sarr, Bub Carrington"
2025,D,2.0764583354307193,255.0,49,"Miles Bridges, LaMelo Ball, Josh Green, Mark Williams, Nick Smith Jr."
2025,O,-1.9869294465668503,1406.0,233,"Mike Conley, Rudy Gobert, Julius Randle, Anthony Edwards, Jaden McDaniels"
2025,D,-1.8679858910781069,602.0,78,"Clint Capela, Trae Young, Jalen Johnson, Dyson Daniels, Zaccharie Risacher"
2025,O,1.8457220659367515,234.0,51,"Nikola Vučević, Zach LaVine, Coby White, Patrick Williams, Ayo Dosunmu"
2025,O,1.8311641519829678,241.0,39,"Andrew Wiggins, Bam Adebayo, Tyler Herro, Davion Mitchell, Kel'el Ware"
2025,D,1.7770988476607539,201.0,43,"CJ McCollum, Dejounte Murray, Javonte Green, Trey Murphy III, Yves Missi"
2025,O,1.7760492719746166,265.0,51,"Anfernee Simons, Deandre Ayton, Deni Avdija, Shaedon Sharpe, Toumani Camara"
2025,D,-1.7715876929185175,884.0,145,"Aaron Gordon, Nikola Jokić, Jamal Murray, Michael Porter Jr., Christian Braun"
2025,O,1.7547036567113126,442.0,77,"Stephen Curry, Jimmy Butler III, Draymond Green, Moses Moody, Brandin Podziemski"
2025,O,-1.6454711156190784,203.0,60,"James Harden, Norman Powell, Ivica Zubac, Derrick Jones Jr., Amir Coffey"
2025,O,1.6448465090506317,662.0,109,"Isaiah Hartenstein, Shai Gilgeous-Alexander, Luguentz Dort, Jalen Williams, Cason Wallace"
2025,O,1.5881087509693437,370.0,79,"Kentavious Caldwell-Pope, Wendell Carter Jr., Cole Anthony, Franz Wagner, Paolo Banchero"
2025,O,-1.5747514894240469,905.0,180,"DeMar DeRozan, Domantas Sabonis, De'Aaron Fox, Malik Monk, Keegan Murray"
2025,O,1.5290881781164407,233.0,45,"Clint Capela, Trae Young, De'Andre Hunter, Jalen Johnson, Dyson Daniels"
2025,O,-1.5111157411710003,406.0,80,"DeMar DeRozan, Zach LaVine, Domantas Sabonis, Malik Monk, Keegan Murray"
2025,D,1.3760037716718088,262.0,48,"Jakob Poeltl, RJ Barrett, Davion Mitchell, Scottie Barnes, Gradey Dick"
2025,D,1.2696078664331294,306.0,64,"Dillon Brooks, Jalen Green, Alperen Sengun, Tari Eason, Amen Thompson"
2025,D,1.2377590742378974,217.0,75,"Myles Turner, Andrew Nembhard, Obi Toppin, Tyrese Haliburton, Bennedict Mathurin"
2025,O,1.181617865795581,243.0,59,"Russell Westbrook, Nikola Jokić, Michael Porter Jr., Christian Braun, Peyton Watson"
2025,O,1.1212277344878523,896.0,166,"Myles Turner, Pascal Siakam, Andrew Nembhard, Tyrese Haliburton, Bennedict Mathurin"
2025,O,-1.098623864723173,214.0,51,"Fred VanVleet, Dillon Brooks, Jalen Green, Alperen Sengun, Tari Eason"
2025,D,-1.057073524456413,398.0,74,"Lauri Markkanen, John Collins, Collin Sexton, Walker Kessler, Keyonte George"
2025,O,-0.8961184963374929,201.0,43,"Dillon Brooks, Jalen Green, Alperen Sengun, Jabari Smith Jr., Amen Thompson"
2025,D,0.8900873251081809,212.0,29,"LeBron James, Luka Dončić, Rui Hachimura, Jaxson Hayes, Austin Reaves"
2025,D,0.841025551437331,235.0,42,"Terry Rozier, Bam Adebayo, Haywood Highsmith, Tyler Herro, Jaime Jaquez Jr."
2025,D,-0.8158364416380689,630.0,90,"Brook Lopez, Damian Lillard, Giannis Antetokounmpo, Taurean Prince, Andre Jackson Jr."
2025,O,-0.7500964989471579,238.0,50,"Karl-Anthony Towns, Josh Hart, Mikal Bridges, Jalen Brunson, Precious Achiuwa"
2025,O,-0.707223325653797,573.0,98,"James Harden, Kawhi Leonard, Norman Powell, Kris Dunn, Ivica Zubac"
2025,O,-0.6890076992167994,330.0,61,"James Harden, Norman Powell, Ivica Zubac, Derrick Jones Jr., Terance Mann"
2025,O,-0.6544452823467101,255.0,101,"Rudy Gobert, Donte DiVincenzo, Nickeil Alexander-Walker, Naz Reid, Anthony Edwards"
2025,O,0.6339168011823629,427.0,67,"Brook Lopez, Damian Lillard, Giannis Antetokounmpo, Taurean Prince, Kyle Kuzma"
2025,D,0.6163386849759506,202.0,54,"Mike Conley, Julius Randle, Naz Reid, Anthony Edwards, Jaden McDaniels"
2025,D,0.605849943999635,239.0,38,"Andrew Wiggins, Bam Adebayo, Tyler Herro, Davion Mitchell, Kel'el Ware"
2025,O,0.5922889782985152,604.0,80,"Clint Capela, Trae Young, Jalen Johnson, Dyson Daniels, Zaccharie Risacher"
2025,D,-0.5083423854211712,342.0,66,"Nikola Jokić, Jamal Murray, Michael Porter Jr., Christian Braun, Peyton Watson"
2025,D,-0.48944108759564003,207.0,37,"Myles Turner, Pascal Siakam, Tyrese Haliburton, Bennedict Mathurin, Ben Sheppard"
2025,D,-0.48379467787145297,902.0,179,"DeMar DeRozan, Domantas Sabonis, De'Aaron Fox, Malik Monk, Keegan Murray"
2025,O,0.3916282328574672,203.0,44,"CJ McCollum, Dejounte Murray, Javonte Green, Trey Murphy III, Yves Missi"
2025,D,-0.3696532915165693,366.0,58,"Jimmy Butler III, Bam Adebayo, Duncan Robinson, Haywood Highsmith, Tyler Herro"
2025,D,0.3647561184059612,503.0,93,"Jerami Grant, Anfernee Simons, Deandre Ayton, Deni Avdija, Toumani Camara"
2025,D,0.3616328834497169,435.0,87,"DeMar DeRozan, Zach LaVine, Domantas Sabonis, Keegan Murray, Keon Ellis"
2025,O,0.3581095099714205,426.0,137,"Tobias Harris, Tim Hardaway Jr., Malik Beasley, Cade Cunningham, Jalen Duren"
2025,D,0.24214165065032162,511.0,70,"Donovan Mitchell, Jarrett Allen, Max Strus, Darius Garland, Evan Mobley"
2025,O,-0.17878071844358145,237.0,51,"Jimmy Butler III, Draymond Green, Moses Moody, Brandin Podziemski, Quinten Post"
2025,O,0.16082228899861872,432.0,85,"DeMar DeRozan, Zach LaVine, Domantas Sabonis, Keegan Murray, Keon Ellis"
2025,O,-0.16006064233569822,779.0,129,"Myles Turner, Pascal Siakam, Andrew Nembhard, Tyrese Haliburton, Aaron Nesmith"
2025,O,0.14538313598940034,457.0,70,"CJ McCollum, Dejounte Murray, Herbert Jones, Trey Murphy III, Yves Missi"
2025,D,0.1365267437500988,1392.0,233,"Mike Conley, Rudy Gobert, Julius Randle, Anthony Edwards, Jaden McDaniels"
2025,O,-0.12617024874485686,201.0,32,"Shai Gilgeous-Alexander, Luguentz Dort, Chet Holmgren, Jalen Williams, Cason Wallace"
2025,O,0.1235713746398717,1892.0,357,"Karl-Anthony Towns, OG Anunoby, Josh Hart, Mikal Bridges, Jalen Brunson"
2025,O,-0.10895747446057993,665.0,121,"James Harden, Norman Powell, Kris Dunn, Ivica Zubac, Derrick Jones Jr."
2025,O,-0.10486741077104947,1028.0,185,"Tobias Harris, Tim Hardaway Jr., Cade Cunningham, Jalen Duren, Ausar Thompson"
