player_id,side,miss,se,z,seasons,poss,name
3,O,-0.8601168213336047,0.6456770806373675,-1.3321160795804572,5,12057.0,Grant Long
7,O,1.4825134752102476,1.468064860781486,1.0098419455534617,1,2254.0,Dan Schayes
15,O,0.09443307939370676,0.5160158615422014,0.18300421834219865,8,22047.0,Eric Piatkowski
17,O,1.1165844046651545,1.3772891124746738,0.8107117050093481,1,4742.0,Clyde Drexler
21,O,-0.4525416804490865,0.5949387462186816,-0.7606525601591021,5,10771.0,Greg Anthony
22,O,0.11688642306335764,0.7596409866008728,0.15387061141393046,3,9838.0,Rik Smits
23,O,-0.4428337283801416,0.9761876247681958,-0.453635876079966,2,6489.0,Dennis Rodman
26,O,-1.761682763348181,0.8309791002341305,-2.120008509060965,3,7650.0,Luc Longley
28,O,-0.959696048157044,1.0174172268831718,-0.9432669536145413,2,2465.0,Doug West
29,O,-0.14941750920043417,1.0084498502362966,-0.1481655326394497,2,4298.0,Jim McIlvaine
35,O,0.5929142767757146,1.3966524129893285,0.42452529438349595,1,1030.0,Eric Riley
42,O,-1.6871372314134356,0.7348003484511859,-2.2960484912256613,4,10427.0,Monty Williams
43,O,-0.28461356487466,0.6272403237184875,-0.45375521010412234,5,14386.0,Chris Whitney
45,O,-0.4910160500473162,0.6543727417240026,-0.7503614052652792,5,16393.0,George McCloud
51,O,-1.6542403473464715,1.3996282387345338,-1.1819140980194454,1,1042.0,Mahmoud Abdul-Rauf
53,O,-0.11184874124947224,0.6956469672469686,-0.16078376894549687,4,13274.0,Mario Elie
54,O,-1.5702256615841208,0.995917633249121,-1.5766621748239908,2,5766.0,Dickey Simpkins
56,O,0.30226790341844223,0.40743074555888553,0.7418878096787023,10,52683.0,Gary Payton
57,O,-0.018326037317533208,0.4904306996915383,-0.03736723114817153,8,39018.0,Doug Christie
63,O,0.038322939554149164,0.7199595008783981,0.05322929901944852,4,9328.0,Michael Smith
64,O,-0.20497364531075715,0.6857033213240802,-0.29892467913813936,4,9456.0,Sam Perkins
65,O,1.5989718332095917,1.015472399864036,1.5746088553698572,2,3718.0,Greg Minor
67,O,-0.692671283006068,1.022876884433342,-0.6771795252659337,2,3544.0,Tom Hammonds
70,O,-0.9848774795249656,0.6375718801380079,-1.5447316768609376,5,7981.0,Steve Kerr
71,O,0.42092837294486823,1.365854366998493,0.3081795417690623,1,2442.0,Pooh Richardson
72,O,-0.36976292803349453,0.48423463801243066,-0.7636028053490929,8,22223.0,Kenny Anderson
73,O,1.9805544537018689,1.4972093016119483,1.3228307168340019,1,2490.0,Hot Williams
76,O,-0.249367930375718,0.8553946710941469,-0.29152382964549933,3,7121.0,Cedric Ceballos
77,O,1.6648167747453662,1.4673926443523857,1.1345407659993492,1,1951.0,Doug Overton
84,O,-0.2521107012592313,0.4802195761628601,-0.5249904705545184,8,37231.0,Latrell Sprewell
85,O,0.5588480392808537,0.9783417534778889,0.5712196553956889,2,4127.0,Brent Price
87,O,-0.0670864520627381,0.40939684170411056,-0.16386655984812037,11,35643.0,Dikembe Mutombo
89,O,-0.012957878445974206,0.4550469643911712,-0.028475914487884044,9,34394.0,Nick Van Exel
93,O,0.30884264616330304,0.6562262640670498,0.47063438797650303,5,16432.0,Hubert Davis
95,O,-0.2647545268766426,0.8472104880014582,-0.31250147469395695,3,7632.0,Mark Bryant
96,O,0.7860251198381212,0.7957995164027261,0.9877175138170624,3,11544.0,Detlef Schrempf
98,O,-0.43772137340469885,0.798358160607831,-0.5482769451137558,3,10604.0,Nick Anderson
103,O,3.072352222164935,1.507796766684802,2.0376434610084266,1,1919.0,Todd Day
105,O,0.13991472167389238,0.638957679291027,0.2189733783763873,5,15509.0,Dan Majerle
107,O,0.6303217909931492,0.8240128037288426,0.7649417437942735,3,6977.0,Dale Ellis
109,O,-0.3682459325468091,0.4334693337750095,-0.8495316827601596,11,31314.0,Robert Horry
111,O,-0.3937872653539154,0.6509982517767986,-0.604897577342388,5,15536.0,LaPhonso Ellis
120,O,0.3668685373998777,0.4973386760401483,0.7376633973470862,8,26835.0,Steven Smith
121,O,-0.9024337395388844,0.6371318647139875,-1.416400261104493,5,13604.0,Patrick Ewing
123,O,0.044821309472770826,1.01930363150447,0.04397248090504255,2,3917.0,Robert Pack
124,O,0.2894459435224434,0.5135697148334105,0.5635962074133063,7,30794.0,Vlade Divac
128,O,0.7091184326262904,1.4803164128378026,0.4790316627422195,1,2167.0,David Benoit
133,O,-0.3083593188872893,0.45019335180937886,-0.6849486285125218,9,43354.0,David Wesley
134,O,0.12186746012797887,1.5099110925867876,0.0807116794666333,1,2473.0,Kevin Johnson
136,O,0.7640265872202918,0.43648255355758564,1.7504172411772994,10,44146.0,P.J. Brown
137,O,-0.4315334754294411,0.712652648237413,-0.6055312872221027,4,6501.0,Vernon Maxwell
143,O,-0.7358575550664282,1.4391948431813457,-0.511298076527159,1,2719.0,Terry Dehere
145,O,-0.5963517662734538,0.7233723278414009,-0.8244050032339689,4,10412.0,Tracy Murray
146,O,-0.8781978666487167,0.6487051110189802,-1.3537705372310869,5,7373.0,Jud Buechler
147,O,0.13905839434175443,0.4505491046819169,0.3086420390068875,9,43402.0,Jalen Rose
156,O,0.15629958955103734,1.46309163583199,0.10682829818937298,1,2028.0,Antoine Carr
157,O,-0.10297251548889622,0.9503021880182227,-0.10835765379393364,2,5325.0,Derek Harper
164,O,-1.2507928621362747,0.6266152105926336,-1.996109958699076,5,14783.0,Chris Childs
165,O,-1.2942513385716914,0.6302387276697109,-2.0535890318215566,5,14013.0,Hakeem Olajuwon
166,O,0.1454900421015276,0.7013501321493906,0.20744280984969946,4,12280.0,Ron Harper
168,O,-0.5077424734636904,0.6336086153399655,-0.8013503307420448,5,11370.0,Chris Mills
173,O,-0.5501703298764051,1.454532680137862,-0.378245423694612,1,1270.0,Keith Askins
177,O,-1.1831547117191206,0.7942587851937354,-1.4896337739978864,3,7637.0,Muggsy Bogues
178,O,-1.4195325844733888,0.686333502000567,-2.068283976136453,4,11987.0,Olden Polynice
179,O,-0.7732383064687613,0.6441267017072418,-1.2004444225325739,5,11076.0,Bryant Stith
180,O,0.7786524719555896,0.9799168067137511,0.7946107941212667,2,3405.0,John Crotty
182,O,-0.450642361711258,0.8452781706455714,-0.5331290661003171,3,8714.0,Billy Owens
183,O,-0.9615301785502293,0.9612511530157226,-1.0002902732897967,2,6915.0,Bison Dele
184,O,1.3529837755204202,0.8156597115201678,1.6587600888105978,3,8201.0,Bobby Phills
185,O,-0.32191046226206604,0.4422898305985077,-0.727826958685566,10,45316.0,Chris Webber
187,O,0.36807037263260056,1.0066588744973544,0.36563565072267973,2,4129.0,Terry Cummings
192,O,-0.6271839969578231,0.8408739251765127,-0.745871620202954,3,8095.0,Dennis Scott
193,O,-0.13123432491293147,0.5926449662717863,-0.22143835243974308,5,27982.0,Anthony Mason
195,O,2.0491633351998675,1.3205777511943868,1.5517172944542772,1,3548.0,Lee Mayberry
197,O,-0.2259251967033395,0.842317441567035,-0.2682185902301056,3,6084.0,Scott Burrell
198,O,0.07871754088408758,0.5905488960746518,0.13329555165934445,6,12280.0,Danny Ferry
201,O,-0.15486378760968617,0.8206854096775926,-0.1887005493012537,3,3937.0,Chris Dudley
204,O,0.6526684938352227,0.7194293323485006,0.9072030628840998,3,11480.0,Jeff Hornacek
208,O,0.25642100053953043,0.43299586056555217,0.592201967484422,10,44863.0,Sam Cassell
209,O,-0.013642814310053293,0.6564974311309962,-0.020781215071245317,5,9065.0,Dell Curry
210,O,0.13326785564097549,0.5977497859101838,0.22294923190654214,5,18138.0,Terrell Brandon
213,O,-0.3012252017211908,0.46462622816109267,-0.648317256891386,9,35529.0,Antonio Davis
216,O,-0.4149611077665258,0.6525693745087403,-0.6358881124001751,5,11972.0,Brian Shaw
219,O,-0.6420810642266936,0.7144860615059863,-0.8986614278707158,4,9306.0,Vinny Del Negro
221,O,-0.5313942585857102,0.5315058166743324,-0.999790109373929,7,23279.0,Clar. Weatherspoon
224,O,0.4195540277774808,0.4285694965943268,0.9789638112640111,11,48044.0,Eddie Jones
228,O,0.08740198945289748,0.6969187448782431,0.12541202270024643,4,7792.0,Adam Keefe
234,O,1.2679731525511992,1.4668968167822836,0.8643915086901381,1,3652.0,Khalid Reeves
236,O,0.6631133366694444,1.4504040771511564,0.4571921350165488,1,1255.0,Kevin Edwards
238,O,-0.6027593884289709,0.5911424339807784,-1.0196517011474941,6,18617.0,Tyrone Hill
239,O,0.22120453829699754,0.7570944304096259,0.2921756248785437,3,8011.0,Darrick Martin
243,O,-0.43971191516307434,0.5248887037284123,-0.8377240966317115,8,27350.0,Aaron McKie
244,O,0.2847842440998215,0.8273652547548673,0.3442061924442279,3,7443.0,Dee Brown
247,O,-0.31251796226624257,0.9962216827732299,-0.31370323259404614,2,6282.0,Joe Dumars
248,O,-0.717729004398947,0.5144069746950289,-1.3952551961886976,8,24400.0,George Lynch
251,O,-1.839589902288035,0.7899320907219982,-2.3287949988291388,3,7053.0,Sean Elliott
252,O,0.5761569626056284,0.4733768778199271,1.2171210500585519,7,34271.0,Karl Malone
255,O,0.18387442874960166,0.3922152435348256,0.4688100010913397,13,49037.0,Grant Hill
258,O,0.513908492569783,0.503646947401325,1.0203744810157287,8,29231.0,Brian Grant
262,O,-0.3418036484206699,1.4464700439434455,-0.23630191987165264,1,2276.0,Michael Cage
265,O,-0.2360673274494203,1.0349667159348501,-0.22809170943839363,2,3191.0,Harvey Grant
270,O,0.09017809130707236,0.557086772273458,0.1618744077140042,6,24297.0,Horace Grant
271,O,-1.0214702519857433,0.6392760168987993,-1.5978547997796189,5,14667.0,Johnny Newman
275,O,-0.09886694030933231,0.48373777536553864,-0.20438126882818497,8,35746.0,Allan Houston
278,O,-0.6206109266310628,0.5217052861081606,-1.1895814421600415,8,16011.0,Stacey Augmon
280,O,-1.3058471089905002,1.3807256441040874,-0.9457687083358449,1,1582.0,Felton Spencer
281,O,-0.3864207878943421,0.6035898930036855,-0.6402042054935181,6,10955.0,Scott Williams
283,O,-0.6321705726499444,0.4651504312582087,-1.3590669387104608,9,26696.0,Lindsey Hunter
288,O,-1.1951181105985667,0.8046748492561482,-1.485218671496132,3,6708.0,Armen Gilliam
289,O,-1.6688432698367912,1.4113774047383738,-1.182421699705575,1,1091.0,Ledell Eackles
296,O,-0.48251281360889287,0.5150894599809328,-0.9367553621205026,7,24799.0,Rick Fox
297,O,0.18014060984832914,0.5254209056493307,0.34285009962766144,7,23009.0,Alonzo Mourning
299,O,0.607935772857853,0.5280803500135172,1.1512183190347678,7,30598.0,Glenn Robinson
302,O,-0.5415053326876827,0.5962140550737711,-0.9082397975684772,5,18950.0,Mookie Blaylock
304,O,0.9566662685300609,0.5051377776488151,1.8938719510999633,6,24349.0,John Stockton
310,O,-1.0090743078200624,1.4648609612173034,-0.6888533004398717,1,1691.0,Bobby Hurley
317,O,0.44482589939649453,0.6399998721507277,0.6950406066514536,5,15402.0,John Starks
323,O,-0.5154261277794812,0.8296133174663307,-0.6212847804247059,3,5036.0,Greg Foster
324,O,-0.017486683573773535,0.5064032868899411,-0.03453114153576573,8,24054.0,Anthony Peeler
328,O,0.22187266040671613,1.4152462901838117,0.15677317930146237,1,1305.0,Rick Mahorn
330,O,-0.6224564441347089,0.6471429809549935,-0.9618530409093606,5,11543.0,Danny Manning
339,O,-0.5383313802627051,0.5489580897745321,-0.9806420386004484,7,17369.0,Tom Gugliotta
341,O,-0.589929737467064,1.427502566136636,-0.4132600189039505,1,1154.0,Joe Wolf
344,O,-0.4745105789238036,0.6078368714180314,-0.7806544835241913,5,11130.0,Dana Barros
345,O,0.379645741193927,0.6399081253162665,0.5932816386825717,5,14670.0,Terry Porter
348,O,2.2440754680041066,1.4341021366601083,1.5647947315874946,1,1101.0,Mitchell Butler
349,O,-0.5831518712459955,0.4586739671936538,-1.2713864595672306,7,24562.0,Mark Jackson
353,O,-0.06832252553421023,0.42022811493496576,-0.16258437526195452,11,36864.0,Darrell Armstrong
356,O,0.13421500274254722,0.9799561437359,0.1369602135773929,2,2063.0,Chris Morris
358,O,-0.6929627153761705,0.532274923466766,-1.3018887135670925,7,23110.0,Anfernee Hardaway
359,O,-0.5032918159531816,0.843888809854991,-0.5963958877943463,3,6635.0,Chucky Brown
361,O,-0.4479490023718794,0.4472595988518307,-1.0015413945767033,10,43345.0,Clifford Robinson
363,O,-0.734086037051337,0.543732053566611,-1.3500878460927561,7,22447.0,Christian Laettner
364,O,-0.58808743287239,0.8236981043810997,-0.7139599201994764,3,8522.0,Rex Chapman
365,O,0.11227840021404169,0.7346453667078466,0.15283346945641665,4,6917.0,Derrick McKey
369,O,0.25974203116191463,0.514374125970858,0.5049671397675053,7,20967.0,Charlie Ward
371,O,-0.8434810259121414,1.019068496264521,-0.8276980683869536,2,5145.0,Terry Mills
375,O,-0.3310876408742088,0.6969973818195853,-0.47501992046206765,4,14248.0,Isaiah Rider
376,O,-0.9712365447092585,0.7051377814542621,-1.3773713028199959,4,4833.0,Eric Montross
381,O,-0.4990874706009044,1.4779065993497613,-0.3376989255075316,1,2415.0,James Robinson
383,O,-1.0805379988378092,0.5401254427810145,-2.0005315677674838,7,24101.0,Kendall Gill
384,O,-0.21360222403077803,0.5497122871793217,-0.3885709470436101,7,23611.0,Calbert Cheaney
386,O,-0.32287372139447595,0.7972488066782571,-0.4049848914038914,3,5909.0,Elliot Perry
389,O,0.42303366320775576,0.48562311891316684,0.8711151646867896,9,26839.0,Toni Kukoc
393,O,-0.3059248120559606,0.49868957923421336,-0.613457398740391,7,24124.0,Rod Strickland
397,O,0.5859671378119549,0.4681446837193535,1.2516795729826857,8,38186.0,Reggie Miller
399,O,-0.6009467747856664,0.6407788415301399,-0.9378380430768329,5,10067.0,Sean Rooks
400,O,0.4285731588131778,0.9805062823576516,0.4370937407791647,2,4348.0,Derek Strong
406,O,1.3140163812948993,0.37059102559832574,3.545731792002779,14,55302.0,Shaquille O'Neal
417,O,-0.07427569705011146,0.6490414217621294,-0.11443907054260882,5,12567.0,Sam Mitchell
420,O,0.015001073323542785,0.9700317217742901,0.015464518310910743,2,6429.0,Jayson Williams
422,O,0.0003371654844869173,0.5382678244919575,0.0006263898177550365,6,19145.0,Avery Johnson
423,O,-0.3792834074996868,0.6486307653327998,-0.5847447080390704,5,12512.0,Chris Gatling
426,O,0.29778295965362256,0.9695604079960638,0.30713193030344066,2,4269.0,Terry Davis
428,O,-0.17806575532200467,0.7949898630729453,-0.22398493816476,3,6840.0,Sherman Douglas
431,O,-0.3488710646452319,0.5678280624743234,-0.6143956026495387,6,20588.0,Shawn Kemp
432,O,-0.0070331253107447315,0.8286391446465002,-0.00848756102844391,3,5334.0,Pete Chilcutt
433,O,0.4946594420484634,1.4321374163009237,0.3453994263526207,1,1364.0,Buck Williams
435,O,-0.8819153745052838,1.006628437637428,-0.8761081462939319,2,3196.0,Carlos Rogers
436,O,-0.18580030029985528,0.40437191750082585,-0.45947874285675594,12,50557.0,Juwan Howard
440,O,-1.3206986491106671,1.0555291442967922,-1.2512195008983238,2,3311.0,Zan Tabak
441,O,-0.2819647807161886,0.5365731015093476,-0.5254918293947997,7,23793.0,Lamond Murray
445,O,0.059085426565320606,0.49720875804279746,0.11883424338280622,8,26957.0,Wesley Person
446,O,-0.2749755003066429,0.5038756988225143,-0.5457209009071513,8,21039.0,Lucious Harris
448,O,0.0057279844088458706,0.5379553056837647,0.010647695725512647,7,26606.0,Bo Outlaw
452,O,-0.43041090426751455,0.5383625075328069,-0.7994815728160379,7,24594.0,Vin Baker
456,O,0.11483374800729212,1.0136257425116966,0.11329008646005952,2,4587.0,Chuck Person
457,O,-2.7066032922833427,1.426663612176621,-1.8971559021919353,1,1312.0,Andrew Lang
458,O,-0.44610757323439404,0.47780729497753965,-0.9336558439430362,8,24557.0,Howard Eisley
461,O,1.7392119116461942,1.0091122422613965,1.7235068992411207,2,4788.0,Popeye Jones
462,O,-0.29629989046008653,0.8196082130220655,-0.3615140572683714,3,5224.0,J.R. Reid
467,O,0.6420271342858495,0.32728850967106277,1.961654978144851,16,81994.0,Jason Kidd
468,O,0.3881902682482722,0.537046742126165,0.722823988674485,7,17500.0,Jon Barry
469,O,-0.03917485881242974,0.526514039752535,-0.0744042055000892,7,26422.0,Jamal Mashburn
672,O,1.2424742696497055,0.8666809144208755,1.4336005893010102,3,6220.0,Matt Bullard
673,O,-1.0513761806570465,0.5326305764331632,-1.9739313272207115,7,20984.0,Alan Henderson
677,O,-0.5328131702977748,0.5573697863505037,-0.9559419676952376,7,21695.0,Eric Williams
679,O,-1.1013292384122109,0.6556868540329385,-1.6796573419739258,5,13067.0,Jason Caffey
680,O,-2.1599771423267464,0.8340057862056764,-2.589882681933898,3,7806.0,John Amaechi
682,O,0.19570545705828124,0.5058382972757536,0.38689331771096414,8,23761.0,Bob Sura
685,O,-0.5539181836579227,0.6402426716118712,-0.8651691119921474,5,10125.0,Cherokee Parks
686,O,0.020584813078929776,0.4099770237028694,0.050209674905705465,12,43178.0,Antonio McDyess
688,O,-1.8302491803218977,0.5423505438423394,-3.374660910921754,7,20564.0,Michael Curry
689,O,-0.17042565700866577,0.44940382168090415,-0.37922609641195987,10,32190.0,Theo Ratliff
690,O,0.33328600447294193,0.7241573484645925,0.4602397602946342,4,6499.0,Don Reid
692,O,0.05471974493546607,0.5489385263340024,0.09968282842325366,7,16396.0,Andrew DeClercq
693,O,0.03224568865332259,0.4023324912655002,0.08014686696542135,13,40518.0,Joe Smith
694,O,-0.20440006146526424,0.9886974352506098,-0.20673671659060588,2,4802.0,Sam Mack
695,O,0.332968257403043,0.9949430097393255,0.334660632964576,2,4025.0,Eldridge Recasner
696,O,-0.02699089430233791,0.4653595873015953,-0.05800008217053312,8,23496.0,Travis Best
697,O,0.21149701733343237,0.5480550398054418,0.3859047029446409,7,17423.0,Fred Hoiberg
698,O,0.6020783288931894,1.4276195610362226,0.421735835880658,1,2832.0,Eddie Johnson
699,O,0.1477296755538986,0.4196592529030488,0.35202291986167084,12,39377.0,Brent Barry
702,O,0.052904630015333014,0.5947571447789073,0.08895165107264004,6,23376.0,Voshon Lenard
703,O,-0.3095258573977913,0.3844680525773711,-0.8050756241586594,14,46766.0,Kurt Thomas
704,O,1.0261610558823715,1.5128801432541619,0.67828311479793,1,1802.0,Shawn Respert
707,O,-1.5237541371572725,1.492632244780063,-1.02085034172754,1,1788.0,Mark Davis
708,O,0.47685550335821886,0.31276295111422436,1.5246546998594668,19,85755.0,Kevin Garnett
711,O,-0.3327889447899438,0.39784711540345913,-0.8364744443414163,13,46211.0,Jerry Stackhouse
713,O,-1.0740390490865706,1.018502320786665,-1.0545278367721445,2,4588.0,Chris Carr
714,O,0.33208665062637316,0.3862746246262365,0.8597164541877524,13,61306.0,Michael Finley
717,O,0.1361339299839897,0.6356723582361873,0.21415738504301687,5,14742.0,Arvydas Sabonis
718,O,-0.4571610180848342,0.6582292536624683,-0.6945316020841283,5,11525.0,Gary Trent
721,O,-0.1485477011992033,1.4031220745781763,-0.10586940644053477,1,1320.0,Tyus Edney
722,O,0.11439166487196768,0.4691948649995238,0.24380417051683587,9,30704.0,Corliss Williamson
724,O,0.18800050843635474,1.0136184017854875,0.18547464026421787,2,3936.0,Cory Alexander
727,O,-0.20200845395991723,0.44730394456464695,-0.45161339714213455,10,40956.0,Eric Snow
731,O,-0.45795721791704297,0.47023929005021553,-0.9738812294228733,9,22541.0,Greg Ostertag
735,O,-0.4667051978541109,0.7074125769878341,-0.6597355108405674,4,13031.0,Bryant Reeves
739,O,0.603837005978526,0.38642250366182634,1.562634164046946,13,59685.0,Rasheed Wallace
753,O,-1.6019939694268208,0.7078408958033715,-2.263211943424971,4,9742.0,Randy Brown
754,O,-0.6359244478203466,0.47025777897866256,-1.3522890555930622,9,33334.0,Jim Jackson
757,O,0.12546208546259363,0.40219746441614856,0.31194151272117326,11,43144.0,Damon Stoudamire
760,O,-1.2050984546532537,0.8306377108639532,-1.4508111525538863,3,5137.0,Jerome Kersey
761,O,-0.11529926790187808,0.709043815387939,-0.1626123314238266,4,10051.0,Matt Geiger
762,O,0.061382494393873756,0.5204107405697885,0.11795009135796687,8,21241.0,Shawn Bradley
763,O,-1.3117774398268371,0.5408078939303548,-2.4255885584313748,7,12047.0,Tony Massenburg
764,O,0.1876257542659697,0.5567662676029351,0.3369919572781614,6,24035.0,David Robinson
765,O,-0.49909848109742716,0.6945768307500189,-0.7185648282544783,4,12267.0,Hersey Hawkins
766,O,-3.059220262401307,1.3675149032852825,-2.2370653914278487,1,1102.0,David Wingate
769,O,-0.725262108636402,0.9818965745375403,-0.7386339126175181,2,2712.0,B.J. Armstrong
779,O,-0.0327863097612597,0.5597782337353827,-0.058570176161508954,6,20989.0,Glen Rice
781,O,-0.12444039939114426,1.0377755417658112,-0.11991070745356418,2,4707.0,Will Perdue
782,O,-0.22054344408180743,0.6055096026279355,-0.36422782252278113,5,16975.0,Mitch Richmond
785,O,-0.6926938314596144,1.0253227657221236,-0.6755861223580243,2,3956.0,Eric Murdock
786,O,-1.7977100057600384,1.4836525107621896,-1.2116786058188986,1,2252.0,Gerald Wilkins
787,O,2.031108759106059,0.802345086347981,2.531465317935726,3,8240.0,Charles Barkley
788,O,-1.561102706900424,0.5789632323058814,-2.6963762460059857,6,16969.0,Kevin Willis
891,O,-0.6957785550373756,0.6236277069150622,-1.1156953857602423,5,20603.0,Charles Oakley
893,O,1.2458533627174808,0.7981312982468198,1.5609629210809426,3,15301.0,Michael Jordan
895,O,-0.30975824938024393,0.8128814071923057,-0.38106204255569043,3,8845.0,Tyrone Corbin
896,O,0.17250093719772244,0.6002831776702675,0.28736593596910076,5,19867.0,Tim Hardaway
898,O,2.8037775864050185,1.347475174643523,2.0807638160359896,1,3802.0,Blue Edwards
899,O,0.11169169660224149,1.4174534255864828,0.07879743671720864,1,2686.0,Mark Price
901,O,-1.0222683735432072,0.7084177006152241,-1.4430305350295736,4,9840.0,Otis Thorpe
902,O,-1.1238887630152976,0.5541684812625853,-2.028063307488536,6,13123.0,Bimbo Coles
904,O,-0.15424782356987468,0.7483572990747466,-0.2061152122930898,3,7349.0,Chris Mullin
905,O,0.5213923720625306,0.4907816004499575,1.062371473552612,8,28937.0,Dale Davis
906,O,1.3425578723169966,1.2589814972397613,1.0663841170505455,1,1507.0,Haywoode Workman
907,O,0.8830999836648842,0.8124974889664651,1.0868956466416022,3,9120.0,Malik Sealy
911,O,-0.46479501871185547,0.5454985779652655,-0.8520554177163249,7,21123.0,Ervin Johnson
913,O,-0.06186633338703894,0.7165485456974052,-0.08633934680144445,4,15394.0,Larry Johnson
914,O,-2.444552108924894,1.4703462548599668,-1.6625690043041654,1,2553.0,Stanley Roberts
915,O,-0.19498984211115203,0.5140485044053137,-0.37932187418136654,8,26971.0,Rodney Rogers
916,O,-0.40932057347523715,0.661525476155281,-0.618752547300471,5,10909.0,Corie Blount
919,O,-0.04931597710644203,1.424364289658306,-0.03462314905288208,1,1044.0,Loy Vaught
920,O,-0.7632573773530702,0.691860545542742,-1.1031954087717486,4,12940.0,A.C. Green
922,O,-0.5246729955811921,0.5285115187405219,-0.9927371059603822,7,22681.0,Elden Campbell
923,O,-0.057707533340047606,0.44937162449914403,-0.12841828498710098,10,39522.0,Donyell Marshall
924,O,1.2229293826934922,0.9732229641217095,1.25657678433136,2,5174.0,Anthony Goldwire
932,O,-0.5297772903622789,1.0535272653061065,-0.5028605407837737,2,5283.0,Oliver Miller
934,O,-0.8775759157900617,0.5456067041796928,-1.608440492148052,7,20847.0,Derrick Coleman
935,O,-0.3334468323930354,0.49279769368076937,-0.6766404077553166,8,27699.0,Bryon Russell
937,O,-0.04862747417489604,0.5594523905327756,-0.08691977190156842,6,23450.0,Scottie Pippen
938,O,-3.423040224980802,1.435137976547367,-2.3851645492762303,1,3019.0,Rony Seikaly
947,O,0.19130168901148514,0.3788138619174223,0.5050018181572961,13,67652.0,Allen Iverson
948,O,-0.06014831297664618,0.3739492472696327,-0.1608461934762949,15,51412.0,Marcus Camby
949,O,0.0728103815464634,0.4252179800681372,0.17123072155790828,10,49954.0,Shareef Abdur-Rahim
950,O,0.9299046911684602,0.4051552538745379,2.2951811244595595,11,56403.0,Stephon Marbury
951,O,0.8466291858043513,0.3376917094868294,2.50710681375899,17,83271.0,Ray Allen
952,O,-0.15763539477083244,0.4105295851236939,-0.3839805959985475,11,55217.0,Antoine Walker
953,O,-0.5286373925579476,0.4547441753697644,-1.1624940377259338,10,30725.0,Lorenzen Wright
954,O,-0.5049750344263121,0.5603644317596139,-0.901154687567567,6,26527.0,Kerry Kittles
955,O,-1.4699790416546428,0.5882304411168743,-2.4989849876922228,6,12191.0,Samaki Walker
956,O,-0.4815714420106363,0.38969989090054225,-1.235749491481231,13,42285.0,Erick Dampier
957,O,0.25501538427463977,1.4312292483933464,0.17817927111321413,1,1261.0,Todd Fuller
958,O,-0.49592513412415445,0.5771084761759541,-0.8593274134704483,6,17650.0,Vitaly Potapenko
959,O,1.1394911874389058,0.34049382801172967,3.34658397214663,16,73464.0,Steve Nash
960,O,-0.004748305718517991,0.5111003587855775,-0.009290358805069933,8,20584.0,Tony Delk
961,O,-0.5185852297567145,0.7195349097864212,-0.7207228206768252,4,8750.0,John Wallace
962,O,-0.22095568676591174,0.5162421738770104,-0.42800781870748944,8,19414.0,Walter McCarty
965,O,0.16334781364622897,0.3252077913912406,0.5022875157677685,17,62023.0,Derek Fisher
966,O,0.2742116311051467,0.5162218226904861,0.5311895372341847,8,23814.0,Jerome Williams
967,O,0.8647409871401807,1.483656502669269,0.582844469447215,1,1727.0,Brian Evans
969,O,-0.4534309220731654,0.9797863745674162,-0.46278549471904923,2,3981.0,Travis Knight
970,O,0.13299631012257782,0.48116266986147527,0.27640612718535895,9,24003.0,Othella Harrington
971,O,-0.9216849534166672,1.4268483233184046,-0.6459586056583192,1,1451.0,Mark Hendrickson
976,O,0.19975245964798896,0.48903586288038203,0.4084617812515078,8,28150.0,Jeff McInnis
977,O,0.7756427465391077,0.31601065555745805,2.454482888150833,18,92623.0,Kobe Bryant
978,O,0.589369965441938,0.4019225813445029,1.4663768417051612,12,52090.0,Peja Stojakovic
979,O,-0.4958334313899687,0.37334705656373124,-1.3280764443507238,15,49030.0,Jermaine O'Neal
980,O,0.08744561548652667,0.4099645313509256,0.21330044137812032,12,42733.0,Zydrunas Ilgauskas
982,O,0.7500766253995562,1.4390469078295554,0.5212315327030308,1,1209.0,Martin Muursepp
983,O,0.5658667602537697,0.6500319001684769,0.8705215238007656,5,12341.0,Moochie Norris
988,O,-0.32800271953542803,1.415017580920319,-0.23180116201955386,1,2138.0,Randy Livingston
990,O,-0.2384583784139153,0.4822471798574867,-0.49447334971328255,9,21917.0,Malik Rose
994,O,1.368626533653078,0.9521783264669146,1.437363669819504,2,6022.0,Jamie Feick
998,O,-0.05882127961410326,1.4778359925372584,-0.03980230547309551,1,1847.0,Mark Pope
1000,O,-0.21153066855034106,0.46944959116409646,-0.45059293379254506,9,28263.0,Shandon Anderson
1002,O,0.059566082302379225,1.3651149937490323,0.04363447956775579,1,1268.0,Reggie Geary
1005,O,-0.24674287473617332,0.6051117001813846,-0.4077641775265809,6,15785.0,Walt Williams
1023,O,0.1752245387735068,0.7221471176087705,0.2426438249227164,4,6506.0,Emanual Davis
1032,O,0.15059232181717694,0.6580718472237473,0.22883872399722166,5,7968.0,Darvin Ham
1037,O,0.9162267781900111,1.463415302178799,0.6260880126276466,1,1927.0,Stojko Vrankovic
1038,O,1.2732078424648212,1.4566056480242648,0.874092342146137,1,1280.0,Juaquin Hawkins
1043,O,0.600997097184008,1.4253272819472822,0.42165550663067763,1,1171.0,Amal McCaskill
1051,O,-1.8111147820953104,0.7057878271202805,-2.566089570409465,4,9643.0,Dean Garrett
1065,O,-0.5143851292350838,0.5187140892988985,-0.9916544390192568,8,18444.0,Erick Strickland
1073,O,2.0800632104716694,1.0368813288650376,2.0060764453618725,2,4540.0,Reggie Slater
1074,O,-0.41431853743211094,0.7959551140400369,-0.5205300275403099,3,9053.0,Matt Maloney
1088,O,0.5435646160824062,0.4496725432276844,1.2088009914520867,9,31974.0,Chucky Atkins
1108,O,3.758325586670401,1.4928013306317627,2.5176327951689688,1,2477.0,Tony Farmer
1110,O,-0.39309861697688736,0.7287504703080121,-0.5394145636856209,4,5612.0,Mark Strickland
1112,O,-0.2873359746833726,0.3602986621855088,-0.7974938706140142,15,59744.0,Ben Wallace
1114,O,-0.3790030966851829,0.8253056688910082,-0.45922754558860895,3,9034.0,Jaren Jackson
1133,O,0.8367702072326164,1.4527266954833202,0.575999745743107,1,1370.0,Corey Beck
1134,O,-1.1236757017811545,0.6971916044578842,-1.6117172016936319,4,10537.0,Ike Austin
1425,O,-0.1577600789090462,0.5365769669901573,-0.2940120217868764,7,18972.0,Aaron Williams
1434,O,-1.1809710796929083,1.403984218473283,-0.8411569476023861,1,1131.0,Dragan Tarlac
1442,O,0.8123164645694333,1.0487167497465144,0.7745813774460821,2,3924.0,Zeljko Rebraca
1444,O,-0.3512157004960685,0.6308135542601372,-0.5567662554556221,5,8840.0,Lawrence Funderburke
1477,O,-0.3601889040263873,0.4288293324125538,-0.8399353234537343,11,43689.0,Bruce Bowen
1495,O,0.37353715695013034,0.308740460475084,1.2098743273730252,19,89092.0,Tim Duncan
1496,O,0.4110048491601413,0.47340939760078093,0.8681805879712078,9,35060.0,Keith Van Horn
1497,O,0.4678033815227377,0.3624195089662477,1.2907786969224784,14,60151.0,Chauncey Billups
1498,O,0.222648932947787,0.4059314335795324,0.5484890169368083,12,37348.0,Antonio Daniels
1499,O,-0.6511011455355902,0.43435707866762135,-1.498999734349502,11,31931.0,Tony Battie
1500,O,-0.4379454016358314,0.5760183637959302,-0.7602976383422825,6,23998.0,Ron Mercer
1501,O,-0.05099878451015685,0.42631307762114945,-0.11962753944761181,12,40571.0,Tim Thomas
1502,O,-1.090597416789164,0.4473510336906282,-2.4379007415983347,10,24342.0,Adonal Foyle
1503,O,0.5768621929858112,0.36848543471506834,1.5654952370963329,15,58723.0,Tracy McGrady
1504,O,0.736723758570461,0.589200051599278,1.2503796572501247,6,15368.0,Danny Fortson
1505,O,-0.13144795530626796,0.7913208860009966,-0.16611207619016694,3,7656.0,Tariq Abdul-Wahad
1506,O,-0.18699054754127553,0.5176498062899849,-0.36122982230292644,8,19786.0,Austin Croshere
1507,O,0.15973300375436386,0.4550597692476803,0.3510154369797174,10,33200.0,Derek Anderson
1508,O,-0.5267743838335226,0.5110784193060173,-1.0307114601880834,8,25002.0,Maurice Taylor
1509,O,-0.3669288600261245,0.49837747561355417,-0.7362468770772539,8,19306.0,Kelvin Cato
1510,O,-0.4379984484598055,0.40432640242523404,-1.0832793649699834,12,35429.0,Brevin Knight
1511,O,1.9182956042651222,1.4102743251801755,1.3602286945272455,1,1365.0,Johnny Taylor
1512,O,-0.46717233939641784,1.0255221958142948,-0.4555458100304394,2,3223.0,Chris Anstey
1513,O,0.43737763467440294,0.588429218261361,0.7432969354695336,6,13791.0,Scot Pollard
1515,O,0.08434182750377343,0.5740168755609519,0.14693266190362655,6,25687.0,Anthony Parker
1517,O,-0.10643453913725075,0.40970967514599294,-0.259780389856121,12,32275.0,Bobby Jackson
1518,O,-1.463048967128458,1.4740779049659045,-0.9925180766903215,1,2050.0,Rodrick Rhodes
1519,O,0.535964100172263,0.9930005748763838,0.5397419837737595,2,2201.0,John Thomas
1520,O,-0.8307898834298031,1.5100178347804845,-0.5501854774785341,1,2202.0,Charles Smith
1521,O,-0.7857168009397417,0.4758681393172651,-1.6511229393651379,9,22421.0,Jacque Vaughn
1531,O,0.1837464908339314,0.583550776251555,0.31487661110525644,6,13715.0,Marc Jackson
1532,O,2.095568082587119,1.358113143279371,1.5429996336881409,1,1064.0,Jerald Honeycutt
1533,O,-0.790264558937043,0.44632238167876365,-1.7706137791356125,10,26946.0,Anthony Johnson
1536,O,-0.09920253680632468,0.4183292056513185,-0.23713987803426514,12,52750.0,Stephen Jackson
1538,O,-0.5356879841105385,0.69711783850208,-0.76843247227985,4,11667.0,Cedric Henderson
1540,O,-1.08300158077237,1.0181934348422874,-1.0636501314115436,2,4358.0,Eric Washington
1541,O,-0.3129061402692028,0.5367309663124291,-0.5829850705633803,7,23874.0,Alvin Williams
1542,O,-0.6779854785560392,0.7351167124077717,-0.9222827710383469,4,10441.0,Predrag Drobnjak
1544,O,0.17814940397955686,0.7209116525233616,0.24711683235524315,4,6795.0,Chris Crawford
1545,O,0.1273550769020193,1.2474306337720062,0.10209391484712894,1,1088.0,DeJuan Wheat
1548,O,-0.9433187765138232,0.5428868021570472,-1.737597548449775,7,25631.0,Mark Blount
1559,O,0.12984953243002778,0.6138205970617049,0.21154313337089686,6,13939.0,Adrian Griffin
1562,O,-0.4709848632969559,1.0375220275846855,-0.45395167598840475,2,3446.0,Gerard King
1563,O,-0.3437722459253849,0.5608511305619001,-0.6129474065265229,7,16510.0,Kevin Ollie
1565,O,0.015552764745755173,1.3764249697032673,0.01129939160367606,1,3375.0,Michael Stewart
1569,O,1.040568519038331,1.0313887043429582,1.0089004413726061,2,3155.0,Keith Closs
1594,O,0.3531056376284633,1.020664625160328,0.3459565746907284,2,4838.0,Rick Brunson
1600,O,-0.49219253326581425,1.4153056992775304,-0.3477641145068965,1,1718.0,Kornel David
1601,O,0.5733275051092175,0.9712478382274699,0.5902999034268553,2,2389.0,Rusty LaRue
1607,O,0.2799977096541453,0.5247676905239722,0.5335650702400752,7,19781.0,Troy Hudson
1609,O,0.2872408037388842,1.523766410025792,0.18850711096461448,1,1834.0,Art Long
1630,O,0.06224400679075659,0.6025511842238005,0.10330077912126022,6,16547.0,Mikki Moore
1683,O,0.7793769456477398,1.4224562187306589,0.5479092680569273,1,1225.0,Larry Robinson
1709,O,-1.1407715971677637,0.5010085984579474,-2.2769501375404344,8,24043.0,Michael Olowokandi
1710,O,0.22175718055012633,0.35466077556714637,0.6252655941314886,14,66166.0,Mike Bibby
1711,O,0.03326177180814162,0.588088527779493,0.05655912373215568,6,25589.0,Raef LaFrentz
1712,O,1.0085515803069922,0.357648650362358,2.819950751345379,15,73290.0,Antawn Jamison
1713,O,0.5802133159633465,0.3087892379344928,1.8789946173138137,22,89571.0,Vince Carter
1714,O,0.45438323895408855,0.5742146634890868,0.7913124966073325,6,10930.0,Robert Traylor
1715,O,0.3591370648820788,0.38875816956685505,0.9238058335397058,11,45221.0,Jason Williams
1716,O,-0.12289151470324045,0.4216679649342793,-0.291441430041749,12,43589.0,Larry Hughes
1717,O,0.9305192905261614,0.3103939623342194,2.9978653048805657,21,99420.0,Dirk Nowitzki
1718,O,0.5521196253096842,0.32463991110594026,1.7007139492762802,18,87959.0,Paul Pierce
1719,O,-0.2690214440789239,0.4803414104769285,-0.5600629848086883,9,28489.0,Bonzi Wells
1720,O,-0.1341599526543794,0.5067902243159356,-0.26472482344241793,8,15650.0,Michael Doleac
1721,O,-0.15449589017150378,0.7279383171693327,-0.21223761207169017,4,14654.0,Keon Clark
1722,O,0.19536849873930573,0.764209607040264,0.2556477920971914,3,13979.0,Michael Dickerson
1723,O,0.425645468933484,0.4542542068216362,0.937020422797349,10,33009.0,Matt Harpring
1724,O,0.41203403800146987,0.8232098097844386,0.5005212925115202,3,6456.0,Bryce Drew
1725,O,-0.7990044287961805,0.46110933948816946,-1.7327873464525225,10,33088.0,Rasho Nesterovic
1727,O,0.0838729079804859,0.5415649604306578,0.1548713711348484,7,20606.0,Pat Garrity
1728,O,-0.20175135915429748,1.0312070548254852,-0.19564582904103633,2,3411.0,Roshown McLeod
1729,O,-0.3102265365643269,0.44288310108185774,-0.7004704758581158,10,41576.0,Ricky Davis
1730,O,-0.7653350383995902,0.46731498795375903,-1.6377284232863516,10,20276.0,Brian Skinner
1731,O,0.13298552373163133,0.5123684386577605,0.25955057669049714,8,22128.0,Tyronn Lue
1732,O,0.2871780437789436,0.7193912343134385,0.3991959174384661,4,7977.0,Felipe Lopez
1733,O,0.048615751548035824,0.40706694530961296,0.11942937668657655,13,52915.0,Al Harrington
1734,O,2.945496412151047,1.4867188406010938,1.981206083969553,1,1414.0,Sam Jacobson
1735,O,-1.60037397269026,1.0196612640363172,-1.5695153176214602,2,4490.0,Vladimir Stepania
1736,O,0.11269248084408302,1.031488498007392,0.10925229031809856,2,3270.0,Corey Benjamin
1737,O,-0.7977944224874711,0.4196936098892955,-1.9008972347658784,12,27807.0,Nazr Mohammed
1738,O,0.8591943157638678,1.4231351556849035,0.6037334629333703,1,1123.0,Ansu Sesay
1739,O,0.6913407068488043,0.5204360712168566,1.3283873756719962,8,29326.0,Ruben Patterson
1740,O,0.2755724991752051,0.36644007100570125,0.752026104620304,15,63903.0,Rashard Lewis
1741,O,-1.994679179583792,0.8454936807389943,-2.3591887497495723,3,6208.0,Jelani McCoy
1742,O,-0.2856454686545054,0.6532178995049629,-0.43728971430663494,5,9735.0,Shammond Williams
1744,O,-0.1448759987571132,0.7256581863065507,-0.19964771498617268,4,7366.0,Jerome James
1747,O,-0.09813536346562421,0.4653267134719814,-0.21089561511179652,9,35781.0,Rafer Alston
1749,O,0.5733953232323183,0.4374566059788225,1.3107478899520304,10,51961.0,Cuttino Mobley
1751,O,-0.4940428819129836,0.726259772396157,-0.6802564326025967,4,10135.0,Jahidi White
1752,O,-1.690746516784593,1.4729110513838177,-1.1478945148765882,1,1536.0,Sean Marks
1757,O,-0.8638096109931664,1.3723857846167882,-0.6294218583984884,1,1174.0,Cory Carr
1761,O,0.3736997099246265,0.4749092650732635,0.7868865431946804,10,21139.0,Greg Buckner
1762,O,2.8340404831687476,1.4159725291974243,2.0014798484650593,1,1107.0,Tremaine Fowlkes
1763,O,0.20882998987914758,0.5554832009577929,0.37594294394334893,7,11103.0,Ryan Bowen
1800,O,0.6504331750048697,0.46993938234027605,1.384078882186343,9,25135.0,Damon Jones
1802,O,0.5455673683999268,0.41442070107490003,1.3164578096240518,12,46560.0,Brad Miller
1838,O,0.7961301835460829,0.7305185102396313,1.0898152098636475,4,12831.0,Tyrone Nesby
1853,O,-0.7803387647321599,0.47756931108590367,-1.6339801294137073,9,22080.0,Anthony Carter
1863,O,-0.05872035488544648,0.4804763350663985,-0.12221279301369076,9,23943.0,Earl Boykins
1869,O,0.15571739233961496,1.454228558217328,0.10707903613892837,1,1347.0,Charles Jones
1882,O,0.5172802773895476,0.37299024705361306,1.3868466574548115,14,64540.0,Elton Brand
1883,O,0.8435946469913612,0.48099975871850925,1.7538359046975112,8,40901.0,Steve Francis
1884,O,0.989876208738759,0.3928523019382021,2.519715943765737,13,55573.0,Baron Davis
1885,O,-0.06977433779355889,0.3816787499438516,-0.18280907125121146,14,61861.0,Lamar Odom
1886,O,-2.047657209188817,0.8477367387289507,-2.4154399775795494,3,5864.0,Jonathan Bender
1887,O,0.5005240516770022,0.4513460588661481,1.1089585072137262,10,38304.0,Wally Szczerbiak
1888,O,0.2173249297510121,0.3740079296278217,0.5810703798908058,14,55020.0,Richard Hamilton
1889,O,1.2417401663271947,0.33803413744748473,3.6734164652826085,16,76326.0,Andre Miller
1890,O,0.0014597690705754611,0.35272641652009384,0.004138530606743774,16,78570.0,Shawn Marion
1891,O,0.3022849630535383,0.32440907230800675,0.9318018170790768,19,81027.0,Jason Terry
1892,O,0.8733080431808133,1.448685094689461,0.6028280724238521,1,2142.0,Trajan Langdon
1894,O,0.015638621215302483,0.41081983285207113,0.038066860372180884,13,45433.0,Corey Maggette
1897,O,0.34785181053753916,0.38701247943058714,0.8988129040420991,14,58545.0,Metta World Peace
1898,O,0.9584030188276986,1.4148574827109208,0.6773848465580872,1,1136.0,Cal Bowdler
1899,O,-0.5528498340537832,0.4191343761140678,-1.319027656904297,12,44396.0,James Posey
1900,O,-1.8295839306590043,1.4471510086635184,-1.264266078457612,1,1708.0,Quincy Lewis
1901,O,0.08599081893249748,0.7441038703536458,0.11556292388538328,4,10879.0,Dion Glover
1902,O,0.2441684502556845,0.46552547679597683,0.5245007253656598,10,29185.0,Jeff Foster
1903,O,-0.5019406958258243,0.5145716599168378,-0.9754534400649759,8,31761.0,Kenny Thomas
1904,O,-0.41263635909841706,0.48361815715588685,-0.8532275990733947,9,21294.0,Devean George
1905,O,0.6075762065337799,0.4209584826284815,1.4433162214478963,12,45507.0,Andrei Kirilenko
1907,O,-0.29098493629472494,1.0316837655937714,-0.28204857534736194,2,6602.0,Vonteego Cummings
1908,O,0.5540045664882095,0.6608016217067588,0.8383825769938225,5,17675.0,Jumaine Jones
1909,O,-0.2100290944801214,0.6445242163250273,-0.32586687848235285,5,9140.0,Scott Padgett
1913,O,0.19861780847299912,0.5989818124798444,0.3315923861706278,6,10357.0,Michael Ruffin
1914,O,0.08407182021487,1.3861015513156898,0.06065343490530611,1,1178.0,Chris Herren
1915,O,2.09409106276069,1.4637691360612097,1.4306156696236847,1,2572.0,Evan Eschmeyer
1916,O,-0.7443240142801772,0.8371682650614163,-0.8890972643660497,3,5152.0,Calvin Booth
1917,O,1.182117478229677,1.4728766996044693,0.8025909287227684,1,1178.0,Wang Zhi-zhi
1918,O,1.1002685572843722,1.436789093152783,0.7657829270335181,1,1384.0,Obinna Ekezie
1919,O,2.0943135808236533,1.360395039275276,1.5394892809513316,1,1191.0,Laron Profit
1921,O,-0.04152359440727798,0.601161242360501,-0.06907230786241762,6,16813.0,Gordan Giricek
1922,O,-1.0069520218256438,0.5618676881399929,-1.7921515030683797,7,13646.0,Francisco Elson
1924,O,0.05363416045672804,0.8464579011858834,0.06336305725492886,3,8807.0,Lee Nailon
1928,O,-0.33458873762326957,0.6982273436207743,-0.47919741425221746,4,6803.0,Todd MacCulloch
1934,O,-0.41403508559379054,0.8595151248329576,-0.4817077368757835,3,6990.0,Rodney Buford
1938,O,1.001308656760623,0.3729139106315102,2.685093337132314,16,52478.0,Manu Ginobili
1944,O,0.8272119723330411,0.6593247425640912,1.2546351121543569,5,10416.0,Eddie Robinson
1952,O,-0.9175562573753892,0.4599567467212989,-1.994875091877635,10,38165.0,Raja Bell
1956,O,-0.8130509540431238,0.6644549413760283,-1.2236359509335066,5,13323.0,Ira Newble
1960,O,-0.9341891295032702,0.5912903895396179,-1.5799159702741579,6,15336.0,Milt Palacio
1983,O,-0.2854499305574683,1.4460503512403058,-0.19739971731456812,1,1077.0,Jermaine Jackson
1985,O,0.4453654797457389,1.4890040093990917,0.2991029419225489,1,1614.0,Zendon Hamilton
2000,O,2.049787310709962,1.3858431901189132,1.479090365580307,1,1010.0,Dedric Willoughby
2030,O,-0.33608028955075553,0.4176457298797298,-0.8047018453834957,12,43958.0,Kenyon Martin
2031,O,-0.6635713066116936,0.5234484102574566,-1.2676918940021578,8,20385.0,Stromile Swift
2032,O,-0.003721436163648839,0.5971343081113636,-0.0062321593535952105,6,21782.0,Darius Miles
2033,O,-0.3712901525204934,0.6503666036040723,-0.5708936320883506,5,11445.0,Marcus Fizer
2034,O,0.013725620626117385,0.37806227037848156,0.03630518489024716,15,52538.0,Mike Miller
2035,O,0.44787025476080855,0.7562631452448428,0.592214836299882,4,10193.0,DerMarr Johnson
2036,O,-0.642954471779511,0.5940317846165194,-1.0823570193210688,6,16039.0,Chris Mihm
2037,O,-0.06597389776796425,0.3366776434385266,-0.19595568358553728,18,75565.0,Jamal Crawford
2038,O,-0.7131773574285047,0.5055718477618499,-1.4106350276142108,8,18424.0,Joel Przybilla
2039,O,-0.17101587280825667,0.44123023177768855,-0.38758874730601434,11,26258.0,Keyon Dooling
2040,O,-0.46278425652477007,1.381025825019198,-0.33510181210285245,1,1188.0,Jerome Moiso
2041,O,-0.37850782135787636,0.6418441315441835,-0.5897192211561422,5,11368.0,Etan Thomas
2042,O,-0.8926631095218776,0.857725068362344,-1.0407333800167935,3,7760.0,Courtney Alexander
2043,O,-1.8436425890802102,1.4026649988437816,-1.3143855379580491,1,2600.0,Mateen Cleaves
2044,O,-0.20114272639601288,0.9959589000019448,-0.20195886235428,2,2860.0,Jason Collier
2045,O,0.5593021884488046,0.4013839044710124,1.3934345204646763,13,50174.0,Hedo Turkoglu
2046,O,0.17565568824637667,0.4805207824029914,0.3655527391925831,9,37478.0,Desmond Mason
2047,O,-0.33242420084011726,0.4231753230355782,-0.7855472253332902,12,40114.0,Quentin Richardson
2048,O,0.06815058350363828,0.4913660059450027,0.13869617083617747,8,25091.0,Jamaal Magloire
2049,O,-0.10548192561718944,0.6641241001645203,-0.15882863698374883,5,15384.0,Speedy Claxton
2050,O,0.08182302494469393,0.48415015609596884,0.16900340506856074,9,35897.0,Morris Peterson
2051,O,-0.7336907002128065,0.8680649299810403,-0.8452025590169058,3,6166.0,Donnell Harvey
2052,O,-0.634594721321436,0.422732897749949,-1.5011718385277069,12,34514.0,DeShawn Stevenson
2053,O,0.2548114022262257,1.4354067938501114,0.17751859843352097,1,1215.0,Dalibor Bagaric
2054,O,-0.24548995574871904,0.636599294401579,-0.3856271251124876,5,8198.0,Jake Tsakalidis
2056,O,-0.923364150741759,0.8521573426885276,-1.0835606342703994,3,10186.0,Primoz Brezec
2058,O,0.13521458027514385,0.5867296918193564,0.23045464062993765,6,8733.0,Mark Madsen
2059,O,0.47989398424110985,0.5311742053255437,0.903458751252792,8,19558.0,Eduardo Najera
2060,O,0.21030245982062432,0.5496821013162606,0.3825892444324404,7,21314.0,Marko Jaric
2061,O,2.0172591769146413,1.4332475364025565,1.4074743724855447,1,1031.0,Dan Langhi
2062,O,-0.6357575027158667,0.9862252826705376,-0.6446371978969541,2,2309.0,A.J. Guyton
2063,O,-0.12986367275940636,0.6564412102638449,-0.19782986005282932,5,10280.0,Jake Voskuhl
2064,O,-0.44694310325334513,1.419817431700662,-0.31478913645819606,1,1773.0,Khalid El-Amin
2067,O,-0.424590154321747,0.4421420071821597,-0.9603026797379571,11,23709.0,Eddie House
2069,O,-0.15148136704217904,1.0462337140364029,-0.14478731186912255,2,4597.0,Hanno Mottola
2072,O,1.1202187736458622,0.4724247062353759,2.3712112403531584,9,37536.0,Michael Redd
2073,O,1.5801233141777606,0.734252491987502,2.1520162769902544,4,8664.0,Brian Cardinal
2074,O,-1.3837642918817399,1.4423750193775533,-0.9593651257763002,1,1242.0,Jabari Smith
2078,O,-0.7771267342644659,0.6304338507197086,-1.2326856075023438,5,9269.0,Jason Hart
2084,O,1.4719822360461032,1.485603557130092,0.9908311197704032,1,2279.0,Chris Porter
2091,O,0.12014948880595797,1.0100714463704414,0.11895147540077418,2,2531.0,Daniel Santiago
2098,O,-0.9540335690576649,0.8341830103502996,-1.1436741784719833,3,5368.0,Slava Medvedenko
2101,O,2.7866612341667905,1.4363687985997975,1.9400736335147954,1,1181.0,Paul McPherson
2109,O,-1.0202896356273568,1.3931432480048562,-0.7323652015602349,1,1860.0,Eddie Gill
2124,O,-0.24044554223023187,0.5985620235167256,-0.40170530836143686,6,11229.0,Malik Allen
2130,O,0.0869193726821743,1.4585951483085602,0.05959115713703638,1,1674.0,Mike Penberthy
2137,O,0.8501793595474058,0.7512903155953629,1.131625607171148,4,10233.0,Ime Udoka
2198,O,-0.38901054710486893,0.4636983098654833,-0.838930267435564,10,24314.0,Kwame Brown
2199,O,-0.1922161917096986,0.3370919293407647,-0.5702189076006863,18,60799.0,Tyson Chandler
2200,O,0.431617830492089,0.33749786763269507,1.2788757259996273,17,78780.0,Pau Gasol
2201,O,-0.6723960969085296,0.5531135690090514,-1.2156564846405462,7,24644.0,Eddy Curry
2202,O,0.661175887566328,0.412642420168818,1.6022974256883993,12,56600.0,Jason Richardson
2203,O,0.19617735440903425,0.3990636717263835,0.4915941197061468,13,57064.0,Shane Battier
2204,O,-0.24482183007323027,0.7321895520703386,-0.3343694667329959,4,12349.0,Eddie Griffin
2205,O,-0.7543849237223922,0.5902743517251949,-1.2780242297798494,6,13100.0,DeSagana Diop
2206,O,-1.4663429094714864,0.8537485215939437,-1.7175349325745624,3,6338.0,Rodney White
2207,O,0.5011247165037408,0.3417351965380598,1.4664123613264677,17,84283.0,Joe Johnson
2208,O,0.10918407674171493,1.047492788170865,0.10423372645111235,2,3095.0,Kedrick Brown
2209,O,0.25500285855239496,0.44897784172963423,0.5679631261311839,11,31014.0,Vladimir Radmanovic
2210,O,-0.3243005238672611,0.3586902929176895,-0.9041240598659859,16,65510.0,Richard Jefferson
2211,O,-0.24573990336074872,0.4612225863603471,-0.5328011043430457,10,38086.0,Troy Murphy
2212,O,-1.57978823540876,0.6619394569958232,-2.38660532879932,5,10174.0,Steven Hunter
2214,O,1.6981396459646856,1.4494424094042753,1.1715813163371047,1,2469.0,Michael Bradley
2215,O,-0.8259522307181707,0.5084241377984282,-1.6245338671265661,8,25465.0,Jason Collins
2216,O,0.3993345392746651,0.3581422898186888,1.1150164351627676,16,64678.0,Zach Randolph
2217,O,-0.5858634198118777,0.42516689821958253,-1.3779610366310822,11,34749.0,Brendan Haywood
2219,O,-2.508595621152792,1.442557110423815,-1.7389922402557643,1,1968.0,Jeryl Sasser
2221,O,-1.0751009596163659,1.31885613481989,-0.8151768272763029,1,2972.0,Raul Lopez
2222,O,-0.31073629781953654,0.43889107691822493,-0.7080032248580747,11,45100.0,Gerald Wallace
2223,O,-0.2480280055688039,0.4124098326990446,-0.6014114744684129,12,40853.0,Samuel Dalembert
2224,O,0.21549679754261652,0.46494764156593205,0.4634861611875881,9,26738.0,Jamaal Tinsley
2225,O,-0.23618128737217128,0.31769206341783085,-0.7434283526987074,18,73022.0,Tony Parker
2226,O,-0.21305801729252324,1.046257600957748,-0.20363820257792073,2,3092.0,Will Solomon
2229,O,0.18183474969368082,0.5027710494962235,0.36166511551506236,8,26651.0,Mike James
2230,O,-0.4533963471076689,0.559677600756711,-0.8101027207353935,7,20251.0,Maurice Evans
2239,O,-0.9792004762881841,0.4847220115033943,-2.020127935290447,9,30772.0,Trenton Hassell
2240,O,0.7687852617715901,0.4855419012248336,1.5833551333721014,8,37012.0,Gilbert Arenas
2242,O,-0.06213253905472429,1.0339838091457227,-0.060090437108544455,2,3253.0,Terence Morris
2243,O,-0.6600661995092753,0.6640440615704896,-0.9940096413906533,5,9057.0,Brian Scalabrine
2246,O,0.34907113671547607,0.5043904827884647,0.6920652720996568,8,33834.0,Mehmet Okur
2248,O,0.2622638727335248,0.40271471741422576,0.6512398514200922,12,37513.0,Earl Watson
2250,O,0.12961865807693906,0.6632906400516303,0.1954175895906651,5,18945.0,Bobby Simmons
2254,O,-2.171093383944716,1.4354332177472893,-1.5125004473227546,1,1362.0,Loren Woods
2260,O,-0.5859343814846243,0.5952793234383887,-0.9843015848429151,6,13986.0,Jarron Collins
2261,O,0.5677614399654058,1.3479410143455088,0.4212064429548364,1,1061.0,Kenny Satterfield
2294,O,-0.34676102644510226,0.6706449730972086,-0.5170560286818701,5,17730.0,Charlie Bell
2306,O,-0.2536056826834263,0.5337857353645109,-0.47510764316368326,7,18544.0,Carlos Arroyo
2351,O,0.756551459684236,1.4860650968139693,0.509097119168087,1,1997.0,Oscar Torres
2357,O,-0.33650978464129677,1.3921272148912416,-0.24172344383597602,1,1979.0,Tierre Brown
2365,O,-0.1546344226615305,0.45874256487903725,-0.3370832237952565,10,21151.0,Chris Andersen
2366,O,0.6854797603850402,1.0008693441888608,0.6848843601465052,2,2277.0,Mike Wilks
2397,O,0.22060323751809474,0.5229996908928592,0.4218037627163476,7,29444.0,Yao Ming
2398,O,0.4155610287227449,1.3105149015802668,0.31709752267726693,1,3931.0,Jay Williams
2399,O,-0.05821742898364961,0.37966005684170245,-0.15334093733205942,15,54151.0,Mike Dunleavy
2400,O,-0.24042651253091013,0.4362769839370335,-0.5510868585394139,11,36649.0,Drew Gooden
2401,O,-0.9330718103954561,1.4845853736006553,-0.6285066706082522,1,2581.0,Nikoloz Tskitishvili
2402,O,0.2616501572329236,1.0475031406123365,0.24978460406330752,2,4087.0,Dajuan Wagner
2403,O,0.07261707177058495,0.3737153425305401,0.19431118690196847,15,49301.0,Nene
2404,O,0.43337386232843056,0.5273094948230044,0.8218586363097746,8,21442.0,Chris Wilcox
2405,O,0.05356041892013267,0.3998038501144355,0.1339667412027226,13,51466.0,Amar'e Stoudemire
2406,O,0.06314714810817096,0.3990415016990615,0.15824706913766978,13,53825.0,Caron Butler
2407,O,0.16965108278170696,0.5024798480334898,0.3376276351094579,9,25098.0,Jared Jeffries
2408,O,0.6233616899901404,0.7304198839016466,0.853429244916446,4,8417.0,Melvin Ely
2410,O,-0.37118447135876736,0.6021874518885679,-0.6163935668115738,6,19297.0,Fred Jones
2411,O,-0.8536598470742721,0.8664089416537494,-0.9852851304198886,3,8712.0,Bostjan Nachbar
2412,O,-1.1021443487223874,0.8634493485218762,-1.2764435465833972,3,8596.0,Jiri Welsch
2413,O,-0.16582938706826894,0.5591414565322793,-0.29657859407656995,7,16293.0,Juan Dixon
2414,O,-0.8989820620153247,1.4880797460275241,-0.6041222349912266,1,1559.0,Curtis Borchardt
2416,O,-0.33300160796141326,0.6716518958983784,-0.4957949348389791,5,11212.0,Kareem Rush
2417,O,-0.05202412215385987,1.051015148360655,-0.04949892704687053,2,3183.0,Qyntel Woods
2418,O,0.06409805486391276,0.7439760242550854,0.08615607596775943,4,10364.0,Casey Jacobsen
2419,O,0.10790060472540393,0.3834274309785797,0.2814107599188224,13,57237.0,Tayshaun Prince
2420,O,-0.3361233634421145,0.5497156782078394,-0.6114494760963162,7,20121.0,Nenad Krstic
2421,O,2.2136484088998563,1.4635367272414228,1.512533554981088,1,1319.0,Frank Williams
2422,O,-0.7027330113407463,0.4248182180356222,-1.6541969753326826,12,45272.0,John Salmons
2423,O,-1.1044885948927585,1.426414216816593,-0.774311263777016,1,1298.0,Chris Jefferies
2424,O,1.3526007945726894,0.8136737811206664,1.66233793684462,3,6837.0,Dan Dickau
2427,O,0.6816339258270577,0.6622887073712082,1.0292096456432658,5,14339.0,Roger Mason Jr.
2428,O,2.225753451716195,1.4658902179809499,1.5183629881791874,1,2642.0,Vincent Yarbrough
2429,O,0.04021053121882978,0.5455474841416477,0.07370674851905172,7,13410.0,Dan Gadzuric
2430,O,0.10170396291680742,0.3911885798023315,0.2599870450415466,13,51938.0,Carlos Boozer
2431,O,0.9188636052363764,1.4355222821642357,0.6400901028516747,1,1737.0,David Andersen
2434,O,2.6863776447100967,1.5133076118832598,1.7751695845678006,1,4281.0,Juan Navarro
2436,O,-0.31522402692388174,0.5642266643398788,-0.5586833215205815,7,20991.0,Flip Murray
2437,O,-0.3499286536167948,1.0341376952350363,-0.3383772347039955,2,2792.0,Lonny Baxter
2440,O,0.24620357939230295,0.39219158940122495,0.6277635371227417,14,43594.0,Matt Barnes
2443,O,0.46878946046539505,0.5625992379611751,0.833256479628837,7,17585.0,Darius Songaila
2446,O,-1.011230909546483,0.46441902308977584,-2.177410612551511,10,30194.0,Rasual Butler
2449,O,-0.39961085339252345,0.46503698073051286,-0.8593098397568008,9,35674.0,Luis Scola
2452,O,1.0035375365451689,1.4329290413552696,0.7003400081807396,1,2822.0,J.R. Bremer
2454,O,-0.5495039969260797,0.9781404857286667,-0.5617843294940665,2,4875.0,Junior Harrington
2457,O,-0.6543902516489745,0.6442158098296463,-1.0157935301557077,5,10206.0,Jannero Pargo
2469,O,-4.433829762876014,1.4443651067336238,-3.069743060259154,1,1545.0,Pat Burke
2470,O,-0.011284295817528217,0.685257657605679,-0.016467230526041914,4,13677.0,Smush Parker
2471,O,-0.9077645699496406,1.4276283326837251,-0.6358549695095926,1,2391.0,Mike Batiste
2484,O,-0.7452245645734459,0.5602834478991776,-1.3300849192809783,7,16869.0,Devin Brown
2501,O,-0.3979080564243364,0.4274992545783693,-0.9307807023354512,12,28495.0,Reggie Evans
2544,O,1.230691068759677,0.3010966402352856,4.087362342528896,22,115865.0,LeBron James
2545,O,-0.6840202456312101,0.5987271545001664,-1.1424573622391465,6,14992.0,Darko Milicic
2546,O,0.47666118991923845,0.3366511197204739,1.4158907010765829,18,85838.0,Carmelo Anthony
2547,O,0.4292282415970219,0.3926431962575512,1.0931763129685637,13,60711.0,Chris Bosh
2548,O,0.4477527411864708,0.361807453188223,1.2375442717967906,16,69220.0,Dwyane Wade
2549,O,-0.6759018736708089,0.4225501468314445,-1.5995778932729292,12,37292.0,Chris Kaman
2550,O,-0.10916046091616755,0.40286249121049134,-0.2709620858178439,13,52038.0,Kirk Hinrich
2551,O,-0.7841784681797127,0.5183201750007725,-1.5129229113617735,7,22878.0,T.J. Ford
2552,O,-0.221654333745456,1.0624236464979935,-0.20863083617922337,2,5182.0,Michael Sweetney
2553,O,-0.2448532040743657,0.5546570143167695,-0.44144975679425535,7,19140.0,Jarvis Hayes
2554,O,-0.7264220160285139,0.5019357621291375,-1.447241003404776,9,22865.0,Mickael Pietrus
2555,O,0.6229075526500765,0.4218068856311885,1.4767600384663293,12,35751.0,Nick Collison
2556,O,-0.9831256944958849,0.6346570532441149,-1.5490660498777042,5,10012.0,Marcus Banks
2557,O,-0.39177499572902097,0.40946816979061273,-0.9567898670349898,12,41804.0,Luke Ridnour
2560,O,-1.7213805761731316,1.4592854203953227,-1.1796051355784853,1,1117.0,Zarko Cabarkapa
2561,O,-0.3631684689352413,0.35190137293091756,-1.0320177665420351,15,55432.0,David West
2562,O,-0.40354717013161556,0.5287386591166316,-0.7632261480668453,8,15284.0,Sasha Pavlovic
2563,O,-0.4935819551161742,0.5135997027065944,-0.9610246121932516,8,18013.0,Dahntay Jones
2564,O,-0.2649080194317784,0.3938979991351337,-0.6725294873632932,14,55763.0,Boris Diaw
2565,O,-2.0206548543069083,1.3905201306264017,-1.4531647617331822,1,1116.0,Zoran Planinic
2566,O,-0.13254093731935324,0.5233375941937783,-0.25326087556071264,8,22836.0,Travis Outlaw
2567,O,0.31944124496153015,0.753947245730394,0.42369177256171053,4,8226.0,Brian Cook
2568,O,-0.11223747798201751,0.5582873826854502,-0.20103889405871503,7,21291.0,Carlos Delfino
2570,O,-0.6243683472193271,0.4106172236859117,-1.5205605396059017,12,32929.0,Kendrick Perkins
2571,O,0.30026690150332,0.42972721571007905,0.6987383868791287,12,35208.0,Leandro Barbosa
2572,O,0.8125068002104545,0.5260174596911331,1.544638462547502,8,28064.0,Josh Howard
2574,O,-0.45227815331480814,0.6101886630291526,-0.741210351351939,6,16006.0,Jason Kapono
2575,O,-0.20803876502476504,0.5576406387869475,-0.3730695909776555,7,16764.0,Luke Walton
2580,O,1.9071914103464165,1.4126273544286636,1.3501022788262365,1,1001.0,Travis Hansen
2581,O,-0.09319748783886261,0.3927307082816571,-0.23730634216671337,13,39790.0,Steve Blake
2584,O,-0.689581806051985,0.4500620323538061,-1.5321928011689863,11,27923.0,Willie Green
2585,O,-0.05922339214234615,0.36621127063649006,-0.16171919569655377,16,42507.0,Zaza Pachulia
2586,O,-0.003833331832586749,0.49756979630709997,-0.007704108772351643,9,27569.0,Keith Bogans
2588,O,0.21222645873200865,0.44989629248883256,0.4717230665715624,11,25149.0,Matt Bonner
2590,O,-0.8000922476494685,0.40074287203007464,-1.9965227169141608,13,45840.0,Mo Williams
2592,O,0.260116954277855,0.5248157456585374,0.49563481360769945,8,17770.0,James Jones
2594,O,-0.013232651671405709,0.35826089720382776,-0.03693579671877271,17,61748.0,Kyle Korver
2605,O,-0.45348008076122465,0.5016494068221973,-0.903978106211445,9,21892.0,Marquis Daniels
2617,O,-0.6114002509363916,0.4335174410250079,-1.4103244600512448,11,39090.0,Udonis Haslem
2624,O,-0.5410931418651977,0.6180100094514926,-0.8755410650151741,6,15441.0,Quinton Ross
2648,O,-0.20094358137510812,1.4982697313931954,-0.1341170933142037,1,1796.0,Ronald Dupree
2669,O,-0.5725937332748274,1.0361999996574127,-0.5525899763213065,2,2813.0,Linton Johnson
2679,O,-0.2545573533434589,0.5992679981675418,-0.42478048906641336,6,13471.0,Matt Carroll
2693,O,-0.3998834743314541,0.8374659055697702,-0.4774922437700831,3,6295.0,Keith McLeod
2694,O,-0.9973793610264488,0.7138573753231929,-1.3971689520961994,4,6129.0,Josh Powell
2730,O,0.12315460710299835,0.3321551584463125,0.3707743323303055,17,76509.0,Dwight Howard
2731,O,-0.19712548394692864,0.4723566404476793,-0.4173234100405609,9,35404.0,Emeka Okafor
2732,O,0.1272025510864308,0.4634019603640807,0.2744972226412069,10,38907.0,Ben Gordon
2733,O,-0.3594417261790613,0.4147613694347332,-0.8666229612196875,13,32973.0,Shaun Livingston
2734,O,0.1852717404289296,0.37880140860374734,0.4890999247120983,15,46605.0,Devin Harris
2735,O,1.1405083352276744,0.6628747994787073,1.7205486407457091,5,18919.0,Josh Childress
2736,O,0.41543230306021894,0.3957217994024942,1.0498089912850035,13,59035.0,Luol Deng
2737,O,-1.236680955129292,1.0195125679652488,-1.2130119764952674,2,2590.0,Rafael Araujo
2738,O,-0.38689249462591524,0.350148661388308,-1.1049378086779518,17,76630.0,Andre Iguodala
2740,O,-0.8717002054797889,0.555359405238569,-1.5696145545699862,7,20633.0,Andris Biedrins
2741,O,-0.1703246373580565,1.4758518867306574,-0.11540767667097254,1,1915.0,Robert Swift
2742,O,-0.07671028373085617,0.4720507498820173,-0.1625043149492483,9,22641.0,Sebastian Telfair
2743,O,-0.6282692433508401,0.42506323316883116,-1.4780606609212361,12,26680.0,Kris Humphries
2744,O,0.02308214175267561,0.38144348749513307,0.06051261198415432,13,49492.0,Al Jefferson
2745,O,0.8196175739670676,0.7378576941740039,1.110807111504868,4,6620.0,Kirk Snyder
2746,O,-0.3716815393447168,0.4139906098628745,-0.8978018594862052,12,55611.0,Josh Smith
2747,O,-0.006892553781781754,0.39378318652783756,-0.01750342324809874,14,50962.0,JR Smith
2748,O,-0.06111226440456751,0.5203648868738872,-0.11744117627094687,8,23403.0,Dorell Wright
2749,O,0.1991183463691984,0.37434219026722154,0.5319153211853015,14,47602.0,Jameer Nelson
2751,O,0.08602488821969272,1.0140966322744804,0.08482908381891638,2,3688.0,Viktor Khryapa
2753,O,-0.808903533687365,0.5956703823872644,-1.357971719939352,6,20823.0,Delonte West
2754,O,-0.027877038170794302,0.4140044267865996,-0.06733512099657728,13,34071.0,Tony Allen
2755,O,0.006356283480944208,0.4365414010278881,0.014560551338263887,11,42188.0,Kevin Martin
2756,O,0.1334300852578106,0.5572219829963551,0.23945588890861008,7,15702.0,Sasha Vujacic
2757,O,-0.1251755588679881,0.39336117254632347,-0.3182204233775692,13,35427.0,Beno Udrih
2758,O,-0.20080579801693763,0.8523527982460369,-0.23559000267278266,3,4801.0,David Harrison
2760,O,0.12334816046605963,0.4107903814773446,0.3002703228407075,12,28359.0,Anderson Varejao
2761,O,0.30009203047004274,1.4636215273822086,0.20503390040099964,1,1354.0,Jackson Vroman
2766,O,-1.3009480227946226,1.3733909846714947,-0.9472524847727904,1,1046.0,Antonio Burks
2767,O,-0.5052209975602945,0.5991547995570177,-0.8432228164304572,6,10251.0,Royal Ivey
2768,O,-0.11004785322665414,0.47942037191886416,-0.22954354815209718,9,30380.0,Chris Duhon
2770,O,-1.4079919207559248,1.5135100519539715,-0.9302825038645626,1,1936.0,Justin Reed
2772,O,-0.5234520740304395,0.35008570985949244,-1.4952111991104349,17,64537.0,Trevor Ariza
2774,O,0.7015308855805443,1.5356439916116975,0.4568317197296945,1,2617.0,Bernard Robinson
2776,O,-1.2280555934837782,1.4491279994448436,-0.8474445279880332,1,1135.0,Pape Sow
2804,O,0.23292237656391163,0.5698232960951922,0.4087624675229154,7,23563.0,Andres Nocioni
2853,O,-1.1298468160648882,1.5028659120674508,-0.7517948254682212,1,1655.0,Earl Barron
2863,O,-0.46947857018995004,0.5266601791358858,-0.8914259873610416,8,20145.0,Damien Wilkins
2866,O,3.8508837847545307,1.4347499888362827,2.684010325644233,1,1412.0,Jackie Butler
101106,O,-0.7091720706400235,0.43217746970126114,-1.6409279066079785,11,36973.0,Andrew Bogut
101107,O,-0.05981361223011796,0.38016998391994966,-0.15733386316662126,15,58307.0,Marvin Williams
101108,O,0.8599933759723857,0.30842806270179574,2.7883110519806102,20,89493.0,Chris Paul
101109,O,0.344182886050034,0.4058536957804645,0.8480466966998136,12,54375.0,Raymond Felton
101110,O,0.3618852785266169,0.5231802366098149,0.6917028840225649,8,25813.0,Martell Webster
101111,O,0.19567658621465334,0.49395427438127415,0.3961431176190495,9,25538.0,Charlie Villanueva
101112,O,0.6284025124732178,0.4245337880450628,1.480217900598562,12,37767.0,Channing Frye
101113,O,-0.8459413255528512,1.0527665652210385,-0.8035412155924971,2,3498.0,Ike Diogu
101114,O,0.6549802815834097,0.3967737468855996,1.6507651696327024,12,55558.0,Deron Williams
101115,O,-0.8172003401058386,0.5449903505841276,-1.4994767140921907,7,19882.0,Andrew Bynum
101118,O,2.3731321751455488,1.520482657232718,1.5607755628496645,1,1620.0,Sean May
101119,O,-0.16460170383357245,0.7447356201229142,-0.22102031833310984,4,9721.0,Rashad McCants
101120,O,-0.06697056120795605,0.7599817630671852,-0.08812127403909244,4,10227.0,Antoine Wright
101121,O,-0.15614705665557577,0.6763039462096658,-0.23088295954903018,5,11243.0,Joey Graham
101122,O,0.32960008138197155,0.4754643657282583,0.6932172106675762,9,36398.0,Danny Granger
101123,O,-0.12616225252824087,0.505111978732076,-0.2497708584241683,9,23717.0,Gerald Green
101124,O,-0.9136080766119833,0.6041458549068697,-1.5122309773238747,6,18770.0,Hakim Warrick
101126,O,0.28902860002894365,0.4670903993727737,0.6187851439829677,10,26926.0,Nate Robinson
101127,O,-0.694061185563831,0.4121519277745417,-1.6839935441076024,12,46479.0,Jarrett Jack
101128,O,-0.32562496447660705,0.5013384074253632,-0.6495113074397447,9,23070.0,Francisco Garcia
101129,O,-0.007160091968245583,0.6665643866748577,-0.010741785957037923,5,13924.0,Luther Head
101130,O,-1.6355879077549906,0.6049795821067153,-2.7035423279235253,6,12547.0,Johan Petro
101131,O,0.0050561204528858,0.5156162273285484,0.009805976198774796,8,19943.0,Jason Maxiell
101132,O,-0.062129863343896766,0.6100073042871399,-0.1018510154013685,6,15772.0,Linas Kleiza
101133,O,-0.9280034908644006,0.4681152025166569,-1.9824254497083538,9,19060.0,Ian Mahinmi
101135,O,0.6704961541585941,0.41845898605204224,1.602298376919565,12,48067.0,David Lee
101136,O,-0.4016834342590933,1.0785869651641962,-0.37241636254888727,2,4446.0,Salim Stoudamire
101137,O,-0.0766614490878892,1.0420011110493008,-0.07357136981427083,2,3208.0,Daniel Ewing
101138,O,-0.22808709097577154,0.4590007736978938,-0.49692092921371506,10,30707.0,Brandon Bass
101139,O,-0.038706618124412236,0.43392219766806267,-0.08920174706992433,12,32816.0,CJ Miles
101141,O,0.34355455938291746,0.43537614998887825,0.7890982530662133,12,37672.0,Ersan Ilyasova
101142,O,-0.3490458269562265,0.5599241098219819,-0.6233805989658125,7,15049.0,Ronny Turiaf
101143,O,0.6679363400948388,1.038954453444348,0.6428928023557647,2,4250.0,Travis Diener
101144,O,-0.009856297978395009,1.0169081800012143,-0.009692416849654252,2,3395.0,Von Wafer
101145,O,-0.16626966458660286,0.4054756429261314,-0.41006079523473,12,58850.0,Monta Ellis
101146,O,-1.2472358195112183,1.4251909167722692,-0.8751359588622145,1,1763.0,Roko Ukic
101150,O,0.15311930983045188,0.36620582302164945,0.41812363486475673,16,54276.0,Lou Williams
101153,O,1.3789092661481293,1.0500750282752656,1.3131530881302544,2,3593.0,Mickael Gelabale
101154,O,-0.23701334560357026,0.5150565729813305,-0.46016953872009203,8,23551.0,Andray Blatche
101155,O,0.10093197728819617,0.5946401521961232,0.169736229407709,6,25144.0,Ryan Gomes
101158,O,-2.6144210849085043,1.472256247408867,-1.7757921486221016,1,2413.0,Orien Greene
101160,O,0.8330073706778668,1.4919333388062563,0.5583408782488786,1,1888.0,Lawrence Roberts
101161,O,0.49144451493090785,0.4230178226150595,1.1617584145576667,12,35131.0,Amir Johnson
101162,O,-0.5123142364633209,0.40851397943380185,-1.2540923010110587,11,40632.0,Marcin Gortat
101177,O,-0.5947223178347792,0.7411287198432341,-0.802454825877719,4,8065.0,Fabricio Oberto
101179,O,-0.17939631080592827,0.5456463000531501,-0.3287776546610024,7,10968.0,Ronnie Price
101180,O,-0.687024716092263,1.0515550948929882,-0.6533416265385299,2,4965.0,Sarunas Jasikevicius
101181,O,-0.3857461222584132,0.3769403224508456,-1.0233612571621757,14,45602.0,Jose Calderon
101187,O,-0.035250420577568366,0.749436500646341,-0.04703590036936703,4,10700.0,Alan Anderson
101189,O,-0.23028811188748696,0.865307849584484,-0.2661343150857467,3,5006.0,James Singleton
101198,O,0.186691433761602,0.650103285304848,0.2871719586435534,5,11158.0,Will Bynum
101211,O,-0.563944162162866,0.8710048227079237,-0.6474638801764417,3,4723.0,Stephen Graham
101214,O,0.11250575475757996,1.5134562351590979,0.07433697264840507,1,1430.0,Jawad Williams
101235,O,-1.0058579860387546,0.8673215021734472,-1.1597291010520836,3,9920.0,Kelenna Azubuike
101236,O,-0.11680515873936577,0.517966703917402,-0.2255070796172107,8,21056.0,Chuck Hayes
101249,O,-0.7146748351468671,0.8074393930584466,-0.885112667639112,3,4013.0,John Lucas III
200081,O,0.3566903948886586,0.7501720472313952,0.47547812025930536,4,12050.0,Jamario Moon
200745,O,-0.492499964173094,0.46355606776038444,-1.062438825474874,10,30400.0,Andrea Bargnani
200746,O,0.5088349805344704,0.35173862229457176,1.4466281161138301,16,69423.0,LaMarcus Aldridge
200747,O,-0.8370994801701273,1.0434367627808618,-0.8022522399337115,2,5853.0,Adam Morrison
200748,O,-0.5939888571375627,0.6210216267374399,-0.9564704859927425,6,14704.0,Tyrus Thomas
200749,O,-0.5043755570160827,0.6044567259498722,-0.8344279008947793,6,10680.0,Shelden Williams
200750,O,0.7894014309184312,0.6500304319758623,1.2144068832576507,5,20976.0,Brandon Roy
200751,O,-0.1778964614251231,0.4432843094398805,-0.40131459119296875,11,37768.0,Randy Foye
200752,O,0.0057364327340881024,0.3555955119526346,0.01613190420370715,17,68345.0,Rudy Gay
200755,O,-0.07590468998686052,0.39000969725096535,-0.1946225709819133,14,47529.0,JJ Redick
200756,O,-0.9748688220590093,0.8225078760691991,-1.1852394979096732,3,4520.0,Hilton Armstrong
200757,O,-0.5443495908142814,0.4120458869483528,-1.3210897331017697,13,37012.0,Thabo Sefolosha
200758,O,-0.76450500833889,0.5505315498159347,-1.3886670229789655,7,22070.0,Ronnie Brewer
200759,O,-1.0995538336412825,1.4299720617098093,-0.7689337876479575,1,1019.0,Cedric Simmons
200760,O,-0.4105251765736615,0.7630973074535351,-0.5379722514597634,4,8288.0,Rodney Carney
200761,O,0.9099430805536183,0.673607695360803,1.3508501859769098,5,9284.0,Shawne Williams
200763,O,-1.483770095908139,1.491293747050456,-0.994954950252291,1,1766.0,Quincy Douby
200764,O,-0.3998086686456948,0.8764216187000492,-0.45618302893841245,3,5404.0,Renaldo Balkman
200765,O,-0.6243232625815287,0.35988823190562735,-1.734769873623552,16,56637.0,Rajon Rondo
200766,O,0.36916175181810273,0.8258261730010412,0.44702113336584365,3,5944.0,Marcus Williams
200767,O,0.30553548295615385,0.7197182045489582,0.42452098755460904,4,8533.0,Josh Boone
200768,O,0.12459749672074732,0.3416753210708271,0.3646663631726538,18,72684.0,Kyle Lowry
200769,O,-1.08729136874922,0.7106821496680024,-1.5299263802491057,4,11677.0,Shannon Brown
200770,O,-0.4402322492459056,0.48947414028754366,-0.8993983808568299,8,18688.0,Jordan Farmar
200771,O,-0.29173654192146425,0.6336709248676223,-0.460391238531908,5,10191.0,Sergio Rodriguez
200776,O,-0.47369975947185267,0.8552219996030737,-0.553890989347452,3,4446.0,Mardy Collins
200777,O,0.7722785914866018,1.0103946297805422,0.7643336264112378,2,2641.0,Joel Freeland
200779,O,0.7282263774737587,0.737814019689608,0.9870053401534946,4,8417.0,Steve Novak
200780,O,-0.8022451603199299,0.7090257187328401,-1.131475402265647,4,5058.0,Solomon Jones
200782,O,0.10387346744220427,0.4451513610040852,0.23334415334125197,11,48991.0,P.J. Tucker
200783,O,-0.28575580272226836,0.659018037019285,-0.43360846998168917,5,12119.0,Craig Smith
200784,O,-2.273429282369483,1.4748553124698878,-1.5414591947750127,1,1051.0,Bobby Jones
200786,O,1.8651324736091701,1.482216148875866,1.2583404080597242,1,1545.0,David Noel
200789,O,0.014649254874518921,0.5614169154260588,0.02609336212002379,7,17698.0,Daniel Gibson
200792,O,1.2910341387848565,1.0322435211658247,1.2507069429961173,2,2493.0,Alexander Johnson
200794,O,0.7880614163941426,0.3665185507038979,2.1501269577779154,15,59204.0,Paul Millsap
200796,O,-0.16714411294292555,0.8338495730829016,-0.20044875999032025,3,5221.0,Leon Powe
200797,O,-0.17253185558743417,0.7370036869031842,-0.23409904000941403,4,7009.0,Ryan Hollins
200809,O,1.2662236301402636,1.0191235596785353,1.2424633089040467,2,4217.0,Chris Quinn
200810,O,1.179536456233406,1.4523410024876848,0.8121621948378531,1,1389.0,Allan Ray
200811,O,-0.563152946156743,0.6408013115832827,-0.8788261446677018,5,9003.0,Lou Amundson
200814,O,1.2833904340201945,1.4345605229812906,0.8946227178711598,1,1957.0,Tarence Kinsey
200816,O,0.8836193308381666,1.5143922987825669,0.5834811307139609,1,3643.0,Jorge Garbajosa
200817,O,-0.4030320928908804,1.471938461598818,-0.2738104230615099,1,1778.0,Pooh Jeter
200821,O,-1.06132223709712,0.8723635661147857,-1.2166054135248825,3,5137.0,Yakhouba Diawara
200826,O,-0.2204541659112197,0.44367460714490486,-0.49688254040470475,11,29710.0,J.J. Barea
200835,O,1.0009556801147645,1.0335775939919982,0.9684378666228264,2,2983.0,Walter Herrmann
201141,O,2.273345921951244,1.4166415161265058,1.6047432579607068,1,2344.0,Greg Oden
201142,O,0.7053763125644077,0.343337644594732,2.054468316158626,17,83816.0,Kevin Durant
201143,O,-0.029343425603291493,0.34994266899040644,-0.08385209408143347,17,69623.0,Al Horford
201144,O,0.530846711443203,0.3416207615164894,1.5539064695211153,17,70381.0,Mike Conley
201145,O,-0.482953474043294,0.37236972972660654,-1.2969729693062804,16,65471.0,Jeff Green
201146,O,-0.7033064885012708,0.7377236404856223,-0.9533468224473656,4,11081.0,Yi
201147,O,-0.10633070495083964,0.4457785707378223,-0.23852807633809833,11,37593.0,Corey Brewer
201148,O,0.8227785396374205,0.6578101392890531,1.2507842164407221,5,10136.0,Brandan Wright
201149,O,0.0025225004212782506,0.43062483512792465,0.00585776809767346,11,35563.0,Joakim Noah
201150,O,-0.568380645758424,0.4657382733381098,-1.2203863807125839,10,30505.0,Spencer Hawes
201151,O,-1.2928462376938856,0.83997053689367,-1.539156650035624,3,4133.0,Acie Law
201152,O,0.5499922944304747,0.3641327207284448,1.5104171175010561,16,64265.0,Thaddeus Young
201153,O,0.32722457532324584,0.7447659152064283,0.43936566999383736,4,5787.0,Julian Wright
201154,O,0.4569751159226339,0.747287154100266,0.6115120719194378,4,15860.0,Al Thornton
201155,O,0.04397470299429815,0.4639264430517467,0.09478809335598311,10,33801.0,Rodney Stuckey
201156,O,-0.02618429315483494,0.4513105280517035,-0.05801835217067036,11,32384.0,Nick Young
201157,O,-0.5002133569946313,1.5436592996445333,-0.3240438852730121,1,2461.0,Sean Williams
201158,O,-0.2945071239831086,0.43455840406779406,-0.6777158633368956,12,38332.0,Marco Belinelli
201159,O,0.5225316919947843,1.0519126950927116,0.49674435381610293,2,3649.0,Javaris Crittenton
201160,O,-0.028959375466775676,0.4925125758087798,-0.05879926095129657,9,18407.0,Jason Smith
201161,O,-0.3204416152790876,0.664647628993378,-0.48212255833125106,5,10545.0,Daequan Cook
201162,O,0.23359373566460992,0.42639824820106503,0.5478299609581427,12,38663.0,Jared Dudley
201163,O,-0.531649778493907,0.4518397721049947,-1.1766334247582941,11,40532.0,Wilson Chandler
201164,O,-0.3446421667824134,0.741437985111734,-0.46482939059357226,4,11164.0,Rudy Fernandez
201166,O,0.1361161929049471,0.4823373023079757,0.2822012567836521,9,25893.0,Aaron Brooks
201167,O,-0.2656082075337316,0.4415286883633788,-0.6015650047979116,11,40523.0,Arron Afflalo
201168,O,0.17890581497934366,0.5982664415805734,0.2990403648693522,6,13176.0,Tiago Splitter
201171,O,0.010000032213613487,0.5198196739040277,0.019237502379449673,8,21757.0,Carl Landry
201175,O,-0.7539835944013784,0.5185836514202196,-1.4539285847837289,8,20416.0,Glen Davis
201177,O,0.631031081950779,0.5895634393603159,1.0703361840677503,6,14137.0,Josh McRoberts
201181,O,0.9020546322413089,1.4153633568124309,0.6373307800428328,1,1075.0,Chris Richard
201187,O,-0.4244243675565777,0.7384758217818962,-0.5747302146365038,4,8881.0,Dominic McGuire
201188,O,-0.14604908462858687,0.39059032755861794,-0.37391884622813276,13,55048.0,Marc Gasol
201189,O,-0.18078341836771575,0.8444212159384773,-0.2140915161242079,3,4128.0,Aaron Gray
201196,O,0.021093552867236496,0.47500635325666735,0.044406885766091427,9,30157.0,Ramon Sessions
201202,O,-0.7228831227593675,0.6465917689010013,-1.1179899861515976,5,10751.0,Joel Anthony
201228,O,-0.29787844371077876,0.48373109161563144,-0.6157934622640928,9,23281.0,C.J. Watson
201229,O,0.16557230684800747,0.45512372565743536,0.36379625476310856,11,27932.0,Anthony Tolliver
201274,O,-0.40629351006498776,1.0540663889137116,-0.38545343475348015,2,3765.0,Ivan Johnson
201446,O,0.7724543580861593,1.4874041353033747,0.5193305166713198,1,1491.0,Mike Taylor
201563,O,-0.4749394204253467,0.5308281592890608,-0.8947140653981771,8,24638.0,Michael Beasley
201564,O,-0.24344900639555572,0.5121072712703991,-0.47538674034372685,8,32898.0,O.J. Mayo
201565,O,0.5179739377850997,0.4255684485557601,1.217134257821353,11,40742.0,Derrick Rose
201566,O,0.46476595788510316,0.3291572630180997,1.4119875515538802,17,84817.0,Russell Westbrook
201567,O,0.4012524771618422,0.3643137030934123,1.101392766055134,16,54505.0,Kevin Love
201568,O,0.496220822458494,0.41355577625188406,1.1998885058644695,13,44127.0,Danilo Gallinari
201569,O,0.21686232398501404,0.3770669147836621,0.5751295472567153,16,57431.0,Eric Gordon
201570,O,1.2552476212984904,1.4801152963495001,0.8480742171872592,1,1443.0,Joe Alexander
201571,O,-0.40288681448546515,0.3834114325500728,-1.0507949953548892,14,44758.0,D.J. Augustin
201572,O,-0.05224546172649403,0.3628187448507242,-0.1439987940755089,15,66396.0,Brook Lopez
201573,O,-0.17468038668165678,0.4704645833515469,-0.37129338288814345,10,23891.0,Jerryd Bayless
201574,O,0.8738943210911442,0.5605474673514862,1.5590014619460884,7,28157.0,Jason Thompson
201575,O,-0.25557915034126244,0.6042957161908572,-0.42293722012840124,6,19644.0,Brandon Rush
201576,O,-0.6581056984082349,0.6574235533202574,-1.001037603664384,5,7262.0,Anthony Randolph
201577,O,-0.32551759484220916,0.38111452428460535,-0.8541201505065757,14,40743.0,Robin Lopez
201578,O,-0.40763168427924973,0.4635006949482286,-0.8794629408803384,10,20935.0,Marreese Speights
201579,O,-0.14528992033810603,0.4514655702255275,-0.3218183842137223,9,31776.0,Roy Hibbert
201580,O,0.3548905900887168,0.4491659901747616,0.7901101104084838,11,26714.0,JaVale McGee
201581,O,-1.2081039759546788,0.5496201453281451,-2.1980707698284836,7,22321.0,JJ Hickson
201582,O,-0.29618282332250245,0.7529056920317746,-0.3933863516468179,4,6541.0,Alexis Ajinca
201583,O,0.5591351469813122,0.4628267369084859,1.2080873951149222,10,32022.0,Ryan Anderson
201584,O,0.3695711761206484,0.4611057160098676,0.801489036654535,10,41051.0,Courtney Lee
201585,O,-0.3764888835731572,0.48848067737290707,-0.7707344446006508,9,20841.0,Kosta Koufos
201586,O,-0.15764968231605164,0.3969944987816662,-0.39710797706230616,13,49828.0,Serge Ibaka
201587,O,0.1845553758767949,0.35723827246925793,0.5166170315434967,17,64566.0,Nicolas Batum
201588,O,0.40729290868160684,0.376247571318591,1.0825130571719437,15,47888.0,George Hill
201589,O,-0.8064193282543776,0.5678754656591637,-1.4200636882918038,7,16413.0,Darrell Arthur
201590,O,-0.08061320618615209,0.7553746299729593,-0.10671950445176832,4,8565.0,Donte Greene
201591,O,-0.5671239809963606,1.046775994050807,-0.541781607736062,2,3353.0,DJ White
201593,O,0.17916493326805122,0.6437254627757124,0.2783250681051218,5,12893.0,Nikola Pekovic
201595,O,0.07292651800025599,1.5190021787488925,0.04800948874235389,1,1740.0,Joey Dorsey
201596,O,-0.4763562089504922,0.4751947132638791,-1.0024442521227463,9,33138.0,Mario Chalmers
201599,O,0.3090675861650262,0.34736116195156336,0.8897586144305999,16,54185.0,DeAndre Jordan
201600,O,-0.4798655011902884,0.5817149557415187,-0.8249151864741012,6,16499.0,Omer Asik
201601,O,-0.4801940752775105,0.47818184791652096,-1.0042080797708173,10,30981.0,Luc Mbah a Moute
201602,O,1.9615658380625118,1.5205293810582832,1.2900545444884919,1,2334.0,Kyle Weaver
201603,O,0.12147252440858095,0.8653801667366972,0.1403689720168275,3,6544.0,Sonny Weems
201604,O,0.0568005421001557,0.7417443264587964,0.0765769822215296,4,8057.0,Chris Douglas-Roberts
201609,O,0.530127910990523,0.37528495744228213,1.412601012850496,15,50681.0,Goran Dragic
201611,O,0.4358621342890533,0.7297244428501433,0.5972968818019465,4,5554.0,Henry Walker
201616,O,-0.8084502652733683,1.431252793873849,-0.5648549779142826,1,1014.0,Darnell Jackson
201623,O,-0.951853099845608,1.4167253886576139,-0.6718684562768475,1,1087.0,Semih Erden
201627,O,0.526214514372201,0.5322807646234167,0.9886032886130922,8,23691.0,Anthony Morrow
201628,O,-0.5964450446602371,1.4809187305020057,-0.40275339380578473,1,1833.0,Bobby Brown
201805,O,2.615208769328203,1.5078538673158381,1.734391392969393,1,1643.0,Chris Hunter
201814,O,0.22750957420629286,1.0541831226263438,0.21581598995768958,2,2994.0,Gary Forbes
201858,O,0.2998109907427967,0.8513923004528263,0.3521420038486812,3,4108.0,Cartier Martin
201880,O,-1.5248621606239527,0.8492773767737,-1.7954819029993665,3,5640.0,Greg Stiemsma
201933,O,0.26788131190832454,0.3945645931097482,0.6789289170551939,13,48126.0,Blake Griffin
201934,O,0.16127530950402283,1.0342239635585848,0.1559384767580733,2,3243.0,Hasheem Thabeet
201935,O,1.1496558576861589,0.35606676593677977,3.228764848810074,16,80836.0,James Harden
201936,O,-0.32160680149577564,0.46935198189721616,-0.6852145381293065,10,35690.0,Tyreke Evans
201937,O,0.09283066607404061,0.40909010948404007,0.2269198494950713,12,41899.0,Ricky Rubio
201938,O,-0.3573338079788242,0.909433471362866,-0.3929191295800099,2,6703.0,Jonny Flynn
201939,O,1.4068990188183512,0.36244170103922757,3.881725018904711,15,72842.0,Stephen Curry
201941,O,-0.5969954037229246,0.5991767121056054,-0.9963594907168282,6,14177.0,Jordan Hill
201942,O,0.1977927953916952,0.3597164780100842,0.5498574779945175,16,81798.0,DeMar DeRozan
201943,O,-0.002961457181671298,0.49321723607016416,-0.006004366768013774,8,32764.0,Brandon Jennings
201944,O,-0.1403532179797158,1.0436440022203939,-0.13448380643314078,2,4495.0,Terrence Williams
201945,O,-0.3764033366517024,0.5483603904304342,-0.6864159833941424,7,26142.0,Gerald Henderson
201946,O,-0.4504649363626907,0.5800138549169757,-0.7766451310497938,6,13237.0,Tyler Hansbrough
201947,O,-2.011756240493211,0.8584722648200384,-2.3434143686807816,3,5237.0,Earl Clark
201948,O,-0.2951808203116262,0.7382725706062441,-0.3998263406552323,4,6964.0,Austin Daye
201949,O,-0.3643124098034128,0.42217299191298135,-0.8629457989546265,13,30425.0,James Johnson
201950,O,0.35596722765293126,0.3654951492256151,0.973931469151175,16,69066.0,Jrue Holiday
201951,O,0.4813902993368003,0.5133513815791455,0.9377403404583656,8,32383.0,Ty Lawson
201952,O,-0.1492717032071846,0.39506764152929474,-0.3778383434020524,12,44271.0,Jeff Teague
201953,O,0.26478945554441613,0.824337241080376,0.32121496197039845,3,6650.0,Eric Maynor
201954,O,0.3273958680099811,0.4430704755802578,0.7389250380116483,10,41429.0,Darren Collison
201956,O,0.09275746612640494,0.5001526085503477,0.18545832719988212,9,23187.0,Omri Casspi
201957,O,-0.027728281804015886,1.045857666488555,-0.026512481279707022,2,5519.0,Byron Mullens
201958,O,0.6999673795649574,0.8426466775225161,0.8306771963107322,3,4737.0,Rodrigue Beaubois
201959,O,0.1433841868118195,0.4007604475519963,0.3577802841764125,13,42745.0,Taj Gibson
201960,O,0.4114132869855278,0.5258803319462982,0.7823325231861694,8,25910.0,DeMarre Carroll
201961,O,-0.1442027906458293,0.43525400906234196,-0.33130720830459937,12,31154.0,Wayne Ellington
201962,O,0.6572438407560743,0.6029629706657295,1.0900235548966026,6,13847.0,Toney Douglas
201963,O,0.22290768404507427,1.4840954638678137,0.15019767223338698,1,1858.0,Christian Eyenga
201964,O,0.6574595173687654,1.5119695140522598,0.43483649058947954,1,1549.0,Victor Claver
201965,O,0.4989762790506588,1.500635086221603,0.3325100709906856,1,1892.0,Jeff Pendergraph
201966,O,1.3203620480507212,1.424323052567662,0.9270102352626198,1,1000.0,Jermaine Taylor
201967,O,-0.06360495773381544,0.47693389234462785,-0.1333622096369178,10,29195.0,Dante Cunningham
201970,O,-1.1545897348054366,0.8540035913914268,-1.3519729266293428,3,6950.0,Sam Young
201971,O,-0.5278370926998343,0.655126357168948,-0.8057027273041197,5,13011.0,DeJuan Blair
201972,O,2.1707006415239793,1.037238037532632,2.0927699939423867,2,2536.0,Jon Brockman
201973,O,0.584076727205792,0.5013934405231354,1.1649069971804735,9,22045.0,Jonas Jerebko
201974,O,0.12721777210737265,0.8342471393143083,0.15249410649695078,3,4858.0,Derrick Brown
201975,O,0.25916406755303933,0.5286147826661642,0.4902701854948106,8,23736.0,Jodie Meeks
201976,O,0.2589109323267662,0.453966700863306,0.5703302287026707,11,35200.0,Patrick Beverley
201977,O,-0.3835334980219018,0.5296298129685887,-0.7241539064279382,8,22302.0,Marcus Thornton
201978,O,0.5980558928891963,0.6081324505443674,0.9834303240253811,6,14865.0,Chase Budinger
201979,O,0.10874948642724445,1.020274021671282,0.10658850869211096,2,3828.0,Nick Calathes
201980,O,0.39685255379974893,0.44889234720062987,0.884070660314416,11,40767.0,Danny Green
201985,O,0.2635082802243884,0.6896455186878353,0.3820923548169449,4,6834.0,AJ Price
201986,O,-1.9235615869051974,1.4814445318656297,-1.298436455452568,1,1794.0,Nando De Colo
201988,O,0.34353728458532923,0.4190959303034687,0.8197103807153956,12,35286.0,Patty Mills
202066,O,-1.0860884403070576,0.479456144984961,-2.2652508507136244,10,28711.0,Garrett Temple
202083,O,0.5260100958226165,0.3975994102793693,1.3229649798852083,14,55694.0,Wesley Matthews
202087,O,-0.6936514871508451,0.5943319259781394,-1.1671112670066437,6,17242.0,Alonzo Gee
202130,O,0.244652939288117,0.8503368418677514,0.2877129711923815,3,6240.0,Reggie Williams
202178,O,0.6705229444087122,1.4665204253855773,0.457220324246366,1,1520.0,Sundiata Gaines
202322,O,-0.1153057637800621,0.41086784909370966,-0.28063953904985023,11,45634.0,John Wall
202323,O,-0.7647033471740106,0.4936029106068479,-1.549227791695687,9,37225.0,Evan Turner
202324,O,-0.2654405609624201,0.41753869440839286,-0.6357268548212535,12,37333.0,Derrick Favors
202325,O,-0.7564512971374874,0.4946725420998378,-1.5291960494237737,9,27004.0,Wesley Johnson
202326,O,0.032140161561278434,0.44177734853291745,0.07275194544947029,11,39114.0,DeMarcus Cousins
202327,O,0.16401504273879894,0.6652878673996326,0.2465324422341773,5,10211.0,Ekpe Udoh
202328,O,0.13740916672726028,0.46744899489479785,0.29395542236257244,9,33788.0,Greg Monroe
202329,O,0.2688824286326858,0.48395028818430436,0.555599273721863,9,33257.0,Al-Farouq Aminu
202330,O,0.12096607382541168,0.41097263656203464,0.2943409440524937,13,50751.0,Gordon Hayward
202331,O,0.21255244645663654,0.38487252012817763,0.5522671413013541,14,61117.0,Paul George
202332,O,-0.553062750074279,0.8193532415617664,-0.6749991603378391,3,4490.0,Cole Aldrich
202333,O,-0.16797953099333107,0.8590419358967425,-0.1955428762834255,3,4424.0,Xavier Henry
202334,O,-0.3314140242351826,0.47960523813538647,-0.6910141880928095,9,25175.0,Ed Davis
202335,O,0.14383669845821448,0.4392712741375272,0.32744389839883326,11,29448.0,Patrick Patterson
202336,O,-1.226948070560272,0.6306315351984999,-1.945586292594888,5,9016.0,Larry Sanders
202337,O,0.10227837089139317,0.6053612941479651,0.1689542623225492,6,9334.0,Luke Babbitt
202338,O,-0.9814042944512766,0.5425782369044585,-1.8087793201040059,7,12413.0,Kevin Seraphin
202339,O,-0.11579525807057951,0.44215850812717317,-0.26188630534567164,11,42120.0,Eric Bledsoe
202340,O,-0.10698935880181176,0.4515845365304341,-0.23691989018007775,11,36181.0,Avery Bradley
202341,O,0.01842230472906256,0.8552624513672769,0.02153994332337576,3,7546.0,James Anderson
202343,O,-2.3482236030270665,1.5147028046070106,-1.5502866937889592,1,2410.0,Elliot Williams
202344,O,0.5595795582821909,0.5278653138800825,1.0600801825166202,8,21369.0,Trevor Booker
202347,O,0.24095434610410846,0.7453031148968705,0.3232971140036761,4,9014.0,Quincy Pondexter
202348,O,-0.2209874310311129,0.7339965087894663,-0.3010742263550727,4,12493.0,Jordan Crawford
202349,O,0.3977435483979769,0.6304755470925635,0.6308627673700754,5,16998.0,Greivis Vasquez
202355,O,0.6403589975051348,0.5027735483408782,1.2736529191288606,8,24985.0,Hassan Whiteside
202357,O,0.2499540032579938,0.5761641268499964,0.4338243073628029,7,18773.0,Nemanja Bjelica
202361,O,1.3092259740982817,0.8607480800279715,1.5210326975759692,3,10732.0,Landry Fields
202362,O,0.46946857275911225,0.5654474942200003,0.8302602408853451,7,23141.0,Lance Stephenson
202376,O,-0.2618421376152081,1.4406834988395099,-0.18174855048046673,1,1225.0,Luke Harangody
202379,O,-0.6712733584195893,1.4455598898910493,-0.46436910923848523,1,2300.0,Jeremy Evans
202388,O,-0.08340315605290431,0.8054585712616923,-0.10354741886011509,3,6004.0,Donald Sloan
202389,O,-0.3759583707036333,0.5980063044424395,-0.6286862996438874,6,14817.0,Timofey Mozgov
202390,O,-0.11423012330615034,0.6186240623301809,-0.18465192394210786,6,14693.0,Gary Neal
202391,O,-0.4715608272897511,0.5504271482922065,-0.8567179666788757,7,24273.0,Jeremy Lin
202396,O,-0.6093125905532337,1.0137880148903975,-0.6010256400783232,2,2935.0,Samardo Samuels
202397,O,0.015071921414914528,0.4408374720375333,0.0341892928140902,11,29337.0,Ish Smith
202399,O,0.7889943988952419,1.0466046416629318,0.7538609781451213,2,3232.0,Jeff Adrien
202407,O,0.6265617339669064,1.4910751629159975,0.42020801469295543,1,1758.0,Elijah Millsap
202412,O,-0.0683334549217989,1.4934114576261477,-0.04575661621775579,1,1805.0,Manny Harris
202498,O,-0.46340212026375016,0.5730148324352388,-0.8087087698835844,7,14046.0,Lance Thomas
202681,O,0.5390619169476352,0.39377574474777133,1.3689566311224306,14,54025.0,Kyrie Irving
202682,O,-0.762566034055218,0.6152520426503902,-1.23943681807252,6,17443.0,Derrick Williams
202683,O,0.4416752740670406,0.4520710500755253,0.9770041102903008,10,31080.0,Enes Kanter
202684,O,0.3354214911259016,0.4237132610455288,0.7916237747627632,12,39401.0,Tristan Thompson
202685,O,0.2077922966207321,0.4016916433057608,0.5172930532253173,13,46913.0,Jonas Valanciunas
202686,O,-0.46132319697103263,0.8535563521930336,-0.5404718690052035,3,4756.0,Jan Vesely
202687,O,-0.66200146057976,0.3866058974484958,-1.7123418575578058,14,33021.0,Bismack Biyombo
202688,O,-0.9138304991626373,0.5460067599258858,-1.6736615116023095,7,24887.0,Brandon Knight
202689,O,0.47003944120137914,0.4235383121087242,1.109792025333278,11,48918.0,Kemba Walker
202690,O,0.9995541759574038,0.844468990081865,1.183648171450919,3,5142.0,Jimmer Fredette
202691,O,0.12439900447436063,0.41951331636736083,0.29653171811458423,12,57028.0,Klay Thompson
202692,O,0.070804788167972,0.4052783908394095,0.1747065468290122,14,35028.0,Alec Burks
202693,O,-0.20254205278994858,0.46787353867517406,-0.4328991405743197,10,34886.0,Markieff Morris
202694,O,0.1442705734686546,0.4372733227464129,0.3299322550996809,12,44054.0,Marcus Morris Sr.
202695,O,1.1285660041784038,0.43033227275349645,2.6225455900791124,12,45858.0,Kawhi Leonard
202696,O,-0.10870496283636809,0.36812567240818694,-0.2952930778373786,14,61468.0,Nikola Vučević
202697,O,0.2781781996396783,0.5760016288527711,0.4829468975525798,7,21345.0,Iman Shumpert
202698,O,-0.6662842973240002,1.0615662912361674,-0.6276426661477059,2,4546.0,Chris Singleton
202699,O,-0.1778789654015259,0.4055051533333945,-0.43866018456066086,13,60793.0,Tobias Harris
202700,O,-0.6143968610559697,0.7411637457148817,-0.8289623778931059,4,8137.0,Donatas Motiejunas
202701,O,-0.4293515908263794,1.3382613802898338,-0.32082790189566157,1,1037.0,Nolan Smith
202702,O,1.0280092976427253,0.5587126076360229,1.839960802016533,7,22466.0,Kenneth Faried
202703,O,1.178493779643515,0.6784129370427829,1.7371334113712449,5,15724.0,Nikola Mirotic
202704,O,0.016385686174406132,0.41401059662771006,0.03957793908628044,12,42004.0,Reggie Jackson
202705,O,-1.0061324577563389,1.0485492619681591,-0.9595471517168372,2,4806.0,MarShon Brooks
202706,O,-1.6348212892327678,1.5556540815335307,-1.0508899816733008,1,2091.0,Jordan Hamilton
202708,O,-0.6456623199243134,0.6365001777182703,-1.0143945634687608,5,14998.0,Norris Cole
202709,O,0.08929749612692316,0.4503450613263213,0.19828683335380898,11,34811.0,Cory Joseph
202710,O,0.525513454252539,0.41242478736407745,1.2742043406538268,13,56330.0,Jimmy Butler III
202711,O,0.07425560966165459,0.4622641368016273,0.1606345890802256,10,42315.0,Bojan Bogdanovic
202713,O,-0.4478908665872198,0.7516491706111949,-0.5958775504575127,4,14399.0,Kyle Singler
202714,O,-0.24135152947761504,0.5570291076604172,-0.43328351455692804,7,15629.0,Shelvin Mack
202716,O,3.5024445751912463,1.4253425865779605,2.457265087125548,1,1231.0,Jordan Williams
202718,O,0.16419625468129434,0.554799159488779,0.2959562066254631,7,25102.0,Chandler Parsons
202719,O,0.2955324975792688,1.3273884421884476,0.22264206029399225,1,1100.0,Jeremy Tyler
202720,O,-0.17613746987740458,0.6585953163666138,-0.26744415804402083,5,10361.0,Jon Leuer
202721,O,-0.8802761316726149,1.4802273729492725,-0.5946898076332101,1,1361.0,Darius Morris
202722,O,0.5578916695398803,0.5430424450808079,1.0273445005884627,8,17833.0,Davis Bertans
202724,O,-0.9192995512093911,1.3952523554723983,-0.6588769032381521,1,1750.0,Charles Jenkins
202725,O,0.6361059918351548,1.411777792279783,0.450570900968736,1,1074.0,Josh Harrellson
202730,O,0.24055869044686679,0.6060851334518342,0.3969057763829544,6,13410.0,Lavoy Allen
202732,O,-0.9199683007918692,1.0921559417144944,-0.8423415243684701,2,2988.0,DeAndre Liggins
202734,O,0.1013378836910636,0.5329731365378184,0.19013694451722693,8,24222.0,E'Twaun Moore
202738,O,1.1128698119362992,0.5170823741835724,2.152209913736516,8,30512.0,Isaiah Thomas
202951,O,-0.0616759742419306,1.4589005162113609,-0.04227565454709537,1,1219.0,Jeremy Pargo
202954,O,-0.8074695124575738,1.0794704050641033,-0.7480237611605693,2,4989.0,Brad Wanamaker
202962,O,2.1790590529231237,1.5021224558256625,1.4506534034373206,1,2222.0,Greg Smith
202970,O,0.7306183987397697,1.0513727327520774,0.6949185345784079,2,3451.0,Gustavo Ayon
203076,O,2.7966895762559267e-05,0.4063285225835436,6.882828600054554e-05,13,55311.0,Anthony Davis
203077,O,-0.05278580256955864,0.6128834140662194,-0.08612698819722893,6,20491.0,Michael Kidd-Gilchrist
203078,O,0.04030155373119133,0.40717454482906573,0.09897856887912813,13,56133.0,Bradley Beal
203079,O,-0.1374465715593984,0.573028796924315,-0.23985979814126548,7,23127.0,Dion Waiters
203080,O,-0.2777013520995254,0.662878075060641,-0.41893277594695055,5,8149.0,Thomas Robinson
203081,O,1.0596728794323478,0.3936439894637651,2.691957473746441,13,66438.0,Damian Lillard
203082,O,-0.016358086185825467,0.4560575610951259,-0.035868468327868476,11,35982.0,Terrence Ross
203083,O,0.38451427864758103,0.3902819276640919,0.9852218393738308,13,48101.0,Andre Drummond
203084,O,-0.20818148455468166,0.4060322800755647,-0.5127215119840669,13,63334.0,Harrison Barnes
203085,O,0.42092437274788536,0.4566719102106009,0.9217216196936001,11,33867.0,Austin Rivers
203086,O,-0.016058840415692336,0.6156405663399006,-0.026084766491534458,6,13017.0,Meyers Leonard
203087,O,0.20318214240954702,0.5032539370007374,0.40373681648763593,9,23735.0,Jeremy Lamb
203088,O,0.5013619134812072,1.017968180835123,0.4925123622920107,2,4453.0,Kendall Marshall
203089,O,-0.6525416255745149,0.5530177914022528,-1.1799649771120486,7,16783.0,John Henson
203090,O,-0.23501046614923943,0.48600238069355417,-0.48355826120412326,10,28199.0,Maurice Harkless
203092,O,-0.3050555912787617,0.6075992141729049,-0.5020671260972893,6,14190.0,Tyler Zeller
203093,O,-0.4981147383551247,0.7673239420139302,-0.649158342495824,4,10579.0,Terrence Jones
203094,O,-0.9130888842572438,0.8784841900991565,-1.039391368163588,3,6327.0,Andrew Nicholson
203095,O,-0.00977391513568943,0.4668984117080623,-0.020933708255578234,10,37833.0,Evan Fournier
203096,O,0.23675517257386444,0.737849979864164,0.32087169348090294,4,12687.0,Jared Sullinger
203098,O,-0.33015233857313775,1.036019813682761,-0.31867376879553916,2,2768.0,John Jenkins
203100,O,-0.03309612895113406,1.0622626666553927,-0.031156257289300684,2,5464.0,Tony Wroten
203101,O,-0.9214600935815488,0.7417758091537004,-1.2422352983347515,4,9821.0,Miles Plumlee
203102,O,1.0609671099117552,1.4009617674141686,0.7573133932627155,1,1032.0,Arnett Moultrie
203103,O,-1.05746965112425,1.0672534774677194,-0.9908327060534078,2,2786.0,Perry Jones III
203105,O,-0.619401154982907,0.8520227613789848,-0.7269772394113233,3,4795.0,Festus Ezeli
203106,O,-1.3503363439389917,1.0592355211959794,-1.2748216207990564,2,4118.0,Jeffery Taylor
203107,O,-0.008251461906084325,0.6126120876714138,-0.013469309653109806,6,17570.0,Tomas Satoransky
203109,O,-0.048218952477551265,0.45554902610219883,-0.1058479981619667,11,40390.0,Jae Crowder
203110,O,0.28581237993907826,0.4034439016163332,0.7084315286314079,13,52893.0,Draymond Green
203111,O,0.04219794326227939,1.405621612537807,0.030020841232010004,1,1166.0,Orlando Johnson
203112,O,-0.38664833112048086,0.6777160386708899,-0.5705167194785007,5,9891.0,Quincy Acy
203113,O,1.4312361928739832,1.5080591199676954,0.9490584115194649,1,1649.0,Quincy Miller
203114,O,0.21120542925521116,0.43144295766619317,0.489532684454246,12,47813.0,Khris Middleton
203115,O,-0.9581025011343444,0.47916010243049695,-1.9995456555636721,10,33780.0,Will Barton
203117,O,0.7529695833178283,1.0346075244162085,0.7277828215512947,2,2487.0,Doron Lamb
203118,O,-0.39878970617835796,0.5652819165413846,-0.7054704820884932,7,17515.0,Mike Scott
203120,O,-1.110455455723382,1.067551056490165,-1.04018955250185,2,3847.0,Justin Hamilton
203121,O,0.8602174210673214,0.7541466772476833,1.1406500181194876,4,10530.0,Darius Miller
203123,O,-1.0341946689097912,1.5076631293328302,-0.6859587190193092,1,1599.0,Kostas Papanikolaou
203124,O,0.5329258855715185,0.6034401262531051,0.8831462516100392,6,11924.0,Kyle O'Quinn
203133,O,1.4450895612506152,1.0685209982271238,1.3524203676374065,2,2785.0,Robbie Hummel
203135,O,-0.11375662328801599,1.0468855181993784,-0.10866195138860556,2,4450.0,Robert Sacre
203138,O,0.23805742743043135,0.7618301712023859,0.31248096548172755,4,12901.0,Hollis Thompson
203141,O,0.37591822506829725,0.7590391026927455,0.4952554140290012,4,10188.0,Mirza Teletovic
203142,O,1.1308939795768649,1.0564543393291175,1.0704617677040533,2,3200.0,Chris Copeland
203143,O,0.0837930726468552,0.7400964773914273,0.1132191210289171,4,8677.0,Pablo Prigioni
203144,O,0.35865199417610333,0.8466151581240405,0.4236304898802154,3,6373.0,Alexey Shved
203145,O,-1.0195645257874604,0.5072188997260129,-2.010107522291074,9,27432.0,Kent Bazemore
203148,O,-0.30827116179739905,0.8352448111042288,-0.3690788110252988,3,8225.0,Brian Roberts
203156,O,-1.4233896518789835,1.0619530441226457,-1.3403508373149833,2,4417.0,Henry Sims
203186,O,0.028623961975380974,1.398442455641929,0.020468458934366145,1,2059.0,Willie Reed
203187,O,0.6125868518815206,0.8586538993086241,0.7134269725843752,3,4281.0,Chris Johnson
203197,O,0.46319019678377293,1.4530708016216507,0.31876643331270926,1,2001.0,Diante Garrett
203199,O,1.189056358735359,1.528853809282195,0.7777436609806581,1,1557.0,DeQuan Jones
203200,O,-0.21433195624105134,0.4762280490941968,-0.45006159685200936,10,32129.0,Justin Holiday
203210,O,-0.3587848388913581,0.5411187117311319,-0.6630427503487056,8,21662.0,JaMychal Green
203382,O,-0.3578484565468724,0.5524002430196167,-0.6478064792128714,7,15576.0,Aron Baynes
203457,O,-1.049418183277929,0.5478110575646925,-1.9156571755655012,7,19214.0,Nerlens Noel
203458,O,-0.8503766954089224,0.5352159313531535,-1.588847875396697,8,21871.0,Alex Len
203459,O,-1.0105561808385015,0.6181547506653903,-1.6347948143255795,6,18611.0,Allen Crabbe
203460,O,-0.5521986248099964,0.7464942660351687,-0.7397225269296058,4,12572.0,Andre Roberson
203461,O,-0.6718998249680765,1.052710403945125,-0.6382570386405158,2,3120.0,Anthony Bennett
203462,O,-1.555708614065817,0.8395052772204435,-1.8531254731556708,3,4468.0,Archie Goodwin
203463,O,-0.11344877841294633,0.5411865673153481,-0.2096297012243469,8,25258.0,Ben McLemore
203464,O,-1.097759323741749,1.4899171420079027,-0.7367921965528511,1,1179.0,Brandon Paul
203468,O,0.3934903728499567,0.44540875110308376,0.8834365554683247,11,50534.0,CJ McCollum
203469,O,0.4443908577288902,0.5129765906665179,0.8662985130598001,8,21194.0,Cody Zeller
203471,O,-0.019451400058608168,0.42335643569355635,-0.04594568174390038,12,46935.0,Dennis Schröder
203473,O,-0.22973852737910616,0.5666339258195919,-0.4054443564190182,7,15871.0,Dewayne Dedmon
203476,O,-0.47044366219528705,0.5159590120147508,-0.9117849504329183,8,23863.0,Gorgui Dieng
203477,O,-1.1564417553491144,0.7511958623621023,-1.5394676851823095,4,8196.0,Isaiah Canaan
203481,O,1.0496999717420041,1.0203550230874276,1.0287595474032003,2,2573.0,Jeff Withey
203482,O,0.5074049386982852,0.4398487743973854,1.1535895249303696,12,36862.0,Kelly Olynyk
203484,O,0.6680267977401249,0.41973726074531226,1.5915356110008767,12,54920.0,Kentavious Caldwell-Pope
203485,O,2.742441026204054,1.4168678027242543,1.9355659158399112,1,1068.0,Lorenzo Brown
203486,O,0.38166080967595595,0.4206077563465066,0.9074031658168823,12,37880.0,Mason Plumlee
203487,O,0.12639784676471347,0.5639846202739665,0.22411576880113018,7,19205.0,Michael Carter-Williams
203488,O,-0.1799314244287027,0.5039125568670575,-0.3570687453144223,9,15708.0,Mike Muscala
203489,O,1.1767324524988312,1.5333181720526297,0.7674417964560855,1,2520.0,Nate Wolters
203490,O,0.48201894667371964,0.5660209787416738,0.8515920165102364,7,25330.0,Otto Porter Jr.
203492,O,0.4990199187834196,1.0382432005783713,0.4806387544897303,2,4636.0,Ray McCallum
203493,O,-0.13060734409052568,0.6204838805159072,-0.21049272703415112,6,21121.0,Reggie Bullock Jr.
203496,O,0.360554856962008,0.5034063164272754,0.7162302998518207,9,34428.0,Robert Covington
203497,O,0.2482086014317965,0.41632707874716524,0.5961865420301743,11,49708.0,Rudy Gobert
203498,O,0.03558354382080045,0.8550079340307973,0.04161779371221453,3,8058.0,Shabazz Muhammad
203499,O,-0.4106360201627854,0.8434517216631706,-0.4868518370595862,3,8530.0,Shane Larkin
203500,O,0.5603750089022944,0.4274889912171648,1.3108524907431438,11,40290.0,Steven Adams
203501,O,0.1403658002759277,0.438804810979357,0.31988209054191763,12,45150.0,Tim Hardaway Jr.
203503,O,-0.48638701992156996,0.5091117903938607,-0.9553638888333144,9,26140.0,Tony Snell
203504,O,0.4210235879333139,0.5186757793182353,0.8117278745630292,8,19443.0,Trey Burke
203506,O,-0.1415968647949594,0.5000146651518268,-0.28318542367545213,9,32322.0,Victor Oladipo
203507,O,0.8476822596531393,0.43184830643566524,1.9629167164035712,12,57848.0,Giannis Antetokounmpo
203508,O,1.2034328302508734,1.4314225738447093,0.8407250606775957,1,1089.0,Sergey Karasev
203512,O,0.637449138040753,1.5055954702917929,0.4233867267926967,1,2171.0,Lucas Nogueira
203515,O,0.10471594564441977,1.0389053946635753,0.1007944959977126,2,3396.0,Phil Pressey
203516,O,0.3601577979622039,0.6417829580857901,0.561183174817272,6,15208.0,James Ennis III
203518,O,-0.19921344085519632,0.8806501508969379,-0.2262117830245057,3,5693.0,Alex Abrines
203521,O,0.16770214667259153,0.5631765290659663,0.2977790053692883,7,17465.0,Matthew Dellavedova
203524,O,0.6135200116747972,0.6245786210049696,0.982294287767361,6,18448.0,Solomon Hill
203526,O,0.5484858922564047,0.6106493429650989,0.8982010683793578,6,12009.0,Raul Neto
203527,O,1.7141844570140603,1.0586322805166786,1.6192444615210784,2,5073.0,Ryan Kelly
203530,O,-0.6284634454083852,0.8662721054567307,-0.7254804136594425,3,5127.0,Joffrey Lauvergne
203544,O,0.9006519129574095,1.039888019474389,0.8661047113636753,2,3920.0,Pero Antic
203546,O,-0.3541908190968963,0.7597778717597949,-0.46617680280227264,4,8661.0,Ian Clark
203552,O,-0.14288771783651888,0.512137678460571,-0.27900254920907885,9,24977.0,Seth Curry
203561,O,1.237036799601738,1.4160960039052846,0.8735543326089896,1,1179.0,Brandon Davies
203584,O,-0.27529278261744744,0.7679402333503998,-0.3584820415208476,4,8386.0,Troy Daniels
203585,O,0.3850188547410696,0.6872103325696549,0.5602634833812609,5,11544.0,Rodney McGruder
203613,O,0.09958370644187732,0.7577047781515258,0.13142810935522775,4,10791.0,Jonathon Simmons
203648,O,0.5635335592106556,1.4830155076448766,0.3799916833678853,1,1197.0,Thanasis Antetokounmpo
203710,O,0.7669498230342915,1.5298375450747874,0.5013276249517059,1,1444.0,C.J. Williams
203798,O,-0.08025773916811793,1.0629059840761563,-0.07550784393962687,2,3930.0,PJ Hairston
203894,O,0.22499314516324784,0.6096531095740783,0.3690510909071467,6,12053.0,Shabazz Napier
203895,O,1.2378121331166267,1.5575716170559948,0.7947064003748646,1,1686.0,Jordan McRae
203897,O,-0.0513216651404355,0.4455564131337664,-0.11518556040854817,11,43713.0,Zach LaVine
203898,O,-0.38804967562687626,0.8463722606994312,-0.45848581486614054,3,3908.0,Tyler Ennis
203900,O,1.640316712228142,1.0491599694936289,1.5634572037854546,2,3454.0,Markel Brown
203901,O,0.1794025045667226,0.48588614904995525,0.36922745156968395,9,28256.0,Elfrid Payton
203902,O,0.27618935827745716,1.4805481353531489,0.1865453420138744,1,1912.0,Semaj Christon
203903,O,0.116337908928125,0.44906615089200763,0.2590663061489624,11,42538.0,Jordan Clarkson
203909,O,0.024921480367228147,1.049408058764772,0.02374813130038519,2,3765.0,KJ McDaniels
203913,O,-0.14084435524439093,1.3955934218580588,-0.10092076462847913,1,1101.0,Jabari Brown
203914,O,-0.09439723536817793,0.4546220944995181,-0.20763890824993325,11,33884.0,Gary Harris
203915,O,0.30853642402279874,0.5357521892918204,0.5758939117554238,8,33829.0,Spencer Dinwiddie
203917,O,-0.6270527814645505,0.6704290449774699,-0.935300739372983,5,13584.0,Nik Stauskas
203918,O,-0.2293956954414545,0.5404025327983102,-0.42449041504968277,8,21467.0,Rodney Hood
203920,O,0.32251166362408873,0.6579436467940036,0.49018128709899117,5,9440.0,Khem Birch
203921,O,-1.1912998662049559,1.471268195789557,-0.8097095210881277,1,1266.0,Cleanthony Early
203922,O,-0.4146839062470817,0.7490181162338798,-0.5536366841594486,4,8838.0,Glenn Robinson III
203924,O,-0.5684691682892689,0.4521556213992742,-1.257242288683799,11,40876.0,Jerami Grant
203925,O,-0.38120152485207676,0.6174102128834112,-0.6174201801291891,6,23302.0,Joe Harris
203926,O,-0.21158367934548142,0.5103495969772406,-0.4145857674791446,9,26706.0,Doug McDermott
203928,O,2.2752647234337227,1.415221659891166,1.6077090874999016,1,1055.0,Cory Jefferson
203930,O,0.7423316121288916,0.8583264498205229,0.8648592994939328,3,6269.0,Sean Kilpatrick
203932,O,0.4281939400917255,0.4471543313286452,0.9575976572102477,11,42887.0,Aaron Gordon
203933,O,0.3309248355592137,0.5674491055865608,0.5831797641431531,7,20981.0,T.J. Warren
203935,O,0.16624593781637895,0.46071252747587227,0.3608452731407121,11,38614.0,Marcus Smart
203937,O,-0.9197754134929533,0.48706242125828014,-1.8884138322903248,10,30569.0,Kyle Anderson
203939,O,0.4549605240318374,0.4795499944838939,0.9487238645920111,10,24638.0,Dwight Powell
203940,O,0.34811691974834,1.4553313547623277,0.23920114042014268,1,1415.0,Adreian Payne
203943,O,-0.29329562675487536,0.767210226237116,-0.3822884741687849,4,10127.0,Noah Vonleh
203944,O,-0.024015965590414738,0.44059618692843683,-0.05450788341551284,10,46370.0,Julius Randle
203948,O,0.366683325350214,1.5070481567544827,0.24331228149994105,1,1653.0,Johnny O'Bryant III
203952,O,-0.05790301300787077,0.43323560088711704,-0.1336524812118519,11,52877.0,Andrew Wiggins
203953,O,0.161816463956763,0.6062136783096452,0.2669297472930155,6,16795.0,Jabari Parker
203954,O,0.5681270637819571,0.48353641679265913,1.1749416260111192,9,29593.0,Joel Embiid
203956,O,1.8566341641052833,1.4056067788245648,1.3208773549440969,1,1011.0,Mitch McGary
203957,O,0.32939920238147347,0.6761155981621625,0.48719361493338736,5,10372.0,Dante Exum
203960,O,0.5043746357777579,1.1059509598636366,0.4560551544165639,2,4451.0,JaKarr Sampson
203961,O,-0.46067026058866295,1.4336155382553766,-0.3213345895715324,1,1557.0,Eric Moreland
203962,O,2.352825445324076,1.5699515391281376,1.4986611921987747,1,1925.0,Josh Huestis
203967,O,0.10292781567718902,0.5745411634098448,0.17914785263830818,7,22503.0,Dario Saric
203991,O,-0.13857524094871104,0.45712520459569206,-0.30314504550514776,10,35500.0,Clint Capela
203992,O,0.4915259303632189,0.548160101971282,0.8966831562450525,8,29338.0,Bogdan Bogdanović
203994,O,-0.33201647539033846,0.4551792210776022,-0.7294192265725897,10,28702.0,Jusuf Nurkić
203995,O,0.15600421115869395,1.091656272152668,0.14290598161549956,2,3889.0,Vasilije Micic
203998,O,2.348892465813014,1.5101976632022096,1.5553543241700187,1,1616.0,Bruno Caboclo
203999,O,1.5567155791418916,0.44168334778252505,3.5245059315851397,10,48085.0,Nikola Jokić
204001,O,0.09911814605113524,0.5056770524114729,0.19601076532632952,9,31167.0,Kristaps Porziņģis
204014,O,0.29685613084758644,1.491613381879282,0.19901680586532264,1,2053.0,Damjan Rudez
204020,O,-0.48213376450079193,0.5743036991471309,-0.8395101149736354,7,17428.0,Tyler Johnson
204025,O,0.276495454505543,0.7552806913252382,0.3660830439348261,4,8658.0,Tim Frazier
204028,O,-1.1687561589251203,0.8665257697720312,-1.3487840750917321,3,5609.0,Tarik Black
204037,O,0.16510876638067717,1.4826564185700208,0.11136009955692891,1,1268.0,Travis Wear
204038,O,0.23907914909603575,0.6083174817119288,0.3930170614581362,6,18647.0,Langston Galloway
204060,O,0.10601490268798536,0.4805269748153699,0.22062216742092128,10,34920.0,Joe Ingles
204456,O,0.1767324346689127,0.4683552148967501,0.37734699870454896,10,31261.0,T.J. McConnell
1626143,O,-1.4262984204131812,0.8778321357967991,-1.624796316118622,3,7383.0,Jahlil Okafor
1626144,O,-0.7576504201527092,0.66765517586963,-1.1347930002427664,5,14781.0,Emmanuel Mudiay
1626145,O,0.18802215738879505,0.45669815744295394,0.4116989620486499,10,29859.0,Tyus Jones
1626147,O,-0.5580253717205674,0.751833882812137,-0.7422189721396247,4,5837.0,Justin Anderson
1626148,O,0.2732471049690765,1.4545654184039747,0.18785480633033166,1,1198.0,Anthony Brown
1626149,O,0.26710061672524865,0.5413883716577098,0.49336230829523936,7,21277.0,Montrezl Harrell
1626150,O,-0.3934155377473235,1.0884069255096158,-0.36145997285263304,2,5413.0,Andrew Harrison
1626153,O,-0.2854499795113802,0.5414123924270263,-0.5272320757782696,8,21376.0,Delon Wright
1626155,O,0.3833039581244571,0.8696328226405531,0.44076528408920096,3,6449.0,Sam Dekker
1626156,O,-0.10330967923215212,0.48021649912500897,-0.21513146553771106,10,38952.0,D'Angelo Russell
1626157,O,1.3438452503051337,0.4492233135568671,2.9914859931574243,10,44732.0,Karl-Anthony Towns
1626158,O,0.48087747589742696,0.49810861031754905,0.9654068729927453,9,18581.0,Richaun Holmes
1626159,O,-0.2955060273996066,0.578073027059623,-0.5111915165852009,7,17259.0,Justise Winslow
1626161,O,0.050625155697409455,0.610680495909175,0.0828995784809522,6,18572.0,Willie Cauley-Stein
1626162,O,-0.6264170216507746,0.4821573138887917,-1.2991963485910245,10,36784.0,Kelly Oubre Jr.
1626163,O,-0.05053762543873103,0.5976114618668158,-0.08456602435445572,6,15685.0,Frank Kaminsky
1626164,O,1.1680687796010036,0.46903201822319085,2.4903817526699705,10,47974.0,Devin Booker
1626166,O,0.3567502781350663,0.526713786884769,0.6773133474349586,8,15827.0,Cameron Payne
1626167,O,-0.20919539152156685,0.4583520109110777,-0.4564077096678249,10,37626.0,Myles Turner
1626168,O,0.13402070306403807,0.5091026973856896,0.26324885676750936,9,23456.0,Trey Lyles
1626169,O,-0.9487602007401436,0.6273453218738511,-1.5123412380062726,6,16804.0,Stanley Johnson
1626170,O,-0.9517578929710727,0.7342541724471863,-1.296224017085216,4,9828.0,Jerian Grant
1626171,O,0.3035402873590977,0.479289791036904,0.6333126493314479,10,30820.0,Bobby Portis
1626172,O,1.1072533809068499,0.5750999901068182,1.9253232480515088,7,19720.0,Kevon Looney
1626173,O,0.32353486994727043,1.5112943807865027,0.21407799437386746,1,1968.0,Rashad Vaughn
1626174,O,0.1880304640964395,0.6845081244838044,0.2746942766212388,5,15115.0,Christian Wood
1626178,O,-0.013537598229578288,0.6824057118745999,-0.019838049409624494,5,13920.0,Rondae Hollis-Jefferson
1626179,O,-0.65509631647551,0.5013143021794374,-1.3067576840068464,9,36774.0,Terry Rozier
1626181,O,-0.5526803908887796,0.4874605937127338,-1.1337950144427071,10,30712.0,Norman Powell
1626184,O,-1.2913466047036184,1.050539967208559,-1.2292217764307611,2,3290.0,Chasson Randle
1626185,O,-1.3580090567533287,1.0568521803618356,-1.2849564792385495,2,4400.0,Jarell Martin
1626188,O,-0.6578181920400785,0.8530521422677242,-0.7711347987373404,3,4754.0,Quinn Cook
1626192,O,-0.12336611500583121,0.5529444532906929,-0.2231076092212384,8,23079.0,Pat Connaughton
1626195,O,1.0945827412021807,0.6667634151917531,1.6416358730291043,5,8919.0,Willy Hernangomez
1626196,O,-0.2065698053468949,0.51425623072421,-0.401686538743516,9,31597.0,Josh Richardson
1626202,O,-1.1325721112400968,1.4419373011270578,-0.7854517046995367,1,1123.0,Joe Young
1626203,O,-0.15156089044901222,0.9021002996952999,-0.16800891264552795,3,5614.0,Treveon Graham
1626204,O,-0.0850856100072651,0.5024582695610877,-0.16933865986839047,9,24628.0,Larry Nance Jr.
1626208,O,0.7927083790782126,1.4907845641265582,0.5317390575093965,1,1143.0,Keifer Sykes
1626209,O,-0.7623171290931446,0.6927840176876383,-1.1003676609596056,5,12460.0,Mario Hezonja
1626210,O,0.9245689465251982,1.4247720722043673,0.6489241083275383,1,1502.0,Alan Williams
1626220,O,0.1339469798790637,0.5233014707957068,0.25596522722435777,8,31988.0,Royce O'Neale
1626224,O,0.21720847714158067,0.5771037915396048,0.3763767979449748,7,22024.0,Cedi Osman
1626245,O,-1.026211367922167,0.8354821779237284,-1.228286365691753,3,5577.0,Cristiano Felicio
1626246,O,-1.3305381459902217,1.5299756342279525,-0.869646624576234,1,1438.0,Boban Marjanovic
1626257,O,0.6081877974135923,1.0640751133806705,0.571564722984001,2,3142.0,Salah Mejri
1626273,O,1.1657969345514518,1.435111686893076,0.8123388201759592,1,1709.0,Marcelo Huertas
1627098,O,-0.07601803409269481,1.067859811130449,-0.07118727879853558,2,4579.0,Malcolm Delaney
1627732,O,0.27668579243895053,0.6090990782813519,0.4542541637390974,6,24091.0,Ben Simmons
1627733,O,-0.11657872590141155,0.8739535373511718,-0.1333923611714474,3,7209.0,Dragan Bender
1627734,O,-0.13544467888436523,0.4786946243396026,-0.2829458949350475,9,40649.0,Domantas Sabonis
1627736,O,0.123699810976994,0.5373368125524941,0.23020907573666263,8,28467.0,Malik Beasley
1627737,O,-0.5565534703115007,0.7522106423703319,-0.7398904495125392,4,10370.0,Marquese Chriss
1627738,O,1.4488529176926506,1.4877973450958073,0.9738241047871685,1,1912.0,Deyonta Davis
1627739,O,0.43523320346052585,0.5600778140148125,0.7770941690059788,7,18664.0,Kris Dunn
1627741,O,0.24112099798787906,0.5012024893523984,0.48108499680324907,9,41766.0,Buddy Hield
1627742,O,-0.030894833071531038,0.5049781676626522,-0.06118053224861427,9,33803.0,Brandon Ingram
1627745,O,-0.6718856008961417,0.7502097097202748,-0.8955970473198258,4,6137.0,Damian Jones
1627746,O,0.9185673928478613,0.8486095711081343,1.0824381719479954,3,4900.0,Skal Labissiere
1627747,O,0.23331909496513267,0.5181455534339022,0.45029643392451935,9,30193.0,Caris LeVert
1627748,O,-0.4494646263126908,0.7423086423658563,-0.6054956128224174,4,7078.0,Thon Maker
1627749,O,-0.22671634466081161,0.5538626327218307,-0.40933677642534977,7,29777.0,Dejounte Murray
1627750,O,0.6877513655134974,0.5256717045566961,1.3083286765329791,8,34017.0,Jamal Murray
1627751,O,0.6232479092029972,0.4917768595129686,1.2673388288750125,9,27329.0,Jakob Poeltl
1627752,O,-0.26066965766357647,0.5098305323005748,-0.5112868711242592,9,30177.0,Taurean Prince
1627755,O,0.14376520185626207,1.0453723201033012,0.13752535732154791,2,5788.0,Tyler Ulis
1627756,O,-0.6674533940962644,0.755054098540637,-0.8839808900929262,4,9359.0,Denzel Valentine
1627758,O,1.237758388963873,1.5227557425828646,0.812841058057292,1,1689.0,Ron Baker
1627759,O,-0.21675576108691907,0.5086228896845192,-0.42616202589970936,9,37763.0,Jaylen Brown
1627761,O,-0.2099656709001017,0.7793479756416739,-0.269411966749804,4,10311.0,DeAndre' Bembry
1627763,O,0.07033318942391747,0.507767502064582,0.13851455466910115,9,27511.0,Malcolm Brogdon
1627767,O,-0.1692630174532345,1.0654867990915784,-0.1588597977915317,2,3175.0,Cheick Diallo
1627774,O,-0.9465062979614123,0.8882355161085167,-1.0656028505910098,3,5205.0,Jake Layman
1627775,O,-1.829925087902671,0.9046185181702152,-2.022869365535526,3,6132.0,Patrick McCaw
1627777,O,-0.06505057872702634,0.5624771472052226,-0.11565017183407865,7,19226.0,Georges Niang
1627780,O,1.4933799934478487,0.9214766294331573,1.6206379475586867,3,5881.0,Gary Payton II
1627782,O,0.006400990893704853,1.1027938896241165,0.005804340188978204,2,4389.0,Wayne Selden
1627783,O,0.45696150829493354,0.4940827867693072,0.924868302502297,9,40125.0,Pascal Siakam
1627785,O,2.6156808829644884,1.5299279024180616,1.7096759127213685,1,3426.0,Isaiah Whitehead
1627786,O,-0.9657980353523214,1.4760193138155773,-0.6543261502830132,1,1109.0,Troy Williams
1627788,O,0.35544053585868995,0.7803096818623538,0.45551214360222364,4,9762.0,Furkan Korkmaz
1627789,O,-0.5338478047463656,0.630848220988094,-0.8462381076548061,6,11051.0,Timothe Luwawu-Cabarrot
1627790,O,1.6354601011167975,1.5079735575324724,1.0845416306854438,1,2180.0,Ante Zizic
1627812,O,0.21536182456410918,0.753618471452394,0.2857703635488897,4,10250.0,Yogi Ferrell
1627814,O,0.28960876339636105,0.783548615429518,0.3696117352432639,4,10963.0,Damion Lee
1627819,O,2.555649920031975,1.5241468833181444,1.6767740353660643,1,2428.0,Isaiah Taylor
1627820,O,0.18711579186713223,1.0845203491076694,0.17253322357767553,2,3179.0,Tyrone Wallace
1627823,O,0.6732967456227551,0.6862301747656367,0.9811529285384475,5,9432.0,Juancho Hernangomez
1627824,O,2.8541272094177,1.5320177598485418,1.8629857200218518,1,3746.0,Guerschon Yabusele
1627826,O,-0.44523472598398656,0.5146948642515762,-0.8650459853167712,8,26368.0,Ivica Zubac
1627827,O,1.0302963152440963,0.5405640437513909,1.9059653100381508,8,32059.0,Dorian Finney-Smith
1627832,O,0.6336445759392485,0.5347546816934224,1.1849257194582545,8,34363.0,Fred VanVleet
1627835,O,-0.3075137409149364,1.09712201712594,-0.28029128585032903,2,3313.0,Paul Zipser
1627846,O,-1.9739565458692083,0.8740502103117668,-2.258401774384464,3,4349.0,Abdel Nader
1627851,O,1.4460314666480532,1.5488221097270538,0.9336330218729152,1,2042.0,Mindaugas Kuzminskas
1627852,O,0.8231845151135042,1.4217007087534135,0.5790139303196207,1,1023.0,Nicolas Brussino
1627853,O,0.5645639237163697,1.0664342234376631,0.5293940416657779,2,5952.0,Ryan Arcidiacono
1627854,O,-0.21638156251107452,0.6848024756226598,-0.3159766067059389,5,16405.0,Bryn Forbes
1627863,O,-0.08306051711790399,0.6355112113008514,-0.13069874400466414,6,12264.0,Danuel House Jr.
1627884,O,0.2322931371804119,0.549591849682129,0.42266481447052895,8,20185.0,Derrick Jones Jr.
1627885,O,-0.726629169998662,1.063492436994624,-0.6832480840692008,2,3949.0,Shaquille Harrison
1627936,O,-0.031452292266450084,0.5486850384574941,-0.05732303609894523,8,19124.0,Alex Caruso
1628021,O,1.0839689034689375,0.7739328815796921,1.4005980741591233,4,8030.0,David Nwaba
1628035,O,0.374022594591143,1.0846700856597213,0.34482613610907675,2,3373.0,Alfonzo McKinnie
1628365,O,-0.027278667126265498,0.8390923373494982,-0.0325097321379821,3,9636.0,Markelle Fultz
1628366,O,-0.6617235317967911,0.6217270900881613,-1.064331187021235,6,18980.0,Lonzo Ball
1628367,O,-0.89390548835573,0.7754048123940697,-1.152824272002889,4,13217.0,Josh Jackson
1628368,O,0.24319495933966634,0.5147587283027381,0.4724445569704636,8,37006.0,De'Aaron Fox
1628369,O,0.9355083556810786,0.5324724430057753,1.756914123856231,8,41035.0,Jayson Tatum
1628370,O,-0.5284171710295309,0.5438473528933859,-0.9716277338084609,8,24877.0,Malik Monk
1628371,O,-0.02513674080893141,0.6828584589767127,-0.036811055759051,5,11166.0,Jonathan Isaac
1628372,O,-1.2026164219344897,0.6155113612079454,-1.953849267013279,6,14701.0,Dennis Smith Jr.
1628373,O,-0.07882258475268654,0.6766715631169207,-0.11648573554592681,5,10373.0,Frank Ntilikina
1628374,O,0.22199912948829262,0.5323427083466052,0.4170229553397964,8,28717.0,Lauri Markkanen
1628378,O,0.26888846864701726,0.5201682096168521,0.5169259936993773,8,37288.0,Donovan Mitchell
1628379,O,0.6902299214553445,0.5516661873960439,1.2511731500408687,8,21885.0,Luke Kennard
1628380,O,-0.08217480937485308,0.6071921843477576,-0.1353357495257038,6,14196.0,Zach Collins
1628381,O,0.24430600868545904,0.5320851874643457,0.45914829888368136,8,28556.0,John Collins
1628382,O,0.16380578191097897,0.7713250774844927,0.21236931961968036,4,9817.0,Justin Jackson
1628384,O,-0.07070675475260774,0.5464200859011688,-0.12939999201529442,8,30238.0,OG Anunoby
1628385,O,-0.08695074775058123,1.0691602305842443,-0.08132620842347163,2,3150.0,Harry Giles III
1628386,O,0.5291607892976004,0.5117782204146365,1.03396504225772,8,32703.0,Jarrett Allen
1628388,O,0.7675503484502212,1.4041113376622902,0.5466449332487539,1,1122.0,T.J. Leaf
1628389,O,-0.6697740002613994,0.5060368543928363,-1.3235676303952637,8,34696.0,Bam Adebayo
1628390,O,-0.8113474816046913,0.9002236373201898,-0.9012732480785913,3,8172.0,Terrance Ferguson
1628391,O,-0.18629948682591774,1.5240401730273954,-0.12224053546820049,1,1899.0,D.J. Wilson
1628392,O,0.714101092782528,0.6623886228743014,1.0780696831473806,5,14019.0,Isaiah Hartenstein
1628393,O,0.7692104105784503,1.5138461807105146,0.5081166239871385,1,1637.0,Jawun Evans
1628395,O,1.0102923898393077,1.0752910387160304,0.9395525057529212,2,3334.0,Jordan Bell
1628396,O,1.3093304575283473,0.8345544711215243,1.5688975409463575,3,3942.0,Tony Bradley
1628397,O,0.45628062174337214,1.0413401266274027,0.4381667527027237,2,2474.0,Ivan Rabb
1628398,O,-0.6350078860442133,0.5346231590215559,-1.1877672624702178,8,35234.0,Kyle Kuzma
1628400,O,-0.9725340607627103,0.7758826447803843,-1.2534551034299637,4,7521.0,Semi Ojeleye
1628401,O,0.51482996636328,0.5746687875457942,0.8958725052076267,7,28462.0,Derrick White
1628402,O,0.17099207238495848,0.7789543373210707,0.21951488578011305,4,8251.0,Frank Jackson
1628404,O,0.7074924749299792,0.5407730748415431,1.3082982638092477,8,33104.0,Josh Hart
1628407,O,-0.0472418893869271,0.7623215627048391,-0.06197107847678518,4,8189.0,Dwayne Bacon
1628408,O,0.8067565594768406,1.5751507883088698,0.5121773518222971,1,2214.0,PJ Dozier
1628410,O,1.512874875659523,1.1121028804663435,1.3603731293503365,2,3391.0,Edmond Sumner
1628411,O,-0.9289951495636068,0.7711631880531624,-1.2046673958969678,4,7683.0,Wes Iwundu
1628412,O,1.2920687810104867,1.5111836358695727,0.8550044814818274,1,1905.0,Frank Mason III
1628413,O,0.009531948881805405,1.534619790919206,0.006211277176411208,1,1387.0,Jonah Bolden
1628414,O,-1.4190022413459034,1.5824934514859699,-0.8966875913536657,1,2393.0,Sindarius Thornwell
1628415,O,0.2680791862673165,0.565752235584872,0.47384556243101283,7,29175.0,Dillon Brooks
1628416,O,0.8258698934981735,1.0839718474462716,0.7618923825778684,2,3500.0,Tyler Dorsey
1628418,O,-0.5027856624100672,0.7587591557105681,-0.6626419709416421,4,9840.0,Thomas Bryant
1628420,O,0.2614729173375156,0.5991982752802822,0.43637127829716876,6,18914.0,Monte Morris
1628422,O,-0.8657278329274344,0.8828248872411387,-0.9806336969417193,3,7709.0,Damyean Dotson
1628424,O,1.2219080156041948,1.5027602284976165,0.8131090991314007,1,1287.0,Kobi Simmons
1628425,O,-0.9627246712087592,0.6955791621367927,-1.3840619782963388,5,9316.0,Sterling Brown
1628426,O,0.6684861632708907,1.478567669251724,0.4521173952147887,1,1055.0,Sasha Vezenkov
1628427,O,-0.463127153043563,1.5403970825548248,-0.30065439508327535,1,1809.0,Vlatko Cancar
1628432,O,1.2152359557947647,1.5495677372496295,0.784241906037435,1,1366.0,Davon Reed
1628436,O,0.6674699892119644,0.6795018666110193,0.9822930914685146,5,9025.0,Luke Kornet
1628449,O,1.4215701912154,0.6350200377464432,2.2386225736439167,6,14343.0,Chris Boucher
1628455,O,1.4837233360201674,1.5214759671846128,0.9751868370064997,1,1484.0,Mike James
1628462,O,1.3013084358465141,1.5920172365280825,0.8173959464687992,1,2346.0,Milos Teodosic
1628463,O,1.5231758924977243,1.4795156113952046,1.0295098482004847,1,1075.0,Tyler Cavanaugh
1628464,O,-0.1527508743282564,0.5686657316773345,-0.2686127646160477,7,15541.0,Daniel Theis
1628467,O,-0.3614302241922951,0.5529627277301165,-0.6536249299766507,8,20019.0,Maxi Kleber
1628469,O,0.5238757097028346,1.525175982270359,0.34348541794042636,1,1718.0,Antonio Blakeney
1628470,O,0.13342499644700442,0.5914407500580546,0.22559317469063078,7,17424.0,Torrey Craig
1628515,O,-0.19544404145543906,1.3802186521817454,-0.14160368079832558,1,1143.0,Isaiah Briscoe
1628539,O,1.3754784148658008,1.5689224800200616,0.8767025983643326,1,1653.0,Mychal Mulder
1628960,O,-0.15873113127744035,0.633971585951202,-0.25037578149386996,6,20316.0,Grayson Allen
1628963,O,0.3768757034526055,0.7031383400836266,0.535990831345909,5,12154.0,Marvin Bagley III
1628964,O,-1.037978725475205,0.592696592574178,-1.7512817493468187,6,11583.0,Mo Bamba
1628966,O,-0.5040089080095485,0.6911881581954857,-0.7291920471053582,5,8960.0,Keita Bates-Diop
1628969,O,0.5414945882456761,0.5491561812486059,0.9860484261772129,7,37853.0,Mikal Bridges
1628970,O,0.7789655134143982,0.6109890197585894,1.2749255522172538,6,26755.0,Miles Bridges
1628971,O,0.18149715878505385,0.5876498256820525,0.308852569767038,7,23243.0,Bruce Brown
1628972,O,0.15191820721268226,0.6311800429334216,0.2406891803908112,6,14178.0,Troy Brown Jr.
1628973,O,0.9843774619869834,0.5650570517804909,1.742085084833853,7,28579.0,Jalen Brunson
1628975,O,-0.48660543386533356,0.6313693020974847,-0.7707144332940672,6,12279.0,Jevon Carter
1628976,O,-0.8898061503814496,0.556236043723334,-1.5996916424639858,7,21186.0,Wendell Carter Jr.
1628977,O,-0.29297271654663837,0.6891487940276523,-0.42512258468072245,5,10216.0,Hamidou Diallo
1628978,O,-0.05536153354920895,0.6326381206196005,-0.08750900672091705,6,21327.0,Donte DiVincenzo
1628981,O,-0.417025539778982,1.0376526587539294,-0.4018931925445739,2,2879.0,Bruno Fernando
1628983,O,1.3726896233949768,0.5590909128441638,2.455217196094168,7,32144.0,Shai Gilgeous-Alexander
1628984,O,-0.0414014964073579,0.6824295197013015,-0.060667798229887944,5,16311.0,Devonte' Graham
1628988,O,0.14167524877754958,0.5824741506402094,0.24323010492711375,7,15314.0,Aaron Holiday
1628989,O,0.4321207388813834,0.5773428506786762,0.7484646919476325,7,28243.0,Kevin Huerter
1628990,O,-1.019390417289726,1.0836501659148472,-0.9407006516989074,2,2965.0,Chandler Hutchison
1628991,O,-0.42479342973111395,0.6146999022576347,-0.6910582353616079,6,23748.0,Jaren Jackson Jr.
1628995,O,-1.0738550734501966,0.7658454220457354,-1.4021825325817086,4,10110.0,Kevin Knox II
1628997,O,-0.04498012597315164,0.7034062341756837,-0.06394615769344651,5,14518.0,Caleb Martin
1628998,O,0.5929037946324821,0.7004088061593079,0.8465110510013009,5,11338.0,Cody Martin
1629001,O,0.734098659551847,0.6345414692395916,1.1568962709900752,6,16748.0,De'Anthony Melton
1629002,O,0.3314852121854786,0.7521696223160724,0.4407053972277862,4,6904.0,Chimezie Metu
1629003,O,0.1318774597910766,0.629804395337542,0.20939431475449966,6,13218.0,Shake Milton
1629004,O,0.06476026472653498,0.7831901585406712,0.0826877917454985,4,8418.0,Svi Mykhailiuk
1629006,O,0.005262843362403941,0.5875906999928416,0.008956648501189783,7,16711.0,Josh Okogie
1629008,O,0.7777146759843905,0.6775826849479784,1.1477782612524992,5,19931.0,Michael Porter Jr.
1629010,O,0.5209803849538245,1.5767709757747432,0.3304096745552041,1,2152.0,Jerome Robinson
1629011,O,0.3923663578708532,0.592578860971792,0.6621335719390953,6,15706.0,Mitchell Robinson
1629012,O,0.7011463436484857,0.6118115028669782,1.146016935547763,6,24318.0,Collin Sexton
1629013,O,0.01747004912200863,0.586841083977056,0.02976964224047351,7,17494.0,Landry Shamet
1629014,O,-0.4431390192355277,0.6238296323414146,-0.7103526287654814,6,20933.0,Anfernee Simons
1629016,O,-0.8019449405927106,1.086224544428191,-0.738286521609461,2,3601.0,Omari Spellman
1629018,O,0.22088248769573013,0.6341949621118642,0.34828798853934945,6,23770.0,Gary Trent Jr.
1629019,O,-0.10590371142009304,1.5639869768202206,-0.06771393431638953,1,3031.0,Allonzo Trier
1629020,O,0.5634476795754808,0.6888848198851255,0.8179127530628968,5,12577.0,Jarred Vanderbilt
1629021,O,0.1323609535727182,0.6014492999842187,0.22007001018405242,6,11712.0,Moritz Wagner
1629022,O,-0.35250827622340064,0.7070901958525949,-0.4985336782931255,5,13328.0,Lonnie Walker IV
1629023,O,-0.07116686825466353,0.6225536099529869,-0.11431444154670922,6,24545.0,P.J. Washington
1629026,O,0.6569912557768635,0.5953157301441082,1.1036013706841334,7,16275.0,Kenrich Williams
1629027,O,0.9818613871579317,0.542010983670448,1.811515664330006,7,35404.0,Trae Young
1629028,O,-0.3773610907231729,0.5380142576972337,-0.7013960788666163,7,24983.0,Deandre Ayton
1629029,O,0.2975901045682994,0.5664559455943459,0.5253543667125908,7,32199.0,Luka Dončić
1629048,O,0.5497720417172967,0.6598477599862673,0.8331801288963054,5,8416.0,Goga Bitadze
1629052,O,1.2342448754835007,0.7674607170096819,1.6082189591313376,4,7911.0,Oshae Brissett
1629056,O,1.0083799410552938,0.7773374223227097,1.2972229460434588,4,7685.0,Terence Davis
1629057,O,-0.47819937222562514,0.8854900838136435,-0.5400392177923756,3,7265.0,Robert Williams III
1629058,O,-0.13225643182965774,1.4466150982137225,-0.09142475561949251,1,1049.0,Dzanan Musa
1629059,O,-0.4634223007725152,1.0730150714716231,-0.4318879697905258,2,3446.0,Elie Okobo
1629060,O,-0.30919230386754254,0.6332842569261438,-0.48823620749442037,6,19527.0,Rui Hachimura
1629065,O,-1.147325623502205,1.5539124502241646,-0.7383463742353655,1,2111.0,Ky Bowman
1629066,O,-0.5247895905583315,1.1038465193393807,-0.47541898385692466,2,4263.0,Rodions Kurucs
1629067,O,0.49773705650113387,1.5831529594307923,0.3143960623236876,1,2636.0,Isaac Bonga
1629103,O,-0.6724419662898858,1.504483662960195,-0.4469586362717965,1,1081.0,Kelan Martin
1629109,O,-0.2513804246455496,0.8817459192249334,-0.28509394732046667,3,3839.0,Gary Clark
1629111,O,0.3915541953435744,0.7384962847105181,0.5302046922240903,4,5909.0,Jock Landale
1629117,O,1.332904886771791,1.5464367459004973,0.8619200819595335,1,2145.0,Wenyen Gabriel
1629130,O,-0.11406054165803037,0.6257482374166408,-0.18227864632734977,6,21732.0,Duncan Robinson
1629134,O,0.03404326874917876,0.892259648013208,0.03815399343115293,3,9289.0,Kendrick Nunn
1629139,O,0.11357789292153626,1.1117999100080163,0.10215677470302849,2,3423.0,Yuta Watanabe
1629162,O,0.07211595731860014,0.6804152218638586,0.10598815987839484,5,7964.0,Jordan McLaughlin
1629164,O,-0.7469198547355278,1.4852977940342769,-0.5028754891682622,1,1242.0,Brandon Goodwin
1629216,O,-0.3913583868971158,0.7741715868127915,-0.5055189231476577,4,11130.0,Gabe Vincent
1629234,O,-0.6978454686929172,0.6733577030113724,-1.0363666526305872,5,11284.0,Drew Eubanks
1629308,O,-0.33191995840825733,0.9082572121041247,-0.36544709360392647,3,5829.0,Juan Toscano-Anderson
1629312,O,-0.7241558341465064,0.9138615756640042,-0.7924130452911765,3,8292.0,Haywood Highsmith
1629599,O,-0.20745456458717962,0.7758382607944282,-0.2673940885240104,4,11055.0,Amir Coffey
1629604,O,0.17622560929354,1.5415077325333337,0.11432028887972463,1,2411.0,CJ Elleby
1629610,O,1.9578048185860333,1.0832613819226613,1.807324484429751,2,3196.0,DaQuan Jeffries
1629611,O,0.6764030718566004,0.6968294702231587,0.9706866611711805,5,17694.0,Terance Mann
1629614,O,-0.6408559444863984,0.8772357206163128,-0.7305401836990372,3,11801.0,Andrew Nembhard
1629618,O,0.5081687587947179,1.495777505858121,0.3397355267106946,1,1351.0,Jalen Pickett
1629622,O,-0.04291806702611311,0.6821071050937286,-0.06291983576423195,5,15951.0,Max Strus
1629626,O,-1.4608174914958443,1.566155595463317,-0.9327409714126709,1,3115.0,Bol Bol
1629627,O,0.9791217429351066,0.6956325194790518,1.4075272726875325,5,14046.0,Zion Williamson
1629628,O,-0.13041362235769113,0.611700985045162,-0.21319832000607727,6,26181.0,RJ Barrett
1629629,O,-1.4119085119520425,0.6405063697561593,-2.2043629519087466,6,12303.0,Cam Reddish
1629630,O,0.628599865274543,0.6406815838777381,0.9811423975540701,5,20105.0,Ja Morant
1629631,O,0.19772876914488907,0.625336181568823,0.3161959518299958,6,20668.0,De'Andre Hunter
1629632,O,0.707934168505479,0.6165090867706632,1.1482947838023112,6,25999.0,Coby White
1629633,O,-0.8486345599896112,1.0694303996065742,-0.7935388411455387,2,4283.0,Jarrett Culver
1629634,O,0.26663142751484387,0.6841020309993492,0.38975388967248586,5,13355.0,Brandon Clarke
1629635,O,0.01228014516111142,1.0821466571733696,0.011347949078536063,2,3269.0,Sekou Doumbouya
1629636,O,0.6407525273876659,0.607412762510026,1.0548881533866183,6,25693.0,Darius Garland
1629637,O,-1.154546209570935,0.6213431829974473,-1.8581457738077063,6,12545.0,Jaxson Hayes
1629638,O,0.16981961418844577,0.63170603887029,0.2688269602300182,6,16363.0,Nickeil Alexander-Walker
1629639,O,0.11017876935033813,0.623196824244564,0.17679610207240107,6,23756.0,Tyler Herro
1629640,O,-0.4671348240226344,0.6779493960972465,-0.6890408439210817,5,21521.0,Keldon Johnson
1629641,O,-0.8902960033833691,1.126913662280458,-0.7900303574115323,2,3341.0,Romeo Langford
1629642,O,0.9121220295784834,0.7687756124056443,1.1864606718263098,4,6680.0,Nassir Little
1629643,O,-1.2300794599949947,0.8757843250866255,-1.4045461020021397,3,7050.0,Chuma Okeke
1629645,O,-0.4378513223758584,0.6776980386093161,-0.6460861584819694,5,15323.0,Kevin Porter Jr.
1629646,O,1.0001567647574954,1.4670065114019588,0.6817670930456102,1,1080.0,Charles Bassey
1629647,O,-1.8110978586036246,0.756452804361091,-2.3941980889783325,4,11205.0,Darius Bazley
1629649,O,0.03237624939297418,1.4540272173380206,0.02226660478353866,1,1114.0,Ignas Brazdeikis
1629650,O,-0.28005561683815205,1.5019056659011114,-0.18646684888170034,1,1977.0,Moses Brown
1629651,O,-0.7648653935630922,0.675634095321132,-1.1320704488715125,5,15727.0,Nic Claxton
1629652,O,0.7154949612033051,0.6084198018397714,1.17598894552701,6,22164.0,Luguentz Dort
1629655,O,0.4678579505695048,0.6249617333159269,0.7486185563508672,6,15465.0,Daniel Gafford
1629656,O,-0.7221576239076037,0.768576859908938,-0.9396036513422561,4,12006.0,Quentin Grimes
1629659,O,-0.21430980700971025,0.7036725999305813,-0.30455897676114196,5,12228.0,Talen Horton-Tucker
1629660,O,0.0843132482181037,0.7768448078792409,0.10853293651826793,4,7888.0,Ty Jerome
1629661,O,-0.07668783503695674,0.6344707734680015,-0.12086897969749329,6,18395.0,Cameron Johnson
1629667,O,-0.20980257606045977,0.7776780406996465,-0.2697807641214976,4,8765.0,Jalen McDaniels
1629669,O,0.447185247979292,0.9017641545547068,0.4959004477175222,3,6347.0,Jaylen Nowell
1629670,O,-0.6785253250879542,0.9064781449231234,-0.7485291607835713,3,6520.0,Jordan Nwora
1629671,O,-0.06269533444938141,1.4268571118883162,-0.043939462422000905,1,1067.0,Miye Oni
1629672,O,0.22518599908583267,0.8711681784525086,0.2584874019225997,3,6398.0,Eric Paschall
1629673,O,-0.6788307245538533,0.6222567501749204,-1.0909174136930286,6,23973.0,Jordan Poole
1629674,O,1.5258561060084763,1.521709931229312,1.002724681421915,1,1678.0,Neemias Queta
1629675,O,-0.9113837404098468,0.6049044341126404,-1.5066573974561681,6,17633.0,Naz Reid
1629676,O,-0.9435780984996225,0.8889363087865655,-1.0614687342309657,3,5977.0,Isaiah Roby
1629680,O,0.09658307478476483,0.702469764306854,0.13749072158296516,5,14224.0,Matisse Thybulle
1629684,O,-0.25688409284000985,0.7023108655934733,-0.36576978290508894,5,16834.0,Grant Williams
1629685,O,0.5873835106100648,1.464195797168034,0.40116459270416516,1,1052.0,Dylan Windler
1629717,O,-0.14457380039756457,1.0543440517442388,-0.1371220335130558,2,2834.0,Armoni Brooks
1629723,O,0.1874173610061519,0.6940194999655387,0.2700462465614555,5,10569.0,John Konchar
1629726,O,-0.2586603981394356,0.7047975149883273,-0.36699958873112576,5,11071.0,Garrison Mathews
1629731,O,-0.27800712326021876,0.71443741019426,-0.3891273319304862,5,11040.0,Dean Wade
1629740,O,-0.9186238777199486,1.0950478831712311,-0.8388892320029302,2,3331.0,Nicolo Melli
1629741,O,0.316665506362061,1.4691135956895398,0.21554868683482,1,1036.0,Marko Guduric
1629750,O,1.1129899874612637,0.8986230598031276,1.2385504415000212,3,6740.0,Javonte Green
1630162,O,0.4064052295375122,0.6610740144576898,0.6147650953591113,5,27426.0,Anthony Edwards
1630163,O,0.4820426705376917,0.6869899374380376,0.7016735533788936,5,15528.0,LaMelo Ball
1630164,O,-1.1911015328980203,0.8814898532239727,-1.3512368049860923,3,5857.0,James Wiseman
1630165,O,-1.389331490728325,0.7568245534659918,-1.8357378660162023,4,11280.0,Killian Hayes
1630166,O,0.47830436712172913,0.6972068083155187,0.6860293981886563,5,20193.0,Deni Avdija
1630167,O,0.6650545942054893,0.6523085831330091,1.0195398487802532,5,12900.0,Obi Toppin
1630168,O,0.36264602984075556,0.6345397951955684,0.5715103017754564,5,14515.0,Onyeka Okongwu
1630169,O,0.5880967893994938,0.6691814373755687,0.8788300998095869,5,22950.0,Tyrese Haliburton
1630170,O,-0.8689260911218469,0.6942925706129051,-1.2515272781253868,5,17628.0,Devin Vassell
1630171,O,0.7090655692154211,0.6990884348723712,1.0142716340957227,5,17591.0,Isaac Okoro
1630172,O,-0.9672362936164377,0.7815006939793221,-1.237665303521829,4,14551.0,Patrick Williams
1630173,O,-1.0225504434461026,0.6909071620656506,-1.4800113525946326,5,12810.0,Precious Achiuwa
1630174,O,0.8214017288052888,0.6887130563914919,1.1926617641155497,5,12856.0,Aaron Nesmith
1630175,O,0.06080437821830208,0.6832980705096166,0.08898660898157232,5,16092.0,Cole Anthony
1630177,O,-1.1190593530850983,0.87723807213483,-1.2756620906360991,3,7417.0,Theo Maledon
1630178,O,0.6393071332328836,0.672873668926071,0.9501146541418974,5,20495.0,Tyrese Maxey
1630180,O,0.713194479201491,0.7538576159447986,0.9460599244694967,4,18219.0,Saddiq Bey
1630181,O,-0.7043793269081657,0.895032049058909,-0.7869878264681057,3,6298.0,R.J. Hampton
1630182,O,-0.5518978876096482,0.7836510672938963,-0.7042648324533799,4,12192.0,Josh Green
1630183,O,-0.21962521714027178,0.6859321835939621,-0.3201850305223162,5,21462.0,Jaden McDaniels
1630184,O,1.268148425706066,1.4713343414438447,0.8619036407874576,1,1897.0,Kira Lewis Jr.
1630188,O,0.5647770180539624,0.7700098393776883,0.7334672742758815,4,8875.0,Jalen Smith
1630191,O,-0.24052679379407013,0.6545020398820045,-0.36749586576908605,5,15469.0,Isaiah Stewart
1630192,O,-1.328529133891264,0.7370205904598276,-1.8025671888792059,4,5286.0,Zeke Nnaji
1630193,O,0.10080665489682258,0.6689321665412058,0.1506978733255653,5,16714.0,Immanuel Quickley
1630194,O,0.6097452538100409,1.0413903664876718,0.5855107493134845,2,4682.0,Paul Reed
1630197,O,-1.2060331261905701,0.9031914901093908,-1.3353016933812125,3,6347.0,Aleksej Pokusevski
1630198,O,0.24544135448785853,0.7813156991038445,0.31413851631213285,4,10619.0,Isaiah Joe
1630200,O,0.9430324234727954,0.7731263298372572,1.2197649815797935,4,12965.0,Tre Jones
1630201,O,-0.4828403767789028,0.7628885058991167,-0.6329108028831055,4,6207.0,Malachi Flynn
1630202,O,0.015838864047449247,0.6800935381531595,0.02328924355091031,5,14027.0,Payton Pritchard
1630205,O,-0.04109024418094108,0.7748662047883889,-0.05302882475325217,4,6374.0,Lamar Stevens
1630208,O,0.34645444271367437,0.8802291234768747,0.39359575078042325,3,8560.0,Nick Richards
1630209,O,-0.03099942172281032,1.0327754244709366,-0.03001564617853925,2,2520.0,Omer Yurtseven
1630214,O,-1.0484001954549003,0.7604098318782172,-1.3787304575814663,4,8142.0,Xavier Tillman
1630215,O,0.07911073511642196,1.0603773086795367,0.074606212778107,2,3374.0,Jared Butler
1630217,O,0.058234137000965,0.6836462700524063,0.08518167881834701,5,19456.0,Desmond Bane
1630224,O,-0.4472013531836071,0.7340628937567589,-0.609213947452019,4,20735.0,Jalen Green
1630227,O,-0.32618559323229157,1.5253798836426904,-0.21383892414612324,1,1880.0,Daishen Nix
1630228,O,-0.36293658883581786,0.7884863246356512,-0.4602953500855274,4,11776.0,Jonathan Kuminga
1630230,O,0.1345071463680257,0.6868432174913353,0.19583384234222642,5,13273.0,Naji Marshall
1630231,O,0.6374156327860666,0.6862431263228757,0.928848112769532,5,13890.0,KJ Martin
1630235,O,1.8769583528659448,1.5434447601199872,1.2160839191420303,1,1510.0,Trent Forrest
1630237,O,1.092891687954495,1.6016849385843375,0.6823387431740829,1,2493.0,Anthony Lamb
1630240,O,0.1616304667826785,1.0633858614250453,0.1519960652533759,2,2819.0,Saben Lee
1630241,O,-1.0649694902032627,1.1142621130818076,-0.95576209376606,2,5021.0,Sam Merrill
1630245,O,-1.184552603297941,0.7761687887353703,-1.526153357993124,4,16087.0,Ayo Dosunmu
1630249,O,0.3526636847488336,0.8609896070365854,0.4096027197850346,3,4917.0,Vít Krejčí
1630256,O,0.21934847336124727,0.6879886437959479,0.3188257180394744,5,13332.0,Jae'Sean Tate
1630264,O,1.0350433613807148,1.5486192361813784,0.668365300648692,1,1278.0,Anthony Gill
1630267,O,-2.1944451257204327,1.088397642311002,-2.016216353667353,2,5292.0,Facundo Campazzo
1630288,O,0.0731785198427127,1.5132504207376292,0.04835849958465041,1,1266.0,Jeff Dowtin Jr.
1630314,O,0.2205715352400008,1.0315823734316707,0.21381863525473557,2,2366.0,Brandon Williams
1630322,O,0.9093553470301183,1.1006289759459413,0.8262142528535269,2,2688.0,Lindy Waters III
1630526,O,0.15904460374816037,0.9010816212731955,0.17650410350555829,3,6484.0,Jeremiah Robinson-Earl
1630527,O,-0.5177931674649364,1.0999874985018485,-0.4707264111366319,2,3614.0,Brandon Boston Jr.
1630528,O,-0.45873124604625637,1.08406464695662,-0.42315857023295494,2,4417.0,Josh Christopher
1630529,O,1.2900488076654857,0.7438235933567892,1.7343477931960263,4,14761.0,Herbert Jones
1630530,O,-0.9324041075112953,0.7740277943256542,-1.20461321201472,4,14167.0,Trey Murphy III
1630531,O,0.37619785042237,1.4811372281358286,0.2539925695445895,1,1030.0,Jaden Springer
1630532,O,0.9908567097576089,0.7506072813082775,1.3200734051374863,4,19156.0,Franz Wagner
1630533,O,-0.6152746984065255,0.7879208231207101,-0.7808839166981438,4,9222.0,Ziaire Williams
1630534,O,0.23832537271248963,0.907080848793726,0.2627388429922478,3,9598.0,Ochai Agbaji
1630535,O,-0.08740018117926598,1.4972192191006441,-0.05837500618764825,1,1324.0,Greg Brown III
1630537,O,-0.3939425913280286,0.9121573154812348,-0.4318800985772864,3,6466.0,Chris Duarte
1630538,O,0.12636685415966378,0.8854830394040549,0.14270951394474005,3,5984.0,Bones Hyland
1630539,O,0.7944817080154839,1.4613438897724231,0.5436651246676848,1,1137.0,Kai Jones
1630540,O,0.32493913440909955,0.8957274205288704,0.3627656438353127,3,7360.0,Miles McBride
1630541,O,-0.6103233329285226,0.7842609841114757,-0.778214580724024,4,8715.0,Moses Moody
1630543,O,0.16666850020500476,0.8692996197926773,0.19172733590376376,3,4970.0,Isaiah Jackson
1630544,O,-0.8301314914542884,0.9073257185907547,-0.9149211517376987,3,7242.0,Tre Mann
1630547,O,-1.0555093425486757,1.4641828788129476,-0.7208862757665937,1,1081.0,James Bouknight
1630548,O,-1.1767459778977714,1.6066134048058134,-0.7324387898033262,1,2643.0,Johnny Juzang
1630549,O,0.9495826149028657,0.8644457304311227,1.0984872519750695,3,4804.0,Day'Ron Sharpe
1630550,O,-0.11589702090340766,1.0887214752714218,-0.10645240636455174,2,3622.0,JT Thor
1630551,O,1.5063109957716658,1.5850826750728342,0.9503043717908601,1,2814.0,Justin Champagnie
1630552,O,-1.0220465328323523,0.8922186781562039,-1.1455112494892412,3,8990.0,Jalen Johnson
1630553,O,-0.3922035787551032,1.0769555885956406,-0.3641780430951104,2,5300.0,Keon Johnson
1630556,O,0.6548125174360526,1.087853348443415,0.6019308745733137,2,3286.0,Kessler Edwards
1630557,O,0.7359065457089414,0.7745589418398094,0.9500975406222062,4,15655.0,Corey Kispert
1630558,O,-0.2671733156189867,0.7597855371123907,-0.35164306579774407,4,13642.0,Davion Mitchell
1630559,O,0.43087131168743653,0.7634690112835939,0.5643599220393078,4,17543.0,Austin Reaves
1630560,O,-0.3285900296787667,0.7807007460232546,-0.42089114344074047,4,10161.0,Cam Thomas
1630563,O,-0.23604369886581547,1.5853648031524212,-0.1488892010195092,1,1988.0,Joshua Primo
1630567,O,-0.6458693872650813,0.7657651208067601,-0.8434301455054984,4,19388.0,Scottie Barnes
1630570,O,-0.3312234985891782,0.7760568364045985,-0.4268031451455371,4,7800.0,Trendon Watford
1630572,O,0.011695131288322549,1.0752413230662434,0.010876750211730875,2,2776.0,Sandro Mamukelashvili
1630573,O,0.5390957680017695,0.9034610000903288,0.5967006522117394,3,9224.0,Sam Hauser
1630577,O,0.31370415836395193,1.0935618144334962,0.28686458709831764,2,7095.0,Julian Champagnie
1630578,O,0.2622715400014669,0.7440063339418117,0.35251250968782616,4,16578.0,Alperen Sengun
1630579,O,-0.311519614607625,0.7382924051442767,-0.4219461184173336,4,5095.0,Jericho Sims
1630581,O,-0.10635499740912771,0.7676409715936281,-0.13854783856616457,4,17160.0,Josh Giddey
1630583,O,0.03755021956694609,0.9012757148993988,0.0416634099268252,3,10375.0,Santi Aldama
1630586,O,-0.6794027246766925,1.4767772453257422,-0.4600576876621852,1,2023.0,Usman Garuba
1630587,O,0.5656640113449459,1.59190485999401,0.3553378254948442,1,2437.0,Isaiah Livers
1630590,O,-0.9782210077809432,1.0700294968716966,-0.9142000390090538,2,4694.0,Scotty Pippen Jr.
1630591,O,-0.9831017658959604,0.763587439754136,-1.2874776544419129,4,11486.0,Jalen Suggs
1630592,O,1.2219740724285206,1.081440779368917,1.129950058977444,2,5347.0,Jalen Wilson
1630595,O,0.7814705769519316,0.8631959990362926,0.9053222881296916,3,13633.0,Cade Cunningham
1630596,O,-0.7220018075430892,0.7505710336561116,-0.9619366790990339,4,17696.0,Evan Mobley
1630598,O,1.479173698920154,0.799652856803327,1.8497697923987457,4,11365.0,Aaron Wiggins
1630611,O,2.4744984695874552,1.5647033215634791,1.581448978528973,1,1537.0,Gui Santos
1630613,O,0.9411255505815843,1.5492742632641068,0.6074621988483581,1,2032.0,Duane Washington Jr.
1630625,O,-0.2856820592971515,0.9048789995198144,-0.3157129952720224,3,5848.0,Dalano Banton
1630631,O,1.0891638403998372,0.778887729402975,1.398357939512915,4,9359.0,Jose Alvarado
1630639,O,0.9588813187925609,1.4199296721977595,0.6753019797863719,1,1029.0,A.J. Lawson
1630643,O,-0.6944567927232314,1.5307025711970514,-0.4536849978504623,1,1620.0,Jay Huff
1630647,O,1.605370051776774,1.5467381526125568,1.0379068034658507,1,1307.0,Eugene Omoruyi
1630678,O,1.6005986264078695,1.529176258279548,1.0467064327879885,1,1488.0,Terry Taylor
1630688,O,2.549370152208314,1.5616513464373414,1.6324835617273317,1,1896.0,Ish Wainright
1630692,O,-0.6913178797113142,0.8871062737941495,-0.7792954464796543,3,5514.0,Jordan Goodwin
1630695,O,-0.2019247456856715,1.5562405779705877,-0.12975162615859243,1,1443.0,Micah Potter
1630699,O,-0.33446837428215526,1.0887946753086994,-0.3071914125473891,2,2765.0,MarJon Beauchamp
1630700,O,-0.2285859511806457,0.8967874983683177,-0.2548942214254236,3,10461.0,Dyson Daniels
1630702,O,-0.6797766947877637,0.9068532084333176,-0.7495994814443542,3,5477.0,Jaden Hardy
1630703,O,0.5604243804187865,1.11366801321227,0.5032239175140673,2,7271.0,Scoot Henderson
1630811,O,0.2686121836173086,1.455344065264389,0.18456953927833583,1,1048.0,Keaton Wallace
1631093,O,-0.44329280763311735,0.8822372335690402,-0.5024644061323525,3,11169.0,Jaden Ivey
1631094,O,-0.7730051849683317,0.8252590670602581,-0.9366818443109441,3,13835.0,Paolo Banchero
1631095,O,-0.9142068131426141,0.8838317638179998,-1.0343674560794234,3,13493.0,Jabari Smith Jr.
1631096,O,1.1534274837500542,1.0729416834538508,1.075014142462166,2,6914.0,Chet Holmgren
1631097,O,-0.5635886549089519,0.8905447563472834,-0.6328583160947509,3,12454.0,Bennedict Mathurin
1631098,O,-0.9302329080272179,1.5109396481085429,-0.6156651651783195,1,1319.0,Johnny Davis
1631099,O,-0.1864184858831392,0.8733661348158217,-0.2134482646530046,3,15596.0,Keegan Murray
1631100,O,2.2893285680554114,1.5750514928371986,1.4534944276212576,1,2939.0,AJ Griffin
1631101,O,-0.14151057892677096,0.8893430026563351,-0.15911811135197548,3,10449.0,Shaedon Sharpe
1631103,O,-0.34656081241965087,1.11250070733729,-0.3115151389423611,2,6649.0,Malaki Branham
1631104,O,-0.3643584347704392,0.8708754497102822,-0.4183817960325462,3,4713.0,Blake Wesley
1631105,O,0.45488473688174674,0.8301606182468527,0.5479478632007142,3,11294.0,Jalen Duren
1631106,O,1.4424491382013211,1.095842181670489,1.3162927676341756,2,6635.0,Tari Eason
1631107,O,0.36671661536101224,1.119957008833705,0.32743811813178586,2,4112.0,Nikola Jović
1631108,O,-0.4360344255295145,0.8883634229769355,-0.4908288817974389,3,7458.0,Max Christie
1631109,O,0.15835281543294968,0.8283349501259903,0.19117002778750808,3,5167.0,Mark Williams
1631110,O,0.22224032605494973,0.8991950524621933,0.2471547474003632,3,10501.0,Jeremy Sochan
1631111,O,-2.04862428253276,1.499283429501824,-1.3664022707257353,1,1020.0,Wendell Moore Jr.
1631114,O,-1.7462903575188609,0.8823218490952052,-1.9791988142531318,3,14190.0,Jalen Williams
1631115,O,-2.0408820324341694,1.5351248202377037,-1.3294567357188276,1,1607.0,Orlando Robinson
1631116,O,0.41865406255745047,1.4517997249830805,0.2883690190548352,1,1057.0,Patrick Baldwin Jr.
1631117,O,0.002884976974563622,0.8733466827873886,0.003303358255573696,3,10207.0,Walker Kessler
1631119,O,-0.007093999049922854,0.8909002426936375,-0.007962731078031972,3,5389.0,Jaylin Williams
1631121,O,-0.6999210309575313,1.096509636219682,-0.6383172640147273,2,3437.0,Bryce McGowens
1631124,O,-1.0109774151033635,1.078827528365887,-0.9371075436262765,2,4050.0,Julian Strawther
1631128,O,0.3136408964845181,0.8740721340177627,0.3588272458050291,3,11313.0,Christian Braun
1631132,O,0.5279555926397415,1.5845276877329122,0.333194299302603,1,1655.0,Christian Koloko
1631133,O,0.09786080934484208,0.8749666295010632,0.11184519048531687,3,6350.0,Jabari Walker
1631157,O,0.10060481246556996,1.5389205872470662,0.0653736218095173,1,1711.0,Ryan Rollins
1631165,O,1.6895288559817414,1.1186163985793345,1.5103737600552587,2,5908.0,Keon Ellis
1631170,O,0.35500345040929915,1.1079423971433868,0.320416883878265,2,7014.0,Jaime Jaquez Jr.
1631172,O,0.1848634415834009,1.512948920433935,0.12218749693834968,1,1192.0,Ousmane Dieng
1631200,O,-0.6898229099173594,1.0969214284441253,-0.6288717605743239,2,4918.0,Kris Murray
1631204,O,0.4883723400291229,1.0903814809279933,0.4478912642697149,2,4499.0,Marcus Sasser
1631207,O,-0.9131068903331463,1.1184855109687841,-0.8163779337134661,2,3502.0,Dalen Terry
1631212,O,-1.6191543249255913,1.0777975083181806,-1.5022806347475752,2,6476.0,Peyton Watson
1631213,O,-1.2278191719554783,1.5607434101225441,-0.7866886792487396,1,2633.0,Tyrese Martin
1631216,O,-0.4423581232465565,0.9003575504340436,-0.49131383752299834,3,4833.0,Caleb Houstan
1631217,O,0.624932144005887,1.5602691548616912,0.4005284229702558,1,2449.0,Moussa Diabaté
1631218,O,-0.4436991819715248,1.0984724520375861,-0.40392381360906704,2,4319.0,Trayce Jackson-Davis
1631222,O,0.6963402504872449,1.1054582205885617,0.62991096137175,2,4516.0,Jake LaRavia
1631223,O,-0.05707042731352794,1.1240697237310773,-0.05077125209288306,2,5069.0,David Roddy
1631243,O,0.55519287163538,1.485022106902962,0.37386168802109204,1,1117.0,Mouhamed Gueye
1631246,O,1.4911739836796098,1.0931796575910784,1.3640703733598085,2,3986.0,Vince Williams Jr.
1631255,O,1.3357109935716207,1.5112994314570036,0.883816248302229,1,1639.0,Karlo Matković
1631260,O,0.21187746144508296,1.0969805961814354,0.19314604304089206,2,4673.0,AJ Green
1631288,O,-0.09993139337202414,1.4493233249806943,-0.06895037956651617,1,1026.0,Jamal Cain
1631323,O,-0.8009635887545901,0.8941431052617493,-0.8957890342621586,3,7698.0,Simone Fontecchio
1631367,O,1.046297348428274,1.55845603990023,0.6713678933768683,1,1382.0,Jacob Gilyard
1641705,O,-0.9515132499526623,1.0775126978877503,-0.8830645354044692,2,7573.0,Victor Wembanyama
1641706,O,-0.9507947972358196,1.068468912609062,-0.8898665988457282,2,6670.0,Brandon Miller
1641707,O,0.27050700057684307,1.5325045243243096,0.17651301923308266,1,1772.0,Taylor Hendricks
1641708,O,0.22891811374404886,1.106047656209447,0.20696948495743633,2,7457.0,Amen Thompson
1641709,O,-0.2002693583807345,1.1109625567713552,-0.18026652397966594,2,6064.0,Ausar Thompson
1641710,O,-1.5958683556737403,1.086411572514634,-1.4689353427816547,2,6158.0,Anthony Black
1641711,O,-0.6104103401582203,1.1029747565218684,-0.5534218589762601,2,5945.0,Gradey Dick
1641712,O,0.2653977558130093,1.4781941627104553,0.17954187785883896,1,1292.0,Rayan Rupert
1641713,O,-0.10472793894688406,1.5476687488468304,-0.06766818741085065,1,2537.0,GG Jackson
1641715,O,1.0319279513189048,1.0911829231731223,0.9456965733280484,2,3575.0,Cam Whitmore
1641716,O,-2.377383144014941,1.5812285938078001,-1.5035037649362886,1,2494.0,Jarace Walker
1641717,O,-0.8571810260330953,1.1077111670851754,-0.7738308067153249,2,7410.0,Cason Wallace
1641718,O,-0.9629322055605302,1.0737145565036879,-0.896823275541783,2,8562.0,Keyonte George
1641722,O,-1.1413828114054771,1.1063001936579664,-1.0317116619418736,2,5111.0,Jordan Hawkins
1641724,O,-1.3922801841335068,1.5512427190079494,-0.8975256850996843,1,1433.0,Jett Howard
1641726,O,1.8568516846989083,1.0808733941159625,1.7179178383029883,2,4367.0,Dereck Lively II
1641729,O,0.25209093791735454,1.092951623414372,0.23065150599239198,2,4249.0,Brice Sensabaugh
1641730,O,-2.1425212048233497,1.6046295011782954,-1.3352123984072803,1,2090.0,Noah Clowney
1641731,O,-1.115004298531121,1.0861192363817307,-1.0265947431753601,2,7765.0,Bilal Coulibaly
1641732,O,0.39893028993287893,1.418233146999326,0.28128681858616056,1,1043.0,Colby Jones
1641733,O,-2.283473672569168,1.0954164433052054,-2.084571293890049,2,4240.0,Nick Smith Jr.
1641737,O,-0.014111663718525238,1.5051400267898054,-0.009375648422972907,1,1864.0,Adem Bona
1641739,O,0.09212508412072462,1.0876250880402836,0.08470297819878211,2,8743.0,Toumani Camara
1641740,O,1.1698869368904643,1.5113764229853808,0.7740539809266168,1,1102.0,Jaylen Clark
1641741,O,1.340388677454023,1.5709897305080835,0.85321288320613,1,2550.0,Ricky Council IV
1641744,O,3.0034954704891703,1.5212329330151273,1.9743823613758849,1,2993.0,Zach Edey
1641748,O,-0.2799632794398252,1.101993233380458,-0.25405172278691224,2,3211.0,Andre Jackson Jr.
1641763,O,1.9795565051679174,1.5866878380176872,1.2476029989875366,1,2373.0,Julian Phillips
1641764,O,1.2708454049335025,1.1013509582560972,1.1538968531391542,2,7525.0,Brandin Podziemski
1641765,O,-2.8096546935876043,1.5344903069412164,-1.8310019169741405,1,1218.0,Olivier-Maxence Prosper
1641767,O,0.79865186923964,1.089728481803762,0.732890699449903,2,4299.0,Ben Sheppard
1641774,O,-1.0631912990590884,1.415951538249994,-0.7508670108675541,1,1072.0,Tristan Vukcevic
1641783,O,-1.1468404775566456,1.5716880679628782,-0.7296870803651943,1,3217.0,Tristan da Silva
1641787,O,0.1369756005075606,1.4972329895408814,0.09148582850125649,1,1330.0,Tosan Evbuomwan
1641794,O,-1.842115491010059,1.475664055821921,-1.248329851054094,1,1151.0,Dillon Jones
1641796,O,0.35157561507750745,1.591322574651277,0.22093296524405298,1,1559.0,Pelle Larsson
1641810,O,1.0768839566930997,1.4937412331951359,0.7209307293403343,1,1365.0,Antonio Reeves
1641824,O,-0.22535367727123806,1.5712849177383261,-0.1434199964164407,1,3261.0,Matas Buzelis
1641842,O,0.12476032008420401,1.5294450146800642,0.08157228202826364,1,2594.0,Ronald Holland II
1641854,O,-0.1966465532772117,1.0406633735323596,-0.18896269271947905,2,2336.0,Craig Porter Jr.
1641871,O,2.0888932161379907,1.5218799122782132,1.372574274280928,1,2437.0,Duop Reath
1641998,O,0.5973917299714956,1.458176644240403,0.40968406148261305,1,1153.0,Trey Jemison III
1642258,O,-0.2711281385287437,1.5501557890770337,-0.17490380027556715,1,3923.0,Zaccharie Risacher
1642259,O,-1.3939960658027717,1.460157572815756,-0.9546887895904281,1,3851.0,Alex Sarr
1642261,O,1.9300603303545913,1.5853380508951416,1.2174440203872017,1,2988.0,Dalton Knecht
1642262,O,-3.132571398437485,1.6085222085062842,-1.9474840831364542,1,2227.0,Cody Williams
1642263,O,-1.8021776274504218,1.5035815250607814,-1.1985898984609895,1,1389.0,Reed Sheppard
1642264,O,0.15372628851459955,1.5632915413069102,0.09833500946732208,1,4496.0,Stephon Castle
1642265,O,0.6666995866415492,1.4547134748666581,0.4583030254137573,1,1067.0,Rob Dillingham
1642266,O,0.8771014713334273,1.5989112076281795,0.5485617132139046,1,2276.0,Ja'Kobe Walter
1642267,O,-2.2745932924388184,1.5164475165973625,-1.4999485755646853,1,5178.0,Bub Carrington
1642268,O,0.06112648959718188,1.5514300247348294,0.0394000945080521,1,3842.0,Isaiah Collier
1642270,O,-1.1388994094553735,1.5277251245105776,-0.7454871240794915,1,2717.0,Donovan Clingan
1642271,O,-0.34644166039796054,1.5406599450143272,-0.22486575413287507,1,3188.0,Kyle Filipowski
1642272,O,1.0665162123020981,1.5076125728079772,0.7074206142468533,1,1178.0,Jared McCain
1642273,O,-0.5046203094070593,1.565871413842992,-0.3222616524869116,1,3787.0,Kyshawn George
1642274,O,-1.0261903588175294,1.4681191058166587,-0.6989830421467738,1,3987.0,Yves Missi
1642275,O,-3.544721024859975,1.5829817352431674,-2.2392684299136643,1,2505.0,Tidjane Salaün
1642276,O,0.9628191567751537,1.5422059585480359,0.6243129534278506,1,2859.0,Kel'el Ware
1642345,O,-0.9049388566792664,1.5264958306370828,-0.5928210470785172,1,2117.0,Oso Ighodaro
1642346,O,-0.2566583696630685,1.5876411117667397,-0.16166019370552642,1,2803.0,Ryan Dunn
1642347,O,-0.3305132273003391,1.5460161399063332,-0.21378381426235535,1,3051.0,Jamal Shead
1642348,O,0.8399718096897333,1.5782835606995942,0.5322058916443412,1,2355.0,Justin Edwards
1642349,O,-2.0594198379973676,1.5460738384865942,-1.332032006966286,1,1217.0,Ajay Mitchell
1642354,O,-0.9831459395963127,1.5372532561454417,-0.6395471505205879,1,1683.0,KJ Simpson
1642358,O,0.26395295217320325,1.4498866392167813,0.18205075144067043,1,1316.0,AJ Johnson
1642366,O,-1.186293045670469,1.5306937929773814,-0.7750034991407315,1,1383.0,Quinten Post
1642367,O,-1.4741177705686852,1.572135283829594,-0.9376532577895292,1,2691.0,Jonathan Mogbo
1642377,O,1.3833431750198235,1.540076640035974,0.8982300874244223,1,4373.0,Jaylen Wells
1642419,O,-0.8611622257267065,1.5709969654589777,-0.5481628829722863,1,2167.0,Jamison Battle
3,D,0.8410913421746196,0.6457957613368855,1.302410750472325,5,12061.0,Grant Long
7,D,0.5241270536981936,1.467503291419192,0.35715562395183537,1,2242.0,Dan Schayes
15,D,0.31447051040025,0.5162004464568756,0.6092023216150424,8,22041.0,Eric Piatkowski
17,D,-0.6713685385184914,1.3788216380763316,-0.4869147103429229,1,4730.0,Clyde Drexler
21,D,-0.21464000262035948,0.5949776292963417,-0.36075306373149924,5,10794.0,Greg Anthony
22,D,-0.36251962611390287,0.7611482172511683,-0.4762799385159388,3,9747.0,Rik Smits
23,D,-1.787034714890959,0.9753393850747994,-1.8322183459800612,2,6503.0,Dennis Rodman
26,D,-0.03987749400574046,0.8316266857531918,-0.04795119575753394,3,7603.0,Luc Longley
28,D,1.6504094366058808,1.0180940390612787,1.6210775952756002,2,2469.0,Doug West
29,D,-0.8465113756573321,1.0077676129648563,-0.8399866841988426,2,4282.0,Jim McIlvaine
35,D,-0.2599511736572625,1.3996736563925456,-0.18572270219563086,1,1043.0,Eric Riley
42,D,-0.25841882194293614,0.7351416872257829,-0.351522470339202,4,10493.0,Monty Williams
43,D,-0.22429108206365303,0.6274785947370116,-0.35744818061508177,5,14342.0,Chris Whitney
45,D,-0.8920074314173664,0.6544639074277192,-1.3629589367628836,5,16392.0,George McCloud
51,D,0.740367660851113,1.4014657925811653,0.5282809361244077,1,1053.0,Mahmoud Abdul-Rauf
53,D,-0.2411976256771993,0.6959123829890842,-0.34659194400479953,4,13254.0,Mario Elie
54,D,1.205070417423052,0.9962361169355773,1.209623298068985,2,5743.0,Dickey Simpkins
56,D,-0.05944284528950312,0.4074062539993634,-0.1459055787827842,10,52692.0,Gary Payton
57,D,-0.01236350525086459,0.490841193865799,-0.025188401881046884,8,38999.0,Doug Christie
63,D,-0.45042860291248216,0.7198532500667457,-0.6257228162416685,4,9386.0,Michael Smith
64,D,0.24394961328969703,0.6865056925918334,0.3553497311416162,4,9501.0,Sam Perkins
65,D,1.3569682986107068,1.0154215851691246,1.3363595165102733,2,3737.0,Greg Minor
67,D,-0.06907151713342025,1.0232790591799268,-0.06750017652933828,2,3571.0,Tom Hammonds
70,D,-0.19645456566856187,0.6368922985970416,-0.3084580644189225,5,7990.0,Steve Kerr
71,D,-2.6383367991481532,1.365243880732319,-1.9325021971407372,1,2443.0,Pooh Richardson
72,D,-0.43515373582447014,0.48463214257080844,-0.897905230792427,8,22170.0,Kenny Anderson
73,D,0.6961872630853856,1.4954041740340218,0.46555123703268914,1,2532.0,Hot Williams
76,D,-0.08318370333997382,0.855765822028896,-0.0972038158088125,3,7127.0,Cedric Ceballos
77,D,-0.03734741394044308,1.4685040071285156,-0.025432286026560794,1,1953.0,Doug Overton
84,D,-0.22830628168175038,0.4802894488720804,-0.4753514411318187,8,37223.0,Latrell Sprewell
85,D,-0.07372370562752456,0.9789321103852529,-0.07531033546188513,2,4125.0,Brent Price
87,D,0.9793464342577828,0.4096160181628406,2.3908890053915055,11,35732.0,Dikembe Mutombo
89,D,-0.6988452132465046,0.45543831802054396,-1.5344453586687035,9,34423.0,Nick Van Exel
93,D,-0.6993776269870696,0.656270354272866,-1.0656852354118078,5,16406.0,Hubert Davis
95,D,0.07624158518741753,0.847502483698993,0.08996030885320239,3,7623.0,Mark Bryant
96,D,0.45660814129385874,0.7955150995441952,0.5739779691868585,3,11573.0,Detlef Schrempf
98,D,0.16681285881357674,0.7981614619229848,0.20899638327773917,3,10622.0,Nick Anderson
103,D,1.8097740886267273,1.5072254088224506,1.200732205039357,1,1923.0,Todd Day
105,D,0.02733194687909361,0.6389168654872694,0.04277856534315919,5,15518.0,Dan Majerle
107,D,-0.6972027509915881,0.8233728906936282,-0.8467642776096849,3,6985.0,Dale Ellis
109,D,0.7082347364085638,0.4333770599522853,1.6342229477641024,11,31308.0,Robert Horry
111,D,0.45232158498271735,0.6510335674405353,0.6947745978152376,5,15592.0,LaPhonso Ellis
120,D,-0.8881879670082201,0.49746811508687605,-1.7854168741108365,8,26797.0,Steven Smith
121,D,-0.240868038166993,0.6373581125707883,-0.3779163290092129,5,13609.0,Patrick Ewing
123,D,-0.4823144281903848,1.0194984285635487,-0.47308991821591667,2,3925.0,Robert Pack
124,D,0.7961210925567554,0.5137997259434024,1.54947745660038,7,30841.0,Vlade Divac
128,D,1.5578690287021655,1.4796504233579442,1.0528628952551582,1,2183.0,David Benoit
133,D,-0.16509498344375803,0.4507066852619839,-0.3663024952642819,9,43445.0,David Wesley
134,D,-1.6711605680102124,1.5092734306965934,-1.1072616359773202,1,2474.0,Kevin Johnson
136,D,0.047737106534167344,0.4369449338286884,0.10925199684975288,10,44061.0,P.J. Brown
137,D,0.3159439911162353,0.7128273400027793,0.4432265338125267,4,6501.0,Vernon Maxwell
143,D,0.36490616132692794,1.440454265195006,0.25332714140530355,1,2717.0,Terry Dehere
145,D,-1.1024840707040984,0.7233399308357868,-1.5241576245213333,4,10391.0,Tracy Murray
146,D,-0.06531199475025225,0.6482402983242092,-0.10075275313659578,5,7341.0,Jud Buechler
147,D,-0.19845588866510852,0.45080924772159203,-0.4402214232918081,9,43370.0,Jalen Rose
156,D,0.8035029864480614,1.4631623651058105,0.5491550395297072,1,2004.0,Antoine Carr
157,D,-1.4764008830765356,0.9503849615151317,-1.5534766887754765,2,5330.0,Derek Harper
164,D,0.10208353100380059,0.6269920505281379,0.16281471338880926,5,14769.0,Chris Childs
165,D,0.5465000952498177,0.6303583864645663,0.8669672792249549,5,13996.0,Hakeem Olajuwon
166,D,-0.3136238996034472,0.7010605329740706,-0.44735637630744635,4,12292.0,Ron Harper
168,D,0.1663687377611256,0.7183848634608846,0.23158719820407828,4,10337.0,Chris Mills
173,D,0.490182637236068,1.4549206154050498,0.3369136652858556,1,1268.0,Keith Askins
177,D,0.7865792246588228,0.7949890534732158,0.9894214533173112,3,7651.0,Muggsy Bogues
178,D,-0.23951690551315918,0.6857003680944544,-0.34930257683654325,4,11967.0,Olden Polynice
179,D,-0.21103595954344911,0.6443090394932617,-0.32753841186121707,5,11111.0,Bryant Stith
180,D,1.4871529486904211,0.9801801200472758,1.5172241491887155,2,3401.0,John Crotty
182,D,0.9766296650917438,0.8452051293588295,1.1554942476894485,3,8736.0,Billy Owens
183,D,-0.4027668080157574,0.9619285999917828,-0.41870759224665743,2,6871.0,Bison Dele
184,D,-0.6446927039069816,0.8166396896778373,-0.7894457152349669,3,8239.0,Bobby Phills
185,D,-0.3667224637593424,0.44265224573722395,-0.8284662899395828,10,45303.0,Chris Webber
187,D,0.30890551783674525,1.0074512033069956,0.3066208237408934,2,4109.0,Terry Cummings
192,D,-0.42060835774385874,0.841252867059276,-0.49997851325506626,3,8109.0,Dennis Scott
193,D,-0.813993236801063,0.5928438093809287,-1.373031520141987,5,28004.0,Anthony Mason
195,D,1.119709938494563,1.3228981338942811,0.8464067714710709,1,3532.0,Lee Mayberry
197,D,0.8837115939128488,0.8417927494212762,1.0497971080416069,3,6067.0,Scott Burrell
198,D,0.25212612136700063,0.5905622144778874,0.42692558918606716,6,12339.0,Danny Ferry
201,D,1.5252856754269226,0.8207668320008289,1.858366610293753,3,3928.0,Chris Dudley
204,D,-0.6366813025885352,0.7205957740986262,-0.8835484823442694,3,11470.0,Jeff Hornacek
208,D,-0.3809068751221519,0.43326238467652256,-0.8791598084531161,10,44714.0,Sam Cassell
209,D,-0.6129115335669547,0.6561410179386173,-0.9341155587140769,5,9062.0,Dell Curry
210,D,-0.5849553288424024,0.597668510019038,-0.9787287083667323,5,18120.0,Terrell Brandon
213,D,0.06648238419927423,0.464600392198832,0.14309584175043527,9,35618.0,Antonio Davis
216,D,-0.34500113118312326,0.6526408787342607,-0.5286232328140745,5,11955.0,Brian Shaw
219,D,-0.9072110054387362,0.7140395502553109,-1.2705332710412964,4,9313.0,Vinny Del Negro
221,D,-0.05567618734991639,0.5316376461649094,-0.10472581795429536,7,23356.0,Clar. Weatherspoon
224,D,0.5930617195095338,0.4289347702941624,1.3826384816106505,11,47948.0,Eddie Jones
228,D,0.2726669744298616,0.6975737829369733,0.3908790454851389,4,7794.0,Adam Keefe
234,D,1.7120926618972596,1.4671613761582056,1.166942293955701,1,3618.0,Khalid Reeves
236,D,2.2224829135067705,1.452124514493365,1.5305043688227917,1,1270.0,Kevin Edwards
238,D,-0.27784260953130213,0.5909573666411151,-0.4701567747780261,6,18600.0,Tyrone Hill
239,D,0.11904382362209671,0.7566264569733978,0.15733500001875056,3,8000.0,Darrick Martin
243,D,0.8278585730557176,0.5248867391751731,1.5772137325409399,8,27401.0,Aaron McKie
244,D,-0.40228979718661734,0.8275819862272975,-0.48610265071203157,3,7464.0,Dee Brown
247,D,-1.1071071799794376,0.9953469430387764,-1.1122826947149296,2,6298.0,Joe Dumars
248,D,0.8339844415425497,0.5145003591989957,1.6209598820124158,8,24442.0,George Lynch
251,D,-0.30294108674583,0.7901939864263198,-0.38337559124676684,3,7040.0,Sean Elliott
252,D,-1.0219272336708032,0.47395196546611695,-2.1561831327479983,7,34244.0,Karl Malone
255,D,0.17718072785993377,0.3922975583846985,0.4516488162441867,13,49020.0,Grant Hill
258,D,0.18833956153603562,0.5039182225140534,0.3737502497853869,8,29154.0,Brian Grant
262,D,2.2163733872523337,1.4450682516183326,1.5337499697818535,1,2280.0,Michael Cage
265,D,-0.3609579496270267,1.03608058364199,-0.3483879104829872,2,3231.0,Harvey Grant
270,D,0.05260343064212935,0.5569448208503196,0.09444998619758538,6,24406.0,Horace Grant
271,D,0.1724496317702058,0.6392828634668338,0.2697548168818583,5,14687.0,Johnny Newman
275,D,-0.3273546433781327,0.48414348300286014,-0.6761521219861154,8,35646.0,Allan Houston
278,D,-0.05381049548310568,0.5217669418110483,-0.10313128558189205,8,16069.0,Stacey Augmon
280,D,0.21103773252679053,1.3801178237894323,0.1529128375049441,1,1582.0,Felton Spencer
281,D,0.4233860015038804,0.6037941874976731,0.7012091376012327,6,10984.0,Scott Williams
283,D,0.23225447712000255,0.4651519330149716,0.499308850797632,9,26717.0,Lindsey Hunter
288,D,0.06128938163874243,0.8045311691921206,0.07618024507401855,3,6702.0,Armen Gilliam
289,D,2.2216402328960525,1.409189929009307,1.5765371204844734,1,1080.0,Ledell Eackles
296,D,0.012678962376669793,0.5152290139627117,0.024608401376998924,7,24743.0,Rick Fox
297,D,0.4860252495855243,0.5258248877887444,0.9243100904360199,7,22920.0,Alonzo Mourning
299,D,-0.783433911792526,0.5283963637872175,-1.482663329053511,7,30549.0,Glenn Robinson
302,D,0.6335462887917869,0.5969987783636255,1.0612187357038454,5,18930.0,Mookie Blaylock
304,D,0.6201608583135814,0.5051135947920103,1.227765129879238,6,24340.0,John Stockton
310,D,0.3712228421945505,1.465348968247041,0.25333408644538424,1,1700.0,Bobby Hurley
317,D,-0.41713799419996406,0.6405365748865357,-0.6512321240576397,5,15405.0,John Starks
323,D,-1.0720972823716741,1.0381210422178653,-1.0327285921121696,2,4048.0,Greg Foster
324,D,-0.3112022208164788,0.5064478045754557,-0.6144803432949086,8,24088.0,Anthony Peeler
328,D,1.2769514407547864,1.4189858562243198,0.8999042768139615,1,1340.0,Rick Mahorn
330,D,0.656250434134675,0.6473200764020856,1.013795891797804,5,11543.0,Danny Manning
339,D,0.002383786390799096,0.5489589653433127,0.004342376281819722,7,17383.0,Tom Gugliotta
341,D,1.9574561166671531,1.4278746745636512,1.3708879018148692,1,1158.0,Joe Wolf
344,D,-0.29955336113278,0.6076833252052065,-0.49294319706999506,5,11173.0,Dana Barros
345,D,0.40950124095883994,0.640170178603682,0.6396755966546747,5,14678.0,Terry Porter
348,D,2.3950292069268673,1.4361406296961423,1.6676843182367216,1,1110.0,Mitchell Butler
349,D,-0.18469369434177035,0.4590375043980661,-0.40234990076455385,7,24630.0,Mark Jackson
353,D,0.0293601146461475,0.4203883545356258,0.06984045663819495,11,36853.0,Darrell Armstrong
356,D,-0.07230691773750991,0.9801148029299437,-0.07377392681077406,2,2063.0,Chris Morris
358,D,0.1591898229461653,0.5320490819848167,0.2992013863689143,7,23135.0,Anfernee Hardaway
359,D,0.15891568528649494,0.8444784890963924,0.18818204055918306,3,6668.0,Chucky Brown
361,D,-0.675265067936028,0.44742678116399737,-1.509219153532341,10,43325.0,Clifford Robinson
363,D,-0.11831966725406214,0.5437497670328918,-0.21759948128291318,7,22429.0,Christian Laettner
364,D,-0.49063716426338855,0.8233932349588527,-0.595872231434968,3,8514.0,Rex Chapman
365,D,-0.4179909051630984,0.735085550117027,-0.5686289236627675,4,6947.0,Derrick McKey
369,D,0.36881810056077957,0.5148188699901586,0.7164036169999557,7,20984.0,Charlie Ward
371,D,0.5626523055897654,1.0198098155007789,0.5517227791276693,2,5166.0,Terry Mills
375,D,-0.9322675442080275,0.6968604865404296,-1.3378108849825572,4,14250.0,Isaiah Rider
376,D,-0.7597520215115474,0.7058416646310756,-1.0763774081098618,4,4858.0,Eric Montross
381,D,-1.060319001795225,1.4770207956329136,-0.7178768267381578,1,2422.0,James Robinson
383,D,-0.3197537075930616,0.5401311071213757,-0.5919927650477055,7,24068.0,Kendall Gill
384,D,0.11885271071603813,0.5498227938111614,0.21616548468679622,7,23581.0,Calbert Cheaney
386,D,0.05204835517302141,0.797552816142379,0.06526007321342056,3,5898.0,Elliot Perry
389,D,0.41887795939988476,0.48577256839198846,0.8622923290758487,9,26858.0,Toni Kukoc
393,D,-0.5110467971017357,0.4987754882891639,-1.0246028706315606,7,24158.0,Rod Strickland
397,D,-0.1475019455343422,0.46833400699624167,-0.3149503203501639,8,38130.0,Reggie Miller
399,D,0.5553868108281463,0.6409307619590879,0.8665316814105389,5,10094.0,Sean Rooks
400,D,1.370175702445069,0.980069265040468,1.3980396603789969,2,4345.0,Derek Strong
406,D,-0.33714017020030146,0.37069534267273463,-0.9094804584527595,14,55086.0,Shaquille O'Neal
417,D,-0.5096648895225064,0.6492459095210641,-0.785010551546603,5,12610.0,Sam Mitchell
420,D,1.5218146641551147,0.9700402797883058,1.5688159511141373,2,6409.0,Jayson Williams
422,D,-0.6997506984207651,0.5380218377453253,-1.3005990636982188,6,19135.0,Avery Johnson
423,D,-0.29400548766075396,0.6487696500319283,-0.4531739233582904,5,12567.0,Chris Gatling
426,D,0.778890648220303,0.9684919383448207,0.8042303888986917,2,4245.0,Terry Davis
428,D,0.47048306215892427,0.7947859899402001,0.5919619471328672,3,6871.0,Sherman Douglas
431,D,-0.11665587064680596,0.5684871204459647,-0.20520406962833598,6,20473.0,Shawn Kemp
432,D,-0.35197295595579214,0.8287923389432379,-0.4246817199162093,3,5322.0,Pete Chilcutt
433,D,-0.8451725842346305,1.4334610762689775,-0.5896027441738785,1,1376.0,Buck Williams
435,D,-0.49445795113812185,1.007765218524947,-0.49064796249056264,2,3210.0,Carlos Rogers
436,D,-0.29207495113444915,0.4044723373078966,-0.7221135395277053,12,50599.0,Juwan Howard
440,D,1.2384934627290143,1.0558099358100475,1.1730269063804621,2,3307.0,Zan Tabak
441,D,0.20329836029764697,0.5365421452354505,0.378904736753594,7,23759.0,Lamond Murray
445,D,-0.8031575219155028,0.49717162908550905,-1.6154532457791693,8,26951.0,Wesley Person
446,D,0.2271722792677556,0.5039575296184283,0.4507766347687258,8,21082.0,Lucious Harris
448,D,1.0290902744220318,0.5379797427080047,1.9128792270912391,7,26646.0,Bo Outlaw
452,D,-0.4969732341051583,0.53862518145136,-0.9226698847722495,7,24587.0,Vin Baker
456,D,-0.2546877966454629,1.0144274036755012,-0.25106557228508525,2,4577.0,Chuck Person
457,D,-0.6499116824462573,1.4292555805949423,-0.45472040919072354,1,1336.0,Andrew Lang
458,D,-0.37601376451998125,0.4780330580419846,-0.7865852752111483,8,24537.0,Howard Eisley
461,D,0.8644739109727093,1.0088207593086698,0.8569152676488544,2,4784.0,Popeye Jones
462,D,0.6800111768433327,0.8204136869646714,0.8288637642787342,3,5244.0,J.R. Reid
467,D,-0.09858757474816299,0.3273561304944539,-0.3011630623787364,16,81896.0,Jason Kidd
468,D,0.3237282884518575,0.536994808621431,0.6028518027631037,7,17532.0,Jon Barry
469,D,-0.23333487976195041,0.5267206382184573,-0.4429955138100642,7,26428.0,Jamal Mashburn
672,D,-0.3083648723993649,0.8668682119631268,-0.35572289783361155,3,6217.0,Matt Bullard
673,D,-0.5939445598304546,0.5324638124550664,-1.115464649309997,7,20959.0,Alan Henderson
677,D,0.6442082925840442,0.5575078549386462,1.1555142889510308,7,21698.0,Eric Williams
679,D,0.15459851601504426,0.65565437997966,0.23579269922644347,5,13044.0,Jason Caffey
680,D,-0.8023960231510676,0.8341978367325689,-0.9618773722717092,3,7857.0,John Amaechi
682,D,-0.3707434199318423,0.5059948301217212,-0.7327019919208599,8,23791.0,Bob Sura
685,D,-0.7754993039086673,0.6404817083398504,-1.2108063256307302,5,10115.0,Cherokee Parks
686,D,0.25583296717459114,0.41047106057650945,0.6232667579908605,12,43098.0,Antonio McDyess
688,D,0.34004094397759344,0.5423687717288941,0.6269552409768251,7,20619.0,Michael Curry
689,D,0.4534861515307399,0.4496388326516179,1.0085564648774519,10,32205.0,Theo Ratliff
690,D,0.7931850035835266,0.7241352782807927,1.0953547318764367,4,6478.0,Don Reid
692,D,0.7454423139175097,0.5492435381963524,1.357216356819508,7,16388.0,Andrew DeClercq
693,D,0.4343085590201264,0.40248466216709106,1.0790685952644419,13,40404.0,Joe Smith
694,D,0.91670520111203,0.9885498422010781,0.9273231980604227,2,4808.0,Sam Mack
695,D,-1.1078417448563163,0.9963446953728652,-1.111906100369938,2,4059.0,Eldridge Recasner
696,D,-0.11156104835967519,0.4658849815376592,-0.2394604951451033,8,23438.0,Travis Best
697,D,0.5367128825744748,0.5481518055631487,0.9791318337865876,7,17446.0,Fred Hoiberg
698,D,-1.887067427846924,1.427360932935426,-1.322067449307368,1,2852.0,Eddie Johnson
699,D,-0.4959041255747753,0.4196512438380843,-1.1817053633376384,12,39357.0,Brent Barry
702,D,-0.27340528658741475,0.594773989703856,-0.4596792921686875,6,23360.0,Voshon Lenard
703,D,0.5096073010857352,0.3846506931272303,1.3248573580944338,14,46644.0,Kurt Thomas
704,D,-1.2844724557385045,1.5127718834113673,-0.8490853576958097,1,1796.0,Shawn Respert
707,D,2.0621132933979944,1.4927949978981128,1.3813774137115238,1,1783.0,Mark Davis
708,D,1.280977154626207,0.3129547556802522,4.09317043878058,19,85696.0,Kevin Garnett
711,D,-0.21620881237639633,0.39789505868384184,-0.5433814963462283,13,46212.0,Jerry Stackhouse
713,D,-0.05786591069123392,1.0183383917634496,-0.05682385262037299,2,4569.0,Chris Carr
714,D,-0.6690687745980842,0.3859995484017145,-1.7333408222068074,13,61260.0,Michael Finley
717,D,0.5166028206835902,0.6363114080826676,0.8118710652072338,5,14676.0,Arvydas Sabonis
718,D,-1.04630131301039,0.6583555598758266,-1.5892647936439306,5,11552.0,Gary Trent
721,D,1.839222435461044,1.4018198064971237,1.3120248600687878,1,1310.0,Tyus Edney
722,D,0.5087680168886335,0.46950473161001194,1.0836270278767608,9,30741.0,Corliss Williamson
724,D,0.8856379717100434,1.0139502488751893,0.8734530838100911,2,3942.0,Cory Alexander
727,D,0.5106070659714309,0.4475736410826667,1.1408336396582435,10,41030.0,Eric Snow
731,D,0.4703702988146564,0.47031266084181506,1.000122552458482,9,22607.0,Greg Ostertag
735,D,0.31361482458369455,0.7076412445961628,0.44318336018227494,4,12990.0,Bryant Reeves
739,D,1.0813233285997317,0.38657139133755697,2.7972150884169085,13,59609.0,Rasheed Wallace
753,D,0.39516354100981166,0.7077985783435726,0.5582994274085632,4,9739.0,Randy Brown
754,D,0.3493029527672021,0.47055980183611557,0.7423136260348386,9,33297.0,Jim Jackson
757,D,-0.5500645860803971,0.40266269650602743,-1.366067904609493,11,43064.0,Damon Stoudamire
760,D,0.5963003534061981,0.8302841930635314,0.7181882521525622,3,5136.0,Jerome Kersey
761,D,-0.5908583204193578,0.7090250082924827,-0.8333391819878101,4,10140.0,Matt Geiger
762,D,1.5724740197730118,0.5203836049537433,3.021759342154503,8,21143.0,Shawn Bradley
763,D,-0.9933277342051959,0.5410505476481201,-1.835924089760317,7,12072.0,Tony Massenburg
764,D,0.6866216309627491,0.557366981722618,1.2319022358315022,6,23939.0,David Robinson
765,D,0.08252126677870478,0.694839164214149,0.11876311962356768,4,12321.0,Hersey Hawkins
766,D,0.6245185285671001,1.366060175619209,0.45716765609100474,1,1102.0,David Wingate
769,D,0.31918656813071605,0.9809181697517214,0.325395713907007,2,2707.0,B.J. Armstrong
779,D,-0.19323158931945283,0.5599991087171106,-0.3450569586836,6,20990.0,Glen Rice
781,D,-0.05554071645836125,1.0379063642704718,-0.053512261192655806,2,4731.0,Will Perdue
782,D,0.7241387243113017,0.6055398044517801,1.1958565217143635,5,17022.0,Mitch Richmond
785,D,0.6607078551943631,1.0252316021492462,0.64444741442742,2,3951.0,Eric Murdock
786,D,-1.0158909651233674,1.4834098006530843,-0.6848350096353094,1,2255.0,Gerald Wilkins
787,D,-1.185497783912855,0.8025335385811556,-1.4771940696818273,3,8249.0,Charles Barkley
788,D,-0.21998502208100357,0.5791552043322176,-0.3798377713529356,6,17007.0,Kevin Willis
891,D,0.34014262193605926,0.6239287171449909,0.5451626325079306,5,20562.0,Charles Oakley
893,D,-0.8929088125121168,0.7980124374109488,-1.1189159098936445,3,15298.0,Michael Jordan
895,D,0.23302697520176166,0.8132295489477664,0.28654514030297357,3,8835.0,Tyrone Corbin
896,D,-0.7325320884748645,0.5999790150638215,-1.2209295160047273,5,19883.0,Tim Hardaway
898,D,-0.5052721798018046,1.3482754474240046,-0.3747544174057091,1,3787.0,Blue Edwards
899,D,-1.280018596131049,1.4180136507215602,-0.9026842551760401,1,2676.0,Mark Price
901,D,-0.9691170215959207,0.7089042235628282,-1.3670634048776134,4,9859.0,Otis Thorpe
902,D,-0.009717206994404388,0.5544013802471859,-0.01752738600699707,6,13091.0,Bimbo Coles
904,D,0.0501341720810682,0.749874884463539,0.06685671585991872,3,7359.0,Chris Mullin
905,D,-0.27800052109984197,0.4909605354380293,-0.5662380192163778,8,28991.0,Dale Davis
906,D,1.866622423640389,1.2576257785776406,1.4842431313323716,1,1505.0,Haywoode Workman
907,D,0.9795201277319664,0.8125416610426522,1.2055014218902298,3,9122.0,Malik Sealy
911,D,-0.2508778399425471,0.5452560970635134,-0.46011010476298064,7,21114.0,Ervin Johnson
913,D,-0.5730855327650394,0.716708704768918,-0.7996073285447457,4,15346.0,Larry Johnson
914,D,1.8555659466241956,1.471234072395411,1.261230949880755,1,2540.0,Stanley Roberts
915,D,-0.41720514257531505,0.5142982375441162,-0.8112124680176985,8,26994.0,Rodney Rogers
916,D,-0.052800919168214264,0.6617075430177304,-0.07979494827490499,5,10980.0,Corie Blount
919,D,-1.2619026783637426,1.4272714397244404,-0.8841364321052868,1,1055.0,Loy Vaught
920,D,0.6338129634774904,0.6916833066138933,0.9163340468346637,4,12988.0,A.C. Green
922,D,-0.6070039729554603,0.5288207227846258,-1.147844528026706,7,22690.0,Elden Campbell
923,D,0.11546657145075452,0.4495225738917864,0.25686490102397125,10,39524.0,Donyell Marshall
924,D,-1.8105384253834902,0.9729228492544264,-1.8609270270206402,2,5183.0,Anthony Goldwire
932,D,0.25109358645964736,1.0540034395268314,0.23822843175195857,2,5299.0,Oliver Miller
934,D,-0.2374586148815783,0.5459248623327285,-0.434965745774833,7,20895.0,Derrick Coleman
935,D,0.19648814375341828,0.49286785259467564,0.3986629331148649,8,27708.0,Bryon Russell
937,D,-0.7382213124273199,0.5594383972635312,-1.3195756959806435,6,23429.0,Scottie Pippen
938,D,-1.4451839566386786,1.435369816802441,-1.0068373597670464,1,3014.0,Rony Seikaly
947,D,0.2015454112892957,0.3791300919665439,0.5315996159626415,13,67608.0,Allen Iverson
948,D,0.1613244336287718,0.3739275902082086,0.4314322822205869,15,51413.0,Marcus Camby
949,D,0.2985635694091174,0.4254156127783667,0.7018162014769853,10,49926.0,Shareef Abdur-Rahim
950,D,-0.2664109800056006,0.40509773848251895,-0.6576461794221963,11,56387.0,Stephon Marbury
951,D,-0.044034161449464905,0.3379953002748932,-0.13028039565535884,17,83057.0,Ray Allen
952,D,-0.3813784991609518,0.41075016713039897,-0.9284926207708086,11,55197.0,Antoine Walker
953,D,0.021947187589162483,0.4547324365077536,0.04826395881875531,10,30749.0,Lorenzen Wright
954,D,-0.14745868553823166,0.5607832666337795,-0.26295129386328464,6,26457.0,Kerry Kittles
955,D,-0.3935601291878864,0.5882256808297066,-0.6690631538438789,6,12186.0,Samaki Walker
956,D,0.05476237050797031,0.3894613119951698,0.14061055314436338,13,42168.0,Erick Dampier
957,D,1.9725410341571925,1.4293907446646013,1.3799872718638866,1,1254.0,Todd Fuller
958,D,-0.10066722889544535,0.5770311395044607,-0.17445718610939392,6,17667.0,Vitaly Potapenko
959,D,-0.31765473826907803,0.340712247258605,-0.9323255645341507,16,73472.0,Steve Nash
960,D,-0.3620275689434132,0.5112055774594789,-0.7081839183808779,8,20579.0,Tony Delk
961,D,-0.4578155788158224,0.7203612812115027,-0.6355360716304307,4,8765.0,John Wallace
962,D,0.2532361386396178,0.5552663815897123,0.45606243604125596,7,18434.0,Walter McCarty
965,D,0.24727007043041457,0.32542914989215255,0.7598276629870436,17,62023.0,Derek Fisher
966,D,0.3100188719047661,0.5158331055368172,0.6010061560165583,8,23956.0,Jerome Williams
967,D,0.24384977881447287,1.4840697904130222,0.16431153062323878,1,1729.0,Brian Evans
969,D,-0.5412794994153683,0.9794320870847135,-0.552646279974848,2,3979.0,Travis Knight
970,D,0.5845037482077409,0.4814124016666989,1.2141435205743125,9,23989.0,Othella Harrington
971,D,1.1403641193678227,1.42803572361663,0.7985543362176873,1,1460.0,Mark Hendrickson
976,D,-0.8149954228503546,0.4891131612754086,-1.6662717084226017,8,28120.0,Jeff McInnis
977,D,-0.33864890255296776,0.31615949252262904,-1.071133116551068,18,92506.0,Kobe Bryant
978,D,-0.15652954757739007,0.4020868423804608,-0.3892928867074924,12,52172.0,Peja Stojakovic
979,D,0.3401191533444942,0.373518309156394,0.9105822793872325,15,48878.0,Jermaine O'Neal
980,D,0.016394392170901897,0.4101888997500478,0.03996790790997017,12,42504.0,Zydrunas Ilgauskas
982,D,1.4037322336460714,1.4387648092054843,0.975650936598346,1,1203.0,Martin Muursepp
983,D,0.22730856982476477,0.6503149888201533,0.3495361074748774,5,12387.0,Moochie Norris
988,D,0.9893605366966809,1.4162346054950379,0.6985852011085796,1,2136.0,Randy Livingston
990,D,-0.10602844460745746,0.48251235343652105,-0.2197424456644642,9,21989.0,Malik Rose
994,D,-1.2976835540315892,0.9511184125610517,-1.3643764402976393,2,6058.0,Jamie Feick
998,D,1.5776771929328162,1.477101216795405,1.0680901044517535,1,1841.0,Mark Pope
1000,D,0.22743850770677437,0.46970010565596787,0.48422068670634244,9,28305.0,Shandon Anderson
1002,D,2.3647168040900444,1.364795020379902,1.73265345255422,1,1272.0,Reggie Geary
1005,D,0.16261422483515797,0.6051673892899443,0.26870949709626074,6,15760.0,Walt Williams
1023,D,0.004810146672849567,0.7225738657234061,0.0066569618706509405,4,6532.0,Emanual Davis
1032,D,1.2593101322900189,0.6580451231840244,1.9137139504912777,5,7978.0,Darvin Ham
1037,D,0.37703536056032766,1.4634637615003705,0.2576321809115273,1,1922.0,Stojko Vrankovic
1038,D,1.33068541718218,1.4571722850775277,0.9131970397799475,1,1281.0,Juaquin Hawkins
1043,D,-0.6735985996298743,1.4280765621291616,-0.4716824135994405,1,1186.0,Amal McCaskill
1051,D,-0.6992552173385691,0.7060254165567397,-0.9904108279115664,4,9667.0,Dean Garrett
1065,D,0.08405528446925557,0.5186682899166933,0.16205980990809413,8,18447.0,Erick Strickland
1073,D,0.8875795813916914,1.0370265671613017,0.8558889516411348,2,4568.0,Reggie Slater
1074,D,0.9333112130432053,0.7970517101399825,1.1709544075619538,3,9058.0,Matt Maloney
1088,D,-0.3399476670291167,0.4499025371645926,-0.7556029116251685,9,31884.0,Chucky Atkins
1108,D,0.4071160308580929,1.4936935445648296,0.2725565979310043,1,2483.0,Tony Farmer
1110,D,0.12358807286889963,0.7293939443339036,0.1694394007915196,4,5654.0,Mark Strickland
1112,D,0.8641266718091527,0.3601835962769743,2.3991283354965884,15,60004.0,Ben Wallace
1114,D,0.9524275580433247,0.8257035698430344,1.1534739497667188,3,9010.0,Jaren Jackson
1133,D,1.688942635066863,1.4552309427891281,1.1606011014511537,1,1388.0,Corey Beck
1134,D,0.13370505018131132,0.6970245165072346,0.19182259305784913,4,10549.0,Ike Austin
1425,D,-0.179818185259351,0.5368176177119616,-0.3349707225067927,7,19006.0,Aaron Williams
1434,D,0.3565309006835133,1.4045785045225476,0.25383479779559015,1,1129.0,Dragan Tarlac
1442,D,0.48751542866168673,1.048753954395694,0.46485205287507075,2,3933.0,Zeljko Rebraca
1444,D,-0.6299446071834879,0.6311670089164478,-0.9980632673829728,5,8886.0,Lawrence Funderburke
1477,D,0.8156483279497059,0.42893946026257257,1.9015464966790696,11,43779.0,Bruce Bowen
1495,D,0.7550107683664438,0.30907423063268585,2.4428137111945896,19,88927.0,Tim Duncan
1496,D,-0.27658289541094205,0.473620302403442,-0.5839760120235336,9,34961.0,Keith Van Horn
1497,D,-0.5265354345328451,0.36242352562411284,-1.4528180355459066,14,60153.0,Chauncey Billups
1498,D,-0.7570562720027095,0.4057985859033249,-1.8655961314341942,12,37408.0,Antonio Daniels
1499,D,0.5959885250140096,0.43433585619490345,1.3721835683457049,11,31978.0,Tony Battie
1500,D,-0.11647216516672322,0.5760529179504542,-0.20219004459021053,6,24027.0,Ron Mercer
1501,D,0.19646898770066984,0.4264096590060664,0.4607517291203639,12,40476.0,Tim Thomas
1502,D,0.6846850168753452,0.447110726813275,1.5313544851749605,10,24431.0,Adonal Foyle
1503,D,-0.020879569324992193,0.3686080489188304,-0.056644366248198755,15,58738.0,Tracy McGrady
1504,D,0.16023546345876943,0.5893953977596168,0.27186412392741655,6,15306.0,Danny Fortson
1505,D,-0.2512618891241555,0.7927740439986501,-0.316940105476742,3,7641.0,Tariq Abdul-Wahad
1506,D,0.11134757988670219,0.5176344936285312,0.21510850079981006,8,19875.0,Austin Croshere
1507,D,0.14885525433132862,0.4551914280977542,0.3270168222485977,10,33173.0,Derek Anderson
1508,D,-0.27410080798289,0.5111841429498188,-0.5362075717004342,8,24984.0,Maurice Taylor
1509,D,0.5917453389551818,0.4985723950619667,1.1868794678887802,8,19369.0,Kelvin Cato
1510,D,0.4416799093399538,0.4045905375912391,1.0916713771150683,12,35339.0,Brevin Knight
1511,D,0.7598084129841927,1.4113455272719402,0.5383574739864476,1,1376.0,Johnny Taylor
1512,D,1.6648693616168628,1.0249720462499972,1.6243070898450538,2,3199.0,Chris Anstey
1513,D,0.5735693311773989,0.588750811963292,0.9742140809364359,6,13825.0,Scot Pollard
1515,D,0.5796630600775526,0.5746249787873349,1.0087675988274125,6,25725.0,Anthony Parker
1517,D,0.42115765275620654,0.4099780238983863,1.027268849075167,12,32276.0,Bobby Jackson
1518,D,3.5866974168827324,1.4742937317198064,2.4328241650317173,1,2061.0,Rodrick Rhodes
1519,D,1.912214194911257,0.9940583506983824,1.923643811822332,2,2211.0,John Thomas
1520,D,-0.149600709102498,1.5104992588185668,-0.09904057100928856,1,2204.0,Charles Smith
1521,D,-0.05380380040270312,0.47578026449496835,-0.1130853976463585,9,22467.0,Jacque Vaughn
1531,D,-0.36469883867928904,0.5836880121727451,-0.6248181067171802,6,13724.0,Marc Jackson
1532,D,1.7875088774466616,1.3568532448722797,1.3173929341304111,1,1063.0,Jerald Honeycutt
1533,D,-0.4011078979197822,0.42487692615986256,-0.9440566743529464,11,28029.0,Anthony Johnson
1536,D,-0.10260550422460056,0.41854222857597534,-0.24514970585811566,12,52708.0,Stephen Jackson
1538,D,-0.7961073127141973,0.6974942699881783,-1.1413818678792735,4,11674.0,Cedric Henderson
1540,D,-0.04732011507655995,1.0183043814216315,-0.04646951927133753,2,4350.0,Eric Washington
1541,D,-0.2684681823678274,0.5371254325510552,-0.4998240003135744,7,23856.0,Alvin Williams
1542,D,-0.07788510857902418,0.734732305318624,-0.10600474215605442,4,10474.0,Predrag Drobnjak
1544,D,-0.03539423897291353,0.7206920388989387,-0.04911146101598161,4,6767.0,Chris Crawford
1545,D,0.728137822083925,1.2433095994321104,0.5856448163969027,1,1077.0,DeJuan Wheat
1548,D,0.004573018231436981,0.5429985947280019,0.008421786494176272,7,25612.0,Mark Blount
1559,D,0.4428940121843685,0.6139815229759928,0.7213474601607612,6,13918.0,Adrian Griffin
1562,D,1.0194765014884595,1.0376358537194421,0.9824993014978329,2,3457.0,Gerard King
1563,D,0.19371907902583094,0.5610062492102956,0.3453064547828495,7,16578.0,Kevin Ollie
1565,D,2.5115870317180082,1.3759933451239543,1.8252901008701867,1,3390.0,Michael Stewart
1569,D,-0.12137899740580828,1.0324459006789564,-0.11756451095983539,2,3209.0,Keith Closs
1594,D,-0.5000801030543771,1.021154915168552,-0.4897201155535092,2,4857.0,Rick Brunson
1600,D,0.710250293708559,1.4142823405362905,0.5021983753535625,1,1715.0,Kornel David
1601,D,0.020804306318099382,0.9714794014062925,0.02141507713697637,2,2383.0,Rusty LaRue
1607,D,-0.6447539072620674,0.524712216589745,-1.2287762451053794,7,19793.0,Troy Hudson
1609,D,-0.06092045495004615,1.5239114862779626,-0.03997637362707969,1,1828.0,Art Long
1630,D,0.34284826331525303,0.6028074426847673,0.5687525386021859,6,16542.0,Mikki Moore
1683,D,0.6872413716185645,1.4243163936214982,0.48250611640519664,1,1242.0,Larry Robinson
1709,D,0.2637194678896148,0.5010945578466822,0.5262868330138679,8,24004.0,Michael Olowokandi
1710,D,-0.6429238313693195,0.3546789513018898,-1.8126923771748895,14,66145.0,Mike Bibby
1711,D,-0.02189210465390257,0.5886200143040443,-0.03719225327359405,6,25464.0,Raef LaFrentz
1712,D,-0.32467397617812294,0.3577243374245027,-0.9076094137616371,15,73240.0,Antawn Jamison
1713,D,0.43792970295107436,0.3088539062059606,1.4179186150847611,22,89343.0,Vince Carter
1714,D,-0.16327374080303245,0.5745301355611311,-0.2841865564520241,6,10943.0,Robert Traylor
1715,D,-0.7426738135275364,0.388911300434625,-1.909622612399194,11,45237.0,Jason Williams
1716,D,-0.1725500826678575,0.42175021646424615,-0.4091286167306222,12,43559.0,Larry Hughes
1717,D,0.3261204144462043,0.31048792469028696,1.0503481408222586,21,99211.0,Dirk Nowitzki
1718,D,0.2842305825660362,0.32490216572940517,0.8748189841330812,18,87817.0,Paul Pierce
1719,D,-0.4023028423448526,0.48052359001419215,-0.8372176740229771,9,28467.0,Bonzi Wells
1720,D,-0.016838762523480943,0.5069408833868431,-0.033216422417900356,8,15674.0,Michael Doleac
1721,D,0.6754664680560419,0.7281644523322869,0.9276290072833753,4,14656.0,Keon Clark
1722,D,0.3165098942731305,0.763718764663141,0.4144325227005988,3,13981.0,Michael Dickerson
1723,D,-0.37470003472724345,0.45444003089620955,-0.8245313116194685,10,33029.0,Matt Harpring
1724,D,0.9078019239899828,0.8235378435897138,1.1023196214432245,3,6470.0,Bryce Drew
1725,D,0.2187292064062726,0.4613268957132788,0.4741306185239543,10,33085.0,Rasho Nesterovic
1727,D,-0.1601248659245743,0.5420320346764674,-0.2954158715363585,7,20540.0,Pat Garrity
1728,D,1.4604794230539242,1.0313542782611793,1.4160792792911396,2,3409.0,Roshown McLeod
1729,D,0.03768508972542838,0.4432316353555269,0.08502346565402592,10,41602.0,Ricky Davis
1730,D,0.08776171928979738,0.4673869350143009,0.18777101522341888,10,20369.0,Brian Skinner
1731,D,-0.16830387296115426,0.5124283627201652,-0.32844371078082624,8,22163.0,Tyronn Lue
1732,D,0.4358925848936153,0.719630621306839,0.6057171165146372,4,7982.0,Felipe Lopez
1733,D,0.08717680663744547,0.40713768869777345,0.2141211905885691,13,52965.0,Al Harrington
1734,D,0.4154564777591152,1.4862508611223546,0.279533212478935,1,1408.0,Sam Jacobson
1735,D,0.807563159472318,1.0196442077187742,0.7920048516521856,2,4538.0,Vladimir Stepania
1736,D,0.664710227095332,1.0306539541212525,0.6449402580151857,2,3265.0,Corey Benjamin
1737,D,-0.2118433460166864,0.4199079950416937,-0.5044994344431378,12,27816.0,Nazr Mohammed
1738,D,2.1573081819069344,1.4262626449292355,1.512560249387987,1,1130.0,Ansu Sesay
1739,D,0.058756727979927696,0.5201750692335526,0.11295567868429812,8,29473.0,Ruben Patterson
1740,D,0.06606463414816557,0.36653399216794286,0.18024149344897678,15,63801.0,Rashard Lewis
1741,D,0.23196054221556772,0.8453919244473934,0.27438225455866894,3,6199.0,Jelani McCoy
1742,D,0.20716710053949608,0.652692731974801,0.3174037190711269,5,9725.0,Shammond Williams
1744,D,1.3214070896271513,0.7257441086206816,1.8207617174303508,4,7318.0,Jerome James
1747,D,0.43905556820272423,0.46552880355740917,0.9431329809189342,9,35763.0,Rafer Alston
1749,D,-0.24184848979320328,0.43748593317462803,-0.5528143225959825,10,52003.0,Cuttino Mobley
1751,D,-0.27250154516479635,0.7264140548902123,-0.3751325340283804,4,10102.0,Jahidi White
1752,D,0.4956035931168986,1.4750403119734365,0.3359932532649479,1,1566.0,Sean Marks
1757,D,0.7403345226095429,1.3721211637072255,0.5395547727062905,1,1169.0,Cory Carr
1761,D,-0.30782565561427155,0.47494655832136995,-0.6481269318009945,10,21230.0,Greg Buckner
1762,D,2.217701425833784,1.4167273104026321,1.5653692912883257,1,1112.0,Tremaine Fowlkes
1763,D,1.3615298875804194,0.5561261342437632,2.4482393538866285,7,11184.0,Ryan Bowen
1800,D,-0.6772248380267897,0.47024654720843834,-1.4401484541397547,9,25191.0,Damon Jones
1802,D,0.4322162161369704,0.41470428449824603,1.042227515589602,12,46494.0,Brad Miller
1838,D,0.1834374500507661,0.7301663958091349,0.25122691362355787,4,12830.0,Tyrone Nesby
1853,D,-0.12747294149747662,0.4777028285430814,-0.26684569125589874,9,22100.0,Anthony Carter
1863,D,-0.6574319383655541,0.4803086160097506,-1.3687698210106807,9,23984.0,Earl Boykins
1869,D,0.1642334538452856,1.454651602183788,0.11290226030668167,1,1344.0,Charles Jones
1882,D,-0.1852172518754603,0.37323487565329116,-0.4962485125519568,14,64498.0,Elton Brand
1883,D,0.27832203498986624,0.4813530587197501,0.5782076792658524,8,40771.0,Steve Francis
1884,D,0.0577292084313384,0.39309788279551827,0.14685708307762113,13,55500.0,Baron Davis
1885,D,0.9841559085394006,0.3818957957009228,2.5770273452031685,14,61703.0,Lamar Odom
1886,D,0.16469880398905581,0.8482673202557863,0.19415908176138694,3,5885.0,Jonathan Bender
1887,D,0.013725739187492812,0.451424195939793,0.030405413158942483,10,38285.0,Wally Szczerbiak
1888,D,-0.12708433394274932,0.37416442427031593,-0.3396483623224878,14,54925.0,Richard Hamilton
1889,D,-0.38771569285745416,0.3381514917850217,-1.1465739536170454,16,76207.0,Andre Miller
1890,D,0.15874417193879983,0.3526414524726166,0.4501574356211758,16,78616.0,Shawn Marion
1891,D,-0.08032258427991935,0.3244919464485386,-0.2475333676506445,19,80853.0,Jason Terry
1892,D,0.6328784047246093,1.4493888296496706,0.436651912708325,1,2146.0,Trajan Langdon
1894,D,0.13364229490706214,0.41089323657615395,0.3252482226786257,13,45360.0,Corey Maggette
1897,D,0.9642586332836552,0.3872413858762975,2.4900712280574355,14,58480.0,Metta World Peace
1898,D,1.3537392088507956,1.4154127394438876,0.9564271757103703,1,1138.0,Cal Bowdler
1899,D,-0.05709696832677159,0.4192444637970739,-0.13619015456912062,12,44355.0,James Posey
1900,D,1.0817361122438267,1.4469295817540215,0.7476079872059193,1,1700.0,Quincy Lewis
1901,D,0.16261981022763963,0.7441561575062763,0.21852914685620684,4,10929.0,Dion Glover
1902,D,0.9002803999434661,0.4656387868126226,1.9334308598002325,10,29263.0,Jeff Foster
1903,D,-0.14545240641245094,0.5145782039101194,-0.2826633644938776,8,31806.0,Kenny Thomas
1904,D,0.2142594115418029,0.4838724828436345,0.4428013973488171,9,21284.0,Devean George
1905,D,0.3804519412945456,0.42103141984902615,0.9036188829588263,12,45510.0,Andrei Kirilenko
1907,D,-0.09812692754896889,1.0324808556287535,-0.09503994869639708,2,6572.0,Vonteego Cummings
1908,D,-0.3951826154908748,0.6607381026262258,-0.5980926692741775,5,17707.0,Jumaine Jones
1909,D,0.9756409921509526,0.6446969165851772,1.5133328034492795,5,9170.0,Scott Padgett
1913,D,0.7964955189001137,0.59908149050302,1.3295278380764772,6,10385.0,Michael Ruffin
1914,D,0.819806041833226,1.3874639850789912,0.5908665382666151,1,1179.0,Chris Herren
1915,D,3.8545809951256023,1.4646559793482758,2.6317313071979984,1,2549.0,Evan Eschmeyer
1916,D,1.0310754218548257,0.8373733858624139,1.231320984476856,3,5171.0,Calvin Booth
1917,D,1.9331251707497499,1.4728020246776639,1.3125492349678376,1,1177.0,Wang Zhi-zhi
1918,D,1.2416063509891742,1.4369050126536687,0.8640838051613322,1,1382.0,Obinna Ekezie
1919,D,-0.16833383847853162,1.3590618900875229,-0.1238603184345718,1,1186.0,Laron Profit
1921,D,0.8213396435483138,0.6013529638604121,1.3658195650615694,6,16811.0,Gordan Giricek
1922,D,0.13886527539412344,0.5624001400261397,0.24691543531207005,7,13677.0,Francisco Elson
1924,D,0.2783479762724071,0.8474377020019253,0.32845833459481216,3,8783.0,Lee Nailon
1928,D,0.21861624479414163,0.6980656221045601,0.31317434618116186,4,6763.0,Todd MacCulloch
1934,D,-0.725091480771851,0.8595785886187767,-0.8435429760261621,3,7006.0,Rodney Buford
1938,D,0.03146230172283357,0.3730385414085372,0.08434061961543349,16,52424.0,Manu Ginobili
1944,D,-0.3111612783340201,0.6599911444288111,-0.47146280819163777,5,10464.0,Eddie Robinson
1952,D,-0.30101161790265185,0.46008663271298195,-0.6542498662212457,10,38126.0,Raja Bell
1956,D,0.04234337655418743,0.6646380520053573,0.06370892612366726,5,13323.0,Ira Newble
1960,D,0.6628958380223489,0.5913134255330917,1.1210566332477956,6,15372.0,Milt Palacio
1983,D,0.7078382665025346,1.4461424108246532,0.489466501503745,1,1075.0,Jermaine Jackson
1985,D,-1.7499532552615886,1.4894254322865776,-1.1749183391981206,1,1618.0,Zendon Hamilton
2000,D,0.7143292945327073,1.3858497026074232,0.515444996083431,1,1007.0,Dedric Willoughby
2030,D,0.6221881795224653,0.4179477788814361,1.488674449204259,12,43873.0,Kenyon Martin
2031,D,-0.029597327985972775,0.5234915214289135,-0.05653831394476918,8,20408.0,Stromile Swift
2032,D,1.1698638807572859,0.5972400217278977,1.9587834676127505,6,21793.0,Darius Miles
2033,D,0.5369813193575613,0.6505011918389376,0.8254886018571915,5,11489.0,Marcus Fizer
2034,D,-0.30262753766050193,0.3782275754132021,-0.8001202380072118,15,52492.0,Mike Miller
2035,D,0.6551149276047533,0.7562833140531915,0.8662295140345742,4,10187.0,DerMarr Johnson
2036,D,-0.24288725404499098,0.5941602039899774,-0.40879084868681,6,15952.0,Chris Mihm
2037,D,-0.44441967294680007,0.33678238849464626,-1.3196048490934225,18,75405.0,Jamal Crawford
2038,D,0.9606892512499906,0.5054718353081769,1.9005791898657936,8,18477.0,Joel Przybilla
2039,D,0.44978722168779334,0.441189896315583,1.0194866778319436,11,26322.0,Keyon Dooling
2040,D,1.6283429251379002,1.3819198882836872,1.1783193359784878,1,1185.0,Jerome Moiso
2041,D,0.41849688555149883,0.6417516410772103,0.6521165802537445,5,11337.0,Etan Thomas
2042,D,-0.33051002111932787,0.85793478937685,-0.38523909417333413,3,7754.0,Courtney Alexander
2043,D,2.7328223811780044,1.4051510087245183,1.9448602777993507,1,2611.0,Mateen Cleaves
2044,D,0.3923298188670193,0.995838556053958,0.393969300025537,2,2844.0,Jason Collier
2045,D,0.1548039445443571,0.40156078026219216,0.38550563738640153,13,50105.0,Hedo Turkoglu
2046,D,0.38428840996541647,0.480448922639191,0.7998527873773807,9,37470.0,Desmond Mason
2047,D,0.354922435534444,0.423232445554343,0.8385993069826496,12,40120.0,Quentin Richardson
2048,D,-0.08597534146915017,0.49175206146637657,-0.17483473523786888,8,25144.0,Jamaal Magloire
2049,D,0.6405940955214059,0.6639583997257491,0.9648105902207218,5,15364.0,Speedy Claxton
2050,D,-0.025418464623577688,0.48425069376628876,-0.05249030089329157,9,35863.0,Morris Peterson
2051,D,1.6091348516378021,0.8679563638124194,1.8539351962002142,3,6191.0,Donnell Harvey
2052,D,-0.2672755694172251,0.42284135768567216,-0.6320941992999415,12,34633.0,DeShawn Stevenson
2053,D,-0.7871286574280821,1.4365346867838285,-0.5479357127048129,1,1221.0,Dalibor Bagaric
2054,D,0.16413825705296486,0.6368173890171274,0.2577477623629249,5,8167.0,Jake Tsakalidis
2056,D,-0.9326208140395378,0.852639564657056,-1.0938042904619978,3,10133.0,Primoz Brezec
2058,D,0.21955954749219783,0.5864540759344269,0.37438489474621267,6,8717.0,Mark Madsen
2059,D,0.5249117799900349,0.5311472721285143,0.9882603329327263,8,19625.0,Eduardo Najera
2060,D,0.7249930798863813,0.5497171426301256,1.3188475011305754,7,21343.0,Marko Jaric
2061,D,1.9047861432067448,1.4367753789330664,1.3257369044152316,1,1043.0,Dan Langhi
2062,D,1.700991275063279,0.9867826676963681,1.7237749818146095,2,2314.0,A.J. Guyton
2063,D,0.1753822993016746,0.6569682687221939,0.26695703225179185,5,10305.0,Jake Voskuhl
2064,D,1.475773865694447,1.4185031829269077,1.040374024857222,1,1771.0,Khalid El-Amin
2067,D,0.26486932899516347,0.44214711325953515,0.5990524896623904,11,23724.0,Eddie House
2069,D,0.14769199482303297,1.0461802250750856,0.14117261183409668,2,4619.0,Hanno Mottola
2072,D,-0.9999865119770259,0.4724203959993876,-2.1167301844823867,9,37572.0,Michael Redd
2073,D,0.194887647524716,0.734061146641765,0.26549238904184186,4,8630.0,Brian Cardinal
2074,D,-0.347240888748233,1.4437060260433399,-0.24052049550550875,1,1257.0,Jabari Smith
2078,D,0.366701071096421,0.6303696115652174,0.5817239035141568,5,9284.0,Jason Hart
2084,D,-1.136088941087202,1.4859656942196602,-0.7645458744482035,1,2267.0,Chris Porter
2091,D,1.7432538487400593,1.0112011436540986,1.7239437076194346,2,2547.0,Daniel Santiago
2098,D,1.0999496977408343,0.8335563488514276,1.3195864913709492,3,5360.0,Slava Medvedenko
2101,D,0.31972593765748497,1.4368389181395342,0.222520376933746,1,1194.0,Paul McPherson
2109,D,1.5875299668858371,1.3967864957075264,1.1365587881644659,1,1898.0,Eddie Gill
2124,D,-0.022148893939826733,0.5525288626057109,-0.04008640170465152,7,12255.0,Malik Allen
2130,D,-0.9911052535298538,1.4579169687725326,-0.6798091213413184,1,1672.0,Mike Penberthy
2137,D,0.9036784793246604,0.7511979120921466,1.2029832149131554,4,10254.0,Ime Udoka
2198,D,0.2527858832457494,0.4636493336079989,0.5452092021326445,10,24378.0,Kwame Brown
2199,D,0.23126149286309997,0.33716238001220983,0.6859053873528985,18,60719.0,Tyson Chandler
2200,D,-0.0406082006504407,0.3375234705285071,-0.1203122277299852,17,78762.0,Pau Gasol
2201,D,-1.0591308386403602,0.55342575051037,-1.9137722407452638,7,24511.0,Eddy Curry
2202,D,-0.31266207946851976,0.4126390281854837,-0.7577132993052133,12,56546.0,Jason Richardson
2203,D,0.5753792273065717,0.39909723359589216,1.4417018682950198,13,57086.0,Shane Battier
2204,D,0.7309991566001355,0.7322310693046694,0.998317590230494,4,12375.0,Eddie Griffin
2205,D,0.3214652165735629,0.5903961138417024,0.5444907394152572,6,13143.0,DeSagana Diop
2206,D,0.4633611965406461,0.8541919243383721,0.5424556043415534,3,6303.0,Rodney White
2207,D,-0.18790901131501483,0.34201564232659876,-0.549416424455745,17,84162.0,Joe Johnson
2208,D,0.28341046328054725,1.0473215057970937,0.27060502597514186,2,3096.0,Kedrick Brown
2209,D,0.34902969182287474,0.4491008114304053,0.7771744849696446,11,31010.0,Vladimir Radmanovic
2210,D,-0.2228094523192942,0.35883229022715485,-0.6209292150888849,16,65498.0,Richard Jefferson
2211,D,-0.6576339789953337,0.4612622997438057,-1.4257267055222087,10,38020.0,Troy Murphy
2212,D,-0.08406423387281867,0.6620054016276837,-0.1269842114069289,5,10281.0,Steven Hunter
2214,D,-1.0959226654553686,1.4475198543223937,-0.7571037192912196,1,2479.0,Michael Bradley
2215,D,1.4527853789616432,0.5083664617559998,2.8577522087972347,8,25454.0,Jason Collins
2216,D,-0.32181973434695316,0.3583348757176334,-0.898097718516648,16,64605.0,Zach Randolph
2217,D,0.5134415030590852,0.424792529972915,1.2086876930058599,11,34898.0,Brendan Haywood
2219,D,0.8813157046984654,1.4439563986548565,0.610347864741256,1,1982.0,Jeryl Sasser
2221,D,1.9833435984697603,1.3190299039584705,1.5036380847148751,1,2959.0,Raul Lopez
2222,D,0.9090737122876871,0.43892585590478006,2.0711327438520737,11,45106.0,Gerald Wallace
2223,D,0.09135781459252204,0.41253281373800177,0.22145587344851334,12,40746.0,Samuel Dalembert
2224,D,0.22375455021896515,0.46517812099644845,0.4810083280350012,9,26646.0,Jamaal Tinsley
2225,D,-0.46269331791207774,0.31777148615765616,-1.456056751682627,18,72942.0,Tony Parker
2226,D,1.045705964895384,1.0466421090924631,0.9991055737305554,2,3095.0,Will Solomon
2229,D,0.029097302465040446,0.502686413283258,0.057883606352106536,8,26638.0,Mike James
2230,D,-0.26635775607643175,0.5601502823252393,-0.4755112413239431,7,20296.0,Maurice Evans
2239,D,-0.1477704036041783,0.4848746087816963,-0.30476003677624736,9,30739.0,Trenton Hassell
2240,D,-0.47958402484203533,0.48567195411481023,-0.9874649354956664,8,36922.0,Gilbert Arenas
2242,D,-1.0568218764234436,1.0338989603915212,-1.0221713309618203,2,3276.0,Terence Morris
2243,D,0.48721802261634156,0.6023711355692692,0.8088336141071857,6,10112.0,Brian Scalabrine
2246,D,-0.20679710313192368,0.50458456313909,-0.4098363648808645,8,33789.0,Mehmet Okur
2248,D,0.11686643364096565,0.40274298591913477,0.2901762109506503,12,37543.0,Earl Watson
2250,D,0.6869441418002216,0.6638389368801851,1.0348054379404483,5,18901.0,Bobby Simmons
2254,D,1.0750802245333058,1.4344106406216637,0.74949264463583,1,1353.0,Loren Woods
2260,D,1.2585081744457127,0.5956702426404414,2.1127598532824035,6,13927.0,Jarron Collins
2261,D,0.28131079838037937,1.3484489630130596,0.2086180538504036,1,1065.0,Kenny Satterfield
2294,D,0.5906995974164289,0.6705212052019215,0.8809558785520362,5,17810.0,Charlie Bell
2306,D,-0.16424104819978783,0.5340251262868473,-0.307553034707897,7,18568.0,Carlos Arroyo
2351,D,0.6864333304078851,1.488107970457535,0.46127925126080316,1,2013.0,Oscar Torres
2357,D,0.39671888423098767,1.394794793698082,0.28442813668607775,1,1998.0,Tierre Brown
2365,D,0.927852985458517,0.45892780514262266,2.0217842001753734,10,21287.0,Chris Andersen
2366,D,1.5546182345669048,1.0015980021408242,1.5521379148561103,2,2300.0,Mike Wilks
2397,D,0.3804303344145383,0.5231866305969705,0.727140779534937,7,29304.0,Yao Ming
2398,D,0.2857746470217015,1.3120051401935273,0.21781518857429807,1,3910.0,Jay Williams
2399,D,0.257387452064817,0.3797715803173339,0.6777427943653558,15,54032.0,Mike Dunleavy
2400,D,-0.6945809731535281,0.4365125205278489,-1.5912051556129758,11,36598.0,Drew Gooden
2401,D,1.571529527870546,1.4848756320912573,1.0583576791931373,1,2567.0,Nikoloz Tskitishvili
2402,D,-0.3849653071065688,1.0470230791785,-0.36767604722583064,2,4085.0,Dajuan Wagner
2403,D,1.1449109073053938,0.37376050037406555,3.0632207152964224,15,49168.0,Nene
2404,D,0.48611559818142763,0.5274012387802294,0.9217187265348733,8,21402.0,Chris Wilcox
2405,D,-0.7462925807572165,0.40019635396834574,-1.864816041817927,13,51219.0,Amar'e Stoudemire
2406,D,-0.5521432468129014,0.39902662002558886,-1.383725343380583,13,53742.0,Caron Butler
2407,D,0.3510844502590283,0.5026460641301677,0.6984724944908944,9,25108.0,Jared Jeffries
2408,D,1.255609030016285,0.7304932424578315,1.7188509859333385,4,8410.0,Melvin Ely
2410,D,0.10538143059469432,0.6023103864242871,0.1749620012703221,6,19345.0,Fred Jones
2411,D,-0.15576586047543486,0.8660987368254025,-0.17984769386268695,3,8734.0,Bostjan Nachbar
2412,D,-0.8712624464705427,0.8636349471572982,-1.0088318557954965,3,8597.0,Jiri Welsch
2413,D,0.23031034106859366,0.5590772378161163,0.4119472686247049,7,16269.0,Juan Dixon
2414,D,0.7210605688093061,1.4870666354564155,0.48488786690315044,1,1549.0,Curtis Borchardt
2416,D,-0.10821335776765219,0.6716225982218083,-0.1611222702365264,5,11253.0,Kareem Rush
2417,D,0.8956093078638013,1.0501319190633225,0.8528540953813218,2,3154.0,Qyntel Woods
2418,D,1.86286370323978,0.7443722488057473,2.5025969281209948,4,10401.0,Casey Jacobsen
2419,D,0.08401516733806888,0.383510741790546,0.21906861577283715,13,57348.0,Tayshaun Prince
2420,D,0.0664041729092643,0.5498750464453919,0.12076229561338879,7,20040.0,Nenad Krstic
2421,D,2.680627835828486,1.4631500574634828,1.8320935861326642,1,1314.0,Frank Williams
2422,D,0.17432159220181997,0.4247388606185933,0.41042063339327256,12,45417.0,John Salmons
2423,D,2.077940277684352,1.4253907613342898,1.4578039468554005,1,1288.0,Chris Jefferies
2424,D,-0.4574574162255468,0.8136150674890227,-0.562252881620483,3,6836.0,Dan Dickau
2427,D,-0.0763835014217584,0.6618799486994424,-0.11540386073312503,5,14289.0,Roger Mason Jr.
2428,D,1.2693415185013732,1.4673317718745835,0.8650678345768601,1,2638.0,Vincent Yarbrough
2429,D,0.10317471845074672,0.5458055058696991,0.18903202210528408,7,13404.0,Dan Gadzuric
2430,D,-0.740963023720622,0.3914580740648871,-1.892828562779374,13,51819.0,Carlos Boozer
2431,D,2.7006837229162275,1.4364785587411868,1.8800724218834757,1,1730.0,David Andersen
2434,D,-0.7343803601058414,1.5129517946733813,-0.48539574274035663,1,4288.0,Juan Navarro
2436,D,0.09036163905628766,0.5640734922454791,0.1601947978384405,7,21002.0,Flip Murray
2437,D,1.3114766096844979,1.0345427685710111,1.2676871846448734,2,2825.0,Lonny Baxter
2440,D,-0.06996953767334856,0.3923714852001969,-0.1783247262161482,14,43511.0,Matt Barnes
2443,D,0.476358879829864,0.562771143347532,0.8464522132324308,7,17613.0,Darius Songaila
2446,D,0.44453898087595717,0.4643115749757574,0.9574152462151463,10,30248.0,Rasual Butler
2449,D,-0.07479466317884459,0.4655295142250738,-0.16066578142386678,9,35621.0,Luis Scola
2452,D,-0.7219884497202596,1.4335951367455841,-0.5036208837588911,1,2819.0,J.R. Bremer
2454,D,2.7893957031501544,0.9790824659511005,2.848989538833666,2,4866.0,Junior Harrington
2457,D,1.0855827049607398,0.6442753626826137,1.6849669688448499,5,10251.0,Jannero Pargo
2469,D,0.7635085323087981,1.4470320601507805,0.5276376061973642,1,1560.0,Pat Burke
2470,D,-0.6049404029940332,0.6855972151433513,-0.882355397064363,4,13633.0,Smush Parker
2471,D,-0.3412063689751126,1.4265473809100333,-0.23918334122028795,1,2411.0,Mike Batiste
2484,D,0.17345806179687806,0.5602059997402858,0.3096326384888667,7,16946.0,Devin Brown
2501,D,-0.1311010883187734,0.4275786293581739,-0.3066128176601471,12,28609.0,Reggie Evans
2544,D,0.3173735903962772,0.30131055902415915,1.0533105491694041,22,115703.0,LeBron James
2545,D,0.07708811199316605,0.5988392943623331,0.12872921453033975,6,15014.0,Darko Milicic
2546,D,-0.5871673923600959,0.3368006320131278,-1.7433678459879174,18,85638.0,Carmelo Anthony
2547,D,0.48446341210234634,0.39280976349137714,1.233328336333425,13,60613.0,Chris Bosh
2548,D,-0.29034899170556855,0.36195104479134105,-0.8021775206449537,16,69101.0,Dwyane Wade
2549,D,0.14792490895207558,0.4226508627234488,0.34999315510416124,12,37211.0,Chris Kaman
2550,D,0.06889961574484738,0.4029835308808703,0.17097377551445256,13,52005.0,Kirk Hinrich
2551,D,0.23490584476280454,0.5182592882746153,0.4532593049028628,7,22909.0,T.J. Ford
2552,D,0.3799321889011745,1.0629195774563873,0.3574420840101268,2,5157.0,Michael Sweetney
2553,D,0.188291481296976,0.5547369281341828,0.3394248187700081,7,19170.0,Jarvis Hayes
2554,D,0.1786918808459575,0.501877615679637,0.3560467238690751,9,22840.0,Mickael Pietrus
2555,D,0.8132638834776095,0.4218548787950345,1.9278285599080336,12,35740.0,Nick Collison
2556,D,-0.2785978044361225,0.6349413534944356,-0.4387772239165771,5,10015.0,Marcus Banks
2557,D,-0.5789327379783787,0.4094981026881424,-1.4137617101959348,12,41779.0,Luke Ridnour
2560,D,-0.8625242837673857,1.4599939689165637,-0.5907724977846656,1,1121.0,Zarko Cabarkapa
2561,D,0.2207716733643902,0.3521377931361557,0.6269468306658803,15,55388.0,David West
2562,D,0.42035253092452685,0.5287120432370086,0.795050039622595,8,15234.0,Sasha Pavlovic
2563,D,-0.27184347229947164,0.5138966707627038,-0.5289846923818615,8,18041.0,Dahntay Jones
2564,D,0.35798982327221035,0.3939846642598063,0.9086389795013448,14,55794.0,Boris Diaw
2565,D,1.6979837626130927,1.3897549827745157,1.2217864182240434,1,1111.0,Zoran Planinic
2566,D,0.39822661383369445,0.5234334808297375,0.7607969845613098,8,22848.0,Travis Outlaw
2567,D,0.1208429869046794,0.754046656991629,0.1602592966684566,4,8198.0,Brian Cook
2568,D,-0.3677547587398624,0.5582981627594333,-0.6587067328364562,7,21340.0,Carlos Delfino
2570,D,-0.2898987292619761,0.4108749681383392,-0.7055643486277531,12,32972.0,Kendrick Perkins
2571,D,-0.7316352050596616,0.4298881644822155,-1.7019198608105188,12,35228.0,Leandro Barbosa
2572,D,-0.10448405730276085,0.5260262233749258,-0.19862898969637435,8,28008.0,Josh Howard
2574,D,0.27295828557358903,0.6102708361128345,0.4472740124896302,6,15936.0,Jason Kapono
2575,D,0.5304796138208955,0.5577082671659382,0.9511776049449501,7,16804.0,Luke Walton
2580,D,0.889327307942484,1.4146735499571228,0.628644896887652,1,1008.0,Travis Hansen
2581,D,-0.049984008627110145,0.3927077157263759,-0.127280434342006,13,39794.0,Steve Blake
2584,D,0.06874326502888282,0.450050856840084,0.15274554860654177,11,27922.0,Willie Green
2585,D,0.39711155776149204,0.3664579140722176,1.0836484696118025,16,42505.0,Zaza Pachulia
2586,D,-0.14899418161478614,0.49751131262233217,-0.29947898235610515,9,27628.0,Keith Bogans
2588,D,-0.2937152853999533,0.4499716662979447,-0.6527417333105421,11,25175.0,Matt Bonner
2590,D,-0.3871462642190551,0.40079359732206893,-0.9659492237545724,13,45736.0,Mo Williams
2592,D,-0.3422449738398263,0.5247363888509218,-0.6522226800189733,8,17780.0,James Jones
2594,D,-0.04458139358317002,0.35855479219399705,-0.12433634845702785,17,61456.0,Kyle Korver
2605,D,0.16682919167215982,0.5018315888363286,0.3324405943814964,9,21982.0,Marquis Daniels
2617,D,0.23303789888008997,0.43352180980939725,0.537545963333535,11,39078.0,Udonis Haslem
2624,D,0.9444353408467634,0.618286091531525,1.5275053956128153,6,15497.0,Quinton Ross
2648,D,0.38066200378558396,1.4975434319092185,0.2541909607925547,1,1789.0,Ronald Dupree
2669,D,2.1614904611225234,1.035896908754931,2.086588388144212,2,2819.0,Linton Johnson
2679,D,0.12359156744699779,0.5992212486413897,0.20625364625706466,6,13479.0,Matt Carroll
2693,D,-0.1720692259327817,0.8378362212822081,-0.20537334333606433,3,6295.0,Keith McLeod
2694,D,-0.4467292482697017,0.7142279170973684,-0.6254715582740243,4,6157.0,Josh Powell
2730,D,0.32702459499499326,0.3323753894872391,0.983901351720112,17,76208.0,Dwight Howard
2731,D,0.40332890849654773,0.47232596745821454,0.8539206740358378,9,35415.0,Emeka Okafor
2732,D,-0.5765364299397784,0.4635715948190037,-1.2436836863675407,10,38873.0,Ben Gordon
2733,D,0.04760636592757197,0.414645359273694,0.11481224825706669,13,33086.0,Shaun Livingston
2734,D,-0.05309195317380493,0.378918388884466,-0.14011448040330637,15,46545.0,Devin Harris
2735,D,-0.7526577224326314,0.6630879152481736,-1.1350798365114747,5,18925.0,Josh Childress
2736,D,0.7266502761491618,0.39582015954956845,1.8358091638790408,13,59082.0,Luol Deng
2737,D,0.30865154250589705,1.0193038612910197,0.30280621336503943,2,2578.0,Rafael Araujo
2738,D,0.9662930804725183,0.3502095290685436,2.7591855739693303,17,76703.0,Andre Iguodala
2740,D,-0.21779069866435996,0.5553112086219811,-0.3921957548899708,7,20565.0,Andris Biedrins
2741,D,1.454326702561853,1.4775368536404117,0.9842913217214362,1,1908.0,Robert Swift
2742,D,0.3514771901627558,0.47240709418957766,0.7440133615387823,9,22629.0,Sebastian Telfair
2743,D,0.1353975076402142,0.42503753095745983,0.31855423998725785,12,26801.0,Kris Humphries
2744,D,-0.7789212740675738,0.38170212751665505,-2.040652168053705,13,49451.0,Al Jefferson
2745,D,-0.11613396036048806,0.7380415762383491,-0.1573542251540892,4,6624.0,Kirk Snyder
2746,D,0.7145410131399949,0.4142688873074441,1.7248242265649745,12,55547.0,Josh Smith
2747,D,-0.2537686622223948,0.39389349405358665,-0.644257054390117,14,50903.0,JR Smith
2748,D,0.32679798612917793,0.5204505702145722,0.6279135903231793,8,23432.0,Dorell Wright
2749,D,-0.4999914237937792,0.3745200370724835,-1.33501915598981,14,47449.0,Jameer Nelson
2751,D,-0.4911797813616032,1.0142865858434817,-0.4842613401548021,2,3686.0,Viktor Khryapa
2753,D,0.8226035179298729,0.5497375980258392,1.4963566634043615,7,21829.0,Delonte West
2754,D,0.9297680662722136,0.4140263102250668,2.2456738697760223,13,34133.0,Tony Allen
2755,D,-1.0643206145946784,0.43680565764342383,-2.436599883656983,11,42089.0,Kevin Martin
2756,D,-0.9059409160399476,0.5568915776741891,-1.6267814999528882,7,15697.0,Sasha Vujacic
2757,D,-0.026135295654976336,0.39347872619702723,-0.06642111482766559,13,35479.0,Beno Udrih
2758,D,1.0793666276083174,0.8525834010566868,1.2659953574870877,3,4768.0,David Harrison
2760,D,0.6113527360017568,0.4108257653298315,1.4881070945268784,12,28425.0,Anderson Varejao
2761,D,0.3208577441537265,1.4618078845503222,0.21949378406344275,1,1331.0,Jackson Vroman
2766,D,1.440758429748625,1.3761392333751163,1.0469568738440975,1,1065.0,Antonio Burks
2767,D,0.18686561384442066,0.5995548993262186,0.311673900178984,6,10273.0,Royal Ivey
2768,D,0.11175994620013557,0.4793935632985151,0.23312775714208622,9,30490.0,Chris Duhon
2770,D,1.7242987689662503,1.514174687706,1.1387713603762535,1,1947.0,Justin Reed
2772,D,0.12195415144848737,0.3501808842703309,0.34826044746160906,17,64526.0,Trevor Ariza
2774,D,1.8298273108730856,1.53498271397088,1.192083333720069,1,2629.0,Bernard Robinson
2776,D,-0.6379399412300641,1.4483409942872958,-0.4404625317838108,1,1126.0,Pape Sow
2804,D,-0.5742676349470656,0.5699564862478644,-1.0075639962053635,7,23550.0,Andres Nocioni
2853,D,2.4914233279685725,1.5042744202321086,1.6562292720394378,1,1663.0,Earl Barron
2863,D,-0.25193978507470455,0.5269716829733327,-0.478089797260423,8,20215.0,Damien Wilkins
2866,D,2.8515362315582826,1.4359387774825816,1.9858341290549018,1,1405.0,Jackie Butler
101106,D,0.9208958632006591,0.43225623785166883,2.130439731251882,11,36942.0,Andrew Bogut
101107,D,-0.022243437624475122,0.38035548719732687,-0.058480653949223346,15,58347.0,Marvin Williams
101108,D,0.20664121844783484,0.30857927393805223,0.6696535895321291,20,89254.0,Chris Paul
101109,D,-0.2156670235564221,0.4058882662071656,-0.5313457951660655,12,54385.0,Raymond Felton
101110,D,-0.7697444867121956,0.5231481983684109,-1.4713698510534237,8,25742.0,Martell Webster
101111,D,-0.4923570290425549,0.49431806088269725,-0.9960328541574214,9,25531.0,Charlie Villanueva
101112,D,-0.01129340739751139,0.42464383946323336,-0.026595010566470727,12,37740.0,Channing Frye
101113,D,1.104816197447371,1.0528889688302554,1.0493188077322206,2,3507.0,Ike Diogu
101114,D,-0.22147027179199597,0.3967324056842009,-0.5582359006193368,12,55500.0,Deron Williams
101115,D,0.2742135220179949,0.5451889313504744,0.5029697160922677,7,19834.0,Andrew Bynum
101118,D,-0.26133870514045376,1.5200228961829345,-0.17193076880402577,1,1620.0,Sean May
101119,D,0.6718971562447781,0.744300304567165,0.9027232047627715,4,9695.0,Rashad McCants
101120,D,0.34672153893574953,0.7598653736967783,0.45629337898229794,4,10265.0,Antoine Wright
101121,D,0.44969136264014065,0.6763453883213321,0.6648842002992885,5,11279.0,Joey Graham
101122,D,0.030146681549066204,0.47554377186162905,0.06339412548933163,9,36298.0,Danny Granger
101123,D,0.0010147551746969513,0.50519364412647,0.0020086459647598374,9,23634.0,Gerald Green
101124,D,-0.35808583880203093,0.6041534819504707,-0.5927067367814778,6,18867.0,Hakim Warrick
101126,D,0.21072644741474963,0.4674103952531244,0.45083817038478896,10,26879.0,Nate Robinson
101127,D,-0.27017076996843475,0.41200852875497834,-0.6557407216419674,12,46505.0,Jarrett Jack
101128,D,0.29459464404980945,0.501410232053778,0.5875321746888746,9,23076.0,Francisco Garcia
101129,D,0.22993825780882396,0.6663850690165211,0.34505313594162074,5,13923.0,Luther Head
101130,D,0.395370975363024,0.6050474673238827,0.6534544754178458,6,12572.0,Johan Petro
101131,D,0.048289840164399266,0.5154515966997815,0.09368452920425252,8,19980.0,Jason Maxiell
101132,D,0.3041275043148954,0.6103005940361838,0.498324116487529,6,15726.0,Linas Kleiza
101133,D,0.39232177603743795,0.46839034214374015,0.8375957844088976,9,19054.0,Ian Mahinmi
101135,D,-0.12315549139269677,0.4187469875866728,-0.2941047817501156,12,48068.0,David Lee
101136,D,1.1436275205811641,1.07854269770286,1.0603451518580815,2,4457.0,Salim Stoudamire
101137,D,1.3896589910413022,1.0433880623297835,1.3318716604235719,2,3217.0,Daniel Ewing
101138,D,-0.4757316708529066,0.4588192859715832,-1.0368606669301403,10,30829.0,Brandon Bass
101139,D,0.2951220664259282,0.43394994720971075,0.6800831946715445,12,32707.0,CJ Miles
101141,D,-0.10447627091449269,0.4356268304696385,-0.23982974327329518,12,37515.0,Ersan Ilyasova
101142,D,0.016253457576620972,0.5601865749843831,0.029014364682113433,7,15148.0,Ronny Turiaf
101143,D,-0.6003486867877587,1.038727401332394,-0.5779655817471271,2,4253.0,Travis Diener
101144,D,2.3439978347202715,1.017083018827124,2.304627834041821,2,3413.0,Von Wafer
101145,D,-0.15044265267078696,0.40553862803402974,-0.3709699699880697,12,58787.0,Monta Ellis
101146,D,2.880518833306108,1.4256129718063368,2.02054757516433,1,1769.0,Roko Ukic
101150,D,-0.27281210052138344,0.3663597493746786,-0.7446563138746355,16,54237.0,Lou Williams
101153,D,0.7873752246888376,1.0507633203225673,0.7493364199724123,2,3595.0,Mickael Gelabale
101154,D,-0.3124916754899964,0.5152827960512805,-0.6064469411451058,8,23508.0,Andray Blatche
101155,D,0.1322201390803056,0.5949196365470437,0.22224873908637607,6,25183.0,Ryan Gomes
101158,D,2.2759382006362676,1.4712898281491518,1.5468999765323905,1,2416.0,Orien Greene
101160,D,0.9072205566308256,1.491981238848815,0.608064319448695,1,1890.0,Lawrence Roberts
101161,D,1.038006293306199,0.42331970828512755,2.4520622900152067,12,35086.0,Amir Johnson
101162,D,-0.05757905626324901,0.40903852965401655,-0.14076682778991995,11,40629.0,Marcin Gortat
101177,D,-0.29760770117746055,0.741346340773744,-0.40144219349197446,4,8071.0,Fabricio Oberto
101179,D,0.8597888751424635,0.5456473286116587,1.5757226876380106,7,10984.0,Ronnie Price
101180,D,1.0929158387785622,1.0516848686721065,1.0392046813020286,2,4961.0,Sarunas Jasikevicius
101181,D,-0.7843871164464753,0.37701140287461415,-2.0805395021628708,14,45566.0,Jose Calderon
101187,D,1.0968998279293876,0.7494834445887161,1.4635411040083994,4,10719.0,Alan Anderson
101189,D,0.5289636006991085,0.865679767476112,0.611038423875033,3,5030.0,James Singleton
101198,D,-0.28525228195677405,0.6503691996370948,-0.43860053968721835,5,11119.0,Will Bynum
101211,D,0.9251579434178486,0.8715793775746552,1.0614729618687015,3,4772.0,Stephen Graham
101214,D,-0.843464530891717,1.5145613917223095,-0.5569034939762705,1,1442.0,Jawad Williams
101235,D,-0.07383294754368806,0.8671173659545189,-0.0851475826025155,3,9923.0,Kelenna Azubuike
101236,D,1.103349922528598,0.5181931034938001,2.1292254086160356,8,21168.0,Chuck Hayes
101249,D,0.49706684589300504,0.8073147108765042,0.6157039370103116,3,4037.0,John Lucas III
200081,D,0.5428714638815519,0.7504064788968974,0.723436536261756,4,12094.0,Jamario Moon
200745,D,-1.1747653320100957,0.46390670538733175,-2.5323310018320244,10,30361.0,Andrea Bargnani
200746,D,0.16104276028466247,0.3519027407847218,0.45763428817163193,16,69239.0,LaMarcus Aldridge
200747,D,-0.38046037461617455,1.0430871843654974,-0.3647445585745605,2,5860.0,Adam Morrison
200748,D,-0.060513737375760886,0.62097056438499,-0.09745025102066435,6,14723.0,Tyrus Thomas
200749,D,0.19661190576715562,0.6046086429410917,0.32518871184299614,6,10733.0,Shelden Williams
200750,D,-0.7757333998519329,0.6496764052107018,-1.1940304336592746,5,20969.0,Brandon Roy
200751,D,-0.14527921966419444,0.4434031467533893,-0.3276458922944798,11,37676.0,Randy Foye
200752,D,0.3625081056585365,0.35574237522927,1.0190186238704515,17,68300.0,Rudy Gay
200755,D,-0.2736609126353059,0.39014218545187573,-0.7014389185274663,14,47489.0,JJ Redick
200756,D,0.2394794531553304,0.8233907059558808,0.2908454654917641,3,4542.0,Hilton Armstrong
200757,D,0.7142496968317285,0.4120883570362436,1.7332440595231606,13,37094.0,Thabo Sefolosha
200758,D,0.24193297440571143,0.5505749772328705,0.439418761131572,7,22133.0,Ronnie Brewer
200759,D,-0.09052135462400647,1.4309460474336808,-0.06325979570393397,1,1020.0,Cedric Simmons
200760,D,0.6746339938782134,0.7630847651426308,0.8840878821006409,4,8295.0,Rodney Carney
200761,D,-0.09052402656665491,0.6740759437108156,-0.13429351308447005,5,9299.0,Shawne Williams
200763,D,1.1286496080581367,1.4907575456420177,0.7570980347257383,1,1786.0,Quincy Douby
200764,D,1.1865207080214475,0.8763014995569899,1.3540096743201826,3,5419.0,Renaldo Balkman
200765,D,-0.6110586824421067,0.3600739364108255,-1.6970366934443173,16,56623.0,Rajon Rondo
200766,D,0.291315766588484,0.8249629396110183,0.3531258831164507,3,5937.0,Marcus Williams
200767,D,0.4623000059512028,0.7198903521811837,0.6421811384893377,4,8557.0,Josh Boone
200768,D,0.3960405268498884,0.34169544060948454,1.1590453947628572,18,72602.0,Kyle Lowry
200769,D,0.11515865646920177,0.711015483722075,0.16196364088495085,4,11674.0,Shannon Brown
200770,D,0.17874317802251996,0.4898129317043991,0.364921312715343,8,18624.0,Jordan Farmar
200771,D,-0.34836479369909956,0.6336744420013662,-0.5497535810326218,5,10210.0,Sergio Rodriguez
200776,D,0.6816512751691746,0.8548463996458691,0.7973962052733183,3,4450.0,Mardy Collins
200777,D,0.8325494040856488,1.0099383962853052,0.824356621302727,2,2655.0,Joel Freeland
200779,D,0.10891539420749757,0.7371610679707752,0.14774979165315272,4,8396.0,Steve Novak
200780,D,0.10065398943730965,0.7093690087157988,0.14189228483427532,4,5081.0,Solomon Jones
200782,D,-0.027569465213778642,0.4450243766722191,-0.061950460826294955,11,48949.0,P.J. Tucker
200783,D,0.4348696061148794,0.6589869308457406,0.6599062678781351,5,12089.0,Craig Smith
200784,D,1.1616584577132296,1.473744066400594,0.7882362237769084,1,1048.0,Bobby Jones
200786,D,-1.1133470606830105,1.4848927342340155,-0.7497828193343087,1,1572.0,David Noel
200789,D,0.4013652089904515,0.5611894289034429,0.7152045072814612,7,17705.0,Daniel Gibson
200792,D,-0.5628042108962614,1.0319651983995655,-0.5453713088087587,2,2493.0,Alexander Johnson
200794,D,0.6821221040256411,0.3666760571212823,1.8602853684554086,15,59052.0,Paul Millsap
200796,D,1.1640045646720418,0.833459877546251,1.3965934006312717,3,5233.0,Leon Powe
200797,D,-0.5502889508466828,0.7372714592687586,-0.7463858039377668,4,7029.0,Ryan Hollins
200809,D,-0.16468931497661657,1.0195389494463662,-0.16153312736707778,2,4213.0,Chris Quinn
200810,D,2.1347185380161804,1.4499555820705496,1.4722647813581868,1,1379.0,Allan Ray
200811,D,0.666512822391666,0.6411463437545777,1.0395642568723722,5,9051.0,Lou Amundson
200814,D,0.838433371082012,1.43575062075943,0.5839686634706303,1,1943.0,Tarence Kinsey
200816,D,2.9771003442938317,1.5126882562436532,1.9680858445259863,1,3689.0,Jorge Garbajosa
200817,D,1.2824292968057465,1.4721523627866502,0.8711253870341414,1,1765.0,Pooh Jeter
200821,D,0.7730489936454605,0.8723914738797602,0.8861262595879154,3,5121.0,Yakhouba Diawara
200826,D,-0.18409159594937805,0.44356744420236993,-0.4150250392708926,11,29818.0,J.J. Barea
200835,D,1.1350754772854554,1.031897336701474,1.099988765271744,2,2978.0,Walter Herrmann
201141,D,-0.02218379344709535,1.4160777746520705,-0.015665660350149834,1,2325.0,Greg Oden
201142,D,0.09843376869852218,0.34341986390916845,0.28662805808040576,17,83749.0,Kevin Durant
201143,D,0.20080298038608457,0.3500666781643995,0.5736135225409337,17,69603.0,Al Horford
201144,D,-0.0063398059859301956,0.34165855030867737,-0.018555970515599235,17,70367.0,Mike Conley
201145,D,-0.40569593582871016,0.3724570060395167,-1.0892423266315654,16,65550.0,Jeff Green
201146,D,0.17386549316874542,0.7381932385630007,0.235528428175798,4,11038.0,Yi
201147,D,0.1689400502593614,0.4457215718489202,0.37902596806919764,11,37559.0,Corey Brewer
201148,D,0.009582921810697627,0.6574258225301733,0.01457643049951511,5,10208.0,Brandan Wright
201149,D,0.24218420081503564,0.43081478872498463,0.5621538701858181,11,35492.0,Joakim Noah
201150,D,-0.49033097580153945,0.4659199182167685,-1.0523932474881097,10,30462.0,Spencer Hawes
201151,D,0.18194530327303485,0.8411754652528304,0.21629887079308469,3,4178.0,Acie Law
201152,D,0.39036055580648055,0.36417296193134346,1.0719097698419306,16,64405.0,Thaddeus Young
201153,D,0.8366793009347014,0.745301499346438,1.1226051492830667,4,5827.0,Julian Wright
201154,D,-0.5496631091031653,0.747641004633891,-0.7351965792356819,4,15804.0,Al Thornton
201155,D,0.10857128782044685,0.4639903338172067,0.23399471908658234,10,33777.0,Rodney Stuckey
201156,D,0.12117686991666482,0.45126531928043534,0.26852688371862315,11,32341.0,Nick Young
201157,D,-0.37638310368369404,1.5431544850931969,-0.24390500583028982,1,2469.0,Sean Williams
201158,D,-0.6322705054656153,0.4345632336025128,-1.4549562792602508,12,38330.0,Marco Belinelli
201159,D,0.1859570413052956,1.051800580488021,0.17679876276452908,2,3625.0,Javaris Crittenton
201160,D,0.16617080327711078,0.4926312648521015,0.33731274308584297,9,18445.0,Jason Smith
201161,D,0.8254973121141382,0.664602900350516,1.2420910466667623,5,10568.0,Daequan Cook
201162,D,0.5743159396015074,0.4266193140155272,1.3462023887193364,12,38714.0,Jared Dudley
201163,D,-0.11457070290267053,0.45198067381955404,-0.25348584472532343,11,40518.0,Wilson Chandler
201164,D,0.09609226387093595,0.7414542411685394,0.1295997224582512,4,11139.0,Rudy Fernandez
201166,D,-0.3847552145352657,0.4823012639705696,-0.7977487169901835,9,25787.0,Aaron Brooks
201167,D,-0.1852895883269577,0.44161432620880825,-0.41957331846011564,11,40535.0,Arron Afflalo
201168,D,0.7542351615619373,0.5984539377823542,1.2603061220665535,6,13227.0,Tiago Splitter
201171,D,-0.41675824631848585,0.5199427651858012,-0.8015463897637994,8,21762.0,Carl Landry
201175,D,0.46848544794168706,0.5186954430381752,0.9031994674902267,8,20471.0,Glen Davis
201177,D,-0.6490535645806642,0.5895663074701124,-1.1009000283035466,6,14106.0,Josh McRoberts
201181,D,0.517828766642074,1.4154232552189026,0.36584729319145537,1,1074.0,Chris Richard
201187,D,-0.02015943106532718,0.7387085933699178,-0.027290099568710563,4,8913.0,Dominic McGuire
201188,D,0.2741135260392479,0.39060017053378904,0.7017752339038869,13,55011.0,Marc Gasol
201189,D,-0.0032140483271799877,0.8445499683035059,-0.003805634299692443,3,4124.0,Aaron Gray
201196,D,0.020518652903056666,0.47477772290165554,0.043217387660176416,9,30238.0,Ramon Sessions
201202,D,0.12484466972798645,0.6462316588531619,0.19318872422552408,5,10817.0,Joel Anthony
201228,D,0.06102191522751707,0.4837154169908192,0.12615251258091542,9,23228.0,C.J. Watson
201229,D,0.2035561155631071,0.4552564485217143,0.4471240686959717,11,27936.0,Anthony Tolliver
201274,D,1.0012038665270033,1.0540221971753732,0.9498887871717357,2,3789.0,Ivan Johnson
201446,D,0.7713572628339515,1.4859709284734828,0.5190931047529685,1,1489.0,Mike Taylor
201563,D,-0.4974728775751337,0.5309677761427546,-0.936917266786044,8,24633.0,Michael Beasley
201564,D,0.051389170638834795,0.5123669647051058,0.10029758782050278,8,32835.0,O.J. Mayo
201565,D,-0.07654770550122308,0.42554610461090076,-0.17988110964196158,11,40667.0,Derrick Rose
201566,D,-0.1916272140675352,0.32920953249706814,-0.5820828231006396,17,84684.0,Russell Westbrook
201567,D,0.35640172458072855,0.364640074653842,0.9774068988963042,16,54521.0,Kevin Love
201568,D,-0.009234351405002783,0.4136754990859874,-0.02232269357360058,13,44151.0,Danilo Gallinari
201569,D,0.19979071930767528,0.37706212045837223,0.529861549244993,16,57382.0,Eric Gordon
201570,D,0.0954975600308829,1.4795074950309832,0.06454685789130324,1,1443.0,Joe Alexander
201571,D,-0.3784787226848858,0.3836206441645548,-0.986596337924235,14,44571.0,D.J. Augustin
201572,D,-0.012376307091723727,0.3631024325787946,-0.034084891703494775,15,66323.0,Brook Lopez
201573,D,-0.639984129879984,0.47041912330226976,-1.3604551732238137,10,23913.0,Jerryd Bayless
201574,D,0.006896716901284578,0.5603922439717356,0.012306945671490105,7,28166.0,Jason Thompson
201575,D,-0.9871325123247775,0.6044725859245998,-1.6330476109431198,6,19673.0,Brandon Rush
201576,D,0.07976214005384441,0.6574733665559935,0.12131615379594467,5,7269.0,Anthony Randolph
201577,D,0.2526087282517931,0.3810747226379845,0.6628850281727234,14,40797.0,Robin Lopez
201578,D,-0.3385650910835203,0.4636336530143044,-0.7302427010687134,10,20981.0,Marreese Speights
201579,D,0.37572247491011956,0.4520877416533646,0.8310830847481867,9,31679.0,Roy Hibbert
201580,D,-0.5045269366041882,0.44905425287165623,-1.1235322533475407,11,26653.0,JaVale McGee
201581,D,-0.3713641156851483,0.5495319569639355,-0.6757825654705647,7,22394.0,JJ Hickson
201582,D,0.7294901965779264,0.7530190511190059,0.9687539717539483,4,6516.0,Alexis Ajinca
201583,D,-0.16837162074600265,0.462940790297715,-0.3637001194855257,10,31956.0,Ryan Anderson
201584,D,-0.3162421961381546,0.46123016390418814,-0.6856494238391744,10,41093.0,Courtney Lee
201585,D,0.4750466209262239,0.4887392017823083,0.9719838703215314,9,20865.0,Kosta Koufos
201586,D,-0.10449994941746599,0.396997270080979,-0.26322586398679826,13,49807.0,Serge Ibaka
201587,D,-0.21434152649254976,0.35730177066392044,-0.599889348698919,17,64498.0,Nicolas Batum
201588,D,0.39988962116829846,0.3762838382598772,1.0627339803314064,15,47958.0,George Hill
201589,D,1.1874097991067178,0.5681714368511144,2.089879430911749,7,16448.0,Darrell Arthur
201590,D,0.679386064650636,0.7553579615261935,0.8994226568790551,4,8574.0,Donte Greene
201591,D,0.3445036251095985,1.047364926030792,0.32892415675515013,2,3355.0,DJ White
201593,D,0.2738432341192567,0.6444425501891528,0.4249304054160917,5,12890.0,Nikola Pekovic
201595,D,0.7354141631922646,1.5187579774265063,0.48422077389736823,1,1739.0,Joey Dorsey
201596,D,0.2957805885567386,0.4754738485864956,0.6220754084289702,9,32902.0,Mario Chalmers
201599,D,-0.1705077241933471,0.3471707637166915,-0.49113503213216947,16,54284.0,DeAndre Jordan
201600,D,0.6506019002496568,0.581885502841104,1.1180926437813614,6,16633.0,Omer Asik
201601,D,0.5211218585846018,0.4781796457606896,1.0898035146510672,10,31079.0,Luc Mbah a Moute
201602,D,1.7186019545100897,1.5204929172926973,1.130292640606399,1,2329.0,Kyle Weaver
201603,D,0.08211118193572284,0.8656153108813279,0.09485874487608263,3,6568.0,Sonny Weems
201604,D,0.7801548336775153,0.7419392592625422,1.0515076860239985,4,8077.0,Chris Douglas-Roberts
201609,D,-0.3792736584499104,0.3754535957637485,-1.0101745268370412,15,50565.0,Goran Dragic
201611,D,1.6864073874836225,0.7297516286567582,2.3109333659011693,4,5569.0,Henry Walker
201616,D,1.4400862881484136,1.4327101734982999,1.0051483648169421,1,1021.0,Darnell Jackson
201623,D,0.8529911362120873,1.4186811930878447,0.6012563924636943,1,1094.0,Semih Erden
201627,D,0.4257142825085152,0.5322557869478515,0.7998302563316707,8,23593.0,Anthony Morrow
201628,D,-0.41431506461626566,1.4805633388837556,-0.2798360959880522,1,1813.0,Bobby Brown
201805,D,0.4587539723956014,1.5088350197704952,0.3040451516464545,1,1653.0,Chris Hunter
201814,D,-0.17827164525327635,1.0547424122918392,-0.16901913033525567,2,2996.0,Gary Forbes
201858,D,0.6421870464870828,0.8515220179164826,0.7541637596857402,3,4116.0,Cartier Martin
201880,D,0.5313560327025205,0.8495655052246289,0.625444452999569,3,5659.0,Greg Stiemsma
201933,D,0.09715146174436898,0.3949157975153581,0.24600550891001213,13,47999.0,Blake Griffin
201934,D,1.9627494818278572,1.0340567820649005,1.8981060961743872,2,3233.0,Hasheem Thabeet
201935,D,-0.4773520933291936,0.3561554534624096,-1.3402914055886432,16,80723.0,James Harden
201936,D,0.1771012404151622,0.46943524835426786,0.37726447052290696,10,35681.0,Tyreke Evans
201937,D,0.5095965515924674,0.409569625180129,1.2442244743328963,12,41856.0,Ricky Rubio
201938,D,-0.8553078988125968,0.9092410399389735,-0.9406833405474124,2,6710.0,Jonny Flynn
201939,D,-0.13124255466038212,0.36279720193569936,-0.3617518381071831,15,72515.0,Stephen Curry
201941,D,0.10308699681630844,0.5996033764702493,0.17192531073317485,6,14220.0,Jordan Hill
201942,D,-0.11709071123646232,0.3598402836885336,-0.32539633983229166,16,81739.0,DeMar DeRozan
201943,D,-0.646785467956588,0.4935950646384072,-1.31035643241369,8,32682.0,Brandon Jennings
201944,D,0.36461270114054817,1.044608371252729,0.3490424844128834,2,4512.0,Terrence Williams
201945,D,-0.15047032384404785,0.5483813728666075,-0.27438992513089866,7,26099.0,Gerald Henderson
201946,D,0.3481958621618804,0.5806211510232122,0.5996954495168919,6,13262.0,Tyler Hansbrough
201947,D,-0.49553019656365227,0.8586901273798089,-0.5770768531783449,3,5249.0,Earl Clark
201948,D,0.5168729158337306,0.7377848606172975,0.7005740337383285,4,6934.0,Austin Daye
201949,D,0.11179176769542955,0.42225926432866956,0.26474674954299016,13,30422.0,James Johnson
201950,D,0.6344610846183865,0.36553709438815096,1.735695485790218,16,69056.0,Jrue Holiday
201951,D,-0.41580996457715647,0.5137230592550831,-0.8094049061766778,8,32326.0,Ty Lawson
201952,D,-0.5168458324376413,0.39544004111307857,-1.307014411041511,12,44207.0,Jeff Teague
201953,D,0.19721344950373657,0.8245986380284429,0.23916295808499027,3,6685.0,Eric Maynor
201954,D,-0.5049759158629415,0.44328024617729245,-1.1391798308580021,10,41354.0,Darren Collison
201956,D,0.2800917962506711,0.5002874687858336,0.5598617069710667,9,23237.0,Omri Casspi
201957,D,-1.4352877300587152,1.0461028205481397,-1.3720331327532884,2,5547.0,Byron Mullens
201958,D,0.2928859728246597,0.8423324870506026,0.3477082711723367,3,4741.0,Rodrigue Beaubois
201959,D,0.37933981196968525,0.4007988416799458,0.9464593519773781,13,42752.0,Taj Gibson
201960,D,0.74688761954846,0.5258441281540545,1.4203593414085767,8,25982.0,DeMarre Carroll
201961,D,0.5709883012785665,0.4353127005854262,1.3116738852569159,12,31155.0,Wayne Ellington
201962,D,-0.4347439023338566,0.6029213962173373,-0.7210623226533213,6,13856.0,Toney Douglas
201963,D,1.4340156019721384,1.484474067899009,0.966009196780187,1,1854.0,Christian Eyenga
201964,D,0.6431750575779211,1.5122453303800927,0.4253113199670211,1,1544.0,Victor Claver
201965,D,0.649165449462585,1.5015289212602134,0.4323362942072065,1,1907.0,Jeff Pendergraph
201967,D,-0.21267703445958175,0.4768316363171216,-0.44602123320135323,10,29411.0,Dante Cunningham
201970,D,-0.2588450068197425,0.8549216574979055,-0.3027704404837547,3,6978.0,Sam Young
201971,D,-0.4569267372572282,0.6553074385454619,-0.6972707928837725,5,12991.0,DeJuan Blair
201972,D,0.23126867220498323,1.038211382622434,0.22275682589880508,2,2566.0,Jon Brockman
201973,D,0.24841384927326618,0.501529716714052,0.4953123234667663,9,22092.0,Jonas Jerebko
201974,D,0.2249995057566046,0.83486342702877,0.26950456622272295,3,4867.0,Derrick Brown
201975,D,-0.6271450803420876,0.528462330156948,-1.1867356376297094,8,23787.0,Jodie Meeks
201976,D,0.30992106318825047,0.4540860075417666,0.6825162150801224,11,35173.0,Patrick Beverley
201977,D,-0.18817559452336216,0.5297910358728728,-0.35518833234565383,8,22285.0,Marcus Thornton
201978,D,0.4199210637340563,0.60833078444094,0.6902840929215287,6,14865.0,Chase Budinger
201979,D,1.993565476808376,1.0207460443075174,1.9530474675126734,2,3857.0,Nick Calathes
201980,D,0.13466157989140784,0.4488122017577191,0.300039926196351,11,40776.0,Danny Green
201985,D,0.5616798884191954,0.6893999537664013,0.814737345644669,4,6830.0,AJ Price
201986,D,0.5389371633114736,1.482501177895222,0.3635323676954028,1,1799.0,Nando De Colo
201988,D,0.1678558934722276,0.419463432743531,0.40016812043508526,12,35271.0,Patty Mills
202066,D,0.14474357509982316,0.47964002007075723,0.30177543374814797,10,28710.0,Garrett Temple
202083,D,0.011598379759294413,0.3975780368023621,0.029172586726816656,14,55640.0,Wesley Matthews
202087,D,0.10554544430018495,0.5947553147827295,0.17746027933981864,6,17291.0,Alonzo Gee
202130,D,-0.7364378151797853,0.8506963788537649,-0.8656881979115364,3,6258.0,Reggie Williams
202178,D,0.8085340658297446,1.4649157626258436,0.5519321222815278,1,1528.0,Sundiata Gaines
202322,D,0.04436418099263472,0.4108489784983735,0.10798172397746476,11,45509.0,John Wall
202323,D,-0.2833181415376061,0.49374445947023726,-0.5738153332223557,9,37248.0,Evan Turner
202324,D,0.15532539688811622,0.4177022083533907,0.37185677686603347,12,37325.0,Derrick Favors
202325,D,0.23115822121565655,0.4947059016124311,0.467263924813158,9,26999.0,Wesley Johnson
202326,D,-4.6708982871543127e-05,0.4421807653278824,-0.00010563323087314268,11,38948.0,DeMarcus Cousins
202327,D,0.9471741285384732,0.6654214987339587,1.423419787819572,5,10270.0,Ekpe Udoh
202328,D,-0.33394937164342536,0.4675636636110491,-0.7142329433050788,9,33791.0,Greg Monroe
202329,D,0.5757505134330511,0.48401706361302815,1.189525239327851,9,33362.0,Al-Farouq Aminu
202330,D,0.01023276840451673,0.4110156497846516,0.024896298741612657,13,50737.0,Gordon Hayward
202331,D,0.6142142840476613,0.3852054390140446,1.5945109332302732,14,60953.0,Paul George
202332,D,0.7451879809032605,0.8197515632559744,0.9090412440855197,3,4475.0,Cole Aldrich
202333,D,1.2289280329925882,0.7334432157672014,1.6755598887189873,4,5441.0,Xavier Henry
202334,D,0.3661940233836758,0.479316575741645,0.7639919875857933,9,25269.0,Ed Davis
202335,D,-0.1569260007730257,0.43931373556133657,-0.35720713483386146,11,29515.0,Patrick Patterson
202336,D,1.227869841204176,0.630793774458111,1.9465471774178311,5,8967.0,Larry Sanders
202337,D,0.08913800106238441,0.6054110751741233,0.14723549785861992,6,9335.0,Luke Babbitt
202338,D,0.1258081467576503,0.542642443391002,0.23184354318373698,7,12390.0,Kevin Seraphin
202339,D,-0.10211704677811086,0.4423049889940555,-0.2308747342198378,11,42015.0,Eric Bledsoe
202340,D,0.5257054475844575,0.45153029280559726,1.1642750352760844,11,36132.0,Avery Bradley
202341,D,0.4270802051050993,0.8556203287124412,0.4991468654651769,3,7538.0,James Anderson
202343,D,0.48601416127911634,1.5140538225740667,0.3210019049737849,1,2432.0,Elliot Williams
202344,D,-0.0371202340231472,0.5278785907640509,-0.07031964294937482,8,21357.0,Trevor Booker
202347,D,0.8032312847192484,0.7452659703434814,1.0777780237960572,4,9028.0,Quincy Pondexter
202348,D,-0.32486423284360666,0.7341860499317792,-0.44248216494142484,4,12439.0,Jordan Crawford
202349,D,-0.3498921724409224,0.6303054976562827,-0.55511521594204,5,16965.0,Greivis Vasquez
202355,D,-0.23426592551734404,0.5025860805699761,-0.46612099812168734,8,24964.0,Hassan Whiteside
202357,D,0.237579750760782,0.5761818287571391,0.412334681350949,7,18760.0,Nemanja Bjelica
202361,D,0.3584683756664314,0.8607573619975954,0.4164569383810078,3,10790.0,Landry Fields
202362,D,-0.7566429149160662,0.5652856539874174,-1.338514270756477,7,23176.0,Lance Stephenson
202376,D,0.9189321401317398,1.4442817232871463,0.6362554654782137,1,1251.0,Luke Harangody
202379,D,1.405678448587744,1.4453820924046998,0.9725306934231485,1,2316.0,Jeremy Evans
202388,D,-0.015701433371404037,0.8056446901780823,-0.01948927804381525,3,6031.0,Donald Sloan
202389,D,-0.06687917158070848,0.5979074467845823,-0.11185539156665515,6,14777.0,Timofey Mozgov
202390,D,-1.2012866594531075,0.6184829868368155,-1.9423115672057487,6,14747.0,Gary Neal
202391,D,0.032879222788924765,0.550583146133467,0.05971708908967312,7,24264.0,Jeremy Lin
202396,D,1.7923459840638412,1.0139564484958712,1.767675511825634,2,2945.0,Samardo Samuels
202397,D,-0.10502473195705961,0.46348650542961156,-0.22659717322235917,10,28362.0,Ish Smith
202399,D,-0.20439252685842174,1.0466809980155447,-0.19527681045699677,2,3254.0,Jeff Adrien
202407,D,3.652620920068814,1.4913030750753626,2.449281424491282,1,1761.0,Elijah Millsap
202412,D,0.7827189481175534,1.4936463294562699,0.5240323178797524,1,1809.0,Manny Harris
202498,D,0.8485098945063944,0.5731547001489289,1.4804203721716267,7,14099.0,Lance Thomas
202681,D,-0.6800539006577003,0.393840910884861,-1.726722343622939,14,53924.0,Kyrie Irving
202682,D,-0.5571523800227688,0.6151942019256531,-0.90565284633502,6,17522.0,Derrick Williams
202683,D,-0.3447574126138168,0.45219891020149794,-0.7624021306468748,10,31098.0,Enes Kanter
202684,D,-0.19832205076698958,0.4236085232829206,-0.4681729471116751,12,39483.0,Tristan Thompson
202685,D,-0.6908273870332067,0.40163192717657076,-1.7200509727641646,13,46822.0,Jonas Valanciunas
202686,D,-0.27143597016377624,0.8537569779653664,-0.3179311878781357,3,4739.0,Jan Vesely
202687,D,-0.13506329376737927,0.38666170002300615,-0.34930610856814387,14,33107.0,Bismack Biyombo
202688,D,-0.5212277896268682,0.5461771046570302,-0.9543201009023826,7,24938.0,Brandon Knight
202689,D,-0.21347161356169536,0.42344525865681487,-0.5041303667889346,11,48879.0,Kemba Walker
202690,D,-0.22344945195889,0.7272252031571049,-0.30726307475157383,4,6150.0,Jimmer Fredette
202691,D,-0.3809461650121622,0.41971940721098316,-0.9076210403124616,12,56970.0,Klay Thompson
202692,D,0.12183717261203189,0.40531356269939245,0.30059979192552816,14,35032.0,Alec Burks
202693,D,0.19902448187507865,0.4680993946658664,0.42517568734978634,10,34787.0,Markieff Morris
202694,D,-0.4847447740520366,0.4373686143270599,-1.1083208949454915,12,44004.0,Marcus Morris Sr.
202695,D,0.2788151773013342,0.43047385233344476,0.6476936422269944,12,45800.0,Kawhi Leonard
202696,D,-0.18019432349044956,0.3682926992954038,-0.4892693334274257,14,61414.0,Nikola Vučević
202697,D,0.4279412220788261,0.5759877177714493,0.7429693531219225,7,21387.0,Iman Shumpert
202698,D,1.9929264370831548,1.0618032562127573,1.8769262812317322,2,4545.0,Chris Singleton
202699,D,0.45703744162705995,0.4057230132416341,1.1264765041929352,13,60737.0,Tobias Harris
202700,D,-0.0024965747204652574,0.7410566260832929,-0.0033689392046332618,4,8143.0,Donatas Motiejunas
202701,D,-0.5393309279336483,1.3362961035945493,-0.40360136236488553,1,1027.0,Nolan Smith
202702,D,-1.10575322032134,0.5590662276541059,-1.9778573013812404,7,22466.0,Kenneth Faried
202703,D,0.6562532834063232,0.6786677898696507,0.9669727858049184,5,15691.0,Nikola Mirotic
202704,D,0.011591342185614258,0.41401163703978877,0.027997624096977414,12,41909.0,Reggie Jackson
202705,D,-0.8223447430583177,1.0477259709761764,-0.7848853286438354,2,4796.0,MarShon Brooks
202706,D,0.33913585930927237,1.5562361624222103,0.2179205621217688,1,2091.0,Jordan Hamilton
202708,D,-0.7038528968432279,0.636347722086145,-1.1060822132524968,5,15101.0,Norris Cole
202709,D,0.10583958991179192,0.4502716227905819,0.235057206705245,11,34902.0,Cory Joseph
202710,D,0.4784426628288372,0.4124624292469595,1.159966651271339,13,56145.0,Jimmy Butler III
202711,D,-0.8316623574862049,0.4624935891173082,-1.79821380675454,10,42297.0,Bojan Bogdanovic
202713,D,0.23976870262367797,0.7517551008441763,0.3189452287778719,4,14381.0,Kyle Singler
202714,D,0.14318027250127294,0.5568262849130461,0.25713633925099627,7,15596.0,Shelvin Mack
202716,D,0.5141073230064596,1.4260318804023808,0.36051600954488816,1,1240.0,Jordan Williams
202718,D,-0.5744699862453327,0.5548303918107558,-1.0353974741190382,7,25060.0,Chandler Parsons
202719,D,-0.11266220239289018,1.3299266693961989,-0.08471309357533227,1,1109.0,Jeremy Tyler
202720,D,0.46314918989671294,0.6585328110216538,0.7033046526234267,5,10339.0,Jon Leuer
202721,D,1.422638691966754,1.4816560543786463,0.9601679740466879,1,1359.0,Darius Morris
202722,D,-0.05420037817942754,0.5433157636883499,-0.09975852313115895,8,17846.0,Davis Bertans
202724,D,1.3685268893529745,1.3978134432961724,0.9790483099989813,1,1748.0,Charles Jenkins
202725,D,3.66697197291408,1.411761264740153,2.5974448120228164,1,1078.0,Josh Harrellson
202730,D,0.8982647211075035,0.6060908427053958,1.4820628490243095,6,13529.0,Lavoy Allen
202732,D,-0.25848438960953946,1.0924369650410946,-0.23661263567716784,2,3002.0,DeAndre Liggins
202734,D,-0.5588933949951284,0.575064798383499,-0.9718789892307297,7,23224.0,E'Twaun Moore
202738,D,-0.7503743989338547,0.5172765949067855,-1.450625074326191,8,30484.0,Isaiah Thomas
202951,D,0.7320773177316157,1.459140053369195,0.5017183347419111,1,1216.0,Jeremy Pargo
202954,D,0.27686732518467927,1.0791784403679847,0.25655379576548193,2,5012.0,Brad Wanamaker
202962,D,0.5299592455342386,1.5031924351923551,0.3525558226125737,1,2201.0,Greg Smith
202970,D,0.9725835692689171,1.0510185906268439,0.9253723748966735,2,3440.0,Gustavo Ayon
203076,D,0.8271537779623606,0.40642918141967743,2.0351732005882823,13,55272.0,Anthony Davis
203077,D,0.6391491722690789,0.6129464996019885,1.042748710832193,6,20531.0,Michael Kidd-Gilchrist
203078,D,-0.3211335169673468,0.40720932801963433,-0.7886202374810598,13,56014.0,Bradley Beal
203079,D,-0.14908164777783933,0.5731924425741233,-0.2600900442935631,7,23038.0,Dion Waiters
203080,D,-0.9266103892701647,0.6634419947497622,-1.3966712939533843,5,8203.0,Thomas Robinson
203081,D,-0.07903847382295534,0.3935152846628921,-0.2008523605141901,13,66314.0,Damian Lillard
203082,D,-0.8453794589316141,0.45624954528029504,-1.8528883320031777,11,35925.0,Terrence Ross
203083,D,-0.41552453571453035,0.3905970435990243,-1.063818947234777,13,47920.0,Andre Drummond
203084,D,-0.10113530761190152,0.4061863829892262,-0.24898743987334518,13,63304.0,Harrison Barnes
203085,D,-0.24437829805071173,0.45655032563851394,-0.5352713256943439,11,33890.0,Austin Rivers
203086,D,0.08244925264854275,0.6156540103343309,0.1339214092080204,6,12979.0,Meyers Leonard
203087,D,0.09002289368232251,0.5034091826181356,0.17882648308902616,9,23692.0,Jeremy Lamb
203088,D,-0.16263492395361334,1.0181255967224685,-0.15973954930233042,2,4453.0,Kendall Marshall
203089,D,0.4326937691988752,0.5530633720657586,0.7823583897496441,7,16785.0,John Henson
203090,D,-0.3829368567652377,0.4859675867077244,-0.7879884733866983,10,28233.0,Maurice Harkless
203092,D,0.5683067924413453,0.6077113053704897,0.935159157677474,6,14163.0,Tyler Zeller
203093,D,-1.4584666202908636,0.7672302309361082,-1.9009504076910113,4,10587.0,Terrence Jones
203094,D,1.8900876563857978,0.8782580463151504,2.1520869228763853,3,6311.0,Andrew Nicholson
203095,D,0.04623111925639734,0.46706630705153507,0.09898191875205484,10,37763.0,Evan Fournier
203096,D,0.7944852902221842,0.7374768019729109,1.0773020766168688,4,12640.0,Jared Sullinger
203098,D,0.1664182581208477,1.035415424514935,0.16072607591181126,2,2764.0,John Jenkins
203100,D,-0.10212807590124504,1.0620959013242568,-0.09615711328318688,2,5463.0,Tony Wroten
203101,D,0.3119712089014143,0.7418388782185109,0.4205376909479287,4,9839.0,Miles Plumlee
203102,D,-0.4480125597890848,1.4032684163730202,-0.31926362380979645,1,1044.0,Arnett Moultrie
203103,D,-0.950955525905895,1.0679814884584313,-0.890423229412472,2,2807.0,Perry Jones III
203105,D,0.9140860709814415,0.8530540511379021,1.071545313877975,3,4846.0,Festus Ezeli
203106,D,0.9633766272303194,1.0591687175953999,0.9095591771417169,2,4141.0,Jeffery Taylor
203107,D,0.6207508317449303,0.6126810767427686,1.0131712163285072,6,17550.0,Tomas Satoransky
203109,D,0.3145263262203307,0.4555823606541073,0.690383020468014,11,40441.0,Jae Crowder
203110,D,1.2219746053724108,0.4036548846132103,3.027275655398868,13,52870.0,Draymond Green
203111,D,1.078775059433495,1.4074254081094681,0.7664882651810057,1,1174.0,Orlando Johnson
203112,D,0.32615734020870785,0.6776791604540959,0.48128577539577566,5,9930.0,Quincy Acy
203113,D,-0.40066985117141835,1.5109742933399444,-0.2651731753064804,1,1657.0,Quincy Miller
203114,D,-0.13421733832910693,0.43142307210880065,-0.3111037563963631,12,47768.0,Khris Middleton
203115,D,0.0721328186992653,0.47917214013774934,0.15053633685491194,10,33767.0,Will Barton
203117,D,0.3446337758084274,1.0333193253543562,0.3335210784819515,2,2470.0,Doron Lamb
203118,D,0.4558261664270221,0.5653154975348469,0.8063217237360883,7,17631.0,Mike Scott
203120,D,0.39219463884254663,1.0679107006284263,0.3672541520669794,2,3859.0,Justin Hamilton
203121,D,0.6894084753143657,0.7543375909026714,0.9139256529551857,4,10563.0,Darius Miller
203123,D,-0.5511786612401075,1.5067426870352931,-0.3658080878591296,1,1598.0,Kostas Papanikolaou
203124,D,-0.009691556151962093,0.6032340648523614,-0.01606599613092814,6,11925.0,Kyle O'Quinn
203133,D,0.1415979282534287,1.0681869735701275,0.13255912284735671,2,2765.0,Robbie Hummel
203135,D,1.0123418808509324,1.047340027724486,0.9665837780022667,2,4477.0,Robert Sacre
203138,D,0.3699345377173439,0.7614675026625025,0.48581789298145034,4,12920.0,Hollis Thompson
203141,D,0.5329335830068083,0.7589973021440112,0.7021547790767906,4,10196.0,Mirza Teletovic
203142,D,0.5097467055899826,1.0569290138413918,0.482290389339693,2,3217.0,Chris Copeland
203143,D,0.15401053487366978,0.7400867073555348,0.20809796114833298,4,8647.0,Pablo Prigioni
203144,D,0.23400730316910082,0.8467004733674764,0.27637554309898127,3,6388.0,Alexey Shved
203145,D,0.5105127294059855,0.5073161864043955,1.0063008890456373,9,27530.0,Kent Bazemore
203148,D,-0.034971958447743555,0.835133963664404,-0.04187586659066465,3,8198.0,Brian Roberts
203156,D,0.8442323451020346,1.0622167328831706,0.7947835116573038,2,4426.0,Henry Sims
203186,D,1.3498117274780919,1.3959211459152487,0.9669684648218974,1,2079.0,Willie Reed
203187,D,0.9336405661350939,0.8589143496668832,1.0870007777809187,3,4296.0,Chris Johnson
203197,D,2.10167601894188,1.4539527929652696,1.4454912354173541,1,2001.0,Diante Garrett
203199,D,-1.2277225227987978,1.5298878149168718,-0.8024918630164445,1,1564.0,DeQuan Jones
203200,D,0.02777497770162699,0.47631715170395905,0.05831194111374287,10,32137.0,Justin Holiday
203210,D,-0.104394606795542,0.5413064087221676,-0.19285677227059,8,21685.0,JaMychal Green
203382,D,0.14678817832527227,0.5526625621317813,0.2656018127210703,7,15626.0,Aron Baynes
203457,D,-0.2295360100958732,0.5477764631401792,-0.41903226140830657,7,19238.0,Nerlens Noel
203458,D,0.0702189965124868,0.5353748187420556,0.13115857162926897,8,21884.0,Alex Len
203459,D,-0.36614863985084123,0.6181434465398153,-0.5923360376955111,6,18531.0,Allen Crabbe
203460,D,1.5413821787749924,0.7465333714468287,2.0647197268458295,4,12623.0,Andre Roberson
203461,D,-1.0085072490788103,1.0527892211769285,-0.9579384256531286,2,3131.0,Anthony Bennett
203462,D,-0.8839727568634314,0.8397738836000358,-1.0526318740396152,3,4454.0,Archie Goodwin
203463,D,-0.08425132163650081,0.5413400508039018,-0.155634746609614,8,25224.0,Ben McLemore
203464,D,2.3752071166573865,1.4909178232222782,1.593117393636035,1,1190.0,Brandon Paul
203468,D,-0.6668939049281868,0.4453652795703613,-1.4974088361165727,11,50415.0,CJ McCollum
203469,D,-0.2916184384731183,0.5130527794865701,-0.5683985159674041,8,21168.0,Cody Zeller
203471,D,-0.2245146949195529,0.42346725536746554,-0.5301819493097035,12,46954.0,Dennis Schröder
203473,D,0.6535331244467135,0.5668387251334174,1.1529436777504762,7,15851.0,Dewayne Dedmon
203476,D,0.14212309366196493,0.516076414510361,0.27539156928302444,8,23971.0,Gorgui Dieng
203477,D,-0.33054312109966527,0.7514344668187258,-0.4398828316979565,4,8225.0,Isaiah Canaan
203481,D,1.7954862825355071,1.0206917833861266,1.759087622493652,2,2585.0,Jeff Withey
203482,D,-0.2207091071998469,0.43991276518378497,-0.5017110769850927,12,36744.0,Kelly Olynyk
203484,D,0.25029284448990013,0.41971725188129827,0.5963368038078319,12,54856.0,Kentavious Caldwell-Pope
203485,D,-0.015774043533942197,1.416386147960042,-0.011136824203386098,1,1058.0,Lorenzo Brown
203486,D,-0.5058383748043402,0.42065913802720833,-1.2024899237339817,12,37923.0,Mason Plumlee
203487,D,0.5130952625840857,0.5643583749682931,0.9091656744048717,7,19193.0,Michael Carter-Williams
203488,D,0.4304592770647844,0.5042516157229388,0.8536596882245795,9,15747.0,Mike Muscala
203489,D,3.6304024050423696,1.5331838297998277,2.3678846166257537,1,2515.0,Nate Wolters
203490,D,0.20841681888973815,0.5660604439968554,0.36818827582818336,7,25267.0,Otto Porter Jr.
203492,D,-0.8456373196080849,1.0389595595641339,-0.8139270790894384,2,4622.0,Ray McCallum
203493,D,0.2964717747514283,0.62062577328844,0.47769813551336515,6,21108.0,Reggie Bullock Jr.
203496,D,0.8436771861481017,0.5036097211571569,1.6752599298710185,9,34300.0,Robert Covington
203497,D,1.1914718927832821,0.41636067809645916,2.8616340482259743,11,49740.0,Rudy Gobert
203498,D,0.45565580367166936,0.8549854601340372,0.5329398275383953,3,8114.0,Shabazz Muhammad
203499,D,0.2653845059002519,0.8433443339496773,0.3146810800961491,3,8557.0,Shane Larkin
203500,D,-0.0842847283513556,0.4276491280728787,-0.19708850742001757,11,40232.0,Steven Adams
203501,D,-0.30968476653635096,0.43887603522874613,-0.7056315261664732,12,45130.0,Tim Hardaway Jr.
203503,D,0.1716012766830633,0.5092103704844323,0.3369948583722129,9,26185.0,Tony Snell
203504,D,-0.6645662899602371,0.5189147215632434,-1.280684980295442,8,19452.0,Trey Burke
203506,D,0.6254678229773304,0.4999364219198797,1.2510947303566702,9,32308.0,Victor Oladipo
203507,D,0.44247516582882007,0.4320439636290568,1.024143844325804,12,57662.0,Giannis Antetokounmpo
203508,D,1.5353458972342864,1.4312568478082457,1.072725625442727,1,1083.0,Sergey Karasev
203512,D,0.4700396209768305,1.506021563004061,0.3121068333439015,1,2197.0,Lucas Nogueira
203515,D,0.341175845368007,1.0393148675793755,0.3282699555358284,2,3404.0,Phil Pressey
203516,D,0.3050701762211994,0.6416658086642146,0.4754346765901055,6,15261.0,James Ennis III
203518,D,0.3389922664506208,0.8799969753087061,0.3852198086609344,3,5704.0,Alex Abrines
203521,D,0.901549835253291,0.5632351659573797,1.6006632570976789,7,17537.0,Matthew Dellavedova
203524,D,-0.40664166265589746,0.6246217746920989,-0.6510206322159477,6,18523.0,Solomon Hill
203526,D,0.8795159678841818,0.6108230023356829,1.4398867831123958,6,12024.0,Raul Neto
203527,D,0.0496662840935743,1.0594817164129195,0.04687790579504205,2,5071.0,Ryan Kelly
203530,D,-0.4109327330664832,0.8668256860461998,-0.4740661700287703,3,5155.0,Joffrey Lauvergne
203544,D,1.5612257441567452,1.039714379436989,1.5015909898275692,2,3877.0,Pero Antic
203546,D,-0.3707428192137255,0.7596968455905726,-0.48801416165617706,4,8688.0,Ian Clark
203552,D,0.252809285315844,0.5122842001777683,0.49349420737183847,9,24891.0,Seth Curry
203561,D,2.401323357704349,1.4130027365543103,1.6994470679937366,1,1183.0,Brandon Davies
203584,D,0.16033143156316668,0.7686200046738144,0.20859648537408007,4,8427.0,Troy Daniels
203585,D,0.444904070029447,0.6873040143154989,0.6473177236896204,5,11601.0,Rodney McGruder
203613,D,0.07758115867095773,0.7575761328975561,0.10240707871066038,4,10792.0,Jonathon Simmons
203648,D,2.4829089070218977,1.4820095912925841,1.6753662875125834,1,1199.0,Thanasis Antetokounmpo
203710,D,1.6941800470070978,1.5301117266877695,1.1072263661912367,1,1444.0,C.J. Williams
203798,D,-0.866862288523182,1.0626867632252917,-0.8157270030278956,2,3946.0,PJ Hairston
203894,D,0.28138786819729716,0.6100909829000724,0.4612227947702451,6,12080.0,Shabazz Napier
203895,D,0.4004994628010873,1.5578004932231466,0.25709291051284694,1,1686.0,Jordan McRae
203897,D,-0.6171677589856149,0.44558810087752043,-1.3850633752790829,11,43735.0,Zach LaVine
203898,D,1.1887634549632506,0.8460566144053819,1.4050637211774852,3,3878.0,Tyler Ennis
203900,D,-1.2097049204706578,1.050247668859821,-1.1518282366519776,2,3480.0,Markel Brown
203901,D,-0.47919531843255275,0.48579310490142474,-0.9864185259068039,9,28288.0,Elfrid Payton
203902,D,-0.6327140781119195,1.4806005765235954,-0.42733610140657424,1,1927.0,Semaj Christon
203903,D,-0.2840475188152072,0.44918615549143115,-0.6323603596029036,11,42513.0,Jordan Clarkson
203909,D,0.8129958926060733,1.0495126145721752,0.7746413728790522,2,3763.0,KJ McDaniels
203913,D,-2.0919863308228743,1.3967382643605464,-1.4977654612910787,1,1102.0,Jabari Brown
203914,D,-0.2113105167578934,0.4549012738097521,-0.46451950988879237,11,33831.0,Gary Harris
203915,D,-0.35708318829213875,0.5358902775741551,-0.666336381224469,8,33796.0,Spencer Dinwiddie
203917,D,-0.10453642101013287,0.6704010222859282,-0.15593117781008953,5,13615.0,Nik Stauskas
203918,D,-0.13483564521321575,0.5403799992192543,-0.24952005146013448,8,21415.0,Rodney Hood
203920,D,0.3004224869072248,0.6579040902093742,0.45663568805540794,5,9447.0,Khem Birch
203921,D,2.08871360122073,1.470742147823707,1.4201766124071784,1,1254.0,Cleanthony Early
203922,D,0.14845399337920362,0.7490726961085302,0.19818369318549384,4,8849.0,Glenn Robinson III
203924,D,0.08125672597323086,0.452191222468845,0.17969549592225725,11,40935.0,Jerami Grant
203925,D,-0.23921737443312227,0.6170978039678034,-0.3876490450865439,6,23336.0,Joe Harris
203926,D,-0.8688356467084764,0.5103634793526373,-1.7023860089098413,9,26625.0,Doug McDermott
203928,D,4.704940907594428,1.418155114252399,3.317649007721349,1,1061.0,Cory Jefferson
203930,D,-1.2279395538149172,0.8588995705273599,-1.4296660470571299,3,6264.0,Sean Kilpatrick
203932,D,0.5092154777358789,0.4472781396340325,1.1384761127662626,11,42834.0,Aaron Gordon
203933,D,0.30529865857431265,0.5674804637191037,0.5379897249210538,7,20984.0,T.J. Warren
203935,D,0.46824999225586655,0.4605066725561016,1.0168147828494745,11,38650.0,Marcus Smart
203937,D,0.4129400922983756,0.48727101007155244,0.8474546684764566,10,30589.0,Kyle Anderson
203939,D,0.17222198627644406,0.47966533204862416,0.35904614065163615,10,24684.0,Dwight Powell
203940,D,-2.0370220126273773,1.455974213018897,-1.3990783589523221,1,1420.0,Adreian Payne
203943,D,0.7238262774839396,0.7674369292453987,0.9431736340804704,4,10121.0,Noah Vonleh
203944,D,-0.1035694290575837,0.4410299785523385,-0.23483534928293492,10,46274.0,Julius Randle
203948,D,-0.05210464816639698,1.5080355443509068,-0.034551339563301885,1,1660.0,Johnny O'Bryant III
203952,D,-0.13126019938466107,0.43334201281516366,-0.3029020854265713,11,52839.0,Andrew Wiggins
203953,D,-0.855792327508265,0.6067376341828594,-1.4104816963609432,6,16778.0,Jabari Parker
203954,D,1.298823870591362,0.4835649937402648,2.6859344398469704,9,29526.0,Joel Embiid
203956,D,1.3928815122295146,1.4040268424318278,0.9920618823903615,1,1001.0,Mitch McGary
203957,D,1.4697403540178173,0.7598046335329092,1.9343661372317216,4,9351.0,Dante Exum
203960,D,0.09124674795946647,1.1064852712065734,0.08246539771827772,2,4473.0,JaKarr Sampson
203961,D,2.7091925816661013,1.4361105132110876,1.8864791788261834,1,1585.0,Eric Moreland
203962,D,2.540178763706182,1.5706889988687989,1.6172385275096495,1,1930.0,Josh Huestis
203967,D,-0.40092077899890866,0.5746523738596326,-0.6976753203091083,7,22554.0,Dario Saric
203991,D,0.589427864656924,0.4570577348536664,1.2896135864446923,10,35600.0,Clint Capela
203992,D,-0.02908158310043917,0.5482254838337823,-0.05304675531875946,8,29306.0,Bogdan Bogdanović
203994,D,1.0381251151058928,0.45500554468271226,2.281565856147546,10,28613.0,Jusuf Nurkić
203995,D,1.144033692604492,1.091936019275656,1.0477112874831214,2,3879.0,Vasilije Micic
203998,D,0.6854562777201423,1.510043944601169,0.4539313442968603,1,1624.0,Bruno Caboclo
203999,D,0.25207773852424414,0.4422470535972422,0.569993030985376,10,47863.0,Nikola Jokić
204001,D,0.1050188987594659,0.5059140585455097,0.2075824875501436,9,31011.0,Kristaps Porziņģis
204014,D,0.5008617760055595,1.4894340929904337,0.3362765619255745,1,2050.0,Damjan Rudez
204020,D,0.08058866024693051,0.5742536968944579,0.14033633685381725,7,17445.0,Tyler Johnson
204025,D,-0.48754297202220953,0.7554105692226303,-0.6454013114006665,4,8672.0,Tim Frazier
204028,D,1.303828441925348,0.8664104306921057,1.5048623559204202,3,5602.0,Tarik Black
204037,D,2.0060778124535967,1.4843346936624027,1.3514996456115034,1,1284.0,Travis Wear
204038,D,0.6562716384961267,0.6082582657296696,1.0789358328059218,6,18631.0,Langston Galloway
204060,D,-0.15930332461379015,0.4805726537215945,-0.33148645346365835,10,34882.0,Joe Ingles
204456,D,-0.47890321596579744,0.46844570714966516,-1.0223238438447066,10,31404.0,T.J. McConnell
1626143,D,-0.9314447738448045,0.8776107537131581,-1.0613415684617302,3,7359.0,Jahlil Okafor
1626144,D,-0.8476830855263852,0.667789467700035,-1.269386725199381,5,14820.0,Emmanuel Mudiay
1626145,D,-0.49984611717914035,0.456982547359852,-1.0937969514742438,10,29942.0,Tyus Jones
1626147,D,0.5463402911280066,0.752898283396192,0.7256495374960366,4,5862.0,Justin Anderson
1626148,D,2.410301313493119,1.4546330186879468,1.656982402109343,1,1190.0,Anthony Brown
1626149,D,0.8134290755340994,0.5416944643441045,1.5016381541188852,7,21286.0,Montrezl Harrell
1626150,D,0.12010170505548456,1.0898469718128545,0.11020052187299934,2,5395.0,Andrew Harrison
1626153,D,0.13280447078952448,0.5414663510054172,0.2452681880285407,8,21441.0,Delon Wright
1626155,D,-0.02752125569939161,0.8698916415051775,-0.03163756769954871,3,6464.0,Sam Dekker
1626156,D,-0.3050585818928222,0.48032754288052004,-0.6351053284668803,10,38909.0,D'Angelo Russell
1626157,D,-1.0120813907002462,0.4497463441627283,-2.2503382269496615,10,44530.0,Karl-Anthony Towns
1626158,D,0.23332041309720225,0.49844964417794724,0.4680922452698282,9,18617.0,Richaun Holmes
1626159,D,1.3625487651255659,0.5782837009714055,2.3561943088431265,7,17302.0,Justise Winslow
1626161,D,0.7983918120856806,0.6108589987640275,1.306998527812629,6,18560.0,Willie Cauley-Stein
1626162,D,0.05325711463950663,0.48211303385433657,0.11046603368868366,10,36845.0,Kelly Oubre Jr.
1626163,D,-0.5068808326898563,0.5975983770045961,-0.8481964680535903,6,15688.0,Frank Kaminsky
1626164,D,-0.6250096851151791,0.46934734257242783,-1.33165702332432,10,47892.0,Devin Booker
1626166,D,-0.12802708523703316,0.5267962146414364,-0.24302962261066116,8,15805.0,Cameron Payne
1626167,D,0.30744637713285794,0.4583485264750997,0.6707698604318745,10,37536.0,Myles Turner
1626168,D,-0.05704563341705837,0.5091951016864139,-0.11203099406912546,9,23511.0,Trey Lyles
1626169,D,-0.19711511650145133,0.6274228107049822,-0.31416632155909296,6,16837.0,Stanley Johnson
1626170,D,-0.6295654547433543,0.734676786327331,-0.8569284703965794,4,9857.0,Jerian Grant
1626171,D,-0.3630314035384697,0.47940762354994904,-0.7572499595443871,10,30783.0,Bobby Portis
1626172,D,0.36485523383942225,0.5751049264247935,0.6344150729286692,7,19823.0,Kevon Looney
1626173,D,-0.44919539656701163,1.5129883731203249,-0.2968928278282863,1,1975.0,Rashad Vaughn
1626174,D,0.4418927394881488,0.6847574138663852,0.6453274262385337,5,15126.0,Christian Wood
1626178,D,1.1994368072559272,0.6821783744025075,1.758245133915987,5,13957.0,Rondae Hollis-Jefferson
1626179,D,-0.5027520455074153,0.5011470955797676,-1.0032025525874613,9,36786.0,Terry Rozier
1626181,D,-0.5408608346564249,0.4875147427076424,-1.1094245717626914,10,30685.0,Norman Powell
1626184,D,-0.0550332465419228,1.0510106044935918,-0.05236221814188017,2,3336.0,Chasson Randle
1626185,D,1.2386358664185642,1.0588966049061284,1.169742032111218,2,4418.0,Jarell Martin
1626188,D,-0.4665298958235696,0.8542883509829521,-0.5461035437118813,3,4757.0,Quinn Cook
1626192,D,-0.8893195242132643,0.5527529912569562,-1.60889138237128,8,23089.0,Pat Connaughton
1626195,D,-0.03555960079254126,0.6666430527991757,-0.05334129058006322,5,8953.0,Willy Hernangomez
1626196,D,-0.4753908307544112,0.5142548987236323,-0.9244264506460109,9,31634.0,Josh Richardson
1626202,D,-0.07100266645284425,1.4434718490245704,-0.04918881272317467,1,1120.0,Joe Young
1626203,D,0.7353800240897035,0.9018866607088323,0.8153796437256717,3,5588.0,Treveon Graham
1626204,D,1.0133300061965946,0.5024787039208587,2.0166625934383795,9,24689.0,Larry Nance Jr.
1626208,D,0.7844301594476328,1.4894959710836595,0.5266413435659937,1,1137.0,Keifer Sykes
1626209,D,-0.06032842063137999,0.6932015267279364,-0.08702868978974036,5,12469.0,Mario Hezonja
1626210,D,0.8855316475023711,1.4259888747286678,0.6209947799704026,1,1500.0,Alan Williams
1626220,D,0.9433694601721946,0.523223711168192,1.802994474516361,8,32091.0,Royce O'Neale
1626224,D,-1.2847430418117924,0.5769734855141817,-2.2266933820483406,7,22074.0,Cedi Osman
1626245,D,0.27695335520014347,0.8359498806548489,0.33130377981894027,3,5591.0,Cristiano Felicio
1626246,D,1.0446937745781542,1.5310510985334336,0.6823376277766612,1,1443.0,Boban Marjanovic
1626257,D,0.9414050488924922,1.0655924642431602,0.8834569316902289,2,3145.0,Salah Mejri
1626273,D,2.2479620328601824,1.4359845784861482,1.56544998222059,1,1708.0,Marcelo Huertas
1627098,D,1.1728748799305881,1.067300194576478,1.0989175171995578,2,4596.0,Malcolm Delaney
1627732,D,-0.11353254909869599,0.6094023657023142,-0.18630145776978374,6,24063.0,Ben Simmons
1627733,D,0.5027760005609568,0.8736078632496667,0.5755167984531631,3,7253.0,Dragan Bender
1627734,D,0.2334518713513802,0.4793373626057324,0.48703040814992865,9,40560.0,Domantas Sabonis
1627736,D,-0.24352894590252194,0.5374631041438007,-0.45310821156825803,8,28488.0,Malik Beasley
1627737,D,-1.1727285015521494,0.75215723304233,-1.5591533924478667,4,10356.0,Marquese Chriss
1627738,D,-0.46288892059504083,1.4886503583158115,-0.310945359337925,1,1907.0,Deyonta Davis
1627739,D,-0.11405735949865106,0.5601960500587553,-0.20360257714542673,7,18696.0,Kris Dunn
1627741,D,-0.1172028105638436,0.5014617698526267,-0.23372232463162254,9,41643.0,Buddy Hield
1627742,D,0.0660941497428729,0.5050941410316007,0.13085511070843683,9,33735.0,Brandon Ingram
1627745,D,-0.49145298157698025,0.7502206894848065,-0.6550778837017573,4,6129.0,Damian Jones
1627746,D,1.1730363684816052,0.8486769048678308,1.3821942858976335,3,4901.0,Skal Labissiere
1627747,D,-0.21523747990498732,0.5181559765468028,-0.4153912907449517,9,30229.0,Caris LeVert
1627748,D,-0.6600535292453007,0.7424285503274257,-0.889046533776488,4,7136.0,Thon Maker
1627749,D,0.014025548395737485,0.5539569482235576,0.025318841907687864,7,29795.0,Dejounte Murray
1627750,D,-0.33817467185292915,0.5259109424351235,-0.6430264985304931,8,33955.0,Jamal Murray
1627751,D,-0.35890175469367647,0.4918939306472024,-0.7296324112425144,9,27275.0,Jakob Poeltl
1627752,D,-0.6296589879373522,0.5099820555010732,-1.2346689087299212,9,30131.0,Taurean Prince
1627755,D,0.5194094723516254,1.0454744315273996,0.4968170016293821,2,5795.0,Tyler Ulis
1627756,D,0.8507428295692411,0.8859933720589276,0.9602135370293244,3,8329.0,Denzel Valentine
1627758,D,0.5712677405731591,1.5235488346051405,0.3749586016527098,1,1699.0,Ron Baker
1627759,D,0.0035537350469762147,0.5086405924939077,0.006986731101330219,9,37712.0,Jaylen Brown
1627761,D,0.8230173029475534,0.7795703606789072,1.0557319062654067,4,10320.0,DeAndre' Bembry
1627763,D,0.20112908939651508,0.507802388933464,0.3960774777348842,9,27572.0,Malcolm Brogdon
1627767,D,-0.3172016868543976,0.8528399411153769,-0.3719357778196329,3,4181.0,Cheick Diallo
1627774,D,0.760282353359687,0.8883141085372775,0.8558710776434575,3,5200.0,Jake Layman
1627775,D,-0.4527689905483279,0.9046638167837503,-0.5004831431835162,3,6152.0,Patrick McCaw
1627777,D,-0.6883707680831426,0.562964490587148,-1.2227605463449411,7,19219.0,Georges Niang
1627780,D,0.95216442238699,0.9218040970923413,1.0329357673614323,3,5915.0,Gary Payton II
1627782,D,-0.576980589886886,1.1021329809896419,-0.5235126793581624,2,4388.0,Wayne Selden
1627783,D,0.5856025448388354,0.49413365828678546,1.1851096055046775,9,40102.0,Pascal Siakam
1627785,D,2.5373265875218065,1.5293612731522903,1.6590760025536133,1,3431.0,Isaiah Whitehead
1627786,D,-0.1416745167639322,1.4763163251135574,-0.09596487849786169,1,1108.0,Troy Williams
1627788,D,0.010174572119797878,0.7800559791973832,0.01304338713007074,4,9790.0,Furkan Korkmaz
1627789,D,0.17037376069265334,0.6309639469979245,0.2700213879149164,6,11041.0,Timothe Luwawu-Cabarrot
1627790,D,4.05470824113792,1.5084892247120436,2.687926552416658,1,2192.0,Ante Zizic
1627812,D,0.903890527860714,0.7533284530161029,1.1998624560665476,4,10254.0,Yogi Ferrell
1627814,D,0.17853095841667022,0.7834225529155422,0.2278859062102045,4,10920.0,Damion Lee
1627819,D,3.0526661150155885,1.523903907456313,2.0031880619763434,1,2413.0,Isaiah Taylor
1627820,D,1.3664763967067186,1.084850076397459,1.2595992998815808,2,3194.0,Tyrone Wallace
1627823,D,-0.17347303253482646,0.6864667115669605,-0.2527042165509365,5,9444.0,Juancho Hernangomez
1627824,D,0.5249487486973912,1.5307795249062723,0.3429290372364584,1,3769.0,Guerschon Yabusele
1627826,D,0.28020155532239716,0.5148310920065413,0.5442591942734434,8,26367.0,Ivica Zubac
1627827,D,0.4905970813162346,0.540712171558844,0.9073165116699143,8,32091.0,Dorian Finney-Smith
1627832,D,0.5375395138785827,0.5348252404410847,1.005075066081884,8,34303.0,Fred VanVleet
1627835,D,0.7982136862736495,1.0975656087017973,0.7272582886573662,2,3313.0,Paul Zipser
1627846,D,-0.9311549164387647,0.8739536278500977,-1.0654511712816854,3,4346.0,Abdel Nader
1627851,D,2.2523023665497184,1.5488629911078826,1.4541650097396117,1,2046.0,Mindaugas Kuzminskas
1627852,D,-1.0337140087995256,1.4218462774263632,-0.7270223407488305,1,1025.0,Nicolas Brussino
1627853,D,0.8112550161806075,1.066532449352774,0.7606472889530161,2,5971.0,Ryan Arcidiacono
1627854,D,-1.0113941730724307,0.6846704308702491,-1.477198557833,5,16442.0,Bryn Forbes
1627863,D,-0.14549051270504448,0.6353877842744504,-0.228979083806561,6,12253.0,Danuel House Jr.
1627884,D,0.7505233703848451,0.5494696007725692,1.3659051735156753,8,20187.0,Derrick Jones Jr.
1627885,D,1.106015115694798,1.063208846095697,1.040261393381266,2,3949.0,Shaquille Harrison
1627936,D,1.7747443894609285,0.5488742364477921,3.2334262962436187,8,19122.0,Alex Caruso
1628021,D,0.4315243690946725,0.7740726427543408,0.5574727038010318,4,8039.0,David Nwaba
1628035,D,-0.5082598309189412,1.0849109214259165,-0.4684807027759725,2,3365.0,Alfonzo McKinnie
1628365,D,-0.2386427466619419,0.8384823417439108,-0.28461272799806697,3,9636.0,Markelle Fultz
1628366,D,1.0103573317813572,0.6219178063970946,1.6245833796504034,6,18961.0,Lonzo Ball
1628367,D,0.4895101469305874,0.7756822669386348,0.6310704366912041,4,13233.0,Josh Jackson
1628368,D,-0.8730476139901361,0.515107573481665,-1.694884057108921,8,36895.0,De'Aaron Fox
1628369,D,0.8706674677978914,0.5324816561932905,1.635112604671286,8,40938.0,Jayson Tatum
1628370,D,-0.6921022162712176,0.5440758874677937,-1.2720692686683093,8,24798.0,Malik Monk
1628371,D,1.063605256669365,0.6834315250588062,1.556271868755025,5,11238.0,Jonathan Isaac
1628372,D,0.7089819585257687,0.6156361230235233,1.1516250135612636,6,14732.0,Dennis Smith Jr.
1628373,D,1.2383395087477984,0.6769223899905937,1.8293670397946298,5,10361.0,Frank Ntilikina
1628374,D,0.1916968476213433,0.532477316674008,0.36000941564747163,8,28694.0,Lauri Markkanen
1628378,D,-0.33918500331283435,0.5203149761685634,-0.6518839911364585,8,37189.0,Donovan Mitchell
1628379,D,-0.3873371942526381,0.5517019212310346,-0.7020769356545961,8,21865.0,Luke Kennard
1628380,D,0.43137001981005196,0.607540759246081,0.7100264685868227,6,14162.0,Zach Collins
1628381,D,0.6200904513501617,0.5323532231364072,1.164810175651502,8,28457.0,John Collins
1628382,D,0.3513314075952217,0.7711059527840779,0.4556201470456034,4,9826.0,Justin Jackson
1628384,D,0.8483071798358953,0.5465458492814974,1.5521244575383764,8,30198.0,OG Anunoby
1628385,D,-0.5230889383166772,1.0701100083057382,-0.48881791054815266,2,3160.0,Harry Giles III
1628386,D,0.08260976020843686,0.5115370504845418,0.1614932097883949,8,32699.0,Jarrett Allen
1628388,D,1.0440667811679667,1.4054898268269467,0.7428490489504761,1,1113.0,T.J. Leaf
1628389,D,1.1827320790127953,0.5062184247540332,2.3364066204968217,8,34637.0,Bam Adebayo
1628390,D,-1.9897455463357279,0.9004033063892061,-2.2098381161159857,3,8136.0,Terrance Ferguson
1628391,D,1.6338211433741436,1.524707991533239,1.0715633107761053,1,1895.0,D.J. Wilson
1628392,D,-0.09679920975376542,0.6623574209318932,-0.14614346679708867,5,14004.0,Isaiah Hartenstein
1628393,D,2.5426252334762847,1.5141199782517418,1.6792759292510575,1,1642.0,Jawun Evans
1628395,D,-0.09972770642720465,1.0753226336502941,-0.09274212529933329,2,3359.0,Jordan Bell
1628396,D,0.6901631310383433,0.8345331863880487,0.8270050158525691,3,3941.0,Tony Bradley
1628397,D,-0.06237108219048125,1.0422040822652532,-0.059845363544265104,2,2497.0,Ivan Rabb
1628398,D,-0.15400588641952212,0.5346356003018867,-0.2880576720528175,8,35249.0,Kyle Kuzma
1628400,D,1.0262987825492291,0.7759624164797106,1.322614034846189,4,7541.0,Semi Ojeleye
1628401,D,0.8571799320743821,0.5746459536857205,1.4916661756278238,7,28450.0,Derrick White
1628402,D,0.5173072339746654,0.7791735423339372,0.6639178640808603,4,8265.0,Frank Jackson
1628404,D,0.04375812605269844,0.5407147622453267,0.08092644978101231,8,33134.0,Josh Hart
1628407,D,1.034309488928475,0.7624414536043681,1.3565756216938063,4,8231.0,Dwayne Bacon
1628408,D,4.3557632627814895,1.5756156484309851,2.7644833732890413,1,2206.0,PJ Dozier
1628410,D,0.5459393675256992,1.1122939979098978,0.49082290163533127,2,3402.0,Edmond Sumner
1628411,D,1.0051907541536218,0.7716189173551888,1.3027036164419437,4,7719.0,Wes Iwundu
1628412,D,1.8401693268125185,1.5114857361119498,1.2174572891081683,1,1906.0,Frank Mason III
1628413,D,1.0285697907334443,1.5348604830963095,0.670138948823861,1,1386.0,Jonah Bolden
1628414,D,2.7232955485286086,1.582922411090244,1.7204226369206108,1,2418.0,Sindarius Thornwell
1628415,D,0.9625786707707553,0.5663624271827292,1.6995807358883859,7,29028.0,Dillon Brooks
1628416,D,0.24353123425643003,1.083720827998793,0.224717683710238,2,3504.0,Tyler Dorsey
1628418,D,-0.4485695335839825,0.7588878677615022,-0.5910880284687272,4,9877.0,Thomas Bryant
1628420,D,0.15705536663689645,0.5992846495732427,0.2620713992069334,6,18886.0,Monte Morris
1628422,D,0.7391871162428381,0.883196948023469,0.8369448262894085,3,7732.0,Damyean Dotson
1628424,D,-2.5690114814623004,1.5022588285128702,-1.710099107226043,1,1281.0,Kobi Simmons
1628425,D,0.6394736907319992,0.6954479202064546,0.91951341308514,5,9313.0,Sterling Brown
1628426,D,0.3869011379982307,1.4821938441601878,0.261032751905301,1,1074.0,Sasha Vezenkov
1628427,D,-0.2577894295716326,1.54049183643634,-0.1673422886602136,1,1808.0,Vlatko Cancar
1628432,D,0.3433040640311038,1.551396962265585,0.22128705442980834,1,1378.0,Davon Reed
1628436,D,0.426778053485457,0.679677158373722,0.6279128969209704,5,9049.0,Luke Kornet
1628449,D,0.5419910718133143,0.6352264004540534,0.8532250413803717,6,14322.0,Chris Boucher
1628455,D,2.280477982070142,1.5229385783997784,1.497419537737592,1,1493.0,Mike James
1628462,D,1.6628639903152813,1.5920270096847897,1.0444948359541444,1,2338.0,Milos Teodosic
1628463,D,1.1738839049519474,1.4770665801489284,0.7947400074772445,1,1058.0,Tyler Cavanaugh
1628464,D,0.3597896071587139,0.5689247785974151,0.6324027722007688,7,15606.0,Daniel Theis
1628467,D,1.2572797354491991,0.5531028481940389,2.273139145015073,8,20038.0,Maxi Kleber
1628469,D,0.13173552593814802,1.5258696026040088,0.08633472068211573,1,1725.0,Antonio Blakeney
1628470,D,-1.4875348028123578,0.5914838609753201,-2.5149203570144847,7,17434.0,Torrey Craig
1628515,D,2.272315260070274,1.3818266698381771,1.6444285739081734,1,1152.0,Isaiah Briscoe
1628539,D,-0.3415733278291853,1.5692965526371818,-0.2176601530508532,1,1657.0,Mychal Mulder
1628960,D,-0.5175044642379593,0.634123340010572,-0.8160943330509353,6,20343.0,Grayson Allen
1628963,D,0.41875849747063726,0.7030399414389074,0.5956396966772143,5,12173.0,Marvin Bagley III
1628964,D,-0.017080604677523214,0.5927377301615618,-0.02881646267543585,6,11598.0,Mo Bamba
1628966,D,0.4888526575785376,0.6917554471322998,0.7066842185415324,5,8993.0,Keita Bates-Diop
1628969,D,0.4073824626053367,0.5494715144227851,0.7414077926010202,7,37864.0,Mikal Bridges
1628970,D,0.25178283703510707,0.6109519834869002,0.4121155898342471,6,26747.0,Miles Bridges
1628971,D,-0.5131713055969999,0.5873188743772833,-0.8737524503041046,7,23284.0,Bruce Brown
1628972,D,-0.10815920980054826,0.6313362858792567,-0.17131790492592366,6,14206.0,Troy Brown Jr.
1628973,D,-0.17073777641232568,0.5652072630648006,-0.3020799405274994,7,28486.0,Jalen Brunson
1628975,D,0.7380603725954616,0.6314104532704418,1.1689074337819685,6,12314.0,Jevon Carter
1628976,D,0.9576431127200035,0.5564515666236854,1.7209819688900867,7,21187.0,Wendell Carter Jr.
1628977,D,0.7597158345331918,0.689338669961837,1.1020937423621555,5,10230.0,Hamidou Diallo
1628978,D,-0.7248156170013338,0.6327577775351093,-1.1454866976504552,6,21341.0,Donte DiVincenzo
1628981,D,1.1094204183787797,1.0384207380219803,1.0683727488840815,2,2888.0,Bruno Fernando
1628983,D,0.0598332913891153,0.5590404529355074,0.10702855415011953,7,32097.0,Shai Gilgeous-Alexander
1628984,D,0.3056297456107649,0.6824553082068331,0.4478384766525064,5,16299.0,Devonte' Graham
1628988,D,0.681597879485525,0.5826061201778839,1.1699119797736015,7,15340.0,Aaron Holiday
1628989,D,-0.03329592903780496,0.5773901995773044,-0.05766625249645774,7,28180.0,Kevin Huerter
1628990,D,1.5483506277060912,1.0840866398624163,1.4282535830370493,2,2974.0,Chandler Hutchison
1628991,D,0.6532675196103043,0.6154961250713309,1.061367396154762,6,23576.0,Jaren Jackson Jr.
1628995,D,-0.5901679092565002,0.7661963546635242,-0.7702567438025374,4,10155.0,Kevin Knox II
1628997,D,0.17745618560518317,0.7030985321459253,0.2523916314596328,5,14557.0,Caleb Martin
1628998,D,0.8021582780159051,0.7003327889802899,1.1453958612788597,5,11347.0,Cody Martin
1629001,D,-0.2387724555996146,0.6345517832335299,-0.3762852172329973,6,16791.0,De'Anthony Melton
1629002,D,0.44218446252018956,0.7530317093736313,0.5872056342594083,4,6930.0,Chimezie Metu
1629003,D,-0.42347139172371606,0.6299752909367482,-0.6722031765627362,6,13220.0,Shake Milton
1629004,D,0.08660051960747432,0.7831822404918644,0.11057518305456765,4,8389.0,Svi Mykhailiuk
1629006,D,0.7749001932649181,0.5876318905521872,1.3186830152066087,7,16740.0,Josh Okogie
1629008,D,-0.7213183624160223,0.6779181375317971,-1.0640198609263343,5,19927.0,Michael Porter Jr.
1629010,D,1.5302993101350737,1.5769287300059245,0.9704302299884691,1,2166.0,Jerome Robinson
1629011,D,0.30828565570982974,0.5925517302154324,0.5202679192207357,6,15703.0,Mitchell Robinson
1629012,D,-1.3630073242904595,0.6120796610846531,-2.226846292972885,6,24309.0,Collin Sexton
1629013,D,-0.25901406856897646,0.5869741145098166,-0.44127000180455944,7,17551.0,Landry Shamet
1629014,D,-0.3148892151767492,0.623840989894757,-0.5047587771202267,6,20959.0,Anfernee Simons
1629016,D,-0.15612523145991355,1.086331368543558,-0.143717870974517,2,3606.0,Omari Spellman
1629018,D,-1.1628908637684263,0.6342599505924226,-1.833460969248086,6,23771.0,Gary Trent Jr.
1629019,D,1.318490022970471,1.5639859216541394,0.8430318999137657,1,3026.0,Allonzo Trier
1629020,D,-0.03441968838817958,0.6888965174303199,-0.04996351050890752,5,12626.0,Jarred Vanderbilt
1629021,D,0.26347694054258264,0.601659987163803,0.43791667414115504,6,11741.0,Moritz Wagner
1629022,D,-0.7840052924276167,0.7070612620769978,-1.1088222965639432,5,13403.0,Lonnie Walker IV
1629023,D,0.434015237279775,0.6226996709249072,0.6969896686072183,6,24521.0,P.J. Washington
1629026,D,1.062368642439096,0.5953804818396697,1.7843524852485533,7,16234.0,Kenrich Williams
1629027,D,-1.3859131505530475,0.5426826028975822,-2.553819015301296,7,35330.0,Trae Young
1629028,D,0.13589744957021482,0.5385322323174804,0.2523478473802833,7,24957.0,Deandre Ayton
1629029,D,-0.31981165228245895,0.5668059820189633,-0.5642347865548095,7,32057.0,Luka Dončić
1629048,D,0.07857112568661523,0.6605105847839468,0.1189551348557357,5,8422.0,Goga Bitadze
1629052,D,0.20141647372070332,0.7677473642746475,0.26234733337182814,4,7930.0,Oshae Brissett
1629056,D,0.5885978576510277,0.7771434117488791,0.7573864086764248,4,7687.0,Terence Davis
1629057,D,0.707050204289418,0.8856692905102522,0.798323044352223,3,7259.0,Robert Williams III
1629058,D,1.624838169654964,1.4452317900039622,1.1242751376583748,1,1046.0,Dzanan Musa
1629059,D,0.14396265745608927,1.0743501414407792,0.13399975659985972,2,3461.0,Elie Okobo
1629060,D,0.3999772817356041,0.6331953530900961,0.6316806966185871,6,19591.0,Rui Hachimura
1629065,D,2.7699247410776433,1.5539752096379238,1.782476788495896,1,2106.0,Ky Bowman
1629066,D,1.2541154389012277,1.1040486815134716,1.1359240402171749,2,4251.0,Rodions Kurucs
1629067,D,4.479572297219198,1.5833379183460585,2.8291953633615505,1,2641.0,Isaac Bonga
1629103,D,2.61023315403241,1.5044765291430022,1.7349776506777954,1,1082.0,Kelan Martin
1629109,D,-0.17183383146881717,0.8822815247719065,-0.19476077266067748,3,3864.0,Gary Clark
1629111,D,0.6591156387676598,0.7384620437001268,0.8925518168342206,4,5927.0,Jock Landale
1629117,D,1.5665714920209624,1.546197865033501,1.013176597541751,1,2163.0,Wenyen Gabriel
1629130,D,0.06364339384563304,0.6262062175221994,0.10163328319776199,6,21619.0,Duncan Robinson
1629134,D,-0.5142364226420058,0.8922316378170371,-0.576348563362036,3,9331.0,Kendrick Nunn
1629139,D,-0.20313299158421477,1.1122077659178922,-0.18263942925858953,2,3431.0,Yuta Watanabe
1629162,D,0.6870204933956501,0.680554837055287,1.0095005662855026,5,7977.0,Jordan McLaughlin
1629164,D,0.47062659159630216,1.485521800402425,0.3168089431395825,1,1248.0,Brandon Goodwin
1629216,D,0.09292850765482848,0.7742761096581792,0.12001985660626126,4,11089.0,Gabe Vincent
1629234,D,0.018551165339326173,0.6735424695244259,0.027542680942487203,5,11351.0,Drew Eubanks
1629308,D,0.7240737552834541,0.9089780466646403,0.7965800251615922,3,5865.0,Juan Toscano-Anderson
1629312,D,1.0659438126018963,0.9138267784513866,1.1664615633263606,3,8331.0,Haywood Highsmith
1629599,D,-1.1052433145678329,0.7760364532374082,-1.4242157181625492,4,11062.0,Amir Coffey
1629604,D,-0.18925846289087628,1.5423292128465222,-0.12270951059896021,1,2408.0,CJ Elleby
1629610,D,0.4813534450864075,1.083715520732367,0.44416955914879985,2,3194.0,DaQuan Jeffries
1629611,D,-0.27072835353936897,0.69675122465791,-0.38855813087704416,5,17723.0,Terance Mann
1629614,D,0.7030519073121911,0.8778526868204586,0.8008768644983161,3,11780.0,Andrew Nembhard
1629618,D,1.0308361926771747,1.4958400582641322,0.6891353035921651,1,1352.0,Jalen Pickett
1629622,D,-0.7337237351269882,0.6820237320518103,-1.0758038183211642,5,15935.0,Max Strus
1629626,D,0.6007555554316438,1.5661054116816397,0.3835984161414585,1,3116.0,Bol Bol
1629627,D,0.8642460268359731,0.695458027437146,1.2427004833359,5,14039.0,Zion Williamson
1629628,D,-0.47195265816239074,0.6117513404250372,-0.7714779306155405,6,26136.0,RJ Barrett
1629629,D,-0.5905125049049559,0.6406662185129015,-0.9217163131773028,6,12355.0,Cam Reddish
1629630,D,-0.03202946317301203,0.6412479538277774,-0.04994863996340223,5,20078.0,Ja Morant
1629631,D,0.23858625066609954,0.6255717135287168,0.38138912854656637,6,20615.0,De'Andre Hunter
1629632,D,-0.16820585800227647,0.6167834956110037,-0.2727145898021264,6,26001.0,Coby White
1629633,D,1.251664220772508,1.0699818602345346,1.1697994772529596,2,4295.0,Jarrett Culver
1629634,D,0.734152857530431,0.6841193778636087,1.0731355978002972,5,13411.0,Brandon Clarke
1629635,D,-0.8798021861695416,1.0821606981619254,-0.8130051180604745,2,3275.0,Sekou Doumbouya
1629636,D,-0.2981802056456235,0.6074312885514321,-0.49088713615116336,6,25581.0,Darius Garland
1629637,D,0.7361733354485553,0.6214012338222483,1.1846988634385904,6,12622.0,Jaxson Hayes
1629638,D,-0.089164354843629,0.6319635421728729,-0.1410909789780851,6,16323.0,Nickeil Alexander-Walker
1629639,D,-0.15294885277301518,0.6231246799041902,-0.24545465410956302,6,23684.0,Tyler Herro
1629640,D,-0.9360545103934679,0.6778553883426132,-1.380905907795707,5,21497.0,Keldon Johnson
1629641,D,0.7906849727985384,1.1268871608124427,0.701654078859577,2,3351.0,Romeo Langford
1629642,D,-0.40513568189810134,0.7688796730432729,-0.5269168845296033,4,6701.0,Nassir Little
1629643,D,0.30626047103918985,0.8758025009449952,0.3496912496924059,3,7083.0,Chuma Okeke
1629645,D,-0.004742040803039219,0.6773366384903046,-0.007001010330119764,5,15337.0,Kevin Porter Jr.
1629646,D,1.1735652198528965,1.4669823470256895,0.7999859181893382,1,1081.0,Charles Bassey
1629647,D,0.2597504891049572,0.7559306840278301,0.3436168085159965,4,11237.0,Darius Bazley
1629649,D,-0.7466280454087563,1.4529263539713095,-0.5138787959678648,1,1107.0,Ignas Brazdeikis
1629650,D,-1.2092139094381336,1.5015660614444695,-0.8053018381854606,1,1961.0,Moses Brown
1629651,D,0.7519322568418652,0.6755217107217926,1.1131133831930111,5,15756.0,Nic Claxton
1629652,D,0.46257332442575755,0.6082662540019343,0.7604783618725732,6,22153.0,Luguentz Dort
1629655,D,-0.08723693098781574,0.6250338348562622,-0.13957153376805184,6,15470.0,Daniel Gafford
1629656,D,-0.35136574290758443,0.7685749423904915,-0.4571652333794995,4,12039.0,Quentin Grimes
1629659,D,0.45878969363827793,0.7036689711757207,0.6519964819135228,5,12270.0,Talen Horton-Tucker
1629660,D,0.4932372697325465,0.776681020456009,0.6350577093321458,4,7876.0,Ty Jerome
1629661,D,-0.05055416577082395,0.6346158197077032,-0.07966105508385943,6,18360.0,Cameron Johnson
1629667,D,-0.11277179457620186,0.7777434143792664,-0.14499871357471722,4,8787.0,Jalen McDaniels
1629669,D,-0.7036309944919239,0.9016379760654221,-0.7803919235549913,3,6403.0,Jaylen Nowell
1629670,D,-0.7588089026828073,0.906429409205321,-0.8371406476628614,3,6522.0,Jordan Nwora
1629671,D,1.8029828442328761,1.4263362631606216,1.2640657682204914,1,1068.0,Miye Oni
1629672,D,-1.0980820877380963,0.8708955764361417,-1.2608653866766002,3,6401.0,Eric Paschall
1629673,D,0.585989230218964,0.6223912280811489,0.9415126752759461,6,23890.0,Jordan Poole
1629674,D,-1.134839636948387,1.5221425713653816,-0.7455541013680612,1,1672.0,Neemias Queta
1629675,D,0.28475264652830984,0.6051245087435244,0.4705686886151214,6,17657.0,Naz Reid
1629676,D,0.4878832972049276,0.8892338769874416,0.5486557696809586,3,5991.0,Isaiah Roby
1629680,D,0.7905427135800012,0.702601183369654,1.1251656448806167,5,14279.0,Matisse Thybulle
1629684,D,-0.333958422217471,0.7020414940822638,-0.4756961305457231,5,16881.0,Grant Williams
1629685,D,0.16352125412882398,1.4688758652037053,0.11132407986439799,1,1077.0,Dylan Windler
1629717,D,0.4605171195753029,1.054293992399803,0.4368014262578368,2,2840.0,Armoni Brooks
1629723,D,3.532703437139834e-05,0.6938122212788466,5.091728465993716e-05,5,10577.0,John Konchar
1629726,D,0.03882790237167201,0.7049356784226682,0.055080064125214295,5,11088.0,Garrison Mathews
1629731,D,1.304160257041604,0.7143134268798367,1.8257535249452794,5,11047.0,Dean Wade
1629740,D,0.7149796182317609,1.094877422085557,0.6530225245396377,2,3329.0,Nicolo Melli
1629741,D,0.06362663563197245,1.4716964351780786,0.043233532480680015,1,1053.0,Marko Guduric
1629750,D,-0.03747794924356531,0.8989596450364609,-0.04169035779358621,3,6752.0,Javonte Green
1630162,D,-0.004196203474110916,0.6612335872396485,-0.00634602288070116,5,27391.0,Anthony Edwards
1630163,D,-1.561903507120872,0.6877059108604833,-2.271179413256111,5,15432.0,LaMelo Ball
1630164,D,-0.7728243122056245,0.8819696834423844,-0.8762481599018705,3,5841.0,James Wiseman
1630165,D,-0.5740512892843755,0.7570507691046918,-0.7582731736251502,4,11268.0,Killian Hayes
1630166,D,0.5558135669529033,0.6971557046481746,0.7972588666306607,5,20194.0,Deni Avdija
1630167,D,-0.41806202251974356,0.652830010370587,-0.6403841978441303,5,12934.0,Obi Toppin
1630168,D,0.15948277781154963,0.6351212207311455,0.2511060449656438,5,14467.0,Onyeka Okongwu
1630169,D,-0.9029704350284441,0.6693645030169395,-1.3489965944692361,5,22940.0,Tyrese Haliburton
1630170,D,-0.8399828334120519,0.6943628682304267,-1.2097173853099827,5,17616.0,Devin Vassell
1630171,D,0.09057741859133984,0.6991881739498904,0.1295465540837814,5,17558.0,Isaac Okoro
1630172,D,0.19467698346188525,0.7815323590685824,0.249096510468099,4,14567.0,Patrick Williams
1630173,D,-0.17467812286278753,0.6907709609142675,-0.2528741547438429,5,12852.0,Precious Achiuwa
1630174,D,-0.26577809374635675,0.6894234827015376,-0.38550774729182863,5,12835.0,Aaron Nesmith
1630175,D,-0.598448582840244,0.6834382660202897,-0.8756439500015902,5,16108.0,Cole Anthony
1630177,D,-0.7833828005899154,0.8775225694350185,-0.8927209713754556,3,7427.0,Theo Maledon
1630178,D,-0.5153505290165782,0.6731140275094807,-0.7656214370147256,5,20504.0,Tyrese Maxey
1630180,D,-0.38126692876166235,0.7539572867617842,-0.5056877033434988,4,18213.0,Saddiq Bey
1630181,D,-0.7377015787945259,0.8955632278023886,-0.8237291973284372,3,6323.0,R.J. Hampton
1630182,D,-0.12144825955978064,0.7840461054935713,-0.1548993850091593,4,12168.0,Josh Green
1630183,D,0.034774746783981826,0.6861788570351807,0.05067883748886613,5,21432.0,Jaden McDaniels
1630184,D,1.931834745876583,1.4714741114445105,1.312856767816423,1,1894.0,Kira Lewis Jr.
1630188,D,0.28208733462681107,0.76968933895753,0.36649505241799396,4,8881.0,Jalen Smith
1630191,D,0.7546150236498764,0.6545582992161334,1.1528614403844026,5,15486.0,Isaiah Stewart
1630192,D,0.811918253184049,0.7374103540180212,1.1010399416824663,4,5296.0,Zeke Nnaji
1630193,D,1.2785009829999066,0.6688785409424125,1.91140977732455,5,16697.0,Immanuel Quickley
1630194,D,0.27475219482796714,1.0410480132754827,0.26391885035494717,2,4690.0,Paul Reed
1630197,D,-0.3427413943802503,0.9032101622154951,-0.3794702592135764,3,6340.0,Aleksej Pokusevski
1630198,D,-0.22709793896875866,0.7816964930016816,-0.2905193268767423,4,10610.0,Isaiah Joe
1630200,D,0.23948853530261208,0.7733397362942837,0.3096808867603281,4,12959.0,Tre Jones
1630201,D,-0.4520750901983209,0.7629289843998739,-0.592551992966851,4,6195.0,Malachi Flynn
1630202,D,-0.5680270878156877,0.6799654507038716,-0.8353763962973265,5,13987.0,Payton Pritchard
1630205,D,0.06475160154363326,0.7754886612253782,0.08349780568205455,4,6411.0,Lamar Stevens
1630208,D,-0.5157443081075546,0.8808154575678175,-0.5855304918599766,3,8569.0,Nick Richards
1630209,D,0.40587614552849227,1.0332907806037712,0.39279954214953045,2,2527.0,Omer Yurtseven
1630214,D,0.4690491183367241,0.7604437642354143,0.616809737151738,4,8162.0,Xavier Tillman
1630215,D,1.5277025559292303,1.0615472028317867,1.4391282383429829,2,3402.0,Jared Butler
1630217,D,-0.7772364757521667,0.6840834359242811,-1.1361720441338041,5,19413.0,Desmond Bane
1630224,D,-1.2540542700703607,0.7339185456612535,-1.7087104249974634,4,20733.0,Jalen Green
1630227,D,1.1444166197590095,1.52483394323823,0.750518851468283,1,1883.0,Daishen Nix
1630228,D,0.7365048961559132,0.7887029394030507,0.9338178664749939,4,11760.0,Jonathan Kuminga
1630230,D,0.7166568185799527,0.6867010244921425,1.0436227601523738,5,13371.0,Naji Marshall
1630231,D,0.357138877932009,0.6863918883349243,0.520313371998568,5,13864.0,KJ Martin
1630235,D,0.8032311065373514,1.5428626117789932,0.5206109088424847,1,1514.0,Trent Forrest
1630237,D,1.3790170701595732,1.6021351446703382,0.8607370450283239,1,2514.0,Anthony Lamb
1630240,D,-0.38977153396048503,1.0643315560506659,-0.36621251314466385,2,2826.0,Saben Lee
1630241,D,1.1226921082328765,1.1137744262213254,1.0080067218294875,2,5030.0,Sam Merrill
1630245,D,-0.5802461328352513,0.7763335950740917,-0.7474185537209346,4,16068.0,Ayo Dosunmu
1630249,D,-0.4923689465023924,0.8611729864470455,-0.5717422100451228,3,4924.0,Vít Krejčí
1630256,D,1.4276227433361302,0.6882091185361161,2.0744025397001638,5,13306.0,Jae'Sean Tate
1630264,D,0.48432783077255886,1.5503747657961446,0.31239403624055245,1,1292.0,Anthony Gill
1630267,D,-0.18504033284709995,1.089062596484116,-0.1699078945916207,2,5297.0,Facundo Campazzo
1630288,D,-0.30651298026559826,1.5121205661117185,-0.20270406152451764,1,1262.0,Jeff Dowtin Jr.
1630314,D,0.5549279867964142,1.0320920772466462,0.5376729451085586,2,2361.0,Brandon Williams
1630322,D,0.8952050360064241,1.099492240414657,0.8141985937698032,2,2679.0,Lindy Waters III
1630526,D,-0.25923757574393613,0.9008603958675215,-0.2877666472331624,3,6502.0,Jeremiah Robinson-Earl
1630527,D,1.7503149882197868,1.1004615171120062,1.5905281202501493,2,3624.0,Brandon Boston Jr.
1630528,D,-1.4809629571741134,1.0843674444851252,-1.365739044182849,2,4394.0,Josh Christopher
1630529,D,1.417873863266846,0.7443425373375413,1.904867439577586,4,14693.0,Herbert Jones
1630530,D,0.04588679676867783,0.7742564523533663,0.059265630437052345,4,14117.0,Trey Murphy III
1630531,D,-1.1940244202692625,1.4813345142856518,-0.8060464457921986,1,1035.0,Jaden Springer
1630532,D,1.7313710084396454,0.7508020935867791,2.3060284770496984,4,19136.0,Franz Wagner
1630533,D,-0.10055245981247793,0.7881864007600448,-0.12757446679556464,4,9223.0,Ziaire Williams
1630534,D,1.2494209905709264,0.9072360304705338,1.3771730273134324,3,9613.0,Ochai Agbaji
1630535,D,0.08381735196318138,1.4986671481002487,0.05592793040764958,1,1336.0,Greg Brown III
1630537,D,0.4113738128395381,0.9123247454291975,0.450907217962185,3,6482.0,Chris Duarte
1630538,D,-0.5948535155704763,0.8856038605132012,-0.6716925502399718,3,5975.0,Bones Hyland
1630539,D,1.2579446011970066,1.4628974463551478,0.8598993759481997,1,1154.0,Kai Jones
1630540,D,0.7360150314143494,0.8953891992504814,0.8220057066027354,3,7380.0,Miles McBride
1630541,D,0.04732685967659153,0.7843030524037055,0.06034256724048921,4,8746.0,Moses Moody
1630543,D,0.5399524643089607,0.8698589049667984,0.6207356862427822,3,4997.0,Isaiah Jackson
1630544,D,0.5517142322577797,0.9069514847156641,0.6083172491092466,3,7220.0,Tre Mann
1630547,D,1.6556517731673142,1.4680048172874305,1.1278244823655392,1,1092.0,James Bouknight
1630548,D,-1.228566501045094,1.606798230226985,-0.7646053362104712,1,2647.0,Johnny Juzang
1630549,D,0.8713906169610439,0.8645077238905301,1.0079616328232892,3,4811.0,Day'Ron Sharpe
1630550,D,1.7334212463939644,1.0892084231532164,1.5914504603038018,2,3634.0,JT Thor
1630551,D,0.30016098579035083,1.5857697570958555,0.18928409023265722,1,2838.0,Justin Champagnie
1630552,D,1.454860181934348,0.8925162422245297,1.6300657770756286,3,8999.0,Jalen Johnson
1630553,D,0.3546724229151874,1.0781015757793249,0.32897867036211886,2,5317.0,Keon Johnson
1630556,D,-1.4209669415211421,1.088174943702421,-1.3058258230854178,2,3300.0,Kessler Edwards
1630557,D,-0.99969555238332,0.7747974012291768,-1.2902670437424721,4,15650.0,Corey Kispert
1630558,D,0.9007382091310137,0.7598186447179931,1.185464736082283,4,13661.0,Davion Mitchell
1630559,D,-0.019972281167665,0.7637235745837584,-0.026151191127693308,4,17555.0,Austin Reaves
1630560,D,-0.8901774322550718,0.7810245031730791,-1.1397560878545239,4,10131.0,Cam Thomas
1630563,D,0.04958256486794228,1.58473549404311,0.03128759660796332,1,2009.0,Joshua Primo
1630567,D,0.349582140324991,0.7652670562355993,0.4568106486180254,4,19441.0,Scottie Barnes
1630570,D,0.3347525605763167,0.7764737596666602,0.43111896108379216,4,7823.0,Trendon Watford
1630572,D,-1.2625020784844228,1.075827537943442,-1.1735171614010074,2,2783.0,Sandro Mamukelashvili
1630573,D,0.6873145485312594,0.9031756471576394,0.7609976538830394,3,9199.0,Sam Hauser
1630577,D,-1.035438963113235,1.092954388199915,-0.9473761890636558,2,7127.0,Julian Champagnie
1630578,D,0.09488374840426587,0.7443690025759003,0.12746869909402353,4,16514.0,Alperen Sengun
1630579,D,0.8552514316635592,0.7389322629040352,1.1574151983869059,4,5145.0,Jericho Sims
1630581,D,-0.06892401584275219,0.7678158571354256,-0.08976633551160892,4,17133.0,Josh Giddey
1630583,D,-0.5891320355613661,0.9010929661122395,-0.6537971748943651,3,10424.0,Santi Aldama
1630586,D,-0.2586176891147839,1.4766278548364618,-0.17514073587852377,1,2023.0,Usman Garuba
1630587,D,0.9887259061778763,1.5910292019772092,0.621437937750711,1,2432.0,Isaiah Livers
1630590,D,0.5344017088536099,1.069356566734483,0.49974136361786586,2,4694.0,Scotty Pippen Jr.
1630591,D,0.7389566764687345,0.7640396685987031,0.9671705630468476,4,11457.0,Jalen Suggs
1630592,D,0.5191519275770335,1.0823752568777325,0.47964134830151434,2,5368.0,Jalen Wilson
1630595,D,0.06219292521165913,0.8638825558749782,0.07199233829726705,3,13601.0,Cade Cunningham
1630596,D,0.22129615252858614,0.7507550673700215,0.29476478034815157,4,17655.0,Evan Mobley
1630598,D,-0.4808838098246365,0.7994995117283706,-0.6014810550478691,4,11403.0,Aaron Wiggins
1630611,D,0.9961758113729967,1.5645455847175993,0.6367189432532939,1,1546.0,Gui Santos
1630613,D,-0.0297543783560665,1.5489048750832348,-0.01920994557814118,1,2040.0,Duane Washington Jr.
1630625,D,0.015316313936683885,0.9047143458429168,0.016929447407417607,3,5863.0,Dalano Banton
1630631,D,0.7905307773005708,0.7785739944687176,1.01535728513513,4,9361.0,Jose Alvarado
1630639,D,-0.9308002868913662,1.4204478827409703,-0.6552864756257339,1,1035.0,A.J. Lawson
1630643,D,-1.0934613986826296,1.5316933553348548,-0.7138905413894545,1,1619.0,Jay Huff
1630647,D,0.936921036832486,1.5469558498425158,0.6056546713520409,1,1302.0,Eugene Omoruyi
1630678,D,-1.1855935028512787,1.5306519168030026,-0.774567679193562,1,1493.0,Terry Taylor
1630688,D,1.4395014784292117,1.561658446742966,0.9217774100549785,1,1893.0,Ish Wainright
1630692,D,0.37312249271848985,0.8867041518514484,0.4207970515751007,3,5513.0,Jordan Goodwin
1630695,D,0.4516529111050935,1.5568997047207138,0.29009762782767934,1,1459.0,Micah Potter
1630699,D,-0.03488923184316996,1.0885472328685701,-0.03205118784899106,2,2749.0,MarJon Beauchamp
1630700,D,-0.08958938595649216,0.8970067415990796,-0.09987593381604089,3,10466.0,Dyson Daniels
1630702,D,-0.019173309705536247,0.906755311997024,-0.021144965407822364,3,5448.0,Jaden Hardy
1630703,D,-0.9939839212146768,1.1142388558878626,-0.8920743662476546,2,7247.0,Scoot Henderson
1630811,D,1.6069800515158716,1.4560995387156668,1.1036196419190456,1,1047.0,Keaton Wallace
1631093,D,-0.7939850800409046,0.8822418612402183,-0.8999630542635485,3,11153.0,Jaden Ivey
1631094,D,-0.9914172503745916,0.8249419127173546,-1.2018024967465504,3,13850.0,Paolo Banchero
1631095,D,-0.09587728073489095,0.8841686797081865,-0.10843777090875302,3,13484.0,Jabari Smith Jr.
1631096,D,-0.16854440786385322,1.0724946040312595,-0.1571517537061107,2,6903.0,Chet Holmgren
1631097,D,0.0554264315374916,0.8910028713492071,0.06220679340074601,3,12451.0,Bennedict Mathurin
1631098,D,0.3066742132276221,1.5103206640020552,0.2030523851901723,1,1312.0,Johnny Davis
1631099,D,-0.013447262106438337,0.8739581587902129,-0.015386620024295982,3,15538.0,Keegan Murray
1631100,D,1.8903328571244369,1.574776048030735,1.2003820222490096,1,2950.0,AJ Griffin
1631101,D,-0.5824462934606943,0.8896863910429716,-0.6546647215519364,3,10473.0,Shaedon Sharpe
1631103,D,-0.9704846900577623,1.112344222586299,-0.8724679558287266,2,6693.0,Malaki Branham
1631104,D,0.5913536052453305,0.8702469155292345,0.6795239313036842,3,4728.0,Blake Wesley
1631105,D,-0.2927140282714264,0.830584435726065,-0.35241935158048926,3,11307.0,Jalen Duren
1631106,D,1.3484657420438806,0.8780661385089831,1.5357222911860244,3,7626.0,Tari Eason
1631107,D,1.706838349638093,1.1198363286561783,1.5241855492278291,2,4112.0,Nikola Jović
1631108,D,0.03035834053183249,0.8881362221855731,0.03418207677322862,3,7466.0,Max Christie
1631109,D,0.40313289151045856,0.8287588594908569,0.4864296615279876,3,5168.0,Mark Williams
1631110,D,0.27446629451202875,0.899605717789142,0.30509620946669075,3,10472.0,Jeremy Sochan
1631111,D,0.3226972617132443,1.5016702365812677,0.21489222723618956,1,1029.0,Wendell Moore Jr.
1631114,D,-0.07481417940188968,0.882098511922889,-0.08481385966608428,3,14175.0,Jalen Williams
1631115,D,0.36282641439671715,1.535216735818774,0.23633562996772026,1,1608.0,Orlando Robinson
1631116,D,1.7449777964322188,1.452108217162989,1.2016857805828098,1,1056.0,Patrick Baldwin Jr.
1631117,D,0.20805994863876584,0.8735488192717096,0.23817781450638154,3,10212.0,Walker Kessler
1631119,D,0.0611252506525545,0.8909486987218194,0.06860692511280003,3,5403.0,Jaylin Williams
1631121,D,0.5213934605045129,1.097028786288897,0.4752778295529672,2,3459.0,Bryce McGowens
1631124,D,-1.5282158491608808,1.078851292131704,-1.4165213132768992,2,4034.0,Julian Strawther
1631128,D,0.8006903189785466,0.8741369765890262,0.9159780908741829,3,11326.0,Christian Braun
1631132,D,4.570931586955333,1.5839967002435678,2.8856951446000303,1,1639.0,Christian Koloko
1631133,D,1.0616106045781037,0.8747938447185404,1.2135551833011244,3,6327.0,Jabari Walker
1631157,D,0.4468695190659532,1.537552968569029,0.29063682890993087,1,1707.0,Ryan Rollins
1631165,D,0.8848863585275967,1.1181426412314137,0.7913895114071213,2,5924.0,Keon Ellis
1631170,D,-0.6578652410673589,1.1077576027792626,-0.5938711135151183,2,7045.0,Jaime Jaquez Jr.
1631172,D,1.7972540250845364,1.5129466717959432,1.1879163083462196,1,1190.0,Ousmane Dieng
1631200,D,1.970084598947852,1.0975371246173078,1.7950049750114707,2,4923.0,Kris Murray
1631204,D,0.10001244088748565,1.090276000034289,0.09173130554496317,2,4487.0,Marcus Sasser
1631207,D,-0.0984017993842395,1.118896373722099,-0.08794540915071339,2,3503.0,Dalen Terry
1631212,D,1.6242440739315267,1.0774351524947734,1.5075098210510687,2,6462.0,Peyton Watson
1631213,D,0.15324227839337215,1.559215543391661,0.09828165133605204,1,2668.0,Tyrese Martin
1631216,D,0.44706601484690195,0.9008038925113253,0.4962967173693482,3,4846.0,Caleb Houstan
1631217,D,1.0386334552868652,1.5604948030738697,0.6655795669687335,1,2474.0,Moussa Diabaté
1631218,D,-0.04785517537664269,1.097914119322926,-0.04358735763973466,2,4334.0,Trayce Jackson-Davis
1631222,D,-0.15092142866539568,1.1058803741397423,-0.1364717488388349,2,4520.0,Jake LaRavia
1631223,D,-0.3275321840705842,1.1234179170890908,-0.29154972436193555,2,5118.0,David Roddy
1631243,D,2.6753830153141087,1.486850951410473,1.7993619419459341,1,1121.0,Mouhamed Gueye
1631246,D,0.5949940870720097,1.0938727597762794,0.543933544147949,2,4000.0,Vince Williams Jr.
1631255,D,2.1383778119392542,1.510193146629532,1.4159631281016687,1,1647.0,Karlo Matković
1631260,D,2.00398343820304,1.0969867776882618,1.8268072860697009,2,4674.0,AJ Green
1631288,D,-1.2818081011643188,1.451022235102053,-0.8833828112042452,1,1030.0,Jamal Cain
1631323,D,-0.3208044383634085,0.8937969995555907,-0.3589231542765497,3,7702.0,Simone Fontecchio
1631367,D,-0.6712349814915158,1.558708998328402,-0.4306352129944491,1,1392.0,Jacob Gilyard
1641705,D,1.7090847785530559,1.0778569655148826,1.5856322621959782,2,7572.0,Victor Wembanyama
1641706,D,-0.1584814542240215,1.0687876427090293,-0.14828151813425025,2,6680.0,Brandon Miller
1641707,D,1.0704586885012104,1.5327992188926465,0.6983684981745693,1,1775.0,Taylor Hendricks
1641708,D,1.0892144972721811,1.1060377043773206,0.9847896621981701,2,7476.0,Amen Thompson
1641709,D,1.4650386904066308,1.1118597475638836,1.3176470266295477,2,6040.0,Ausar Thompson
1641710,D,0.238960731090304,1.086143287875389,0.22000847747974067,2,6175.0,Anthony Black
1641711,D,-1.0234955135950463,1.1038384838454307,-0.9272149219055179,2,5931.0,Gradey Dick
1641712,D,0.132791360765309,1.4780383623079119,0.08984297305921028,1,1290.0,Rayan Rupert
1641713,D,3.307567939500095,1.5483650335542922,2.136168066200468,1,2537.0,GG Jackson
1641715,D,-0.369816623822243,1.0919334876250104,-0.33868054053970426,2,3581.0,Cam Whitmore
1641716,D,0.5123328812699718,1.5806997887902663,0.32411776410881155,1,2511.0,Jarace Walker
1641717,D,-0.9932307904949478,1.1073676760030455,-0.8969295492531753,2,7400.0,Cason Wallace
1641718,D,-0.7458500860892003,1.0733135282592192,-0.6949042068806085,2,8582.0,Keyonte George
1641722,D,-0.8479754566711971,1.1054530723949694,-0.767084083301749,2,5129.0,Jordan Hawkins
1641724,D,-0.1791635325886332,1.550096046397386,-0.11558221376348343,1,1429.0,Jett Howard
1641726,D,0.8997590032325011,1.0805338273532414,0.8326985980961403,2,4369.0,Dereck Lively II
1641729,D,-1.1686217586422183,1.0935847589339458,-1.068615623156106,2,4230.0,Brice Sensabaugh
1641730,D,-0.9296768016697645,1.6056900898909974,-0.5789889391002443,1,2095.0,Noah Clowney
1641731,D,0.21430728136620056,1.0865358358807877,0.19723903647639457,2,7781.0,Bilal Coulibaly
1641732,D,-0.4709214616863076,1.418144715244829,-0.33206869272506334,1,1045.0,Colby Jones
1641733,D,0.19993044309984892,1.0961863872749862,0.18238727046853478,2,4229.0,Nick Smith Jr.
1641737,D,0.43731920778069855,1.504595759959151,0.2906556162251657,1,1843.0,Adem Bona
1641739,D,2.3881795663441463,1.087949823811204,2.1951192178864454,2,8770.0,Toumani Camara
1641740,D,0.16260842384665017,1.5070732836146827,0.10789682599683366,1,1079.0,Jaylen Clark
1641741,D,1.1529816416173904,1.5702499530778944,0.7342663117788325,1,2547.0,Ricky Council IV
1641744,D,-0.8398481074874815,1.520893875122106,-0.5522069101764604,1,2994.0,Zach Edey
1641748,D,-1.4202762459693514,1.1012978969280731,-1.2896385709361897,2,3196.0,Andre Jackson Jr.
1641763,D,1.702985914561777,1.5868358723751879,1.0731960023141742,1,2380.0,Julian Phillips
1641764,D,1.8211009435046746,1.1012958407770643,1.653598312166259,2,7545.0,Brandin Podziemski
1641765,D,2.0575637569970953,1.5357671207312042,1.3397628645790092,1,1229.0,Olivier-Maxence Prosper
1641767,D,0.1590309518099573,1.0900612183002245,0.14589176198557044,2,4315.0,Ben Sheppard
1641774,D,-0.14607074349748667,1.4156761032537077,-0.10318090639643217,1,1076.0,Tristan Vukcevic
1641783,D,-1.929629875356491,1.5712596003904755,-1.2280783359267664,1,3228.0,Tristan da Silva
1641787,D,2.3950812850667758,1.4970393160372337,1.5998786801449685,1,1340.0,Tosan Evbuomwan
1641794,D,0.6872569139073404,1.473768432971988,0.4663262548794212,1,1140.0,Dillon Jones
1641796,D,0.6258063319745504,1.5923891727055428,0.3929983591330733,1,1581.0,Pelle Larsson
1641810,D,-0.7407723974053566,1.494021420729974,-0.4958244822510092,1,1365.0,Antonio Reeves
1641824,D,0.23167724165305448,1.5708612257282142,0.14748421939414436,1,3247.0,Matas Buzelis
1641842,D,-0.9384723712327893,1.528364489327776,-0.6140370165532698,1,2598.0,Ronald Holland II
1641854,D,-0.8911715613390941,1.0400037650604057,-0.8568926298909436,2,2342.0,Craig Porter Jr.
1641871,D,0.9602595060335712,1.5234941379260336,0.630300755433686,1,2427.0,Duop Reath
1641998,D,0.27880719391730246,1.4587214275211244,0.1911312116605382,1,1154.0,Trey Jemison III
1642258,D,-3.3258136003213883,1.5499011030584047,-2.1458231068799116,1,3923.0,Zaccharie Risacher
1642259,D,1.3318513560242786,1.4596319259796822,0.9124569916010578,1,3875.0,Alex Sarr
1642261,D,-0.7365813546812744,1.585884094195403,-0.4644610267404052,1,2996.0,Dalton Knecht
1642262,D,-0.8623279314135855,1.6087401256658707,-0.5360268682654142,1,2243.0,Cody Williams
1642263,D,-0.6668714775844319,1.5032118321968695,-0.44363107268110863,1,1393.0,Reed Sheppard
1642264,D,-2.5865747467056206,1.562006069209637,-1.655931303784503,1,4514.0,Stephon Castle
1642265,D,-0.44139733797679825,1.4555377526465103,-0.3032537886250178,1,1067.0,Rob Dillingham
1642266,D,-0.5591025508045455,1.5979367925706662,-0.3498902793927752,1,2281.0,Ja'Kobe Walter
1642267,D,-0.3231386178824676,1.5171227496698911,-0.2129943789668825,1,5169.0,Bub Carrington
1642268,D,-0.9086557118176325,1.5517012180361593,-0.5855867748609694,1,3844.0,Isaiah Collier
1642270,D,0.7598628855433334,1.5282097775065444,0.49722420097530057,1,2733.0,Donovan Clingan
1642271,D,0.22428083702310064,1.5405102520062315,0.1455886689043556,1,3187.0,Kyle Filipowski
1642272,D,1.2291169438694207,1.5073388341817728,0.8154217989989099,1,1185.0,Jared McCain
1642273,D,0.8023516395584621,1.5668325788458706,0.5120851138731585,1,3779.0,Kyshawn George
1642274,D,-2.4224876063760337,1.4678041986812949,-1.6504160490564381,1,3996.0,Yves Missi
1642275,D,1.42067675844253,1.5828429325072189,0.8975475262047523,1,2514.0,Tidjane Salaün
1642276,D,0.19523568338442948,1.5410166117292565,0.1266927831266823,1,2869.0,Kel'el Ware
1642345,D,1.620597133915907,1.526045039773536,1.0619589144999302,1,2118.0,Oso Ighodaro
1642346,D,0.9740049556108115,1.5868905431347826,0.6137820657036233,1,2816.0,Ryan Dunn
1642347,D,-1.3179706994037,1.5457945358532337,-0.8526169997594268,1,3056.0,Jamal Shead
1642348,D,-3.8709114330617576,1.5777741049267127,-2.4534002814310103,1,2349.0,Justin Edwards
1642349,D,0.9510738985671008,1.545893626873092,0.6152259651208057,1,1217.0,Ajay Mitchell
1642354,D,-0.3371025256222948,1.5382580019055652,-0.21914563435047862,1,1699.0,KJ Simpson
1642358,D,0.29053249535922104,1.4497511378833758,0.20040163291983754,1,1315.0,AJ Johnson
1642366,D,-0.3574516725593025,1.5297588178844452,-0.23366537808465415,1,1385.0,Quinten Post
1642367,D,0.704616704726863,1.5719154301411593,0.44825357090844753,1,2693.0,Jonathan Mogbo
1642377,D,-0.6456480355506558,1.5394392468068185,-0.4194046870572457,1,4368.0,Jaylen Wells
1642419,D,-1.1350320207190252,1.5712297247116143,-0.7223845137777994,1,2181.0,Jamison Battle
